t,anomaly_label
0.0,0
0.0035557746887207,0
0.0120100975036621,0
0.0120661258697509,0
0.0207822322845459,0
0.0211520195007324,0
0.0211524963378906,0
0.0212082862854003,0
0.0279459953308105,0
0.0279667377471923,0
0.0280301570892334,0
0.0281610488891601,0
0.0283501148223876,0
0.0292668342590332,0
0.029604434967041,0
0.0373861789703369,0
0.0687785148620605,0
0.0688099861145019,0
0.068857192993164,0
0.0688979625701904,0
0.1071212291717529,0
0.1071481704711914,0
0.1072874069213867,0
0.107846975326538,0
0.1079506874084472,0
0.1081926822662353,0
0.1082184314727783,0
0.1101038455963134,0
0.1101975440979003,0
0.1105725765228271,0
0.1109185218811035,0
0.1142547130584716,0
0.11427903175354,0
0.1142895221710205,0
0.1142942905426025,0
0.1175372600555419,0
0.1175637245178222,0
0.1190156936645507,0
0.1190626621246337,0
0.1199874877929687,0
0.1385622024536132,0
0.1392173767089843,0
0.1619563102722168,0
0.1620094776153564,0
0.162027359008789,0
0.1621153354644775,0
0.1689374446868896,0
0.1691677570343017,0
0.1693036556243896,0
0.190908670425415,0
0.2450263500213623,0
0.2450389862060547,0
0.2465646266937255,0
0.2466068267822265,0
0.2466373443603515,0
0.2466878890991211,0
0.2510759830474853,0
0.2511155605316162,0
0.2511718273162842,0
0.2520713806152344,0
0.2521166801452636,0
0.2552399635314941,0
0.2552545070648193,0
0.256131649017334,0
0.2850608825683594,0
0.2854876518249511,0
0.2855095863342285,0
0.2855441570281982,0
0.2880282402038574,0
0.2880520820617676,0
0.2882792949676513,0
0.2887465953826904,0
0.289931058883667,0
0.2905135154724121,0
0.2966415882110595,0
0.2966647148132324,0
0.2966649532318115,0
0.2966787815093994,0
0.3248317241668701,0
0.3248336315155029,0
0.3252544403076172,0
0.3284094333648681,0
0.3284180164337158,0
0.3284304141998291,0
0.328441858291626,0
0.3333058357238769,0
0.3333313465118408,0
0.3333325386047363,0
0.3333475589752197,0
0.3345792293548584,0
0.3345999717712402,0
0.3346147537231445,0
0.3383865356445312,0
0.3672492504119873,0
0.3675081729888916,0
0.3675403594970703,0
0.3675661087036133,0
0.3709251880645752,0
0.3710417747497558,0
0.3712103366851806,0
0.3712525367736816,0
0.3732118606567383,0
0.3813698291778564,0
0.4035336971282959,0
0.4036438465118408,0
0.4063308238983154,0
0.4063653945922851,0
0.4088101387023926,0
0.4089431762695312,0
0.409329891204834,0
0.4094088077545166,0
0.4094314575195312,0
0.4385707378387451,0
0.4386017322540283,0
0.4406666755676269,0
0.4406919479370117,0
0.4708914756774902,0
0.4724063873291015,0
0.473052978515625,0
0.4765138626098633,0
0.476588487625122,0
0.4783632755279541,0
0.478395938873291,0
0.4796178340911865,0
0.4801809787750244,0
0.4802069664001465,0
0.5025737285614014,0
0.5245769023895264,0
0.5246047973632812,0
0.5254237651824951,0
0.5254383087158203,0
0.5255229473114014,0
0.5255334377288818,0
0.5255484580993652,0
0.5269618034362793,0
0.5269849300384521,0
0.5285282135009766,0
0.5288529396057129,0
0.5347816944122314,0
0.5674145221710205,0
0.5674314498901367,0
0.5674479007720947,0
0.567542552947998,0
0.5691990852355957,0
0.5692353248596191,0
0.5692956447601318,0
0.5707745552062988,0
0.5708096027374268,0
0.5708236694335938,0
0.5709104537963867,0
0.5734069347381592,0
0.5734448432922363,0
0.5735118389129639,0
0.5756700038909912,0
0.5994906425476074,0
0.5995118618011475,0
0.6023263931274414,0
0.6023645401000977,0
0.602454662322998,0
0.6024777889251709,0
0.622063398361206,0
0.6223328113555908,0
0.6223659515380859,0
0.6223840713500977,0
0.6224007606506348,0
0.6378664970397949,0
0.6378700733184814,0
0.6386830806732178,0
0.6710736751556396,0
0.6710853576660156,0
0.6711230278015137,0
0.6711363792419434,0
0.673755407333374,0
0.6737582683563232,0
0.6737966537475586,0
0.6738073825836182,0
0.675278902053833,0
0.6761214733123779,0
0.6792700290679932,0
0.6887326240539551,0
0.7720961570739746,0
0.772127628326416,0
0.7721419334411621,0
0.7722203731536865,0
0.775458574295044,0
0.7754642963409424,0
0.775479793548584,0
0.7760474681854248,0
0.7762749195098877,0
0.7769606113433838,0
0.7770049571990967,0
0.7823178768157959,0
0.786898136138916,0
0.7870626449584961,0
0.7877147197723389,0
0.788604736328125,0
0.807772159576416,0
0.8127279281616211,0
0.8127579689025879,0
0.8127803802490234,0
0.8158657550811768,0
0.8162815570831299,0
0.816450834274292,0
0.8166086673736572,0
0.8171453475952148,0
0.8173370361328125,0
0.817373514175415,0
0.8174092769622803,0
0.8424654006958008,0
0.842482328414917,0
0.8428652286529541,0
0.8428924083709717,0
0.8441910743713379,0
0.8449034690856934,0
0.844928503036499,0
0.8454554080963135,0
0.8553202152252197,0
0.8553462028503418,0
0.8553802967071533,0
0.8557453155517578,0
0.8598833084106445,0
0.8599298000335693,0
0.8599321842193604,0
0.8934028148651123,0
0.8979167938232422,0
0.8985481262207031,0
0.8985733985900879,0
0.8985745906829834,0
0.9106602668762208,0
0.9106674194335938,0
0.9107425212860109,0
0.9416282176971436,0
0.9416601657867432,0
0.9429275989532472,0
0.9429986476898192,0
0.9854612350463868,0
0.9958055019378662,0
0.9958302974700928,0
0.9990477561950684,0
1.0012521743774414,0
1.0022320747375488,0
1.00331711769104,0
1.0035021305084229,0
1.0036559104919434,0
1.0042357444763184,0
1.0096712112426758,0
1.0111801624298096,0
1.032080888748169,0
1.0321197509765625,0
1.0321521759033203,0
1.032189130783081,0
1.0324490070343018,0
1.0324997901916504,0
1.0325829982757568,0
1.032625436782837,0
1.032667636871338,0
1.0327062606811523,0
1.032743215560913,0
1.032757043838501,0
1.032786846160889,0
1.039637804031372,0
1.0416855812072754,0
1.053821086883545,0
1.089181900024414,0
1.0891971588134766,0
1.0892813205718994,0
1.089357852935791,0
1.091827154159546,0
1.091929912567139,0
1.092007398605347,0
1.0934865474700928,0
1.0935847759246826,0
1.0935969352722168,0
1.0937862396240234,0
1.0938031673431396,0
1.0938339233398438,0
1.094529628753662,0
1.104830980300903,0
1.1049420833587646,0
1.104954719543457,0
1.1050360202789309,0
1.1078317165374756,0
1.1080818176269531,0
1.1082334518432615,0
1.1082618236541748,0
1.108288288116455,0
1.1083197593688965,0
1.1083581447601318,0
1.1106321811676023,0
1.141735553741455,0
1.1417803764343262,0
1.1417961120605469,0
1.1418466567993164,0
1.1436429023742676,0
1.1436944007873535,0
1.1439435482025146,0
1.1585533618927002,0
1.1595256328582764,0
1.1604812145233154,0
1.1913104057312012,0
1.1914098262786863,0
1.1931483745574951,0
1.1931877136230469,0
1.1933460235595703,0
1.1935458183288574,0
1.2167541980743408,0
1.2168138027191162,0
1.2169663906097412,0
1.2185158729553225,0
1.2185602188110352,0
1.2338721752166748,0
1.233956813812256,0
1.241565227508545,0
1.2677619457244873,0
1.268075942993164,0
1.268244981765747,0
1.2704603672027588,0
1.2749810218811035,0
1.2750122547149658,0
1.2753586769104004,0
1.2756998538970947,0
1.2900776863098145,0
1.2901010513305664,0
1.290440797805786,0
1.293318510055542,0
1.293673753738403,0
1.2943003177642822,0
1.298140048980713,0
1.299091100692749,0
1.2993061542510986,0
1.2993111610412598,0
1.299492120742798,0
1.2996165752410889,0
1.2997543811798096,0
1.299915075302124,0
1.300473928451538,0
1.3033044338226318,0
1.3041069507598877,0
1.3063569068908691,0
1.3187689781188965,0
1.3189046382904053,0
1.3223776817321775,0
1.322425365447998,0
1.3250365257263184,0
1.3380331993103027,0
1.3380458354949951,0
1.338090181350708,0
1.338139533996582,0
1.3405423164367676,0
1.3405654430389404,0
1.3406438827514648,0
1.3795382976531982,0
1.4091193675994873,0
1.409341812133789,0
1.4116508960723877,0
1.4120049476623535,0
1.412093162536621,0
1.4121716022491455,0
1.4141342639923096,0
1.414137601852417,0
1.4142506122589111,0
1.4142909049987793,0
1.414340257644653,0
1.4162464141845703,0
1.4163131713867188,0
1.4446158409118652,0
1.449359655380249,0
1.4498672485351562,0
1.4498908519744873,0
1.4499433040618896,0
1.4511537551879885,0
1.451167106628418,0
1.4512050151824951,0
1.4520440101623535,0
1.4529006481170654,0
1.4731850624084473,0
1.5004534721374512,0
1.5004587173461914,0
1.5008482933044434,0
1.5008525848388672,0
1.5027861595153809,0
1.502802848815918,0
1.5028433799743652,0
1.5040740966796875,0
1.5041117668151855,0
1.5112996101379397,0
1.511345148086548,0
1.5120446681976318,0
1.5446040630340576,0
1.5446269512176514,0
1.5446391105651855,0
1.544651985168457,0
1.546828031539917,0
1.5468425750732422,0
1.5473182201385498,0
1.5502471923828125,0
1.5502591133117676,0
1.5502822399139404,0
1.550337314605713,0
1.5593411922454834,0
1.5593738555908203,0
1.5595738887786863,0
1.563337326049805,0
1.582305669784546,0
1.5823242664337158,0
1.583509922027588,0
1.5835325717926023,0
1.5835485458374023,0
1.583566665649414,0
1.585543870925903,0
1.5856366157531738,0
1.5856566429138184,0
1.602081060409546,0
1.6021714210510254,0
1.6041405200958252,0
1.6042282581329346,0
1.6063969135284424,0
1.6183652877807615,0
1.6183853149414062,0
1.6184470653533936,0
1.6184756755828855,0
1.6210076808929443,0
1.6210381984710691,0
1.6215572357177734,0
1.640206813812256,0
1.642263412475586,0
1.6438817977905271,0
1.6694505214691162,0
1.67087984085083,0
1.6711995601654053,0
1.6714720726013184,0
1.7017886638641355,0
1.7018280029296875,0
1.7018804550170898,0
1.7031636238098145,0
1.7048001289367676,0
1.710944890975952,0
1.7447032928466797,0
1.744708776473999,0
1.744734525680542,0
1.7447645664215088,0
1.7463793754577637,0
1.746405839920044,0
1.7479021549224854,0
1.747924566268921,0
1.7484896183013916,0
1.759730339050293,0
1.7597723007202148,0
1.7598381042480469,0
1.7599005699157717,0
1.7614421844482422,0
1.7615127563476562,0
1.7615487575531006,0
1.7738642692565918,0
1.7739722728729248,0
1.7740912437438965,0
1.7741060256958008,0
1.776843547821045,0
1.7769429683685305,0
1.7769954204559326,0
1.7996294498443604,0
1.8064384460449217,0
1.8082423210144043,0
1.8086519241333008,0
1.8089306354522705,0
1.8090639114379885,0
1.8091752529144287,0
1.8169782161712649,0
1.8170204162597656,0
1.8186686038970947,0
1.8195512294769287,0
1.8196487426757808,0
1.8365578651428225,0
1.8366718292236328,0
1.850107192993164,0
1.8554303646087649,0
1.8554821014404297,0
1.855550527572632,0
1.8555634021759035,0
1.8756558895111084,0
1.8757007122039795,0
1.875877857208252,0
1.8768315315246584,0
1.920343399047852,0
1.9203598499298096,0
1.920402765274048,0
1.9284002780914309,0
1.928672790527344,0
1.9287114143371584,0
1.9287517070770264,0
1.92879056930542,0
1.928828477859497,0
1.9288620948791504,0
1.9288980960845947,0
1.931638479232788,0
1.9779212474823,0
1.9781365394592283,0
1.9790799617767332,0
1.9793388843536377,0
1.979372262954712,0
1.9794409275054927,0
1.9832181930541992,0
1.983271837234497,0
1.983537435531616,0
1.9835710525512693,0
1.998507022857666,0
1.99977707862854,0
2.0013856887817383,0
2.00410270690918,0
2.005265712738037,0
2.010485410690308,0
2.01084566116333,0
2.0110092163085938,0
2.011068105697632,0
2.015058279037476,0
2.015089273452759,0
2.015321731567383,0
2.0173208713531494,0
2.017390727996826,0
2.019444465637207,0
2.019516468048096,0
2.045257329940796,0
2.0455358028411865,0
2.0455617904663086,0
2.045773267745972,0
2.0479650497436523,0
2.047996759414673,0
2.048013925552368,0
2.048919916152954,0
2.05558705329895,0
2.056138753890991,0
2.056166887283325,0
2.0562222003936768,0
2.072916269302368,0
2.072920799255371,0
2.0729470252990723,0
2.0732741355896,0
2.073880672454834,0
2.076979875564575,0
2.105066061019897,0
2.106794834136963,0
2.106805324554444,0
2.106816530227661,0
2.106881618499756,0
2.1069839000701904,0
2.106998443603516,0
2.1084609031677246,0
2.1084752082824707,0
2.1097605228424072,0
2.109776020050049,0
2.1409170627593994,0
2.1444196701049805,0
2.1444430351257324,0
2.1444737911224365,0
2.144522190093994,0
2.1468307971954346,0
2.147310733795166,0
2.1474714279174805,0
2.154106378555298,0
2.183645248413086,0
2.183807134628296,0
2.1851489543914795,0
2.1851806640625,0
2.1852824687957764,0
2.1853010654449463,0
2.1881887912750244,0
2.188238382339477,0
2.188360929489136,0
2.211691379547119,0
2.2117764949798584,0
2.213000059127808,0
2.2132089138031006,0
2.2137694358825684,0
2.219988822937012,0
2.220205068588257,0
2.2202365398406982,0
2.2202818393707275,0
2.2244372367858887,0
2.224668025970459,0
2.2247352600097656,0
2.2382540702819824,0
2.238257884979248,0
2.2384722232818604,0
2.238487243652344,0
2.2436084747314453,0
2.2436251640319824,0
2.243638038635254,0
2.244755744934082,0
2.2947394847869877,0
2.294757127761841,0
2.294767141342163,0
2.294778823852539,0
2.2967028617858887,0
2.2967188358306885,0
2.29677414894104,0
2.3190183639526367,0
2.3210337162017822,0
2.3221609592437744,0
2.3383212089538574,0
2.3386130332946777,0
2.34016489982605,0
2.3402087688446045,0
2.34091591835022,0
2.366558074951172,0
2.367672920227051,0
2.371330499649048,0
2.3713572025299072,0
2.371405601501465,0
2.373234272003174,0
2.3736014366149902,0
2.373617887496948,0
2.3739471435546875,0
2.38404393196106,0
2.3871514797210693,0
2.389394760131836,0
2.410123586654663,0
2.410336971282959,0
2.4129292964935303,0
2.412968158721924,0
2.41302490234375,0
2.4134294986724854,0
2.415137767791748,0
2.415175199508667,0
2.416064500808716,0
2.416933059692383,0
2.418080568313598,0
2.4185285568237305,0
2.418591260910034,0
2.433882474899292,0
2.459799528121948,0
2.4598031044006348,0
2.459829092025757,0
2.4598305225372314,0
2.466804265975952,0
2.46681547164917,0
2.46685528755188,0
2.477749824523926,0
2.4780044555664062,0
2.4780092239379883,0
2.4780330657958984,0
2.479652643203736,0
2.4796788692474365,0
2.479694128036499,0
2.480257511138916,0
2.4977967739105225,0
2.498887300491333,0
2.498896837234497,0
2.500776052474976,0
2.500795125961304,0
2.5008039474487305,0
2.501338243484497,0
2.518298625946045,0
2.518298864364624,0
2.519554615020752,0
2.520040988922119,0
2.558632135391236,0
2.5622425079345703,0
2.562270402908325,0
2.562314748764038,0
2.56235408782959,0
2.571880340576172,0
2.57190489768982,0
2.5719940662384038,0
2.6115994453430176,0
2.620844602584839,0
2.621324062347412,0
2.622472286224365,0
2.62247896194458,0
2.622631788253784,0
2.6226589679718018,0
2.6249916553497314,0
2.625013828277588,0
2.6250903606414795,0
2.634565830230713,0
2.634619235992432,0
2.6364705562591557,0
2.6364901065826416,0
2.637103319168091,0
2.6371374130249023,0
2.637349843978882,0
2.6631970405578613,0
2.6635847091674805,0
2.6636080741882324,0
2.663658380508423,0
2.6648991107940674,0
2.664942979812622,0
2.6663825511932373,0
2.6664366722106934,0
2.689100742340088,0
2.6904337406158447,0
2.69043493270874,0
2.690445899963379,0
2.69181752204895,0
2.691841125488281,0
2.691880941390991,0
2.6938934326171875,0
2.6939218044281006,0
2.6939313411712646,0
2.693958282470703,0
2.6952672004699707,0
2.6952857971191406,0
2.6952943801879883,0
2.696561574935913,0
2.697432518005371,0
2.701121091842652,0
2.712423324584961,0
2.7214674949646,0
2.721513271331787,0
2.7344038486480717,0
2.734419107437134,0
2.735856771469116,0
2.7732386589050293,0
2.773267269134521,0
2.773282051086426,0
2.7733542919158936,0
2.7766950130462646,0
2.7767109870910645,0
2.776812791824341,0
2.782630920410156,0
2.79682993888855,0
2.796912431716919,0
2.7984752655029297,0
2.80049991607666,0
2.800536870956421,0
2.800575256347656,0
2.800689458847046,0
2.8018712997436523,0
2.8019120693206787,0
2.812333345413208,0
2.812410354614258,0
2.8146350383758545,0
2.8147096633911133,0
2.838294267654419,0
2.871790170669556,0
2.8718221187591557,0
2.8718762397766118,0
2.872262954711914,0
2.875267267227173,0
2.8752894401550293,0
2.875317335128784,0
2.8761603832244877,0
2.877622365951538,0
2.878337860107422,0
2.8856735229492188,0
2.8858067989349365,0
2.885850191116333,0
2.8858933448791504,0
2.8869521617889404,0
2.886975049972534,0
2.887518882751465,0
2.940345287322998,0
2.940586805343628,0
2.941725254058838,0
2.941818952560425,0
2.942432403564453,0
2.9721546173095703,0
2.97225022315979,0
2.972269058227539,0
2.972287654876709,0
2.975415706634521,0
2.9754533767700195,0
2.9755077362060547,0
2.9765870571136475,0
2.976625442504883,0
2.976907730102539,0
2.976933240890503,0
2.9774649143218994,0
2.9775023460388184,0
2.977583169937134,0
2.9789905548095703,0
2.985438585281372,0
2.9855258464813232,0
2.9873080253601074,0
2.98760986328125,0
2.9876301288604736,0
2.987647533416748,0
2.989105224609375,0
2.989163398742676,0
2.98957896232605,0
2.992645263671875,0
3.0138702392578125,0
3.0139153003692627,0
3.015912771224976,0
3.0160515308380127,0
3.0401198863983154,0
3.0456032752990723,0
3.045616626739502,0
3.04618239402771,0
3.046213865280152,0
3.050191164016724,0
3.050212383270264,0
3.0502500534057617,0
3.052297115325928,0
3.07807731628418,0
3.078122854232788,0
3.078786611557007,0
3.0788166522979736,0
3.081202983856201,0
3.0812339782714844,0
3.081263780593872,0
3.0965240001678467,0
3.0980420112609863,0
3.1138856410980225,0
3.114111423492432,0
3.115280866622925,0
3.11529803276062,0
3.136202335357666,0
3.1427721977233887,0
3.1427786350250244,0
3.1428585052490234,0
3.1428747177124023,0
3.163442850112915,0
3.1634950637817383,0
3.1635396480560303,0
3.164804458618164,0
3.165736675262451,0
3.167188167572021,0
3.1842947006225586,0
3.1843929290771484,0
3.1862239837646484,0
3.1864230632781982,0
3.186477899551392,0
3.186537027359009,0
3.191718339920044,0
3.192181348800659,0
3.1922495365142822,0
3.1932060718536377,0
3.193245410919189,0
3.1934447288513184,0
3.1934750080108643,0
3.196873664855957,0
3.196918487548828,0
3.1972744464874268,0
3.1978039741516118,0
3.1980233192443848,0
3.199319839477539,0
3.1993825435638428,0
3.210599899291992,0
3.2379961013793945,0
3.2381319999694824,0
3.2381527423858643,0
3.2382397651672363,0
3.2420809268951416,0
3.24238657951355,0
3.242833614349365,0
3.2837836742401123,0
3.28379487991333,0
3.290384292602539,0
3.2926008701324463,0
3.2926158905029297,0
3.29290771484375,0
3.292924642562866,0
3.2953779697418213,0
3.2953908443450928,0
3.295818567276001,0
3.3180408477783203,0
3.318504810333252,0
3.321255207061768,0
3.321410655975342,0
3.321969747543335,0
3.34162712097168,0
3.341652631759644,0
3.341660976409912,0
3.341676950454712,0
3.3448915481567383,0
3.344949960708618,0
3.3453707695007324,0
3.3534939289093018,0
3.3805551528930664,0
3.380570650100708,0
3.3816182613372803,0
3.3816475868225098,0
3.381770610809326,0
3.381791591644287,0
3.3853914737701416,0
3.385441541671753,0
3.385684967041016,0
3.413055181503296,0
3.413794755935669,0
3.419973611831665,0
3.4199936389923096,0
3.4467694759368896,0
3.451939344406128,0
3.451942443847656,0
3.4519712924957275,0
3.4519810676574707,0
3.454005718231201,0
3.454016923904419,0
3.454678535461426,0
3.455528497695923,0
3.455904483795166,0
3.456241607666016,0
3.456972122192383,0
3.4569971561431885,0
3.4570116996765137,0
3.473860263824463,0
3.47776198387146,0
3.4787676334381104,0
3.478778600692749,0
3.478790283203125,0
3.508021831512451,0
3.5080454349517822,0
3.5087692737579346,0
3.509130477905273,0
3.5106470584869385,0
3.5140862464904785,0
3.51411247253418,0
3.5220367908477783,0
3.522085189819336,0
3.5226402282714844,0
3.537123680114746,0
3.537315368652344,0
3.5381999015808105,0
3.5382301807403564,0
3.539409637451172,0
3.539424419403076,0
3.539984941482544,0
3.5544450283050537,0
3.604783058166504,0
3.604797601699829,0
3.6063079833984375,0
3.606311798095703,0
3.6064085960388175,0
3.606437206268311,0
3.610615968704224,0
3.610696792602539,0
3.611581325531006,0
3.611634969711304,0
3.6263275146484375,0
3.628651142120361,0
3.628702402114868,0
3.639426708221436,0
3.639498233795166,0
3.639550685882568,0
3.659146785736084,0
3.659160614013672,0
3.659173250198364,0
3.659205913543701,0
3.66167664527893,0
3.661713361740112,0
3.662202835083008,0
3.672916650772095,0
3.698405742645264,0
3.7001447677612314,0
3.700170516967773,0
3.700551748275757,0
3.701248168945313,0
3.701272487640381,0
3.701284646987915,0
3.702802658081055,0
3.702829599380493,0
3.702837228775024,0
3.702838659286499,0
3.7039663791656494,0
3.703993797302246,0
3.7040631771087646,0
3.719524383544922,0
3.719524621963501,0
3.7225143909454346,0
3.722543239593506,0
3.723114728927612,0
3.737308979034424,0
3.737335443496704,0
3.737346887588501,0
3.737358570098877,0
3.740148305892944,0
3.74015212059021,0
3.7405099868774414,0
3.740723371505737,0
3.753642082214356,0
3.7914867401123047,0
3.828237533569336,0
3.828448534011841,0
3.84711217880249,0
3.847202301025391,0
3.8472397327423096,0
3.8510589599609375,0
3.851236581802368,0
3.8513505458831783,0
3.8514134883880615,0
3.851447343826294,0
3.8514750003814697,0
3.85349702835083,0
3.853687524795532,0
3.856082201004028,0
3.861073732376098,0
3.8610877990722656,0
3.861098527908325,0
3.861116647720337,0
3.862576484680176,0
3.862588405609131,0
3.86265230178833,0
3.8635408878326416,0
3.884925842285156,0
3.884950399398804,0
3.8849618434906006,0
3.885640859603882,0
3.888663768768311,0
3.8886759281158447,0
3.888708114624024,0
3.889430522918701,0
3.8911774158477774,0
3.896882772445679,0
3.8989999294281006,0
3.918994665145874,0
3.921560049057007,0
3.922172784805298,0
3.922185182571411,0
3.9228782653808594,0
3.9347870349884033,0
3.935017347335816,0
3.935140609741211,0
3.9354732036590576,0
3.97515082359314,0
3.9751718044281006,0
3.975240230560303,0
3.977296113967896,0
3.977328538894653,0
3.977330923080444,0
3.9774112701416016,0
3.978659868240357,0
3.978827476501465,0
3.9788763523101807,0
3.9794886112213135,0
3.983455657958984,0
3.98364782333374,0
3.986452102661133,0
3.9882073402404794,0
3.988415479660034,0
3.988440990447998,0
3.990055084228516,0
3.9900753498077393,0
3.9900949001312256,0
3.9913251399993896,0
4.024200201034546,0
4.024451494216919,0
4.026707649230957,0
4.026817798614502,0
4.027534484863281,0
4.045968294143677,0
4.046011924743652,0
4.046165704727173,0
4.046184539794922,0
4.0465357303619385,0
4.046567440032959,0
4.047552347183228,0
4.070263385772705,0
4.103602647781372,0
4.105092763900757,0
4.106127262115479,0
4.106288194656372,0
4.106651544570923,0
4.106812477111816,0
4.107524394989014,0
4.108027935028076,0
4.1085193157196045,0
4.108551025390625,0
4.108916282653809,0
4.11125373840332,0
4.111288785934448,0
4.112103223800659,0
4.133887767791748,0
4.13395357131958,0
4.133987665176392,0
4.134036302566528,0
4.158409357070923,0
4.158428907394409,0
4.158776044845581,0
4.159940481185913,0
4.185763359069824,0
4.186147928237915,0
4.191128730773926,0
4.191164016723633,0
4.1911797523498535,0
4.191198348999023,0
4.191364049911499,0
4.191384553909302,0
4.191457509994507,0
4.193504571914673,0
4.193525552749634,0
4.195173740386963,0
4.195214748382568,0
4.205360174179077,0
4.205381393432617,0
4.20539140701294,0
4.205549001693726,0
4.205589771270752,0
4.208661079406738,0
4.208670377731323,0
4.209805727005005,0
4.215838432312012,0
4.216139316558838,0
4.216169357299805,0
4.21623969078064,0
4.220163106918335,0
4.220232725143433,0
4.220524787902832,0
4.258667230606079,0
4.263717412948608,0
4.265902042388916,0
4.265953779220581,0
4.2660231590271,0
4.270673990249634,0
4.270705223083496,0
4.270745754241943,0
4.295828104019165,0
4.2961413860321045,0
4.326983213424683,0
4.332676410675049,0
4.332688808441162,0
4.332736015319824,0
4.332779407501221,0
4.335127592086792,0
4.336299896240234,0
4.336327791213989,0
4.3395843505859375,0
4.339865684509277,0
4.3450586795806885,0
4.345076084136963,0
4.346697807312012,0
4.348368406295776,0
4.354382276535034,0
4.386451959609985,0
4.386807441711426,0
4.387934446334839,0
4.387957334518433,0
4.390384197235107,0
4.390419244766235,0
4.390773057937622,0
4.39081072807312,0
4.390873670578003,0
4.391657829284668,0
4.397415637969971,0
4.399212121963501,0
4.399256467819214,0
4.399274826049805,0
4.399348497390747,0
4.399385213851929,0
4.399458885192871,0
4.414009094238281,0
4.414241790771484,0
4.415855169296265,0
4.415912389755249,0
4.433457136154175,0
4.433501720428467,0
4.433583974838257,0
4.4337780475616455,0
4.438843488693237,0
4.438884258270264,0
4.438906192779541,0
4.464954376220703,0
4.470533609390259,0
4.47055721282959,0
4.470566987991333,0
4.470578670501709,0
4.47306752204895,0
4.4733757972717285,0
4.47373628616333,0
4.4750893115997314,0
4.494935750961304,0
4.496397018432617,0
4.4964375495910645,0
4.4991724491119385,0
4.499182939529419,0
4.499193906784058,0
4.502173900604248,0
4.516563415527344,0
4.516588926315308,0
4.517773628234863,0
4.517943382263184,0
4.565681457519531,0
4.570164203643799,0
4.570200204849243,0
4.570266008377075,0
4.57039213180542,0
4.572615623474121,0
4.572632551193237,0
4.572648763656616,0
4.574015140533447,0
4.57932710647583,0
4.580315113067627,0
4.601495265960693,0
4.601574420928955,0
4.603199243545532,0
4.603240251541138,0
4.603259563446045,0
4.603323698043823,0
4.609606027603149,0
4.609661817550659,0
4.610397815704346,0
4.616639614105225,0
4.616703033447266,0
4.618522644042969,0
4.618601083755493,0
4.619260311126709,0
4.620182991027832,0
4.65313982963562,0
4.682368993759155,0
4.682392358779907,0
4.682403087615967,0
4.68241548538208,0
4.685246706008911,0
4.685258150100708,0
4.685269832611084,0
4.685295820236206,0
4.685308933258057,0
4.685327768325806,0
4.685875415802002,0
4.68649959564209,0
4.686515808105469,0
4.686955213546753,0
4.688758134841919,0
4.750240802764893,0
4.750269174575806,0
4.750280857086182,0
4.750293016433716,0
4.750433921813965,0
4.750449180603027,0
4.751240253448486,0
4.751649856567383,0
4.751673936843872,0
4.752672910690308,0
4.75344705581665,0
4.753748178482056,0
4.7568440437316895,0
4.769020795822144,0
4.773239612579346,0
4.773269414901733,0
4.774373531341553,0
4.774400234222412,0
4.774444341659546,0
4.774478435516357,0
4.777766942977905,0
4.777781963348389,0
4.777797222137451,0
4.790754079818726,0
4.823589086532593,0
4.82361102104187,0
4.823629379272461,0
4.82366156578064,0
4.826010704040527,0
4.8260650634765625,0
4.826142311096191,0
4.827869892120361,0
4.8280251026153564,0
4.832221984863281,0
4.832525014877319,0
4.83358907699585,0
4.856478929519653,0
4.85711932182312,0
4.859026193618774,0
4.86383843421936,0
4.869903564453125,0
4.8699376583099365,0
4.869991302490234,0
4.872101068496704,0
4.897438049316406,0
4.897441625595093,0
4.897469997406006,0
4.89767599105835,0
4.899181604385376,0
4.899197578430176,0
4.899255275726318,0
4.900209188461304,0
4.900266647338867,0
4.908215761184692,0
4.908245325088501,0
4.930946350097656,0
4.930960655212402,0
4.930965662002564,0
4.930975437164307,0
4.975260972976685,0
4.975300073623657,0
4.975384473800659,0
4.976125955581665,0
4.980324745178223,0
4.980358123779297,0
4.981328725814819,0
4.98178505897522,0
4.981814861297607,0
4.981998920440674,0
4.982799053192139,0
4.983602046966553,0
4.983968496322632,0
5.001279830932617,0
5.007638692855835,0
5.008888959884644,0
5.012607336044312,0
5.018094539642334,0
5.018112659454346,0
5.018129825592041,0
5.018219232559204,0
5.02040433883667,0
5.0204503536224365,0
5.0208659172058105,0
5.022309541702271,0
5.022352933883667,0
5.024106025695801,0
5.024137496948242,0
5.0317933559417725,0
5.06180477142334,0
5.061825752258301,0
5.062081098556519,0
5.062106609344482,0
5.0623650550842285,0
5.062402963638306,0
5.06244158744812,0
5.063138246536255,0
5.083067178726196,0
5.084367752075195,0
5.084377765655518,0
5.084388971328735,0
5.084546804428101,0
5.08456301689148,0
5.084585666656494,0
5.106171131134033,0
5.106195688247681,0
5.10868763923645,0
5.108741998672485,0
5.109529972076416,0
5.120595693588257,0
5.120744705200195,0
5.120823621749878,0
5.120929956436157,0
5.121661186218262,0
5.121742248535156,0
5.1217591762542725,0
5.140039205551148,0
5.140074491500855,0
5.140086889266968,0
5.140097618103027,0
5.140477180480957,0
5.140513896942139,0
5.140516996383667,0
5.14285683631897,0
5.158205270767212,0
5.158222913742065,0
5.171555042266846,0
5.171571254730225,0
5.171584129333496,0
5.171837568283081,0
5.173397779464722,0
5.173955678939819,0
5.174200534820557,0
5.203336477279663,0
5.205810308456421,0
5.2079246044158936,0
5.214724779129028,0
5.215075969696045,0
5.215104341506958,0
5.21515679359436,0
5.238093614578247,0
5.238178730010986,0
5.238870859146118,0
5.241415739059448,0
5.241677522659302,0
5.2700676918029785,0
5.276002168655396,0
5.287331342697144,0
5.288672924041748,0
5.330453634262085,0
5.336208343505859,0
5.336223125457764,0
5.336233377456665,0
5.33624529838562,0
5.336286544799805,0
5.336355924606323,0
5.336369276046753,0
5.336395263671875,0
5.3421711921691895,0
5.345081806182861,0
5.345104694366455,0
5.34597373008728,0
5.34604811668396,0
5.346643686294556,0
5.380645275115967,0
5.380672216415405,0
5.381725549697876,0
5.381769895553589,0
5.381775856018066,0
5.381789684295654,0
5.384917736053467,0
5.384974956512451,0
5.38505744934082,0
5.410282611846924,0
5.410315275192261,0
5.410338401794434,0
5.4103991985321045,0
5.413350343704224,0
5.413392782211304,0
5.41383171081543,0
5.415185451507568,0
5.425590753555298,0
5.425625562667847,0
5.428416967391968,0
5.429383754730225,0
5.4295806884765625,0
5.430144309997559,0
5.430179595947266,0
5.431574583053589,0
5.431626796722412,0
5.438402652740479,0
5.438440799713135,0
5.43974232673645,0
5.479687452316284,0
5.479710817337036,0
5.479722023010254,0
5.479770183563232,0
5.481972217559815,0
5.4819841384887695,0
5.48204517364502,0
5.483554363250732,0
5.495866537094116,0
5.495889902114868,0
5.4959025382995605,0
5.496961355209351,0
5.499037981033325,0
5.499050855636597,0
5.499630689620972,0
5.512911558151245,0
5.512956380844116,0
5.515493392944336,0
5.515532970428467,0
5.553022861480713,0
5.591451644897461,0
5.591500520706177,0
5.592591762542725,0
5.5926127433776855,0
5.592623233795166,0
5.592629909515381,0
5.594993352890015,0
5.59501051902771,0
5.595547914505005,0
5.597045183181763,0
5.599403381347656,0
5.613653659820557,0
5.618572235107422,0
5.618611812591553,0
5.626103639602661,0
5.626746892929077,0
5.626786470413208,0
5.626794338226318,0
5.626888751983643,0
5.627686977386475,0
5.627709865570068,0
5.62825608253479,0
5.628348112106323,0
5.638001441955566,0
5.638024806976318,0
5.638040781021118,0
5.638055562973023,0
5.639420986175537,0
5.639463663101196,0
5.643090009689331,0
5.643481492996216,0
5.674343824386597,0
5.675279378890991,0
5.676011085510254,0
5.676038026809692,0
5.681462049484253,0
5.681487083435059,0
5.681497573852539,0
5.681596517562866,0
5.6816136837005615,0
5.698768615722656,0
5.70310378074646,0
5.703105688095093,0
5.7031166553497314,0
5.705131530761719,0
5.706799745559692,0
5.706807613372803,0
5.707365989685059,0
5.715670824050903,0
5.715697526931763,0
5.718986749649048,0
5.71910548210144,0
5.71967625617981,0
5.72076153755188,0
5.766101837158203,0
5.770791530609131,0
5.770845174789429,0
5.772093772888184,0
5.775068759918213,0
5.775213479995728,0
5.775452613830566,0
5.7754857540130615,0
5.775503635406494,0
5.775542259216309,0
5.817508220672607,0
5.842551708221436,0
5.8425798416137695,0
5.843050479888916,0
5.843070268630981,0
5.846094131469727,0
5.846120357513428,0
5.847346067428589,0
5.8630690574646,0
5.863095045089722,0
5.865102291107178,0
5.865119218826294,0
5.865880727767944,0
5.88098406791687,0
5.881007432937622,0
5.881017446517944,0
5.88102912902832,0
5.883608341217041,0
5.8837292194366455,0
5.885383129119873,0
5.885968208312988,0
5.885993957519531,0
5.886004209518433,0
5.886010646820068,0
5.886420488357544,0
5.886443138122559,0
5.886457443237305,0
5.892446756362915,0
5.9219512939453125,0
5.921963214874268,0
5.921990871429443,0
5.9220290184021,0
5.924781084060669,0
5.924823045730591,0
5.924837350845337,0
5.925138473510742,0
5.9251549243927,0
5.9264655113220215,0
5.926509141921997,0
5.941175937652588,0
5.942916393280029,0
5.959146738052368,0
5.963787078857422,0
5.963793277740479,0
5.976121425628662,0
5.976170063018799,0
5.976184606552124,0
5.976243734359741,0
5.978145122528076,0
5.9781458377838135,0
5.978834390640259,0
5.97937273979187,0
6.00800347328186,0
6.014505863189697,0
6.014515399932861,0
6.014546632766724,0
6.014551877975464,0
6.016649961471558,0
6.016675710678101,0
6.016761541366577,0
6.017596483230591,0
6.018008708953857,0
6.019921779632568,0
6.0199830532073975,0
6.022447824478149,0
6.024762153625488,0
6.030721426010132,0
6.058134078979492,0
6.058776140213013,0
6.058898448944092,0
6.05966067314148,0
6.060551404953003,0
6.060807704925537,0
6.0609190464019775,0
6.104554891586304,0
6.108606576919556,0
6.108617544174194,0
6.108937978744507,0
6.108960390090942,0
6.112985849380493,0
6.113160610198975,0
6.113641738891602,0
6.113872289657593,0
6.113902568817139,0
6.116311073303223,0
6.116353511810303,0
6.117919445037842,0
6.117945671081543,0
6.118115425109863,0
6.1181347370147705,0
6.119068145751953,0
6.119078874588013,0
6.119396209716797,0
6.119824647903442,0
6.121417760848999,0
6.13203763961792,0
6.1756696701049805,0
6.175797462463379,0
6.175826787948608,0
6.178129434585571,0
6.179474830627441,0
6.179512739181519,0
6.179781436920166,0
6.191074371337891,0
6.227798700332642,0
6.227842807769775,0
6.231073141098023,0
6.2310967445373535,0
6.231119155883789,0
6.231788396835327,0
6.237835168838501,0
6.23793888092041,0
6.238181114196777,0
6.242133140563965,0
6.24231743812561,0
6.242702960968018,0
6.24283766746521,0
6.259035587310791,0
6.259098529815674,0
6.270647048950195,0
6.275493860244751,0
6.277476072311401,0
6.277591705322266,0
6.277732849121094,0
6.277864694595337,0
6.277903079986572,0
6.2779388427734375,0
6.298044681549072,0
6.300073862075806,0
6.300853252410889,0
6.322038173675537,0
6.3220534324646,0
6.322057723999023,0
6.322064399719238,0
6.325646877288818,0
6.325660467147827,0
6.3256707191467285,0
6.325680255889893,0
6.325761318206787,0
6.333943843841553,0
6.333976268768311,0
6.335196495056152,0
6.358933210372925,0
6.358933925628662,0
6.35895562171936,0
6.35896110534668,0
6.360371351242065,0
6.360464811325073,0
6.360481023788452,0
6.378672122955322,0
6.38032341003418,0
6.380335569381714,0
6.3803465366363525,0
6.3803791999816895,0
6.380407094955444,0
6.38049578666687,0
6.381201267242432,0
6.405389070510864,0
6.405669450759888,0
6.406663656234741,0
6.406819105148315,0
6.406895875930786,0
6.4070141315460205,0
6.408437490463257,0
6.408454656600952,0
6.408916234970093,0
6.409932613372803,0
6.409952402114868,0
6.411341667175293,0
6.411412477493286,0
6.431254148483276,0
6.462230682373047,0
6.462251901626587,0
6.46245813369751,0
6.462478876113892,0
6.462494611740112,0
6.46265172958374,0
6.462712287902832,0
6.474390506744385,0
6.47562313079834,0
6.476744651794434,0
6.494388580322266,0
6.494405508041382,0
6.494416236877441,0
6.494428873062134,0
6.5236029624938965,0
6.523605346679688,0
6.524014711380005,0
6.525060415267944,0
6.525087118148804,0
6.526702404022217,0
6.526761531829834,0
6.527674913406372,0
6.533319473266602,0
6.533883094787598,0
6.5339062213897705,0
6.534546136856079,0
6.53748631477356,0
6.537487983703613,0
6.537517309188843,0
6.568763017654419,0
6.572472333908081,0
6.572479248046875,0
6.5807204246521,0
6.58332896232605,0
6.583352327346802,0
6.583417892456055,0
6.584151744842529,0
6.584190845489502,0
6.584571361541748,0
6.58603048324585,0
6.586069107055664,0
6.586085081100464,0
6.586214303970337,0
6.590087175369263,0
6.590127468109131,0
6.590154886245728,0
6.620012998580933,0
6.620083332061768,0
6.622117757797241,0
6.622228384017944,0
6.651431560516357,0
6.662121534347534,0
6.662169933319092,0
6.662333488464356,0
6.662356853485107,0
6.665360689163208,0
6.665393114089966,0
6.665426015853882,0
6.665489673614502,0
6.669273614883423,0
6.67078161239624,0
6.673000812530518,0
6.676151752471924,0
6.714508771896362,0
6.715797662734985,0
6.715820550918579,0
6.715873003005981,0
6.717077970504761,0
6.717105150222778,0
6.717518091201782,0
6.7410852909088135,0
6.741326093673706,0
6.742260694503784,0
6.742399454116821,0
6.74306845664978,0
6.772888422012329,0
6.77292013168335,0
6.772962808609009,0
6.773014068603516,0
6.775284767150879,0
6.775302410125732,0
6.775831699371338,0
6.784919500350952,0
6.821199655532837,0
6.821519374847412,0
6.824082374572754,0
6.824129104614258,0
6.824206352233887,0
6.824274063110352,0
6.825807809829712,0
6.825863122940064,0
6.826232671737671,0
6.827969074249268,0
6.828010320663452,0
6.833773612976074,0
6.834314584732056,0
6.835367679595947,0
6.876466035842896,0
6.876481056213379,0
6.876771688461304,0
6.876780033111572,0
6.876803398132324,0
6.876814603805542,0
6.876832246780396,0
6.887404918670654,0
6.887699365615845,0
6.887717008590698,0
6.887720346450806,0
6.888093948364258,0
6.888111352920532,0
6.888118267059326,0
6.888386249542236,0
6.888599634170532,0
6.888790607452393,0
6.888811111450195,0
6.888844013214111,0
6.888876914978027,0
6.889095067977905,0
6.889116525650024,0
6.91839861869812,0
6.918413877487183,0
6.920069456100464,0
6.920105934143066,0
6.921428442001343,0
6.9307355880737305,0
6.930738687515259,0
6.931042194366455,0
6.931064367294312,0
6.967320203781128,0
6.96763277053833,0
6.967661619186401,0
6.968789577484131,0
6.9700329303741455,0
6.972684144973755,0
6.976301431655884,0
6.976650953292847,0
6.993024110794067,0
6.99307107925415,0
6.993093729019165,0
6.99311637878418,0
6.997354984283447,0
6.997364282608032,0
6.997408866882324,0
6.997429370880127,0
6.99863862991333,0
7.001430988311768,0
7.002060174942017,0
7.006696224212647,0
7.039821624755859,0
7.039869785308838,0
7.041955471038818,0
7.042088031768799,0
7.043722867965698,0
7.086214780807495,0
7.08624792098999,0
7.086263656616211,0
7.086310148239136,0
7.0867087841033936,0
7.086741924285889,0
7.086779356002808,0
7.089655876159668,0
7.094896554946899,0
7.094923257827759,0
7.09493350982666,0
7.094942569732666,0
7.096310138702393,0
7.096333026885986,0
7.096347808837891,0
7.117287635803223,0
7.117303609848023,0
7.120531558990479,0
7.120533466339111,0
7.132556915283203,0
7.172553300857544,0
7.172585964202881,0
7.172599792480469,0
7.175614833831787,0
7.176950693130493,0
7.176984786987305,0
7.177087068557739,0
7.177125692367554,0
7.18101978302002,0
7.181219339370728,0
7.182284593582153,0
7.1823155879974365,0
7.182329416275024,0
7.182345867156982,0
7.197096347808838,0
7.197131395339966,0
7.197799921035767,0
7.198854446411133,0
7.198890209197998,0
7.209568977355957,0
7.209649562835693,0
7.211187601089477,0
7.23293137550354,0
7.23297381401062,0
7.233066082000732,0
7.233088493347168,0
7.259654998779297,0
7.259677886962891,0
7.262196779251099,0
7.265161037445068,0
7.27570915222168,0
7.275712490081787,0
7.276080131530762,0
7.276104688644409,0
7.281572341918945,0
7.2815868854522705,0
7.282275199890137,0
7.371871709823608,0
7.371887922286987,0
7.37344217300415,0
7.373492240905762,0
7.374230861663818,0
7.377965927124023,0
7.378026008605957,0
7.379159212112427,0
7.379171371459961,0
7.3791890144348145,0
7.379231214523315,0
7.387463569641113,0
7.387840032577515,0
7.391241788864136,0
7.391409635543823,0
7.391429662704468,0
7.391443490982056,0
7.391518831253052,0
7.394518613815308,0
7.394526243209839,0
7.394578456878662,0
7.397288799285889,0
7.412142276763916,0
7.412360191345215,0
7.412366390228271,0
7.412387371063232,0
7.414220809936523,0
7.416597604751587,0
7.417889833450317,0
7.417951107025146,0
7.419340133666992,0
7.4194018840789795,0
7.422079801559448,0
7.426379680633545,0
7.426401138305664,0
7.426465511322021,0
7.426524877548218,0
7.428071975708008,0
7.428118467330933,0
7.428335428237915,0
7.430970668792725,0
7.4748451709747314,0
7.474894046783447,0
7.476855278015137,0
7.476882457733154,0
7.477273941040039,0
7.477624893188477,0
7.477806091308594,0
7.4778101444244385,0
7.4778220653533936,0
7.487826347351074,0
7.488498210906982,0
7.4896461963653564,0
7.489682197570801,0
7.489745378494263,0
7.504772901535034,0
7.5048134326934814,0
7.505309343338013,0
7.505330801010132,0
7.505359649658203,0
7.509968280792236,0
7.510000944137573,0
7.511207580566406,0
7.512696981430054,0
7.563358783721924,0
7.568756103515625,0
7.568787097930908,0
7.569021940231323,0
7.569235563278198,0
7.571672677993774,0
7.571732521057129,0
7.571752071380615,0
7.578015327453613,0
7.578053951263428,0
7.57806921005249,0
7.578149795532227,0
7.579872131347656,0
7.5799078941345215,0
7.580025196075439,0
7.580692529678345,0
7.608784675598144,0
7.609003782272339,0
7.610571622848511,0
7.613911151885986,0
7.614021062850952,0
7.614151239395142,0
7.614273548126221,0
7.614683151245117,0
7.614695072174072,0
7.615092277526855,0
7.615220785140991,0
7.617654085159302,0
7.617962598800659,0
7.630478858947754,0
7.670266389846802,0
7.670285701751709,0
7.673923492431641,0
7.673955917358398,0
7.674171686172485,0
7.6741838455200195,0
7.674703359603882,0
7.676703691482544,0
7.698997974395752,0
7.699012041091919,0
7.699053049087524,0
7.699080228805542,0
7.70134973526001,0
7.701362133026123,0
7.701374769210815,0
7.701849699020386,0
7.702054023742676,0
7.71174144744873,0
7.711753606796265,0
7.71251630783081,0
7.738012790679932,0
7.738041400909424,0
7.73805570602417,0
7.738094806671143,0
7.7381651401519775,0
7.738207817077637,0
7.738222360610962,0
7.762283802032471,0
7.764287233352661,0
7.765196323394775,0
7.786874532699585,0
7.787140369415283,0
7.788050174713135,0
7.788582801818848,0
7.78860878944397,0
7.788654327392578,0
7.7896082401275635,0
7.789640426635742,0
7.790436744689941,0
7.79087495803833,0
7.790906667709351,0
7.79098653793335,0
7.790999889373779,0
7.794031143188477,0
7.794066429138184,0
7.794083118438721,0
7.811175107955933,0
7.811537742614746,0
7.813108444213867,0
7.813133716583252,0
7.854874134063721,0
7.878298282623291,0
7.878347635269165,0
7.878363132476807,0
7.880696058273315,0
7.884037256240845,0
7.884068250656128,0
7.884082555770874,0
7.884953260421753,0
7.909179449081421,0
7.911118745803833,0
7.913487672805786,0
7.913502931594849,0
7.914716482162476,0
7.914726734161377,0
7.925787210464477,0
7.929471015930176,0
7.930647850036621,0
7.930660009384155,0
7.931533098220825,0
7.931570291519165,0
7.931581258773804,0
7.931619167327881,0
7.968955993652344,0
7.972884893417358,0
7.972949028015137,0
7.973973512649536,0
7.974001169204712,0
7.974054336547852,0
7.974090099334717,0
7.975149869918823,0
7.975802898406982,0
7.975831270217895,0
7.976873159408569,0
7.999450206756592,0
8.00423550605774,0
8.004491806030273,0
8.00451111793518,0
8.004527807235718,0
8.005901336669922,0
8.005925416946411,0
8.00628137588501,0
8.023076057434082,0
8.02355146408081,0
8.02751636505127,0
8.027584075927734,0
8.034938097000122,0
8.034964323043823,0
8.03498125076294,0
8.035007238388062,0
8.037253379821777,0
8.03762149810791,0
8.038116931915283,0
8.038412094116211,0
8.03986382484436,0
8.060438632965088,0
8.060673952102661,0
8.062838792800903,0
8.062907457351685,0
8.077619075775146,0
8.077772855758667,0
8.077793836593628,0
8.081345796585083,0
8.08751392364502,0
8.092658758163452,0
8.121196508407593,0
8.121208429336548,0
8.121217727661133,0
8.121219635009766,0
8.123123168945312,0
8.123867511749268,0
8.12407398223877,0
8.124339818954468,0
8.124546527862549,0
8.125500917434692,0
8.126298666000366,0
8.153441667556763,0
8.179891109466553,0
8.179930448532104,0
8.182023286819458,0
8.182066679000854,0
8.182104349136353,0
8.1821448802948,0
8.184962511062622,0
8.185000658035278,0
8.185166835784912,0
8.194653987884521,0
8.199326992034912,0
8.199359893798828,0
8.199409484863281,0
8.199463367462158,0
8.246228456497192,0
8.246302366256714,0
8.246481657028198,0
8.249493598937988,0
8.249819993972778,0
8.254491806030273,0
8.254596710205078,0
8.255972862243652,0
8.276458740234375,0
8.276489973068237,0
8.27707290649414,0
8.277105569839478,0
8.278274059295654,0
8.278305292129517,0
8.278763771057129,0
8.278778791427612,0
8.278793573379517,0
8.279349327087402,0
8.279391288757324,0
8.27983283996582,0
8.279869079589844,0
8.280329465866089,0
8.280741214752197,0
8.28076720237732,0
8.338162660598755,0
8.374414920806885,0
8.374418497085571,0
8.394877433776855,0
8.396051406860352,0
8.396331548690796,0
8.396372556686401,0
8.396377801895142,0
8.396397113800049,0
8.396565675735474,0
8.42863655090332,0
8.429503679275513,0
8.432764291763306,0
8.432912588119507,0
8.434795618057251,0
8.439397096633911,0
8.442776679992676,0
8.45827865600586,0
8.478357076644897,0
8.479859113693237,0
8.479912281036377,0
8.47992753982544,0
8.479980945587158,0
8.48005723953247,0
8.48007321357727,0
8.480090379714966,0
8.480228662490845,0
8.492193698883057,0
8.520891666412354,0
8.52091360092163,0
8.52092456817627,0
8.520936250686646,0
8.522276163101196,0
8.523144483566284,0
8.52316427230835,0
8.52390718460083,0
8.523908138275146,0
8.540838956832886,0
8.54087233543396,0
8.542508125305176,0
8.542522430419922,0
8.542523622512817,0
8.542530536651611,0
8.543523073196411,0
8.543652296066284,0
8.543655157089233,0
8.54593014717102,0
8.56536602973938,0
8.566073417663574,0
8.566099882125854,0
8.566112995147705,0
8.567145109176636,0
8.568055629730225,0
8.568932294845581,0
8.602943181991577,0
8.60811710357666,0
8.60817575454712,0
8.609333038330078,0
8.609401941299438,0
8.609650135040283,0
8.60975956916809,0
8.614012241363525,0
8.614036083221436,0
8.614659786224365,0
8.61743974685669,0
8.617560863494873,0
8.619698762893677,0
8.619784355163574,0
8.643643856048584,0
8.646925449371338,0
8.650675773620605,0
8.672982931137085,0
8.674461841583252,0
8.67447566986084,0
8.677112102508545,0
8.685596704483032,0
8.685614585876465,0
8.685627937316895,0
8.685638189315796,0
8.68690013885498,0
8.69064450263977,0
8.700554370880127,0
8.700575113296509,0
8.700782537460327,0
8.700804471969604,0
8.705837965011597,0
8.705849885940552,0
8.706164836883545,0
8.711872339248657,0
8.711873292922974,0
8.713050365447998,0
8.713320255279541,0
8.753212451934814,0
8.79296088218689,0
8.79300308227539,0
8.79431962966919,0
8.794379472732544,0
8.794490575790405,0
8.794511318206787,0
8.797651767730713,0
8.797767162322998,0
8.79781699180603,0
8.799335241317749,0
8.799372673034668,0
8.799459457397461,0
8.799475908279419,0
8.801055431365967,0
8.80109691619873,0
8.801171779632568,0
8.803833246231079,0
8.835033416748047,0
8.835055351257324,0
8.835077285766602,0
8.835182905197144,0
8.835266351699829,0
8.83529782295227,0
8.835421323776245,0
8.835639238357544,0
8.835704326629639,0
8.838780641555786,0
8.838844060897827,0
8.856468200683594,0
8.874579191207886,0
8.876319885253906,0
8.87666916847229,0
8.876685857772827,0
8.877339839935303,0
8.877352237701416,0
8.877524375915527,0
8.891835689544678,0
8.892600297927856,0
8.89338731765747,0
8.944129705429077,0
8.944153308868408,0
8.944164514541626,0
8.94417691230774,0
8.946261882781982,0
8.946300029754639,0
8.946374893188477,0
8.947446346282959,0
8.94747281074524,0
8.94831919670105,0
8.94836688041687,0
8.95013427734375,0
8.972644567489624,0
8.974954605102539,0
8.981651544570923,0
8.981816530227661,0
8.98524522781372,0
8.985264778137207,0
8.98530626296997,0
8.985350608825684,0
8.98810338973999,0
8.988127946853638,0
8.988181829452515,0
8.989178895950317,0
9.009620189666748,0
9.010467052459717,0
9.011577606201172,0
9.016433000564575,0
9.016464233398438,0
9.016504287719728,0
9.01654577255249,0
9.03187108039856,0
9.031937837600708,0
9.031963348388672,0
9.033191680908203,0
9.033232688903809,0
9.03491473197937,0
9.034985303878784,0
9.03722620010376,0
9.037245750427246,0
9.0374755859375,0
9.0374858379364,0
9.038984537124634,0
9.039041757583618,0
9.039206981658936,0
9.03989577293396,0
9.050451755523682,0
9.050458192825316,0
9.05065655708313,0
9.05068325996399,0
9.050885915756226,0
9.050936698913574,0
9.05098843574524,0
9.090611457824709,0
9.103399276733398,0
9.10348916053772,0
9.103502035140991,0
9.103529214859009,0
9.105167627334597,0
9.105209827423096,0
9.106102228164673,0
9.10666012763977,0
9.106703996658323,0
9.107224702835085,0
9.1074116230011,0
9.109914302825928,0
9.160712957382202,0
9.160739660263062,0
9.160778045654297,0
9.160816669464111,0
9.164129495620728,0
9.16414761543274,0
9.164707899093628,0
9.165049076080322,0
9.184006214141846,0
9.184021234512327,0
9.185655117034912,0
9.185678958892822,0
9.185806035995483,0
9.185916662216188,0
9.188238382339478,0
9.188259601593018,0
9.188546180725098,0
9.190771579742432,0
9.190804719924929,0
9.21103835105896,0
9.211143970489502,0
9.212156772613524,0
9.241358041763306,0
9.241397619247437,0
9.241435289382936,0
9.241846561431885,0
9.245396614074709,0
9.245681285858154,0
9.245760679244995,0
9.260613918304443,0
9.260661363601685,0
9.260767936706545,0
9.26100492477417,0
9.263569116592407,0
9.26362681388855,0
9.2636616230011,0
9.264753103256226,0
9.282545804977415,0
9.28426194190979,0
9.284279346466064,0
9.284322261810305,0
9.296623468399048,0
9.296645402908323,0
9.296927452087402,0
9.298460245132446,0
9.298820495605469,0
9.300076484680176,0
9.3000807762146,0
9.330950260162354,0
9.36546277999878,0
9.365471363067629,0
9.36917209625244,0
9.369200706481934,0
9.369255781173706,0
9.369270086288452,0
9.369424104690552,0
9.369455814361572,0
9.369498252868652,0
9.369547605514526,0
9.381582498550417,0
9.382792472839355,0
9.400635957717896,0
9.40070104598999,0
9.401041030883787,0
9.401095390319824,0
9.404032468795776,0
9.40416932106018,0
9.404467821121216,0
9.405264616012571,0
9.405293464660645,0
9.40698504447937,0
9.407026290893556,0
9.409919738769531,0
9.446405172348022,0
9.44668173789978,0
9.44672417640686,0
9.447027921676636,0
9.448901891708374,0
9.44932460784912,0
9.44935131072998,0
9.450101137161257,0
9.452654600143433,0
9.464609146118164,0
9.469821453094482,0
9.48183560371399,0
9.481858015060425,0
9.481894493103027,0
9.482787370681764,0
9.482800245285034,0
9.482820987701416,0
9.482950448989868,0
9.483339071273804,0
9.483355045318604,0
9.48350191116333,0
9.48392629623413,0
9.484034299850464,0
9.484253644943236,0
9.499842166900637,0
9.503657817840576,0
9.503673553466797,0
9.503718852996826,0
9.503733158111572,0
9.520792722702026,0
9.520925760269163,0
9.521016836166382,0
9.521637678146362,0
9.521778345108032,0
9.523075103759766,0
9.523106813430786,0
9.523704528808594,0
9.524369955062866,0
9.529807329177856,0
9.567375183105469,0
9.56740379333496,0
9.567444801330566,0
9.567496538162231,0
9.568860054016112,0
9.568929433822632,0
9.568948030471802,0
9.597761869430542,0
9.60220432281494,0
9.602237224578856,0
9.60337495803833,0
9.60343337059021,0
9.603454113006592,0
9.603525400161743,0
9.616016387939451,0
9.616113901138306,0
9.616445541381836,0
9.618059158325195,0
9.6183979511261,0
9.620044231414797,0
9.620112895965576,0
9.629586935043337,0
9.68361473083496,0
9.683634519577026,0
9.683647632598875,0
9.68366312980652,0
9.686238527297974,0
9.68630027770996,0
9.687232732772827,0
9.690119981765749,0
9.729028463363647,0
9.729050397872925,0
9.729050874710085,0
9.72906494140625,0
9.729971408843994,0
9.729987382888794,0
9.729992151260376,0
9.730923175811768,0
9.730974912643433,0
9.731935977935793,0
9.731937170028688,0
9.733031749725342,0
9.733047246932983,0
9.73305630683899,0
9.733061075210571,0
9.742522716522217,0
9.742546319961548,0
9.74256181716919,0
9.743051052093506,0
9.74456238746643,0
9.745336055755615,0
9.758214950561523,0
9.758234977722168,0
9.759135961532593,0
9.759445190429688,0
9.759459972381592,0
9.759472608566284,0
9.775126695632936,0
9.777118921279907,0
9.779567003250122,0
9.7801251411438,0
9.796686887741089,0
9.796704053878784,0
9.796717882156372,0
9.79672122001648,0
9.798362731933594,0
9.79839015007019,0
9.79844570159912,0
9.824666500091553,0
9.82501459121704,0
9.827023267745972,0
9.827213525772097,0
9.828117847442629,0
9.830236196517944,0
9.853147983551024,0
9.895801305770874,0
9.89596700668335,0
9.895991325378418,0
9.89845085144043,0
9.90398931503296,0
9.904143571853638,0
9.90419054031372,0
9.90424346923828,0
9.91929006576538,0
9.920337677001951,0
9.924235343933104,0
9.924238681793211,0
9.925814867019652,0
9.925846815109251,0
9.971394300460815,0
9.975748062133787,0
9.9758141040802,0
9.976872682571411,0
9.976900100708008,0
9.977131605148315,0
9.977159976959229,0
9.98038625717163,0
9.980465650558472,0
9.981255054473875,0
9.982518911361694,0
9.982549905776978,0
9.982562065124512,0
9.982598781585692,0
9.984896898269652,0
9.985341787338257,0
9.985373258590698,0
9.987222671508787,0
9.988441467285156,0
10.008638858795166,0
10.00867748260498,0
10.008742094039915,0
10.008765935897827,0
10.008993864059448,0
10.00904393196106,0
10.009178638458252,0
10.009828567504885,0
10.009905815124512,0
10.011115550994871,0
10.011368989944458,0
10.054593563079834,0
10.089600801467896,0
10.08998727798462,0
10.090008735656738,0
10.090951204299929,0
10.091183185577393,0
10.091411352157593,0
10.09178066253662,0
10.092144966125488,0
10.09359049797058,0
10.094380378723145,0
10.106496334075928,0
10.106761693954468,0
10.106785535812378,0
10.106789112091064,0
10.10852599143982,0
10.108538389205933,0
10.10854196548462,0
10.109421730041504,0
10.10957670211792,0
10.11024022102356,0
10.110253810882568,0
10.176560163497925,0
10.181175708770752,0
10.18119215965271,0
10.207931995391846,0
10.207998037338257,0
10.208346128463743,0
10.208375930786133,0
10.211920738220217,0
10.211941003799438,0
10.212032556533812,0
10.21341061592102,0
10.21827244758606,0
10.218313694000244,0
10.219822883605955,0
10.220109701156616,0
10.237951278686523,0
10.23800277709961,0
10.238433122634888,0
10.238473176956177,0
10.240765810012816,0
10.240822315216064,0
10.241059303283691,0
10.242581844329834,0
10.274497985839844,0
10.276052236557009,0
10.276078462600708,0
10.276161670684814,0
10.277451276779177,0
10.277490854263306,0
10.278172254562378,0
10.278189659118652,0
10.281233310699465,0
10.287299871444702,0
10.301219463348389,0
10.301424026489258,0
10.30144500732422,0
10.301474571228027,0
10.304488182067873,0
10.305206298828123,0
10.305235624313354,0
10.312156915664673,0
10.312183856964111,0
10.313434600830078,0
10.313435077667236,0
10.34956669807434,0
10.377740144729614,0
10.378622770309448,0
10.38243007659912,0
10.382442951202393,0
10.409603834152222,0
10.409605503082275,0
10.409768104553224,0
10.411088705062866,0
10.412480115890505,0
10.41255497932434,0
10.413878917694092,0
10.415223598480225,0
10.42008090019226,0
10.42009210586548,0
10.426401615142822,0
10.426433801651,0
10.429440975189207,0
10.429513692855837,0
10.4565691947937,0
10.462587356567385,0
10.462884902954102,0
10.462915420532228,0
10.462937116622925,0
10.486407279968262,0
10.486421346664429,0
10.486434936523438,0
10.487337112426758,0
10.487364053726196,0
10.487374544143677,0
10.487423658370972,0
10.488322973251345,0
10.488349676132202,0
10.488363981246948,0
10.506521224975586,0
10.509984731674194,0
10.510075092315674,0
10.510088443756104,0
10.510123491287231,0
10.51171612739563,0
10.511729955673218,0
10.513055324554443,0
10.513073682785034,0
10.513131141662598,0
10.514033555984495,0
10.514047384262083,0
10.570495843887327,0
10.573683261871338,0
10.573760032653809,0
10.574724674224854,0
10.57474970817566,0
10.574762105941772,0
10.574774503707886,0
10.58229684829712,0
10.582302808761597,0
10.582684755325316,0
10.587295055389404,0
10.60082745552063,0
10.601951360702516,0
10.601996660232544,0
10.60310173034668,0
10.603182315826416,0
10.603253841400146,0
10.603272676467896,0
10.604189157485962,0
10.604218244552612,0
10.618006944656372,0
10.618037462234495,0
10.618845701217651,0
10.620847463607788,0
10.662153244018556,0
10.668002605438232,0
10.671037435531616,0
10.671061515808104,0
10.671509265899658,0
10.673481941223145,0
10.673553943634031,0
10.6736581325531,0
10.682383060455322,0
10.684995651245115,0
10.685052156448364,0
10.696498394012451,0
10.696504592895508,0
10.698705911636353,0
10.698742628097534,0
10.702191352844238,0
10.702196836471558,0
10.702549457550049,0
10.71628451347351,0
10.716705799102783,0
10.718790054321287,0
10.718802213668823,0
10.720062494277954,0
10.72008776664734,0
10.720094680786133,0
10.720097541809082,0
10.73459005355835,0
10.73461627960205,0
10.7346293926239,0
10.735244750976562,0
10.76410746574402,0
10.764130115509031,0
10.764178276062012,0
10.764216423034668,0
10.766116619110107,0
10.766140460968018,0
10.766198635101318,0
10.76629877090454,0
10.766933917999268,0
10.778457403182983,0
10.782615423202516,0
10.782804489135742,0
10.783310890197754,0
10.784464359283447,0
10.784488201141356,0
10.784534215927124,0
10.789861679077148,0
10.78988552093506,0
10.789934158325195,0
10.816392183303831,0
10.81670069694519,0
10.817994832992554,0
10.818060398101808,0
10.86210584640503,0
10.868267059326172,0
10.868407011032104,0
10.868427753448486,0
10.868450164794922,0
10.871628999710085,0
10.871673583984377,0
10.871731042861938,0
10.894150972366331,0
10.9127676486969,0
10.912844896316528,0
10.912858724594116,0
10.91287112236023,0
10.91500210762024,0
10.915016651153564,0
10.915061950683594,0
10.93273377418518,0
10.932758331298828,0
10.93464493751526,0
10.934680938720703,0
10.9718177318573,0
10.975413084030151,0
10.97542953491211,0
10.975439310073853,0
10.97548532485962,0
10.977414846420288,0
10.977429628372192,0
10.977546215057371,0
10.978257179260254,0
10.978271007537842,0
10.978281021118164,0
10.978290796279907,0
10.978642463684082,0
10.978668451309204,0
10.978801250457764,0
10.98356294631958,0
10.985008716583252,0
10.998859167099,0
10.998862028121948,0
11.00006103515625,0
11.000077962875366,0
11.000087976455688,0
11.000102281570436,0
11.001679420471191,0
11.001748323440552,0
11.002103805541992,0
11.01854157447815,0
11.01857328414917,0
11.020263195037842,0
11.02033019065857,0
11.052486419677734,0
11.089622497558594,0
11.089652061462402,0
11.089664459228516,0
11.08967924118042,0
11.093358993530272,0
11.09338665008545,0
11.094166994094849,0
11.094737768173218,0
11.095741033554075,0
11.096460819244385,0
11.112036943435667,0
11.112388849258425,0
11.112410068511965,0
11.112422943115234,0
11.113520860671995,0
11.113561153411863,0
11.114405393600464,0
11.114744901657104,0
11.114748001098633,0
11.115530967712402,0
11.115581512451172,0
11.116174459457396,0
11.119386672973633,0
11.131914615631104,0
11.156868934631348,0
11.15719985961914,0
11.157218933105469,0
11.157262086868286,0
11.15838885307312,0
11.158433675765991,0
11.158462524414062,0
11.172340869903564,0
11.19930648803711,0
11.19971251487732,0
11.20057225227356,0
11.200869798660278,0
11.200895071029665,0
11.200947284698486,0
11.201977252960203,0
11.202582120895386,0
11.20260524749756,0
11.220618724822998,0
11.220645427703856,0
11.222017765045166,0
11.222064018249512,0
11.223309993743896,0
11.223345518112184,0
11.223360300064089,0
11.223674058914185,0
11.224740743637083,0
11.224774599075316,0
11.224792957305908,0
11.22616982460022,0
11.22757601737976,0
11.25222873687744,0
11.270326375961304,0
11.270646572113035,0
11.27091383934021,0
11.270948886871338,0
11.31471300125122,0
11.314767360687256,0
11.31491470336914,0
11.316061735153198,0
11.345128774642944,0
11.34515380859375,0
11.345201253890991,0
11.345242738723757,0
11.346144914627075,0
11.346178531646729,0
11.347396612167358,0
11.347713470458984,0
11.348031282424929,0
11.373672723770142,0
11.373961448669434,0
11.37398886680603,0
11.374047040939333,0
11.375106811523438,0
11.37512183189392,0
11.375911712646484,0
11.376220703125,0
11.377728939056396,0
11.380130052566528,0
11.401038885116575,0
11.40122413635254,0
11.40235161781311,0
11.402424812316896,0
11.402496576309204,0
11.403406381607056,0
11.40449857711792,0
11.404535293579102,0
11.404608488082886,0
11.433205127716064,0
11.43327498435974,0
11.435515642166138,0
11.435619115829468,0
11.462506294250488,0
11.469412803649902,0
11.469973802566528,0
11.46998119354248,0
11.470019578933716,0
11.472513437271118,0
11.472546815872192,0
11.473515510559082,0
11.4775230884552,0
11.477552890777588,0
11.477563619613647,0
11.477865219116213,0
11.478915214538574,0
11.480454921722412,0
11.4808189868927,0
11.481073141098022,0
11.4942786693573,0
11.494396448135376,0
11.494410753250122,0
11.494457483291626,0
11.49540400505066,0
11.49599814414978,0
11.497476816177368,0
11.512404203414915,0
11.512569427490234,0
11.513908386230469,0
11.514061450958252,0
11.548105001449583,0
11.55144429206848,0
11.557357549667358,0
11.563063144683838,0
11.563080787658691,0
11.56323742866516,0
11.563257932662964,0
11.57132339477539,0
11.57140612602234,0
11.5714213848114,0
11.594773054122925,0
11.604785203933716,0
11.60479974746704,0
11.604812145233154,0
11.60501790046692,0
11.605034351348875,0
11.605044841766356,0
11.605058431625366,0
11.605061531066896,0
11.605072021484377,0
11.61500358581543,0
11.615025281906128,0
11.6164288520813,0
11.616477251052856,0
11.617166996002195,0
11.618019342422484,0
11.632088899612429,0
11.657504796981812,0
11.657674789428713,0
11.657764673233032,0
11.657775640487673,0
11.666172981262209,0
11.666277408599854,0
11.66652512550354,0
11.66887664794922,0
11.717417240142822,0
11.717419624328612,0
11.717429399490356,0
11.717435598373411,0
11.719614267349243,0
11.719637155532835,0
11.719847202301024,0
11.721084833145142,0
11.721120357513428,0
11.737929105758669,0
11.737945079803469,0
11.739446640014648,0
11.739474296569824,0
11.739484071731567,0
11.739707946777344,0
11.740844011306764,0
11.740871667861938,0
11.740885734558104,0
11.74148440361023,0
11.755677461624146,0
11.755960941314695,0
11.755987405776978,0
11.756014585494995,0
11.77615523338318,0
11.77617120742798,0
11.776716947555542,0
11.777642726898192,0
11.796457767486572,0
11.796526432037354,0
11.79784655570984,0
11.798124074935911,0
11.798152208328249,0
11.798170566558838,0
11.823674440383911,0
11.8249671459198,0
11.82501769065857,0
11.83088493347168,0
11.836013317108154,0
11.846147060394289,0
11.846375942230225,0
11.846742630004885,0
11.84712290763855,0
11.853254079818726,0
11.880805253982544,0
11.881346940994264,0
11.881384134292604,0
11.881454706192017,0
11.88303279876709,0
11.883065223693848,0
11.883586883544922,0
11.883854150772097,0
11.89537763595581,0
11.89540672302246,0
11.89607048034668,0
11.896091222763062,0
11.896959781646729,0
11.89697813987732,0
11.897023916244509,0
11.9120671749115,0
11.913151741027832,0
11.927544832229614,0
11.927546977996826,0
11.972497940063477,0
11.97518539428711,0
11.976623296737673,0
11.98695421218872,0
11.987285375595093,0
11.988283634185793,0
11.98830509185791,0
11.98831844329834,0
11.988332033157349,0
11.999921560287476,0
11.999951362609863,0
11.99997353553772,0
12.004591464996338,0
12.004619598388672,0
12.004716157913208,0
12.004717350006104,0
12.005335569381714,0
12.005359411239624,0
12.005374431610107,0
12.005605459213257,0
12.006584405899048,0
12.019118070602415,0
12.019153118133543,0
12.019168615341188,0
12.019185781478882,0
12.021409273147585,0
12.021438837051392,0
12.021528959274292,0
12.02273416519165,0
12.022765398025513,0
12.024224758148192,0
12.02427101135254,0
12.05282425880432,0
12.073426008224487,0
12.073448657989502,0
12.073864936828612,0
12.074219226837158,0
12.106976747512816,0
12.107001304626465,0
12.107054471969604,0
12.108055114746094,0
12.11194920539856,0
12.11290454864502,0
12.114211797714232,0
12.11425280570984,0
12.114285469055176,0
12.114302158355711,0
12.115088939666748,0
12.11528992652893,0
12.15420627593994,0
12.184781551361084,0
12.184831619262695,0
12.186290979385376,0
12.186293125152588,0
12.186324119567873,0
12.186368465423584,0
12.189597129821776,0
12.189614295959473,0
12.189633131027222,0
12.189737319946287,0
12.207679510116575,0
12.209002256393433,0
12.214539051055908,0
12.21649932861328,0
12.216503143310549,0
12.216516971588137,0
12.218473434448242,0
12.218507289886476,0
12.219276189804075,0
12.221678972244264,0
12.221757173538208,0
12.225544691085815,0
12.22607684135437,0
12.227862358093262,0
12.227901935577393,0
12.22828483581543,0
12.228309631347656,0
12.22959017753601,0
12.229613780975342,0
12.229622602462769,0
12.231072902679443,0
12.232320070266724,0
12.256335973739624,0
12.262890338897703,0
12.264560461044312,0
12.2646381855011,0
12.264661073684692,0
12.274291515350342,0
12.27433943748474,0
12.274441480636597,0
12.276078939437866,0
12.2956645488739,0
12.295881986618042,0
12.29604697227478,0
12.29619312286377,0
12.297505140304564,0
12.297520160675049,0
12.297845125198364,0
12.31181812286377,0
12.31196928024292,0
12.313631057739258,0
12.31365442276001,0
12.355197668075562,0
12.380867719650269,0
12.380913257598875,0
12.382278203964232,0
12.382343530654907,0
12.382360935211182,0
12.382419109344482,0
12.38387680053711,0
12.383907794952393,0
12.384402751922607,0
12.384724140167236,0
12.407918214797974,0
12.410533905029297,0
12.414859533309937,0
12.415275812149048,0
12.41547441482544,0
12.415505647659302,0
12.418197393417358,0
12.418232202529907,0
12.41831398010254,0
12.41997766494751,0
12.420093774795532,0
12.422131299972534,0
12.42220902442932,0
12.452879190444946,0
12.480216979980469,0
12.480258703231812,0
12.48027729988098,0
12.48033881187439,0
12.486606359481812,0
12.48664164543152,0
12.486891746520996,0
12.506504774093628,0
12.506531238555908,0
12.506797075271606,0
12.506818294525146,0
12.507046699523926,0
12.50724172592163,0
12.507368564605711,0
12.50757098197937,0
12.514000415802002,0
12.514025211334229,0
12.514058589935305,0
12.5140962600708,0
12.540014743804932,0
12.5400652885437,0
12.540249347686768,0
12.54133415222168,0
12.541358470916748,0
12.56201958656311,0
12.562079429626465,0
12.563578367233276,0
12.565486669540403,0
12.579380989074709,0
12.582983255386353,0
12.583011388778688,0
12.60938310623169,0
12.609839916229248,0
12.610109806060793,0
12.61034107208252,0
12.611905813217165,0
12.611910104751589,0
12.612273931503296,0
12.612610578536987,0
12.616684913635254,0
12.616716861724854,0
12.618675231933594,0
12.618723154067991,0
12.65463662147522,0
12.676810264587402,0
12.676856517791748,0
12.676876544952393,0
12.67690110206604,0
12.682573318481444,0
12.682797193527222,0
12.682981967926024,0
12.683329343795776,0
12.684017419815063,0
12.699001550674438,0
12.705736875534058,0
12.70591640472412,0
12.705991744995115,0
12.706026792526243,0
12.70703935623169,0
12.707054615020752,0
12.707950830459597,0
12.726688623428345,0
12.726941347122192,0
12.729366302490234,0
12.730209112167358,0
12.735270977020264,0
12.735320806503296,0
12.735381364822388,0
12.735395908355711,0
12.738455295562744,0
12.738480806350708,0
12.738495826721191,0
12.739141464233398,0
12.74104142189026,0
12.743584871292114,0
12.774261236190796,0
12.774319171905518,0
12.775336503982544,0
12.775436401367188,0
12.77547574043274,0
12.775491952896118,0
12.778046369552612,0
12.77807331085205,0
12.77830719947815,0
12.77866530418396,0
12.781126260757446,0
12.797340393066406,0
12.821333885192873,0
12.82165002822876,0
12.821685791015623,0
12.82184886932373,0
12.823547840118408,0
12.82384443283081,0
12.824681997299194,0
12.825213432312012,0
12.825470685958862,0
12.829005002975464,0
12.82902216911316,0
12.854249000549316,0
12.878217458724976,0
12.87837028503418,0
12.87839412689209,0
12.878496408462524,0
12.88205623626709,0
12.882090091705322,0
12.882146120071411,0
12.88405728340149,0
12.903018474578856,0
12.903055429458618,0
12.903070449829102,0
12.903085947036743,0
12.904051065444946,0
12.90407919883728,0
12.904757976531982,0
12.913816213607788,0
12.914019346237184,0
12.915835857391356,0
12.915847778320312,0
12.930809259414673,0
12.964789152145386,0
12.964828729629517,0
12.964853525161743,0
12.965020179748535,0
12.967635869979858,0
12.96769404411316,0
12.967764377593994,0
12.984439134597778,0
12.984469413757324,0
12.984481573104858,0
12.984759092330933,0
12.986069917678831,0
12.98610258102417,0
12.986168146133425,0
12.98697304725647,0
12.9880952835083,0
12.993642568588257,0
12.9936625957489,0
12.997172832489014,0
12.9971764087677,0
12.997215270996094,0
12.99764895439148,0
12.99988603591919,0
12.999906301498411,0
12.999920845031738,0
13.010921955108644,0
13.01111936569214,0
13.013161182403564,0
13.013166666030884,0
13.053004264831545,0
13.08939242362976,0
13.089626789093018,0
13.089655876159668,0
13.089673280715942,0
13.09400463104248,0
13.094035625457764,0
13.094095468521118,0
13.094884634017944,0
13.097166061401367,0
13.102223634719849,0
13.114755868911743,0
13.11497402191162,0
13.11498761177063,0
13.115033864974976,0
13.141051292419434,0
13.141248226165771,0
13.141350030899048,0
13.142578601837158,0
13.142722129821776,0
13.144083499908447,0
13.144105434417725,0
13.144820213317873,0
13.164686441421509,0
13.16498064994812,0
13.184127569198608,0
13.184155702590942,0
13.185077905654907,0
13.185361862182615,0
13.185387134552002,0
13.18710732460022,0
13.187504768371582,0
13.187658309936523,0
13.18790578842163,0
13.188238382339478,0
13.198532581329346,0
13.198610782623293,0
13.200166463851929,0
13.200205326080322,0
13.200566053390505,0
13.2005934715271,0
13.200829029083252,0
13.217875003814695,0
13.218057870864868,0
13.21970534324646,0
13.219774961471558,0
13.220922708511353,0
13.220977783203123,0
13.221415042877195,0
13.221439361572266,0
13.222563982009888,0
13.222599744796751,0
13.222793102264404,0
13.232836723327637,0
13.240764617919922,0
13.240899562835692,0
13.279688596725464,0
13.279725551605225,0
13.27974271774292,0
13.279766321182253,0
13.282598733901978,0
13.282631635665894,0
13.283009767532349,0
13.283442735671995,0
13.293667316436768,0
13.301896810531616,0
13.301922082901,0
13.301977396011353,0
13.30200481414795,0
13.302040100097656,0
13.307653427124023,0
13.319379568099976,0
13.319615125656128,0
13.321611642837524,0
13.32162380218506,0
13.337576150894163,0
13.362195491790771,0
13.36219573020935,0
13.362226724624634,0
13.362261056900024,0
13.364468097686768,0
13.36471152305603,0
13.364727258682253,0
13.391418218612673,0
13.425753593444824,0
13.425795316696169,0
13.429983139038086,0
13.430020570755005,0
13.430098533630373,0
13.43012309074402,0
13.430419445037842,0
13.430426359176636,0
13.430443286895752,0
13.431387424468994,0
13.431423425674438,0
13.432570457458496,0
13.432637691497805,0
13.433358669281006,0
13.445494890213013,0
13.44657826423645,0
13.448529958724976,0
13.45287275314331,0
13.47290825843811,0
13.472946166992188,0
13.47620940208435,0
13.476213455200195,0
13.476686716079712,0
13.47672176361084,0
13.476744651794434,0
13.505006551742554,0
13.50502061843872,0
13.505041599273682,0
13.505189657211304,0
13.505330562591553,0
13.505356550216677,0
13.505370140075684,0
13.50807762145996,0
13.525105476379396,0
13.525121450424194,0
13.525134086608888,0
13.525147914886476,0
13.526827335357666,0
13.526868343353271,0
13.527047872543337,0
13.528897762298584,0
13.528929948806764,0
13.53035569190979,0
13.530388593673706,0
13.534094095230104,0
13.558061838150024,0
13.559191465377808,0
13.55920147895813,0
13.559212684631348,0
13.560109376907349,0
13.560113430023192,0
13.560488939285278,0
13.57567024230957,0
13.576761960983276,0
13.577977180480955,0
13.598365783691406,0
13.598675727844238,0
13.599365949630736,0
13.599384307861328,0
13.599419355392456,0
13.60199761390686,0
13.602319240570068,0
13.602350234985352,0
13.60238552093506,0
13.615283250808716,0
13.615310668945312,0
13.61658263206482,0
13.616926431655884,0
13.651845693588257,0
13.68192720413208,0
13.684693098068236,0
13.684746980667114,0
13.684931993484495,0
13.684932470321655,0
13.684950828552246,0
13.68498921394348,0
13.685067415237429,0
13.706661462783812,0
13.706688165664673,0
13.709739923477173,0
13.70981788635254,0
13.70986032485962,0
13.710646867752075,0
13.71070647239685,0
13.715017795562744,0
13.715057134628296,0
13.716669082641602,0
13.716708898544312,0
13.71778678894043,0
13.718093395233154,0
13.71811318397522,0
13.71823763847351,0
13.727919578552246,0
13.72794485092163,0
13.728063106536863,0
13.771463871002195,0
13.775144100189207,0
13.775147199630736,0
13.776058912277222,0
13.777014255523682,0
13.77811884880066,0
13.778573513031006,0
13.77866792678833,0
13.778703451156616,0
13.778736591339111,0
13.77926540374756,0
13.791208744049072,0
13.792200326919556,0
13.79225754737854,0
13.792274713516235,0
13.817246913909912,0
13.817283630371094,0
13.818164348602297,0
13.818658351898192,0
13.818888187408447,0
13.820865869522097,0
13.82094120979309,0
13.835391759872437,0
13.837549209594728,0
13.862194061279297,0
13.869976043701172,0
13.870030879974363,0
13.870126724243164,0
13.870161533355711,0
13.875213146209717,0
13.875261306762695,0
13.875328063964844,0
13.8820538520813,0
13.888697147369385,0
13.898891925811768,0
13.91503620147705,0
13.915075540542604,0
13.915090560913086,0
13.91516637802124,0
13.919313669204712,0
13.919315338134766,0
13.922245502471924,0
13.9222731590271,0
13.922285318374634,0
13.922707557678224,0
13.92273211479187,0
13.931668758392334,0
13.973064661026,0
13.973098039627075,0
13.973140001296995,0
13.973178625106812,0
13.977432012557983,0
13.977449893951416,0
13.977461814880373,0
13.97747254371643,0
13.97773551940918,0
13.977780818939207,0
13.977828979492188,0
13.977847337722778,0
13.977882146835327,0
13.9779155254364,0
13.979226112365724,0
13.98581862449646,0
13.985819339752195,0
13.993141651153564,0
13.993154764175417,0
13.993175745010376,0
13.994190692901611,0
13.995304822921751,0
13.995768070220947,0
13.995807647705078,0
14.018891096115112,0
14.021779775619509,0
14.021834135055542,0
14.022924184799194,0
14.02298665046692,0
14.023582458496094,0
14.038165092468262,0
14.038199186325071,0
14.038216352462769,0
14.038289546966553,0
14.038413763046265,0
14.03845763206482,0
14.038501024246216,0
14.05230975151062,0
14.107593536376951,0
14.108640193939207,0
14.108651399612429,0
14.1087064743042,0
14.108755826950071,0
14.108941793441772,0
14.109848737716677,0
14.11269187927246,0
14.113262414932253,0
14.11708927154541,0
14.117258548736572,0
14.118106365203856,0
14.118131160736084,0
14.119431734085085,0
14.12328839302063,0
14.123311519622805,0
14.123323917388916,0
14.123326301574709,0
14.125839948654177,0
14.12586545944214,0
14.12623381614685,0
14.140722036361694,0
14.144551038742064,0
14.1449236869812,0
14.169498443603516,0
14.169513702392578,0
14.169524431228638,0
14.16955542564392,0
14.16974425315857,0
14.169759035110474,0
14.169771909713743,0
14.170563459396362,0
14.17057752609253,0
14.170587301254272,0
14.170596361160278,0
14.173592567443848,0
14.173619031906128,0
14.173845529556274,0
14.188639402389526,0
14.230154275894163,0
14.230251550674438,0
14.232026100158691,0
14.232063055038452,0
14.232081174850464,0
14.232101440429688,0
14.233516454696655,0
14.233930349349976,0
14.234105587005615,0
14.23593783378601,0
14.236164569854736,0
14.237476587295532,0
14.237847089767456,0
14.243621349334717,0
14.246269464492798,0
14.249370098114014,0
14.259520292282104,0
14.2595534324646,0
14.25990867614746,0
14.25993800163269,0
14.261268138885498,0
14.261821031570436,0
14.261863708496094,0
14.272584438323976,0
14.288968324661257,0
14.291433095932009,0
14.291488647460938,0
14.291494369506836,0
14.315175771713257,0
14.315228700637816,0
14.315729856491089,0
14.320233821868896,0
14.320634603500366,0
14.326343536376951,0
14.326344728469849,0
14.362228631973268,0
14.366908550262451,0
14.366923570632936,0
14.367794513702393,0
14.367810249328612,0
14.36785626411438,0
14.36788535118103,0
14.3802592754364,0
14.380276203155518,0
14.380608797073364,0
14.381302118301392,0
14.382715702056885,0
14.406710624694824,0
14.412529945373535,0
14.41288948059082,0
14.412917852401732,0
14.414374828338625,0
14.414862632751465,0
14.415143013000488,0
14.415176153182983,0
14.416542291641235,0
14.416598796844482,0
14.41886281967163,0
14.41889238357544,0
14.43142819404602,0
14.43144941329956,0
14.431669235229492,0
14.431750535964966,0
14.43407654762268,0
14.434181213378906,0
14.43429398536682,0
14.483783483505247,0
14.49044108390808,0
14.490479707717896,0
14.490543603897097,0
14.49059557914734,0
14.492554903030396,0
14.492591857910156,0
14.493339776992798,0
14.510528087615969,0
14.57239556312561,0
14.572695016860962,0
14.572795867919922,0
14.572879314422607,0
14.57571005821228,0
14.575741291046144,0
14.575819492340088,0
14.576786756515505,0
14.576815605163574,0
14.578452110290527,0
14.57865023612976,0
14.579992055892944,0
14.58298921585083,0
14.583847522735596,0
14.58647918701172,0
14.59776496887207,0
14.597860336303713,0
14.598721742630005,0
14.598818063735962,0
14.5988667011261,0
14.598948240280151,0
14.609923839569092,0
14.609943628311155,0
14.610036611557009,0
14.62338399887085,0
14.6234130859375,0
14.62512230873108,0
14.625479698181152,0
14.626805305480955,0
14.627914190292358,0
14.65345859527588,0
14.689285516738892,0
14.689325332641602,0
14.689387559890749,0
14.689437866210938,0
14.692547798156738,0
14.692582607269289,0
14.692654609680176,0
14.693544149398804,0
14.693581342697144,0
14.69378137588501,0
14.693781852722168,0
14.695850610733032,0
14.69588565826416,0
14.695908069610596,0
14.696880578994753,0
14.713969469070436,0
14.713994026184082,0
14.714001178741457,0
14.71428394317627,0
14.71429204940796,0
14.714306592941284,0
14.733257055282593,0
14.7334463596344,0
14.735078811645508,0
14.735121726989746,0
14.754122018814089,0
14.783815145492554,0
14.783840656280518,0
14.784967422485352,0
14.78593111038208,0
14.786117792129517,0
14.786137342453005,0
14.786528825759888,0
14.786671876907349,0
14.78669548034668,0
14.787797212600708,0
14.796737432479858,0
14.797443628311155,0
14.84067702293396,0
14.840715169906616,0
14.840790510177612,0
14.840850830078123,0
14.842956781387327,0
14.842977523803713,0
14.8430438041687,0
14.844561576843262,0
14.844651460647585,0
14.846625804901125,0
14.84670639038086,0
14.861473083496094,0
14.867077827453612,0
14.867270469665527,0
14.867365837097168,0
14.867396354675291,0
14.870340824127195,0
14.870361804962158,0
14.870413541793823,0
14.89310336112976,0
14.896914958953856,0
14.896937608718872,0
14.896980047225952,0
14.897240400314333,0
14.923723220825195,0
14.92411208152771,0
14.926814079284668,0
14.927368640899658,0
14.927424907684326,0
14.928457498550417,0
14.92847204208374,0
14.928481340408323,0
14.928521871566772,0
14.928563356399536,0
14.928602457046509,0
14.931174278259276,0
14.931202173233032,0
14.93126106262207,0
14.966343879699709,0
14.970250844955444,0
14.970470190048218,0
15.003344297409058,0
15.003365516662598,0
15.003373861312866,0
15.0033860206604,0
15.005470514297484,0
15.005486249923706,0
15.00574254989624,0
15.007351398468018,0
15.00827932357788,0
15.00922703742981,0
15.01051425933838,0
15.02903652191162,0
15.02907395362854,0
15.030670166015623,0
15.0307354927063,0
15.032405614852903,0
15.03547716140747,0
15.054053544998167,0
15.08800220489502,0
15.088032245635986,0
15.08808708190918,0
15.088107585906982,0
15.09133768081665,0
15.09135603904724,0
15.091970443725586,0
15.093229293823242,0
15.094911575317385,0
15.095577239990234,0
15.104190587997437,0
15.10419249534607,0
15.104706287384031,0
15.104802131652832,0
15.106664657592772,0
15.106687068939207,0
15.107445240020752,0
15.111043930053713,0
15.111056327819824,0
15.1118266582489,0
15.11185598373413,0
15.130932569503784,0
15.167176246643066,0
15.167520523071287,0
15.167540788650513,0
15.16759204864502,0
15.168872833251951,0
15.168982982635498,0
15.169461488723757,0
15.170159101486206,0
15.17019748687744,0
15.170561075210571,0
15.17060899734497,0
15.172292947769163,0
15.17231273651123,0
15.17232060432434,0
15.174883127212524,0
15.197865962982178,0
15.198143243789673,0
15.199247598648071,0
15.199276685714722,0
15.199341297149658,0
15.199359893798828,0
15.20110535621643,0
15.201148748397827,0
15.20122528076172,0
15.218248844146729,0
15.218286991119385,0
15.226287364959717,0
15.226333141326904,0
15.28803277015686,0
15.297089099884031,0
15.297109842300417,0
15.297200202941896,0
15.29793667793274,0
15.310549020767212,0
15.310608625411987,0
15.310628890991213,0
15.310739994049072,0
15.320067405700684,0
15.320446252822876,0
15.32046389579773,0
15.320480823516846,0
15.325098276138306,0
15.325126886367798,0
15.32516622543335,0
15.332156658172607,0
15.332208395004272,0
15.334832668304443,0
15.33488416671753,0
15.336844444274902,0
15.33808970451355,0
15.339709520339966,0
15.362834453582764,0
15.363809585571287,0
15.363820314407349,0
15.363847732543944,0
15.36531400680542,0
15.365325927734377,0
15.365333795547484,0
15.366496801376345,0
15.380438804626465,0
15.38366961479187,0
15.39521598815918,0
15.39526629447937,0
15.39671230316162,0
15.396870613098145,0
15.396892547607422,0
15.396902084350586,0
15.399713277816772,0
15.399945497512816,0
15.400033235549929,0
15.418208122253418,0
15.418466329574583,0
15.420772552490234,0
15.420806884765623,0
15.426637887954712,0
15.426660060882568,0
15.426965236663818,0
15.427165269851685,0
15.433318853378296,0
15.433497190475464,0
15.433527708053589,0
15.464073419570925,0
15.470189571380615,0
15.470231771469116,0
15.473031282424929,0
15.47326159477234,0
15.47520875930786,0
15.475769996643066,0
15.475849866867064,0
15.475870370864868,0
15.478203535079956,0
15.50634789466858,0
15.51737093925476,0
15.517667531967165,0
15.51771354675293,0
15.518959522247314,0
15.519067764282228,0
15.519076108932495,0
15.519086837768556,0
15.51909065246582,0
15.519134521484377,0
15.519148349761965,0
15.519221544265749,0
15.56316375732422,0
15.567232847213743,0
15.567548513412476,0
15.567551612854004,0
15.56757640838623,0
15.568641185760498,0
15.568664789199827,0
15.568707466125488,0
15.62423038482666,0
15.628971099853516,0
15.629372119903564,0
15.64130401611328,0
15.641344785690308,0
15.64136552810669,0
15.641388416290283,0
15.645070791244509,0
15.64514136314392,0
15.645204544067385,0
15.64645528793335,0
15.646504163742064,0
15.64837121963501,0
15.64860224723816,0
15.665118217468262,0
15.672537803649902,0
15.672590494155884,0
15.67305827140808,0
15.673269510269163,0
15.682005643844604,0
15.682035446166992,0
15.682821273803713,0
15.682843923568726,0
15.682849407196043,0
15.682858943939207,0
15.68286418914795,0
15.690147876739502,0
15.690168619155884,0
15.690186262130736,0
15.692317724227903,0
15.704790353775024,0
15.707685947418211,0
15.708802938461304,0
15.709022283554075,0
15.709129095077516,0
15.709323644638062,0
15.70944333076477,0
15.709625959396362,0
15.710095405578612,0
15.710123777389526,0
15.710219144821169,0
15.71953511238098,0
15.72080898284912,0
15.721867799758911,0
15.739450216293337,0
15.73987865447998,0
15.73990035057068,0
15.73992395401001,0
15.74235224723816,0
15.742377519607544,0
15.742870807647703,0
15.771816968917848,0
15.834734439849854,0
15.83476185798645,0
15.836690187454224,0
15.836735486984251,0
15.836751699447632,0
15.836784362792969,0
15.837440013885498,0
15.83794641494751,0
15.83833360671997,0
15.839142084121704,0
15.841341733932495,0
15.845810890197754,0
15.845813274383543,0
15.846861124038696,0
15.846885204315186,0
15.84740948677063,0
15.85781478881836,0
15.857940435409546,0
15.858076095581056,0
15.860434293746948,0
15.861005783081056,0
15.861140966415403,0
15.861175537109377,0
15.871634244918823,0
15.872956037521362,0
15.874067068099976,0
15.899121046066284,0
15.900925159454346,0
15.900956392288208,0
15.903452396392822,0
15.903468132019045,0
15.903469562530518,0
15.90395164489746,0
15.904993057250977,0
15.904994010925291,0
15.905118227005005,0
15.905136108398438,0
15.922783851623535,0
15.92281174659729,0
15.922826528549194,0
15.923264265060425,0
15.923587560653688,0
15.924214124679564,0
15.92444396018982,0
15.93405532836914,0
15.93625807762146,0
15.93628215789795,0
15.936292171478271,0
15.936303853988647,0
15.946189880371094,0
15.946405410766602,0
15.947012662887571,0
15.956909894943236,0
15.980916261672974,0
15.9809730052948,0
15.981877565383911,0
15.981889247894289,0
15.981936693191528,0
15.981950759887695,0
15.983285665512083,0
15.983311176300049,0
15.983645677566528,0
15.995301723480225,0
15.99676775932312,0
15.99819803237915,0
16.015416383743286,0
16.01546359062195,0
16.01822304725647,0
16.01827645301819,0
16.019238471984863,0
16.03801918029785,0
16.04013705253601,0
16.040364742279053,0
16.04041624069214,0
16.04049062728882,0
16.040513515472412,0
16.040592193603516,0
16.051517248153687,0
16.082628965377808,0
16.08268976211548,0
16.082746982574463,0
16.082813024520874,0
16.08287000656128,0
16.08293318748474,0
16.082995653152466,0
16.100001573562622,0
16.100083351135254,0
16.10423970222473,0
16.104273796081543,0
16.104337215423584,0
16.12353515625,0
16.12356400489807,0
16.123594284057617,0
16.123632431030273,0
16.125097513198853,0
16.125126600265503,0
16.125977516174316,0
16.12820339202881,0
16.128234386444092,0
16.128244876861572,0
16.128254175186157,0
16.130431652069092,0
16.13045907020569,0
16.13047504425049,0
16.147161722183228,0
16.20750594139099,0
16.207525730133057,0
16.208887815475464,0
16.208921432495117,0
16.20893692970276,0
16.208955764770508,0
16.211027145385742,0
16.21104407310486,0
16.211059093475342,0
16.21185064315796,0
16.214229345321655,0
16.224753618240356,0
16.23519253730774,0
16.23645544052124,0
16.237118005752563,0
16.237166166305542,0
16.269853353500366,0
16.276509523391724,0
16.27907943725586,0
16.279112100601196,0
16.279142141342163,0
16.281861543655396,0
16.28193497657776,0
16.281957387924194,0
16.28204870223999,0
16.28579068183899,0
16.287209510803223,0
16.28843593597412,0
16.293566942214966,0
16.299468278884888,0
16.299499988555908,0
16.29953932762146,0
16.299608945846558,0
16.321512460708618,0
16.321542263031006,0
16.32155704498291,0
16.32585597038269,0
16.32607126235962,0
16.32692551612854,0
16.3269522190094,0
16.332740545272827,0
16.372596740722656,0
16.372610807418823,0
16.37288475036621,0
16.372905492782593,0
16.372963190078735,0
16.372975826263428,0
16.37720036506653,0
16.377312660217285,0
16.377363920211792,0
16.378751754760742,0
16.37882351875305,0
16.37887978553772,0
16.37889051437378,0
16.381028652191162,0
16.381054162979126,0
16.38107681274414,0
16.390335083007812,0
16.416202545166016,0
16.416218996047974,0
16.416234254837036,0
16.416313409805298,0
16.41884708404541,0
16.41889214515686,0
16.418952226638794,0
16.42030620574951,0
16.420313596725464,0
16.43416166305542,0
16.434231519699097,0
16.434308767318726,0
16.470641136169434,0
16.47076678276062,0
16.4709575176239,0
16.471150636672974,0
16.474109411239624,0
16.47420334815979,0
16.474285364151,0
16.481203079223633,0
16.481207847595215,0
16.491294622421265,0
16.51991367340088,0
16.519943714141846,0
16.520552396774292,0
16.520866632461548,0
16.52247381210327,0
16.522903203964233,0
16.52357268333435,0
16.525492906570435,0
16.525521278381348,0
16.549073219299316,0
16.549120664596558,0
16.555570602416992,0
16.562872171401978,0
16.562884092330933,0
16.562925100326538,0
16.56296181678772,0
16.562976121902466,0
16.56301259994507,0
16.569045543670654,0
16.569074392318726,0
16.56914234161377,0
16.590259313583374,0
16.63019347190857,0
16.632247924804688,0
16.632280349731445,0
16.632328271865845,0
16.63448405265808,0
16.634501218795776,0
16.63476538658142,0
16.636324405670166,0
16.636340379714966,0
16.637848138809204,0
16.637872457504272,0
16.638931035995483,0
16.63895893096924,0
16.638969659805298,0
16.6389799118042,0
16.64241051673889,0
16.64242959022522,0
16.642441034317017,0
16.64627981185913,0
16.646693229675293,0
16.647039890289307,0
16.66029953956604,0
16.660664081573486,0
16.66069483757019,0
16.660773992538452,0
16.664427518844604,0
16.664488792419434,0
16.664538145065308,0
16.66536259651184,0
16.666245460510254,0
16.706127166748047,0
16.709771633148193,0
16.710674285888672,0
16.71070885658264,0
16.710721731185913,0
16.711652040481567,0
16.711663961410522,0
16.711677074432373,0
16.71294069290161,0
16.71296525001526,0
16.713427782058716,0
16.713448524475098,0
16.715791940689087,0
16.734466552734375,0
16.73448872566223,0
16.734492540359497,0
16.73454713821411,0
16.755125999450684,0
16.755167484283447,0
16.755753993988037,0
16.77325677871704,0
16.776682376861572,0
16.77695894241333,0
16.791755199432373,0
16.79177236557007,0
16.791785717010498,0
16.791785955429077,0
16.79348874092102,0
16.793506145477295,0
16.793554306030273,0
16.838512897491455,0
16.838544130325317,0
16.84272575378418,0
16.84274911880493,0
16.84333848953247,0
16.887412548065186,0
16.887449741363525,0
16.887489557266235,0
16.88753342628479,0
16.888103008270264,0
16.888137817382812,0
16.888202667236328,0
16.888968467712402,0
16.88898253440857,0
16.888984203338623,0
16.888996124267578,0
16.889195203781128,0
16.88921594619751,0
16.88923454284668,0
16.889251232147217,0
16.892224311828613,0
16.89227318763733,0
16.89237928390503,0
16.892396926879883,0
16.90114402770996,0
16.901158094406128,0
16.901158809661865,0
16.903163194656372,0
16.904930114746094,0
16.909161806106567,0
16.909173250198364,0
16.94010639190674,0
16.940120458602905,0
16.94087839126587,0
16.944244861602783,0
16.944245100021362,0
16.94512176513672,0
16.945137977600098,0
16.945232391357422,0
16.94525146484375,0
16.973421812057495,0
16.973448514938354,0
16.973588466644287,0
16.974387884140015,0
16.976860523223877,0
16.977497577667236,0
16.98328399658203,0
16.98348879814148,0
16.983502626419067,0
16.98351502418518,0
16.98544692993164,0
16.985995054244995,0
16.987029790878296,0
16.98738670349121,0
17.012036561965942,0
17.012245416641235,0
17.013643503189087,0
17.013752937316895,0
17.03083872795105,0
17.060307025909424,0
17.060336112976074,0
17.060353994369507,0
17.06037425994873,0
17.06352925300598,0
17.06358528137207,0
17.063647270202637,0
17.06414294242859,0
17.100570678710938,0
17.10059905052185,0
17.10060954093933,0
17.100624799728394,0
17.100775718688965,0
17.100807428359985,0
17.10083794593811,0
17.10172200202942,0
17.101750373840332,0
17.101762294769287,0
17.101898908615112,0
17.102713346481323,0
17.10273838043213,0
17.102895975112915,0
17.139150381088257,0
17.139211416244507,0
17.14091444015503,0
17.140958547592163,0
17.141573429107666,0
17.17562174797058,0
17.17722725868225,0
17.177555084228516,0
17.17756700515747,0
17.17757821083069,0
17.1775906085968,0
17.180496215820312,0
17.180509328842163,0
17.18052387237549,0
17.18066143989563,0
17.18532156944275,0
17.185349225997925,0
17.185380935668945,0
17.18543767929077,0
17.187562227249146,0
17.187620639801025,0
17.187898635864258,0
17.188834190368652,0
17.18981432914734,0
17.21882653236389,0
17.218859434127808,0
17.22016716003418,0
17.22021222114563,0
17.230244874954224,0
17.271458864212036,0
17.27150273323059,0
17.271832704544067,0
17.271875381469727,0
17.275429725646973,0
17.275471687316895,0
17.275593280792236,0
17.276139497756958,0
17.28426194190979,0
17.28431272506714,0
17.284332752227783,0
17.284375190734863,0
17.28608798980713,0
17.286106824874878,0
17.286110401153564,0
17.286132097244263,0
17.288074493408203,0
17.290033102035522,0
17.290072202682495,0
17.29008460044861,0
17.29014277458191,0
17.292547464370728,0
17.292640209197998,0
17.316816091537476,0
17.31681728363037,0
17.3178231716156,0
17.318185567855835,0
17.31873321533203,0
17.349860191345215,0
17.34990882873535,0
17.34990906715393,0
17.349937915802002,0
17.35239863395691,0
17.352449417114258,0
17.352466344833374,0
17.352510929107666,0
17.354390382766724,0
17.367516040802002,0
17.436387538909912,0
17.436410903930664,0
17.43843388557434,0
17.438437938690186,0
17.438457489013672,0
17.438477039337158,0
17.443648099899292,0
17.44372272491455,0
17.44377088546753,0
17.470659494400024,0
17.471012830734253,0
17.473949432373047,0
17.474066019058228,0
17.4753577709198,0
17.481321811676025,0
17.488529205322266,0
17.488550424575806,0
17.488566160202026,0
17.48863649368286,0
17.49346923828125,0
17.49379301071167,0
17.49398112297058,0
17.49682855606079,0
17.497013092041016,0
17.49853539466858,0
17.498539686203003,0
17.499205350875854,0
17.532819986343384,0
17.53284478187561,0
17.53285503387451,0
17.532866716384888,0
17.532887935638428,0
17.53293752670288,0
17.53498601913452,0
17.53709363937378,0
17.53710699081421,0
17.5371413230896,0
17.537261724472046,0
17.53728461265564,0
17.537374258041382,0
17.53747820854187,0
17.537566661834717,0
17.537582874298096,0
17.53759789466858,0
17.563607454299927,0
17.563611030578613,0
17.56453776359558,0
17.564563751220703,0
17.5645751953125,0
17.564579486846924,0
17.566511392593384,0
17.568174123764038,0
17.568203926086426,0
17.580496549606323,0
17.582138776779175,0
17.58280062675476,0
17.61043620109558,0
17.610472917556763,0
17.610527515411377,0
17.610547065734863,0
17.61072540283203,0
17.610772132873535,0
17.610792875289917,0
17.613028049468994,0
17.613060474395752,0
17.614454746246338,0
17.6144700050354,0
17.65675926208496,0
17.68278741836548,0
17.68281865119934,0
17.682910203933716,0
17.68301796913147,0
17.689372777938843,0
17.689510107040405,0
17.68954634666443,0
17.703097581863403,0
17.71047592163086,0
17.7104971408844,0
17.710511922836304,0
17.71056318283081,0
17.71062922477722,0
17.71066427230835,0
17.711519241333008,0
17.71298909187317,0
17.713007926940918,0
17.714746952056885,0
17.714786529541016,0
17.743545055389404,0
17.74537229537964,0
17.74765658378601,0
17.762675285339355,0
17.762991666793823,0
17.763818502426147,0
17.763925790786743,0
17.764209747314453,0
17.764322519302368,0
17.766662120819092,0
17.766919374465942,0
17.76715612411499,0
17.774834394454956,0
17.775190830230713,0
17.77521538734436,0
17.775512218475342,0
17.781031370162964,0
17.781062364578247,0
17.781291246414185,0
17.781607151031494,0
17.8039653301239,0
17.803993701934814,0
17.803996562957764,0
17.80409073829651,0
17.804278135299683,0
17.804307460784912,0
17.804378509521484,0
17.805493116378784,0
17.80552077293396,0
17.808315992355347,0
17.808359622955322,0
17.85237956047058,0
17.87440276145935,0
17.877837657928467,0
17.877882719039917,0
17.8779513835907,0
17.878120183944702,0
17.878211736679077,0
17.87824296951294,0
17.890556812286377,0
17.92657494544983,0
17.928138494491577,0
17.93753719329834,0
17.937577962875366,0
17.937896013259888,0
17.93796467781067,0
17.93799662590027,0
17.938032388687134,0
17.938140869140625,0
17.93815040588379,0
17.93816614151001,0
17.93821668624878,0
17.960143327713013,0
17.96037721633911,0
17.961303234100342,0
17.96148157119751,0
17.961501598358154,0
17.961573600769043,0
17.980388402938843,0
17.980407238006592,0
17.98042893409729,0
17.984673261642456,0
17.987358808517456,0
17.987891912460327,0
17.991344213485718,0
18.0233097076416,0
18.0233633518219,0
18.023678302764893,0
18.023725986480716,0
18.02810311317444,0
18.02811098098755,0
18.028236627578732,0
18.037229299545288,0
18.03725266456604,0
18.03750514984131,0
18.03752493858337,0
18.03756737709045,0
18.037795305252075,0
18.03781747817993,0
18.03797912597656,0
18.038013458251957,0
18.038073301315308,0
18.03817319869995,0
18.03919625282288,0
18.056946754455566,0
18.05696702003479,0
18.05713391304016,0
18.0595338344574,0
18.06013035774231,0
18.06017780303955,0
18.06029462814331,0
18.10378837585449,0
18.11119270324707,0
18.111243724823,0
18.11493468284607,0
18.1149845123291,0
18.115987539291385,0
18.1160945892334,0
18.116276741027832,0
18.1168909072876,0
18.116994619369507,0
18.11906719207764,0
18.11925435066223,0
18.16489577293396,0
18.16777491569519,0
18.169522285461422,0
18.188090324401852,0
18.18822455406189,0
18.1911678314209,0
18.191182136535645,0
18.19121122360229,0
18.191214084625244,0
18.195109128952023,0
18.19516539573669,0
18.195220470428467,0
18.195369243621823,0
18.197969675064087,0
18.209047079086304,0
18.2159161567688,0
18.21972680091858,0
18.220999002456665,0
18.221038341522217,0
18.22105574607849,0
18.221381187438965,0
18.221555948257446,0
18.221585035324097,0
18.22158646583557,0
18.221648931503296,0
18.221754789352417,0
18.267598152160645,0
18.27336406707764,0
18.27366280555725,0
18.273757934570312,0
18.274195432662964,0
18.275979042053223,0
18.27635955810547,0
18.276406288146973,0
18.27804684638977,0
18.278074264526367,0
18.2785325050354,0
18.278579711914062,0
18.27927327156067,0
18.27932381629944,0
18.27956604957581,0
18.307581901550293,0
18.317174911499023,0
18.31720614433289,0
18.31731605529785,0
18.3173463344574,0
18.320303678512573,0
18.320878982543945,0
18.320916891098022,0
18.32199549674988,0
18.32212209701538,0
18.32420945167541,0
18.324259519577023,0
18.32685232162476,0
18.33400273323059,0
18.33597302436829,0
18.37448024749756,0
18.37458276748657,0
18.376234769821167,0
18.37625360488892,0
18.376314878463745,0
18.37637424468994,0
18.38039803504944,0
18.38042020797729,0
18.38055682182312,0
18.3864483833313,0
18.39577293395996,0
18.39603471755981,0
18.396066904067997,0
18.39882755279541,0
18.39889907836914,0
18.398924112319943,0
18.399014472961422,0
18.411490201950077,0
18.411563873291016,0
18.41350531578064,0
18.413589239120483,0
18.429341554641724,0
18.465157985687256,0
18.46539807319641,0
18.4654860496521,0
18.46556067466736,0
18.467904090881348,0
18.46814346313477,0
18.46853017807007,0
18.46924328804016,0
18.47754716873169,0
18.477585554122925,0
18.47758817672729,0
18.47760391235352,0
18.48121333122253,0
18.48125171661377,0
18.481271266937256,0
18.49064803123474,0
18.49068284034729,0
18.49069738388061,0
18.490772008895878,0
18.492105960845947,0
18.49214220046997,0
18.492218494415283,0
18.51778888702393,0
18.517850160598755,0
18.52051377296448,0
18.520630836486816,0
18.521963834762573,0
18.539546251297,0
18.539589643478397,0
18.53972697257996,0
18.53973078727722,0
18.54257321357727,0
18.54296040534973,0
18.54317808151245,0
18.561254501342773,0
18.59160852432251,0
18.591644525527958,0
18.596858978271484,0
18.59690809249878,0
18.597140073776245,0
18.59717106819153,0
18.59724235534668,0
18.59733986854553,0
18.597371339797974,0
18.600805282592773,0
18.60281491279602,0
18.607709646224976,0
18.608853816986084,0
18.61403226852417,0
18.61405038833618,0
18.63431668281555,0
18.63439178466797,0
18.63538384437561,0
18.658282041549683,0
18.658380270004272,0
18.66118788719177,0
18.661211013793945,0
18.661336421966556,0
18.66140627861023,0
18.66142964363098,0
18.67838716506958,0
18.68104219436645,0
18.682895183563232,0
18.712708950042725,0
18.717103242874146,0
18.7171733379364,0
18.717406034469604,0
18.71755886077881,0
18.717586040496823,0
18.71844458580017,0
18.719197034835812,0
18.719197750091556,0
18.720051527023315,0
18.72008728981018,0
18.720890760421756,0
18.729637145996094,0
18.72967267036438,0
18.7296884059906,0
18.733846187591556,0
18.7433762550354,0
18.74343752861023,0
18.74351119995117,0
18.744699001312256,0
18.744738340377808,0
18.744972229003903,0
18.74502396583557,0
18.7475700378418,0
18.747589826583862,0
18.747945070266724,0
18.748441696166992,0
18.78181481361389,0
18.782146215438843,0
18.78377938270569,0
18.783823013305664,0
18.78702402114868,0
18.78708553314209,0
18.78897857666016,0
18.789612531661987,0
18.78974437713623,0
18.79035258293152,0
18.795180559158325,0
18.795214653015137,0
18.79526233673096,0
18.79533290863037,0
18.798166036605835,0
18.798250198364254,0
18.798808813095093,0
18.80919861793518,0
18.809820652008057,0
18.82661008834839,0
18.826640129089355,0
18.860937356948853,0
18.866822242736816,0
18.86686491966248,0
18.86956810951233,0
18.86963891983032,0
18.869776964187626,0
18.86984276771545,0
18.86992907524109,0
18.90327000617981,0
18.922611713409424,0
18.922711849212646,0
18.92279982566833,0
18.92289018630981,0
18.927109003067017,0
18.927489519119263,0
18.92760014533997,0
18.929404497146606,0
18.929428577423096,0
18.934489727020264,0
18.93451166152954,0
18.96031165122986,0
18.98918509483337,0
18.989640474319454,0
18.991347789764404,0
18.991361379623413,0
18.991392374038696,0
18.992014169692997,0
18.99341583251953,0
18.99348521232605,0
18.994080305099487,0
18.99519920349121,0
18.995237112045288,0
18.995453596115112,0
18.99547839164734,0
18.99698519706726,0
18.99702191352844,0
18.99715304374695,0
18.99785733222961,0
19.000863790512085,0
19.0058696269989,0
19.006144523620605,0
19.00617289543152,0
19.00623035430908,0
19.026895999908447,0
19.026962518692017,0
19.0270893573761,0
19.02960777282715,0
19.02976107597351,0
19.03299379348755,0
19.03314995765686,0
19.034323692321777,0
19.03683614730835,0
19.042357444763184,0
19.061254739761356,0
19.0640652179718,0
19.094342708587646,0
19.094392776489254,0
19.094435214996334,0
19.094484090805054,0
19.094623804092407,0
19.09467577934265,0
19.09472393989563,0
19.11053776741028,0
19.13811683654785,0
19.13826894760132,0
19.141271352767944,0
19.14193344116211,0
19.16982913017273,0
19.16985034942627,0
19.16987252235413,0
19.17555069923401,0
19.17562985420227,0
19.19921827316284,0
19.20325398445129,0
19.20439338684082,0
19.204500198364254,0
19.204737424850464,0
19.20476603507996,0
19.204859256744385,0
19.20544123649597,0
19.223628044128414,0
19.223687171936035,0
19.22597026824951,0
19.22601532936096,0
19.22774887084961,0
19.22779679298401,0
19.227822303771973,0
19.2280957698822,0
19.2297682762146,0
19.22980809211731,0
19.22982382774353,0
19.251532554626465,0
19.278074026107788,0
19.281245708465576,0
19.281506061553955,0
19.28152871131897,0
19.281752109527588,0
19.281811952590942,0
19.28183460235596,0
19.29865026473999,0
19.306729316711422,0
19.307573795318604,0
19.30761480331421,0
19.30769109725952,0
19.309329986572266,0
19.309463024139404,0
19.310094594955444,0
19.31230473518372,0
19.312344312667847,0
19.314483404159542,0
19.31455016136169,0
19.3389196395874,0
19.368079900741577,0
19.3681001663208,0
19.369014739990234,0
19.374185800552368,0
19.37421417236328,0
19.37427020072937,0
19.37542033195496,0
19.375436067581177,0
19.375449419021606,0
19.37776279449463,0
19.37948107719421,0
19.380176544189453,0
19.40403652191162,0
19.4043083190918,0
19.40435266494751,0
19.40436553955078,0
19.40847325325012,0
19.408512830734253,0
19.40893578529358,0
19.41022562980652,0
19.41045570373535,0
19.41203355789185,0
19.412112951278687,0
19.41290068626404,0
19.418561935424805,0
19.421682834625244,0
19.43850874900818,0
19.43856358528137,0
19.43864893913269,0
19.43871808052063,0
19.44525980949402,0
19.44534063339233,0
19.445876121521,0
19.45309805870056,0
19.45313715934753,0
19.453315496444706,0
19.453333854675293,0
19.455485582351685,0
19.455522537231445,0
19.45584201812744,0
19.47108745574951,0
19.521172046661377,0
19.52122640609741,0
19.521578550338745,0
19.52195620536804,0
19.5241973400116,0
19.52465867996216,0
19.524827241897583,0
19.552326917648315,0
19.55234003067017,0
19.554624319076535,0
19.55466604232788,0
19.55546760559082,0
19.57705760002136,0
19.57711172103882,0
19.5792977809906,0
19.57934045791626,0
19.57936382293701,0
19.579432487487797,0
19.586097955703732,0
19.58623003959656,0
19.586254835128784,0
19.586283206939697,0
19.58653163909912,0
19.589029788970947,0
19.595208168029785,0
19.59731888771057,0
19.597375869750977,0
19.598848819732662,0
19.599034070968628,0
19.599097967147827,0
19.5991473197937,0
19.60137939453125,0
19.601553916931152,0
19.603077173233032,0
19.603142738342285,0
19.603907108306885,0
19.621086359024048,0
19.62112593650818,0
19.62122321128845,0
19.623158931732178,0
19.623324632644653,0
19.623354196548465,0
19.62344002723694,0
19.65300679206848,0
19.677882432937626,0
19.6779203414917,0
19.67797327041626,0
19.67803931236267,0
19.68119788169861,0
19.68128538131714,0
19.681555032730103,0
19.68228507041931,0
19.682323217391968,0
19.68263816833496,0
19.68266987800598,0
19.691402196884155,0
19.691450595855716,0
19.69167184829712,0
19.692445039749146,0
19.72486114501953,0
19.724884271621704,0
19.724913120269772,0
19.725294589996334,0
19.7282612323761,0
19.728314638137817,0
19.728949546813965,0
19.73076367378235,0
19.731130599975582,0
19.73763608932495,0
19.737808227539062,0
19.73933243751526,0
19.75175189971924,0
19.755203008651733,0
19.78464818000793,0
19.78473854064941,0
19.78718137741089,0
19.78719186782837,0
19.78727960586548,0
19.787368774414062,0
19.79209589958191,0
19.792500019073486,0
19.79256558418274,0
19.793429851531982,0
19.829528331756592,0
19.829588174819943,0
19.829973220825195,0
19.830026626586918,0
19.832540273666385,0
19.8328800201416,0
19.83290958404541,0
19.835785150527958,0
19.835789442062374,0
19.837501287460327,0
19.83758425712585,0
19.83850574493408,0
19.84066939353943,0
19.855498552322388,0
19.8594343662262,0
19.859564065933228,0
19.859565258026123,0
19.86004900932312,0
19.874135494232178,0
19.87417817115784,0
19.87427854537964,0
19.87627387046814,0
19.907267808914185,0
19.907623529434204,0
19.9078221321106,0
19.907871961593628,0
19.908296585083008,0
19.908520460128784,0
19.908567905426025,0
19.913604259490967,0
19.913658142089844,0
19.91535186767578,0
19.915668487548828,0
19.920270681381226,0
19.920613288879395,0
19.920645713806152,0
19.9206657409668,0
19.925227880477905,0
19.925269842147827,0
19.92527937889099,0
19.935031414031982,0
19.966784715652462,0
19.967045783996586,0
19.969477891922,0
19.96950078010559,0
19.969542741775516,0
19.96956157684326,0
19.976543188095093,0
19.97695803642273,0
19.977417945861816,0
19.977478504180908,0
19.978415489196777,0
19.98034381866455,0
19.981717109680176,0
19.997684001922607,0
19.99776935577393,0
19.99779200553894,0
19.9979088306427,0
19.999984741210938,0
20.000013828277588,0
20.000037670135494,0
20.01615881919861,0
20.0162570476532,0
20.01934003829956,0
20.019463062286377,0
20.036284685134888,0
20.04055547714233,0
20.07402014732361,0
20.081562519073486,0
20.08195924758911,0
20.082446575164795,0
20.08305072784424,0
20.084524869918823,0
20.084620237350464,0
20.08471965789795,0
20.10506534576416,0
20.116629123687744,0
20.1166512966156,0
20.11926770210266,0
20.119380474090576,0
20.119496822357178,0
20.119536638259888,0
20.119762420654297,0
20.119827032089237,0
20.119869470596317,0
20.12239170074463,0
20.12271738052368,0
20.12364411354065,0
20.13926696777344,0
20.14242196083069,0
20.14251708984375,0
20.14262342453003,0
20.142682313919067,0
20.14274263381958,0
20.14281463623047,0
20.157552242279053,0
20.157973289489743,0
20.15802812576294,0
20.158040523529053,0
20.159637212753296,0
20.159669637680054,0
20.16142988204956,0
20.17731547355652,0
20.180427312850952,0
20.180707216262817,0
20.20780897140503,0
20.20783829689026,0
20.207905530929565,0
20.207957983016968,0
20.21383619308472,0
20.214134216308597,0
20.21446180343628,0
20.21559238433838,0
20.21824359893799,0
20.223790884017944,0
20.22383666038513,0
20.22647476196289,0
20.226564168930054,0
20.22770929336548,0
20.237064599990845,0
20.237146854400635,0
20.237173318862915,0
20.23730683326721,0
20.25253772735596,0
20.25264859199524,0
20.252849578857425,0
20.25857186317444,0
20.285598516464237,0
20.285733938217163,0
20.28641009330749,0
20.28643536567688,0
20.28796768188477,0
20.288182735443115,0
20.288399696350098,0
20.28937816619873,0
20.291274785995483,0
20.31045746803284,0
20.310494661331177,0
20.338636875152588,0
20.33874011039734,0
20.33877396583557,0
20.360175609588623,0
20.360466241836548,0
20.382692098617557,0
20.38280153274536,0
20.383068323135376,0
20.383076906204224,0
20.388113737106323,0
20.388406991958615,0
20.388979196548465,0
20.38914203643799,0
20.38923406600952,0
20.390300512313843,0
20.40460968017578,0
20.404793977737427,0
20.405040502548218,0
20.405070543289185,0
20.409015655517575,0
20.40907335281372,0
20.409369945526123,0
20.411938428878784,0
20.412011861801147,0
20.41763520240784,0
20.417760372161865,0
20.41792178153992,0
20.438135862350464,0
20.43821907043457,0
20.438300132751465,0
20.43839144706726,0
20.44068646430969,0
20.44078540802002,0
20.44104743003845,0
20.487133741378784,0
20.49424648284912,0
20.494694471359253,0
20.494735956192017,0
20.494821786880493,0
20.499822854995728,0
20.49987387657165,0
20.49993872642517,0
20.501538038253784,0
20.503904819488525,0
20.52678394317627,0
20.52684211730957,0
20.529057264328003,0
20.52913522720337,0
20.535209894180294,0
20.56008720397949,0
20.560209274291992,0
20.56023097038269,0
20.560251712799072,0
20.56436324119568,0
20.56436824798584,0
20.564441680908203,0
20.573132753372192,0
20.608001947402958,0
20.60802674293518,0
20.61007285118103,0
20.610116243362427,0
20.610137939453125,0
20.610191345214844,0
20.616023778915405,0
20.616108894348145,0
20.61648321151733,0
20.6172993183136,0
20.619444370269772,0
20.622618913650516,0
20.622658729553223,0
20.62452006340027,0
20.624611139297485,0
20.64000654220581,0
20.645596742630005,0
20.650277376174927,0
20.650319814682007,0
20.652029275894165,0
20.652161836624146,0
20.652182579040527,0
20.652198791503903,0
20.662079334259037,0
20.662123918533325,0
20.662391662597656,0
20.66240954399109,0
20.66356611251831,0
20.66356635093689,0
20.66358757019043,0
20.66364812850952,0
20.672529697418213,0
20.67256999015808,0
20.672641038894653,0
20.672712802886963,0
20.680319786071777,0
20.680379152297974,0
20.68039107322693,0
20.71775507926941,0
20.71825623512268,0
20.72084593772888,0
20.72090172767639,0
20.72227644920349,0
20.739851236343384,0
20.73988699913025,0
20.73991107940674,0
20.73999571800232,0
20.744877576828003,0
20.74492621421814,0
20.745290994644165,0
20.776668071746823,0
20.78360915184021,0
20.78377842903137,0
20.785656213760376,0
20.785685062408447,0
20.785738945007324,0
20.788604021072388,0
20.802119493484497,0
20.80231475830078,0
20.802428245544437,0
20.804868936538696,0
20.80716037750244,0
20.80965614318848,0
20.80980658531189,0
20.81229853630066,0
20.81252956390381,0
20.841572999954224,0
20.87892317771912,0
20.879302978515625,0
20.879594087600708,0
20.87989926338196,0
20.880895853042603,0
20.881199598312374,0
20.881805181503296,0
20.88306260108948,0
20.88902711868286,0
20.889068603515625,0
20.88910937309265,0
20.88923144340515,0
20.920530080795288,0
20.920541286468502,0
20.920701503753666,0
20.922800064086918,0
20.92303705215454,0
20.92504906654358,0
20.925101041793823,0
20.929944038391117,0
20.97749900817871,0
20.9778048992157,0
20.97781729698181,0
20.97869849205017,0
20.984043836593628,0
20.984503507614136,0
20.984773635864254,0
20.9855318069458,0
20.990306615829468,0
20.99579763412476,0
21.003531217575077,0
21.00385022163391,0
21.010890245437626,0
21.01255750656128,0
21.01261830329895,0
21.01319169998169,0
21.013285875320435,0
21.013445615768436,0
21.013511419296265,0
21.015913009643555,0
21.018430948257446,0
21.021218299865723,0
21.022897005081177,0
21.023181915283203,0
21.02767133712769,0
21.027924060821533,0
21.02876853942871,0
21.0362241268158,0
21.03645491600037,0
21.036490201950077,0
21.039066314697266,0
21.03934073448181,0
21.039597511291504,0
21.039708137512207,0
21.073822259902958,0
21.081478595733643,0
21.081512212753296,0
21.08152437210083,0
21.081530570983887,0
21.095710515975952,0
21.0957510471344,0
21.09581422805786,0
21.12755823135376,0
21.127631187438965,0
21.13020086288452,0
21.13034725189209,0
21.13193368911743,0
21.143271923065186,0
21.14334774017334,0
21.143372058868408,0
21.14338612556457,0
21.1729896068573,0
21.1735098361969,0
21.174657344818115,0
21.182204008102417,0
21.18220448493957,0
21.18226218223572,0
21.18227434158325,0
21.183897733688354,0
21.18425226211548,0
21.184298992156982,0
21.184640407562256,0
21.22726821899414,0
21.227309465408325,0
21.230680227279663,0
21.23075151443481,0
21.230862379074097,0
21.23090624809265,0
21.23491477966309,0
21.234961986541748,0
21.237268447875977,0
21.238198280334476,0
21.23830628395081,0
21.240901708602905,0
21.240989685058597,0
21.242079973220825,0
21.251683950424194,0
21.2521812915802,0
21.25222539901733,0
21.252307415008545,0
21.25442671775818,0
21.25447249412537,0
21.255030155181885,0
21.255918502807617,0
21.25679063796997,0
21.281572341918945,0
21.290929555892944,0
21.29117703437805,0
21.291346549987797,0
21.291486978530884,0
21.294328451156616,0
21.294369220733643,0
21.2944438457489,0
21.29460310935974,0
21.301160097122192,0
21.319477081298828,0
21.31960654258728,0
21.323091745376587,0
21.323220252990723,0
21.325124263763428,0
21.34136915206909,0
21.341869592666622,0
21.34192681312561,0
21.34194850921631,0
21.343794345855716,0
21.343852758407596,0
21.34437203407288,0
21.349894046783447,0
21.352777004241943,0
21.36805391311645,0
21.408244848251343,0
21.408284664154053,0
21.41061782836914,0
21.414467334747314,0
21.41462564468384,0
21.41473627090454,0
21.415010929107662,0
21.41514563560486,0
21.415175914764404,0
21.41737008094788,0
21.417420148849487,0
21.41752600669861,0
21.41755104064941,0
21.41806268692017,0
21.418246507644653,0
21.418334245681763,0
21.41977834701538,0
21.41981291770935,0
21.423412084579468,0
21.42348980903625,0
21.424375534057617,0
21.435771703720093,0
21.436813831329346,0
21.441967248916622,0
21.442009687423703,0
21.443894147872925,0
21.443982362747192,0
21.444047689437863,0
21.469252109527588,0
21.496216297149655,0
21.49628114700317,0
21.496516942977905,0
21.496567964553837,0
21.50266933441162,0
21.50275468826294,0
21.502950191497803,0
21.51920318603516,0
21.51933979988098,0
21.522772789001465,0
21.52292776107788,0
21.524471521377563,0
21.53990411758423,0
21.545556783676147,0
21.54605436325073,0
21.54643225669861,0
21.54649662971497,0
21.54658842086792,0
21.5466582775116,0
21.560378789901733,0
21.58204174041748,0
21.582066297531128,0
21.582828998565677,0
21.58284044265747,0
21.583277702331543,0
21.58331060409546,0
21.594869136810303,0
21.595538854599,0
21.59596300125122,0
21.59621238708496,0
21.600557327270508,0
21.601439476013184,0
21.60185503959656,0
21.603079557418823,0
21.60309076309204,0
21.629578590393063,0
21.66851282119751,0
21.66856813430786,0
21.668593645095825,0
21.66866135597229,0
21.67302656173706,0
21.67305564880371,0
21.67307925224304,0
21.674936056137085,0
21.67494297027588,0
21.67539381980896,0
21.675480604171756,0
21.67797899246216,0
21.678104639053345,0
21.678174018859863,0
21.681371927261356,0
21.686954736709595,0
21.688414096832275,0
21.688488245010376,0
21.690122365951535,0
21.69023060798645,0
21.690570831298828,0
21.690655946731567,0
21.714804649353027,0
21.71548080444336,0
21.72014331817627,0
21.72030806541443,0
21.73788070678711,0
21.745561122894287,0
21.74580407142639,0
21.76982617378235,0
21.76993727684021,0
21.7699716091156,0
21.77112865447998,0
21.772108554840088,0
21.772122859954838,0
21.77246689796448,0
21.786171674728397,0
21.803415298461918,0
21.803460597991943,0
21.80348300933838,0
21.803565979003903,0
21.807523727416992,0
21.8075532913208,0
21.80763840675354,0
21.80827021598816,0
21.811519861221317,0
21.83127355575561,0
21.83270072937012,0
21.834895372390747,0
21.835164070129395,0
21.837988138198853,0
21.8445897102356,0
21.84485006332397,0
21.84490442276001,0
21.84495186805725,0
21.84827733039856,0
21.848318338394165,0
21.848564624786377,0
21.84924817085266,0
21.850213289260864,0
21.87098479270935,0
21.90878629684448,0
21.90883088111877,0
21.908974409103397,0
21.909002780914307,0
21.9113347530365,0
21.91136193275452,0
21.911386251449585,0
21.913158178329468,0
21.913224458694454,0
21.913252353668213,0
21.91327261924744,0
21.91521525382996,0
21.91527223587036,0
21.91565680503845,0
21.916741371154785,0
21.91681718826294,0
21.921593189239506,0
21.921735525131226,0
21.923146963119507,0
21.92944550514221,0
21.929482221603397,0
21.929500579833984,0
21.93045139312744,0
21.93087840080261,0
21.93090510368347,0
21.931501865386963,0
21.962266206741333,0
21.980302095413208,0
21.98035216331482,0
21.985921382904053,0
21.98600745201111,0
21.98617434501648,0
21.98627066612244,0
21.98661780357361,0
21.986834287643436,0
21.98738121986389,0
21.98792290687561,0
21.998139142990112,0
22.006600618362427,0
22.006654024124146,0
22.006784915924072,0
22.00680923461914,0
22.00933837890625,0
22.00937366485596,0
22.009376525878903,0
22.01464581489563,0
22.01518678665161,0
22.019041538238525,0
22.019253253936768,0
22.039974451065063,0
22.04420495033264,0
22.045544862747192,0
22.05872321128845,0
22.0591561794281,0
22.062883138656616,0
22.063013792037964,0
22.063844442367557,0
22.063870191574097,0
22.06387424468994,0
22.09845805168152,0
22.10559368133545,0
22.10562825202942,0
22.1056649684906,0
22.106409788131717,0
22.10827779769897,0
22.108771324157715,0
22.108899116516117,0
22.11197233200073,0
22.11203026771545,0
22.139236211776733,0
22.13947057723999,0
22.149487257003784,0
22.149645805358887,0
22.149672746658325,0
22.14975357055664,0
22.149786710739136,0
22.14981698989868,0
22.149845838546756,0
22.15009379386902,0
22.167526960372925,0
22.16784429550171,0
22.17002248764038,0
22.170369625091556,0
22.170443534851078,0
22.17046880722046,0
22.172945022583008,0
22.173009157180783,0
22.17335200309753,0
22.18986940383911,0
22.222220182418823,0
22.222349405288696,0
22.222384452819824,0
22.22247838973999,0
22.225265502929688,0
22.22535824775696,0
22.225764989852905,0
22.227433443069454,0
22.22748851776123,0
22.239640951156616,0
22.23981547355652,0
22.242239713668823,0
22.246832370758057,0
22.26858711242676,0
22.280311107635494,0
22.280638217926025,0
22.28084206581116,0
22.28107070922852,0
22.28238320350647,0
22.28242516517639,0
22.28380918502808,0
22.298742532730103,0
22.325904846191406,0
22.326393365859985,0
22.326443910598755,0
22.32653379440308,0
22.329585313797,0
22.329631567001343,0
22.3298020362854,0
22.33291959762573,0
22.33299684524536,0
22.337642192840576,0
22.33779740333557,0
22.33955812454224,0
22.34358787536621,0
22.374125957489014,0
22.38116431236267,0
22.381230115890503,0
22.388251543045044,0
22.388309240341187,0
22.388312101364136,0
22.38833284378052,0
22.388394117355347,0
22.391300201416016,0
22.391409397125244,0
22.391465425491333,0
22.39151620864868,0
22.391570329666138,0
22.391719818115234,0
22.392780542373657,0
22.39280366897583,0
22.39395022392273,0
22.394161701202396,0
22.394407272338867,0
22.40367317199707,0
22.40596032142639,0
22.40598440170288,0
22.40623998641968,0
22.406251907348636,0
22.40767550468445,0
22.40772247314453,0
22.40777897834778,0
22.41124439239502,0
22.41128277778625,0
22.413268089294437,0
22.413339376449585,0
22.43224596977234,0
22.459237098693848,0
22.459272861480716,0
22.45937776565552,0
22.45947313308716,0
22.46443796157837,0
22.464728832244877,0
22.465012311935425,0
22.49553322792053,0
22.4980890750885,0
22.498422861099243,0
22.49846172332764,0
22.49853563308716,0
22.528972864151,0
22.52904582023621,0
22.530066967010494,0
22.53187894821167,0
22.53195142745972,0
22.536559104919437,0
22.536668300628666,0
22.538057804107662,0
22.542316198349,0
22.554715871810917,0
22.56798553466797,0
22.56801056861877,0
22.570533752441406,0
22.571110725402832,0
22.57176375389099,0
22.57188630104065,0
22.58033442497253,0
22.5808789730072,0
22.58116221427917,0
22.60286545753479,0
22.60537028312683,0
22.60602355003357,0
22.609824419021606,0
22.612029314041138,0
22.61206722259521,0
22.612144470214844,0
22.616548776626587,0
22.61661171913147,0
22.616915225982662,0
22.622309684753414,0
22.62250280380249,0
22.622546911239624,0
22.62260317802429,0
22.651313066482544,0
22.65137243270874,0
22.651405572891235,0
22.65172243118286,0
22.67276692390442,0
22.672829151153564,0
22.67313122749329,0
22.67460966110229,0
22.706711530685425,0
22.706773042678837,0
22.70719957351685,0
22.70728135108948,0
22.70752048492432,0
22.707662105560303,0
22.7077374458313,0
22.7079815864563,0
22.713000297546387,0
22.71305751800537,0
22.715691328048703,0
22.715784072875977,0
22.734317779541016,0
22.734733819961548,0
22.758132696151733,0
22.77403974533081,0
22.774068117141724,0
22.778172731399536,0
22.778736114501957,0
22.77954196929932,0
22.77958345413208,0
22.796805143356323,0
22.796826124191284,0
22.796846866607662,0
22.841960906982425,0
22.87283968925476,0
22.873191595077515,0
22.87322735786438,0
22.873286247253414,0
22.876667976379395,0
22.87669014930725,0
22.88351798057556,0
22.883605241775516,0
22.88393235206604,0
22.887857913970947,0
22.888133764266968,0
22.88823270797729,0
22.890810012817383,0
22.890838623046875,0
22.89084243774414,0
22.890987873077396,0
22.892820119857788,0
22.8928747177124,0
22.89294576644897,0
22.893414974212646,0
22.90041184425354,0
22.900444269180294,0
22.90066146850586,0
22.900694608688354,0
22.904070138931274,0
22.904242038726807,0
22.90426087379456,0
22.911792755126957,0
22.911832332611084,0
22.91358184814453,0
22.913658380508423,0
22.93005108833313,0
22.978017568588257,0
22.979884386062626,0
22.98156499862671,0
22.98163342475891,0
22.982840299606323,0
22.983100414276123,0
22.98353099822998,0
22.983949184417725,0
22.98633074760437,0
22.992374420166016,0
23.006656408309937,0
23.01205348968506,0
23.012218713760376,0
23.01334547996521,0
23.013646125793457,0
23.013676404953003,0
23.01373600959778,0
23.017537593841556,0
23.017634391784668,0
23.01764965057373,0
23.017664909362797,0
23.017784118652344,0
23.022331953048703,0
23.023704528808597,0
23.04292321205139,0
23.046183109283447,0
23.049781560897827,0
23.057608127593998,0
23.057655572891235,0
23.058151960372925,0
23.05819535255432,0
23.06335735321045,0
23.06370687484741,0
23.063830852508545,0
23.07132887840271,0
23.09359836578369,0
23.093770742416385,0
23.093811750411987,0
23.094099521636963,0
23.09521532058716,0
23.09524893760681,0
23.095811128616333,0
23.116868257522583,0
23.116891145706177,0
23.118056774139404,0
23.118079900741577,0
23.119032621383667,0
23.11906576156616,0
23.119078636169437,0
23.11920809745789,0
23.120131731033325,0
23.12015676498413,0
23.12033700942993,0
23.16621398925781,0
23.178693056106567,0
23.17900824546814,0
23.179027318954468,0
23.17904496192932,0
23.179095029830933,0
23.17934560775757,0
23.179558753967285,0
23.179579257965088,0
23.180301189422607,0
23.18320894241333,0
23.20062756538391,0
23.200920343399048,0
23.20271158218384,0
23.20300769805908,0
23.20329236984253,0
23.203335523605347,0
23.208091735839844,0
23.20815682411194,0
23.208804845809937,0
23.2138569355011,0
23.213903188705444,0
23.21627879142761,0
23.216331481933597,0
23.217384815216064,0
23.234708070755005,0
23.25188398361206,0
23.27899479866028,0
23.286348342895508,0
23.286390781402588,0
23.28647208213806,0
23.286497592926025,0
23.286691188812256,0
23.28671932220459,0
23.29031634330749,0
23.325888872146606,0
23.325985431671143,0
23.32612156867981,0
23.326149463653564,0
23.328602075576782,0
23.32862663269043,0
23.32865023612976,0
23.33013319969177,0
23.33067035675049,0
23.33293557167053,0
23.333030700683597,0
23.33388447761536,0
23.338682889938354,0
23.366212844848636,0
23.380239725112915,0
23.380645275115967,0
23.381021738052368,0
23.381383895874023,0
23.381665229797363,0
23.38206696510315,0
23.3820915222168,0
23.38209581375122,0
23.38217091560364,0
23.387128353118896,0
23.387147903442383,0
23.3875515460968,0
23.38758373260498,0
23.38760256767273,0
23.387614250183105,0
23.387621641159058,0
23.406709671020508,0
23.41480541229248,0
23.41826438903809,0
23.418529987335205,0
23.41866445541382,0
23.41887140274048,0
23.418884992599487,0
23.419138431549072,0
23.41961169242859,0
23.419697761535645,0
23.422271251678467,0
23.42227554321289,0
23.453145742416385,0
23.482927560806274,0
23.482946634292603,0
23.483026027679443,0
23.483495712280277,0
23.48352289199829,0
23.483663082122803,0
23.483718395233154,0
23.49743390083313,0
23.515548944473267,0
23.515578508377075,0
23.51913857460022,0
23.51997470855713,0
23.52011346817017,0
23.52018427848816,0
23.520297288894653,0
23.53900909423828,0
23.5390841960907,0
23.54350590705872,0
23.543622493743896,0
23.54466986656189,0
23.57579040527344,0
23.57582664489746,0
23.57600259780884,0
23.576547622680664,0
23.580814123153687,0
23.58148455619812,0
23.583436012268063,0
23.587300300598145,0
23.593259572982788,0
23.59581708908081,0
23.60336232185364,0
23.60339593887329,0
23.604225158691406,0
23.607471704483032,0
23.60750389099121,0
23.607547521591187,0
23.60877776145935,0
23.608805656433105,0
23.60917377471924,0
23.609201192855835,0
23.61115884780884,0
23.61250853538513,0
23.612566471099854,0
23.61381793022156,0
23.613844871521,0
23.61393404006958,0
23.613948583602905,0
23.61525845527649,0
23.615540504455566,0
23.61558032035828,0
23.628177165985107,0
23.689153909683228,0
23.689183235168457,0
23.68926954269409,0
23.68933081626892,0
23.693618774414062,0
23.69477653503418,0
23.694887161254883,0
23.69532060623169,0
23.700177431106567,0
23.70043683052063,0
23.700472831726078,0
23.703397035598755,0
23.704312562942505,0
23.7046422958374,0
23.70483613014221,0
23.70611596107483,0
23.707261323928837,0
23.729804277420044,0
23.72988057136536,0
23.73930287361145,0
23.73981523513794,0
23.740997791290283,0
23.74237823486328,0
23.753819465637207,0
23.79169869422913,0
23.79176139831543,0
23.79745888710022,0
23.79767179489136,0
23.79768776893616,0
23.79773092269897,0
23.798360109329224,0
23.798408031463623,0
23.798433542251587,0
23.799068927764893,0
23.809484004974365,0
23.809507131576535,0
23.80952334403992,0
23.80957126617432,0
23.81188154220581,0
23.81220579147339,0
23.812395811080933,0
23.843090057373047,0
23.84313201904297,0
23.8450620174408,0
23.845142364501957,0
23.84670209884644,0
23.846712350845337,0
23.84680438041687,0
23.847169160842896,0
23.84815812110901,0
23.848199367523197,0
23.84850001335144,0
23.84909439086914,0
23.878750324249268,0
23.878774881362915,0
23.87900733947754,0
23.879029989242557,0
23.88082504272461,0
23.88088202476501,0
23.880930185317997,0
23.88094711303711,0
23.882291316986084,0
23.89977169036865,0
23.92630171775818,0
23.930768251419067,0
23.93117427825928,0
23.9312756061554,0
23.931373834609985,0
23.931408405303955,0
23.93181300163269,0
23.93192982673645,0
23.93206000328064,0
23.935150384902958,0
23.935253858566284,0
23.93837809562683,0
23.98498272895813,0
23.984994888305664,0
23.98510980606079,0
23.985206604003903,0
23.985239505767822,0
23.985349416732788,0
23.99166989326477,0
23.99190640449524,0
23.991935968399048,0
23.99207234382629,0
23.99211049079895,0
23.99740839004517,0
23.999455213546756,0
24.004858255386356,0
24.00489068031311,0
24.00535798072815,0
24.00542569160461,0
24.02117609977722,0
24.021238803863525,0
24.02162504196167,0
24.024279356002808,0
24.024798154830933,0
24.02922892570496,0
24.029284238815308,0
24.029301404953003,0
24.04200029373169,0
24.04556655883789,0
24.053048610687256,0
24.05307245254517,0
24.05309081077576,0
24.053110361099243,0
24.07557463645935,0
24.075681924819943,0
24.0765233039856,0
24.07896327972412,0
24.07902216911316,0
24.07917809486389,0
24.07920813560486,0
24.082879304885864,0
24.08291792869568,0
24.08300089836121,0
24.103243112564087,0
24.10797643661499,0
24.108007669448853,0
24.10802316665649,0
24.10807204246521,0
24.11163067817688,0
24.11168313026428,0
24.11193823814392,0
24.113184213638306,0
24.11323189735413,0
24.116538763046265,0
24.116618633270264,0
24.131614685058597,0
24.175207138061523,0
24.17525339126587,0
24.178900957107544,0
24.178948879241943,0
24.17898368835449,0
24.17997980117798,0
24.185769081115723,0
24.186245679855347,0
24.187440872192383,0
24.18821144104004,0
24.19257640838623,0
24.206703901290894,0
24.21228551864624,0
24.212482213974,0
24.212813138961792,0
24.212833404541016,0
24.21438503265381,0
24.21440577507019,0
24.214697122573853,0
24.21536922454834,0
24.2154061794281,0
24.21616506576538,0
24.21643900871277,0
24.27015781402588,0
24.298401355743408,0
24.29874897003174,0
24.29877209663391,0
24.29879236221313,0
24.30517268180847,0
24.306058883666992,0
24.30627131462097,0
24.319375038146973,0
24.32335567474365,0
24.32399892807007,0
24.324109315872192,0
24.324161052703857,0
24.32726621627808,0
24.327285289764404,0
24.327296495437626,0
24.327305793762207,0
24.33333730697632,0
24.33335328102112,0
24.33336615562439,0
24.33405375480652,0
24.35817623138428,0
24.358194828033447,0
24.35823392868042,0
24.358285427093502,0
24.35896372795105,0
24.359001636505127,0
24.35913729667664,0
24.39566254615784,0
24.39725422859192,0
24.424750328063965,0
24.428518056869507,0
24.428534507751465,0
24.43127942085266,0
24.4315402507782,0
24.43155574798584,0
24.43157148361206,0
24.431681871414185,0
24.4317319393158,0
24.4317467212677,0
24.432536840438843,0
24.43257093429565,0
24.43631911277771,0
24.436347007751465,0
24.436825037002563,0
24.43774151802063,0
24.459835529327396,0
24.46344780921936,0
24.463478326797485,0
24.46353435516357,0
24.46359276771545,0
24.46576189994812,0
24.465813159942627,0
24.46584963798523,0
24.47236633300781,0
24.47453784942627,0
24.48762321472168,0
24.52836918830872,0
24.52839756011963,0
24.531592845916748,0
24.531622886657715,0
24.531798601150516,0
24.53187203407288,0
24.53193664550781,0
24.532662630081177,0
24.53276991844177,0
24.537022829055783,0
24.537102937698364,0
24.54030203819275,0
24.57097601890564,0
24.57103538513184,0
24.571135997772217,0
24.571170330047607,0
24.57151460647583,0
24.57165503501892,0
24.571691036224365,0
24.577085733413696,0
24.57711243629456,0
24.577131509780884,0
24.57723116874695,0
24.57724094390869,0
24.57736015319824,0
24.577531814575195,0
24.60956287384033,0
24.615885734558105,0
24.615931272506717,0
24.618423461914062,0
24.61848521232605,0
24.618489980697632,0
24.622201442718502,0
24.622243404388428,0
24.62271499633789,0
24.622737169265747,0
24.624600172042847,0
24.62734603881836,0
24.627402305603027,0
24.642370462417603,0
24.64818334579468,0
24.64854097366333,0
24.648585081100464,0
24.648865699768063,0
24.65064811706543,0
24.65074157714844,0
24.65107274055481,0
24.66947293281555,0
24.67295455932617,0
24.676660299301147,0
24.683131217956543,0
24.683842658996586,0
24.683846712112427,0
24.683916807174683,0
24.688520431518555,0
24.6892032623291,0
24.6895968914032,0
24.698020935058597,0
24.700044631958008,0
24.70121121406555,0
24.70158839225769,0
24.713424682617188,0
24.713529109954838,0
24.7135329246521,0
24.73430299758911,0
24.734375715255737,0
24.734376192092896,0
24.73438310623169,0
24.740840911865234,0
24.740885734558105,0
24.740952014923096,0
24.770484447479248,0
24.79345202445984,0
24.79354500770569,0
24.7969868183136,0
24.7970290184021,0
24.79708695411682,0
24.800336122512817,0
24.82160782814026,0
24.821642875671387,0
24.82194566726685,0
24.826122760772705,0
24.82616925239563,0
24.826189517974854,0
24.826578855514526,0
24.83207941055298,0
24.83223843574524,0
24.83226537704468,0
24.832289218902588,0
24.83229255676269,0
24.8417603969574,0
24.841987371444706,0
24.843087673187256,0
24.85003161430359,0
24.853374242782596,0
24.853512048721317,0
24.853928804397583,0
24.85396957397461,0
24.85461974143982,0
24.854751586914062,0
24.87900185585022,0
24.88672876358032,0
24.89041638374329,0
24.89046335220337,0
24.8906192779541,0
24.89258861541748,0
24.8926420211792,0
24.89359450340271,0
24.894639492034912,0
24.895907640457157,0
24.916972875595093,0
24.91702032089233,0
24.91898989677429,0
24.91903591156006,0
24.920101642608643,0
24.94207501411438,0
24.94223999977112,0
24.94226455688477,0
24.94228434562683,0
24.943986892700195,0
24.944010734558105,0
24.945561408996586,0
24.991228580474854,0
24.999775886535645,0
25.000321865081787,0
25.00119376182556,0
25.00191903114319,0
25.00198769569397,0
25.0020112991333,0
25.00380563735962,0
25.003857374191284,0
25.00572180747986,0
25.006243467330933,0
25.0082585811615,0
25.00828981399536,0
25.009873390197757,0
25.01021718978882,0
25.03164505958557,0
25.07215690612793,0
25.07221221923828,0
25.07539415359497,0
25.07609844207764,0
25.0792179107666,0
25.079548120498657,0
25.080004930496216,0
25.083906412124637,0
25.08394193649292,0
25.08396601676941,0
25.084038019180294,0
25.088021993637085,0
25.088069677352905,0
25.08809471130371,0
25.088823795318604,0
25.09883451461792,0
25.09934663772583,0
25.099373817443848,0
25.09941554069519,0
25.10052967071533,0
25.10053324699402,0
25.101160526275635,0
25.1015202999115,0
25.102294921875,0
25.10288667678833,0
25.104543209075928,0
25.11534285545349,0
25.11537742614746,0
25.116413354873657,0
25.11675214767456,0
25.11751079559326,0
25.12334132194519,0
25.12336277961731,0
25.12342834472656,0
25.12348198890686,0
25.126310348510746,0
25.12636375427246,0
25.126416206359863,0
25.12963032722473,0
25.17759656906128,0
25.18034076690674,0
25.18500924110413,0
25.18527746200561,0
25.185306310653687,0
25.185359716415405,0
25.18756914138794,0
25.187705278396606,0
25.18794202804565,0
25.19656467437744,0
25.20926547050476,0
25.209290266036987,0
25.20938444137573,0
25.21319603919983,0
25.21427583694458,0
25.214303255081177,0
25.21519160270691,0
25.215636253356934,0
25.21566271781921,0
25.21786069869995,0
25.218174934387207,0
25.218320846557617,0
25.218846082687374,0
25.23121190071106,0
25.257922172546387,0
25.25844621658325,0
25.258453845977783,0
25.25850892066956,0
25.263616800308228,0
25.263670682907104,0
25.263875007629395,0
25.264564752578732,0
25.264565229415894,0
25.26461243629456,0
25.264626264572144,0
25.27297043800354,0
25.27303171157837,0
25.273139476776123,0
25.274925470352173,0
25.295722007751465,0
25.299362182617188,0
25.30163335800171,0
25.301819562911987,0
25.302478551864624,0
25.302526712417603,0
25.30300259590149,0
25.31160998344421,0
25.311645984649655,0
25.315524339675903,0
25.31558513641357,0
25.33042287826538,0
25.36564922332764,0
25.36565089225769,0
25.367756605148315,0
25.3680272102356,0
25.368592977523804,0
25.368600845336918,0
25.381646633148197,0
25.38206386566162,0
25.382322549819943,0
25.38506865501404,0
25.3918137550354,0
25.391842126846317,0
25.391860246658325,0
25.39196348190308,0
25.39406180381775,0
25.40751361846924,0
25.40895962715149,0
25.40920472145081,0
25.412214040756226,0
25.412256240844727,0
25.41293716430664,0
25.416345357894897,0
25.416529417037964,0
25.41655206680298,0
25.416587114334103,0
25.41879940032959,0
25.418848276138306,0
25.41886591911316,0
25.43708729743957,0
25.43959355354309,0
25.46347188949585,0
25.47072148323059,0
25.473565816879272,0
25.473868370056152,0
25.47389054298401,0
25.47390985488892,0
25.47407054901123,0
25.47409462928772,0
25.478230237960812,0
25.47830557823181,0
25.47835636138916,0
25.47840714454651,0
25.48059463500977,0
25.48112440109253,0
25.481160402297974,0
25.48151421546936,0
25.499419450759888,0
25.499460220336918,0
25.49957799911499,0
25.49975895881653,0
25.502105951309204,0
25.502628326416016,0
25.502864122390747,0
25.5039975643158,0
25.504536628723145,0
25.513358116149902,0
25.51349425315857,0
25.555614471435547,0
25.621899366378784,0
25.622601747512817,0
25.624367475509644,0
25.624403476715088,0
25.624611139297485,0
25.624640226364136,0
25.626798152923584,0
25.626801252365112,0
25.62681889533997,0
25.628374576568604,0
25.637366771698,0
25.63824987411499,0
25.639480352401733,0
25.639546871185303,0
25.650734901428223,0
25.68946957588196,0
25.689534664154053,0
25.68957757949829,0
25.68958616256714,0
25.69502830505371,0
25.695317029953003,0
25.69569492340088,0
25.707911491394043,0
25.713881254196167,0
25.7154598236084,0
25.71549153327942,0
25.71550130844116,0
25.71712613105774,0
25.717164754867557,0
25.717230081558228,0
25.71925377845764,0
25.71971344947815,0
25.721318006515503,0
25.721346616744995,0
25.7227156162262,0
25.72280240058899,0
25.72312355041504,0
25.7231240272522,0
25.724279642105103,0
25.72430849075317,0
25.724487781524655,0
25.73954176902771,0
25.742011070251465,0
25.74319100379944,0
25.761186361312863,0
25.76124143600464,0
25.76133632659912,0
25.7614221572876,0
25.764629125595093,0
25.764689445495605,0
25.76478862762451,0
25.775708198547363,0
25.778092861175537,0
25.78771662712097,0
25.808783054351807,0
25.80880045890808,0
25.81217336654663,0
25.819724559783936,0
25.81974697113037,0
25.819958925247192,0
25.82011890411377,0
25.820133924484253,0
25.82017827033997,0
25.820225477218628,0
25.82028222084045,0
25.82032036781311,0
25.82036161422729,0
25.84363985061645,0
25.846980094909668,0
25.85009455680847,0
25.857296466827396,0
25.85733461380005,0
25.85741806030273,0
25.857465028762817,0
25.859792470932007,0
25.85999155044556,0
25.86005711555481,0
25.91030788421631,0
25.91127157211304,0
25.911524295806885,0
25.911560535430908,0
25.911826848983765,0
25.91439414024353,0
25.91443252563477,0
25.91455578804016,0
25.915945529937744,0
25.91598343849182,0
25.919644117355347,0
25.919675588607788,0
25.972257137298584,0
25.984633207321167,0
25.985487461090088,0
25.985517740249637,0
25.98555994033813,0
25.990190505981445,0
25.99021863937378,0
25.990395307540894,0
25.994381189346317,0
25.994419813156128,0
25.994445085525516,0
25.99480891227722,0
25.99484419822693,0
25.995078563690186,0
25.9951069355011,0
25.99631381034851,0
26.00757360458374,0
26.013257265090942,0
26.01327109336853,0
26.017213821411133,0
26.017250776290894,0
26.01730442047119,0
26.017353773117065,0
26.01858353614807,0
26.01863574981689,0
26.018688917160038,0
26.019402503967285,0
26.019453287124637,0
26.02472257614136,0
26.024763345718384,0
26.024778366088867,0
26.02490735054016,0
26.0284583568573,0
26.0795156955719,0
26.07959008216858,0
26.079813718795776,0
26.07986307144165,0
26.08788824081421,0
26.087958335876465,0
26.088093996047974,0
26.08952617645264,0
26.118528842926025,0
26.11853551864624,0
26.120774030685425,0
26.1208598613739,0
26.12178945541382,0
26.13706922531128,0
26.137123346328732,0
26.137147903442383,0
26.13718152046204,0
26.14138555526733,0
26.141414165496823,0
26.14151215553284,0
26.17320227622986,0
26.21081829071045,0
26.210835218429565,0
26.21270489692688,0
26.21274828910828,0
26.21276831626892,0
26.212865829467773,0
26.215022087097168,0
26.21508765220642,0
26.21532940864563,0
26.2187979221344,0
26.2190420627594,0
26.21907663345337,0
26.219184637069706,0
26.22127604484558,0
26.221309661865234,0
26.22147011756897,0
26.222888231277462,0
26.22292685508728,0
26.23290252685547,0
26.233317136764526,0
26.23432469367981,0
26.24152612686157,0
26.241559267044067,0
26.241904735565186,0
26.24193334579468,0
26.2456648349762,0
26.24605369567871,0
26.246655464172363,0
26.24668526649475,0
26.250285148620605,0
26.253671884536743,0
26.25975203514099,0
26.26106357574463,0
26.26218819618225,0
26.26225852966309,0
26.26245212554932,0
26.262468576431274,0
26.26271390914917,0
26.266542196273804,0
26.267704725265503,0
26.288808584213257,0
26.331244945526123,0
26.331281185150143,0
26.331360578536987,0
26.33137845993042,0
26.3320574760437,0
26.332072257995605,0
26.33213448524475,0
26.333046674728397,0
26.33306884765625,0
26.334807872772217,0
26.33482074737549,0
26.335515022277832,0
26.348394870758057,0
26.35272693634033,0
26.378636360168457,0
26.37918901443481,0
26.38044667243957,0
26.380460023880005,0
26.38048768043518,0
26.38128900527954,0
26.383909940719604,0
26.3839213848114,0
26.38395071029663,0
26.403557062149048,0
26.40526819229126,0
26.405279636383057,0
26.405315160751343,0
26.405366897583008,0
26.405654668807983,0
26.40568256378174,0
26.405909061431885,0
26.424394130706787,0
26.424420595169067,0
26.42605185508728,0
26.426059007644653,0
26.429316759109497,0
26.429335355758667,0
26.429336309432983,0
26.429525136947632,0
26.43539047241211,0
26.435418128967285,0
26.435582876205444,0
26.43741536140442,0
26.463212490081787,0
26.46323823928833,0
26.46325707435608,0
26.46380853652954,0
26.46796751022339,0
26.467989444732662,0
26.46828413009644,0
26.479323148727417,0
26.50085926055908,0
26.50429654121399,0
26.504626750946045,0
26.504867553710938,0
26.50754189491272,0
26.507588386535645,0
26.50771379470825,0
26.526930809021,0
26.526970148086548,0
26.52700424194336,0
26.527079582214355,0
26.52833914756775,0
26.53351330757141,0
26.538074254989624,0
26.563758373260494,0
26.565390586853027,0
26.565417766571045,0
26.56544065475464,0
26.566157579422,0
26.566182851791385,0
26.56661057472229,0
26.56860637664795,0
26.56925654411316,0
26.606858253479004,0
26.615938663482662,0
26.61596083641052,0
26.61596417427063,0
26.615975379943848,0
26.61602568626404,0
26.61613512039185,0
26.617170810699463,0
26.61718463897705,0
26.61738228797913,0
26.61838412284851,0
26.618408203125,0
26.62134027481079,0
26.62134885787964,0
26.628217697143555,0
26.65970110893249,0
26.65974283218384,0
26.65976190567017,0
26.659828424453732,0
26.66003561019897,0
26.66005277633667,0
26.660643815994263,0
26.675499200820923,0
26.67554473876953,0
26.67567110061645,0
26.675692319869995,0
26.67819094657898,0
26.678232431411743,0
26.678256034851078,0
26.6787428855896,0
26.70434522628784,0
26.70487856864929,0
26.704935550689697,0
26.70505928993225,0
26.706769943237305,0
26.707250595092773,0
26.70795226097107,0
26.718201160430908,0
26.718322038650516,0
26.71843814849853,0
26.7185640335083,0
26.71866202354431,0
26.721673011779785,0
26.760501384735107,0
26.777125120162964,0
26.777145862579346,0
26.777666807174683,0
26.77772355079651,0
26.77930474281311,0
26.779319047927856,0
26.81270813941956,0
26.812884092330933,0
26.812906742095947,0
26.814297914505005,0
26.8435697555542,0
26.843738794326782,0
26.843769550323486,0
26.843822240829468,0
26.845470666885376,0
26.845537900924683,0
26.846986532211304,0
26.84703302383423,0
26.8477840423584,0
26.85563373565674,0
26.85584807395935,0
26.855879068374637,0
26.856107711791992,0
26.858015060424805,0
26.85803771018982,0
26.85809636116028,0
26.87545251846313,0
26.87833070755005,0
26.926889896392822,0
26.931769132614136,0
26.931780338287357,0
26.932292938232425,0
26.93230628967285,0
26.934826135635376,0
26.93483805656433,0
26.935585260391235,0
26.936033964157104,0
26.9360613822937,0
26.93723440170288,0
26.937235832214355,0
26.939982891082764,0
26.93998384475708,0
26.940008401870728,0
26.940008640289307,0
26.941311597824097,0
26.941317081451416,0
26.941344261169437,0
26.942529439926147,0
26.970855236053467,0
26.970855712890625,0
26.971630573272705,0
26.97259259223938,0
26.97264051437378,0
26.972654581069943,0
26.9740686416626,0
26.974867343902588,0
26.974867820739743,0
26.975669145584103,0
26.990051746368408,0
27.023521661758423,0
27.02357316017151,0
27.02358722686768,0
27.023641109466556,0
27.02474808692932,0
27.02477049827576,0
27.02480745315552,0
27.025492191314697,0
27.025585889816284,0
27.02675557136536,0
27.026787281036377,0
27.037647485733032,0
27.03948545455933,0
27.040048599243164,0
27.06120729446411,0
27.063831090927124,0
27.06407403945923,0
27.064407110214237,0
27.06443810462952,0
27.06447911262512,0
27.064542293548584,0
27.064562797546387,0
27.0652072429657,0
27.09694480895996,0
27.1050968170166,0
27.105805158615112,0
27.105840921401978,0
27.10678577423096,0
27.107389211654663,0
27.107415199279785,0
27.107528924942017,0
27.116371393203732,0
27.1172308921814,0
27.11798882484436,0
27.11805367469788,0
27.17310857772827,0
27.177863121032715,0
27.17809247970581,0
27.178742170333862,0
27.179009437561035,0
27.17902898788452,0
27.17904162406921,0
27.18147301673889,0
27.18173313140869,0
27.18215703964233,0
27.183122158050537,0
27.183634996414185,0
27.183640718460083,0
27.18365240097046,0
27.18655228614807,0
27.186581134796143,0
27.186597108840942,0
27.19276976585388,0
27.19758105278015,0
27.197587966918945,0
27.199334859848022,0
27.199381589889526,0
27.21608638763428,0
27.216179847717285,0
27.21630883216858,0
27.217123985290527,0
27.2171483039856,0
27.218303442001343,0
27.21851372718811,0
27.229658842086792,0
27.255781888961792,0
27.255813360214237,0
27.25593328475952,0
27.25594186782837,0
27.259324073791504,0
27.25970888137817,0
27.260083436965942,0
27.268665313720703,0
27.288857221603397,0
27.28910732269287,0
27.289144277572632,0
27.289219617843628,0
27.3267343044281,0
27.326785564422607,0
27.328205108642575,0
27.33112406730652,0
27.333394527435303,0
27.334046602249146,0
27.33405327796936,0
27.340654373168945,0
27.34318995475769,0
27.36165261268616,0
27.36526870727539,0
27.36541485786438,0
27.366345167160038,0
27.367920637130737,0
27.36798357963562,0
27.36799693107605,0
27.377397775650024,0
27.37778401374817,0
27.378368854522705,0
27.37883687019348,0
27.37975025177002,0
27.38886976242065,0
27.41465258598328,0
27.414849042892456,0
27.41486382484436,0
27.41490626335144,0
27.4185643196106,0
27.419569492340088,0
27.419591188430783,0
27.429197072982788,0
27.4294228553772,0
27.45101046562195,0
27.45106506347656,0
27.452555894851685,0
27.452590703964237,0
27.45260429382324,0
27.45276188850403,0
27.47379994392395,0
27.473888635635376,0
27.47391891479492,0
27.475677013397217,0
27.507198810577396,0
27.507835388183597,0
27.50832176208496,0
27.508878231048584,0
27.52102112770081,0
27.521074771881104,0
27.521347284317017,0
27.521520853042603,0
27.521552085876465,0
27.521577835083008,0
27.524600982666016,0
27.52466320991516,0
27.5622193813324,0
27.56582760810852,0
27.5659863948822,0
27.56863498687744,0
27.568676710128784,0
27.56869149208069,0
27.568722248077396,0
27.579583644866943,0
27.579805374145508,0
27.580427169799805,0
27.58265590667725,0
27.583535194396973,0
27.584210634231567,0
27.602715969085693,0
27.60272717475891,0
27.602737188339237,0
27.60274887084961,0
27.605430841445923,0
27.6054744720459,0
27.60609006881714,0
27.606799602508545,0
27.606935262680054,0
27.6081178188324,0
27.608402729034424,0
27.638699054718018,0
27.642893075942997,0
27.642918825149536,0
27.643492937088013,0
27.643516778945923,0
27.644937992095947,0
27.64498281478882,0
27.645013093948364,0
27.65172576904297,0
27.65185284614563,0
27.65197515487671,0
27.652042627334595,0
27.653143167495728,0
27.65317440032959,0
27.65348196029663,0
27.669414281845093,0
27.69582223892212,0
27.699178218841556,0
27.69943857192993,0
27.69948959350586,0
27.69956684112549,0
27.69984793663025,0
27.69987654685974,0
27.700176239013672,0
27.727534532547,0
27.72935485839844,0
27.730345249176025,0
27.731011390686035,0
27.731342315673828,0
27.732239484786987,0
27.740398645401,0
27.740562915802,0
27.74057126045227,0
27.74058938026428,0
27.744033098220825,0
27.74404621124268,0
27.744320154190063,0
27.744966506958008,0
27.746766805648804,0
27.76210355758667,0
27.77882409095764,0
27.77882432937622,0
27.780269861221317,0
27.78127408027649,0
27.78128743171692,0
27.78130030632019,0
27.781813621521,0
27.78186726570129,0
27.78200387954712,0
27.789013385772705,0
27.789037466049194,0
27.811843633651733,0
27.81186318397522,0
27.81319665908813,0
27.84083247184753,0
27.840861320495605,0
27.84104347229004,0
27.841063737869263,0
27.84568333625793,0
27.845789909362797,0
27.845805883407596,0
27.88148069381714,0
27.887664079666138,0
27.88770818710327,0
27.88778781890869,0
27.8894956111908,0
27.890470027923584,0
27.890514373779297,0
27.89060115814209,0
27.892192363739014,0
27.892240285873413,0
27.892595529556274,0
27.892667293548584,0
27.89848041534424,0
27.898520708084103,0
27.898532152175903,0
27.900142908096317,0
27.9001886844635,0
27.90292501449585,0
27.902964115142822,0
27.9054491519928,0
27.91737675666809,0
27.91800045967102,0
27.91843008995056,0
27.918832540512085,0
27.91964602470398,0
27.91972303390503,0
27.9202094078064,0
27.97174096107483,0
27.97539973258972,0
27.9754319190979,0
27.9771466255188,0
27.97716236114502,0
27.97717261314392,0
27.977185010910038,0
27.98007297515869,0
27.98012924194336,0
27.98053383827209,0
27.98110055923462,0
27.98932647705078,0
28.010398626327515,0
28.01042532920837,0
28.01043200492859,0
28.01044130325317,0
28.047933340072632,0
28.047954082489014,0
28.048038005828857,0
28.049366235733032,0
28.049420595169067,0
28.05130934715271,0
28.051378965377808,0
28.052440404891968,0
28.054585695266724,0
28.060374975204468,0
28.064708471298218,0
28.066214084625244,0
28.06624722480774,0
28.06626272201538,0
28.066946506500244,0
28.06696391105652,0
28.066984176635746,0
28.070337772369385,0
28.091553449630737,0
28.09159231185913,0
28.091817378997803,0
28.09188485145569,0
28.126733779907227,0
28.126788854599,0
28.126856565475464,0
28.129509210586548,0
28.12954831123352,0
28.133029460906982,0
28.133060455322266,0
28.134984970092773,0
28.135005235672,0
28.135053396224976,0
28.13507032394409,0
28.136765480041504,0
28.136802673339844,0
28.136841297149655,0
28.13742709159851,0
28.14011573791504,0
28.141570806503296,0
28.155264616012573,0
28.15527629852295,0
28.172817945480347,0
28.172849416732788,0
28.17291522026062,0
28.172929763793945,0
28.17511367797852,0
28.17512845993042,0
28.175193548202515,0
28.17563414573669,0
28.208837509155277,0
28.214259147644043,0
28.22245001792908,0
28.222466468811035,0
28.222477674484253,0
28.22249150276184,0
28.228881359100345,0
28.22890400886536,0
28.228973150253296,0
28.231035470962524,0
28.231059312820435,0
28.23213791847229,0
28.232179164886475,0
28.23294806480408,0
28.26143860816956,0
28.261951684951782,0
28.26198148727417,0
28.26200270652771,0
28.263230085372925,0
28.26366662979126,0
28.263702154159542,0
28.320692777633667,0
28.327529191970825,0
28.32753849029541,0
28.33406090736389,0
28.33418321609497,0
28.33875203132629,0
28.33885288238525,0
28.34221339225769,0
28.34235024452209,0
28.342376232147217,0
28.348005056381226,0
28.34814715385437,0
28.371479272842407,0
28.37708806991577,0
28.37713384628296,0
28.3788480758667,0
28.378880500793457,0
28.378992319107056,0
28.379022121429443,0
28.38129568099976,0
28.38135981559753,0
28.38138484954834,0
28.38322353363037,0
28.383289575576782,0
28.383309602737427,0
28.383474588394165,0
28.387385606765747,0
28.387444496154785,0
28.38753318786621,0
28.38989782333374,0
28.40471029281616,0
28.40527939796448,0
28.405450582504272,0
28.405492782592773,0
28.410972356796265,0
28.411016702651978,0
28.411439180374146,0
28.41296696662903,0
28.413005113601685,0
28.41458630561829,0
28.41467428207397,0
28.418250560760494,0
28.42105531692505,0
28.42926335334778,0
28.4566342830658,0
28.45668244361877,0
28.456775188446045,0
28.45686197280884,0
28.459280252456665,0
28.45930576324463,0
28.459652185440063,0
28.468196153640747,0
28.526469230651852,0
28.526503801345825,0
28.52656984329224,0
28.52663326263428,0
28.531840324401852,0
28.53184723854065,0
28.532012701034542,0
28.53471851348877,0
28.534778356552124,0
28.53657960891724,0
28.536630630493164,0
28.537521600723267,0
28.54011559486389,0
28.54444980621338,0
28.545449256896973,0
28.55834007263184,0
28.57777619361877,0
28.577921628952023,0
28.579763412475582,0
28.5801420211792,0
28.58027052879333,0
28.58030676841736,0
28.585458755493164,0
28.585495233535767,0
28.588541269302368,0
28.5919349193573,0
28.641683101654053,0
28.64171934127808,0
28.641767740249637,0
28.64181089401245,0
28.644066333770752,0
28.644119262695312,0
28.644533157348636,0
28.64639616012573,0
28.64647746086121,0
28.66023063659668,0
28.660316705703732,0
28.662569761276245,0
28.662601709365845,0
28.6626238822937,0
28.66263246536255,0
28.664652824401852,0
28.66469645500183,0
28.664867162704468,0
28.66557002067566,0
28.6769118309021,0
28.67695140838623,0
28.677168130874637,0
28.68037176132202,0
28.68185329437256,0
28.68192672729492,0
28.68198275566101,0
28.68216323852539,0
28.694383144378666,0
28.69786810874939,0
28.698004961013797,0
28.698071002960205,0
28.69825577735901,0
28.698282957077023,0
28.69902014732361,0
28.713167428970337,0
28.713197708129883,0
28.71660852432251,0
28.716810703277588,0
28.75471591949463,0
28.770225286483765,0
28.770230770111084,0
28.77131986618042,0
28.771341800689697,0
28.77152180671692,0
28.77154564857483,0
28.798871278762817,0
28.799015760421756,0
28.79903030395508,0
28.802165269851685,0
28.80262541770935,0
28.84076833724976,0
28.84438967704773,0
28.844415426254272,0
28.846437454223636,0
28.846664905548096,0
28.846703052520752,0
28.846714973449707,0
28.84719395637512,0
28.84723687171936,0
28.876004934310917,0
28.934327602386475,0
28.934356689453125,0
28.93436312675476,0
28.9351863861084,0
28.935225248336792,0
28.935230255126957,0
28.935243606567383,0
28.93524718284607,0
28.935457706451416,0
28.93547296524048,0
28.935486793518063,0
28.9354989528656,0
28.935511827468872,0
28.937335968017575,0
28.93735671043396,0
28.937390089035038,0
28.937402725219727,0
28.93944001197815,0
28.939499139785767,0
28.94035005569458,0
28.97324252128601,0
28.973255157470703,0
28.974119186401367,0
28.9745032787323,0
28.974523782730103,0
28.97455620765686,0
28.975565910339355,0
28.97557806968689,0
28.97618508338928,0
28.97641348838806,0
28.97825288772583,0
28.98277258872986,0
28.993794441223145,0
28.9976499080658,0
28.99836492538452,0
28.998385667800903,0
28.99839782714844,0
29.019554138183597,0
29.01957082748413,0
29.019619464874268,0
29.02077031135559,0
29.020785808563232,0
29.022294521331787,0
29.02250623703003,0
29.023006439208984,0
29.02377939224243,0
29.02757239341736,0
29.07184100151062,0
29.0718674659729,0
29.07193279266357,0
29.073235750198364,0
29.07583975791931,0
29.075888633728027,0
29.07612133026123,0
29.085139513015747,0
29.12103009223938,0
29.12260675430298,0
29.143083095550537,0
29.143101692199707,0
29.14316439628601,0
29.143216848373413,0
29.14741802215576,0
29.147478342056274,0
29.14752578735352,0
29.14754199981689,0
29.14802384376526,0
29.14913034439087,0
29.14914894104004,0
29.161240816116333,0
29.161269664764404,0
29.16130924224853,0
29.16139411926269,0
29.16255569458008,0
29.16260981559753,0
29.16262626647949,0
29.16351008415222,0
29.180924892425537,0
29.18107295036316,0
29.18211460113525,0
29.182126760482788,0
29.18219757080078,0
29.183294534683228,0
29.1839120388031,0
29.184046745300293,0
29.18421101570129,0
29.185022354125977,0
29.19561505317688,0
29.19563889503479,0
29.195683240890503,0
29.195750951766968,0
29.198692798614506,0
29.19879913330078,0
29.19916582107544,0
29.241345405578613,0
29.241363525390625,0
29.24302744865417,0
29.243085384368896,0
29.24453020095825,0
29.259099006652832,0
29.25933623313904,0
29.259451866149902,0
29.25966739654541,0
29.26140117645264,0
29.261916160583496,0
29.261923789978027,0
29.29588103294373,0
29.31425404548645,0
29.314288854599,0
29.31433582305908,0
29.31448268890381,0
29.31807827949524,0
29.318363904953003,0
29.31873846054077,0
29.33353400230408,0
29.33359456062317,0
29.34016466140747,0
29.34023118019104,0
29.36255693435669,0
29.364187002182007,0
29.38596224784851,0
29.38939738273621,0
29.389397621154785,0
29.390560150146484,0
29.390571117401123,0
29.390581607818604,0
29.39059257507324,0
29.392388105392456,0
29.392396926879883,0
29.39240074157715,0
29.39376282691956,0
29.393789768218998,0
29.39379119873047,0
29.393800735473636,0
29.396703720092773,0
29.396727800369263,0
29.39674210548401,0
29.39733481407165,0
29.42634654045105,0
29.42787384986877,0
29.42789912223816,0
29.428349018096924,0
29.42897772789001,0
29.42918038368225,0
29.42977213859558,0
29.432570457458496,0
29.432601928710938,0
29.434123277664185,0
29.43416786193848,0
29.436371326446533,0
29.44076681137085,0
29.441150665283203,0
29.45553207397461,0
29.45555257797241,0
29.45556926727295,0
29.45560884475708,0
29.457536935806274,0
29.45774483680725,0
29.45784044265747,0
29.47145795822144,0
29.47259783744812,0
29.47350311279297,0
29.49316358566284,0
29.493374586105347,0
29.4935519695282,0
29.493579387664795,0
29.49606847763061,0
29.49629497528076,0
29.4963219165802,0
29.534138679504395,0
29.53426241874695,0
29.53682804107666,0
29.536839485168457,0
29.572152137756348,0
29.57713770866394,0
29.57715439796448,0
29.578165531158447,0
29.579704523086548,0
29.579721450805664,0
29.579761028289795,0
29.580404043197632,0
29.580419540405277,0
29.580431699752808,0
29.58234143257141,0
29.607457160949707,0
29.60747718811035,0
29.607491493225098,0
29.60750532150269,0
29.61056900024414,0
29.61059594154358,0
29.61060929298401,0
29.611602544784542,0
29.611603260040283,0
29.61264395713806,0
29.612658500671387,0
29.61387085914612,0
29.614012002944943,0
29.61402916908264,0
29.61403965950012,0
29.61667370796204,0
29.616678476333615,0
29.61669135093689,0
29.64372730255127,0
29.64930868148804,0
29.64933562278748,0
29.64943528175354,0
29.649452924728397,0
29.65079164505005,0
29.65083694458008,0
29.65093183517456,0
29.65135145187378,0
29.65341186523437,0
29.6585955619812,0
29.689615964889526,0
29.68962287902832,0
29.690101861953732,0
29.690141439437863,0
29.69254732131958,0
29.695224046707157,0
29.69571590423584,0
29.697797060012817,0
29.698130130767822,0
29.701042890548703,0
29.70111060142517,0
29.705145835876465,0
29.705379009246823,0
29.74362277984619,0
29.749532461166385,0
29.74955725669861,0
29.74979019165039,0
29.749823570251465,0
29.75183486938477,0
29.752416372299194,0
29.752445220947266,0
29.781886100769043,0
29.785042762756348,0
29.7852795124054,0
29.78604745864868,0
29.78635311126709,0
29.78656029701233,0
29.786686658859253,0
29.78746652603149,0
29.78773498535156,0
29.787760257720947,0
29.78838610649109,0
29.790709733963013,0
29.810264825820923,0
29.81045913696289,0
29.814445734024048,0
29.814464807510376,0
29.867512226104736,0
29.92847943305969,0
29.928508520126343,0
29.928533792495728,0
29.928545475006104,0
29.93159532546997,0
29.931616067886356,0
29.93163800239563,0
29.93376207351685,0
29.933791399002075,0
29.934422254562374,0
29.934438228607178,0
29.936522006988525,0
29.936569929122925,0
29.93659257888794,0
29.937680959701535,0
29.938271284103397,0
29.939857244491577,0
29.93986201286316,0
29.944910287857056,0
29.956547737121586,0
29.956578016281128,0
29.956579208374023,0
29.95733904838562,0
29.957380056381226,0
29.95741271972656,0
29.957454442977905,0
29.97159457206726,0
29.97376012802124,0
29.9761905670166,0
29.98175573348999,0
29.981786012649536,0
29.983720064163208,0
29.98373293876648,0
29.98374438285828,0
29.983755111694336,0
29.98686647415161,0
29.98690128326416,0
29.986925840377808,0
29.988033056259155,0
30.00628662109375,0
30.007768630981445,0
30.00875759124756,0
30.00876307487488,0
30.0095899105072,0
30.00961685180664,0
30.010218620300293,0
30.03197479248047,0
30.031992197036743,0
30.032002210617065,0
30.03201413154602,0
30.03410792350769,0
30.03413224220276,0
30.034298419952396,0
30.0515820980072,0
30.07435607910156,0
30.074387550354004,0
30.074402570724487,0
30.074475288391117,0
30.07654118537903,0
30.076558113098145,0
30.076707363128666,0
30.077868700027462,0
30.07790756225586,0
30.077993631362915,0
30.07800793647766,0
30.095759868621823,0
30.095834016799927,0
30.095879793167114,0
30.09693479537964,0
30.10229468345642,0
30.102331399917603,0
30.10264277458191,0
30.10266375541687,0
30.121044158935547,0
30.1210675239563,0
30.121092557907104,0
30.12595820426941,0
30.126365423202515,0
30.130332708358765,0
30.130417823791504,0
30.13561701774597,0
30.16312551498413,0
30.16340112686157,0
30.164201021194454,0
30.164203882217407,0
30.16421580314636,0
30.164252996444706,0
30.16541862487793,0
30.165431261062626,0
30.165629386901852,0
30.197256803512573,0
30.201660871505737,0
30.20168375968933,0
30.20180082321167,0
30.20181608200073,0
30.20398426055908,0
30.20399808883667,0
30.204063653945923,0
30.209174633026123,0
30.209187746047974,0
30.210957050323486,0
30.21098017692566,0
30.23510694503784,0
30.236987352371216,0
30.23792195320129,0
30.26328539848328,0
30.26332640647888,0
30.263344764709476,0
30.263365030288696,0
30.26554608345032,0
30.26567029953003,0
30.26580119132996,0
30.267414569854736,0
30.26941418647766,0
30.27220106124878,0
30.274502754211422,0
30.296453714370728,0
30.338277339935303,0
30.33829426765442,0
30.33830738067627,0
30.338319778442383,0
30.338370323181152,0
30.33841753005981,0
30.338458776474,0
30.338501453399655,0
30.33854603767395,0
30.338767766952515,0
30.33878898620605,0
30.338804721832275,0
30.338819980621334,0
30.33883547782898,0
30.33885216712952,0
30.34302568435669,0
30.34339070320129,0
30.343422889709476,0
30.36638832092285,0
30.37505865097046,0
30.375075817108154,0
30.376990795135494,0
30.377002954483032,0
30.377016067504883,0
30.3770215511322,0
30.37755370140076,0
30.37766933441162,0
30.37812900543213,0
30.388887882232662,0
30.417659997940063,0
30.41768431663513,0
30.41779398918152,0
30.41781044006348,0
30.42129373550415,0
30.42133593559265,0
30.421350479125977,0
30.4218225479126,0
30.422220706939697,0
30.435595512390137,0
30.435843229293823,0
30.4504177570343,0
30.476788997650143,0
30.477091073989868,0
30.47727084159851,0
30.477394819259644,0
30.478503227233887,0
30.478971004486084,0
30.47900605201721,0
30.490919589996334,0
30.52712154388428,0
30.5279061794281,0
30.527936935424805,0
30.529242753982544,0
30.53241276741028,0
30.532677173614506,0
30.533472776412964,0
30.533764600753784,0
30.534006357192997,0
30.534400939941406,0
30.534613132476807,0
30.564149618148804,0
30.568050622940063,0
30.568212509155277,0
30.56912899017334,0
30.569929122924805,0
30.5706570148468,0
30.57071590423584,0
30.57707262039185,0
30.57708430290222,0
30.577349185943604,0
30.57889533042908,0
30.579078435897827,0
30.57908868789673,0
30.579097986221317,0
30.580459117889404,0
30.580488681793213,0
30.58059787750244,0
30.60865569114685,0
30.613680362701416,0
30.61390280723572,0
30.61421585083008,0
30.6143536567688,0
30.617212772369385,0
30.61725735664368,0
30.617297649383545,0
30.619242668151852,0
30.619426250457764,0
30.61999011039734,0
30.620322942733765,0
30.62502646446228,0
30.64135217666626,0
30.64182925224304,0
30.66004967689514,0
30.660075664520264,0
30.66008853912353,0
30.660109519958496,0
30.661205291748047,0
30.661221742630005,0
30.66159462928772,0
30.662263870239254,0
30.678142786026,0
30.680753707885746,0
30.688731908798218,0
30.689044713974,0
30.689075469970703,0
30.689105987548828,0
30.71982502937317,0
30.719879388809204,0
30.720123291015625,0
30.722675323486328,0
30.72275710105896,0
30.72486686706543,0
30.724953413009644,0
30.72604489326477,0
30.72751212120056,0
30.770808219909668,0
30.77472305297852,0
30.77478766441345,0
30.77607297897339,0
30.77609610557556,0
30.77610659599304,0
30.776118278503414,0
30.777719020843502,0
30.777878761291504,0
30.778578519821167,0
30.81657314300537,0
30.848089933395386,0
30.84817910194397,0
30.848204374313354,0
30.84825611114502,0
30.85077476501465,0
30.8508038520813,0
30.850893259048465,0
30.85116219520569,0
30.851218938827515,0
30.85225224494934,0
30.85228157043457,0
30.853296041488647,0
30.85332155227661,0
30.85340094566345,0
30.8534152507782,0
30.861051082611084,0
30.861082315444943,0
30.861390113830566,0
30.86180877685547,0
30.86552119255066,0
30.865828037261963,0
30.865854740142822,0
30.86591744422913,0
30.867947101593018,0
30.86797547340393,0
30.868070125579838,0
30.869527339935303,0
30.90035033226013,0
30.900375843048096,0
30.90039324760437,0
30.900445461273197,0
30.904126167297363,0
30.90416932106018,0
30.90424156188965,0
30.90732288360596,0
30.907361268997192,0
30.91464114189148,0
30.91475558280945,0
30.916213274002075,0
30.91859483718872,0
30.956347465515137,0
30.973927974700928,0
30.973944902420044,0
30.974936485290527,0
30.974950313568115,0
30.975664377212524,0
30.9756817817688,0
30.977309703826904,0
30.977336406707764,0
30.977475881576535,0
31.00700354576111,0
31.00806999206543,0
31.01425290107727,0
31.014286756515503,0
31.01429748535156,0
31.01440644264221,0
31.014577865600582,0
31.014881134033203,0
31.014925956726078,0
31.015094995498657,0
31.01515531539917,0
31.01750636100769,0
31.017544507980347,0
31.035619974136356,0
31.037218809127808,0
31.05266094207764,0
31.085433959960938,0
31.085472345352173,0
31.085525274276733,0
31.08556890487671,0
31.121322631835938,0
31.121402502059937,0
31.121549129486084,0
31.12649154663086,0
31.12652277946472,0
31.12658667564392,0
31.126638412475582,0
31.145504474639893,0
31.14572787284851,0
31.14583897590637,0
31.15588665008545,0
31.156082153320312,0
31.157827615737915,0
31.15826416015625,0
31.16152262687683,0
31.166255235672,0
31.166640043258667,0
31.183085441589355,0
31.18311333656311,0
31.183127641677856,0
31.18312907218933,0
31.186126947402958,0
31.18643403053284,0
31.186739683151245,0
31.18704652786255,0
31.18769574165344,0
31.188642024993896,0
31.200385332107544,0
31.201489686965942,0
31.20281672477722,0
31.20295286178589,0
31.20376920700073,0
31.203792810440063,0
31.2038049697876,0
31.20382499694824,0
31.203840494155884,0
31.20459580421448,0
31.204630851745605,0
31.20677351951599,0
31.25247836112976,0
31.25252389907837,0
31.252534866333008,0
31.25255036354065,0
31.252589464187626,0
31.252626419067383,0
31.253468990325928,0
31.253747701644897,0
31.25446343421936,0
31.29088306427002,0
31.298835515975952,0
31.29898738861084,0
31.2990083694458,0
31.29907250404358,0
31.299192667007446,0
31.299235582351685,0
31.299281358718872,0
31.302870273590088,0
31.30289602279663,0
31.302908897399902,0
31.30319905281067,0
31.30510139465332,0
31.305144548416138,0
31.30516815185547,0
31.310928106307983,0
31.310972452163696,0
31.312875986099243,0
31.31295943260193,0
31.33737802505493,0
31.352235317230225,0
31.35224795341492,0
31.353254556655884,0
31.3532931804657,0
31.37627339363098,0
31.376296043396,0
31.376590490341187,0
31.37716579437256,0
31.379053831100464,0
31.409230947494507,0
31.415146112442017,0
31.415159702301025,0
31.415208101272583,0
31.415287494659424,0
31.41529941558838,0
31.415305376052856,0
31.42914390563965,0
31.429190635681152,0
31.430855989456177,0
31.431172370910645,0
31.43190717697144,0
31.43535327911377,0
31.435558080673218,0
31.435580492019653,0
31.4356062412262,0
31.43800187110901,0
31.43804121017456,0
31.43823218345642,0
31.440150260925293,0
31.458192586898804,0
31.458204746246334,0
31.45821762084961,0
31.4584858417511,0
31.4601788520813,0
31.46019983291626,0
31.46034026145935,0
31.471814393997192,0
31.472692251205444,0
31.473296642303467,0
31.50422143936157,0
31.50434970855713,0
31.504372119903564,0
31.504392385482788,0
31.50758957862854,0
31.50761747360229,0
31.50817346572876,0
31.50864267349243,0
31.50867748260498,0
31.509416580200195,0
31.509469985961918,0
31.51089191436768,0
31.51092767715454,0
31.51096510887146,0
31.51103448867798,0
31.5138156414032,0
31.51388430595398,0
31.51411175727844,0
31.514885902404785,0
31.53885316848755,0
31.538870573043823,0
31.53888487815857,0
31.538937091827396,0
31.55805206298828,0
31.558077096939087,0
31.558576107025143,0
31.55923867225647,0
31.572795629501343,0
31.572813987731934,0
31.574483156204224,0
31.574509382247925,0
31.57470178604126,0
31.57472324371338,0
31.6247193813324,0
31.624752283096317,0
31.625038146972656,0
31.626197814941406,0
31.6277072429657,0
31.62852644920349,0
31.62855434417725,0
31.62965750694275,0
31.629729747772217,0
31.639927625656128,0
31.644012928009037,0
31.64507508277893,0
31.645111799240112,0
31.64514851570129,0
31.645233631134037,0
31.646225690841675,0
31.64627242088318,0
31.680148601531982,0
31.6868679523468,0
31.686893224716187,0
31.686967372894287,0
31.686992406845093,0
31.68918538093567,0
31.689204692840576,0
31.689606189727783,0
31.69083404541016,0
31.695132970809937,0
31.716098308563232,0
31.716157913208008,0
31.719069957733154,0
31.7191858291626,0
31.720379114151,0
31.770339012146,0
31.77036499977112,0
31.77070617675781,0
31.770732879638672,0
31.774083852767944,0
31.7741596698761,0
31.7744722366333,0
31.77567434310913,0
31.775838375091556,0
31.77586030960083,0
31.77587080001831,0
31.77676725387573,0
31.7773756980896,0
31.777405500411987,0
31.7774715423584,0
31.78327703475952,0
31.78466272354126,0
31.788549661636356,0
31.78858256340027,0
31.7885959148407,0
31.788660526275635,0
31.79083490371704,0
31.790868997573853,0
31.7924861907959,0
31.792582035064697,0
31.792622089385983,0
31.80285167694092,0
31.802865982055664,0
31.82905864715576,0
31.856078386306763,0
31.85609078407288,0
31.856093168258667,0
31.856109857559204,0
31.85742783546448,0
31.85758638381958,0
31.857629776000977,0
31.86726689338684,0
31.90396404266357,0
31.90399146080017,0
31.904011487960812,0
31.904703855514526,0
31.906916856765747,0
31.90695643424988,0
31.90766668319702,0
31.933655500411987,0
31.93372774124145,0
31.93738269805908,0
31.93738913536072,0
31.94160199165344,0
31.950761318206787,0
31.95076394081116,0
31.95078992843628,0
31.95131492614746,0
31.952686071395878,0
31.952702045440677,0
31.952754259109497,0
31.954081535339355,0
31.955885887146,0
31.9675874710083,0
31.972127199172974,0
31.973262071609497,0
31.97331714630127,0
31.973377227783203,0
31.97498893737793,0
31.97502875328064,0
31.97580480575561,0
31.976425409317017,0
31.97660708427429,0
32.00263833999634,0
32.002641439437866,0
32.002904415130615,0
32.00292205810547,0
32.00437831878662,0
32.00441312789917,0
32.004611015319824,0
32.00596570968628,0
32.00602841377258,0
32.00708794593811,0
32.007304430007935,0
32.00793385505676,0
32.015292167663574,0
32.015559911727905,0
32.015573263168335,0
32.015621185302734,0
32.01653289794922,0
32.016536474227905,0
32.016988039016724,0
32.02790141105652,0
32.028334617614746,0
32.0684232711792,0
32.07931065559387,0
32.07936239242554,0
32.079991579055786,0
32.080140829086304,0
32.080228090286255,0
32.08028078079224,0
32.08032584190369,0
32.08045792579651,0
32.08052182197571,0
32.08541917800903,0
32.095088958740234,0
32.09540939331055,0
32.09543704986572,0
32.09548902511597,0
32.09683680534363,0
32.09686040878296,0
32.09697723388672,0
32.111610889434814,0
32.11170768737793,0
32.11441493034363,0
32.114575147628784,0
32.15310335159302,0
32.183385610580444,0
32.1835503578186,0
32.18448638916016,0
32.184592485427856,0
32.1846821308136,0
32.184770822525024,0
32.18555521965027,0
32.18556761741638,0
32.18557953834534,0
32.18626427650452,0
32.201982498168945,0
32.202003479003906,0
32.20219898223877,0
32.20221972465515,0
32.20406198501587,0
32.20408511161804,0
32.204121351242065,0
32.20464110374451,0
32.20466470718384,0
32.22278141975403,0
32.22279930114746,0
32.22388458251953,0
32.22389841079712,0
32.22390818595886,0
32.22395396232605,0
32.224876403808594,0
32.22490096092224,0
32.22491431236267,0
32.22554016113281,0
32.22724509239197,0
32.259416818618774,0
32.27292442321777,0
32.27324056625366,0
32.27333450317383,0
32.273470878601074,0
32.27562713623047,0
32.27564549446106,0
32.275676012039185,0
32.27644205093384,0
32.31066346168518,0
32.31237053871155,0
32.35295057296753,0
32.353081464767456,0
32.35310459136963,0
32.353124380111694,0
32.35577583312988,0
32.35581707954407,0
32.35654950141907,0
32.361114501953125,0
32.36114549636841,0
32.364413261413574,0
32.364431381225586,0
32.36540246009827,0
32.36792826652527,0
32.3749794960022,0
32.382285594940186,0
32.38232398033142,0
32.3831627368927,0
32.383328914642334,0
32.38334822654724,0
32.38359761238098,0
32.38658356666565,0
32.386778354644775,0
32.38686442375183,0
32.407145977020264,0
32.42793893814087,0
32.42800307273865,0
32.42801523208618,0
32.42802739143372,0
32.465532302856445,0
32.46555066108704,0
32.46617650985718,0
32.47381615638733,0
32.47385263442993,0
32.47393870353699,0
32.473958015441895,0
32.47402262687683,0
32.49870681762695,0
32.49886870384216,0
32.49889373779297,0
32.49891376495361,0
32.50212383270264,0
32.50219130516052,0
32.50240445137024,0
32.50242471694946,0
32.503846406936646,0
32.503888845443726,0
32.504016637802124,0
32.50463652610779,0
32.516109466552734,0
32.51612043380737,0
32.516398429870605,0
32.51843881607056,0
32.5184850692749,0
32.520899534225464,0
32.520994663238525,0
32.54046583175659,0
32.558221101760864,0
32.55826020240784,0
32.558276414871216,0
32.55830812454224,0
32.55942893028259,0
32.56002497673035,0
32.560699462890625,0
32.57974815368652,0
32.58132123947144,0
32.58223247528076,0
32.61285614967346,0
32.61288404464722,0
32.61445426940918,0
32.6152560710907,0
32.61526846885681,0
32.61534523963928,0
32.61538767814636,0
32.615464210510254,0
32.616610527038574,0
32.61697864532471,0
32.61700129508972,0
32.6172354221344,0
32.61737942695618,0
32.65510416030884,0
32.660892486572266,0
32.661104679107666,0
32.66114640235901,0
32.66141200065613,0
32.67533040046692,0
32.67537522315979,0
32.67545533180237,0
32.67691659927368,0
32.708653688430786,0
32.71288013458252,0
32.712934494018555,0
32.71308469772339,0
32.71330642700195,0
32.713412046432495,0
32.713446617126465,0
32.71464943885803,0
32.71473789215088,0
32.71705865859985,0
32.71731185913086,0
32.719152212142944,0
32.719210386276245,0
32.719399213790894,0
32.7194242477417,0
32.72484469413757,0
32.724891662597656,0
32.72491645812988,0
32.739800453186035,0
32.75338625907898,0
32.75340533256531,0
32.753419399261475,0
32.753432512283325,0
32.78781461715698,0
32.78791332244873,0
32.78792929649353,0
32.78882384300232,0
32.79066014289856,0
32.792927980422974,0
32.8115873336792,0
32.81159281730652,0
32.812464475631714,0
32.812848806381226,0
32.81286835670471,0
32.812905073165894,0
32.814908266067505,0
32.81576752662659,0
32.81669092178345,0
32.81704807281494,0
32.823710680007935,0
32.82374286651611,0
32.82629179954529,0
32.84992718696594,0
32.849940061569214,0
32.84995198249817,0
32.84996581077576,0
32.85638427734375,0
32.856441497802734,0
32.85647368431091,0
32.85697937011719,0
32.85748100280762,0
32.89649844169617,0
32.944048166275024,0
32.94408917427063,0
32.94410562515259,0
32.94412350654602,0
32.94543814659119,0
32.94567632675171,0
32.94642114639282,0
32.94720983505249,0
32.94756007194519,0
32.9493842124939,0
32.9494206905365,0
32.97153377532959,0
32.97522521018982,0
32.97525501251221,0
32.97543740272522,0
32.97545766830444,0
32.976726770401,0
32.97673988342285,0
32.97674202919006,0
32.977065324783325,0
32.98456931114197,0
32.98460245132446,0
32.994282960891724,0
32.994505643844604,0
32.99452543258667,0
32.99457383155823,0
32.99610900878906,0
32.99616742134094,0
32.99641537666321,0
32.99800944328308,0
33.00763654708862,0
33.007976770401,0
33.030834436416626,0
33.03095269203186,0
33.03187417984009,0
33.062485694885254,0
33.062517404556274,0
33.062641620635986,0
33.06266188621521,0
33.06465721130371,0
33.06468892097473,0
33.064706802368164,0
33.06592059135437,0
33.071531772613525,0
33.071598529815674,0
33.07164454460144,0
33.07169032096863,0
33.07358932495117,0
33.07363557815552,0
33.074345111846924,0
33.1026656627655,0
33.11030030250549,0
33.112141609191895,0
33.11215877532959,0
33.114174365997314,0
33.11870813369751,0
33.12089776992798,0
33.127631425857544,0
33.12928652763367,0
33.129305839538574,0
33.12938070297241,0
33.13241243362427,0
33.13277459144592,0
33.133448362350464,0
33.16133546829224,0
33.168166399002075,0
33.168166637420654,0
33.168193340301514,0
33.16820001602173,0
33.17095732688904,0
33.17097306251526,0
33.17103409767151,0
33.176477909088135,0
33.17649245262146,0
33.176501750946045,0
33.17651104927063,0
33.17741370201111,0
33.17816615104675,0
33.17820692062378,0
33.178210496902466,0
33.22461414337158,0
33.22468948364258,0
33.22625279426575,0
33.22631311416626,0
33.226335525512695,0
33.226361989974976,0
33.22791862487793,0
33.229143381118774,0
33.230552434921265,0
33.23059844970703,0
33.23123121261597,0
33.2315936088562,0
33.23187708854675,0
33.232542753219604,0
33.23490023612976,0
33.235919713974,0
33.23674273490906,0
33.251553535461426,0
33.27339696884155,0
33.273428440093994,0
33.27344846725464,0
33.27395677566528,0
33.27509379386902,0
33.27511024475098,0
33.27525043487549,0
33.30618524551392,0
33.31208801269531,0
33.31211042404175,0
33.313979148864746,0
33.31402230262756,0
33.31406044960022,0
33.314159631729126,0
33.3158438205719,0
33.316699743270874,0
33.31682205200195,0
33.318331480026245,0
33.31841492652893,0
33.35015630722046,0
33.36189270019531,0
33.365851402282715,0
33.366729497909546,0
33.36680865287781,0
33.366942167282104,0
33.3669536113739,0
33.36744499206543,0
33.367462396621704,0
33.37485361099243,0
33.3964741230011,0
33.40019965171814,0
33.400224447250366,0
33.40188765525818,0
33.401915550231934,0
33.40192651748657,0
33.40193843841553,0
33.414520263671875,0
33.41461563110352,0
33.41482639312744,0
33.41577172279358,0
33.41593813896179,0
33.41785907745361,0
33.41786193847656,0
33.43500471115112,0
33.43503427505493,0
33.43503522872925,0
33.43599033355713,0
33.436014890670776,0
33.43617296218872,0
33.4364972114563,0
33.471384048461914,0
33.47141456604004,0
33.473557472229004,0
33.47373342514038,0
33.473787784576416,0
33.47384071350098,0
33.473896980285645,0
33.487595558166504,0
33.52959179878235,0
33.52966332435608,0
33.52968406677246,0
33.52976059913635,0
33.53074502944946,0
33.53188228607178,0
33.531946659088135,0
