t,anomaly_label
0.0,0
3.3855438232421875e-05,0
0.000974416732788,0
0.0137610435485839,0
0.0137901306152343,0
0.013850450515747,0
0.0140926837921142,0
0.015263557434082,0
0.0153348445892333,0
0.0157277584075927,0
0.0168120861053466,0
0.0170927047729492,0
0.0182244777679443,0
0.0182440280914306,0
0.0184216499328613,0
0.0184292793273925,0
0.0191283226013183,0
0.0200269222259521,0
0.0367119312286376,0
0.0367779731750488,0
0.0445764064788818,0
0.0517206192016601,0
0.0519709587097168,0
0.0531990528106689,0
0.0532386302947998,0
0.0555441379547119,0
0.0556933879852294,0
0.0559802055358886,0
0.0574903488159179,0
0.0575199127197265,0
0.058704137802124,0
0.0588002204895019,0
0.0588226318359375,0
0.0589172840118408,0
0.0618205070495605,0
0.0618729591369628,0
0.0623066425323486,0
0.0636563301086425,0
0.0769474506378173,0
0.0771293640136718,0
0.0775747299194336,0
0.092968463897705,0
0.0931503772735595,0
0.093170166015625,0
0.0932803153991699,0
0.0943591594696044,0
0.0945332050323486,0
0.0945656299591064,0
0.0973520278930664,0
0.0974586009979248,0
0.0974738597869873,0
0.107675552368164,0
0.1076953411102294,0
0.1171464920043945,0
0.1172001361846923,0
0.1172034740447998,0
0.1341583728790283,0
0.1342353820800781,0
0.1373322010040283,0
0.1434931755065918,0
0.1435375213623047,0
0.1436431407928466,0
0.1632485389709472,0
0.163297414779663,0
0.163670539855957,0
0.1762921810150146,0
0.1763522624969482,0
0.1913669109344482,0
0.1913995742797851,0
0.191680908203125,0
0.1917073726654052,0
0.1919474601745605,0
0.1919910907745361,0
0.1921839714050293,0
0.1922147274017334,0
0.1955630779266357,0
0.1955821514129638,0
0.1957647800445556,0
0.1957807540893554,0
0.19584321975708,0
0.195854902267456,0
0.1960890293121338,0
0.1992580890655517,0
0.1993215084075927,0
0.1993350982666015,0
0.2027239799499511,0
0.2030115127563476,0
0.203582763671875,0
0.2036356925964355,0
0.2036540508270263,0
0.2037353515625,0
0.2037482261657714,0
0.2041182518005371,0
0.2047691345214843,0
0.2209830284118652,0
0.2210209369659423,0
0.2210376262664795,0
0.2318317890167236,0
0.2410531044006347,0
0.2417113780975341,0
0.2417678833007812,0
0.2417864799499511,0
0.2420113086700439,0
0.242236852645874,0
0.2422561645507812,0
0.2623255252838135,0
0.2623689174652099,0
0.2623984813690185,0
0.2671918869018554,0
0.2674984931945801,0
0.2677295207977295,0
0.2690610885620117,0
0.2714834213256836,0
0.274505615234375,0
0.2819173336029053,0
0.2825033664703369,0
0.2825338840484619,0
0.2840197086334228,0
0.2840511798858642,0
0.284111738204956,0
0.2841305732727051,0
0.2854220867156982,0
0.2854595184326172,0
0.2862567901611328,0
0.2866871356964111,0
0.2866902351379394,0
0.2899308204650879,0
0.2899436950683594,0
0.293189525604248,0
0.2931897640228271,0
0.2932043075561523,0
0.2932047843933105,0
0.2966287136077881,0
0.2966530323028564,0
0.2966763973236084,0
0.2993440628051758,0
0.2993710041046142,0
0.2994258403778076,0
0.3052096366882324,0
0.3215014934539795,0
0.3215405941009521,0
0.3216853141784668,0
0.3418385982513428,0
0.3420352935791015,0
0.3420422077178955,0
0.3630831241607666,0
0.3631298542022705,0
0.3632307052612304,0
0.3679800033569336,0
0.3682150840759277,0
0.3703179359436035,0
0.3703401088714599,0
0.3703622817993164,0
0.3703930377960205,0
0.3734757900238037,0
0.3735418319702148,0
0.3736205101013183,0
0.374852180480957,0
0.3763628005981445,0
0.3821620941162109,0
0.3821983337402344,0
0.3822102546691894,0
0.3885574340820312,0
0.3940200805664062,0
0.3940291404724121,0
0.3941619396209717,0
0.3941860198974609,0
0.3946366310119629,0
0.3947095870971679,0
0.3954198360443115,0
0.4002258777618408,0
0.4002742767333984,0
0.4003520011901855,0
0.4006080627441406,0
0.4006516933441162,0
0.4007084369659424,0
0.4007422924041748,0
0.4216580390930176,0
0.4217629432678222,0
0.421860933303833,0
0.4423532485961914,0
0.4425089359283447,0
0.442563533782959,0
0.4496328830718994,0
0.4553794860839844,0
0.4554033279418945,0
0.4555847644805908,0
0.4556071758270263,0
0.4568948745727539,0
0.4569053649902344,0
0.4569993019104004,0
0.4615628719329834,0
0.4616079330444336,0
0.4617166519165039,0
0.4655072689056396,0
0.468339204788208,0
0.4693243503570556,0
0.4850354194641113,0
0.4851546287536621,0
0.4852335453033447,0
0.4852557182312011,0
0.4853212833404541,0
0.4854412078857422,0
0.4855570793151855,0
0.485576868057251,0
0.4866378307342529,0
0.4872093200683594,0
0.4886245727539062,0
0.488948106765747,0
0.4933333396911621,0
0.4934720993041992,0
0.5008063316345215,0
0.5008361339569092,0
0.5008628368377686,0
0.5072715282440186,0
0.5213155746459961,0
0.5215787887573242,0
0.5219137668609619,0
0.531574010848999,0
0.5318102836608887,0
0.5426011085510254,0
0.5429084300994873,0
0.543238639831543,0
0.561586856842041,0
0.5616247653961182,0
0.5616400241851807,0
0.567936897277832,0
0.5679731369018555,0
0.5680830478668213,0
0.5682861804962158,0
0.5707457065582275,0
0.570767879486084,0
0.5707931518554688,0
0.5729820728302002,0
0.5731115341186523,0
0.5731277465820312,0
0.5734338760375977,0
0.5770113468170166,0
0.5770230293273926,0
0.5770678520202637,0
0.5781874656677246,0
0.585059404373169,0
0.5850961208343506,0
0.5851600170135498,0
0.5851812362670898,0
0.5861642360687256,0
0.586308479309082,0
0.586646556854248,0
0.5899538993835449,0
0.5899748802185059,0
0.5900347232818604,0
0.5948083400726318,0
0.5948247909545898,0
0.5966224670410156,0
0.5967769622802734,0
0.5975663661956787,0
0.5975885391235352,0
0.5980191230773926,0
0.618309497833252,0
0.6215980052947998,0
0.621631383895874,0
0.6216468811035156,0
0.6221480369567871,0
0.6245689392089844,0
0.6421124935150146,0
0.6422262191772461,0
0.6422667503356934,0
0.6537671089172363,0
0.6538236141204834,0
0.6540472507476807,0
0.6540756225585938,0
0.655205488204956,0
0.655254602432251,0
0.6553399562835693,0
0.66304612159729,0
0.6630959510803223,0
0.6631162166595459,0
0.6699976921081543,0
0.6837761402130127,0
0.6838250160217285,0
0.6873714923858643,0
0.699188232421875,0
0.6992144584655762,0
0.6992828845977783,0
0.7009446620941162,0
0.7047247886657715,0
0.7047626972198486,0
0.7062816619873047,0
0.7063412666320801,0
0.7063918113708496,0
0.7076354026794434,0
0.708327054977417,0
0.708453893661499,0
0.7126381397247314,0
0.7126822471618652,0
0.7137370109558105,0
0.7197256088256836,0
0.7197520732879639,0
0.7197549343109131,0
0.7327678203582764,0
0.7327919006347656,0
0.7328100204467773,0
0.7328290939331055,0
0.7371258735656738,0
0.7371821403503418,0
0.7372322082519531,0
0.74214768409729,0
0.742175817489624,0
0.7423000335693359,0
0.7498373985290527,0
0.7633762359619141,0
0.7634286880493164,0
0.7637333869934082,0
0.7759816646575928,0
0.7760782241821289,0
0.7783558368682861,0
0.7784600257873535,0
0.780494213104248,0
0.7805697917938232,0
0.7843382358551025,0
0.7845406532287598,0
0.7845470905303955,0
0.784569263458252,0
0.7845711708068848,0
0.793828010559082,0
0.7983253002166748,0
0.7983887195587158,0
0.8004074096679688,0
0.8004715442657471,0
0.8040578365325928,0
0.8042268753051758,0
0.8044106960296631,0
0.8044285774230957,0
0.8063461780548096,0
0.8066141605377197,0
0.8066160678863525,0
0.8086285591125488,0
0.808657169342041,0
0.8086977005004883,0
0.817840576171875,0
0.8178408145904541,0
0.8178920745849609,0
0.8190872669219971,0
0.8219892978668213,0
0.8242959976196289,0
0.8376612663269043,0
0.8378994464874268,0
0.838127851486206,0
0.8383145332336426,0
0.8404858112335205,0
0.8414859771728516,0
0.8418614864349365,0
0.8422462940216064,0
0.8433103561401367,0
0.8437967300415039,0
0.843834638595581,0
0.8438539505004883,0
0.8614823818206787,0
0.8615262508392334,0
0.8615453243255615,0
0.8849241733551025,0
0.8858835697174072,0
0.8859312534332275,0
0.886770486831665,0
0.8939933776855469,0
0.8940391540527344,0
0.8940572738647461,0
0.8941154479980469,0
0.8982548713684082,0
0.898289680480957,0
0.8991348743438721,0
0.9002854824066162,0
0.9004802703857422,0
0.9015405178070068,0
0.9019267559051514,0
0.9029064178466796,0
0.9029381275177002,0
0.9029858112335204,0
0.9204380512237548,0
0.9204740524291992,0
0.9205341339111328,0
0.9387214183807372,0
0.9422338008880616,0
0.9422738552093506,0
0.942345142364502,0
0.9628427028656006,0
0.9628891944885254,0
0.962918758392334,0
0.970287561416626,0
0.9703471660614014,0
0.9738430976867676,0
0.9738647937774658,0
0.9739267826080322,0
0.9740405082702636,0
0.9759221076965332,0
0.9759435653686525,0
0.978208065032959,0
0.9851226806640624,0
0.9856250286102296,0
0.9878828525543212,0
0.9938268661499025,0
0.9938769340515136,0
0.9950563907623292,0
0.9950845241546632,0
0.9950990676879884,0
1.0032134056091309,0
1.004131555557251,0
1.0041615962982178,0
1.0063040256500244,0
1.0063331127166748,0
1.0063462257385254,0
1.0067949295043943,0
1.0068230628967283,0
1.0082340240478516,0
1.0082571506500244,0
1.0097384452819824,0
1.0112764835357666,0
1.019444227218628,0
1.0194733142852783,0
1.0194742679595947,0
1.0410192012786863,0
1.0410590171813965,0
1.041156530380249,0
1.0458996295928955,0
1.051198959350586,0
1.0526738166809082,0
1.0528175830841064,0
1.052842378616333,0
1.057077169418335,0
1.057267189025879,0
1.0572903156280518,0
1.061941146850586,0
1.062239170074463,0
1.0623841285705566,0
1.06430983543396,0
1.064333200454712,0
1.064347743988037,0
1.06439208984375,0
1.0671000480651855,0
1.0672411918640137,0
1.0673208236694336,0
1.0673401355743408,0
1.077120065689087,0
1.077162742614746,0
1.0772216320037842,0
1.087317705154419,0
1.0972065925598145,0
1.097239971160889,0
1.0972957611083984,0
1.1173183917999268,0
1.1173536777496338,0
1.1175742149353027,0
1.118214130401611,0
1.118257999420166,0
1.1182782649993896,0
1.1183252334594729,0
1.1212828159332275,0
1.1213243007659912,0
1.124114751815796,0
1.1241767406463623,0
1.124190092086792,0
1.1308560371398926,0
1.1308681964874268,0
1.1322379112243652,0
1.1383662223815918,0
1.1383910179138184,0
1.1384162902832031,0
1.1535882949829102,0
1.1536378860473633,0
1.1575710773468018,0
1.1576213836669922,0
1.161470890045166,0
1.1776692867279053,0
1.177729606628418,0
1.1777808666229248,0
1.1817216873168943,0
1.1817679405212402,0
1.183685302734375,0
1.1837193965911863,0
1.1880013942718506,0
1.1880345344543457,0
1.190234661102295,0
1.1903095245361328,0
1.201854228973389,0
1.2018578052520752,0
1.201915979385376,0
1.2041215896606443,0
1.2047123908996582,0
1.2186152935028076,0
1.2186734676361084,0
1.2186813354492188,0
1.2367792129516602,0
1.2368383407592771,0
1.2372078895568848,0
1.2372374534606934,0
1.237401247024536,0
1.2403335571289062,0
1.240405797958374,0
1.241943120956421,0
1.2573201656341553,0
1.2574167251586914,0
1.2574496269226074,0
1.2601487636566162,0
1.2601900100708008,0
1.260317087173462,0
1.260345220565796,0
1.264596462249756,0
1.2646431922912598,0
1.2647762298583984,0
1.265688180923462,0
1.2777085304260254,0
1.277761697769165,0
1.2787837982177734,0
1.294398307800293,0
1.2945325374603271,0
1.2946619987487793,0
1.2948095798492432,0
1.2948493957519531,0
1.29491925239563,0
1.294996738433838,0
1.2962312698364258,0
1.296374797821045,0
1.297680377960205,0
1.2977159023284912,0
1.2977309226989746,0
1.298367261886597,0
1.2983903884887695,0
1.3054804801940918,0
1.305483102798462,0
1.3054957389831543,0
1.3055503368377686,0
1.3056745529174805,0
1.3057050704956057,0
1.3181395530700684,0
1.3181536197662354,0
1.3181958198547363,0
1.3182332515716553,0
1.318479299545288,0
1.318506956100464,0
1.321711778640747,0
1.3318071365356443,0
1.3373167514801023,0
1.3374197483062744,0
1.3376035690307615,0
1.3382682800292969,0
1.3383970260620115,0
1.338433027267456,0
1.3424077033996582,0
1.3428728580474854,0
1.3431668281555176,0
1.362583875656128,0
1.3628602027893066,0
1.3632750511169434,0
1.367772102355957,0
1.376641035079956,0
1.3770244121551514,0
1.3770625591278076,0
1.385028839111328,0
1.3858764171600342,0
1.385975360870361,0
1.386047601699829,0
1.38621187210083,0
1.386282444000244,0
1.3864400386810305,0
1.386582851409912,0
1.3912665843963623,0
1.4063246250152588,0
1.4063506126403809,0
1.4065344333648682,0
1.4066381454467771,0
1.4070944786071775,0
1.4083850383758545,0
1.4085686206817627,0
1.4085943698883057,0
1.4204421043395996,0
1.420480251312256,0
1.4205477237701416,0
1.4417617321014404,0
1.4418365955352783,0
1.4418888092041016,0
1.4483060836791992,0
1.4483938217163086,0
1.450352668762207,0
1.4505834579467771,0
1.4506146907806396,0
1.4507815837860107,0
1.4547371864318848,0
1.454756259918213,0
1.4581706523895264,0
1.4581952095031738,0
1.461810827255249,0
1.4618816375732422,0
1.4618959426879885,0
1.4619827270507812,0
1.463648796081543,0
1.4795570373535156,0
1.4796204566955566,0
1.4798567295074463,0
1.48004150390625,0
1.4815952777862549,0
1.4819114208221436,0
1.483778476715088,0
1.484426498413086,0
1.4864423274993896,0
1.4866139888763428,0
1.48665189743042,0
1.48769211769104,0
1.4907183647155762,0
1.4909207820892334,0
1.4994547367095947,0
1.4994823932647705,0
1.4995241165161133,0
1.5112199783325195,0
1.5163297653198242,0
1.5169677734375,0
1.516998291015625,0
1.5170142650604248,0
1.5214853286743164,0
1.521517992019653,0
1.5215308666229248,0
1.5351686477661133,0
1.5351958274841309,0
1.5354061126708984,0
1.5377767086029053,0
1.537799835205078,0
1.5378077030181885,0
1.5382864475250244,0
1.539909601211548,0
1.539935827255249,0
1.5402586460113523,0
1.541177749633789,0
1.5412120819091797,0
1.5412311553955078,0
1.5583608150482178,0
1.5584123134613037,0
1.558487892150879,0
1.562659502029419,0
1.5682158470153809,0
1.5682401657104492,0
1.5701861381530762,0
1.5702273845672607,0
1.570251703262329,0
1.5739893913269043,0
1.5742547512054443,0
1.5743122100830078,0
1.5744545459747314,0
1.5833282470703125,0
1.5833590030670166,0
1.5833797454833984,0
1.5959835052490234,0
1.5960266590118408,0
1.5998847484588623,0
1.599902629852295,0
1.6021053791046145,0
1.6031427383422852,0
1.6031770706176758,0
1.6031923294067385,0
1.613856315612793,0
1.6138722896575928,0
1.6139426231384275,0
1.6139578819274902,0
1.6140177249908447,0
1.6140620708465576,0
1.6140775680541992,0
1.6195971965789795,0
1.619624376296997,0
1.6196777820587158,0
1.6419014930725098,0
1.642148494720459,0
1.6422004699707031,0
1.6487460136413574,0
1.660046100616455,0
1.660067081451416,0
1.6601479053497314,0
1.6763699054718018,0
1.6764168739318848,0
1.676520824432373,0
1.676551342010498,0
1.6808810234069824,0
1.680889368057251,0
1.6809070110321045,0
1.6845996379852295,0
1.6849768161773682,0
1.6859214305877686,0
1.685962438583374,0
1.6859629154205322,0
1.692903757095337,0
1.6929419040679932,0
1.6951014995574951,0
1.6951251029968262,0
1.6961450576782229,0
1.7011387348175049,0
1.7012279033660889,0
1.7012462615966797,0
1.7217347621917725,0
1.721774339675903,0
1.721792697906494,0
1.7221050262451172,0
1.7237510681152344,0
1.724592208862305,0
1.724670648574829,0
1.7247376441955566,0
1.7250182628631592,0
1.725045680999756,0
1.7304787635803225,0
1.743786096572876,0
1.7440271377563477,0
1.7440650463104248,0
1.7593984603881836,0
1.759422779083252,0
1.7594459056854248,0
1.759467363357544,0
1.7596876621246338,0
1.7597026824951172,0
1.7597205638885498,0
1.7643022537231443,0
1.7643861770629885,0
1.7644827365875244,0
1.7775766849517822,0
1.7783241271972656,0
1.7783796787261963,0
1.7840261459350586,0
1.7843420505523682,0
1.7844173908233645,0
1.788299322128296,0
1.7883436679840088,0
1.7883670330047607,0
1.7889690399169922,0
1.7936184406280518,0
1.7936689853668213,0
1.798262119293213,0
1.7994003295898438,0
1.7994329929351809,0
1.802590131759644,0
1.81424880027771,0
1.814274549484253,0
1.8187644481658936,0
1.818775177001953,0
1.818809032440185,0
1.8188202381134035,0
1.818830728530884,0
1.8188416957855225,0
1.8188683986663816,0
1.8189265727996824,0
1.82004714012146,0
1.820713996887207,0
1.8207406997680664,0
1.837437868118286,0
1.8385226726531985,0
1.8412926197052,0
1.841392517089844,0
1.8414738178253172,0
1.855332612991333,0
1.855374336242676,0
1.862168550491333,0
1.8621864318847656,0
1.8626255989074707,0
1.8626441955566408,0
1.863372802734375,0
1.863499879837036,0
1.8644952774047847,0
1.8645360469818115,0
1.864680290222168,0
1.882798194885254,0
1.882828712463379,0
1.8828485012054443,0
1.8864872455596924,0
1.8902857303619385,0
1.8903298377990725,0
1.891042232513428,0
1.891080617904663,0
1.8944220542907717,0
1.900606870651245,0
1.900634765625,0
1.9008424282073972,0
1.9142711162567136,0
1.9143331050872805,0
1.9144198894500728,0
1.9144608974456787,0
1.9186005592346191,0
1.9186203479766848,0
1.918623685836792,0
1.9219274520874023,0
1.921974897384644,0
1.921984434127808,0
1.9282433986663816,0
1.9407579898834229,0
1.940794944763184,0
1.940850019454956,0
1.9619145393371584,0
1.9619619846343996,0
1.963693380355835,0
1.9639475345611568,0
1.964035987854004,0
1.965343713760376,0
1.9654428958892824,0
1.9655091762542725,0
1.9655568599700928,0
1.9674839973449707,0
1.967535257339477,0
1.967846393585205,0
1.996349811553955,0
1.9963836669921875,0
2.0009593963623047,0
2.0026838779449463,0
2.0027129650115967,0
2.0027260780334477,0
2.008797168731689,0
2.0088119506835938,0
2.010495901107788,0
2.010509729385376,0
2.0146164894104004,0
2.0195915699005127,0
2.0196237564086914,0
2.019637107849121,0
2.040250301361084,0
2.040257215499878,0
2.040297508239746,0
2.042340040206909,0
2.042376756668091,0
2.0426878929138184,0
2.0427074432373047,0
2.0427086353302,0
2.043395757675171,0
2.0447847843170166,0
2.044808387756348,0
2.0448522567749023,0
2.0449533462524414,0
2.0450432300567627,0
2.0469443798065186,0
2.046990394592285,0
2.0470080375671387,0
2.053032875061035,0
2.0571601390838623,0
2.057204008102417,0
2.057248592376709,0
2.070276498794556,0
2.070320844650269,0
2.0705060958862305,0
2.071303606033325,0
2.0754823684692383,0
2.075924158096313,0
2.077493667602539,0
2.077540397644043,0
2.0775606632232666,0
2.0785329341888428,0
2.097421884536743,0
2.0977821350097656,0
2.107517719268799,0
2.109809160232544,0
2.109860420227051,0
2.1099846363067627,0
2.11049222946167,0
2.1105222702026367,0
2.11069655418396,0
2.117114305496216,0
2.1172573566436768,0
2.117318630218506,0
2.1237146854400635,0
2.1238417625427246,0
2.1238913536071777,0
2.1239421367645264,0
2.126368999481201,0
2.1264243125915527,0
2.1264588832855225,0
2.1267056465148926,0
2.128655195236206,0
2.1348135471343994,0
2.1348366737365723,0
2.13753604888916,0
2.137599468231201,0
2.1376211643218994,0
2.1489856243133545,0
2.157269239425659,0
2.15732216835022,0
2.157764673233032,0
2.1772563457489014,0
2.177309989929199,0
2.177474975585937,0
2.1976943016052246,0
2.1979238986968994,0
2.2004988193511963,0
2.200531244277954,0
2.201546430587769,0
2.204044342041016,0
2.204073667526245,0
2.2040932178497314,0
2.204113006591797,0
2.207179546356201,0
2.207202672958374,0
2.2072088718414307,0
2.2095160484313965,0
2.212669849395752,0
2.217262029647827,0
2.217292308807373,0
2.217336416244507,0
2.2211923599243164,0
2.2212138175964355,0
2.224245548248291,0
2.224308967590332,0
2.2372186183929443,0
2.2373151779174805,0
2.237318277359009,0
2.241949796676636,0
2.247945070266724,0
2.250923156738281,0
2.251091718673706,0
2.2511181831359863,0
2.254019498825073,0
2.254075527191162,0
2.2543509006500244,0
2.254379272460937,0
2.260188579559326,0
2.260228157043457,0
2.260279417037964,0
2.271092653274536,0
2.2711331844329834,0
2.2714195251464844,0
2.2714521884918213,0
2.2715508937835693,0
2.271634817123413,0
2.2716825008392334,0
2.274346351623535,0
2.274374485015869,0
2.274389743804932,0
2.274511337280273,0
2.2756385803222656,0
2.275676012039185,0
2.2758471965789795,0
2.277417659759521,0
2.27752947807312,0
2.277549743652344,0
2.277682065963745,0
2.278239488601685,0
2.2831051349639893,0
2.283149480819702,0
2.2977685928344727,0
2.2978076934814453,0
2.2978732585906982,0
2.3115508556365967,0
2.3222439289093018,0
2.3222827911376958,0
2.322372436523437,0
2.3233468532562256,0
2.323347330093384,0
2.323750257492065,0
2.3237595558166504,0
2.328084707260132,0
2.3281118869781494,0
2.328181266784668,0
2.34255599975586,0
2.3426008224487305,0
2.34260630607605,0
2.3553683757781982,0
2.361989736557007,0
2.3619914054870605,0
2.3635172843933105,0
2.363564968109131,0
2.363586187362671,0
2.3659937381744385,0
2.366052865982056,0
2.3661134243011475,0
2.366178035736084,0
2.383937120437622,0
2.384000301361084,0
2.3840105533599854,0
2.400660276412964,0
2.4007997512817383,0
2.4008262157440186,0
2.40346360206604,0
2.403532028198242,0
2.4068102836608887,0
2.4078445434570312,0
2.4078853130340576,0
2.409477710723877,0
2.409984827041626,0
2.4145071506500244,0
2.418117046356201,0
2.4181437492370605,0
2.418181896209717,0
2.4182357788085938,0
2.4190056324005127,0
2.419036388397217,0
2.4198808670043945,0
2.4204413890838623,0
2.42160439491272,0
2.421639442443848,0
2.421660661697388,0
2.434522867202759,0
2.4357526302337646,0
2.443744659423828,0
2.4437849521636963,0
2.443837881088257,0
2.462763786315918,0
2.462806940078736,0
2.4628264904022217,0
2.4633803367614746,0
2.4647395610809326,0
2.4647679328918457,0
2.4650166034698486,0
2.4658029079437256,0
2.4660651683807373,0
2.4660863876342773,0
2.482680559158325,0
2.482739210128784,0
2.482760190963745,0
2.4887616634368896,0
2.4891228675842285,0
2.491077184677124,0
2.4911084175109863,0
2.492136716842652,0
2.499894380569458,0
2.499926805496216,0
2.499952554702759,0
2.5007646083831787,0
2.501147985458374,0
2.504526138305664,0
2.5045673847198486,0
2.5045790672302246,0
2.5045876502990723,0
2.5150341987609863,0
2.5150604248046875,0
2.515130519866944,0
2.51519775390625,0
2.5163347721099854,0
2.516371250152588,0
2.5164780616760254,0
2.517029285430908,0
2.5198702812194824,0
2.5198917388916016,0
2.519906997680664,0
2.537331342697144,0
2.5374021530151367,0
2.5374231338500977,0
2.546430349349976,0
2.5464437007904053,0
2.546804904937744,0
2.546836376190185,0
2.549333095550537,0
2.549403429031372,0
2.5495944023132324,0
2.551579713821411,0
2.5534517765045166,0
2.557877779006958,0
2.5588743686676025,0
2.5599465370178223,0
2.561165809631348,0
2.561232328414917,0
2.5612759590148926,0
2.56899356842041,0
2.569087505340576,0
2.5832653045654297,0
2.58329176902771,0
2.5835180282592773,0
2.599397897720337,0
2.5994317531585693,0
2.599432945251465,0
2.6005635261535645,0
2.600670337677002,0
2.600743055343628,0
2.6012539863586426,0
2.60329270362854,0
2.6033263206481934,0
2.608638286590576,0
2.6086928844451904,0
2.608707427978516,0
2.6093335151672363,0
2.6099119186401367,0
2.619323492050171,0
2.619328260421753,0
2.619337558746338,0
2.6282951831817627,0
2.6403276920318604,0
2.640367031097412,0
2.6404471397399902,0
2.648578405380249,0
2.648660659790039,0
2.6489877700805664,0
2.6490252017974854,0
2.6511342525482178,0
2.651206970214844,0
2.651231050491333,0
2.660995483398437,0
2.66191840171814,0
2.6619575023651123,0
2.6825098991394043,0
2.6825523376464844,0
2.6826319694519043,0
2.684880495071411,0
2.692248821258545,0
2.6923155784606934,0
2.692376136779785,0
2.6924386024475098,0
2.696815729141236,0
2.696958541870117,0
2.696984052658081,0
2.6987576484680176,0
2.6989500522613525,0
2.7009997367858887,0
2.701049327850342,0
2.7098617553710938,0
2.709895610809326,0
2.709906101226806,0
2.7146239280700684,0
2.723984241485596,0
2.724020004272461,0
2.724092960357666,0
2.7288496494293213,0
2.728870391845703,0
2.728888750076294,0
2.7289533615112305,0
2.741492986679077,0
2.741713047027588,0
2.741751194000244,0
2.7616071701049805,0
2.761659383773804,0
2.7616655826568604,0
2.768357992172241,0
2.768404006958008,0
2.768702983856201,0
2.770756483078003,0
2.7708091735839844,0
2.77082633972168,0
2.7708280086517334,0
2.772575855255127,0
2.7726247310638428,0
2.7729148864746094,0
2.775256395339966,0
2.78271746635437,0
2.782790422439575,0
2.7828383445739746,0
2.782965898513794,0
2.782981634140014,0
2.791139602661133,0
2.7911901473999023,0
2.791234016418457,0
2.791281223297119,0
2.796818494796753,0
2.796835899353028,0
2.7988898754119877,0
2.7989323139190674,0
2.802091360092163,0
2.8021297454833984,0
2.805164337158203,0
2.8053135871887207,0
2.80533504486084,0
2.8053507804870605,0
2.805403709411621,0
2.808138132095337,0
2.816092729568481,0
2.8196218013763428,0
2.819653987884521,0
2.819667339324951,0
2.8397953510284424,0
2.840116262435913,0
2.840139150619507,0
2.8402340412139893,0
2.8423874378204346,0
2.842433214187622,0
2.842442989349365,0
2.845854520797729,0
2.845875024795532,0
2.846376895904541,0
2.847142457962036,0
2.855624198913574,0
2.8556602001190186,0
2.855786800384521,0
2.8561720848083496,0
2.861032724380493,0
2.861276149749756,0
2.8612961769104004,0
2.861398220062256,0
2.861466646194458,0
2.8615081310272217,0
2.867773056030273,0
2.867811679840088,0
2.870490789413452,0
2.87054181098938,0
2.883272886276245,0
2.8832929134368896,0
2.88340163230896,0
2.893850088119507,0
2.90090560913086,0
2.900939464569092,0
2.9009830951690674,0
2.9128243923187256,0
2.9128530025482178,0
2.9130547046661377,0
2.9130969047546387,0
2.915271043777466,0
2.915345907211304,0
2.915431499481201,0
2.9195804595947266,0
2.9196102619171143,0
2.9196248054504395,0
2.9404211044311523,0
2.941826105117798,0
2.941884756088257,0
2.9421262741088867,0
2.942718029022217,0
2.9459991455078125,0
2.9616401195526123,0
2.9619107246398926,0
2.962108612060547,0
2.9713165760040283,0
2.971443891525269,0
2.9751150608062744,0
2.97515606880188,0
2.97519850730896,0
2.975329160690308,0
2.9849836826324463,0
2.985024690628052,0
2.9851737022399902,0
2.9853904247283936,0
2.98541259765625,0
2.9854965209960938,0
2.9855141639709477,0
2.986180543899536,0
2.986201763153076,0
2.986262083053589,0
2.986328125,0
2.986377477645874,0
2.986422300338745,0
2.98647689819336,0
3.0074455738067627,0
3.0075552463531494,0
3.0076382160186768,0
3.0077719688415527,0
3.010485887527466,0
3.010569334030152,0
3.0106661319732666,0
3.010684967041016,0
3.0108604431152344,0
3.0191643238067627,0
3.019341230392456,0
3.0193967819213867,0
3.02302622795105,0
3.023179769515991,0
3.023309230804444,0
3.0234742164611816,0
3.0248138904571533,0
3.025655746459961,0
3.02569580078125,0
3.0260238647460938,0
3.0314457416534424,0
3.041654586791992,0
3.041684627532959,0
3.0417680740356445,0
3.0517592430114746,0
3.060528516769409,0
3.0605664253234863,0
3.060582160949707,0
3.072709798812866,0
3.0727550983428955,0
3.072774648666382,0
3.074694395065308,0
3.074751377105713,0
3.075155973434448,0
3.080911874771118,0
3.0818090438842773,0
3.081941843032837,0
3.094777584075928,0
3.097348213195801,0
3.097391366958618,0
3.100050449371338,0
3.100074052810669,0
3.1013898849487305,0
3.1053497791290283,0
3.105433464050293,0
3.1054468154907227,0
3.11511492729187,0
3.115135908126831,0
3.115147829055786,0
3.115159749984741,0
3.1176774501800537,0
3.117693424224853,0
3.1177074909210205,0
3.121049165725708,0
3.121077537536621,0
3.1211109161376958,0
3.140995979309082,0
3.14117169380188,0
3.141270160675049,0
3.147871971130371,0
3.1615474224090576,0
3.161582946777344,0
3.161769151687622,0
3.184575319290161,0
3.184606075286865,0
3.184684991836548,0
3.1939258575439453,0
3.1939728260040283,0
3.1951165199279785,0
3.1953349113464355,0
3.1954870223999023,0
3.195652961730957,0
3.20322847366333,0
3.2038159370422363,0
3.204040765762329,0
3.2094671726226807,0
3.2094860076904297,0
3.2095863819122314,0
3.209601879119873,0
3.213435173034668,0
3.2176973819732666,0
3.217996835708618,0
3.219448566436768,0
3.2194578647613525,0
3.219520330429077,0
3.221425294876098,0
3.221474885940552,0
3.2229597568511963,0
3.226801633834839,0
3.226815938949585,0
3.226825714111328,0
3.226837158203125,0
3.2287676334381104,0
3.2288057804107666,0
3.228865385055542,0
3.232685089111328,0
3.232710123062134,0
3.232721328735352,0
3.2327675819396973,0
3.233844041824341,0
3.2339863777160645,0
3.2340126037597656,0
3.235025405883789,0
3.240153789520264,0
3.240187168121338,0
3.240219831466675,0
3.25268030166626,0
3.2543091773986816,0
3.2543957233428955,0
3.254568099975586,0
3.254587173461914,0
3.254680633544922,0
3.25498628616333,0
3.256976366043091,0
3.2570083141326904,0
3.2570555210113525,0
3.267824411392212,0
3.267861843109131,0
3.277173519134521,0
3.2772130966186523,0
3.2772650718688965,0
3.2891063690185547,0
3.289206027984619,0
3.290997266769409,0
3.297821044921875,0
3.297852039337158,0
3.297863006591797,0
3.31101655960083,0
3.311269998550415,0
3.3113880157470703,0
3.312341690063477,0
3.313585042953491,0
3.313600778579712,0
3.314143419265747,0
3.317443370819092,0
3.317455768585205,0
3.317473888397217,0
3.336952447891236,0
3.3370072841644287,0
3.3370280265808105,0
3.3564321994781494,0
3.3579225540161133,0
3.3580143451690674,0
3.358144998550415,0
3.3654861450195312,0
3.3655924797058105,0
3.367818117141724,0
3.367840051651001,0
3.3678624629974365,0
3.367863893508911,0
3.3773512840271,0
3.377527952194214,0
3.377548694610596,0
3.385248899459839,0
3.385281801223755,0
3.385308027267456,0
3.3867316246032715,0
3.393554210662842,0
3.40065598487854,0
3.4006569385528564,0
3.402839183807373,0
3.402906656265259,0
3.4041874408721924,0
3.404214143753052,0
3.404231309890747,0
3.406062364578247,0
3.4174954891204834,0
3.4175140857696533,0
3.417571783065796,0
3.417590856552124,0
3.417620658874512,0
3.41786527633667,0
3.4207820892333984,0
3.4225099086761475,0
3.42494535446167,0
3.4249684810638428,0
3.427650213241577,0
3.427665948867798,0
3.4378390312194824,0
3.437875270843506,0
3.438029766082764,0
3.450101375579834,0
3.4578053951263428,0
3.457825899124145,0
3.4585213661193848,0
3.461907148361206,0
3.461982250213623,0
3.462050199508667,0
3.462106704711914,0
3.478245973587036,0
3.4782936573028564,0
3.478395938873291,0
3.48602557182312,0
3.486240863800049,0
3.486456871032715,0
3.488503932952881,0
3.488550901412964,0
3.4885683059692383,0
3.489983320236206,0
3.4929795265197754,0
3.49304747581482,0
3.50158166885376,0
3.502296209335327,0
3.5025875568389893,0
3.5030436515808105,0
3.503199815750122,0
3.5034162998199463,0
3.503451108932495,0
3.5035886764526367,0
3.503610134124756,0
3.517282247543335,0
3.5173182487487797,0
3.5179431438446045,0
3.5219905376434326,0
3.5223283767700195,0
3.5230460166931152,0
3.523184299468994,0
3.5240068435668945,0
3.524068117141724,0
3.524116277694702,0
3.524200439453125,0
3.530611515045166,0
3.5306246280670166,0
3.5320873260498047,0
3.532113552093506,0
3.5329153537750244,0
3.5329418182373047,0
3.5330710411071777,0
3.547814130783081,0
3.548098564147949,0
3.548129081726074,0
3.5688204765319824,0
3.568857431411743,0
3.568918943405152,0
3.587047576904297,0
3.591535806655884,0
3.591571092605591,0
3.592413902282715,0
3.609715700149536,0
3.60980486869812,0
3.610419988632202,0
3.620640277862549,0
3.620647668838501,0
3.62206506729126,0
3.622065305709839,0
3.6220877170562735,0
3.6220896244049072,0
3.626354455947876,0
3.626377582550049,0
3.6265077590942383,0
3.627039670944214,0
3.627225637435913,0
3.629139661788941,0
3.629140138626098,0
3.629168748855591,0
3.632847547531128,0
3.632867336273194,0
3.634045600891113,0
3.64774227142334,0
3.647744417190552,0
3.6477839946746826,0
3.6478254795074463,0
3.648948907852173,0
3.648980617523194,0
3.649137735366821,0
3.66884970664978,0
3.6688835620880127,0
3.668898344039917,0
3.686433792114258,0
3.686434030532837,0
3.6867408752441406,0
3.688413381576538,0
3.689627170562744,0
3.6896586418151855,0
3.6896779537200928,0
3.690441131591797,0
3.701943874359131,0
3.706846237182617,0
3.708684206008911,0
3.7087676525115967,0
3.7088193893432617,0
3.710050582885742,0
3.7100815773010254,0
3.711191415786743,0
3.711695671081543,0
3.7117137908935542,0
3.7124581336975098,0
3.71251368522644,0
3.713602542877197,0
3.713625431060791,0
3.71362566947937,0
3.713655710220337,0
3.715341806411743,0
3.715378046035767,0
3.715581178665161,0
3.7237203121185294,0
3.723758220672608,0
3.724006175994873,0
3.728543281555176,0
3.736895084381104,0
3.736926317214966,0
3.736999750137329,0
3.769233703613281,0
3.769233942031861,0
3.76926064491272,0
3.78671145439148,0
3.786743879318237,0
3.786790370941162,0
3.7868597507476807,0
3.792415142059326,0
3.793623208999634,0
3.79365873336792,0
3.795742034912109,0
3.795761585235596,0
3.79578161239624,0
3.795799732208252,0
3.802251100540161,0
3.802821159362793,0
3.817130565643311,0
3.817158699035645,0
3.8235037326812735,0
3.8259124755859375,0
3.826171875,0
3.8269388675689697,0
3.8269524574279785,0
3.8279316425323486,0
3.827944278717041,0
3.8313496112823486,0
3.831376791000366,0
3.831390857696533,0
3.8348116874694815,0
3.838544368743897,0
3.838557004928589,0
3.838567733764648,0
3.8385956287384033,0
3.840743064880371,0
3.840749740600586,0
3.841038703918457,0
3.844910144805908,0
3.84493350982666,0
3.84497594833374,0
3.866340398788452,0
3.866359233856201,0
3.8664045333862314,0
3.877194404602051,0
3.883116006851196,0
3.883287191390991,0
3.883305311203003,0
3.883320808410645,0
3.8862481117248535,0
3.886277675628662,0
3.8872339725494394,0
3.888443946838379,0
3.888474225997925,0
3.888513803482056,0
3.8958277702331534,0
3.895884275436402,0
3.898350238800049,0
3.898382425308228,0
3.90274715423584,0
3.904351949691773,0
3.907862901687622,0
3.90789794921875,0
3.907913446426392,0
3.91997504234314,0
3.92671799659729,0
3.9267477989196777,0
3.92683219909668,0
3.939907312393189,0
3.9406096935272217,0
3.94061279296875,0
3.940670728683472,0
3.944286346435547,0
3.944292068481445,0
3.944306373596192,0
3.947258949279785,0
3.947289705276489,0
3.948537349700928,0
3.948549032211304,0
3.9486918449401855,0
3.9487087726593018,0
3.9488394260406494,0
3.9516446590423584,0
3.95417070388794,0
3.9542996883392334,0
3.954788446426392,0
3.956814765930176,0
3.9568378925323486,0
3.9568796157836914,0
3.965479612350464,0
3.9655728340148926,0
3.968545913696289,0
3.96858024597168,0
3.968640327453613,0
3.968657970428467,0
3.9770026206970215,0
3.977034568786621,0
3.977516412734986,0
3.997117280960083,0
3.997157573699951,0
3.9975221157073975,0
4.006170988082886,0
4.0062432289123535,0
4.006295919418335,0
4.008935213088989,0
4.008961915969849,0
4.011059045791626,0
4.011075258255005,0
4.011703014373779,0
4.016172409057617,0
4.017139196395874,0
4.017169237136841,0
4.017212152481079,0
4.022071361541748,0
4.023845672607422,0
4.02644944190979,0
4.034657716751099,0
4.034673690795898,0
4.034734010696411,0
4.034773349761963,0
4.037557125091553,0
4.0380024909973145,0
4.03800892829895,0
4.038907051086426,0
4.038941383361816,0
4.039170503616333,0
4.051412582397461,0
4.053350448608398,0
4.056958436965942,0
4.056994438171387,0
4.057093143463135,0
4.077563524246216,0
4.077615022659302,0
4.077688694000244,0
4.0974109172821045,0
4.0975635051727295,0
4.097578048706055,0
4.0992512702941895,0
4.10004472732544,0
4.100085735321045,0
4.100133657455444,0
4.100178003311157,0
4.1001973152160645,0
4.103334426879883,0
4.106432199478149,0
4.106482744216919,0
4.109019756317139,0
4.109658479690552,0
4.118089199066162,0
4.118565797805786,0
4.118618011474609,0
4.132594108581543,0
4.137192964553833,0
4.1372230052948,0
4.137268304824829,0
4.138628005981445,0
4.1386473178863525,0
4.156673669815064,0
4.156677484512329,0
4.156813859939575,0
4.156888246536255,0
4.1594767570495605,0
4.1595563888549805,0
4.159586668014526,0
4.162264108657837,0
4.162307500839233,0
4.162394046783447,0
4.163269758224487,0
4.163676738739014,0
4.177644968032837,0
4.177690029144287,0
4.177697658538818,0
4.187936544418335,0
4.206083059310913,0
4.206186056137085,0
4.206254005432129,0
4.218195915222168,0
4.218530416488648,0
4.218558073043823,0
4.218706607818604,0
4.219839334487915,0
4.219949722290039,0
4.220023155212402,0
4.220789194107056,0
4.2208545207977295,0
4.220876216888428,0
4.2229883670806885,0
4.223930597305298,0
4.224733591079712,0
4.2247700691223145,0
4.232119083404541,0
4.232152462005615,0
4.23216438293457,0
4.232173442840576,0
4.232868671417236,0
4.232897043228149,0
4.232997179031372,0
4.237755060195923,0
4.237776041030884,0
4.237807512283325,0
4.246789455413818,0
4.258054256439209,0
4.2580931186676025,0
4.25812554359436,0
4.269952297210693,0
4.2699875831604,0
4.270005226135254,0
4.27002477645874,0
4.274160385131836,0
4.274359941482544,0
4.274540424346924,0
4.277519226074219,0
4.2775654792785645,0
4.277585029602051,0
4.297609329223633,0
4.297662258148193,0
4.29806661605835,0
4.31713342666626,0
4.317899942398071,0
4.318009614944458,0
4.324382066726685,0
4.330051422119141,0
4.330135583877564,0
4.331569910049439,0
4.331622123718262,0
4.332415342330933,0
4.3376240730285645,0
4.3376452922821045,0
4.3377978801727295,0
4.339298248291016,0
4.340903997421265,0
4.35748028755188,0
4.357494592666626,0
4.357954502105713,0
4.366988897323608,0
4.36699652671814,0
4.369322299957275,0
4.369635105133057,0
4.3696699142456055,0
4.37025785446167,0
4.37320613861084,0
4.373457193374634,0
4.374358415603638,0
4.3746373653411865,0
4.378328084945679,0
4.378381252288818,0
4.378404855728149,0
4.378730297088623,0
4.393850088119507,0
4.397866725921631,0
4.397916555404663,0
4.397979021072388,0
4.400124311447144,0
4.400286436080933,0
4.400336980819702,0
4.400348424911499,0
4.403513669967651,0
4.403573513031006,0
4.40366530418396,0
4.4049460887908936,0
4.404947757720947,0
4.405893325805664,0
4.406306028366089,0
4.408561944961548,0
4.417200565338135,0
4.4172563552856445,0
4.417453289031982,0
4.437073230743408,0
4.437229871749878,0
4.4372642040252686,0
4.440611600875855,0
4.440612077713013,0
4.440624713897705,0
4.4406280517578125,0
4.44346284866333,0
4.443529844284058,0
4.443585634231567,0
4.445011615753174,0
4.445035934448242,0
4.4450364112854,0
4.445083141326904,0
4.446092128753662,0
4.446126222610474,0
4.446228742599487,0
4.448246240615845,0
4.4569501876831055,0
4.456980466842651,0
4.456994533538818,0
4.478013753890991,0
4.4780144691467285,0
4.4780356884002686,0
4.497228622436523,0
4.49726939201355,0
4.497288465499878,0
4.4973084926605225,0
4.497331619262695,0
4.497347593307495,0
4.4975690841674805,0
4.499304294586182,0
4.499329328536987,0
4.4994189739227295,0
4.505083560943604,0
4.505171298980713,0
4.50519323348999,0
4.505283355712891,0
4.510380744934082,0
4.517277717590332,0
4.517311096191406,0
4.517324686050415,0
4.5371644496917725,0
4.537188768386841,0
4.537200450897217,0
4.545167922973633,0
4.545177698135376,0
4.545196056365967,0
4.545217990875244,0
4.5492470264434814,0
4.549272775650024,0
4.549483060836792,0
4.549538850784302,0
4.5521321296691895,0
4.554298162460327,0
4.556817531585693,0
4.557703495025635,0
4.557745456695557,0
4.557907342910767,0
4.569140195846558,0
4.577193021774292,0
4.577242612838745,0
4.577328205108643,0
4.59744668006897,0
4.597495794296265,0
4.597519159317017,0
4.6140100955963135,0
4.614032745361328,0
4.6140525341033936,0
4.614209890365601,0
4.6142308712005615,0
4.614232301712036,0
4.614278793334961,0
4.614346981048584,0
4.614398956298828,0
4.618946552276611,0
4.619060039520264,0
4.619075059890747,0
4.620428323745728,0
4.620451927185059,0
4.62087082862854,0
4.620890140533447,0
4.625089645385742,0
4.631383657455444,0
4.6361472606658936,0
4.637712001800537,0
4.637770891189575,0
4.637791872024536,0
4.642353534698486,0
4.642528295516968,0
4.642545461654663,0
4.643013954162598,0
4.643945455551148,0
4.643968105316162,0
4.64421534538269,0
4.657197713851929,0
4.659153461456299,0
4.65925145149231,0
4.6673903465271,0
4.677133798599243,0
4.677473783493042,0
4.677519083023071,0
4.697654724121094,0
4.69812798500061,0
4.6989359855651855,0
4.709752082824707,0
4.710252523422241,0
4.71053147315979,0
4.710788011550903,0
4.712203025817871,0
4.712667465209961,0
4.71309494972229,0
4.714361190795898,0
4.714369058609009,0
4.71753454208374,0
4.717556715011597,0
4.717571020126343,0
4.718114852905273,0
4.71818995475769,0
4.725898265838623,0
4.72617244720459,0
4.726789951324463,0
4.726820707321167,0
4.726910591125488,0
4.726929426193237,0
4.726942539215088,0
4.729982137680054,0
4.737668037414551,0
4.7377142906188965,0
4.737725734710693,0
4.751817226409912,0
4.75184965133667,0
4.754385948181152,0
4.754445552825928,0
4.754483699798584,0
4.754526615142822,0
4.756927490234375,0
4.7569580078125,0
4.756972074508667,0
4.776267766952515,0
4.77631139755249,0
4.7764270305633545,0
4.781110763549805,0
4.78119707107544,0
4.781796455383301,0
4.797305345535278,0
4.7973504066467285,0
4.79743242263794,0
4.817255258560181,0
4.817294836044312,0
4.817326307296753,0
4.827223300933838,0
4.83777928352356,0
4.837830305099487,0
4.837849140167236,0
4.8456854820251465,0
4.847748279571533,0
4.847788333892822,0
4.847808361053467,0
4.858111619949341,0
4.858167409896851,0
4.858187437057495,0
4.873721361160278,0
4.873800277709961,0
4.878157138824463,0
4.878198146820068,0
4.878257751464844,0
4.879359483718872,0
4.87938117980957,0
4.897284030914307,0
4.897339105606079,0
4.897416591644287,0
4.900708436965942,0
4.900762557983398,0
4.900824069976807,0
4.9030609130859375,0
4.907980442047119,0
4.909611463546753,0
4.917431831359863,0
4.917474985122681,0
4.917539834976196,0
4.9218268394470215,0
4.921846151351929,0
4.92186427116394,0
4.921931982040405,0
4.924739122390747,0
4.925060987472534,0
4.926103830337524,0
4.926138401031494,0
4.929744005203247,0
4.937120676040649,0
4.937137603759766,0
4.93742299079895,0
4.9540979862213135,0
4.954322338104248,0
4.9572741985321045,0
4.957315683364868,0
4.957337141036987,0
4.958624839782715,0
4.958716869354248,0
4.958740711212158,0
4.959836721420288,0
4.977571964263916,0
4.977885246276856,0
4.977910757064819,0
4.980010271072388,0
4.980038166046143,0
4.980154514312744,0
4.983086585998535,0
4.983124732971191,0
4.983126163482666,0
4.98314642906189,0
4.985084295272827,0
4.985196113586426,0
4.985256910324097,0
4.987537384033203,0
4.998363256454468,0
4.998527765274048,0
4.998553514480591,0
5.000759363174439,0
5.001654386520386,0
5.001654624938965,0
5.001693248748779,0
5.003679037094116,0
5.0039451122283936,0
5.004034757614136,0
5.004050970077515,0
5.00681734085083,0
5.024760007858276,0
5.024789094924927,0
5.024807929992676,0
5.0473291873931885,0
5.049028396606445,0
5.050051212310791,0
5.050162553787232,0
5.050348281860352,0
5.050391435623169,0
5.050431489944458,0
5.050468444824219,0
5.050514221191406,0
5.050536870956421,0
5.05166220664978,0
5.054953575134277,0
5.060115575790405,0
5.070408582687378,0
5.07050085067749,0
5.070566177368164,0
5.087141990661621,0
5.088691234588623,0
5.088724613189697,0
5.0888001918792725,0
5.091580152511597,0
5.091596364974976,0
5.091630458831787,0
5.091671705245972,0
5.094963312149048,0
5.094966888427734,0
5.095022439956665,0
5.098901271820068,0
5.098937273025513,0
5.101046323776245,0
5.101130247116089,0
5.103961706161499,0
5.105384588241577,0
5.108903884887695,0
5.108936309814453,0
5.109004735946655,0
5.109511137008667,0
5.1255645751953125,0
5.125595331192017,0
5.125946044921875,0
5.134268760681152,0
5.134301900863648,0
5.134308576583862,0
5.136753082275391,0
5.137445449829102,0
5.137466669082642,0
5.137965440750122,0
5.152578592300415,0
5.152615785598755,0
5.152648210525513,0
5.166036367416382,0
5.1667187213897705,0
5.16675066947937,0
5.166763305664063,0
5.186908006668091,0
5.186933517456055,0
5.186943292617798,0
5.2031097412109375,0
5.206602096557617,0
5.206604719161987,0
5.206613063812256,0
5.20663332939148,0
5.206643581390381,0
5.214392423629761,0
5.214501857757568,0
5.214751720428467,0
5.214792728424072,0
5.214839696884155,0
5.215191841125488,0
5.225394487380981,0
5.225400447845459,0
5.226248502731323,0
5.22737979888916,0
5.22739577293396,0
5.229297399520874,0
5.229322671890259,0
5.232038497924805,0
5.232055902481079,0
5.232062339782715,0
5.232069492340088,0
5.2331624031066895,0
5.23326849937439,0
5.233433485031128,0
5.23408842086792,0
5.244594573974609,0
5.2446064949035645,0
5.244616508483887,0
5.24462890625,0
5.244641065597534,0
5.244699239730835,0
5.244744300842285,0
5.2460854053497314,0
5.24611234664917,0
5.2461254596710205,0
5.250941276550293,0
5.252548933029175,0
5.256919860839844,0
5.256950855255127,0
5.256999731063843,0
5.272806644439697,0
5.27793550491333,0
5.27797532081604,0
5.277996063232422,0
5.279463768005371,0
5.279695749282837,0
5.279726266860962,0
5.279762506484985,0
5.297197103500366,0
5.297231912612915,0
5.297258138656616,0
5.298909902572632,0
5.29906177520752,0
5.299528360366821,0
5.302511692047119,0
5.30256724357605,0
5.313619136810303,0
5.313661575317383,0
5.317201852798462,0
5.317244052886963,0
5.317262411117554,0
5.335381507873535,0
5.336820602416992,0
5.336846828460693,0
5.336910724639893,0
5.358017444610596,0
5.358023405075073,0
5.358062267303467,0
5.361087083816528,0
5.361111879348755,0
5.36124062538147,0
5.3615381717681885,0
5.3615686893463135,0
5.361593246459961,0
5.363441467285156,0
5.367159843444824,0
5.367464065551758,0
5.369479417800903,0
5.377243995666504,0
5.377294540405273,0
5.377504110336304,0
5.3989667892456055,0
5.399031400680542,0
5.399146795272827,0
5.418398380279541,0
5.418460130691528,0
5.418593883514404,0
5.422489881515503,0
5.422506809234619,0
5.422523736953735,0
5.422540903091431,0
5.428724050521851,0
5.428743600845337,0
5.428745985031128,0
5.43005895614624,0
5.4300947189331055,0
5.430250883102417,0
5.430260419845581,0
5.431714296340942,0
5.437546253204346,0
5.437756776809692,0
5.4377851486206055,0
5.439079999923706,0
5.440867424011231,0
5.458508014678955,0
5.458528518676758,0
5.458533048629761,0
5.458551645278931,0
5.458557367324829,0
5.458569526672363,0
5.458574533462524,0
5.463151216506958,0
5.463186264038086,0
5.463263034820557,0
5.46463942527771,0
5.46467399597168,0
5.466180801391602,0
5.466202735900879,0
5.473424911499023,0
5.4734954833984375,0
5.473518371582031,0
5.475549936294556,0
5.477568864822388,0
5.477627277374268,0
5.477643251419067,0
5.496927976608276,0
5.496946811676025,0
5.496967077255249,0
5.49697208404541,0
5.49821662902832,0
5.4982523918151855,0
5.498269081115723,0
5.500556230545044,0
5.500999689102173,0
5.501045227050781,0
5.50165581703186,0
5.501692295074463,0
5.503791093826294,0
5.50386118888855,0
5.508817434310913,0
5.517287492752075,0
5.51732873916626,0
5.517405986785889,0
5.533899307250977,0
5.533919811248779,0
5.533972978591919,0
5.5340869426727295,0
5.537278890609741,0
5.5373053550720215,0
5.537348031997681,0
5.5388476848602295,0
5.53914475440979,0
5.539563417434692,0
5.539612054824829,0
5.557192802429199,0
5.5572168827056885,0
5.5572350025177,0
5.567849159240723,0
5.5689098834991455,0
5.57356071472168,0
5.573580265045166,0
5.575364351272583,0
5.57537055015564,0
5.575387954711914,0
5.575391530990601,0
5.578006982803345,0
5.5780112743377686,0
5.57802939414978,0
5.58030366897583,0
5.580343246459961,0
5.580367565155029,0
5.598147869110107,0
5.598212242126465,0
5.598360061645508,0
5.598382234573364,0
5.59840202331543,0
5.6017584800720215,0
5.601824760437012,0
5.602905988693237,0
5.60359001159668,0
5.607429027557373,0
5.617512702941895,0
5.622122287750244,0
5.622252464294434,0
5.634837865829468,0
5.6353678703308105,0
5.635393142700195,0
5.635441064834595,0
5.637424945831299,0
5.637469053268433,0
5.637521743774414,0
5.637569904327393,0
5.637932300567627,0
5.6381237506866455,0
5.646106243133545,0
5.657504081726074,0
5.657555103302002,0
5.657617568969727,0
5.679264783859253,0
5.679322719573975,0
5.679377555847168,0
5.679439306259155,0
5.679497718811035,0
5.679551601409912,0
5.679609775543213,0
5.6796650886535645,0
5.67971396446228,0
5.679764270782471,0
5.693004608154297,0
5.693038702011108,0
5.69602108001709,0
5.696072816848755,0
5.697725772857666,0
5.69775390625,0
5.697774410247803,0
5.707761287689209,0
5.707803010940552,0
5.707889795303345,0
5.7079479694366455,0
5.717679262161255,0
5.7177464962005615,0
5.717768907546997,0
5.729975938796997,0
5.730114936828613,0
5.730159044265747,0
5.731523275375366,0
5.736939907073975,0
5.736971855163574,0
5.73698353767395,0
5.756216764450073,0
5.7562549114227295,0
5.75640869140625,0
5.7564311027526855,0
5.757287263870239,0
5.757319688796997,0
5.757411956787109,0
5.762947082519531,0
5.762965679168701,0
5.762981176376343,0
5.771587610244751,0
5.783699989318848,0
5.783729553222656,0
5.783740282058716,0
5.7902467250823975,0
5.790258169174194,0
5.803447246551514,0
5.803473949432373,0
5.803775787353516,0
5.822046279907227,0
5.822057008743286,0
5.822067975997925,0
5.823989629745483,0
5.825386047363281,0
5.825522661209106,0
5.825575351715088,0
5.826483011245728,0
5.826565504074097,0
5.82657790184021,0
5.8266966342926025,0
5.826718807220459,0
5.828596353530884,0
5.828839063644409,0
5.829432725906372,0
5.843929767608643,0
5.843940734863281,0
5.84400749206543,0
5.844723224639893,0
5.846165180206299,0
5.850363731384277,0
5.850388050079346,0
5.850419282913208,0
5.850468397140503,0
5.860051870346069,0
5.860094785690308,0
5.860139846801758,0
5.861279726028442,0
5.862659692764282,0
5.86342453956604,0
5.86507248878479,0
5.865118503570557,0
5.865528106689453,0
5.87746000289917,0
5.877492904663086,0
5.877510070800781,0
5.877561330795288,0
5.879780292510986,0
5.879812955856323,0
5.8798828125,0
5.881086826324463,0
5.881231784820557,0
5.884715557098389,0
5.884819507598877,0
5.88929009437561,0
5.889322757720947,0
5.889340877532959,0
5.906089782714844,0
5.906149625778198,0
5.9062042236328125,0
5.908045053482056,0
5.923381805419922,0
5.923444271087647,0
5.923460006713867,0
5.93816351890564,0
5.938174486160278,0
5.938184976577759,0
5.938573360443115,0
5.942422389984131,0
5.942448377609253,0
5.942463397979736,0
5.943671226501465,0
5.943712949752808,0
5.943718910217285,0
5.943723678588867,0
5.944916486740112,0
5.945353269577026,0
5.94541597366333,0
5.9478843212127686,0
5.947973012924194,0
5.948101997375488,0
5.956934928894043,0
5.9569621086120605,0
5.95714545249939,0
5.972790718078613,0
5.977777481079102,0
5.977809906005859,0
5.977822542190552,0
5.99097204208374,0
5.990983247756958,0
5.991953134536743,0
5.991989850997925,0
5.992003440856934,0
5.9920148849487305,0
5.997096538543701,0
5.997121572494507,0
5.997137308120728,0
6.01732873916626,0
6.017406225204468,0
6.017423629760742,0
6.037168502807617,0
6.037176609039307,0
6.037213325500488,0
6.048093795776367,0
6.048559904098511,0
6.048848390579224,0
6.049861431121826,0
6.049900531768799,0
6.052741765975952,0
6.052742004394531,0
6.053926944732666,0
6.056877613067627,0
6.056919097900391,0
6.056933164596558,0
6.058026552200317,0
6.05811882019043,0
6.058155059814453,0
6.063647747039795,0
6.06436014175415,0
6.065448522567749,0
6.077200174331665,0
6.077202796936035,0
6.077700614929199,0
6.084859371185303,0
6.089478969573975,0
6.092702865600586,0
6.092746734619141,0
6.092767238616943,0
6.092973470687866,0
6.092998027801514,0
6.093018531799316,0
6.093642473220825,0
6.093668222427368,0
6.095145225524902,0
6.09520435333252,0
6.0988171100616455,0
6.09885311126709,0
6.098892211914063,0
6.111420869827271,0
6.118187189102173,0
6.118187427520752,0
6.118206977844238,0
6.11920952796936,0
6.119250774383545,0
6.121131420135498,0
6.12123441696167,0
6.1276843547821045,0
6.12802267074585,0
6.128127574920654,0
6.137096166610718,0
6.137127876281738,0
6.137169122695923,0
6.157092332839966,0
6.157126188278198,0
6.157140493392944,0
6.1790771484375,0
6.179123640060425,0
6.179138422012329,0
6.179450750350952,0
6.185787677764893,0
6.185816764831543,0
6.188853025436401,0
6.188888311386108,0
6.188924789428711,0
6.18896222114563,0
6.189230918884277,0
6.189248561859131,0
6.189316749572754,0
6.192092657089233,0
6.192106246948242,0
6.197129964828491,0
6.197162866592407,0
6.197166204452515,0
6.208802938461304,0
6.208851337432861,0
6.209658861160278,0
6.209676265716553,0
6.209685802459717,0
6.209696292877197,0
6.211400032043457,0
6.211416244506836,0
6.211466550827026,0
6.217198371887207,0
6.21722412109375,0
6.217250347137451,0
6.230895042419434,0
6.234281539916992,0
6.234305143356323,0
6.234354257583618,0
6.236137628555298,0
6.236873865127564,0
6.236898899078369,0
6.236911296844482,0
6.256298303604126,0
6.256303548812866,0
6.256327152252197,0
6.25746750831604,0
6.257518529891968,0
6.257565975189209,0
6.257631778717041,0
6.260138988494873,0
6.265840291976929,0
6.277113437652588,0
6.277155876159668,0
6.277225732803345,0
6.297459840774536,0
6.297491788864136,0
6.297643661499023,0
6.300501823425293,0
6.300537347793579,0
6.300542116165161,0
6.301261901855469,0
6.305056571960449,0
6.307023525238037,0
6.30731725692749,0
6.307340145111084,0
6.307473659515381,0
6.319921493530273,0
6.319969415664673,0
6.320309162139893,0
6.323516130447388,0
6.323608636856079,0
6.324772357940674,0
6.3276686668396,0
6.330798864364624,0
6.337735176086426,0
6.337761402130127,0
6.337806224822998,0
6.352815628051758,0
6.35313868522644,0
6.35315465927124,0
6.353167772293091,0
6.355865716934204,0
6.355892896652222,0
6.355896949768066,0
6.356836795806885,0
6.356863975524902,0
6.356935262680054,0
6.3771584033966064,0
6.377195835113525,0
6.377238035202026,0
6.380083799362183,0
6.384799242019653,0
6.384815216064453,0
6.385681390762329,0
6.387975454330444,0
6.388000249862671,0
6.388035774230957,0
6.389710426330566,0
6.390048265457153,0
6.390298128128052,0
6.393718957901001,0
6.393733978271484,0
6.395397424697876,0
6.395411252975464,0
6.3974339962005615,0
6.397465467453003,0
6.3974769115448,0
6.405958652496338,0
6.417007684707642,0
6.417036533355713,0
6.417047739028931,0
6.437122344970703,0
6.437150716781616,0
6.43716287612915,0
6.448814153671265,0
6.449323415756226,0
6.4494240283966064,0
6.449441432952881,0
6.451918363571167,0
6.4519336223602295,0
6.453407049179077,0
6.453436136245728,0
6.453439235687256,0
6.45345139503479,0
6.45603346824646,0
6.456138372421265,0
6.456246852874756,0
6.456311941146851,0
6.456949234008789,0
6.456974744796753,0
6.456995010375977,0
6.475560426712036,0
6.477842092514038,0
6.477850675582886,0
6.477858304977417,0
6.505601644515991,0
6.505913257598877,0
6.505949974060059,0
6.506021022796631,0
6.509282350540161,0
6.509415149688721,0
6.50966477394104,0
6.511729717254639,0
6.511801481246948,0
6.511847496032715,0
6.511884927749634,0
6.5130250453948975,0
6.51306676864624,0
6.513136386871338,0
6.513641595840454,0
6.523226737976074,0
6.523531675338745,0
6.523777723312378,0
6.524043321609497,0
6.52812933921814,0
6.5281641483306885,0
6.528220176696777,0
6.546929836273193,0
6.546955823898315,0
6.546961069107056,0
6.547909736633301,0
6.547943830490112,0
6.547983646392822,0
6.5484936237335205,0
6.552468061447144,0
6.552483081817627,0
6.55249810218811,0
6.553818464279175,0
6.556431770324707,0
6.564140558242798,0
6.567733526229858,0
6.56797194480896,0
6.568169832229614,0
6.583295822143555,0
6.58332371711731,0
6.583333253860474,0
6.60493278503418,0
6.604946613311768,0
6.605699062347412,0
6.6057448387146,0
6.605774641036987,0
6.6302454471588135,0
6.63027024269104,0
6.630313158035278,0
6.637635946273804,0
6.63764238357544,0
6.637643575668335,0
6.637653112411499,0
6.641199588775635,0
6.641207456588745,0
6.641421556472778,0
6.642706632614136,0
6.642764568328857,0
6.64483118057251,0
6.64485764503479,0
6.644968986511231,0
6.644986629486084,0
6.645585775375366,0
6.648061513900757,0
6.664040565490723,0
6.664069652557373,0
6.664259910583496,0
6.665902614593506,0
6.685081720352173,0
6.685128211975098,0
6.68513035774231,0
6.705326080322266,0
6.705412864685059,0
6.707832098007202,0
6.707898616790772,0
6.708189249038696,0
6.708191871643066,0
6.708205699920654,0
6.7091052532196045,0
6.709139585494995,0
6.709683895111084,0
6.710309267044067,0
6.710328340530396,0
6.711214542388916,0
6.71127986907959,0
6.712993860244751,0
6.713029146194458,0
6.713043212890625,0
6.713055849075317,0
6.716541051864624,0
6.716571807861328,0
6.716587543487549,0
6.727034568786621,0
6.727061033248901,0
6.72706413269043,0
6.732491970062256,0
6.737832546234131,0
6.737868547439575,0
6.739234447479248,0
6.7631120681762695,0
6.763203859329224,0
6.763219356536865,0
6.7632317543029785,0
6.76327395439148,0
6.76330828666687,0
6.763354301452637,0
6.766052484512329,0
6.766076564788818,0
6.766087532043457,0
6.769888877868652,0
6.786404371261597,0
6.786434650421143,0
6.786675453186035,0
6.800173282623291,0
6.800198078155518,0
6.803345680236816,0
6.803357601165772,0
6.803369760513306,0
6.80340576171875,0
6.804732084274292,0
6.804757595062256,0
6.804809093475342,0
6.807333946228027,0
6.807353973388672,0
6.807451486587524,0
6.808994054794312,0
6.809003829956055,0
6.818728685379028,0
6.819029569625855,0
6.8193678855896,0
6.821402788162232,0
6.8253326416015625,0
6.825531244277954,0
6.825552701950073,0
6.843622922897339,0
6.843651533126831,0
6.844227313995361,0
6.848057985305786,0
6.848080635070801,0
6.848092079162598,0
6.848459005355835,0
6.850602626800537,0
6.850630044937134,0
6.851474523544312,0
6.85176944732666,0
6.851916790008545,0
6.86358642578125,0
6.863703727722168,0
6.863804578781128,0
6.872008800506592,0
6.884935855865479,0
6.8849616050720215,0
6.884973764419556,0
6.901578903198242,0
6.901614904403687,0
6.901633024215698,0
6.9016501903533936,0
6.901705503463745,0
6.901741981506348,0
6.901782274246216,0
6.9018235206604,0
6.901862382888794,0
6.901900053024292,0
6.901944398880005,0
6.912475824356079,0
6.912502765655518,0
6.912854194641113,0
6.916487216949463,0
6.924312591552734,0
6.928507328033447,0
6.928536891937256,0
6.928586721420288,0
6.933253765106201,0
6.938355684280396,0
6.938377141952515,0
6.944411993026733,0
6.944440126419067,0
6.9444568157196045,0
6.967772960662842,0
6.967796087265015,0
6.967806339263916,0
6.967837572097778,0
6.970492839813232,0
6.97051477432251,0
6.970944881439209,0
6.97221565246582,0
6.972240447998047,0
6.9722514152526855,0
6.97315239906311,0
6.973178863525391,0
6.973189115524292,0
6.973199129104614,0
6.975291252136231,0
6.975303411483765,0
6.975318193435669,0
6.976542711257935,0
6.982030391693115,0
6.982234001159668,0
6.982259273529053,0
6.982272148132324,0
6.983745813369751,0
6.983758449554443,0
6.984036207199097,0
6.984056949615479,0
6.984208583831787,0
6.98473048210144,0
6.992625713348389,0
6.992633581161499,0
6.995440006256104,0
6.995533227920532,0
6.997636556625366,0
6.99764084815979,0
6.997647523880005,0
7.024120807647705,0
7.024209499359131,0
7.024222612380981,0
7.033629417419434,0
7.035970687866211,0
7.036604166030884,0
7.036646127700806,0
7.036912679672241,0
7.044169902801514,0
7.044195175170898,0
7.044363260269165,0
7.056648254394531,0
7.056660413742065,0
7.056673049926758,0
7.05774188041687,0
7.058783054351807,0
7.06400203704834,0
7.064004421234131,0
7.064043045043945,0
7.078963994979858,0
7.081391096115112,0
7.081422090530396,0
7.081439018249512,0
7.082980394363403,0
7.083020925521851,0
7.08307147026062,0
7.083708763122559,0
7.083735466003418,0
7.085347414016724,0
7.085745334625244,0
7.087838411331177,0
7.087873220443726,0
7.0878870487213135,0
7.105234146118164,0
7.106402158737183,0
7.106429576873779,0
7.1064417362213135,0
7.128117084503174,0
7.128181219100952,0
7.12819766998291,0
7.13516902923584,0
7.135174751281738,0
7.1351847648620605,0
7.135198831558228,0
7.1388840675354,0
7.138912677764893,0
7.141104221343994,0
7.146854639053345,0
7.146876573562622,0
7.146877765655518,0
7.16003680229187,0
7.162421703338623,0
7.163418292999268,0
7.167037487030029,0
7.1670403480529785,0
7.167071342468262,0
7.170939683914185,0
7.170940399169922,0
7.187973499298096,0
7.188006162643433,0
7.188141822814941,0
7.206436634063721,0
7.206459522247314,0
7.206701040267944,0
7.206724166870117,0
7.208413362503052,0
7.210779666900635,0
7.211638689041138,0
7.213605403900146,0
7.214223623275757,0
7.215223550796509,0
7.215514898300171,0
7.217741250991821,0
7.217875957489014,0
7.2178826332092285,0
7.217891693115234,0
7.219958066940308,0
7.220031499862671,0
7.220050096511841,0
7.223120927810669,0
7.223209619522095,0
7.223230361938477,0
7.22887396812439,0
7.229650020599365,0
7.229676485061645,0
7.22967791557312,0
7.23714280128479,0
7.237189531326294,0
7.237690448760986,0
7.250726461410522,0
7.25309157371521,0
7.253125905990601,0
7.253143072128296,0
7.253305673599243,0
7.253327131271362,0
7.253531694412231,0
7.257012128829956,0
7.257092237472534,0
7.257102012634277,0
7.26735782623291,0
7.277182817459106,0
7.277307271957397,0
7.277331113815308,0
7.294865846633911,0
7.29491662979126,0
7.294986009597778,0
7.295130729675293,0
7.2972822189331055,0
7.297325849533081,0
7.297487735748291,0
7.3017377853393555,0
7.301913499832153,0
7.301944255828857,0
7.316538572311401,0
7.316584825515747,0
7.317401170730591,0
7.317448616027832,0
7.317467927932739,0
7.319897174835205,0
7.319976568222046,0
7.321306943893433,0
7.338659048080444,0
7.338700294494629,0
7.338913679122925,0
7.340798854827881,0
7.340845108032227,0
7.340892791748047,0
7.34093976020813,0
7.34098482131958,0
7.342427015304565,0
7.342469453811645,0
7.357729434967041,0
7.3578877449035645,0
7.359139680862427,0
7.3656227588653564,0
7.368531227111816,0
7.371121644973755,0
7.376809358596802,0
7.376845836639404,0
7.377633333206177,0
7.377665042877197,0
7.377830028533935,0
7.378980875015259,0
7.379205465316772,0
7.379658222198486,0
7.379894018173218,0
7.382996797561645,0
7.383488893508911,0
7.383525371551514,0
7.393524646759033,0
7.393552303314209,0
7.395595788955688,0
7.395873546600342,0
7.396974086761475,0
7.397285461425781,0
7.397322654724121,0
7.397729396820068,0
7.398681163787842,0
7.408099174499512,0
7.418163299560547,0
7.418205738067627,0
7.41825795173645,0
7.437708139419556,0
7.437740087509155,0
7.437774658203125,0
7.446907043457031,0
7.446936845779419,0
7.446972608566284,0
7.447016477584839,0
7.4507927894592285,0
7.450795412063599,0
7.450811147689819,0
7.452465057373047,0
7.452498912811279,0
7.452701807022095,0
7.452723264694214,0
7.453897714614868,0
7.453918695449829,0
7.453986167907715,0
7.454324245452881,0
7.457167863845825,0
7.457194566726685,0
7.457433700561523,0
7.458627462387085,0
7.478009939193726,0
7.478058099746704,0
7.478118181228638,0
7.47944450378418,0
7.494963645935059,0
7.494999885559082,0
7.495015859603882,0
7.495033502578735,0
7.498655319213867,0
7.498722791671753,0
7.49876594543457,0
7.500567436218262,0
7.500590562820435,0
7.500638961791992,0
7.500658988952637,0
7.500721216201782,0
7.513025283813477,0
7.51306939125061,0
7.515952110290527,0
7.516906976699829,0
7.516932964324951,0
7.516947269439697,0
7.534531354904175,0
7.534563302993774,0
7.534575462341309,0
7.534632682800293,0
7.539799451828003,0
7.539812088012695,0
7.539824962615967,0
7.542047023773193,0
7.542086839675903,0
7.54271388053894,0
7.546855688095093,0
7.557235240936279,0
7.557276010513306,0
7.558310270309448,0
7.572609424591064,0
7.572616577148437,0
7.577157497406006,0
7.577185869216919,0
7.577192783355713,0
7.59605598449707,0
7.596057653427124,0
7.596068382263184,0
7.597081661224365,0
7.597096681594849,0
7.597108125686645,0
7.597712278366089,0
7.602285146713257,0
7.60413122177124,0
7.6041553020477295,0
7.6042561531066895,0
7.604261159896851,0
7.60551643371582,0
7.6055309772491455,0
7.617193222045898,0
7.617221355438232,0
7.617281198501587,0
7.636932849884033,0
7.636933326721191,0
7.636997938156128,0
7.638534069061279,0
7.642024278640747,0
7.642051935195923,0
7.642055511474609,0
7.642066478729248,0
7.644634962081909,0
7.644635438919067,0
7.644651889801025,0
7.644707918167114,0
7.657321453094482,0
7.657342433929443,0
7.657350063323975,0
7.657495498657227,0
7.676878690719604,0
7.67691707611084,0
7.676965951919556,0
7.677453756332397,0
7.680217742919922,0
7.68199896812439,0
7.68201756477356,0
7.682034015655518,0
7.684006214141846,0
7.684025764465332,0
7.684076070785522,0
7.694594860076904,0
7.69486403465271,0
7.697481632232666,0
7.697505474090576,0
7.6979639530181885,0
7.698598384857178,0
7.698673248291016,0
7.6997034549713135,0
7.699719429016113,0
7.700137376785278,0
7.700167655944824,0
7.701144456863403,0
7.701169013977051,0
7.703806638717651,0
7.7160561084747314,0
7.717313528060913,0
7.717353582382202,0
7.71741795539856,0
7.731820106506348,0
7.732016563415527,0
7.733585834503174,0
7.733627557754517,0
7.7336626052856445,0
7.7336814403533936,0
7.734849452972412,0
7.738024711608887,0
7.738063097000122,0
7.738121747970581,0
7.757411003112793,0
7.757442951202393,0
7.757482290267944,0
7.765438079833984,0
7.777045011520386,0
7.777072191238403,0
7.777082920074463,0
7.797013998031616,0
7.797034740447998,0
7.797035455703735,0
7.817224740982056,0
7.817250728607178,0
7.819124460220337,0
7.8191258907318115,0
7.819531440734863,0
7.819681644439697,0
7.8197267055511475,0
7.819763660430908,0
7.822664976119995,0
7.822697401046753,0
7.822730779647827,0
7.836888551712036,0
7.836893081665039,0
7.836947917938232,0
7.840716361999512,0
7.840943098068237,0
7.84335732460022,0
7.843387126922607,0
7.843649387359619,0
7.845552921295166,0
7.853415966033935,0
7.860851764678955,0
7.86088490486145,0
7.860898733139038,0
7.86095118522644,0
7.861083745956421,0
7.861127614974976,0
7.86116361618042,0
7.861198902130127,0
7.861241579055786,0
7.861279726028442,0
7.871347188949585,0
7.8727827072143555,0
7.873713970184326,0
7.87717342376709,0
7.877187013626099,0
7.878351211547852,0
7.896502017974853,0
7.896540403366089,0
7.896559238433838,0
7.896578073501587,0
7.898784875869751,0
7.898820161819458,0
7.898838758468628,0
7.900333166122436,0
7.900334596633911,0
7.900390148162842,0
7.901754856109619,0
7.901834726333618,0
7.904673337936401,0
7.904696702957153,0
7.907500028610229,0
7.917154312133789,0
7.917198896408081,0
7.917276859283447,0
7.9375691413879395,0
7.937607526779175,0
7.9376280307769775,0
7.941288709640503,0
7.943371057510376,0
7.943372964859009,0
7.946558237075806,0
7.946656227111816,0
7.946678161621094,0
7.947144985198975,0
7.95750617980957,0
7.957540988922119,0
7.957554340362549,0
7.960193395614624,0
7.9602203369140625,0
7.96037483215332,0
7.960395336151123,0
7.961651802062988,0
7.96211051940918,0
7.962565660476685,0
7.962732315063477,0
7.968754291534424,0
7.968777418136597,0
7.972002983093262,0
7.972079753875732,0
7.972125291824341,0
7.972137928009033,0
7.9750425815582275,0
7.975192308425903,0
7.975214958190918,0
7.977087736129761,0
7.977113962173462,0
7.97712516784668,0
7.995108604431152,0
7.995160579681396,0
7.996528625488281,0
7.996587038040161,0
7.997089624404907,0
7.997104644775391,0
7.997117757797241,0
8.017398118972778,0
8.017444372177124,0
8.017577648162842,0
8.033045768737793,0
8.037490606307983,0
8.03751540184021,0
8.037527084350586,0
8.054940938949585,0
8.054980039596558,0
8.054993391036987,0
8.055047750473022,0
8.057483911514282,0
8.057515144348145,0
8.057528257369995,0
8.059316873550415,0
8.059348583221436,0
8.05939245223999,0
8.061433792114258,0
8.071314096450806,0
8.077307939529419,0
8.077321529388428,0
8.07789158821106,0
8.077922821044922,0
8.077946901321411,0
8.08033800125122,0
8.081064224243164,0
8.097437381744385,0
8.097476720809937,0
8.097492933273315,0
8.103390455245972,0
8.10340929031372,0
8.103428840637207,0
8.105406522750854,0
8.105414390563965,0
8.107650995254517,0
8.107668161392212,0
8.108460664749146,0
8.110451459884644,0
8.115411520004272,0
8.117104530334473,0
8.117196083068848,0
8.11722445487976,0
8.132980823516846,0
8.133549690246582,0
8.133583307266235,0
8.133877515792847,0
8.137545824050903,0
8.137585163116455,0
8.137603044509888,0
8.138938188552856,0
8.139160871505737,0
8.139195680618286,0
8.157703876495361,0
8.157735824584961,0
8.157770156860352,0
8.158258438110352,0
8.161320447921753,0
8.16256856918335,0
8.177122592926025,0
8.177144289016724,0
8.17717432975769,0
8.188441753387451,0
8.188768863677979,0
8.189349889755249,0
8.189636707305908,0
8.189803123474121,0
8.18982720375061,0
8.191526651382446,0
8.19192624092102,0
8.192392826080322,0
8.193117618560791,0
8.19340205192566,0
8.193918466567993,0
8.193953514099121,0
8.196878910064697,0
8.197561264038086,0
8.198060274124146,0
8.198163032531738,0
8.198177099227905,0
8.198181867599487,0
8.198196172714233,0
8.199997186660767,0
8.200197458267212,0
8.200363874435425,0
8.202132940292358,0
8.212398052215576,0
8.212422847747803,0
8.212463140487671,0
8.212496519088745,0
8.222068548202515,0
8.222098112106323,0
8.222103118896484,0
8.222162008285522,0
8.222179889678955,0
8.222235918045044,0
8.22477102279663,0
8.237025022506714,0
8.237051010131836,0
8.237065553665161,0
8.255566596984863,0
8.255593538284302,0
8.25563645362854,0
8.255653619766235,0
8.257331371307373,0
8.257337093353271,0
8.257344245910645,0
8.257943153381348,0
8.258050918579102,0
8.258068323135376,0
8.259409427642822,0
8.25981616973877,0
8.277672052383423,0
8.27768874168396,0
8.277735471725464,0
8.297271728515625,0
8.297317028045654,0
8.297502517700195,0
8.317494630813599,0
8.317551136016846,0
8.317632913589478,0
8.324915885925293,0
8.324935674667358,0
8.327829360961914,0
8.328442573547363,0
8.329258918762207,0
8.33868408203125,0
8.338723182678223,0
8.338781833648682,0
8.341213703155518,0
8.341252326965332,0
8.341272115707397,0
8.341291904449463,0
8.341347217559814,0
8.341881275177002,0
8.341953039169312,0
8.35771107673645,0
8.357746839523315,0
8.357762336730957,0
8.377269744873047,0
8.37730860710144,0
8.37734079360962,0
8.390556573867798,0
8.394473552703857,0
8.39456582069397,0
8.397107601165771,0
8.397133111953735,0
8.397468090057373,0
8.417181253433228,0
8.417211055755615,0
8.4172203540802,0
8.423957109451294,0
8.423981189727783,0
8.423994302749634,0
8.424011707305908,0
8.426925659179688,0
8.427060842514038,0
8.427079439163208,0
8.433846950531006,0
8.433879137039185,0
8.433907508850098,0
8.43398928642273,0
8.437005758285522,0
8.437037229537964,0
8.437079191207886,0
8.438817262649536,0
8.44393277168274,0
8.443952560424805,0
8.444159746170044,0
8.444175720214844,0
8.444887161254883,0
8.444912433624268,0
8.445009231567383,0
8.445488691329956,0
8.452046394348145,0
8.452224969863892,0
8.452225685119629,0
8.452253580093384,0
8.45416808128357,0
8.454205989837646,0
8.454293489456177,0
8.456949472427368,0
8.456976890563965,0
8.45698881149292,0
8.477100610733032,0
8.47713565826416,0
8.477200031280518,0
8.4785475730896,0
8.479981660842896,0
8.480979204177856,0
8.481030464172363,0
8.48379397392273,0
8.484065055847168,0
8.494910717010498,0
8.497173547744751,0
8.497190713882446,0
8.49721074104309,0
8.50154161453247,0
8.501842021942139,0
8.501871585845947,0
8.501929521560669,0
8.504576206207275,0
8.504600763320923,0
8.504654884338379,0
8.517207860946655,0
8.517244815826416,0
8.517260551452637,0
8.52199912071228,0
8.523560285568237,0
8.5279381275177,0
8.537273168563843,0
8.537325620651245,0
8.537344694137573,0
8.544272899627686,0
8.544312953948975,0
8.544326782226562,0
8.544407606124878,0
8.55703353881836,0
8.55705976486206,0
8.557088851928711,0
8.576213359832764,0
8.576225996017456,0
8.577025890350342,0
8.577049016952515,0
8.577099323272705,0
8.578091859817505,0
8.597069501876831,0
8.597111463546753,0
8.597125053405762,0
8.602154016494751,0
8.605823516845703,0
8.605839014053345,0
8.606540203094482,0
8.607628583908081,0
8.607649087905884,0
8.607687711715698,0
8.609833002090454,0
8.60987114906311,0
8.613150835037231,0
8.613202333450317,0
8.617082595825195,0
8.617109775543213,0
8.617120504379272,0
8.637040615081787,0
8.637067794799805,0
8.63708233833313,0
8.642594814300537,0
8.646570920944214,0
8.646573543548584,0
8.648284435272217,0
8.648298501968384,0
8.64968228340149,0
8.64969801902771,0
8.649711608886719,0
8.649728059768677,0
8.64973521232605,0
8.649740934371948,0
8.649765491485596,0
8.654403924942017,0
8.654439926147461,0
8.654526233673096,0
8.657187938690186,0
8.657217979431152,0
8.657229661941528,0
8.670454263687134,0
8.6777925491333,0
8.677822351455688,0
8.677825927734375,0
8.6778404712677,0
8.677909135818481,0
8.677927017211914,0
8.67804765701294,0
8.69304871559143,0
8.693061351776123,0
8.693074941635132,0
8.694873094558716,0
8.694904804229736,0
8.696828842163086,0
8.696985960006714,0
8.697006940841675,0
8.697021961212158,0
8.697115421295166,0
8.71475625038147,0
8.716052770614624,0
8.717090606689453,0
8.717113971710205,0
8.717795848846436,0
8.718595743179321,0
8.737757682800293,0
8.73775839805603,0
8.737846374511719,0
8.744229793548584,0
8.747164487838745,0
8.74772024154663,0
8.74803376197815,0
8.748997211456299,0
8.749462604522705,0
8.750065803527832,0
8.751663208007812,0
8.75730013847351,0
8.757334470748901,0
8.757558584213257,0
8.764162540435791,0
8.766307830810547,0
8.77421522140503,0
8.77428913116455,0
8.77552080154419,0
8.775543212890625,0
8.775553703308105,0
8.777215003967285,0
8.777274370193481,0
8.777300596237183,0
8.777337312698364,0
8.78649115562439,0
8.786508321762085,0
8.78676176071167,0
8.799630165100098,0
8.79968523979187,0
8.799743890762329,0
8.817342042922974,0
8.817876100540161,0
8.8179030418396,0
8.834482192993164,0
8.834574222564697,0
8.834587574005127,0
8.834598064422607,0
8.8346107006073,0
8.834659099578857,0
8.834800481796265,0
8.836875200271606,0
8.836902379989624,0
8.837127923965454,0
8.849869728088379,0
8.850839138031006,0
8.850855350494385,0
8.850918292999268,0
8.852141380310059,0
8.852165460586548,0
8.852183103561401,0
8.85689926147461,0
8.856915950775146,0
8.856949806213379,0
8.867272138595581,0
8.876957178115845,0
8.876992225646973,0
8.877007961273193,0
8.896645069122314,0
8.896660089492798,0
8.89667534828186,0
8.896692514419556,0
8.897197246551514,0
8.897789478302002,0
8.897812843322754,0
8.901159048080444,0
8.901200294494629,0
8.90125560760498,0
8.90152621269226,0
8.901653051376343,0
8.907050371170044,0
8.907073974609375,0
8.909010171890259,0
8.90905499458313,0
8.909073829650879,0
8.909174680709839,0
8.917839050292969,0
8.917962074279785,0
8.917988777160645,0
8.931458473205566,0
8.931629180908203,0
8.931663036346436,0
8.933781147003174,0
8.938556671142578,0
8.938594102859497,0
8.938666343688965,0
8.957624435424805,0
8.957676410675049,0
8.957693576812744,0
8.964195489883423,0
8.964210987091064,0
8.964228630065918,0
8.964269876480103,0
8.974151849746704,0
8.974166631698608,0
8.974187850952148,0
8.977974891662598,0
8.978007555007935,0
8.978020906448364,0
8.978585481643677,0
8.99727749824524,0
8.997493505477905,0
8.997506856918335,0
8.998829364776611,0
8.998852252960205,0
9.000036001205444,0
9.000071048736572,0
9.00010871887207,0
9.001929521560669,0
9.00211501121521,0
9.002127647399902,0
9.002252101898193,0
9.003439903259277,0
9.003721714019775,0
9.012112617492676,0
9.012376070022585,0
9.012399435043337,0
9.016991376876833,0
9.017017126083374,0
9.017186880111694,0
9.037173748016356,0
9.037205696105955,0
9.037217140197754,0
9.047223329544067,0
9.047233581542969,0
9.047243595123293,0
9.04725432395935,0
9.049054384231567,0
9.049090147018433,0
9.049193620681764,0
9.055349111557009,0
9.056862831115724,0
9.056918382644652,0
9.056931972503662,0
9.077130794525146,0
9.07724380493164,0
9.07726001739502,0
9.086619853973389,0
9.097078323364258,0
9.097112655639648,0
9.097573518753052,0
9.117136240005491,0
9.117178678512571,0
9.117197513580322,0
9.12592339515686,0
9.125961303710938,0
9.126322031021118,0
9.12635850906372,0
9.129959344863892,0
9.13000988960266,0
9.130012273788452,0
9.13239812850952,0
9.132457494735718,0
9.13544487953186,0
9.135469436645508,0
9.1374351978302,0
9.137954473495483,0
9.137977600097656,0
9.13799262046814,0
9.14754843711853,0
9.148842573165894,0
9.156923294067385,0
9.156951427459717,0
9.156963586807253,0
9.16160011291504,0
9.161614418029783,0
9.16177487373352,0
9.161792516708374,0
9.161804676055908,0
9.161818027496338,0
9.162070512771606,0
9.162081003189089,0
9.162098169326782,0
9.162750005722046,0
9.162769556045532,0
9.162872314453123,0
9.16295886039734,0
9.168838500976562,0
9.169004678726196,0
9.169269323349,0
9.177075624465942,0
9.177104473114014,0
9.177135229110718,0
9.197946786880491,0
9.198010206222534,0
9.198057413101196,0
9.203054666519163,0
9.209179878234863,0
9.209205865859984,0
9.209237098693848,0
9.20928120613098,0
9.210713863372805,0
9.210748672485352,0
9.210798263549805,0
9.210891246795654,0
9.210959672927856,0
9.21244764328003,0
9.212472915649414,0
9.215047597885132,0
9.217121124267578,0
9.217143058776855,0
9.217147827148438,0
9.23724365234375,0
9.237254858016968,0
9.237267017364502,0
9.237279891967772,0
9.237289667129517,0
9.23733377456665,0
9.238561153411863,0
9.241171598434448,0
9.241201162338257,0
9.24247670173645,0
9.242523670196531,0
9.24254846572876,0
9.245115518569946,0
9.257071018218994,0
9.257107734680176,0
9.257127046585085,0
9.2660231590271,0
9.266100645065308,0
9.266222476959229,0
9.266223430633543,0
9.27692484855652,0
9.276955842971802,0
9.277034044265749,0
9.297178268432615,0
9.297223091125488,0
9.297838926315308,0
9.298088312149048,0
9.29835557937622,0
9.298414945602415,0
9.30065131187439,0
9.300686836242676,0
9.30227756500244,0
9.302502155303957,0
9.314817428588867,0
9.317164659500122,0
9.317205667495728,0
9.317449808120728,0
9.3211190700531,0
9.337430953979492,0
9.33749008178711,0
9.337543487548828,0
9.339444160461426,0
9.346376180648804,0
9.34814953804016,0
9.348167181015016,0
9.34818434715271,0
9.352473735809326,0
9.35249161720276,0
9.35739278793335,0
9.357428073883057,0
9.35744285583496,0
9.361835956573486,0
9.369510889053345,0
9.377529621124268,0
9.377567529678345,0
9.377652645111084,0
9.39702582359314,0
9.397054195404053,0
9.397064685821531,0
9.405297040939333,0
9.405310153961182,0
9.406846761703491,0
9.40686821937561,0
9.406879901885986,0
9.406890392303469,0
9.410772323608398,0
9.410789489746094,0
9.41124939918518,0
9.411797285079956,0
9.411813735961914,0
9.413175106048584,0
9.41318964958191,0
9.41602063179016,0
9.416049242019652,0
9.41605544090271,0
9.416061162948608,0
9.417376041412354,0
9.417401790618896,0
9.417454957962036,0
9.418412208557127,0
9.418444871902466,0
9.418561458587646,0
9.4305522441864,0
9.434804677963257,0
9.435011863708496,0
9.43503451347351,0
9.435177564620972,0
9.437882661819458,0
9.437912464141846,0
9.438117980957031,0
9.453005075454712,0
9.453028440475464,0
9.45307159423828,0
9.45311164855957,0
9.456992864608765,0
9.45701813697815,0
9.457030296325684,0
9.477856636047363,0
9.477892398834229,0
9.477906942367554,0
9.49443006515503,0
9.494461059570312,0
9.49446439743042,0
9.494485139846802,0
9.496191501617432,0
9.496213436126707,0
9.496898889541626,0
9.497642993927002,0
9.497665643692017,0
9.49768090248108,0
9.501345157623293,0
9.501431465148926,0
9.518129587173462,0
9.518181562423706,0
9.51822018623352,0
9.519346714019775,0
9.519416570663452,0
9.520850658416748,0
9.522482633590698,0
9.523516416549684,0
9.542240619659424,0
9.542302370071411,0
9.542484521865845,0
9.542636156082152,0
9.542656183242798,0
9.542847394943236,0
9.542908430099487,0
9.542928695678713,0
9.543073654174805,0
9.543097257614136,0
9.546887159347534,0
9.557073593139648,0
9.557106733322144,0
9.557108879089355,0
9.57671570777893,0
9.576969623565674,0
9.577049732208252,0
9.577064752578735,0
9.57712197303772,0
9.578377723693848,0
9.578649997711182,0
9.578673839569092,0
9.57870388031006,0
9.581122398376465,0
9.581167697906494,0
9.581693887710571,0
9.586737632751465,0
9.58676528930664,0
9.597185611724854,0
9.597216367721558,0
9.597226858139038,0
9.604082107543944,0
9.604089498519896,0
9.616950035095217,0
9.616982460021973,0
9.61706805229187,0
9.637054443359377,0
9.63708996772766,0
9.63710594177246,0
9.657226085662842,0
9.657261371612549,0
9.657437324523926,0
9.677104473114014,0
9.677162885665894,0
9.677185297012327,0
9.684261322021484,0
9.692166328430176,0
9.693700551986694,0
9.69386625289917,0
9.693883419036863,0
9.69389796257019,0
9.693918228149414,0
9.6939377784729,0
9.69581389427185,0
9.69582223892212,0
9.695837497711182,0
9.695907831192017,0
9.697007179260254,0
9.697219371795654,0
9.697253704071043,0
9.698563575744627,0
9.698612451553345,0
9.698652744293211,0
9.701538801193236,0
9.701947689056396,0
9.703918695449827,0
9.704201221466064,0
9.705206871032717,0
9.7073655128479,0
9.716166734695436,0
9.720521211624146,0
9.7205913066864,0
9.720615863800049,0
9.74157738685608,0
9.74165177345276,0
9.74172067642212,0
9.741749048233032,0
9.741878271102903,0
9.7419011592865,0
9.741990566253662,0
9.743468523025513,0
9.743475914001465,0
9.749921798706056,0
9.754419565200806,0
9.757466554641724,0
9.757484436035156,0
9.758481979370115,0
9.776381254196169,0
9.776870012283323,0
9.77689814567566,0
9.776912212371826,0
9.777230978012083,0
9.77808141708374,0
9.778098583221436,0
9.778109312057495,0
9.778275966644289,0
9.782878398895264,0
9.782880783081056,0
9.782892227172852,0
9.79004168510437,0
9.790784358978271,0
9.791097402572632,0
9.791109800338743,0
9.79700231552124,0
9.797031879425049,0
9.797042608261108,0
9.80452561378479,0
9.805253744125366,0
9.817053318023682,0
9.817081928253174,0
9.817092418670654,0
9.837494373321531,0
9.837537050247192,0
9.837551355361938,0
9.837636470794678,0
9.84284782409668,0
9.842883110046388,0
9.8428955078125,0
9.842955827713013,0
9.844754695892334,0
9.844767093658447,0
9.84478235244751,0
9.853757858276367,0
9.85549020767212,0
9.856164455413818,0
9.857420682907104,0
9.85748815536499,0
9.857524871826172,0
9.87745714187622,0
9.877495050430298,0
9.877929210662842,0
9.879841566085815,0
9.880389928817747,0
9.880420923233032,0
9.880437135696411,0
9.883813381195068,0
9.883835077285768,0
9.88458251953125,0
9.885101079940796,0
9.885131120681764,0
9.888656377792358,0
9.888721227645874,0
9.890187501907349,0
9.89022970199585,0
9.890478610992432,0
9.890512704849243,0
9.891647815704346,0
9.891682624816896,0
9.891894102096558,0
9.89702081680298,0
9.897054433822632,0
9.89777898788452,0
9.907248973846436,0
9.91719102859497,0
9.917233228683472,0
9.91725254058838,0
9.935761213302612,0
9.935938358306885,0
9.935950756072998,0
9.93659520149231,0
9.937562942504885,0
9.938384294509888,0
9.938578844070436,0
9.94281792640686,0
9.94287133216858,0
9.94294786453247,0
9.948158502578735,0
9.957250595092772,0
9.957285165786743,0
9.957336187362673,0
9.97751784324646,0
9.978662252426147,0
9.97913670539856,0
9.985710620880129,0
9.98572301864624,0
9.987136602401732,0
9.987150192260742,0
9.987195491790771,0
9.987209796905518,0
9.988449335098268,0
9.9884614944458,0
9.989428758621216,0
9.990559339523315,0
9.99057149887085,0
9.991558313369753,0
9.991570234298706,0
9.999117136001589,0
9.999147176742554,0
9.999157667160034,0
10.017293453216553,0
10.017319917678831,0
10.017565727233888,0
10.041399478912354,0
10.041430473327637,0
10.041476488113403,0
10.042152643203735,0
10.04267168045044,0
10.04278326034546,0
10.042870283126833,0
10.042896747589111,0
10.04540491104126,0
10.045542240142822,0
10.04555892944336,0
10.046282052993774,0
10.057440280914308,0
10.057471990585327,0
10.057485342025757,0
10.062122106552124,0
10.068318128585815,0
10.068320512771606,0
10.07411766052246,0
10.074145793914797,0
10.0741605758667,0
10.074272394180298,0
10.07694387435913,0
10.076972484588625,0
10.077240228652954,0
10.078034162521362,0
10.078065633773804,0
10.078154802322388,0
10.097280263900757,0
10.097318172454834,0
10.097390413284302,0
10.098676204681396,0
10.098992824554443,0
10.099469900131226,0
10.099538087844849,0
10.100231885910034,0
10.10184121131897,0
10.107038497924805,0
10.117335081100464,0
10.117424249649048,0
10.117442846298218,0
10.133398532867432,0
10.13367795944214,0
10.133802890777588,0
10.133810997009276,0
10.137953281402588,0
10.13803768157959,0
10.138044357299805,0
10.14028811454773,0
10.140568971633911,0
10.140595436096191,0
10.152486085891724,0
10.152533054351808,0
10.152851819992064,0
10.152884483337402,0
10.15467095375061,0
10.15471625328064,0
10.154967784881592,0
10.157965183258057,0
10.15831422805786,0
10.158344507217407,0
10.16887593269348,0
10.177747249603271,0
10.177777290344238,0
10.177790403366089,0
10.195566177368164,0
10.19573211669922,0
10.196778059005736,0
10.196802616119385,0
10.19681453704834,0
10.196874141693115,0
10.197187900543211,0
10.197204113006592,0
10.197215795516968,0
10.199093341827393,0
10.19955563545227,0
10.199764251708984,0
10.21622920036316,0
10.216283559799194,0
10.218003273010254,0
10.218031167984009,0
10.218082189559937,0
10.219024419784546,0
10.219117164611816,0
10.219745397567747,0
10.23296594619751,0
10.234930753707886,0
10.23690152168274,0
10.237053155899048,0
10.237127780914308,0
10.247726440429688,0
10.24805998802185,0
10.248082876205444,0
10.249987602233888,0
10.253833055496216,0
10.253857851028442,0
10.254132747650146,0
10.25729775428772,0
10.2574462890625,0
10.257461071014404,0
10.277012825012209,0
10.27703046798706,0
10.277137756347656,0
10.2803692817688,0
10.284611940383911,0
10.28511357307434,0
10.28514289855957,0
10.285158395767212,0
10.292299032211304,0
10.292313575744627,0
10.292677402496338,0
10.293949604034424,0
10.29399561882019,0
10.295086860656738,0
10.295187711715698,0
10.29699444770813,0
10.297025442123411,0
10.297039031982422,0
10.31716799736023,0
10.317209720611572,0
10.317570686340332,0
10.328733682632446,0
10.337984323501589,0
10.338030099868774,0
10.338051319122314,0
10.357595920562744,0
10.357636213302612,0
10.35791015625,0
10.365583181381226,0
10.365587711334229,0
10.367613077163696,0
10.367626667022703,0
10.367631435394289,0
10.367640733718872,0
10.37307906150818,0
10.373111724853516,0
10.37319040298462,0
10.3735089302063,0
10.373811721801758,0
10.377397537231444,0
10.377410411834717,0
10.377423286437988,0
10.395740270614624,0
10.39700698852539,0
10.397018194198608,0
10.397299766540527,0
10.417234182357788,0
10.417263269424438,0
10.41731023788452,0
10.423915386199951,0
10.42392635345459,0
10.42393684387207,0
10.423985719680786,0
10.427484035491943,0
10.427513360977173,0
10.427549362182615,0
10.429785251617432,0
10.429813146591188,0
10.431288480758669,0
10.43134093284607,0
10.432477474212646,0
10.432706832885742,0
10.43270707130432,0
10.43272089958191,0
10.434048414230348,0
10.434063911437988,0
10.434077739715576,0
10.436083793640137,0
10.437480449676514,0
10.437497854232788,0
10.437509298324583,0
10.457108736038208,0
10.45712685585022,0
10.457139253616331,0
10.464905738830566,0
10.464924097061155,0
10.465012550354004,0
10.465028524398804,0
10.465041399002075,0
10.465108633041382,0
10.465155363082886,0
10.465173244476318,0
10.466561317443848,0
10.47356128692627,0
10.478216648101808,0
10.478228569030762,0
10.4782395362854,0
10.479633569717407,0
10.47966241836548,0
10.4796781539917,0
10.47968316078186,0
10.481692790985107,0
10.481713056564333,0
10.48186492919922,0
10.488534927368164,0
10.488540410995483,0
10.494012832641602,0
10.494082927703856,0
10.49696969985962,0
10.496991395950316,0
10.497047901153564,0
10.505847454071043,0
10.517019033432009,0
10.517053127288818,0
10.517150402069092,0
10.535776376724243,0
10.53581714630127,0
10.535898447036743,0
10.535954236984251,0
10.537331581115724,0
10.537418603897097,0
10.53748893737793,0
10.538530588150024,0
10.538546562194824,0
10.538874626159668,0
10.549418926239014,0
10.55758500099182,0
10.557613134384155,0
10.557633638381958,0
10.57447862625122,0
10.574492931365969,0
10.57697820663452,0
10.577013731002808,0
10.577582597732544,0
10.5776104927063,0
10.577621936798096,0
10.577955961227415,0
10.57798147201538,0
10.578699111938477,0
10.578967571258543,0
10.57972002029419,0
10.586370468139648,0
10.586402416229248,0
10.597031354904177,0
10.5970618724823,0
10.59711480140686,0
10.609235525131226,0
10.609245777130129,0
10.61008334159851,0
10.617345094680786,0
10.617351770401,0
10.61746883392334,0
10.637075662612917,0
10.637102603912354,0
10.637145757675173,0
10.639758825302124,0
10.63977575302124,0
10.639778137207031,0
10.639789819717407,0
10.657131910324097,0
10.657160758972168,0
10.657175064086914,0
10.65770435333252,0
10.657716512680054,0
10.658339500427246,0
10.65891695022583,0
10.658944129943848,0
10.658952713012695,0
10.658954381942747,0
10.659548282623293,0
10.659628629684448,0
10.659656763076782,0
10.659826040267944,0
10.659979581832886,0
10.660207509994509,0
10.67768096923828,0
10.677716970443726,0
10.677730321884155,0
10.678575038909912,0
10.68065357208252,0
10.680673122406006,0
10.680724620819092,0
10.680843353271484,0
10.680877923965454,0
10.680952548980711,0
10.697124242782593,0
10.697163343429564,0
10.697179079055786,0
10.709970951080322,0
10.7102689743042,0
10.71358036994934,0
10.713621854782104,0
10.717251300811768,0
10.717350959777832,0
10.717419385910034,0
10.729270935058594,0
10.738342523574827,0
10.738390922546388,0
10.738421440124512,0
10.757623434066772,0
10.757665395736694,0
10.757681846618652,0
10.767037868499756,0
10.767040252685549,0
10.768348217010498,0
10.768365383148192,0
10.76837944984436,0
10.768395900726318,0
10.774138927459717,0
10.774725914001465,0
10.775086164474487,0
10.775432586669922,0
10.778018712997437,0
10.778034210205078,0
10.77809453010559,0
10.778111219406128,0
10.78117322921753,0
10.785859107971191,0
10.785887241363524,0
10.785900115966797,0
10.786041021347046,0
10.791759967803957,0
10.791773796081545,0
10.792382001876833,0
10.793155908584597,0
10.79342246055603,0
10.79750633239746,0
10.797534227371216,0
10.797570943832396,0
10.80851674079895,0
10.808563947677612,0
10.80949068069458,0
10.811254024505615,0
10.816990613937378,0
10.817018508911133,0
10.817265033721924,0
10.835167407989502,0
10.837321996688845,0
10.837351322174072,0
10.837428092956545,0
10.856931924819946,0
10.856956958770752,0
10.857487678527832,0
10.877100229263306,0
10.877131462097168,0
10.877201318740845,0
10.877514362335203,0
10.880756616592407,0
10.880792140960692,0
10.88080906867981,0
10.881019592285156,0
10.881056547164915,0
10.88109254837036,0
10.881145477294922,0
10.887253284454346,0
10.887269735336304,0
10.890819311141968,0
10.890864372253418,0
10.89729642868042,0
10.897330522537231,0
10.897344589233398,0
10.917307138442991,0
10.9173481464386,0
10.91740870475769,0
10.918052673339844,0
10.91852593421936,0
10.918559312820436,0
10.918574571609495,0
10.920943021774292,0
10.920979976654053,0
10.92114520072937,0
10.921659469604492,0
10.928949117660522,0
10.928991794586182,0
10.929006099700928,0
10.929068088531494,0
10.934508800506592,0
10.934675693511965,0
10.935120820999146,0
10.937512397766112,0
10.937583208084106,0
10.937634229660034,0
10.957185983657835,0
10.95722246170044,0
10.95731806755066,0
10.966270208358765,0
10.97344136238098,0
10.973471879959106,0
10.977026224136353,0
10.977116107940674,0
10.977130889892578,0
10.998961210250854,0
10.999226093292236,0
10.999249696731567,0
10.999509811401367,0
10.999649286270142,0
10.99969220161438,0
10.99972438812256,0
10.999754905700684,0
10.99978494644165,0
10.999812602996826,0
10.999869346618652,0
10.999903917312622,0
11.003419637680054,0
11.003434419631958,0
11.017154693603516,0
11.017184495925903,0
11.017211198806764,0
11.037023544311523,0
11.037065267562866,0
11.038658618927002,0
11.038723945617676,0
11.049652576446531,0
11.049690246582031,0
11.049723386764526,0
11.049764633178713,0
11.049799919128418,0
11.04983925819397,0
11.049960851669312,0
11.054331302642822,0
11.054415702819824,0
11.057122707366943,0
11.057126760482788,0
11.057438373565674,0
11.071755647659302,0
11.071876764297484,0
11.07191777229309,0
11.07196807861328,0
11.073522090911863,0
11.0735445022583,0
11.073578596115112,0
11.07728099822998,0
11.077326774597168,0
11.07746410369873,0
11.092786312103271,0
11.092809915542604,0
11.094935417175291,0
11.095152378082275,0
11.097003936767578,0
11.097035884857178,0
11.09705114364624,0
11.11642599105835,0
11.117821455001833,0
11.117862462997437,0
11.11788249015808,0
11.119612455368042,0
11.12054991722107,0
11.135421752929688,0
11.135448455810549,0
11.135470628738403,0
11.13555359840393,0
11.139707803726196,0
11.139777421951294,0
11.139846801757812,0
11.141888618469238,0
11.142001152038574,0
11.142139673233032,0
11.157536506652832,0
11.157601356506348,0
11.157624006271362,0
11.165562152862549,0
11.165595531463625,0
11.165608167648315,0
11.165620803833008,0
11.167470455169678,0
11.167494773864746,0
11.16751217842102,0
11.175211191177368,0
11.177340269088743,0
11.177393198013306,0
11.177422285079956,0
11.17943835258484,0
11.17944073677063,0
11.181020975112917,0
11.181036949157717,0
11.18104887008667,0
11.181060791015623,0
11.185322523117064,0
11.185335397720335,0
11.18578577041626,0
11.18735384941101,0
11.187556028366089,0
11.18882179260254,0
11.188835620880129,0
11.191643953323364,0
11.197485446929932,0
11.197531700134276,0
11.197592496871948,0
11.216983079910278,0
11.2170147895813,0
11.217028617858888,0
11.237038612365724,0
11.237038850784302,0
11.23707103729248,0
11.23885202407837,0
11.239360094070436,0
11.239385604858398,0
11.240372896194458,0
11.241316556930542,0
11.241342544555664,0
11.241724014282228,0
11.242471694946287,0
11.242733240127563,0
11.243423461914062,0
11.25093674659729,0
11.250958681106567,0
11.251015186309814,0
11.251301527023315,0
11.252646207809448,0
11.252649307250977,0
11.252651453018188,0
11.257290363311768,0
11.257318496704102,0
11.257353067398071,0
11.2665433883667,0
11.26841425895691,0
11.27689790725708,0
11.276926279067991,0
11.276991605758669,0
11.295082330703735,0
11.29510235786438,0
11.297006130218506,0
11.297044277191162,0
11.2970712184906,0
11.313287019729614,0
11.313329219818115,0
11.315141677856444,0
11.317183494567873,0
11.317214965820312,0
11.31731653213501,0
11.319965839385986,0
11.320000886917114,0
11.320136308670044,0
11.320189237594604,0
11.327542543411257,0
11.328059196472168,0
11.32817268371582,0
11.33722996711731,0
11.337273120880129,0
11.337297439575195,0
11.357456922531128,0
11.357460975646973,0
11.35746169090271,0
11.374591588974,0
11.377233982086182,0
11.377243757247925,0
11.377280950546265,0
11.381261348724363,0
11.381264209747314,0
11.390761375427246,0
11.390789031982422,0
11.391347646713257,0
11.391377925872805,0
11.392072439193726,0
11.39249062538147,0
11.393231630325316,0
11.397209167480469,0
11.39723801612854,0
11.397633790969849,0
11.407613515853882,0
11.40763258934021,0
11.407638549804688,0
11.407695293426514,0
11.409387826919556,0
11.409407377243042,0
11.409452199935911,0
11.417108058929443,0
11.41713523864746,0
11.41714596748352,0
11.43711519241333,0
11.437143087387083,0
11.437207221984863,0
11.44499135017395,0
11.445037841796877,0
11.447365522384644,0
11.44846534729004,0
11.450110912322998,0
11.453279972076416,0
11.454638242721558,0
11.454680681228638,0
11.455233335494995,0
11.4610857963562,0
11.461119174957275,0
11.461133241653442,0
11.46161699295044,0
11.461673498153688,0
11.46627712249756,0
11.466500759124756,0
11.479349613189695,0
11.479377031326294,0
11.479415893554688,0
11.483921527862549,0
11.48396611213684,0
11.483967542648315,0
11.483984470367432,0
11.486972093582152,0
11.488386392593384,0
11.488680601119995,0
11.488723754882812,0
11.490410566329956,0
11.490957975387571,0
11.49098539352417,0
11.493293285369871,0
11.496952056884766,0
11.49698042869568,0
11.496993064880373,0
11.517151832580566,0
11.517194747924805,0
11.517210960388184,0
11.524388074874878,0
11.524427890777588,0
11.524524688720703,0
11.52458953857422,0
11.527674674987791,0
11.527714729309082,0
11.528132438659668,0
11.52959132194519,0
11.531611680984495,0
11.532610416412354,0
11.537257194519045,0
11.537609815597534,0
11.537707567214966,0
11.545117616653442,0
11.54550051689148,0
11.545533895492554,0
11.545577764511108,0
11.548913717269896,0
11.548970222473145,0
11.54901933670044,0
11.55708146095276,0
11.557111978530884,0
11.55712604522705,0
11.573228120803831,0
11.577179193496704,0
11.577207803726196,0
11.577266216278076,0
11.57846975326538,0
11.578472375869753,0
11.596957206726074,0
11.596985340118408,0
11.596997022628784,0
11.603572130203249,0
11.603593826293944,0
11.603795051574709,0
11.603800058364868,0
11.606939554214478,0
11.606963396072388,0
11.60754370689392,0
11.608205795288086,0
11.608235359191896,0
11.610296964645386,0
11.610297203063965,0
11.611300945281982,0
11.611329793930054,0
11.611339330673218,0
11.611348628997805,0
11.612582445144652,0
11.612658500671388,0
11.612662076950071,0
11.614991664886476,0
11.617018699645996,0
11.617043733596802,0
11.617053747177124,0
11.636993169784546,0
11.637017011642456,0
11.637018203735352,0
11.638157606124878,0
11.638168334960938,0
11.638247966766356,0
11.638261318206789,0
11.6400625705719,0
11.640092611312866,0
11.640681266784668,0
11.641126155853271,0
11.641751527786257,0
11.657181739807127,0
11.65719985961914,0
11.657252550125122,0
11.676897525787354,0
11.677186489105225,0
11.677211046218872,0
11.677258014678957,0
11.681135654449465,0
11.6811625957489,0
11.681175231933594,0
11.681248426437378,0
11.683793544769289,0
11.683860301971436,0
11.683901071548462,0
11.689550638198853,0
11.689582586288452,0
11.692049264907835,0
11.692066431045532,0
11.693132162094116,0
11.69718623161316,0
11.697203874588013,0
11.697211027145386,0
11.706870794296265,0
11.718740463256836,0
11.718778133392334,0
11.718794584274292,0
11.731490135192873,0
11.736946105957031,0
11.737249851226808,0
11.737275838851929,0
11.737295150756836,0
11.737313508987429,0
11.737329959869385,0
11.73744511604309,0
11.75831174850464,0
11.75835347175598,0
11.75839614868164,0
11.762814044952393,0
11.76291036605835,0
11.762934923171995,0
11.763981342315674,0
11.77437710762024,0
11.774415016174316,0
11.774758577346802,0
11.77475881576538,0
11.774950742721558,0
11.774962186813354,0
11.774977445602415,0
11.775032758712769,0
11.777562856674194,0
11.777584075927734,0
11.777596950531006,0
11.794517993927002,0
11.794551372528076,0
11.794689416885376,0
11.794720649719238,0
11.794731378555298,0
11.796796560287476,0
11.796809673309326,0
11.797816753387451,0
11.797847032546995,0
11.797890663146973,0
11.806398391723633,0
11.816934585571287,0
11.816959619522097,0
11.81702756881714,0
11.837018489837646,0
11.837048292160034,0
11.83705449104309,0
11.84213924407959,0
11.842150449752808,0
11.84216046333313,0
11.842173099517822,0
11.84218454360962,0
11.842196464538574,0
11.844014644622805,0
11.846622705459597,0
11.846641063690186,0
11.846649885177612,0
11.84687328338623,0
11.847851276397703,0
11.847949981689451,0
11.847967624664308,0
11.857521533966064,0
11.857548475265505,0
11.857558727264404,0
11.865339756011965,0
11.878310680389404,0
11.87833857536316,0
11.8783540725708,0
11.897247314453123,0
11.897263288497925,0
11.897281646728516,0
11.91706395149231,0
11.917104482650757,0
11.917201280593872,0
11.925079345703123,0
11.925115823745728,0
11.925188541412354,0
11.92524766921997,0
11.927907466888428,0
11.928046941757202,0
11.928268432617188,0
11.929721117019652,0
11.929935932159424,0
11.931821823120115,0
11.931915283203123,0
11.935094594955444,0
11.939393281936646,0
11.939489841461182,0
11.93958854675293,0
11.950311183929443,0
11.950620651245115,0
11.950645685195925,0
11.950799465179443,0
11.951846837997437,0
11.952571153640749,0
11.953768491744995,0
11.954397201538086,0
11.95566177368164,0
11.95777988433838,0
11.957979679107666,0
11.958009958267212,0
11.977871179580688,0
11.977919816970823,0
11.977931022644045,0
11.99414348602295,0
11.997107982635498,0
11.997133493423462,0
11.997134447097778,0
12.017099857330322,0
12.01712703704834,0
12.017131567001345,0
12.037550926208496,0
12.037579774856567,0
12.037624835968018,0
12.046003580093384,0
12.046014785766602,0
12.047173261642456,0
12.047178030014038,0
12.048490524291992,0
12.048535346984863,0
12.04854941368103,0
12.048592805862429,0
12.048609256744385,0
12.057015895843506,0
12.057161808013916,0
12.05717635154724,0
12.05762243270874,0
12.057698488235474,0
12.057746887207031,0
12.057790279388428,0
12.057803392410278,0
12.068098545074465,0
12.068832159042358,0
12.070879459381104,0
12.071481227874756,0
12.07223653793335,0
12.072919368743896,0
12.07688307762146,0
12.07690930366516,0
12.077259063720703,0
12.09203815460205,0
12.093895673751833,0
12.093924522399902,0
12.093957424163818,0
12.094196796417236,0
12.094212770462036,0
12.09429669380188,0
12.09562063217163,0
12.095665454864502,0
12.09704089164734,0
12.0974543094635,0
12.097635984420776,0
12.098177433013916,0
12.098376274108888,0
12.101046562194824,0
12.101080179214478,0
12.101092100143433,0
12.10141134262085,0
12.109162092208862,0
12.109194993972778,0
12.109616041183472,0
12.10983395576477,0
12.117541313171388,0
12.117592811584473,0
12.117747783660889,0
12.136711359024048,0
12.136745929718018,0
12.137804985046388,0
12.1378493309021,0
12.137866258621216,0
12.139447927474976,0
12.139559030532835,0
12.142213821411133,0
12.142526388168337,0
12.14264440536499,0
12.149198055267334,0
12.15729594230652,0
12.157331943511965,0
12.15735125541687,0
12.179003715515137,0
12.179033279418944,0
12.179081916809082,0
12.185644626617432,0
12.185794353485107,0
12.18616771697998,0
12.18618369102478,0
12.186190605163574,0
12.18799638748169,0
12.18857479095459,0
12.188616037368774,0
12.188765525817873,0
12.189146518707275,0
12.18917727470398,0
12.19056797027588,0
12.190581560134888,0
12.197218418121338,0
12.197264432907104,0
12.197284936904907,0
12.204985618591309,0
12.217097997665403,0
12.21712851524353,0
12.217142820358276,0
12.233999013900757,0
12.234024047851562,0
12.234035730361938,0
12.234047651290894,0
12.23563814163208,0
12.235670566558838,0
12.23589825630188,0
12.2369863986969,0
12.237008810043337,0
12.23704719543457,0
12.249160051345823,0
12.25757360458374,0
12.257601022720335,0
12.257638931274414,0
12.276978969573976,0
12.277006387710571,0
12.277018785476685,0
12.277029275894163,0
12.277120351791382,0
12.277124643325806,0
12.277505159378052,0
12.278477668762209,0
12.278504133224487,0
12.279072999954224,0
12.28044056892395,0
12.280612468719482,0
12.28339457511902,0
12.283441066741943,0
12.296994686126707,0
12.29702353477478,0
12.297036170959473,0
12.315711975097656,0
12.317168235778809,0
12.317188262939451,0
12.317204475402832,0
12.31855583190918,0
12.319472074508669,0
12.334873676300049,0
12.334892988204956,0
12.337629556655884,0
12.337674617767334,0
12.3379225730896,0
12.337944507598875,0
12.337961912155151,0
12.339657545089722,0
12.339704513549805,0
12.339727640151978,0
12.354227781295776,0
12.354278802871704,0
12.354299783706663,0
12.354711532592772,0
12.357335090637209,0
12.35743498802185,0
12.357479333877563,0
12.359161376953123,0
12.35928201675415,0
12.359328508377075,0
12.361877679824827,0
12.377055406570436,0
12.377084493637083,0
12.377136468887327,0
12.393855094909668,0
12.394147157669067,0
12.396555185317991,0
12.396581649780272,0
12.39659309387207,0
12.396605253219604,0
12.397393941879272,0
12.397425174713137,0
12.39743709564209,0
12.39838981628418,0
12.399338245391846,0
12.399367332458496,0
12.414507865905762,0
12.414534091949465,0
12.416253328323364,0
12.416254997253418,0
12.417215585708618,0
12.417229413986206,0
12.417283296585085,0
12.417325735092165,0
12.419699430465698,0
12.435725212097168,0
12.437214851379396,0
12.437223196029665,0
12.437249422073364,0
12.454450607299805,0
12.4544939994812,0
12.454554796218872,0
12.45458722114563,0
12.454620838165283,0
12.454651832580566,0
12.454678058624268,0
12.457462549209597,0
12.457534551620483,0
12.457582473754885,0
12.475377082824709,0
12.477622985839844,0
12.477649450302124,0
12.477662086486816,0
12.480154752731323,0
12.480178356170654,0
12.480455875396729,0
12.480474472045898,0
12.481509923934937,0
12.481523275375366,0
12.481536388397217,0
12.488459825515749,0
12.488487005233765,0
12.489712953567505,0
12.489748001098633,0
12.496992349624634,0
12.497021675109863,0
12.497024536132812,0
12.50477123260498,0
12.505707025527954,0
12.517261505126951,0
12.517298936843872,0
12.517314434051514,0
12.52761459350586,0
12.537559270858765,0
12.53759741783142,0
12.537671089172363,0
12.55353307723999,0
12.553551197052002,0
12.553611516952516,0
12.553730964660645,0
12.555437088012695,0
12.55551028251648,0
12.555565595626833,0
12.557419776916504,0
12.557463884353638,0
12.557725429534912,0
12.571051359176636,0
12.577542066574097,0
12.577579259872437,0
12.577616453170776,0
12.58679699897766,0
12.587154150009155,0
12.597164630889893,0
12.597195386886597,0
12.597208738327026,0
12.616990327835085,0
12.617013931274414,0
12.617138862609863,0
12.617153644561768,0
12.61716341972351,0
12.617174625396729,0
12.618969678878784,0
12.619495153427124,0
12.619507312774658,0
12.619762659072876,0
12.621273517608644,0
12.621275663375854,0
12.622506380081177,0
12.622550249099731,0
12.634908199310305,0
12.634943723678589,0
12.634954929351808,0
12.634964227676392,0
12.636091470718384,0
12.636121273040771,0
12.636136054992676,0
12.637884855270386,0
12.637901306152344,0
12.637911558151243,0
12.638418674468994,0
12.647579431533812,0
12.647592782974243,0
12.647602558135986,0
12.647629261016846,0
12.65128779411316,0
12.651311159133911,0
12.652049779891968,0
12.658103227615356,0
12.65813422203064,0
12.658173561096191,0
12.67721152305603,0
12.67726445198059,0
12.677296161651611,0
12.6961190700531,0
12.697182655334473,0
12.697211503982544,0
12.697225570678713,0
12.713806867599487,0
12.713827848434448,0
12.713845014572144,0
12.713917016983032,0
12.717564344406128,0
12.717583656311035,0
12.717624187469482,0
12.717976331710815,0
12.717998266220093,0
12.71801495552063,0
12.73743987083435,0
12.737977504730225,0
12.738073587417604,0
12.74025845527649,0
12.74030089378357,0
12.742557764053345,0
12.742630004882812,0
12.74352526664734,0
12.745497703552246,0
12.748284339904783,0
12.758149147033691,0
12.758191108703612,0
12.758239507675173,0
12.777595281600952,0
12.777626991271973,0
12.777669191360474,0
12.78301191329956,0
12.783025979995728,0
12.784139156341553,0
12.78418254852295,0
12.78419828414917,0
12.784251689910889,0
12.785935401916504,0
12.785953044891356,0
12.785966873168944,0
12.786554336547852,0
12.797841548919678,0
12.797872304916382,0
12.797887325286863,0
12.80616807937622,0
12.806169748306274,0
12.810014247894289,0
12.810025453567505,0
12.810035943984984,0
12.811494588851929,0
12.815216541290283,0
12.816884756088257,0
12.817821979522703,0
12.818610429763794,0
12.837460279464722,0
12.83748483657837,0
12.837519645690918,0
12.83844232559204,0
12.838464260101318,0
12.838525533676147,0
12.838539838790894,0
12.839574337005615,0
12.83960223197937,0
12.839726209640505,0
12.841041564941406,0
12.841042041778564,0
12.841070652008057,0
12.841116189956663,0
12.842097520828249,0
12.842105150222778,0
12.842118740081789,0
12.857530117034912,0
12.857555389404297,0
12.857603311538696,0
12.867546081542969,0
12.877068281173706,0
12.87709665298462,0
12.877108812332152,0
12.893234729766846,0
12.893272161483765,0
12.895289659500122,0
12.89539647102356,0
12.895559310913086,0
12.895598888397217,0
12.895642280578612,0
12.897037029266356,0
12.897071123123167,0
12.897085666656494,0
12.91689133644104,0
12.917466402053831,0
12.917602062225342,0
12.91784167289734,0
12.917860984802246,0
12.920476198196411,0
12.920573234558104,0
12.921565771102903,0
12.931626796722412,0
12.93165159225464,0
12.931755781173706,0
12.9317786693573,0
12.93531346321106,0
12.935404300689695,0
12.935423374176024,0
12.93752384185791,0
12.937679052352903,0
12.937788724899292,0
12.955471515655518,0
12.957666635513306,0
12.9576895236969,0
12.95770788192749,0
12.9577534198761,0
12.959247350692747,0
12.964074611663818,0
12.964093208312988,0
12.977537155151367,0
12.977562665939333,0
12.977572441101074,0
12.978480577468872,0
12.978492736816406,0
12.9785053730011,0
12.97851824760437,0
12.983088254928589,0
12.983097314834597,0
12.983109474182127,0
12.984394073486328,0
12.984409093856812,0
12.997259140014648,0
12.99729824066162,0
12.9973247051239,0
12.997406721115112,0
12.99745273590088,0
12.997492790222168,0
12.999325275421144,0
13.017104148864746,0
13.01713252067566,0
13.01715898513794,0
13.028274297714232,0
13.036945819854736,0
13.0370512008667,0
13.03706431388855,0
13.059393644332886,0
13.059428691864014,0
13.059441566467283,0
13.059473752975464,0
13.05951452255249,0
13.059544324874878,0
13.05996060371399,0
13.059988021850586,0
13.059998989105225,0
13.0600106716156,0
13.077038526535034,0
13.077064037322998,0
13.0770742893219,0
13.088024854660034,0
13.089282989501951,0
13.097007989883425,0
13.097033500671388,0
13.097043991088867,0
13.11609387397766,0
13.116111993789673,0
13.116181135177612,0
13.116199493408203,0
13.11753797531128,0
13.117559671401978,0
13.117616176605225,0
13.118459463119509,0
13.119301795959473,0
13.119333744049072,0
13.11996054649353,0
13.119991302490234,0
13.126514196395874,0
13.126553535461426,0
13.130470275878906,0
13.130505084991457,0
13.130521774291992,0
13.130558729171751,0
13.13723087310791,0
13.137269020080566,0
13.137286186218262,0
13.160821676254272,0
13.160908937454224,0
13.160987854003906,0
13.168290853500366,0
13.168384790420532,0
13.168450593948364,0
13.176412105560305,0
13.176469802856444,0
13.17648983001709,0
13.177529573440552,0
13.177563905715942,0
13.177578210830688,0
13.178929328918455,0
13.178929805755615,0
13.178952693939207,0
13.178972721099854,0
13.184451341629028,0
13.18448805809021,0
13.18503737449646,0
13.188103914260864,0
13.193997621536257,0
13.194010734558104,0
13.19402027130127,0
13.194206476211548,0
13.196998834609984,0
13.197009563446043,0
13.197020053863524,0
13.197052240371704,0
13.19744873046875,0
13.198326587677002,0
13.205211400985718,0
13.205281019210815,0
13.205293893814089,0
13.205305576324465,0
13.205318212509155,0
13.215906858444214,0
13.217512607574465,0
13.217535495758057,0
13.217546939849854,0
13.228374719619753,0
13.23743224143982,0
13.237461566925049,0
13.237512350082396,0
13.257116794586182,0
13.257144689559937,0
13.257155418395996,0
13.275585412979126,0
13.27560830116272,0
13.275725603103638,0
13.275747776031494,0
13.277183532714844,0
13.277222156524658,0
13.277236223220823,0
13.278643608093262,0
13.27867341041565,0
13.27890133857727,0
13.279547929763794,0
13.28594183921814,0
13.28595209121704,0
13.285990715026855,0
13.286046028137209,0
13.2876455783844,0
13.287694692611694,0
13.288047790527344,0
13.29692554473877,0
13.297006368637083,0
13.297025680541992,0
13.314480543136597,0
13.314518928527832,0
13.317019939422607,0
13.317039012908936,0
13.317059993743896,0
13.31713056564331,0
13.31719136238098,0
13.319784879684448,0
13.336307764053345,0
13.338291883468628,0
13.338316679000854,0
13.338380336761476,0
13.339602947235107,0
13.339635610580444,0
13.339653491973875,0
13.33968710899353,0
13.34048628807068,0
13.341503620147703,0
13.35417342185974,0
13.354217767715454,0
13.3543701171875,0
13.354374647140505,0
13.35647177696228,0
13.356637477874756,0
13.35666799545288,0
13.358628273010254,0
13.358658075332642,0
13.358764171600342,0
13.3611900806427,0
13.377438306808472,0
13.377440452575684,0
13.377487897872925,0
13.385152578353882,0
13.385154247283936,0
13.38648533821106,0
13.387600898742676,0
13.387652397155762,0
13.3877112865448,0
13.389184713363647,0
13.389190435409546,0
13.391991138458252,0
13.39704132080078,0
13.397089004516602,0
13.397106409072876,0
13.411171436309814,0
13.411201000213625,0
13.413978815078735,0
13.414005756378174,0
13.414368391036987,0
13.416997909545898,0
13.417025327682495,0
13.41703987121582,0
13.4370698928833,0
13.43707013130188,0
13.437098026275637,0
13.438289165496826,0
13.438292741775513,0
13.455254316329956,0
13.455282926559448,0
13.45529556274414,0
13.455349922180176,0
13.457197904586792,0
13.457210540771484,0
13.4572434425354,0
13.457292318344116,0
13.457478761672974,0
13.457507133483888,0
13.458313465118408,0
13.477153539657593,0
13.477179050445557,0
13.477196455001833,0
13.487480640411375,0
13.487504005432127,0
13.487515926361084,0
13.487531185150146,0
13.487653970718384,0
13.487656831741331,0
13.487663745880129,0
13.488971710205078,0
13.488997220993042,0
13.493017435073853,0
13.493182897567747,0
13.494007349014282,0
13.494451761245728,0
13.496981859207152,0
13.496994495391846,0
13.497010469436646,0
13.497894287109377,0
13.512737035751345,0
13.51461672782898,0
13.51469087600708,0
13.514726161956789,0
13.514920949935911,0
13.51494526863098,0
13.515002012252808,0
13.516917705535889,0
13.516944169998167,0
13.516956090927124,0
13.53709363937378,0
13.537131071090698,0
13.537147760391235,0
13.551480770111084,0
13.557158946990969,0
13.557178974151611,0
13.558649063110352,0
13.558718919754028,0
13.558738708496094,0
13.577295541763306,0
13.5773286819458,0
13.577420473098757,0
13.577760934829712,0
13.577931642532349,0
13.577948808670044,0
13.577964782714844,0
13.578378915786743,0
13.57843255996704,0
13.578454732894896,0
13.592775106430054,0
13.592804670333862,0
13.592814207077026,0
13.592825174331663,0
13.5950448513031,0
13.59507155418396,0
13.595170021057127,0
13.59594702720642,0
13.595971584320068,0
13.597768545150757,0
13.597792625427246,0
13.5978045463562,0
13.608964920043944,0
13.609009742736816,0
13.609707593917848,0
13.618457317352297,0
13.618524074554443,0
13.61860728263855,0
13.637027263641356,0
13.637027978897097,0
13.63706922531128,0
13.644725799560549,0
13.64578628540039,0
13.645796775817873,0
13.645808696746826,0
13.647369384765623,0
13.647432804107666,0
13.64974045753479,0
13.6499502658844,0
13.650054216384888,0
13.656924486160278,0
13.65696668624878,0
13.656982421875,0
13.657844305038452,0
13.677002668380736,0
13.677002906799316,0
13.677027702331545,0
13.682116985321043,0
13.682132244110107,0
13.682163000106812,0
13.682201623916626,0
13.684176206588743,0
13.684229612350464,0
13.684245824813845,0
13.685577392578123,0
13.685609579086304,0
13.686854124069214,0
13.686914682388306,0
13.696957111358644,0
13.696982860565186,0
13.696994304656982,0
13.703179359436035,0
13.706905364990234,0
13.706923723220823,0
13.71103811264038,0
13.711373329162598,0
13.711400270462036,0
13.71148133277893,0
13.711491107940674,0
13.711540460586548,0
13.715082168579102,0
13.71725058555603,0
13.7172691822052,0
13.717408418655396,0
13.730933427810667,0
13.737525939941406,0
13.737564086914062,0
13.737580060958862,0
13.757333755493164,0
13.757418155670166,0
13.757457494735718,0
13.777238845825195,0
13.777276515960692,0
13.77729082107544,0
13.787920951843262,0
13.787961959838867,0
13.78905153274536,0
13.78934931755066,0
13.789396047592165,0
13.789468765258787,0
13.791118860244753,0
13.791184425354004,0
13.79171347618103,0
13.792104959487917,0
13.79574704170227,0
13.795793533325195,0
13.79767918586731,0
13.797710180282593,0
13.79774045944214,0
13.8032648563385,0
13.803282260894775,0
13.803292512893677,0
13.803317308425903,0
13.80337405204773,0
13.803390264511108,0
13.804091453552246,0
13.804147481918337,0
13.804163694381714,0
13.805485963821411,0
13.808432579040527,0
13.816975355148315,0
13.817002534866331,0
13.81706190109253,0
13.836964130401611,0
13.837245225906372,0
13.83724856376648,0
13.8392915725708,0
13.842965364456177,0
13.844136238098145,0
13.844146966934204,0
13.844157695770264,0
13.845799446105955,0
13.845813274383543,0
13.84582781791687,0
13.846848487854004,0
13.855328559875488,0
13.85690951347351,0
13.85690975189209,0
13.856919527053831,0
13.857865333557127,0
13.877240419387816,0
13.877268075942991,0
13.877299308776855,0
13.88695788383484,0
13.886982440948486,0
13.887003183364868,0
13.887019157409668,0
13.88709568977356,0
13.88727617263794,0
13.889041423797607,0
13.889664888381958,0
13.889693021774292,0
13.890281915664673,0
13.89028286933899,0
13.89694595336914,0
13.896975755691528,0
13.89698839187622,0
13.908237218856812,0
13.91693902015686,0
13.91696310043335,0
13.916980266571043,0
13.935386896133425,0
13.935453176498411,0
13.93551540374756,0
13.935580968856812,0
13.937604427337646,0
13.937619686126707,0
13.937645435333252,0
13.939149379730225,0
13.93927526473999,0
13.939830780029297,0
13.940330743789673,0
13.95763635635376,0
13.957693576812744,0
13.957743406295776,0
13.966766119003296,0
13.966790199279783,0
13.966808319091797,0
13.96686577796936,0
13.971232175827026,0
13.97126078605652,0
13.97132682800293,0
13.975128173828123,0
13.977719068527222,0
13.977739334106444,0
13.977749824523926,0
13.98558235168457,0
13.990872859954834,0
13.99098515510559,0
13.996333360671995,0
13.996575593948364,0
14.000217199325562,0
14.000253677368164,0
14.00026798248291,0
14.00587511062622,0
14.017258644104004,0
14.017287015914915,0
14.017297744750977,0
14.021172285079956,0
14.021174907684326,0
14.023024797439575,0
14.023036003112791,0
14.02532410621643,0
14.025352716445925,0
14.026430130004885,0
14.026455402374268,0
14.026490688323976,0
14.02882194519043,0
14.0289409160614,0
14.02906084060669,0
14.029080390930176,0
14.037086248397827,0
14.037114143371582,0
14.037124633789062,0
14.044453382492064,0
14.044736623764038,0
14.04476284980774,0
14.046380519866943,0
14.053512334823608,0
14.05355143547058,0
14.053560972213743,0
14.054326057434082,0
14.054408311843872,0
14.054422855377195,0
14.054434537887571,0
14.054566144943236,0
14.057010173797607,0
14.057033777236938,0
14.05704379081726,0
14.079763174057009,0
14.07989740371704,0
14.079918384552002,0
14.091998100280762,0
14.092042446136476,0
14.093342781066896,0
14.09341287612915,0
14.094071388244627,0
14.096922874450684,0
14.096949815750122,0
14.09696102142334,0
14.11499571800232,0
14.115028142929075,0
14.116785287857056,0
14.11706805229187,0
14.117083311080933,0
14.117126941680908,0
14.118113994598389,0
14.118186235427856,0
14.1182382106781,0
14.118282794952393,0
14.12657880783081,0
14.137596607208252,0
14.1376371383667,0
14.137655973434448,0
14.153707027435305,0
14.15532398223877,0
14.155620098114014,0
14.155641078948976,0
14.155657052993774,0
14.155674695968628,0
14.155692100524902,0
14.15858507156372,0
14.161552906036375,0
14.16159439086914,0
14.17712664604187,0
14.177164077758787,0
14.177236557006836,0
14.197214126586914,0
14.19724440574646,0
14.197256088256836,0
14.197940587997437,0
14.197998523712158,0
14.200994491577148,0
14.201007604599,0
14.201048374176024,0
14.20428991317749,0
14.20429515838623,0
14.214865446090698,0
14.214888572692873,0
14.21489930152893,0
14.214915990829468,0
14.217019319534302,0
14.217044830322266,0
14.217055559158323,0
14.217856168746948,0
14.217868328094482,0
14.21792697906494,0
14.218722581863403,0
14.220224857330322,0
14.234700202941896,0
14.23775577545166,0
14.23778247833252,0
14.237810850143433,0
14.251391410827637,0
14.25210738182068,0
14.252189636230469,0
14.252204656600952,0
14.252971172332764,0
14.252979278564451,0
14.253875017166138,0
14.257242202758787,0
14.257281303405762,0
14.25729274749756,0
14.270373821258543,0
14.270403861999512,0
14.270413637161257,0
14.270423650741575,0
14.271588802337646,0
14.27161431312561,0
14.271614789962769,0
14.277063846588137,0
14.277105331420898,0
14.277119398117064,0
14.293124914169312,0
14.293129444122314,0
14.2956805229187,0
14.295698404312134,0
14.296508312225342,0
14.297375917434692,0
14.297406196594238,0
14.297413349151611,0
14.313697576522827,0
14.313825607299805,0
14.313845157623293,0
14.31390643119812,0
14.315921068191528,0
14.315942525863647,0
14.316000699996948,0
14.317249298095703,0
14.31728172302246,0
14.317296504974363,0
14.330798864364624,0
14.33371353149414,0
14.337331056594849,0
14.337451696395874,0
14.33754539489746,0
14.35394024848938,0
14.358133554458618,0
14.358185052871704,0
14.35825228691101,0
14.361040353775024,0
14.361045122146606,0
14.377476215362549,0
14.377520322799684,0
14.377539873123167,0
14.377572536468506,0
14.378557443618774,0
14.378597497940063,0
14.380325317382812,0
14.386155128479004,0
14.386261701583862,0
14.386282444000244,0
14.386298894882202,0
14.387454509735107,0
14.394941091537476,0
14.395402669906616,0
14.398057460784912,0
14.398077964782717,0
14.398138999938965,0
14.398985862731934,0
14.398995399475098,0
14.404115915298462,0
14.41703462600708,0
14.417035579681396,0
14.417061805725098,0
14.437958478927612,0
14.437970876693726,0
14.437975406646729,0
14.44222617149353,0
14.442246913909912,0
14.442258358001707,0
14.4422767162323,0
14.442281007766724,0
14.44229245185852,0
14.442294836044312,0
14.446690559387209,0
14.453547716140749,0
14.4535870552063,0
14.453924894332886,0
14.453948497772217,0
14.455957174301147,0
14.45598030090332,0
14.45602035522461,0
14.457521438598633,0
14.457550764083862,0
14.457595825195312,0
14.466598987579346,0
14.466644525527954,0
14.47703766822815,0
14.47706413269043,0
14.477075815200806,0
14.48654556274414,0
14.486600875854492,0
14.487900495529177,0
14.497037649154665,0
14.497069835662842,0
14.497083187103271,0
14.517204761505129,0
14.517244577407835,0
14.517579078674316,0
14.521135091781616,0
14.521167278289797,0
14.521222829818726,0
14.521267175674438,0
14.52305555343628,0
14.523137092590332,0
14.523159742355348,0
14.524832248687744,0
14.5248544216156,0
14.524894714355469,0
14.524916410446169,0
14.5264790058136,0
14.526550531387327,0
14.526572704315186,0
14.537235260009766,0
14.537296772003174,0
14.537307500839232,0
14.558356761932371,0
14.55840253829956,0
14.558436632156372,0
14.564699649810793,0
14.578829050064089,0
14.578904390335085,0
14.578993797302246,0
14.589924812316896,0
14.589938402175903,0
14.589986324310305,0
14.590044260025024,0
14.590075969696043,0
14.590469360351562,0
14.590497732162476,0
14.590730667114258,0
14.591021537780762,0
14.591241121292114,0
14.591531038284302,0
14.595227479934692,0
14.595248937606812,0
14.59713339805603,0
14.59715986251831,0
14.597191572189333,0
14.597865104675291,0
14.5978844165802,0
14.59933853149414,0
14.611480474472046,0
14.611492156982422,0
14.61262583732605,0
14.613898277282717,0
14.613919973373411,0
14.613937854766846,0
14.614999532699583,0
14.61532473564148,0
14.615362644195557,0
14.617029666900637,0
14.61703372001648,0
14.617055416107178,0
14.626760005950928,0
14.637788534164429,0
14.637788772583008,0
14.637818336486816,0
14.656878232955933,0
14.65690779685974,0
14.656919479370115,0
14.656932592391968,0
14.656943798065186,0
14.658290147781372,0
14.658323287963867,0
14.660325527191162,0
14.660354137420654,0
14.660383224487305,0
14.665338516235352,0
14.66540813446045,0
14.677024602890016,0
14.67705011367798,0
14.677061557769775,0
14.697561979293823,0
14.697592496871948,0
14.697604179382324,0
14.70353937149048,0
14.7035710811615,0
14.70616364479065,0
14.706226110458374,0
14.706804990768433,0
14.71342658996582,0
14.715678453445436,0
14.715729236602783,0
14.715734243392944,0
14.71591019630432,0
14.716540813446043,0
14.71657133102417,0
14.71698522567749,0
14.717003107070925,0
14.717009782791138,0
14.73717737197876,0
14.737210750579834,0
14.757664680480955,0
14.757708311080933,0
14.75772738456726,0
14.76571536064148,0
14.77222466468811,0
14.772690057754517,0
14.774348735809326,0
14.774386405944824,0
14.774404287338257,0
14.774422645568848,0
14.778342723846436,0
14.77836537361145,0
14.778382539749146,0
14.787310123443604,0
14.787317276000977,0
14.788273334503174,0
14.789413452148438,0
14.789867639541626,0
14.789896726608276,0
14.790237188339232,0
14.790892839431764,0
14.790930032730104,0
14.790951251983644,0
14.7918598651886,0
14.792250156402588,0
14.792925834655762,0
14.792973518371582,0
14.795812129974363,0
14.79712963104248,0
14.79715609550476,0
14.797168731689451,0
14.799870014190674,0
14.801229000091553,0
14.80125379562378,0
14.801302433013916,0
14.80732536315918,0
14.807329654693604,0
14.80734086036682,0
14.816979885101318,0
14.816982984542848,0
14.8170006275177,0
14.83670687675476,0
14.837128639221191,0
14.838408708572388,0
14.838431358337402,0
14.84755825996399,0
14.848552227020264,0
14.848565578460692,0
14.84940791130066,0
14.849935293197632,0
14.849985122680664,0
14.85002827644348,0
14.85225510597229,0
14.85359787940979,0
14.856923818588257,0
14.856951713562012,0
14.857011318206789,0
14.873768091201782,0
14.877556324005129,0
14.877586841583252,0
14.87759780883789,0
14.877609968185425,0
14.878660678863524,0
14.878681659698486,0
14.878732204437256,0
14.89093565940857,0
14.890966892242432,0
14.89140558242798,0
14.892455101013184,0
14.89248275756836,0
14.896963834762571,0
14.896965503692629,0
14.896992206573486,0
14.916545629501345,0
14.916618585586548,0
14.91713285446167,0
14.917168617248535,0
14.917184829711914,0
14.919979095458984,0
14.922292470932009,0
14.926461696624756,0
14.93812370300293,0
14.938168048858644,0
14.938244581222534,0
14.957287073135376,0
14.957300424575806,0
14.957332372665403,0
14.957335710525513,0
14.958218812942505,0
14.960465908050535,0
14.960488319396973,0
14.96090054512024,0
14.96091103553772,0
14.960936069488524,0
14.97037649154663,0
14.977587461471558,0
14.977622985839844,0
14.97764539718628,0
14.991494178771973,0
14.991510152816772,0
14.994880437850952,0
14.994892835617064,0
14.994932651519775,0
14.995234489440918,0
14.99720859527588,0
14.997239351272585,0
14.997251987457275,0
15.011612176895142,0
15.011624574661257,0
15.012005805969238,0
15.01288080215454,0
15.012898683547974,0
15.017080307006836,0
15.017106294631958,0
15.017152309417725,0
15.03749680519104,0
15.03752326965332,0
15.037558794021606,0
15.040835618972778,0
15.04086947441101,0
15.042340755462646,0
15.042372226715088,0
15.042377471923828,0
15.042383670806885,0
15.043651103973389,0
15.043678283691406,0
15.043692588806152,0
15.044069528579712,0
15.047436714172363,0
15.048690557479858,0
15.048713445663452,0
15.048757791519163,0
15.056978940963743,0
15.057007551193236,0
15.057020902633669,0
15.060647249221802,0
15.060670852661133,0
15.062739610671995,0
15.062772989273071,0
15.076958179473875,0
15.076983451843262,0
15.07698678970337,0
15.083881139755247,0
15.08755612373352,0
15.088679313659668,0
15.08869194984436,0
15.088693380355837,0
15.08986473083496,0
15.089877128601074,0
15.089933395385742,0
15.091525793075562,0
15.091547012329102,0
15.091628789901732,0
15.091681718826294,0
15.096898794174194,0
15.096925735473633,0
15.097542524337769,0
15.106437921524048,0
15.116987705230711,0
15.117062330245972,0
15.117078065872192,0
15.130178928375244,0
15.130208969116213,0
15.130618572235107,0
15.130647659301758,0
15.137163400650024,0
15.1371967792511,0
15.137262344360352,0
15.152194499969482,0
15.152230501174929,0
15.152254104614258,0
15.154076099395752,0
15.154783010482788,0
15.157255172729492,0
15.157260179519652,0
15.157302141189575,0
15.168520212173462,0
15.17761254310608,0
15.177653551101685,0
15.177711248397827,0
15.197092771530151,0
15.197121620178224,0
15.19713258743286,0
15.206549406051636,0
15.206917762756348,0
15.206940412521362,0
15.20695161819458,0
15.206961393356323,0
15.20699667930603,0
15.208640813827516,0
15.208840608596802,0
15.209590435028076,0
15.209655284881592,0
15.210357427597046,0
15.214189291000366,0
15.21422290802002,0
15.214234828948976,0
15.21710729598999,0
15.217132806777954,0
15.21713900566101,0
15.22229504585266,0
15.231221437454224,0
15.237019538879396,0
15.2370445728302,0
15.237053155899048,0
15.258572578430176,0
15.258607149124146,0
15.258647441864014,0
15.265628337860107,0
15.265676259994509,0
15.265689373016356,0
15.265701293945312,0
15.268282413482666,0
15.268308401107788,0
15.269176244735718,0
15.271224737167358,0
15.271224975585938,0
15.271243572235107,0
15.27130889892578,0
15.273326873779297,0
15.273330688476562,0
15.27372145652771,0
15.273850440979004,0
15.27689528465271,0
15.276932716369627,0
15.276980876922607,0
15.280774593353271,0
15.280800580978394,0
15.28081202507019,0
15.280868530273438,0
15.2809476852417,0
15.280982255935667,0
15.281019449234009,0
15.28667402267456,0
15.286674737930298,0
15.294164896011353,0
15.294302701950071,0
15.29713773727417,0
15.297165155410768,0
15.2971773147583,0
15.297959566116331,0
15.299434900283812,0
15.307255744934082,0
15.317086219787598,0
15.317117929458618,0
15.317132711410522,0
15.328542947769163,0
15.328558444976808,0
15.328789949417114,0
15.328819274902344,0
15.331209421157835,0
15.331271409988403,0
15.331315279006958,0
15.337321996688845,0
15.33739709854126,0
15.33746337890625,0
15.357192277908323,0
15.357282400131226,0
15.3573100566864,0
15.385939598083496,0
15.385992765426636,0
15.386012315750122,0
15.388329267501833,0
15.397233724594116,0
15.39726710319519,0
15.397579908370972,0
15.401674032211304,0
15.402440071105955,0
15.402960062026978,0
15.402995109558104,0
15.403050661087036,0
15.405307531356812,0
15.405422449111938,0
15.406012296676636,0
15.406111478805542,0
15.406128883361816,0
15.40614104270935,0
15.411115884780884,0
15.411214113235474,0
15.417550563812256,0
15.41759157180786,0
15.417603969573976,0
15.425833225250244,0
15.437602281570436,0
15.43764042854309,0
15.437644481658936,0
15.452240228652954,0
15.45460081100464,0
15.454640865325928,0
15.45504117012024,0
15.455125331878662,0
15.4551362991333,0
15.455148220062256,0
15.457589626312256,0
15.457644701004028,0
15.457695722579956,0
15.471360683441162,0
15.474888563156128,0
15.474918842315674,0
15.475526571273804,0
15.475552320480348,0
15.476966857910156,0
15.476990699768066,0
15.477001190185549,0
15.497205257415771,0
15.497231483459473,0
15.497278690338137,0
15.497909545898438,0
15.497960567474363,0
15.497975587844849,0
15.49877142906189,0
15.498786687850952,0
15.50002908706665,0
15.500072956085203,0
15.501039505004885,0
15.50106644630432,0
15.501253128051758,0
15.501290321350098,0
15.510334730148315,0
15.510400295257568,0
15.510419607162476,0
15.510796308517456,0
15.51718020439148,0
15.51721167564392,0
15.517227411270142,0
15.535186052322388,0
15.53546404838562,0
15.537283658981323,0
15.537323713302612,0
15.53897261619568,0
15.539022207260132,0
15.539036750793455,0
15.539242267608644,0
15.539332389831545,0
15.53935956954956,0
15.54054307937622,0
15.542077541351318,0
15.557090282440186,0
15.557126998901367,0
15.557188749313354,0
15.57767915725708,0
15.57772707939148,0
15.577747583389282,0
15.591331005096436,0
15.597244024276732,0
15.597275257110596,0
15.597288370132446,0
15.61365246772766,0
15.613912105560305,0
15.614503622055054,0
15.615702390670776,0
15.615712642669678,0
15.615758180618286,0
15.616827964782717,0
15.61683988571167,0
15.616851329803469,0
15.617167234420776,0
15.61718201637268,0
15.617215156555176,0
15.63744020462036,0
15.637590885162354,0
15.637611627578735,0
15.641580820083618,0
15.641692399978638,0
15.642872333526611,0
15.642894268035889,0
15.64376163482666,0
15.645322799682615,0
15.656918048858644,0
15.656944274902344,0
15.65695571899414,0
15.658124208450316,0
15.66376519203186,0
15.663990259170532,0
15.664005041122437,0
15.664016723632812,0
15.66401982307434,0
15.664029836654665,0
15.6646990776062,0
15.666659593582152,0
15.67702865600586,0
15.677028894424438,0
15.677118301391602,0
15.692147016525269,0
15.69214940071106,0
15.692174911499023,0
15.692180156707764,0
15.694465160369871,0
15.694477081298828,0
15.695529222488403,0
15.696233034133911,0
15.69653344154358,0
15.697092533111572,0
15.69711971282959,0
15.697157859802246,0
15.699576377868652,0
15.69962215423584,0
15.716981172561646,0
15.7170147895813,0
15.717028379440308,0
15.737341165542604,0
15.737436771392822,0
15.737447023391724,0
15.742490768432615,0
15.752605199813845,0
15.75265407562256,0
15.753012657165527,0
15.753039598464966,0
15.753177404403688,0
15.753217935562134,0
15.753257751464844,0
15.757174253463743,0
15.757213354110718,0
15.757231950759888,0
15.75973391532898,0
15.759777784347534,0
15.759875774383543,0
15.759976863861084,0
15.763046026229858,0
15.76307225227356,0
15.76309895515442,0
15.763500213623049,0
15.771945714950562,0
15.772112846374512,0
15.772191047668455,0
15.772255182266235,0
15.778200387954712,0
15.778238296508787,0
15.77831745147705,0
15.7873055934906,0
15.787340879440308,0
15.787428617477415,0
15.799240827560425,0
15.79926872253418,0
15.799282550811768,0
15.808173656463625,0
15.809666872024536,0
15.811118125915527,0
15.811163425445557,0
15.811368465423584,0
15.811393976211548,0
15.81712031364441,0
15.817139863967896,0
15.81715202331543,0
15.837035655975342,0
15.83706283569336,0
15.83707308769226,0
15.844318628311155,0
15.857290506362917,0
15.857317686080933,0
15.857391595840454,0
15.87708854675293,0
15.877123832702637,0
15.877669095993042,0
15.884984731674194,0
15.884997367858888,0
15.886825561523438,0
15.88697600364685,0
15.886993646621704,0
15.88699460029602,0
15.887020111083984,0
15.887055158615112,0
15.889323234558104,0
15.893413305282593,0
15.893440246582031,0
15.894840955734251,0
15.894888162612917,0
15.896908283233644,0
15.89691948890686,0
15.896937847137451,0
15.906325101852415,0
15.91704559326172,0
15.917083740234377,0
15.917166233062744,0
15.936622858047484,0
15.93665862083435,0
15.93667483329773,0
15.936747312545776,0
15.940552711486816,0
15.940595626831056,0
15.940651893615724,0
15.94283151626587,0
15.942869186401367,0
15.943783044815063,0
15.948106050491331,0
15.95794415473938,0
15.957987308502195,0
15.958120822906494,0
15.977861166000366,0
15.977885484695436,0
15.97795295715332,0
15.985674619674684,0
15.985693216323853,0
15.98746418952942,0
15.98750138282776,0
15.987503290176392,0
15.987523317337036,0
15.98867917060852,0
15.98870301246643,0
15.989184141159058,0
15.997020244598389,0
15.997052907943726,0
15.99706530570984,0
16.003793239593506,0
16.003844499588013,0
16.01198148727417,0
16.011983633041382,0
16.011991024017334,0
16.01201629638672,0
16.012084007263184,0
16.012098789215088,0
16.014559030532837,0
16.014604806900024,0
16.01462149620056,0
16.01473641395569,0
16.017151355743408,0
16.017163515090942,0
16.017174005508423,0
16.01723313331604,0
16.018811464309692,0
16.01952576637268,0
16.0203754901886,0
16.038683891296387,0
16.038769006729126,0
16.038941860198975,0
16.039552927017212,0
16.04063320159912,0
16.040656566619873,0
16.04076647758484,0
16.04081702232361,0
16.04092049598694,0
16.04093837738037,0
16.041813850402832,0
16.05708909034729,0
16.057114124298096,0
16.057124137878418,0
16.07098078727722,0
16.077259302139282,0
16.077279806137085,0
16.077284336090088,0
16.08071541786194,0
16.080962657928467,0
16.080986738204956,0
16.081069946289062,0
16.085418939590454,0
16.08579993247986,0
16.086204051971436,0
16.09715723991394,0
16.097184419631958,0
16.097196578979492,0
16.117030382156372,0
16.11703872680664,0
16.117082357406616,0
16.121901512145996,0
16.121938467025757,0
16.12371516227722,0
16.12373661994934,0
16.124552011489868,0
16.126555919647217,0
16.131873607635498,0
16.137307167053223,0
16.13735055923462,0
16.13800048828125,0
16.16036820411682,0
16.160581350326538,0
16.16066026687622,0
16.16074562072754,0
16.16211199760437,0
16.16215443611145,0
16.162476778030396,0
16.16266918182373,0
16.16376304626465,0
16.16381597518921,0
16.163844347000122,0
16.17827033996582,0
16.178327083587646,0
16.17835521697998,0
16.18101191520691,0
16.181522369384766,0
16.1830472946167,0
16.183322429656982,0
16.18336057662964,0
16.183439016342163,0
16.18788242340088,0
16.18794822692871,0
16.188018798828125,0
16.191788911819458,0
16.191827535629272,0
16.198169946670532,0
16.198201894760132,0
16.198222637176514,0
16.203993320465088,0
16.20401358604431,0
16.21824884414673,0
16.21836566925049,0
16.21841549873352,0
16.229026556015015,0
16.237913608551025,0
16.238011121749878,0
16.238081216812134,0
16.257283687591553,0
16.25769019126892,0
16.25773334503174,0
16.265753746032715,0
16.269711017608643,0
16.2699134349823,0
16.270066738128662,0
16.270429611206055,0
16.270451068878174,0
16.27053737640381,0
16.273259162902832,0
16.27360987663269,0
16.27364420890808,0
16.27366042137146,0
16.2769992351532,0
16.277064085006714,0
16.277077674865723,0
16.27709937095642,0
16.277107000350952,0
16.277942180633545,0
16.2779803276062,0
16.28983211517334,0
16.289865255355835,0
16.29002833366394,0
16.29004716873169,0
16.292525053024292,0
16.29252600669861,0
16.292539596557617,0
16.29753065109253,0
16.297882795333862,0
16.297942399978638,0
16.298415899276733,0
16.298429489135742,0
16.31747817993164,0
16.317565202713013,0
16.31763243675232,0
16.31872582435608,0
16.318764448165894,0
16.329437494277954,0
16.33772850036621,0
16.33777117729187,0
16.33778977394104,0
16.35745072364807,0
16.35750150680542,0
16.357964038848877,0
16.367371559143066,0
16.368040561676025,0
16.368083238601685,0
16.368096590042114,0
16.373898029327393,0
16.37403631210327,0
16.374302625656128,0
16.376253604888916,0
16.378110885620117,0
16.37813711166382,0
16.37816071510315,0
16.380268812179565,0
16.380704879760742,0
16.387919425964355,0
16.388302326202393,0
16.389090061187744,0
16.38965606689453,0
16.390434741973877,0
16.390470504760742,0
16.391340732574463,0
16.39161205291748,0
16.3919460773468,0
16.395682096481323,0
16.396830320358276,0
16.397139310836792,0
16.3971905708313,0
16.39735460281372,0
16.401572704315186,0
16.401604652404785,0
16.417229652404785,0
16.417248964309692,0
16.41727590560913,0
16.427272081375122,0
16.437545776367188,0
16.437593936920166,0
16.437622785568237,0
16.457561492919922,0
16.45758891105652,0
16.458208560943604,0
16.458869695663452,0
16.46039056777954,0
16.460493564605713,0
16.46056580543518,0
16.466802835464478,0
16.466890335083008,0
16.466995239257812,0
16.4670250415802,0
16.47137689590454,0
16.471399545669556,0
16.477549076080322,0
16.477590560913086,0
16.477611541748047,0
16.497702598571777,0
16.49773406982422,0
16.497748374938965,0
16.51624822616577,0
16.516283750534058,0
16.516292810440063,0
16.51638102531433,0
16.517650842666626,0
16.517695426940918,0
16.517759323120117,0
16.520204305648804,0
16.52025008201599,0
16.520276069641113,0
16.522215604782104,0
16.52226448059082,0
16.538026332855225,0
16.53804874420166,0
16.538070917129517,0
16.54262685775757,0
16.543013095855713,0
16.5430748462677,0
16.543078899383545,0
16.543104648590088,0
16.54321312904358,0
16.5456485748291,0
16.545801401138306,0
16.545833826065063,0
16.547104835510254,0
16.558094024658203,0
16.558126211166382,0
16.558189868927002,0
16.55839490890503,0
16.558459520339966,0
16.558480501174927,0
16.55850076675415,0
16.563595056533813,0
16.56370520591736,0
16.56387162208557,0
16.564669370651245,0
16.57741618156433,0
16.57746148109436,0
16.57748818397522,0
16.578075885772705,0
16.578484058380127,0
16.57943844795227,0
16.579480409622192,0
16.579533576965332,0
16.580161571502686,0
16.580654859542847,0
16.58142590522766,0
16.58190107345581,0
16.59816551208496,0
16.59819984436035,0
16.598236083984375,0
16.604288816452026,0
16.604340076446533,0
16.606340646743774,0
16.606549739837646,0
16.60808277130127,0
16.61035656929016,0
16.61707878112793,0
16.617326974868774,0
16.617381811141968,0
16.637120246887207,0
16.637181758880615,0
16.638173580169678,0
16.63829016685486,0
16.643794536590576,0
16.643840551376343,0
16.647274255752563,0
16.647363901138306,0
16.647390365600586,0
16.647506952285767,0
16.64753484725952,0
16.658722400665283,0
16.658770084381104,0
16.65881872177124,0
16.675556659698486,0
16.685755252838135,0
16.685858488082886,0
16.685882091522217,0
16.696930646896362,0
16.6969633102417,0
16.69706678390503,0
16.699301958084106,0
16.699329376220703,0
16.699498414993286,0
16.699522495269775,0
16.70205569267273,0
16.702069759368896,0
16.702083826065063,0
16.702449798583984,0
16.70266842842102,0
16.703799724578857,0
16.703842401504517,0
16.712249517440796,0
16.71226143836975,0
16.71771001815796,0
16.71774935722351,0
16.717860460281372,0
16.737252950668335,0
16.7372784614563,0
16.73729968070984,0
16.73797035217285,0
16.747150182724,0
16.74719500541687,0
16.747442722320557,0
16.74746823310852,0
16.749123334884644,0
16.749161958694458,0
16.749210596084595,0
16.757694005966187,0
16.75774335861206,0
16.757805347442627,0
16.75924849510193,0
16.759299516677856,0
16.759393215179443,0
16.759416580200195,0
16.7617449760437,0
16.76179814338684,0
16.762502431869507,0
16.76277184486389,0
16.76790499687195,0
16.768122673034668,0
16.771759748458862,0
16.77176260948181,0
16.771812438964844,0
16.772246599197388,0
16.779306411743164,0
16.779465198516846,0
16.779703617095947,0
16.779744863510132,0
16.779837131500244,0
16.779863834381104,0
16.79734969139099,0
16.79741334915161,0
16.79749369621277,0
16.809186458587646,0
16.80923628807068,0
16.81181001663208,0
16.811906814575195,0
16.818278789520264,0
16.818279027938843,0
16.81832790374756,0
16.827823638916016,0
16.838651180267334,0
16.838717222213745,0
16.838752269744873,0
16.852020978927612,0
16.85205388069153,0
16.852874040603638,0
16.852886199951172,0
16.85559892654419,0
16.85579204559326,0
16.855818510055542,0
16.86305856704712,0
16.863097429275513,0
16.863346099853516,0
16.8774356842041,0
16.87749409675598,0
16.877782106399536,0
16.884562253952026,0
16.889265537261963,0
16.889265775680542,0
16.892120838165283,0
16.892159938812256,0
16.895206689834595,0
16.89522361755371,0
16.895229816436768,0
16.89526343345642,0
16.89581274986267,0
16.89720582962036,0
16.897241830825806,0
16.89778733253479,0
16.897817134857178,0
16.89782977104187,0
16.91553521156311,0
16.917166709899902,0
16.917218685150146,0
16.917312622070312,0
16.93260931968689,0
16.932657718658447,0
16.932762622833252,0
16.932855129241943,0
16.934802293777466,0
16.93492078781128,0
16.93494725227356,0
16.937192678451538,0
16.937233209609985,0
16.93730664253235,0
16.945844650268555,0
16.94735813140869,0
16.957499980926514,0
16.9575617313385,0
16.95775318145752,0
16.969827890396118,0
16.977760076522827,0
16.9777991771698,0
16.977816820144653,0
16.99919295310974,0
17.000404834747314,0
17.00069236755371,0
17.014177560806274,0
17.014315366744995,0
17.01433777809143,0
17.01435685157776,0
17.014369249343872,0
17.014381408691406,0
17.01439642906189,0
17.01440930366516,0
17.01442313194275,0
17.014439344406128,0
17.014488458633423,0
17.01452088356018,0
17.014586448669434,0
17.014604330062866,0
17.01470160484314,0
17.014721632003784,0
17.014738082885742,0
17.01619601249695,0
17.01633310317993,0
17.016355752944946,0
17.017085313796997,0
17.017637252807617,0
17.017670392990112,0
17.037168264389038,0
17.037198066711426,0
17.037253618240356,0
17.045159101486206,0
17.053327798843384,0
17.056044578552246,0
17.057777643203735,0
17.057826280593872,0
17.058037519454956,0
17.06103754043579,0
17.063637495040894,0
17.068446397781372,0
17.06851029396057,0
17.068615198135376,0
17.068641424179077,0
17.0686616897583,0
17.07038712501526,0
17.077194213867188,0
17.077237844467163,0
17.0772545337677,0
17.092053174972534,0
17.097493410110474,0
17.097528219223022,0
17.097545623779297,0
17.117255687713623,0
17.117303133010864,0
17.117352962493896,0
17.125474214553833,0
17.125503301620483,0
17.12593412399292,0
17.125975608825684,0
17.128641366958618,0
17.128665447235107,0
17.129099130630493,0
17.13150453567505,0
17.131550312042236,0
17.133443355560303,0
17.133484840393066,0
17.134532928466797,0
17.137112855911255,0
17.13714909553528,0
17.137165069580078,0
17.139840841293335,0
17.14906883239746,0
17.158080577850342,0
17.158278226852417,0
17.158278703689575,0
17.15830659866333,0
17.158334732055664,0
17.158351182937622,0
17.158353328704834,0
17.16129231452942,0
17.161335468292236,0
17.161542654037476,0
17.162922382354736,0
17.176403999328613,0
17.176438808441162,0
17.177705764770508,0
17.1777503490448,0
17.17870020866394,0
17.179670810699463,0
17.179689407348633,0
17.180081605911255,0
17.180107831954956,0
17.192283391952515,0
17.19230318069458,0
17.192331314086914,0
17.19494938850403,0
17.194971323013306,0
17.19802951812744,0
17.19806456565857,0
17.198121309280396,0
17.208730459213257,0
17.208746671676636,0
17.210430145263672,0
17.216978073120117,0
17.21700406074524,0
17.21701669692993,0
17.237189769744873,0
17.237218379974365,0
17.237228870391846,0
17.24186944961548,0
17.24188756942749,0
17.24193263053894,0
17.241982221603394,0
17.242087602615356,0
17.242125034332275,0
17.24216389656067,0
17.244338274002075,0
17.244364023208618,0
17.24437379837036,0
17.244383096694946,0
17.24564504623413,0
17.245699167251587,0
17.245825052261353,0
17.24725914001465,0
17.256958484649658,0
17.25696897506714,0
17.256993770599365,0
17.27692675590515,0
17.276949405670166,0
17.276954174041748,0
17.293208360671997,0
17.29321599006653,0
17.293282985687256,0
17.293297290802002,0
17.297160625457764,0
17.297192335128784,0
17.297295093536377,0
17.298394441604614,0
17.298412561416626,0
17.29845905303955,0
17.300237894058228,0
17.300264835357666,0
17.307947635650635,0
17.30796766281128,0
17.311936140060425,0
17.31688642501831,0
17.316916942596436,0
17.316992044448853,0
17.337132215499878,0
17.337164878845215,0
17.337181091308594,0
17.35787272453308,0
17.357921838760376,0
17.357944011688232,0
17.364993572235107,0
17.365041732788086,0
17.365065574645996,0
17.365071535110474,0
17.37013077735901,0
17.370261907577515,0
17.37114119529724,0
17.371185302734375,0
17.371236085891724,0
17.37194848060608,0
17.377697706222534,0
17.377763509750366,0
17.37778663635254,0
17.378839015960693,0
17.378952026367188,0
17.397149324417114,0
17.397218465805054,0
17.397270679473877,0
17.40337824821472,0
17.403399229049683,0
17.40352725982666,0
17.403547048568726,0
17.40549898147583,0
17.405513763427734,0
17.40787172317505,0
17.408925771713257,0
17.40894341468811,0
17.410696029663086,0
17.410744428634644,0
17.411507606506348,0
17.417477130889893,0
17.417501211166382,0
17.417561292648315,0
17.424580097198486,0
17.425638437271118,0
17.43170189857483,0
17.432674169540405,0
17.43704390525818,0
17.437079668045044,0
17.437530755996704,0
17.45233130455017,0
17.45236301422119,0
17.45403242111206,0
17.4540696144104,0
17.45484495162964,0
17.45487904548645,0
17.45491337776184,0
17.45729374885559,0
17.457309007644653,0
17.4573495388031,0
17.47746777534485,0
17.47749900817871,0
17.477511167526245,0
17.49213433265686,0
17.4969322681427,0
17.496933937072754,0
17.496960878372192,0
17.516939878463745,0
17.516971826553345,0
17.517021894454956,0
17.53709602355957,0
17.53716540336609,0
17.54255986213684,0
17.54257345199585,0
17.542592763900757,0
17.54265785217285,0
17.545028686523438,0
17.545053958892822,0
17.545154571533203,0
17.54713487625122,0
17.54719591140747,0
17.548993825912476,0
17.549070596694946,0
17.55086898803711,0
17.55099844932556,0
17.55101776123047,0
17.551027297973633,0
17.55771493911743,0
17.55772876739502,0
17.557754039764404,0
17.558741569519043,0
17.55898928642273,0
17.5590078830719,0
17.559911012649536,0
17.5672926902771,0
17.577143907546997,0
17.577183485031128,0
17.57719898223877,0
17.590113401412964,0
17.590728044509888,0
17.597258806228638,0
17.59729290008545,0
17.59730815887451,0
17.610133171081543,0
17.610161781311035,0
17.61017608642578,0
17.610190629959106,0
17.611860513687134,0
17.61215329170227,0
17.612258672714233,0
17.617065906524658,0
17.61709189414978,0
17.61710023880005,0
17.627017974853516,0
17.62719702720642,0
17.637232542037964,0
17.637261629104614,0
17.63729214668274,0
17.652493238449097,0
17.652494192123413,0
17.6534481048584,0
17.65774393081665,0
17.65779161453247,0
17.657851457595825,0
17.657889366149902,0
17.658029079437256,0
17.658044576644897,0
17.658055067062378,0
17.67315936088562,0
17.673171758651733,0
17.673184871673584,0
17.675586938858032,0
17.677286386489868,0
17.677309274673462,0
17.67741560935974,0
17.690045833587646,0
17.690062284469604,0
17.6900737285614,0
17.690086126327515,0
17.697072744369507,0
17.697087287902832,0
17.69709801673889,0
17.69711184501648,0
17.69742512702942,0
17.697437524795532,0
17.69744849205017,0
17.717118740081787,0
17.717149257659912,0
17.71721315383911,0
17.726809978485107,0
17.73710036277771,0
17.737141847610474,0
17.737602710723877,0
17.757538318634033,0
17.757579803466797,0
17.75762677192688,0
17.765687227249146,0
17.766189098358154,0
17.766230583190918,0
17.76944375038147,0
17.7694730758667,0
17.769826412200928,0
17.769875049591064,0
17.771300554275513,0
17.77135133743286,0
17.771514415740967,0
17.77153968811035,0
17.772741317749023,0
17.772761344909668,0
17.772793769836426,0
17.773932695388794,0
17.778738021850586,0
17.778791189193726,0
17.779144287109375,0
17.782315492630005,0
17.782344102859497,0
17.782564401626587,0
17.78270959854126,0
17.797559022903442,0
17.79759192466736,0
17.79759931564331,0
17.79807472229004,0
17.79809880256653,0
17.79851007461548,0
17.799118518829346,0
17.799129962921143,0
17.799598217010498,0
17.799633026123047,0
17.8095805644989,0
17.811708450317383,0
17.818614721298218,0
17.818644046783447,0
17.81869387626648,0
17.83714771270752,0
17.8371741771698,0
17.83718490600586,0
17.840709686279297,0
17.844525575637817,0
17.844543933868408,0
17.845394611358643,0
17.847009420394897,0
17.84701943397522,0
17.84703230857849,0
17.847042322158813,0
17.84713387489319,0
17.84714913368225,0
17.85358476638794,0
17.854877948760986,0
17.856840133666992,0
17.856862783432007,0
17.856907844543457,0
17.87715983390808,0
17.87806487083435,0
17.8823504447937,0
17.88754963874817,0
17.887561559677124,0
17.887603998184204,0
17.88763451576233,0
17.887649059295654,0
17.88768696784973,0
17.88771891593933,0
17.887733221054077,0
17.892439126968384,0
17.89245080947876,0
17.8936185836792,0
17.8937087059021,0
17.894325017929077,0
17.894495725631714,0
17.89686107635498,0
17.896885871887207,0
17.89693260192871,0
17.905597925186157,0
17.917083024978638,0
17.91711163520813,0
17.91717791557312,0
17.936969757080078,0
17.937003135681152,0
17.937055826187134,0
17.955623149871826,0
17.955646991729736,0
17.956218957901,0
17.956250429153442,0
17.959213495254517,0
17.95925760269165,0
17.959323406219482,0
17.959371089935303,0
17.959420919418335,0
17.960317611694336,0
17.962312936782837,0
17.978487730026245,0
17.978527545928955,0
17.978615522384644,0
17.97903275489807,0
17.979125022888184,0
17.98031234741211,0
17.98039984703064,0
17.980443954467773,0
17.980490922927856,0
17.98347783088684,0
17.983530044555664,0
17.98358726501465,0
17.997555255889893,0
17.997588634490967,0
17.99764347076416,0
17.99955940246582,0
17.999573945999146,0
18.000566720962524,0
18.000580549240112,0
18.003390073776245,0
18.004162788391113,0
18.004186868667603,0
18.004544258117676,0
18.005675554275513,0
18.005776405334473,0
18.005794048309326,0
18.017097234725952,0
18.01713442802429,0
18.0171480178833,0
18.034743309021,0
18.037472009658813,0
18.037495851516724,0
18.037532567977905,0
18.052913665771484,0
18.053189754486084,0
18.053978204727173,0
18.0540075302124,0
18.057005167007446,0
18.05703806877136,0
18.05704927444458,0
18.076921939849854,0
18.076963424682617,0
18.0771381855011,0
18.077154636383057,0
18.07756471633911,0
18.07758975028992,0
18.078717708587646,0
18.08066201210022,0
18.097708225250244,0
18.09773969650269,0
18.097741842269897,0
18.110678911209103,0
18.111814975738525,0
18.117045640945435,0
18.117083072662357,0
18.117095947265625,0
18.1335551738739,0
18.133580923080444,0
18.133679151535038,0
18.13405442237854,0
18.13729286193848,0
18.13755488395691,0
18.13758635520935,0
18.140543937683105,0
18.140578985214237,0
18.14239478111267,0
18.142473220825195,0
18.157299041748047,0
18.15755295753479,0
18.157642364501957,0
18.177600383758545,0
18.177685260772705,0
18.1776921749115,0
18.194188594818115,0
18.198261737823486,0
18.19832730293274,0
18.198360919952396,0
18.20194959640503,0
18.201967239379883,0
18.208518981933597,0
18.209274530410767,0
18.21040391921997,0
18.21180868148804,0
18.216755867004395,0
18.21840596199036,0
18.218438386917114,0
18.218451261520386,0
18.22570776939392,0
18.22702956199646,0
18.227494478225708,0
18.22835254669189,0
18.230562448501587,0
18.23109531402588,0
18.235302925109863,0
18.235339403152462,0
18.23538064956665,0
18.23742270469665,0
18.237446546554565,0
18.23752331733704,0
18.24215722084045,0
18.242182731628414,0
18.24374556541443,0
18.2437756061554,0
18.24625825881958,0
18.24626994132996,0
18.246283054351807,0
18.24827456474304,0
18.248503923416138,0
18.248513221740723,0
18.248522758483887,0
18.24907803535461,0
18.249176502227783,0
18.249480485916138,0
18.256965160369877,0
18.25699281692505,0
18.256994485855103,0
18.26564693450928,0
18.27768421173096,0
18.27774333953857,0
18.27775812149048,0
18.297561407089237,0
18.29759120941162,0
18.29760217666626,0
18.315040826797485,0
18.315065622329712,0
18.31510829925537,0
18.31512427330017,0
18.31706213951111,0
18.31707763671875,0
18.31714415550232,0
18.31902956962585,0
18.319048643112183,0
18.31954979896545,0
18.32025504112244,0
18.320284366607662,0
18.33380150794983,0
18.333871603012085,0
18.334911108016968,0
18.33597159385681,0
18.33720660209656,0
18.33724045753479,0
18.337257623672485,0
18.33851623535156,0
18.357271432876587,0
18.35729694366455,0
18.357447147369385,0
18.367105960845947,0
18.37047243118286,0
18.370492219924927,0
18.370510816574097,0
18.370657205581665,0
18.37068200111389,0
18.37793779373169,0
18.3779456615448,0
18.377963304519653,0
18.378446340560917,0
18.37851595878601,0
18.378572463989254,0
18.37880516052246,0
18.380049467086792,0
18.38292908668518,0
18.39172339439392,0
18.391870260238647,0
18.3918890953064,0
18.39195919036865,0
18.393080711364743,0
18.39308214187622,0
18.393115758895878,0
18.3971962928772,0
18.397225618362427,0
18.39726185798645,0
18.41128945350647,0
18.411739826202396,0
18.413325309753414,0
18.41332626342773,0
18.414143323898315,0
18.41694450378418,0
18.41701650619507,0
18.41706705093384,0
18.43695282936096,0
18.43697953224182,0
18.43703293800354,0
18.453272104263306,0
18.453591346740723,0
18.453595638275143,0
18.4536075592041,0
18.45461392402649,0
18.45462155342102,0
18.45484733581543,0
18.455808401107788,0
18.45709490776062,0
18.45712161064148,0
18.457123517990112,0
18.47260546684265,0
18.47260928153992,0
18.472620725631717,0
18.472681045532227,0
18.474273681640625,0
18.47429132461548,0
18.47429394721985,0
18.479246139526367,0
18.47928237915039,0
18.47929310798645,0
18.49706506729126,0
18.49709272384644,0
18.49710726737976,0
18.5005362033844,0
18.500567197799683,0
18.50209069252014,0
18.502135753631592,0
18.50398731231689,0
18.5040180683136,0
18.504028797149655,0
18.50403904914856,0
18.50479102134705,0
18.505199432373047,0
18.505199670791622,0
18.50738549232483,0
18.51203155517578,0
18.516919374465942,0
18.516947746276852,0
18.51699805259705,0
18.532904386520386,0
18.537290811538696,0
18.53732442855835,0
18.537338256835938,0
18.53743076324463,0
18.5374493598938,0
18.55744051933289,0
18.55748224258423,0
18.557642936706543,0
18.56221890449524,0
18.562246084213257,0
18.56231927871704,0
18.56238913536072,0
18.56467032432556,0
18.56472945213318,0
18.56475281715393,0
18.5733494758606,0
18.57701063156128,0
18.57704448699951,0
18.57720184326172,0
18.597671270370483,0
18.59773969650269,0
18.597748041152958,0
18.617541313171387,0
18.617576599121094,0
18.61759614944458,0
18.62111210823059,0
18.621155977249146,0
18.62115979194641,0
18.62116360664368,0
18.62485361099243,0
18.62487387657165,0
18.62500309944153,0
18.62791347503662,0
18.62797236442566,0
18.629870414733887,0
18.629873752593998,0
18.63273310661316,0
18.6344530582428,0
18.63692140579224,0
18.63694787025452,0
18.636996507644653,0
18.654232263565063,0
18.65763902664185,0
18.65774703025818,0
18.657891511917114,0
18.66225266456604,0
18.662283658981323,0
18.66229677200317,0
18.66234970092773,0
18.66480493545532,0
18.66482782363892,0
18.66503381729126,0
18.67705488204956,0
18.67708420753479,0
18.67714524269104,0
18.678413152694706,0
18.68561673164368,0
18.685672998428345,0
18.68571257591248,0
18.68575859069824,0
18.685964822769165,0
18.68600177764893,0
18.686036825180054,0
18.69695806503296,0
18.696985960006717,0
18.697088718414307,0
18.71697330474853,0
18.717008113861084,0
18.71702122688293,0
18.71910810470581,0
18.719140768051147,0
18.72050929069519,0
18.720558643341064,0
18.72120785713196,0
18.72197961807251,0
18.72267985343933,0
18.731019020080566,0
18.731048822402958,0
18.731062412261963,0
18.731107234954838,0
18.734650373458862,0
18.734719038009644,0
18.73474144935608,0
18.73769807815552,0
18.737732887268063,0
18.73774719238281,0
18.74970579147339,0
18.749735593795776,0
18.74973964691162,0
18.749786853790283,0
18.75144624710083,0
18.751487731933597,0
18.751839637756348,0
18.75703501701355,0
18.75713801383972,0
18.75715947151184,0
18.7674617767334,0
18.777255296707157,0
18.77729749679565,0
18.77732515335083,0
18.79957342147827,0
18.7999427318573,0
18.79997420310974,0
18.810072898864743,0
18.81041383743286,0
18.817205905914307,0
18.81724548339844,0
18.817317724227905,0
18.82134461402893,0
18.821383476257324,0
18.823504209518436,0
18.823757648468018,0
18.82377457618713,0
18.823787450790405,0
18.82380032539368,0
18.824570894241333,0
18.82460165023804,0
18.82625651359558,0
18.826294898986816,0
18.82989811897278,0
18.837074756622314,0
18.83710289001465,0
18.8371160030365,0
18.844067096710205,0
18.844083309173584,0
18.84419322013855,0
18.84419798851013,0
18.858810663223267,0
18.859036207199097,0
18.85916042327881,0
18.877185344696045,0
18.877214908599854,0
18.87722539901733,0
18.8863525390625,0
18.886387586593628,0
18.88719320297241,0
18.88723516464233,0
18.89367651939392,0
18.893714427948,0
18.893728494644165,0
18.893779277801517,0
18.89635157585144,0
18.896405696868896,0
18.896439790725708,0
18.896472215652462,0
18.897348403930664,0
18.89740467071533,0
18.89744806289673,0
18.91438937187195,0
18.91612911224365,0
18.917672395706177,0
18.91768884658813,0
18.91770076751709,0
18.93399477005005,0
18.93715190887451,0
18.937195539474487,0
18.937541246414185,0
18.940266132354736,0
18.94059991836548,0
18.957619190216064,0
18.95768141746521,0
18.957701921463013,0
18.967407703399655,0
18.96744108200073,0
18.967491626739506,0
18.967547178268436,0
18.970133066177368,0
18.970194816589355,0
18.970219135284424,0
18.971224069595337,0
18.97345757484436,0
18.97489309310913,0
18.977049112319943,0
18.977083444595337,0
18.9771728515625,0
18.98456621170044,0
18.98462462425232,0
18.984681367874146,0
18.984735012054443,0
18.98719096183777,0
18.98723816871643,0
18.98724341392517,0
18.99245667457581,0
18.992505073547363,0
18.99705457687378,0
18.99708890914917,0
18.997150182724,0
18.997904300689697,0
18.99791979789734,0
18.998440504074097,0
18.99847626686096,0
18.99851942062378,0
18.998536586761475,0
19.00832509994507,0
19.00835132598877,0
19.00836968421936,0
19.009255409240723,0
19.01911234855652,0
19.019139051437374,0
19.019141674041748,0
19.02790689468384,0
19.027923107147217,0
19.028019189834595,0
19.028035402297974,0
19.037198305130005,0
19.037224054336548,0
19.03723883628845,0
19.057776927948,0
19.057777166366577,0
19.057814836502075,0
19.057825088500977,0
19.057871103286743,0
19.05794906616211,0
19.059354543685917,0
19.060657501220703,0
19.07712173461914,0
19.07714533805847,0
19.07715606689453,0
19.094272136688232,0
19.09428310394287,0
19.09429430961609,0
19.094306468963623,0
19.097631216049194,0
19.097657918930054,0
19.097667932510376,0
19.098551273345947,0
19.098581552505493,0
19.09861183166504,0
19.098644018173218,0
19.09867572784424,0
19.10818099975586,0
19.10821533203125,0
19.10905146598816,0
19.11688590049744,0
19.116904735565186,0
19.116919994354248,0
19.13506245613098,0
19.13715648651123,0
19.137191772460938,0
19.137256860733032,0
19.137439727783203,0
19.13753080368042,0
19.13754892349243,0
19.138882160186768,0
19.13900589942932,0
19.13966941833496,0
19.15126323699951,0
19.15709114074707,0
19.157156944274902,0
19.15718102455139,0
19.17260766029358,0
19.17327117919922,0
19.17399644851685,0
19.174065828323364,0
19.17695927619934,0
19.177053689956665,0
19.177080869674683,0
19.17715167999268,0
19.177618980407715,0
19.19791078567505,0
19.197961807250977,0
19.197982788085938,0
19.19925570487976,0
19.19930577278137,0
19.200465202331543,0
19.20352387428284,0
19.20356774330139,0
19.21112966537476,0
19.21119976043701,0
19.217975854873657,0
19.217993021011356,0
19.218662977218628,0
19.237026929855347,0
19.237053155899048,0
19.237066745758057,0
19.240387439727783,0
19.2446608543396,0
19.244683265686035,0
19.24526143074036,0
19.245579719543457,0
19.257344007492065,0
19.25739860534668,0
19.257728099823,0
19.259753227233887,0
19.25977849960327,0
19.25981116294861,0
19.26203274726868,0
19.26206111907959,0
19.26263642311096,0
19.263745307922363,0
19.263777017593384,0
19.263777256011963,0
19.26389002799988,0
19.277138710021973,0
19.27716612815857,0
19.27721047401428,0
19.281800508499146,0
19.28221106529236,0
19.282235145568848,0
19.28224492073059,0
19.28571653366089,0
19.28576183319092,0
19.285778045654297,0
19.287050247192383,0
19.28707003593445,0
19.29235529899597,0
19.292389392852783,0
19.292406797409058,0
19.292420864105225,0
19.297351837158203,0
19.29739189147949,0
19.29745054244995,0
19.31706690788269,0
19.317099571228027,0
19.31711220741272,0
19.320837259292603,0
19.32531428337097,0
19.327969551086422,0
19.32799506187439,0
19.328012466430664,0
19.328168630599976,0
19.328203201293945,0
19.32822012901306,0
19.328288316726685,0
19.33145809173584,0
19.3376886844635,0
19.337718963623047,0
19.33779001235962,0
19.357232570648197,0
19.358253717422485,0
19.35843086242676,0
19.35845899581909,0
19.36453652381897,0
19.36455249786377,0
19.37364101409912,0
19.37366485595703,0
19.373682737350464,0
19.37379002571106,0
19.38003945350647,0
19.380056619644165,0
19.38046598434448,0
19.38056993484497,0
19.38062429428101,0
19.38065934181213,0
19.380688190460205,0
19.38088607788086,0
19.3869526386261,0
19.387277126312256,0
19.39767575263977,0
19.39773011207581,0
19.398118257522583,0
19.417064905166622,0
19.41733741760254,0
19.417421102523804,0
19.418216466903687,0
19.42383623123169,0
19.423864364624023,0
19.423877716064453,0
19.423917770385746,0
19.42400336265564,0
19.424031734466556,0
19.424060821533203,0
19.437069416046143,0
19.437095403671265,0
19.43712472915649,0
19.43923139572144,0
19.441271781921387,0
19.444139003753666,0
19.45655345916748,0
19.456579446792603,0
19.456618070602417,0
19.456632614135746,0
19.45674753189087,0
19.456762313842773,0
19.457277059555054,0
19.457988262176517,0
19.45820021629333,0
19.458212852478027,0
19.459221124649048,0
19.45925712585449,0
19.459315299987797,0
19.459328413009644,0
19.4726459980011,0
19.47274374961853,0
19.472760438919067,0
19.473709106445312,0
19.473722219467163,0
19.4769549369812,0
19.47699761390686,0
19.477232933044437,0
19.48124647140503,0
19.48128628730774,0
19.49704337120056,0
19.497084140777588,0
19.497283935546875,0
19.507782459259037,0
19.51685619354248,0
19.51687884330749,0
19.516905546188354,0
19.53008985519409,0
19.530102729797363,0
19.530117511749268,0
19.530131578445435,0
19.532773971557617,0
19.532809495925903,0
19.532890796661377,0
19.536906480789185,0
19.53696870803833,0
19.536983966827396,0
19.5485942363739,0
19.55693221092224,0
19.55696582794189,0
19.55705761909485,0
19.566339254379272,0
19.566710472106934,0
19.577077627182007,0
19.57710313796997,0
19.57712435722351,0
19.59940791130066,0
19.599453926086422,0
19.59945917129517,0
19.59958505630493,0
19.59961462020874,0
19.599798917770386,0
19.5998215675354,0
19.6052770614624,0
19.605300426483154,0
19.60624647140503,0
19.607184886932373,0
19.607224941253666,0
19.610838413238525,0
19.610854387283325,0
19.61240601539612,0
19.617292404174805,0
19.61732077598572,0
19.617324590682983,0
19.63536620140076,0
19.635395765304565,0
19.63541030883789,0
19.63542342185974,0
19.63741874694824,0
19.63747215270996,0
19.637502193450928,0
19.638482093811035,0
19.638636350631717,0
19.6389684677124,0
19.64135432243347,0
19.657336711883545,0
19.657405614852905,0
19.65793466567993,0
19.663954496383667,0
19.66396927833557,0
19.66400980949402,0
19.664052724838257,0
19.666167736053467,0
19.66618490219116,0
19.666767358779907,0
19.667126655578613,0
19.66944622993469,0
19.67695450782776,0
19.676979541778564,0
19.676990509033203,0
19.69379687309265,0
19.693844318389893,0
19.694567441940308,0
19.69460105895996,0
19.697113752365112,0
19.697142124176025,0
19.697155952453613,0
19.697232961654663,0
19.71291708946228,0
19.71294116973877,0
19.71298909187317,0
19.713003396987915,0
19.715361833572388,0
19.715395212173465,0
19.71570062637329,0
19.717211961746216,0
19.717236518859863,0
19.71740245819092,0
19.73106932640076,0
19.73109483718872,0
19.73110795021057,0
19.73130297660828,0
19.732484102249146,0
19.732511281967163,0
19.732611417770386,0
19.736857414245605,0
19.736884117126465,0
19.736957550048828,0
19.757100582122803,0
19.757136583328247,0
19.757224798202515,0
19.76617836952209,0
19.77285981178284,0
19.77288269996643,0
19.773678064346317,0
19.77369475364685,0
19.774290800094604,0
19.774322748184204,0
19.778631448745728,0
19.778743743896484,0
19.77905917167664,0
19.779114723205566,0
19.779135942459103,0
19.77925109863281,0
19.77926206588745,0
19.788084745407104,0
19.79234290122986,0
19.79236888885498,0
19.79425597190857,0
19.794310808181763,0
19.795952558517456,0
19.79793357849121,0
19.7979679107666,0
19.797982215881348,0
19.814902544021606,0
19.815375804901123,0
19.8154034614563,0
19.81565022468567,0
19.81709933280945,0
19.817112922668457,0
19.81715726852417,0
19.820326328277588,0
19.82035732269287,0
19.82039046287537,0
19.82110285758972,0
19.82112693786621,0
19.827706336975098,0
19.83705282211304,0
19.837078332901,0
19.83709168434143,0
19.85748791694641,0
19.85756015777588,0
19.857851028442383,0
19.859310150146484,0
19.85933303833008,0
19.859373092651367,0
19.85952043533325,0
19.860882997512817,0
19.86090612411499,0
19.861589908599854,0
19.877051830291748,0
19.87707996368408,0
19.8770911693573,0
19.884700059890747,0
19.884751558303837,0
19.884785890579224,0
19.88607215881348,0
19.88612174987793,0
19.892091512680054,0
19.892125129699707,0
19.892125844955444,0
19.892139434814453,0
19.893213510513306,0
19.893519163131717,0
19.893627882003784,0
19.89956879615784,0
19.899598836898804,0
19.90082335472107,0
19.917094945907596,0
19.91713166236877,0
19.917145252227783,0
19.92725968360901,0
19.93705987930298,0
19.93709683418274,0
19.937117338180546,0
19.94876742362976,0
19.948790788650516,0
19.957064628601078,0
19.957104206085205,0
19.95717072486877,0
19.971535682678223,0
19.9715633392334,0
19.97164988517761,0
19.973657608032227,0
19.97450566291809,0
19.974552392959595,0
19.97460341453552,0
19.978113651275635,0
19.97816014289856,0
19.97822642326355,0
19.998587369918823,0
19.99961757659912,0
19.99966144561768,0
19.999682188034058,0
20.0056791305542,0
20.00571012496948,0
20.00590968132019,0
20.007354974746704,0
20.00742197036743,0
20.007446765899655,0
20.00749158859253,0
20.01772093772888,0
20.017761945724487,0
20.017799854278564,0
20.01783561706543,0
20.017873287200928,0
20.020915031433105,0
20.02094912528992,0
20.024199724197388,0
20.03684949874878,0
20.036876440048218,0
20.036924362182617,0
20.044121265411377,0
20.044137954711918,0
20.044150829315186,0
20.04440450668335,0
20.051543474197388,0
20.05156874656677,0
20.051868438720703,0
20.0536425113678,0
20.05445981025696,0
20.056968450546265,0
20.0569920539856,0
20.05700254440308,0
20.063368558883667,0
20.063398838043213,0
20.077824354171756,0
20.077852725982662,0
20.07786107063293,0
20.096890926361084,0
20.09692072868347,0
20.096957445144653,0
20.11722064018249,0
20.11723661422729,0
20.11724829673767,0
20.117260456085205,0
20.11727285385132,0
20.11733865737915,0
20.11738085746765,0
20.120610237121586,0
20.120822191238403,0
20.12094044685364,0
20.121326684951782,0
20.121430158615112,0
20.12282681465149,0
20.12287163734436,0
20.127158164978027,0
20.136919736862183,0
20.13696026802063,0
20.137152433395386,0
20.157103300094604,0
20.157140016555783,0
20.157156705856323,0
20.164081811904907,0
20.164252281188965,0
20.16428065299988,0
20.16429853439331,0
20.16654086112976,0
20.166542053222656,0
20.166759252548218,0
20.167697191238403,0
20.17029571533203,0
20.1755793094635,0
20.17800521850586,0
20.178044319152832,0
20.178084135055546,0
20.182499408721924,0
20.18251657485962,0
20.197238445281982,0
20.197283506393436,0
20.197301864624023,0
20.20723819732666,0
20.20730829238892,0
20.20733118057251,0
20.207422971725464,0
20.212618350982662,0
20.214212894439697,0
20.214237689971924,0
20.214481592178345,0
20.21453094482422,0
20.21655249595642,0
20.21656537055969,0
20.218071937561035,0
20.21815276145935,0
20.218168258666992,0
20.219006061553955,0
20.219074726104736,0
20.21914553642273,0
20.219160556793213,0
20.227182388305664,0
20.22726464271545,0
20.22727942466736,0
20.231570959091187,0
20.237026929855347,0
20.23705530166626,0
20.23706650733948,0
20.249992609024048,0
20.249992847442627,0
20.250017881393436,0
20.250141620635983,0
20.253403186798096,0
20.253924131393436,0
20.25395369529724,0
20.25707721710205,0
20.25732517242432,0
20.257355451583862,0
20.276878356933597,0
20.276904821395878,0
20.276955127716064,0
20.28077721595764,0
20.28385305404663,0
20.28386330604553,0
20.2838990688324,0
20.2842390537262,0
20.28713178634644,0
20.28714394569397,0
20.28948211669922,0
20.291035890579224,0
20.291056871414185,0
20.29733657836914,0
20.297393083572388,0
20.297457695007324,0
20.304410457611084,0
20.304439067840576,0
20.30677342414856,0
20.307969331741333,0
20.30941605567932,0
20.31711435317993,0
20.31723570823669,0
20.31725168228149,0
20.32632088661194,0
20.326324462890625,0
20.326338052749637,0
20.3279128074646,0
20.3281524181366,0
20.32824945449829,0
20.328537940979004,0
20.328551530838013,0
20.32987928390503,0
20.334150552749637,0
20.336994647979736,0
20.33702254295349,0
20.337035655975345,0
20.357122898101807,0
20.35716128349304,0
20.357177019119263,0
20.377291917800903,0
20.3773410320282,0
20.37740707397461,0
20.379430294036865,0
20.37945246696472,0
20.38180565834045,0
20.381843090057373,0
20.38189959526062,0
20.381924152374268,0
20.386168718338013,0
20.386201858520508,0
20.386727333068848,0
20.397162675857544,0
20.397200107574463,0
20.397597789764404,0
20.41710877418518,0
20.41732907295227,0
20.417813062667847,0
20.420006036758423,0
20.420366525650024,0
20.421335697174072,0
20.421423196792603,0
20.422709941864014,0
20.427658081054688,0
20.427660703659058,0
20.427674293518063,0
20.42809247970581,0
20.437179803848267,0
20.43720531463623,0
20.43722128868103,0
20.440097093582157,0
20.440118551254272,0
20.440131187438965,0
20.44081115722656,0
20.44082927703857,0
20.440834283828732,0
20.44083905220032,0
20.445412635803223,0
20.445425033569336,0
20.44544243812561,0
20.45719075202942,0
20.45719647407532,0
20.457208395004272,0
20.457209825515747,0
20.457340955734253,0
20.45742440223694,0
20.45753598213196,0
20.45756435394287,0
20.458244800567627,0
20.458272457122803,0
20.4745454788208,0
20.477142572402958,0
20.477155447006226,0
20.47716498374939,0
20.47774839401245,0
20.489256620407104,0
20.489295959472656,0
20.4925856590271,0
20.49259614944458,0
20.497406721115112,0
20.497520923614506,0
20.497528076171875,0
20.508354902267456,0
20.517390727996823,0
20.517438650131226,0
20.517485857009888,0
20.53620195388794,0
20.53622841835022,0
20.536327838897705,0
20.53634476661682,0
20.537028074264526,0
20.53705406188965,0
20.537065505981445,0
20.538467168807983,0
20.53861951828003,0
20.5386381149292,0
20.538652896881104,0
20.550130605697632,0
20.550230979919437,0
20.550337314605716,0
20.55038928985596,0
20.5574963092804,0
20.557572841644287,0
20.557591438293457,0
20.568135261535645,0
20.568565845489506,0
20.56866240501404,0
20.57845687866211,0
20.578497171401978,0
20.578595638275143,0
20.58822798728943,0
20.588257789611816,0
20.59022617340088,0
20.5903103351593,0
20.597265243530277,0
20.59728693962097,0
20.59730887413025,0
20.606876611709595,0
20.61731100082397,0
20.61738395690918,0
20.61772584915161,0
20.63029646873474,0
20.63037323951721,0
20.637083292007446,0
20.63711214065552,0
20.637127161026,0
20.65698766708374,0
20.657016038894653,0
20.657026290893555,0
20.657869338989254,0
20.657882690429688,0
20.65789365768433,0
20.657905340194706,0
20.66083312034607,0
20.6612401008606,0
20.661781549453732,0
20.662233352661133,0
20.66609525680542,0
20.666120767593384,0
20.666130304336548,0
20.66614031791687,0
20.677112340927124,0
20.67712163925171,0
20.677149057388306,0
20.6793270111084,0
20.679506301879883,0
20.679535388946533,0
20.68070650100708,0
20.680740356445312,0
20.681288242340088,0
20.681486129760746,0
20.68207216262817,0
20.68871259689331,0
20.688743591308597,0
20.688758373260494,0
20.688803672790527,0
20.69802618026733,0
20.69805121421814,0
20.69808030128479,0
20.71578860282898,0
20.715872287750244,0
20.717209577560425,0
20.71724271774292,0
20.71730756759644,0
20.71751308441162,0
20.71942901611328,0
20.721810340881348,0
20.730576992034912,0
20.737548112869263,0
20.73757767677307,0
20.737585306167603,0
20.75713324546814,0
20.757136821746823,0
20.75719118118286,0
20.762789487838745,0
20.762885570526123,0
20.762949228286743,0
20.762977600097656,0
20.766245126724243,0
20.76636838912964,0
20.76640295982361,0
20.769410133361816,0
20.769426822662357,0
20.769705772399902,0
20.778085470199585,0
20.77809238433838,0
20.77810263633728,0
20.778159856796265,0
20.77819585800171,0
20.77878332138061,0
20.77902674674988,0
20.77905321121216,0
20.77907156944275,0
20.78280806541443,0
20.78286051750183,0
20.782903909683228,0
20.787351846694943,0
20.78738522529602,0
20.79766321182251,0
20.797704219818115,0
20.797858953475952,0
20.808700799942017,0
20.808777809143063,0
20.80982518196106,0
20.81734800338745,0
20.817354917526245,0
20.817445755004883,0
20.837992906570435,0
20.838016271591187,0
20.83802032470703,0
20.84385871887207,0
20.845296144485477,0
20.845349311828613,0
20.845401763916016,0
20.84738516807556,0
20.847389459609985,0
20.847448348999023,0
20.848165035247803,0
20.85788607597351,0
20.857913732528687,0
20.857986211776733,0
20.859071493148804,0
20.876948356628414,0
20.876976490020752,0
20.877025365829468,0
20.884018421173096,0
20.88912868499756,0
20.889156103134155,0
20.88917851448059,0
20.889190673828125,0
20.891580820083615,0
20.89159560203552,0
20.89163637161255,0
20.89626884460449,0
20.896486282348636,0
20.8970365524292,0
20.8971426486969,0
20.897223949432373,0
20.90526556968689,0
20.905319690704346,0
20.906028747558597,0
20.906057596206665,0
20.906067848205566,0
20.906085729599,0
20.906553983688354,0
20.906610012054443,0
20.906625986099243,0
20.917017936706543,0
20.91702938079834,0
20.91847276687622,0
20.933308601379395,0
20.93695044517517,0
20.93697953224182,0
20.936992645263672,0
20.95715618133545,0
20.95719861984253,0
20.957215309143063,0
20.964184761047363,0
20.9642391204834,0
20.96424031257629,0
20.964572429656982,0
20.967861890792847,0
20.96789026260376,0
20.968443393707275,0
20.969223022460938,0
20.971357822418213,0
20.97271704673767,0
20.97869348526001,0
20.978716135025024,0
20.978729724884037,0
20.98369526863098,0
20.984067678451535,0
20.98575496673584,0
20.985800743103027,0
20.98585700988769,0
20.985875129699707,0
20.992823839187626,0
20.992839097976685,0
20.99287247657776,0
20.997540950775143,0
20.997624397277832,0
20.997663021087646,0
20.99810791015625,0
20.99810814857483,0
20.999114513397217,0
20.99912190437317,0
21.017228841781616,0
21.01724100112915,0
21.01726007461548,0
21.031960248947144,0
21.035521030426025,0
21.03664469718933,0
21.03667020797729,0
21.036818027496334,0
21.036840200424194,0
21.03685140609741,0
21.038089513778687,0
21.05713176727295,0
21.05716061592102,0
21.057387590408325,0
21.063103914260864,0
21.063119888305664,0
21.063309907913208,0
21.06459403038025,0
21.0656476020813,0
21.066548824310303,0
21.067708492279053,0
21.07507348060608,0
21.075098276138306,0
21.07523274421692,0
21.075252056121823,0
21.077189207077023,0
21.077211380004883,0
21.077251195907596,0
21.079298973083496,0
21.079341173172,0
21.0799572467804,0
21.087527751922607,0
21.087554931640625,0
21.089176893234253,0
21.089208602905277,0
21.096949338912964,0
21.096978187561035,0
21.09716558456421,0
21.11752152442932,0
21.11752963066101,0
21.117560148239136,0
21.13704824447632,0
21.13708519935608,0
21.13714623451233,0
21.153767347335812,0
21.157387495040894,0
21.157423973083496,0
21.157451152801517,0
21.158828020095825,0
21.15884780883789,0
21.17622017860413,0
21.176258325576782,0
21.176276922225952,0
21.1762957572937,0
21.179276704788208,0
21.17931580543518,0
21.179396867752075,0
21.180449724197388,0
21.180481433868408,0
21.180495977401733,0
21.181856393814087,0
21.182156801223755,0
21.182176113128666,0
21.18219256401062,0
21.182991981506348,0
21.183035850524902,0
21.18320393562317,0
21.192395210266117,0
21.197800397872925,0
21.197845697402958,0
21.19885396957397,0
21.20051074028015,0
21.20054030418396,0
21.217137575149536,0
21.217153549194336,0
21.21823263168335,0
21.22049379348755,0
21.220563888549805,0
21.225147008895878,0
21.22908186912537,0
21.233898401260376,0
21.23693013191223,0
21.23695683479309,0
21.23696804046631,0
21.257081747055054,0
21.257120370864868,0
21.257258653640747,0
21.258220911026,0
21.25823211669922,0
21.25824213027954,0
21.258269548416138,0
21.26036071777344,0
21.26041030883789,0
21.26249861717224,0
21.2625150680542,0
21.26350426673889,0
21.277563333511356,0
21.277584552764893,0
21.27760148048401,0
21.28471279144287,0
21.29194164276123,0
21.291964769363403,0
21.291975498199463,0
21.29198718070984,0
21.292338371276852,0
21.29234290122986,0
21.292353868484497,0
21.292436122894287,0
21.292444944381717,0
21.293004035949707,0
21.293045043945312,0
21.29693365097046,0
21.29696154594421,0
21.296972274780277,0
21.30553150177002,0
21.317168712615967,0
21.317200660705566,0
21.317784070968628,0
21.337095022201535,0
21.337130069732662,0
21.33714461326599,0
21.355539083480835,0
21.3555645942688,0
21.35574460029602,0
21.355823516845703,0
21.35744595527649,0
21.35746955871582,0
21.35748267173767,0
21.359777688980103,0
21.359800100326535,0
21.36076164245605,0
21.36183738708496,0
21.377931594848636,0
21.377975940704346,0
21.377994298934937,0
21.383508682250977,0
21.38434219360352,0
21.38623571395874,0
21.38666200637817,0
21.386711597442627,0
21.386791706085205,0
21.39004230499268,0
21.39013075828552,0
21.390221118927,0
21.39033842086792,0
21.39046812057495,0
21.395267963409424,0
21.39535927772522,0
21.399996757507324,0
21.399998903274536,0
21.40000915527344,0
21.400083780288696,0
21.400108814239506,0
21.400124311447144,0
21.400139093399048,0
21.40034031867981,0
21.40044069290161,0
21.400532245635983,0
21.417115211486816,0
21.417144775390625,0
21.421468496322632,0
21.435267686843872,0
21.43527865409851,0
21.43535089492798,0
21.435365915298465,0
21.43745303153992,0
21.437475204467773,0
21.43748569488525,0
21.440391778945923,0
21.44041967391968,0
21.440459489822388,0
21.441548347473145,0
21.445863485336304,0
21.446964979171756,0
21.456931591033936,0
21.45695853233337,0
21.456969261169437,0
21.477554082870483,0
21.47758173942566,0
21.47759199142456,0
21.4865996837616,0
21.486634016036987,0
21.486674308776852,0
21.48668885231018,0
21.490537643432617,0
21.4905469417572,0
21.49054908752441,0
21.493502855300903,0
21.49356365203857,0
21.49357652664185,0
21.493589162826535,0
21.4936420917511,0
21.49600291252136,0
21.497073650360107,0
21.49928402900696,0
21.50063371658325,0
21.500659227371216,0
21.51699471473694,0
21.5170214176178,0
21.51703310012817,0
21.52611351013184,0
21.5261390209198,0
21.52614974975586,0
21.52622985839844,0
21.527201890945435,0
21.527283430099487,0
21.52866625785828,0
21.53293490409851,0
21.53307032585144,0
21.536921977996823,0
21.536950826644897,0
21.536962747573853,0
21.546850442886356,0
21.5570809841156,0
21.557132720947266,0
21.55714988708496,0
21.57651114463806,0
21.577224493026733,0
21.577270984649655,0
21.57744002342224,0
21.577601671218872,0
21.579010248184204,0
21.579046487808228,0
21.580506801605225,0
21.581865787506104,0
21.581886529922485,0
21.581905603408813,0
21.582083225250244,0
21.59524345397949,0
21.59531664848328,0
21.598631143569943,0
21.599061965942383,0
21.599114656448364,0
21.599632263183597,0
21.59967589378357,0
21.60159420967102,0
21.615122079849243,0
21.61694979667664,0
21.616990089416504,0
21.617035388946533,0
21.617764472961422,0
21.61843729019165,0
21.618923664093018,0
21.620203256607056,0
21.6203351020813,0
21.620359659194943,0
21.628991842269897,0
21.629022359848022,0
21.629026174545288,0
21.62908506393433,0
21.631226062774655,0
21.631258010864254,0
21.631272315979004,0
21.637104034423828,0
21.63713240623474,0
21.637142658233643,0
21.649852514266968,0
21.657224893569943,0
21.657298803329468,0
21.657389640808105,0
21.676930904388428,0
21.67695665359497,0
21.67705655097961,0
21.68656015396118,0
21.686590433120728,0
21.68660807609558,0
21.68661618232727,0
21.6892032623291,0
21.689215898513797,0
21.6893208026886,0
21.690510272979736,0
21.690534114837646,0
21.69194507598877,0
21.693002223968502,0
21.69305729866028,0
21.697052240371704,0
21.697076320648197,0
21.69711709022522,0
21.700640201568604,0
21.70065760612488,0
21.700668334960938,0
21.700679540634155,0
21.70101022720337,0
21.70102858543396,0
21.70103526115417,0
21.707497596740723,0
21.716928243637085,0
21.71695351600647,0
21.716993808746334,0
21.72762894630432,0
21.727638959884644,0
21.727643966674805,0
21.727651596069336,0
21.72945880889893,0
21.729732036590576,0
21.72975778579712,0
21.736796140670776,0
21.736820220947266,0
21.73688769340515,0
21.756935358047485,0
21.75696611404419,0
21.75697946548462,0
21.77171277999878,0
21.7782986164093,0
21.77834177017212,0
21.77835273742676,0
21.797688245773315,0
21.79774141311645,0
21.797874689102173,0
21.80317497253418,0
21.803199768066406,0
21.80353307723999,0
21.80358076095581,0
21.80360436439514,0
21.8036048412323,0
21.809115886688232,0
21.80913996696472,0
21.80916714668274,0
21.8175151348114,0
21.81751847267151,0
21.81776189804077,0
21.8181312084198,0
21.818156957626343,0
21.82183623313904,0
21.82187056541443,0
21.824055433273315,0
21.826383113861084,0
21.83698797225952,0
21.83734393119812,0
21.84008002281189,0
21.84013032913208,0
21.843579292297363,0
21.84359884262085,0
21.84360074996948,0
21.84361243247986,0
21.844782829284668,0
21.84479522705078,0
21.84480762481689,0
21.846092224121094,0
21.846111297607425,0
21.84635877609253,0
21.84638977050781,0
21.848607778549194,0
21.848625659942627,0
21.84900665283203,0
21.856974363327023,0
21.857000827789307,0
21.85705137252808,0
21.870110511779785,0
21.875783681869507,0
21.875807523727417,0
21.875810623168945,0
21.875823497772217,0
21.876930952072144,0
21.87694215774536,0
21.87695598602295,0
21.901921033859253,0
21.90203833580017,0
21.90205216407776,0
21.903653383255005,0
21.903670072555546,0
21.904077291488647,0
21.90515279769897,0
21.90534830093384,0
21.90737080574036,0
21.907411336898804,0
21.908100128173828,0
21.90906548500061,0
21.91716051101685,0
21.91718792915344,0
21.917197227478027,0
21.92116904258728,0
21.93494462966919,0
21.934992790222168,0
21.93500304222107,0
21.93504285812378,0
21.935590505599976,0
21.93562626838684,0
21.935858011245728,0
21.937554836273197,0
21.93758034706116,0
21.937591075897217,0
21.956963062286377,0
21.95698976516724,0
21.957022190093998,0
21.97281789779663,0
21.97740793228149,0
21.977447032928467,0
21.97746443748474,0
21.97928023338318,0
21.97929811477661,0
21.99740695953369,0
21.99744844436645,0
21.99756932258606,0
22.003422260284424,0
22.00344729423523,0
22.003464460372925,0
22.003483533859253,0
22.00636482238769,0
22.006430864334103,0
22.00649666786194,0
22.008201837539676,0
22.008233308792114,0
22.01373815536499,0
22.013813018798828,0
22.013835906982425,0
22.013920068740845,0
22.01708960533142,0
22.017127513885494,0
22.018043041229248,0
22.037023067474365,0
22.037067651748657,0
22.037237882614136,0
22.039247274398804,0
22.04295921325684,0
22.04300570487976,0
22.04318928718567,0
22.04345989227295,0
22.051682472229004,0
22.051702976226807,0
22.051703453063965,0
22.05180048942566,0
22.05701518058777,0
22.05746459960937,0
22.057523727416992,0
22.077112913131717,0
22.07714033126831,0
22.077195644378666,0
22.08404302597046,0
22.08818984031677,0
22.09059429168701,0
22.09060549736023,0
22.090616703033447,0
22.0906286239624,0
22.09063744544983,0
22.09094500541687,0
22.09230923652649,0
22.092325925827023,0
22.09452486038208,0
22.094575881958008,0
22.09709310531616,0
22.097123622894287,0
22.09818124771118,0
22.108022212982178,0
22.10803365707397,0
22.10804414749145,0
22.108047008514404,0
22.110323190689087,0
22.110350847244263,0
22.110366106033325,0
22.11718463897705,0
22.117208242416385,0
22.117269039154053,0
22.13725543022156,0
22.13729190826416,0
22.13731336593628,0
22.148988246917725,0
22.157055616378784,0
22.157076835632324,0
22.15709328651428,0
22.16574001312256,0
22.16576218605041,0
22.17837238311768,0
22.178429126739506,0
22.17845368385315,0
22.193508863449097,0
22.19360947608948,0
22.193660497665405,0
22.194377660751343,0
22.198007822036743,0
22.1980197429657,0
22.198033332824707,0
22.19822931289673,0
22.198250770568848,0
22.19830727577209,0
22.19943904876709,0
22.21713495254517,0
22.2171573638916,0
22.21772265434265,0
22.21772289276123,0
22.21774363517761,0
22.237603664398197,0
22.23763585090637,0
22.23767781257629,0
22.23953008651733,0
22.23954439163208,0
22.24063277244568,0
22.24310517311096,0
22.24405789375305,0
22.256715774536133,0
22.25673794746399,0
22.256751537323,0
22.25781011581421,0
22.25782084465027,0
22.258924961090088,0
22.258951663970947,0
22.259656190872192,0
22.259685277938843,0
22.260153770446777,0
22.260910272598267,0
22.27705121040344,0
22.27707576751709,0
22.277159214019772,0
22.27813673019409,0
22.278146982192997,0
22.27815103530884,0
22.278157949447632,0
22.28069543838501,0
22.28073287010193,0
22.281327486038208,0
22.28234934806824,0
22.282377004623413,0
22.285602807998657,0
22.28567934036255,0
22.29694700241089,0
22.29697322845459,0
22.297009706497192,0
22.30709195137024,0
22.317137718200684,0
22.31716752052307,0
22.31728959083557,0
22.33249044418335,0
22.332518577575684,0
22.332605600357056,0
22.332643270492557,0
22.333573818206787,0
22.33383321762085,0
22.33407926559448,0
22.33716893196106,0
22.337199449539185,0
22.337242126464844,0
22.355786085128784,0
22.355820655822757,0
22.355835914611816,0
22.356125831604004,0
22.357045650482178,0
22.357110261917114,0
22.357139110565186,0
22.357939958572388,0
22.357956409454346,0
22.35795903205872,0
22.358692407608032,0
22.37714052200317,0
22.37717914581299,0
22.377195835113525,0
22.382959842681885,0
22.38317084312439,0
22.38430953025818,0
22.38434624671936,0
22.38465094566345,0
22.384687900543213,0
22.389129638671875,0
22.389180660247803,0
22.389191150665283,0
22.39083242416382,0
22.390837907791138,0
22.392516136169437,0
22.39253330230713,0
22.39728665351868,0
22.397297382354736,0
22.397343397140503,0
22.40720105171204,0
22.417574644088745,0
22.417579889297485,0
22.41763043403625,0
22.4378080368042,0
22.43785762786865,0
22.43807888031006,0
22.457086086273197,0
22.45711398124695,0
22.45712447166443,0
22.46301651000977,0
22.463038206100464,0
22.46307587623596,0
22.46310925483704,0
22.46424388885498,0
22.464271306991577,0
22.46485424041748,0
22.465742588043213,0
22.46741557121277,0
22.47169041633606,0
22.47698545455933,0
22.47701478004456,0
22.47702646255493,0
22.477737188339237,0
22.47775959968567,0
22.47779226303101,0
22.477826356887817,0
22.496124982833862,0
22.49613642692566,0
22.496186017990112,0
22.49743914604187,0
22.497514724731445,0
22.49752759933472,0
22.49903631210327,0
22.49903917312622,0
22.49959754943848,0
22.49960732460022,0
22.499828100204468,0
22.5003514289856,0
22.509021997451782,0
22.517142057418823,0
22.517171382904053,0
22.51718258857727,0
22.530332565307617,0
22.530350923538208,0
22.530417919158936,0
22.530487537384037,0
22.53207731246948,0
22.53209376335144,0
22.53212857246399,0
22.536858558654785,0
22.53688716888428,0
22.536900997161865,0
22.549165964126587,0
22.557016372680664,0
22.55708694458008,0
22.557096004486084,0
22.57404518127441,0
22.574084281921387,0
22.57551884651184,0
22.57561159133911,0
22.575634956359863,0
22.575746297836304,0
22.578176259994507,0
22.57817792892456,0
22.5781991481781,0
22.579421520233154,0
22.57996392250061,0
22.58001041412353,0
22.597081184387207,0
22.597511291503903,0
22.597545623779297,0
22.60365629196167,0
22.60369849205017,0
22.606680870056152,0
22.6067054271698,0
22.61731243133545,0
22.61731719970703,0
22.617334127426147,0
22.618280172348022,0
22.61828351020813,0
22.618293285369877,0
22.61830711364746,0
22.61854910850525,0
22.61857032775879,0
22.61859154701233,0
22.61860609054565,0
22.618640899658203,0
22.632668018341064,0
22.637075662612915,0
22.63710236549377,0
22.637112379074097,0
22.64735198020935,0
22.64796137809753,0
22.647987604141235,0
22.64801907539368,0
22.65700674057007,0
22.657006978988647,0
22.657044649124146,0
22.677048683166504,0
22.67707586288452,0
22.677156925201416,0
22.69768619537353,0
22.6977117061615,0
22.697734594345093,0
22.717068195343018,0
22.71710157394409,0
22.71715450286865,0
22.72295117378235,0
22.72295379638672,0
22.722967624664307,0
22.726059436798096,0
22.73078966140747,0
22.732083797454838,0
22.732544422149655,0
22.73258090019226,0
22.73354172706604,0
22.73370623588562,0
22.737340688705444,0
22.737401962280277,0
22.73741626739502,0
22.73745012283325,0
22.73748016357422,0
22.741166353225708,0
22.757012605667114,0
22.75704836845398,0
22.75715804100037,0
22.76645922660828,0
22.76649260520935,0
22.766493558883667,0
22.76655149459839,0
22.77074599266052,0
22.770769834518436,0
22.771955966949463,0
22.77200746536255,0
22.774774312973022,0
22.777023553848267,0
22.77705812454224,0
22.777172803878784,0
22.78772735595703,0
22.79410719871521,0
22.79420161247253,0
22.7962007522583,0
22.796222448349,0
22.796239852905277,0
22.797666549682617,0
22.797699689865112,0
22.79771494865417,0
22.799620389938354,0
22.80066156387329,0
22.80081272125244,0
22.80082416534424,0
22.80187201499939,0
22.801921606063843,0
22.80546522140503,0
22.805729389190677,0
22.80887007713318,0
22.81735324859619,0
22.817553281784058,0
22.81766009330749,0
22.830743312835693,0
22.83124208450317,0
22.83128309249878,0
22.831298828125,0
22.837252616882324,0
22.83728861808777,0
22.837305545806885,0
22.860157251358032,0
22.86016583442688,0
22.860167264938354,0
22.86227822303772,0
22.862303018569943,0
22.86231732368469,0
22.864339590072632,0
22.864351987838745,0
22.864362478256226,0
22.8643651008606,0
22.865549325942997,0
22.865607023239136,0
22.86562848091125,0
22.87018871307373,0
22.87557625770569,0
22.87560129165649,0
22.875601530075077,0
22.8756160736084,0
22.877042770385746,0
22.8770534992218,0
22.87720036506653,0
22.89311480522156,0
22.89314579963684,0
22.89318346977234,0
22.89447021484375,0
22.89447450637817,0
22.895365238189697,0
22.89564037322998,0
22.89689421653748,0
22.89691972732544,0
22.897009134292603,0
22.91705560684204,0
22.917118787765503,0
22.91717886924744,0
22.917848348617557,0
22.92456007003784,0
22.92478966712952,0
22.933671236038208,0
22.933780670166016,0
22.933834314346317,0
22.933888912200928,0
22.935261011123657,0
22.935290813446045,0
22.935473680496216,0
22.93686079978943,0
22.936887741088867,0
22.93690633773804,0
22.946025371551517,0
22.946056604385376,0
22.957018613815308,0
22.95705628395081,0
22.95708632469177,0
22.96751379966736,0
22.9771511554718,0
22.9772207736969,0
22.977684020996094,0
22.989086627960205,0
22.98918390274048,0
22.997352838516235,0
22.99820709228516,0
22.99832820892334,0
23.015195846557617,0
23.015563249588013,0
23.01560616493225,0
23.015717267990112,0
23.01874876022339,0
23.01879096031189,0
23.01885724067688,0
23.020199060440063,0
23.0202739238739,0
23.02030086517334,0
23.022157669067383,0
23.02218246459961,0
23.038344621658325,0
23.038379907608032,0
23.038572072982788,0
23.045297384262085,0
23.045313119888306,0
23.04653024673462,0
23.049765825271606,0
23.04977917671204,0
23.051364183425903,0
23.05136442184448,0
23.051384210586548,0
23.051660776138306,0
23.051719188690186,0
23.057218074798584,0
23.057244777679443,0
23.057245016098022,0
23.075483083724976,0
23.07735300064087,0
23.07776498794556,0
23.07778024673462,0
23.077884435653687,0
23.099072456359863,0
23.099122524261475,0
23.09913802146912,0
23.11841058731079,0
23.11844277381897,0
23.11845564842224,0
23.133270025253296,0
23.133302688598636,0
23.13331627845764,0
23.13332939147949,0
23.133387565612797,0
23.13340759277344,0
23.134571313858032,0
23.13500928878784,0
23.13503217697144,0
23.135878086090088,0
23.13589644432068,0
23.13716506958008,0
23.13722515106201,0
23.13727307319641,0
23.13728928565979,0
23.1373028755188,0
23.137311935424805,0
23.13734006881714,0
23.147199153900143,0
23.147252082824707,0
23.1472601890564,0
23.14792513847351,0
23.151260137557983,0
23.151277542114254,0
23.15129542350769,0
23.153074502944943,0
23.15354895591736,0
23.15361285209656,0
23.153827905654907,0
23.15421295166016,0
23.155210733413696,0
23.15695595741272,0
23.156997203826904,0
23.160473346710205,0
23.16124391555786,0
23.174071550369263,0
23.174216747283936,0
23.1754846572876,0
23.177870988845825,0
23.17790651321411,0
23.177924633026123,0
23.178471326828003,0
23.178549766540527,0
23.17908763885498,0
23.17918348312378,0
23.17921757698059,0
23.179275035858154,0
23.1974675655365,0
23.197511672973636,0
23.197529315948486,0
23.21731805801392,0
23.217506170272827,0
23.21762084960937,0
23.237191915512085,0
23.237223863601685,0
23.23722791671753,0
23.256996393203732,0
23.25701785087585,0
23.257031202316284,0
23.26289653778076,0
23.262914657592773,0
23.2696852684021,0
23.26972341537476,0
23.270280361175537,0
23.271589040756226,0
23.27240824699402,0
23.277159690856934,0
23.277183294296265,0
23.277234315872192,0
23.27910566329956,0
23.28064775466919,0
23.2806613445282,0
23.28068947792053,0
23.2811381816864,0
23.28156089782715,0
23.281664609909058,0
23.290966510772705,0
23.29393744468689,0
23.293984174728397,0
23.297520637512207,0
23.297537803649902,0
23.297544956207275,0
23.31345844268799,0
23.31364226341248,0
23.313957452774048,0
23.31473517417908,0
23.315834283828732,0
23.31732749938965,0
23.317404985427856,0
23.317466020584103,0
23.335988759994507,0
23.3367440700531,0
23.336791276931763,0
23.33684253692627,0
23.336918830871586,0
23.33693289756775,0
23.33717942237854,0
23.337209224700928,0
23.337520837783813,0
23.338082551956177,0
23.3386709690094,0
23.338765621185303,0
23.33883619308472,0
23.338868618011475,0
23.35696244239807,0
23.356983423233032,0
23.35703945159912,0
23.357896089553837,0
23.357911348342896,0
23.35792732238769,0
23.358035802841187,0
23.36071467399597,0
23.360777139663696,0
23.36180543899536,0
23.36182904243469,0
23.36357092857361,0
23.36362028121948,0
23.37502145767212,0
23.37534761428833,0
23.375667810440063,0
23.37579298019409,0
23.37581181526184,0
23.37725853919983,0
23.377290725708008,0
23.377344131469727,0
23.38174057006836,0
23.381760358810425,0
23.397159576416016,0
23.397208213806152,0
23.397228002548218,0
23.417518854141235,0
23.417553901672363,0
23.41816997528076,0
23.4365131855011,0
23.43836879730225,0
23.438396215438843,0
23.438443899154663,0
23.441401720047,0
23.442296504974365,0
23.442307710647583,0
23.442318439483643,0
23.442975759506226,0
23.443507194519043,0
23.443772554397583,0
23.44522714614868,0
23.45719695091248,0
23.457225561141968,0
23.45727515220642,0
23.47323441505432,0
23.47326350212097,0
23.473275423049927,0
23.473944902420044,0
23.47395730018616,0
23.47396969795227,0
23.473981380462646,0
23.476934671401978,0
23.476946353912357,0
23.476964473724365,0
23.48823094367981,0
23.488263368606567,0
23.4883337020874,0
23.488360166549683,0
23.497722625732425,0
23.49774694442749,0
23.49782705307007,0
23.51561188697815,0
23.517297744750977,0
23.517319440841675,0
23.51733684539795,0
23.525777101516724,0
23.525790452957157,0
23.53660273551941,0
23.536625146865845,0
23.53663659095764,0
23.53691291809082,0
23.536935329437256,0
23.537659168243408,0
23.53773021697998,0
23.539019346237183,0
23.5390465259552,0
23.539172649383545,0
23.5399022102356,0
23.557223320007324,0
23.557260513305664,0
23.55731773376465,0
23.56148362159729,0
23.564568519592285,0
23.56870675086975,0
23.569069147109985,0
23.572044849395752,0
23.572077989578247,0
23.572095155715942,0
23.572113275527958,0
23.576443910598755,0
23.57646346092224,0
23.57685089111328,0
23.57687902450561,0
23.57693719863892,0
23.577228546142575,0
23.596374988555908,0
23.59645271301269,0
23.59761905670166,0
23.597686529159542,0
23.597708225250244,0
23.59960389137268,0
23.599690675735477,0
23.601234912872314,0
23.601277351379395,0
23.60143256187439,0
23.601535081863403,0
23.60315418243408,0
23.603187799453732,0
23.603325843811035,0
23.617329835891724,0
23.6174578666687,0
23.6178719997406,0
23.63724398612976,0
23.63728141784668,0
23.637816190719604,0
23.649797916412357,0
23.65695071220398,0
23.65696263313293,0
23.65700483322144,0
23.670390844345093,0
23.670413970947266,0
23.670425415039062,0
23.67047929763794,0
23.67713093757629,0
23.677156448364254,0
23.67716646194458,0
23.69162917137146,0
23.691654443740845,0
23.69192862510681,0
23.69282364845276,0
23.696922302246094,0
23.69725728034973,0
23.69728136062622,0
23.716926097869877,0
23.716952562332157,0
23.71696400642395,0
23.72769546508789,0
23.727720499038696,0
23.73687696456909,0
23.73690676689148,0
23.737091779708862,0
23.755019903182983,0
23.755072593688965,0
23.75603008270264,0
23.75708842277527,0
23.75711965560913,0
23.75713276863098,0
23.76005744934082,0
23.76008677482605,0
23.777520418167114,0
23.777642011642456,0
23.77831339836121,0
23.781717538833615,0
23.78175115585327,0
23.781761169433597,0
23.78182101249695,0
23.781843662261963,0
23.781932830810547,0
23.78195548057556,0
23.786788940429688,0
23.788787126541138,0
23.788791179656982,0
23.79719352722168,0
23.7972354888916,0
23.797259092330933,0
23.80310201644897,0
23.80310320854187,0
23.8036584854126,0
23.804094314575195,0
23.80477905273437,0
23.806788444519043,0
23.817296981811523,0
23.817338943481445,0
23.817512035369877,0
23.836466073989868,0
23.83700060844421,0
23.837026834487915,0
23.83707427978516,0
23.844122648239136,0
23.844134092330933,0
23.84413838386536,0
23.84414577484131,0
23.84552335739136,0
23.846075296401978,0
23.846211194992065,0
23.850927352905277,0
23.85092806816101,0
23.851358890533447,0
23.851369619369507,0
23.85218858718872,0
23.852209091186523,0
23.852214813232425,0
23.85285305976868,0
23.85712838172913,0
23.857154369354248,0
23.85720705986023,0
23.877010345458984,0
23.87703585624695,0
23.877046585083008,0
23.88526034355164,0
23.885701179504395,0
23.88570618629456,0
23.88572883605957,0
23.886951446533203,0
23.88696312904358,0
23.887667179107662,0
23.887892723083496,0
23.88790845870972,0
23.889068126678467,0
23.88911533355713,0
23.88986873626709,0
23.895885467529297,0
23.897075176239014,0
23.89709949493408,0
23.897722721099854,0
23.90105772018433,0
23.925583124160767,0
23.925612926483154,0
23.92562294006348,0
23.93594717979431,0
23.93597674369812,0
23.93598198890686,0
23.935988664627075,0
23.93638110160828,0
23.93643164634705,0
23.93644690513611,0
23.937413930892944,0
23.93741750717163,0
23.93743062019348,0
23.9378662109375,0
23.95709466934204,0
23.95712637901306,0
23.95714116096497,0
23.95848798751831,0
23.95850157737732,0
23.95851492881775,0
23.958571434021,0
23.95996737480164,0
23.960038661956787,0
23.960057735443115,0
23.977781295776367,0
23.977781534194943,0
23.97782611846924,0
23.994150161743164,0
23.99423384666443,0
23.99571442604065,0
23.995747327804565,0
23.997037649154663,0
23.99704599380493,0
23.9970805644989,0
24.01134943962097,0
24.016693592071533,0
24.01673531532288,0
24.01727557182312,0
24.01729679107666,0
24.01732397079468,0
24.037336349487305,0
24.03740406036377,0
24.03743553161621,0
24.04426503181457,0
24.044276237487797,0
24.04428720474243,0
24.044299840927124,0
24.04947304725647,0
24.04948925971985,0
24.049530506134037,0
24.050217390060425,0
24.051133155822757,0
24.0518696308136,0
24.05725240707397,0
24.05732727050781,0
24.0573410987854,0
24.057794332504272,0
24.059734582901,0
24.05976128578186,0
24.059773445129395,0
24.067111015319824,0
24.067155361175537,0
24.06720232963562,0
24.067227125167847,0
24.06849265098572,0
24.06850528717041,0
24.06872272491455,0
24.06873989105225,0
24.0703341960907,0
24.070350885391235,0
24.07035994529724,0
24.07756495475769,0
24.07759475708008,0
24.077698469161987,0
24.091428995132446,0
24.0919885635376,0
24.093790769577023,0
24.09383654594421,0
24.0945463180542,0
24.097283601760864,0
24.097299337387085,0
24.097307920455933,0
24.11417245864868,0
24.114200830459595,0
24.11420726776123,0
24.114216089248657,0
24.11611652374268,0
24.11618661880493,0
24.116584300994877,0
24.116884231567383,0
24.11690735816956,0
24.117014169692997,0
24.13089156150818,0
24.13363885879517,0
24.136866807937626,0
24.13689994812012,0
24.137060403823853,0
24.155383586883545,0
24.157053232192997,0
24.157073497772217,0
24.157124280929565,0
24.159894943237305,0
24.159940004348755,0
24.159958600997925,0
24.159973621368408,0
24.162838220596317,0
24.16285800933838,0
24.16307902336121,0
24.17518758773804,0
24.175200939178467,0
24.177579879760746,0
24.177619457244877,0
24.17772102355957,0
24.177985906600952,0
24.178006172180176,0
24.1790714263916,0
24.196955919265747,0
24.19700264930725,0
24.19702410697937,0
24.1971173286438,0
24.198328495025635,0
24.20053339004517,0
24.203670978546143,0
24.20371103286743,0
24.203737497329712,0
24.20449113845825,0
24.20449471473694,0
24.204543828964237,0
24.212962865829468,0
24.2181978225708,0
24.218243837356567,0
24.21826219558716,0
24.218279600143436,0
24.23826813697815,0
24.238306760787964,0
24.238320112228397,0
24.246073484420776,0
24.25694227218628,0
24.25696897506714,0
24.257009029388428,0
24.2770733833313,0
24.277100801467896,0
24.277113914489743,0
24.294168710708615,0
24.294183015823364,0
24.2942168712616,0
24.294348001480103,0
24.297197580337524,0
24.297224283218384,0
24.29725646972656,0
24.30123353004456,0
24.30124592781067,0
24.301258087158203,0
24.30130124092102,0
24.315535306930546,0
24.31557583808899,0
24.31756353378296,0
24.31757855415344,0
24.317631483078003,0
24.3176691532135,0
24.317732095718384,0
24.318434476852417,0
24.31845760345459,0
24.318458318710327,0
24.31847286224365,0
24.3192777633667,0
24.31930994987488,0
24.319392919540405,0
24.337628841400143,0
24.337703466415405,0
24.337724208831787,0
24.337764978408813,0
24.341771125793457,0
24.341782808303837,0
24.34179425239563,0
24.34181046485901,0
24.344685316085812,0
24.34475612640381,0
24.34481120109558,0
24.3569929599762,0
24.357028245925903,0
24.35710883140564,0
24.377180099487305,0
24.37722086906433,0
24.377238988876343,0
24.38205623626709,0
24.38973379135132,0
24.389776468276978,0
24.391801118850708,0
24.39207339286804,0
24.39211177825928,0
24.39220070838928,0
24.396926641464237,0
24.396984577178955,0
24.397011041641235,0
24.3971004486084,0
24.39815759658813,0
24.398160457611084,0
24.400330305099487,0
24.40037488937378,0
24.40243029594421,0
24.40250301361084,0
24.406118631362915,0
24.41753077507019,0
24.417572259902958,0
24.417643547058105,0
24.43724226951599,0
24.4372775554657,0
24.437291622161865,0
24.445921897888184,0
24.446234941482544,0
24.44632601737976,0
24.44697451591492,0
24.44838094711304,0
24.4483962059021,0
24.4484543800354,0
24.44950580596924,0
24.450687646865845,0
24.4570472240448,0
24.457072496414185,0
24.457085609436035,0
24.46692371368408,0
24.478665828704838,0
24.47870230674744,0
24.47870397567749,0
24.49697184562683,0
24.49700140953064,0
24.49848198890686,0
24.499610424041748,0
24.499635696411133,0
24.49964547157288,0
24.49965596199036,0
24.500062227249146,0
24.50008583068848,0
24.500566959381104,0
24.50238156318665,0
24.503090858459476,0
24.504313468933105,0
24.50434112548828,0
24.5061719417572,0
24.512240648269653,0
24.51360774040222,0
24.517468452453613,0
24.51749563217163,0
24.51751589775085,0
24.53696012496948,0
24.536985158920288,0
24.536995887756348,0
24.55709147453308,0
24.557130098342896,0
24.557217121124268,0
24.5640287399292,0
24.564090967178345,0
24.56414365768433,0
24.564197301864624,0
24.56671547889709,0
24.56677389144897,0
24.56682276725769,0
24.56942677497864,0
24.56949138641357,0
24.56978416442871,0
24.56978678703308,0
24.571482181549072,0
24.57152009010315,0
24.571927785873413,0
24.572532653808597,0
24.57693243026733,0
24.5769636631012,0
24.57717800140381,0
24.578956604003903,0
24.57904887199402,0
24.580643892288208,0
24.580663681030277,0
24.580676555633545,0
24.580692768096924,0
24.582119464874268,0
24.582134008407596,0
24.582234144210812,0
24.597429752349854,0
24.59805274009705,0
24.59805631637573,0
24.60270428657532,0
24.60292863845825,0
24.60545372962952,0
24.605512619018555,0
24.60664677619934,0
24.609220027923584,0
24.617515325546265,0
24.61753916740417,0
24.61907529830933,0
24.63396453857422,0
24.63702726364136,0
24.63705611228943,0
24.637057542800903,0
24.65089988708496,0
24.65108108520508,0
24.651099681854248,0
24.651275157928467,0
24.65200638771057,0
24.652033805847168,0
24.652080297470093,0
24.659017324447632,0
24.65905523300171,0
24.65909457206726,0
24.670448541641235,0
24.67618227005005,0
24.676198482513428,0
24.676210165023804,0
24.6762216091156,0
24.67745876312256,0
24.6774799823761,0
24.67752242088318,0
24.6965765953064,0
24.696589708328247,0
24.69660234451294,0
24.697692394256592,0
24.697725534439087,0
24.69792675971985,0
24.697951555252075,0
24.69839906692505,0
24.699702262878414,0
24.69973564147949,0
24.707937002182007,0
24.717165231704712,0
24.71719336509705,0
24.717265605926517,0
24.7295835018158,0
24.72965168952942,0
24.729750633239743,0
24.72983980178833,0
24.731723308563232,0
24.731925010681152,0
24.731952905654907,0
24.737192630767822,0
24.73722243309021,0
24.73723340034485,0
24.75147581100464,0
24.75432109832764,0
24.757783889770508,0
24.758106470108032,0
24.75811791419983,0
24.77781629562378,0
24.777893543243408,0
24.777947664260864,0
24.78679132461548,0
24.792495727539062,0
24.79253649711609,0
24.79411602020264,0
24.79576563835144,0
24.795801162719727,0
24.79690194129944,0
24.797635078430176,0
24.79794788360596,0
24.798180103302,0
24.798344373703003,0
24.79849410057068,0
24.79851508140564,0
24.79857897758484,0
24.798627853393555,0
24.801506996154785,0
24.801781177520752,0
24.816146850585938,0
24.816203594207764,0
24.8165066242218,0
24.81654572486877,0
24.81707334518433,0
24.817094087600708,0
24.81710124015808,0
24.817624807357788,0
24.822736978530884,0
24.82305598258972,0
24.82331919670105,0
24.83676552772522,0
24.836793899536133,0
24.83715128898621,0
24.837175607681274,0
24.837400913238525,0
24.83770203590393,0
24.83773112297058,0
24.84037709236145,0
24.840439796447757,0
24.84120273590088,0
24.857096433639526,0
24.85712146759033,0
24.857197761535645,0
24.87609004974365,0
24.877323627471924,0
24.877347946166992,0
24.87738847732544,0
24.880972146987915,0
24.88123869895935,0
24.88148498535156,0
24.88245415687561,0
24.883477449417114,0
24.883520126342773,0
24.88355278968811,0
24.892953872680664,0
24.89296793937683,0
24.8956618309021,0
24.895673990249637,0
24.89801359176636,0
24.898048877716064,0
24.898375034332275,0
24.910009622573853,0
24.91719388961792,0
24.91722130775452,0
24.917346715927124,0
24.93256783485413,0
24.93282794952393,0
24.9328556060791,0
24.933064222335812,0
24.936664819717407,0
24.936681270599365,0
24.93677592277527,0
24.93761944770813,0
24.93765163421631,0
24.93786859512329,0
24.951340675354004,0
24.952414751052856,0
24.953219652175903,0
24.95699977874756,0
24.957072019577023,0
24.957087993621823,0
24.97549772262573,0
24.975518703460693,0
24.977864980697632,0
24.977882862091064,0
24.977899312973022,0
24.978617906570435,0
24.978641986846924,0
24.97884631156921,0
24.97958850860596,0
24.98062753677368,0
24.98077368736267,0
24.980916500091556,0
24.991514682769772,0
24.99156165122986,0
24.993171453475952,0
24.99323034286499,0
24.99562382698059,0
24.99800062179565,0
24.998058795928955,0
24.998146057128903,0
25.011298418045044,0
25.01812696456909,0
25.01819133758545,0
25.018696069717407,0
25.035849809646606,0
25.037907600402832,0
25.03793692588806,0
25.0379421710968,0
25.045859813690186,0
25.04621124267578,0
25.04623579978943,0
25.046277046203613,0
25.0463502407074,0
25.046367406845093,0
25.04638123512268,0
25.05775809288025,0
25.057758331298828,0
25.05954051017761,0
25.059734106063843,0
25.05982518196106,0
25.06008291244507,0
25.06013011932373,0
25.061564922332764,0
25.06178855895996,0
25.061809062957764,0
25.06315588951111,0
25.06507396697998,0
25.07312154769897,0
25.07312560081482,0
25.07313561439514,0
25.07317686080933,0
25.074896574020386,0
25.07492017745972,0
25.075170278549194,0
25.077191591262817,0
25.07721829414368,0
25.077527284622192,0
25.08668327331543,0
25.086692810058597,0
25.08883571624756,0
25.08974242210388,0
25.097919464111328,0
25.09794807434082,0
25.098000526428223,0
25.107624769210812,0
25.11690378189087,0
25.11693501472473,0
25.116973638534542,0
25.13261842727661,0
25.132746934890747,0
25.13277101516724,0
25.13292598724365,0
25.141801595687863,0
25.14348697662353,0
25.143617630004883,0
25.143676042556763,0
25.14378070831299,0
25.14382004737854,0
25.143836498260494,0
25.156436920166016,0
25.157857418060303,0
25.1578905582428,0
25.157966136932373,0
25.15858364105225,0
25.177049160003666,0
25.17706847190857,0
25.17708969116211,0
25.185057401657104,0
25.18508553504944,0
25.187179565429688,0
25.18742156028748,0
25.187453269958496,0
25.188392877578732,0
25.19129848480225,0
25.191335201263428,0
25.191390991210938,0
25.191786289215088,0
25.19185304641724,0
25.195985555648804,0
25.196065664291385,0
25.197077989578247,0
25.19711446762085,0
25.197131633758545,0
25.225594758987427,0
25.225624322891235,0
25.22569894790649,0
25.226975679397583,0
25.234742164611816,0
25.234747886657715,0
25.234783172607425,0
25.234800577163696,0
25.237690210342407,0
25.23770904541016,0
25.237939834594727,0
25.239792585372925,0
25.239821434021,0
25.241467475891117,0
25.25698184967041,0
25.257015466690063,0
25.25702953338623,0
25.26673150062561,0
25.27733874320984,0
25.27739882469177,0
25.27757477760315,0
25.2965829372406,0
25.2965989112854,0
25.29660940170288,0
25.296621799468998,0
25.29716992378235,0
25.297192573547363,0
25.297200441360477,0
25.30087637901306,0
25.300889253616333,0
25.30118989944458,0
25.30282020568848,0
25.31582021713257,0
25.31583261489868,0
25.31725835800171,0
25.317285776138306,0
25.31729340553284,0
25.31995820999145,0
25.319988489151,0
25.320225715637207,0
25.320244312286377,0
25.320695161819454,0
25.320720911026,0
25.321177005767822,0
25.321218967437744,0
25.33002638816833,0
25.330039739608765,0
25.33007574081421,0
25.33150315284729,0
25.33557820320129,0
25.335615634918213,0
25.335736513137817,0
25.33701801300049,0
25.33704423904419,0
25.33705425262451,0
25.34685969352722,0
25.357025861740112,0
25.35706067085266,0
25.357074975967407,0
25.37742567062378,0
25.377837657928467,0
25.37787890434265,0
25.384430170059204,0
25.38466715812683,0
25.389045238494877,0
25.389096975326535,0
25.38912057876587,0
25.38919305801392,0
25.389402389526367,0
25.38947176933289,0
25.389526844024655,0
25.389581441879272,0
25.389683723449707,0
25.39090156555176,0
25.39090394973755,0
25.397393941879272,0
25.397448301315308,0
25.39753794670105,0
25.41571831703186,0
25.420587301254272,0
25.42064094543457,0
25.421879529953003,0
25.435709476470947,0
25.437323808670044,0
25.43734240531921,0
25.437355041503903,0
25.441974401474,0
25.4522705078125,0
25.453312635421756,0
25.45348644256592,0
25.4549560546875,0
25.455078125,0
25.4551784992218,0
25.45554041862488,0
25.455893754959103,0
25.45877766609192,0
25.45880365371704,0
25.45925211906433,0
25.476927995681763,0
25.4769549369812,0
25.47699189186096,0
25.490965127944943,0
25.49099111557007,0
25.49100136756897,0
25.49101090431213,0
25.491024017333984,0
25.491073846817017,0
25.49441766738892,0
25.49445343017578,0
25.49445915222168,0
25.49718713760376,0
25.4972186088562,0
25.497222423553467,0
25.49723744392395,0
25.497495889663696,0
25.500243425369263,0
25.500287771224976,0
25.501166105270386,0
25.50205659866333,0
25.50633668899536,0
25.517651796340942,0
25.51768493652344,0
25.51770091056824,0
25.53558564186096,0
25.53662419319153,0
25.5366530418396,0
25.536667823791504,0
25.53844976425171,0
25.53859257698059,0
25.53864336013794,0
25.54329562187195,0
25.543310403823853,0
25.543522834777832,0
25.554405689239506,0
25.55456280708313,0
25.555172443389893,0
25.55519986152649,0
25.556153774261475,0
25.556182146072388,0
25.55619430541992,0
25.556674480438232,0
25.55752635002136,0
25.557552576065063,0
25.5575647354126,0
25.57565116882324,0
25.5756676197052,0
25.576843976974487,0
25.57687187194824,0
25.57688570022583,0
25.57690143585205,0
25.5787410736084,0
25.57878589630127,0
25.579009294509888,0
25.579848766326904,0
25.579867362976078,0
25.579880475997925,0
25.588313341140747,0
25.588544368743896,0
25.59017038345337,0
25.5902419090271,0
25.597054958343502,0
25.59709143638611,0
25.597102165222168,0
25.617493629455566,0
25.6174955368042,0
25.61750340461731,0
25.636476278305054,0
25.63780760765076,0
25.637827157974243,0
25.637841939926147,0
25.64663004875183,0
25.64666080474853,0
25.64671421051025,0
25.646767616271973,0
25.64740419387817,0
25.64806222915649,0
25.648341178894043,0
25.65685796737671,0
25.656882286071777,0
25.656927585601807,0
25.67310881614685,0
25.677605152130127,0
25.67764019966125,0
25.677709579467773,0
25.691776037216187,0
25.691801071166992,0
25.69185161590576,0
25.69189190864563,0
25.694339990615845,0
25.694849967956543,0
25.69538903236389,0
25.697046756744385,0
25.697073459625244,0
25.697083950042725,0
25.720421314239506,0
25.72047734260559,0
25.7205114364624,0
25.720548152923584,0
25.720643520355225,0
25.720679759979248,0
25.720694541931152,0
25.72073769569397,0
25.736955642700195,0
25.73695945739746,0
25.73698616027832,0
25.743410110473636,0
25.74343085289001,0
25.743442058563232,0
25.74362277984619,0
25.74465703964233,0
25.74466848373413,0
25.744680166244507,0
25.747846603393555,0
25.74957013130188,0
25.7569272518158,0
25.75695872306824,0
25.756971836090088,0
25.75861120223999,0
25.76041603088379,0
25.763514041900635,0
25.770522117614743,0
25.770591020584103,0
25.776949882507324,0
25.776970863342285,0
25.77708530426025,0
25.794657707214355,0
25.794696807861328,0
25.79483699798584,0
25.79485964775085,0
25.79769229888916,0
25.797765493392944,0
25.79915571212769,0
25.800501823425293,0
25.800540685653687,0
25.801615953445435,0
25.80257606506348,0
25.80311131477356,0
25.817656993865967,0
25.817699909210205,0
25.81819629669189,0
25.82110381126404,0
25.821122407913208,0
25.82526278495789,0
25.825284719467163,0
25.825299501419067,0
25.825313806533813,0
25.825608491897583,0
25.82563304901123,0
25.825652837753296,0
25.828666925430294,0
25.837788105010983,0
25.83781838417053,0
25.83785581588745,0
25.84017491340637,0
25.84020447731018,0
25.84021830558777,0
25.840232610702515,0
25.84104585647583,0
25.841073751449585,0
25.84130048751831,0
25.858123540878296,0
25.85815453529358,0
25.858165502548218,0
25.86553120613098,0
25.876949548721317,0
25.876976251602173,0
25.87698793411255,0
25.888158798217773,0
25.88836693763733,0
25.88848304748535,0
25.88850808143616,0
25.89720988273621,0
25.897237539291385,0
25.89729642868042,0
25.917216777801517,0
25.91725730895996,0
25.91728472709656,0
25.922213792800903,0
25.922229290008545,0
25.922356605529785,0
25.924007177352905,0
25.924033880233765,0
25.926960945129395,0
25.926990270614624,0
25.928093194961548,0
25.92832612991333,0
25.92834973335266,0
25.93716096878052,0
25.93719601631165,0
25.937207221984863,0
25.954922437667847,0
25.954936742782596,0
25.95495128631592,0
25.955029249191284,0
25.9571316242218,0
25.95720410346985,0
25.95722484588623,0
25.957257509231567,0
25.95742630958557,0
25.95809292793274,0
25.95866632461548,0
25.96903276443481,0
25.9690535068512,0
25.977627277374268,0
25.97766852378845,0
25.97768449783325,0
25.99381732940674,0
25.993851900100708,0
25.993923664093018,0
25.994084119796756,0
25.99718832969665,0
25.997222900390625,0
25.997238397598267,0
25.998560667037964,0
25.99872374534607,0
25.99894118309021,0
25.99991202354431,0
25.99995255470276,0
26.00355672836304,0
26.003636360168457,0
26.01753330230713,0
26.01757431030273,0
26.0176203250885,0
26.037672996521,0
26.03770446777344,0
26.037822723388672,0
26.04548144340515,0
26.052807331085205,0
26.052833080291748,0
26.052844047546387,0
26.05285668373108,0
26.054335832595825,0
26.05434894561768,0
26.054351806640625,0
26.05579948425293,0
26.05583643913269,0
26.05584740638733,0
26.05585789680481,0
26.056988954544067,0
26.056994199752808,0
26.05700135231018,0
26.05784511566162,0
26.057862758636475,0
26.057872533798218,0
26.060811758041385,0
26.069726705551147,0
26.077240228652958,0
26.077270030975345,0
26.0775465965271,0
26.096091270446777,0
26.096104621887207,0
26.096136808395386,0
26.096216678619385,0
26.09775424003601,0
26.09777855873108,0
26.09783244132996,0
26.10035538673401,0
26.100383520126343,0
26.103697299957275,0
26.1037232875824,0
26.103758335113525,0
26.10377192497253,0
26.10382723808289,0
26.113703966140747,0
26.11373209953308,0
26.117107391357425,0
26.11712646484375,0
26.11713194847107,0
26.12875986099243,0
26.13744592666626,0
26.13748669624329,0
26.15461254119873,0
26.15462875366211,0
26.154643058776852,0
26.15465879440308,0
26.1566743850708,0
26.15671849250793,0
26.15673542022705,0
26.156948804855347,0
26.15696501731873,0
26.15697717666626,0
26.157241582870483,0
26.17630386352539,0
26.17637300491333,0
26.177749633789062,0
26.177783966064453,0
26.177865505218502,0
26.17863154411316,0
26.17864799499512,0
26.178761959075928,0
26.17877721786499,0
26.179317951202396,0
26.17961478233337,0
26.17984437942505,0
26.19380259513855,0
26.19812250137329,0
26.19827699661255,0
26.19836401939392,0
26.19838833808899,0
26.198546409606934,0
26.19857215881348,0
26.198590517044067,0
26.20000004768372,0
26.2179217338562,0
26.217965364456177,0
26.21815037727356,0
26.219602823257446,0
26.237091064453125,0
26.23713231086731,0
26.2384512424469,0
26.2394597530365,0
26.23947787284851,0
26.239585876464844,0
26.239595651626587,0
26.241739749908447,0
26.241796731948853,0
26.241814136505127,0
26.257641553878784,0
26.257668495178223,0
26.257735013961792,0
26.25775146484375,0
26.26890230178833,0
26.268927335739136,0
26.268938064575195,0
26.269655227661133,0
26.27077341079712,0
26.270785331726078,0
26.27078676223755,0
26.27760148048401,0
26.27762722969055,0
26.27765846252441,0
26.286989212036133,0
26.28701162338257,0
26.28817057609558,0
26.28822636604309,0
26.297163009643555,0
26.297187089920044,0
26.29719948768616,0
26.31629157066345,0
26.316320180892944,0
26.31637644767761,0
26.316431999206543,0
26.31645035743713,0
26.316466093063354,0
26.316577196121216,0
26.317752361297607,0
26.317790985107425,0
26.3178288936615,0
26.31868696212769,0
26.33233118057251,0
26.332594871521,0
26.332619190216064,0
26.332632303237915,0
26.335593700408936,0
26.33565759658813,0
26.335850954055783,0
26.33760690689087,0
26.337639331817627,0
26.337640047073364,0
26.3469295501709,0
26.35688066482544,0
26.35690665245056,0
26.357093572616577,0
26.3669331073761,0
26.366947174072266,0
26.37743210792541,0
26.377467155456543,0
26.377485036849976,0
26.39480972290039,0
26.39482450485229,0
26.394846200942997,0
26.39485192298889,0
26.39779162406921,0
26.39906525611877,0
26.39910650253296,0
26.399235725402832,0
26.39925694465637,0
26.40044355392456,0
26.400495052337646,0
26.400547981262207,0
26.411524295806885,0
26.4116268157959,0
26.41295886039734,0
26.41463017463684,0
26.415864944458008,0
26.41750288009644,0
26.417541980743408,0
26.41754794120789,0
26.43973588943481,0
26.43977189064026,0
26.43979048728943,0
26.448160409927368,0
26.448710441589355,0
26.44873642921448,0
26.44875192642212,0
26.45302939414978,0
26.45312118530273,0
26.453511476516724,0
26.454545736312863,0
26.45510697364807,0
26.456870317459103,0
26.456895112991333,0
26.45694136619568,0
26.4588303565979,0
26.470083475112915,0
26.471035957336422,0
26.471079111099243,0
26.471094369888306,0
26.47256302833557,0
26.47259092330933,0
26.472825288772583,0
26.4776451587677,0
26.478275775909424,0
26.478299379348755,0
26.491143941879272,0
26.49116849899292,0
26.49248695373535,0
26.492511749267575,0
26.49710249900818,0
26.49713373184204,0
26.49714493751526,0
26.516948223114014,0
26.51711225509644,0
26.51712393760681,0
26.518755197525024,0
26.520629167556763,0
26.522967100143436,0
26.52978277206421,0
26.529961824417114,0
26.529982566833496,0
26.530097246170044,0
26.537024974823,0
26.53705596923828,0
26.537068128585812,0
26.55299711227417,0
26.55301570892334,0
26.55317711830139,0
26.554145097732544,0
26.55417537689209,0
26.554186820983887,0
26.55419683456421,0
26.55520510673523,0
26.55522847175598,0
26.55543327331543,0
26.55691432952881,0
26.55694007873535,0
26.558221340179443,0
26.57279634475708,0
26.57686972618103,0
26.5768883228302,0
26.577168464660645,0
26.57728099822998,0
26.577297925949097,0
26.597294092178345,0
26.597336769104004,0
26.597601413726807,0
26.598815202713013,0
26.599191904067997,0
26.59922432899475,0
26.59929895401001,0
26.603307247161865,0
26.60332226753235,0
26.603344678878784,0
26.60433149337769,0
26.604353189468384,0
26.606056451797485,0
26.60611319541931,0
26.60870909690857,0
26.61752939224243,0
26.61773943901062,0
26.617770433425903,0
26.63320994377136,0
26.633240222930908,0
26.63366460800171,0
26.63369488716125,0
26.637544631958008,0
26.63771343231201,0
26.63773322105408,0
26.65353012084961,0
26.65362501144409,0
26.653650760650635,0
26.65726327896118,0
26.657347202301025,0
26.657582759857178,0
26.658900022506717,0
26.667283535003666,0
26.667299270629883,0
26.669627904891968,0
26.66966438293457,0
26.676949739456177,0
26.676976203918457,0
26.676987171173096,0
26.69119453430176,0
26.691208362579346,0
26.691659212112427,0
26.69429898262024,0
26.69432902336121,0
26.697103261947632,0
26.69710350036621,0
26.69713544845581,0
26.714766263961792,0
26.714792728424072,0
26.716963052749637,0
26.716986894607544,0
26.717551469802856,0
26.737677335739136,0
26.737711906433105,0
26.73772621154785,0
26.74475908279419,0
26.751165628433228,0
26.75116801261902,0
26.75118327140808,0
26.75123643875122,0
26.758090019226078,0
26.75811266899109,0
26.758132934570312,0
26.75829029083252,0
26.758305072784424,0
26.758341789245605,0
26.758404970169067,0
26.76298689842224,0
26.762999057769772,0
26.777552843093872,0
26.77758812904358,0
26.77780032157898,0
26.780988931655884,0
26.781015634536743,0
26.78103280067444,0
26.78109240531921,0
26.78120756149292,0
26.781243801116943,0
26.781429290771484,0
26.78221654891968,0
26.78224372863769,0
26.783432483673096,0
26.78350281715393,0
26.79330849647522,0
26.793339014053345,0
26.793344020843502,0
26.793458461761475,0
26.79511332511902,0
26.795201778411865,0
26.7952241897583,0
26.79599094390869,0
26.79708576202393,0
26.797117948532104,0
26.79757761955261,0
26.808889865875244,0
26.80892324447632,0
26.808977603912357,0
26.80903697013855,0
26.816095113754272,0
26.81611680984497,0
26.81614470481873,0
26.817551612854004,0
26.81760549545288,0
26.81762790679932,0
26.837259769439697,0
26.837260961532596,0
26.837306022644043,0
26.838295698165894,0
26.846008777618408,0
26.84609293937683,0
26.857295989990234,0
26.857330322265625,0
26.87716054916382,0
26.877186059951782,0
26.877198696136475,0
26.877967357635494,0
26.87914490699768,0
26.87916660308838,0
26.87920641899109,0
26.88266396522522,0
26.88273334503174,0
26.882746934890747,0
26.88275909423828,0
26.884476900100708,0
26.886399507522583,0
26.88642406463623,0
26.88876271247864,0
26.888771772384644,0
26.889954328536987,0
26.89888882637024,0
26.89891648292541,0
26.91211485862732,0
26.91212582588196,0
26.91255760192871,0
26.91289710998535,0
26.916322708129883,0
26.916336059570312,0
26.91634011268616,0
26.917057514190677,0
26.917078971862797,0
26.917100429534912,0
26.934020042419437,0
26.93555903434753,0
26.93679571151733,0
26.93683815002441,0
26.93687915802002,0
26.9478542804718,0
26.95699453353882,0
26.95699977874756,0
26.957030057907104,0
26.97264003753662,0
26.97266459465027,0
26.972723484039307,0
26.97274351119995,0
26.97288179397583,0
26.972919702529907,0
26.972962617874146,0
26.9777774810791,0
26.977778434753414,0
26.977779150009155,0
26.995561599731445,0
26.99559450149536,0
26.997632026672363,0
26.99767541885376,0
26.99768829345703,0
26.99938106536865,0
26.99940633773804,0
27.00060248374939,0
27.01203393936157,0
27.01213216781616,0
27.01439642906189,0
27.01443672180176,0
27.01445460319519,0
27.01455903053284,0
27.01777935028076,0
27.017821550369263,0
27.0178804397583,0
27.01793909072876,0
27.017960786819454,0
27.01802396774292,0
27.03747296333313,0
27.037479877471924,0
27.037651300430294,0
27.051408529281616,0
27.05142593383789,0
27.05235958099365,0
27.05238389968872,0
27.05244874954224,0
27.05246591567993,0
27.053703784942627,0
27.05384039878845,0
27.05388021469116,0
27.053910732269287,0
27.054649829864506,0
27.054675102233887,0
27.05812692642212,0
27.058157682418823,0
27.058218002319336,0
27.058432579040527,0
27.05852603912353,0
27.058595180511475,0
27.064151287078857,0
27.06955361366272,0
27.069741249084476,0
27.07772135734558,0
27.07775473594665,0
27.07781982421875,0
27.085761308670044,0
27.08577561378479,0
27.0867977142334,0
27.09702086448669,0
27.097052335739136,0
27.097063064575195,0
27.117535829544067,0
27.11756110191345,0
27.11760187149048,0
27.120015144348145,0
27.120025157928467,0
27.120036363601685,0
27.120046377182007,0
27.120057106018063,0
27.120115995407104,0
27.12013006210327,0
27.13031911849976,0
27.13191151618957,0
27.136950969696045,0
27.136993169784542,0
27.13699603080749,0
27.150866508483887,0
27.155253887176517,0
27.15543556213379,0
27.15696907043457,0
27.157031059265137,0
27.157044410705566,0
27.171061515808105,0
27.1710946559906,0
27.171112537384037,0
27.171170234680176,0
27.17442631721497,0
27.174442529678345,0
27.174510955810547,0
27.176963329315186,0
27.17755436897278,0
27.177589416503903,0
27.194406747817997,0
27.194424867630005,0
27.19615650177002,0
27.196195125579838,0
27.196940422058105,0
27.19739079475403,0
27.197424173355103,0
27.19743704795837,0
27.21296715736389,0
27.21300053596497,0
27.21301293373108,0
27.213061571121216,0
27.21515536308289,0
27.2152111530304,0
27.215785026550293,0
27.21801233291626,0
27.21805953979492,0
27.21812057495117,0
27.23766112327576,0
27.237708568573,0
27.237732410430908,0
27.25697159767151,0
27.25723338127136,0
27.25725507736206,0
27.27008056640625,0
27.27383852005005,0
27.273852825164795,0
27.27398133277893,0
27.27399635314941,0
27.277483463287357,0
27.27750873565674,0
27.2775399684906,0
27.29741334915161,0
27.297449588775635,0
27.297552824020386,0
27.299315452575684,0
27.29932737350464,0
27.299339532852173,0
27.302441358566284,0
27.302456378936768,0
27.30246615409851,0
27.3024685382843,0
27.303556442260746,0
27.303618669509888,0
27.303635597229004,0
27.304426431655884,0
27.30448198318481,0
27.305747747421265,0
27.3058180809021,0
27.31092000007629,0
27.315346240997314,0
27.315374851226807,0
27.31541347503662,0
27.315428256988525,0
27.31747841835022,0
27.31943440437317,0
27.319459676742557,0
27.33423495292664,0
27.33429718017578,0
27.33456587791443,0
27.33516764640808,0
27.33579993247986,0
27.33721947669983,0
27.337246894836422,0
27.337259769439697,0
27.355736255645752,0
27.35834574699402,0
27.358364582061768,0
27.35837721824646,0
27.37775063514709,0
27.377755165100098,0
27.37779545783997,0
27.379483938217163,0
27.379770517349243,0
27.381627082824707,0
27.38166308403015,0
27.381721019744877,0
27.38176798820496,0
27.383014917373657,0
27.383037567138672,0
27.383288383483887,0
27.39354109764099,0
27.393813848495483,0
27.396069049835205,0
27.39610719680786,0
27.396802186965942,0
27.39840769767761,0
27.39843153953552,0
27.398502826690677,0
27.4126455783844,0
27.412670612335205,0
27.41274642944336,0
27.41281294822693,0
27.41592311859131,0
27.41598320007324,0
27.416045427322388,0
27.416067838668823,0
27.41804075241089,0
27.418079376220703,0
27.41813611984253,0
27.42854142189026,0
27.43037962913513,0
27.437133312225345,0
27.437172412872314,0
27.437188863754272,0
27.458382844924927,0
27.458412408828732,0
27.45848226547241,0
27.476885318756104,0
27.47694730758667,0
27.47699284553528,0
27.48612642288208,0
27.486306190490723,0
27.486332416534424,0
27.486366271972656,0
27.48791646957397,0
27.4879412651062,0
27.487950325012207,0
27.48852777481079,0
27.491011142730716,0
27.49111247062683,0
27.49117493629456,0
27.49417209625244,0
27.49419927597046,0
27.49782919883728,0
27.49785566329956,0
27.497865915298465,0
27.515729904174805,0
27.516907453536987,0
27.516924619674683,0
27.51693892478943,0
27.520272970199585,0
27.5203800201416,0
27.52039408683777,0
27.520479679107662,0
27.52162528038025,0
27.521762132644653,0
27.521900177001957,0
27.527586698532104,0
27.527608394622803,0
27.52789545059204,0
27.527915716171265,0
27.52875828742981,0
27.52878499031067,0
27.52887773513794,0
27.53683304786682,0
27.53685975074768,0
27.536930799484253,0
27.55409049987793,0
27.55680274963379,0
27.55682873725891,0
27.55687141418457,0
27.55769181251526,0
27.557810306549072,0
27.55870604515076,0
27.558729648590088,0
27.558910608291622,0
27.55892586708069,0
27.5754816532135,0
27.575515747070312,0
27.57562732696533,0
27.577279567718502,0
27.57731437683105,0
27.577476978302,0
27.597346305847168,0
27.59767985343933,0
27.597797870635983,0
27.604437112808228,0
27.604480504989624,0
27.60671615600586,0
27.60686755180359,0
27.61029887199402,0
27.617090463638306,0
27.617125749588013,0
27.61714124679565,0
27.63754177093506,0
27.637579679489136,0
27.63762593269348,0
27.6416289806366,0
27.641674995422363,0
27.641743183135983,0
27.64186406135559,0
27.64282536506653,0
27.64284491539001,0
27.6430082321167,0
27.645799160003666,0
27.653311252593998,0
27.65359139442444,0
27.653616428375244,0
27.6536717414856,0
27.65725946426392,0
27.657291889190677,0
27.657331466674805,0
27.66030859947205,0
27.660377979278564,0
27.66108727455139,0
27.673933506011963,0
27.673959493637085,0
27.67460036277771,0
27.67463612556457,0
27.67746925354004,0
27.677497148513797,0
27.67771553993225,0
27.697068452835083,0
27.697094917297363,0
27.697300672531128,0
27.710920333862305,0
27.71697235107422,0
27.716996908187863,0
27.717007160186768,0
27.717019081115723,0
27.717028379440308,0
27.71705937385559,0
27.717079401016235,0
27.737205505371094,0
27.737234115600582,0
27.737574577331543,0
27.739056825637817,0
27.739107370376587,0
27.73922038078308,0
27.740105628967285,0
27.741876125335693,0
27.75735092163086,0
27.75741171836853,0
27.75743722915649,0
27.766003608703613,0
27.76995658874512,0
27.770161151885983,0
27.771153926849365,0
27.771169662475582,0
27.771172761917114,0
27.77120804786682,0
27.773392915725708,0
27.77341628074646,0
27.77341651916504,0
27.774455070495605,0
27.774487495422363,0
27.77454924583435,0
27.774590730667114,0
27.776885271072388,0
27.776912689208984,0
27.77702736854553,0
27.77771687507629,0
27.777849435806274,0
27.77788758277893,0
27.79281163215637,0
27.792819261550903,0
27.79478073120117,0
27.794850826263428,0
27.79566788673401,0
27.79734992980957,0
27.79755735397339,0
27.79757761955261,0
27.81326055526733,0
27.81512570381165,0
27.815433502197266,0
27.815474033355716,0
27.81666874885559,0
27.81669044494629,0
27.82008194923401,0
27.82019114494324,0
27.82024359703064,0
27.820331573486328,0
27.83089303970337,0
27.833733558654785,0
27.837162017822266,0
27.8379065990448,0
27.83801794052124,0
27.857111930847168,0
27.857533931732178,0
27.85755181312561,0
27.86658334732056,0
27.877745389938354,0
27.87836194038391,0
27.878437519073486,0
27.88533926010132,0
27.886197328567505,0
27.8862943649292,0
27.88630843162537,0
27.89698600769043,0
27.897026300430294,0
27.89703774452209,0
27.914047718048096,0
27.9140841960907,0
27.914119720458984,0
27.918620347976685,0
27.91865968704224,0
27.918849229812626,0
27.91887140274048,0
27.91888403892517,0
27.91889476776123,0
27.918904781341556,0
27.931312322616577,0
27.934775352478027,0
27.93480062484741,0
27.934925079345703,0
27.9349422454834,0
27.940309762954712,0
27.94031000137329,0
27.94035005569458,0
27.94087243080139,0
27.950055837631226,0
27.952205657958984,0
27.956964015960693,0
27.956992864608765,0
27.95700693130493,0
27.97451996803284,0
27.97469925880432,0
27.976871967315677,0
27.977412462234497,0
27.97743558883667,0
27.977454900741577,0
27.977986574172974,0
27.9780170917511,0
27.978155851364136,0
27.979541540145878,0
27.979561805725098,0
27.979639530181885,0
27.995003700256348,0
27.995039463043213,0
27.998557329177856,0
27.998584747314453,0
27.99860167503357,0
27.998615264892575,0
27.99862837791443,0
28.00183129310608,0
28.014864921569824,0
28.014869928359985,0
28.01753306388855,0
28.01757049560547,0
28.017725229263306,0
28.01777291297913,0
28.017817974090576,0
28.017863512039185,0
28.01790452003479,0
28.01794815063477,0
28.02005672454834,0
28.02007532119751,0
28.02008938789368,0
28.020103931427,0
28.021894693374637,0
28.021895170211792,0
28.02192258834839,0
28.03376317024231,0
28.03731608390808,0
28.03732991218567,0
28.038030862808228,0
28.05660820007324,0
28.057291507720947,0
28.05731773376465,0
28.057329177856445,0
28.059338569641117,0
28.059367656707764,0
28.05937075614929,0
28.06773543357849,0
28.067747116088867,0
28.0678129196167,0
28.06781363487244,0
28.07695245742798,0
28.07697820663452,0
28.077019214630127,0
28.09746360778809,0
28.097792148590088,0
28.09785795211792,0
28.11490225791931,0
28.11495423316956,0
28.11773157119751,0
28.117755651474,0
28.117801189422607,0
28.117836475372314,0
28.11786961555481,0
28.117918729782104,0
28.13709545135498,0
28.137129545211792,0
28.137173175811768,0
28.14532256126404,0
28.14541506767273,0
28.14543199539185,0
28.145445108413696,0
28.148233652114868,0
28.148279428482056,0
28.1483006477356,0
28.149231433868408,0
28.15097427368164,0
28.151673793792725,0
28.157636165618896,0
28.15763640403748,0
28.15775346755981,0
28.159246683120728,0
28.15926003456116,0
28.15932846069336,0
28.159342050552368,0
28.16400909423828,0
28.16402792930603,0
28.164074420928955,0
28.17493963241577,0
28.1769802570343,0
28.177000522613525,0
28.177525997161865,0
28.17756676673889,0
28.19481062889099,0
28.194831371307373,0
28.19632911682129,0
28.196393728256226,0
28.197089433670044,0
28.19711136817932,0
28.19716167449951,0
28.1979718208313,0
28.214513063430783,0
28.214513778686523,0
28.215874433517456,0
28.215896129608154,0
28.21591114997864,0
28.215951681137085,0
28.21730208396912,0
28.21732473373413,0
28.217456817626957,0
28.218523263931274,0
28.218546867370605,0
28.21913981437683,0
28.237163305282596,0
28.23720407485962,0
28.23720979690552,0
28.254510164260864,0
28.26030921936035,0
28.260408401489254,0
28.260466814041138,0
28.262917518615723,0
28.262934684753414,0
28.26304626464844,0
28.263062000274655,0
28.26521897315979,0
28.265249252319336,0
28.26533508300781,0
28.27255177497864,0
28.272570610046387,0
28.27293181419373,0
28.272950887680054,0
28.27479910850525,0
28.27537512779236,0
28.27544331550598,0
28.27721881866455,0
28.277261972427368,0
28.291014909744263,0
28.29104733467102,0
28.293042421340942,0
28.293051719665527,0
28.294468641281128,0
28.2971248626709,0
28.29715228080749,0
28.29718017578125,0
28.315085411071777,0
28.31546759605408,0
28.31549048423767,0
28.315503120422363,0
28.31724238395691,0
28.31726908683777,0
28.3172926902771,0
28.317959785461422,0
28.31797480583191,0
28.31800675392151,0
28.33703088760376,0
28.33708882331848,0
28.34797763824463,0
28.35703730583191,0
28.357068300247192,0
28.357080698013306,0
28.37706661224365,0
28.3771071434021,0
28.37718224525452,0
28.38701438903809,0
28.38704204559326,0
28.38852906227112,0
28.38856554031372,0
28.38864779472351,0
28.388710260391235,0
28.39706349372864,0
28.397103786468502,0
28.397319078445435,0
28.417091369628903,0
28.41710877418518,0
28.41718316078186,0
28.42377781867981,0
28.423866271972656,0
28.42389464378357,0
28.42531442642212,0
28.42678213119507,0
28.437647104263306,0
28.43770980834961,0
28.437718391418457,0
28.43891668319702,0
28.43893814086914,0
28.438955783843998,0
28.43899941444397,0
28.439049243927,0
28.44413471221924,0
28.44420051574707,0
28.444223165512085,0
28.444268941879272,0
28.44604444503784,0
28.448973178863525,0
28.449944972991943,0
28.457552909851078,0
28.45788598060608,0
28.458144664764404,0
28.468629598617557,0
28.4687180519104,0
28.468719482421875,0
28.469165325164795,0
28.470675706863403,0
28.47074294090271,0
28.47108769416809,0
28.47705841064453,0
28.47708535194397,0
28.477097749710083,0
28.497557878494263,0
28.497588396072388,0
28.497658491134644,0
28.513542652130127,0
28.513580560684204,0
28.51506733894348,0
28.515114307403564,0
28.51570296287537,0
28.517290115356445,0
28.5174252986908,0
28.517471075057983,0
28.529927730560303,0
28.529947519302368,0
28.530000925064087,0
28.53003764152527,0
28.53705096244812,0
28.537084341049194,0
28.537113189697266,0
28.55696439743042,0
28.55699372291565,0
28.55701303482056,0
28.558942079544067,0
28.55909037590027,0
28.559112310409542,0
28.56089758872986,0
28.560922861099243,0
28.560927629470825,0
28.56096339225769,0
28.56282520294189,0
28.562830448150635,0
28.56286096572876,0
28.563595294952396,0
28.568830013275143,0
28.56885814666748,0
28.57102751731873,0
28.571361541748047,0
28.57138967514038,0
28.57140612602234,0
28.576923847198486,0
28.576925039291385,0
28.57695889472961,0
28.593523502349854,0
28.593565702438354,0
28.595712661743164,0
28.595735788345337,0
28.5970516204834,0
28.597070693969727,0
28.597081184387207,0
28.597086668014526,0
28.614824295043945,0
28.61714458465576,0
28.61719012260437,0
28.617213249206543,0
28.6188383102417,0
28.618952751159668,0
28.61898112297058,0
28.620274305343628,0
28.62092995643616,0
28.62120127677917,0
28.622133016586304,0
28.632283210754395,0
28.63722014427185,0
28.637267351150516,0
28.6374249458313,0
28.646417140960693,0
28.657159328460693,0
28.65719437599182,0
28.657208681106567,0
28.67322540283203,0
28.673269748687744,0
28.67328381538391,0
28.67332124710083,0
28.675549507141117,0
28.675655841827396,0
28.675673246383667,0
28.677080392837524,0
28.67710256576538,0
28.677168369293213,0
28.694021940231323,0
28.6940553188324,0
28.69715666770935,0
28.697179794311523,0
28.69726014137268,0
28.697672843933105,0
28.697673082351685,0
28.69984197616577,0
28.717281103134155,0
28.71732497215271,0
28.71734309196472,0
28.722992420196533,0
28.72301721572876,0
28.723038911819454,0
28.723336458206177,0
28.72998332977295,0
28.730014085769653,0
28.73160457611084,0
28.73743844032288,0
28.737494707107544,0
28.73752760887146,0
28.737627029418945,0
28.757729530334476,0
28.757774353027344,0
28.75805926322937,0
28.77122139930725,0
28.771236181259155,0
28.771286725997925,0
28.77140045166016,0
28.771417379379272,0
28.771437644958496,0
28.771515369415283,0
28.77481722831726,0
28.77484107017517,0
28.775707483291622,0
28.775727033615112,0
28.775817394256592,0
28.775924921035767,0
28.77594637870789,0
28.77595996856689,0
28.77708601951599,0
28.777116298675537,0
28.77718305587769,0
28.77964782714844,0
28.788572788238525,0
28.788639545440677,0
28.790626764297485,0
28.79070377349853,0
28.797707319259644,0
28.79775094985962,0
28.797796726226807,0
28.80693864822388,0
28.81744766235352,0
28.81835436820984,0
28.81839656829834,0
28.83743190765381,0
28.837494134902958,0
28.83749866485596,0
28.84572005271912,0
28.845746994018555,0
28.84774327278137,0
28.847774744033813,0
28.847795486450195,0
28.847820043563843,0
28.854706287384037,0
28.854708194732662,0
28.85581064224243,0
28.855886220932007,0
28.85788059234619,0
28.857935428619385,0
28.858056783676147,0
28.864590644836422,0
28.86494398117065,0
28.86494493484497,0
28.86498188972473,0
28.87045526504517,0
28.87054800987244,0
28.870612859725952,0
28.872663021087646,0
28.874776601791385,0
28.878942489624023,0
28.87898063659668,0
28.87903380393982,0
28.887206315994263,0
28.888047218322757,0
28.892931699752808,0
28.892985582351685,0
28.89716005325317,0
28.897234678268436,0
28.89763379096985,0
28.910346508026123,0
28.91746711730957,0
28.917516708374023,0
28.917871952056885,0
28.937604188919067,0
28.937660694122314,0
28.93775248527527,0
28.945924520492557,0
28.945979118347168,0
28.946135997772217,0
28.94614291191101,0
28.94880151748657,0
28.948856830596924,0
28.948955297470093,0
28.95399618148804,0
28.9553701877594,0
28.95774722099304,0
28.957775592803955,0
28.95788145065308,0
28.96177649497986,0
28.96778607368469,0
28.96799921989441,0
28.969380855560303,0
28.969412803649902,0
28.969699144363403,0
28.96971964836121,0
28.97759413719177,0
28.97762560844421,0
28.97765612602234,0
28.97852873802185,0
28.9786479473114,0
28.97866725921631,0
28.9805121421814,0
28.98052453994751,0
28.98699140548706,0
28.987027645111084,0
28.99043560028076,0
28.996917247772217,0
28.99708390235901,0
28.997100591659542,0
28.997615337371823,0
28.997616291046143,0
28.99764370918274,0
28.997658014297485,0
29.000506162643436,0
29.000535488128666,0
29.00059151649475,0
29.00062561035156,0
29.00077199935913,0
29.00077986717224,0
29.00092029571533,0
29.00783395767212,0
29.008033275604248,0
29.008050203323364,0
29.00854182243347,0
29.01701164245605,0
29.01701283454895,0
29.01704692840576,0
29.0357186794281,0
29.03575563430786,0
29.035837411880493,0
29.035903692245483,0
29.037556648254395,0
29.037596702575684,0
29.037757635116577,0
29.038570880889893,0
29.038647651672363,0
29.038702726364136,0
29.04027032852173,0
29.05749773979187,0
29.05753445625305,0
29.05761027336121,0
29.077550411224365,0
29.07761836051941,0
29.07764196395874,0
29.085899591445923,0
29.09761118888855,0
29.098695039749146,0
29.09876585006714,0
29.11781144142151,0
29.117870330810547,0
29.117896795272827,0
29.12572860717773,0
29.12578582763672,0
29.12609362602234,0
29.12614130973816,0
29.12873697280884,0
29.12875509262085,0
29.1298406124115,0
29.13162326812744,0
29.131717920303345,0
29.13833522796631,0
29.138554096221924,0
29.138678073883057,0
29.1465106010437,0
29.146666049957275,0
29.14668846130371,0
29.14976191520691,0
29.14977717399597,0
29.14979219436645,0
29.149861812591556,0
29.156989336013797,0
29.1570041179657,0
29.15707015991211,0
29.15713572502136,0
29.15753412246704,0
29.15760588645935,0
29.15762209892273,0
29.1586229801178,0
29.16877579689026,0
29.17707681655884,0
29.177168369293213,0
29.17716908454895,0
29.197988986968998,0
29.198041677474976,0
29.198060035705566,0
29.20479679107666,0
29.20492792129517,0
29.20764303207397,0
29.207693099975582,0
29.2081561088562,0
29.208202123641968,0
29.21151661872864,0
29.21155476570129,0
29.211965084075928,0
29.214773416519165,0
29.21481418609619,0
29.217127323150635,0
29.21716690063477,0
29.21717381477356,0
29.21719646453857,0
29.21744108200073,0
29.235737323760983,0
29.237817764282227,0
29.237868785858154,0
29.2379047870636,0
29.26164960861206,0
29.261725902557373,0
29.26232385635376,0
29.262975931167603,0
29.26622557640076,0
29.26634120941162,0
29.266371965408325,0
29.266529083251957,0
29.26655912399292,0
29.266663789749146,0
29.27298092842102,0
29.273025512695312,0
29.27306032180786,0
29.273085832595825,0
29.274593591690063,0
29.274631023406982,0
29.274795055389404,0
29.27763557434082,0
29.27785849571228,0
29.27794051170349,0
29.28441834449768,0
29.292325258255005,0
29.292499542236328,0
29.29265546798706,0
29.29349994659424,0
29.294196844100952,0
29.29431843757629,0
29.295260667800903,0
29.29581379890442,0
29.2959098815918,0
29.29721236228943,0
29.297332048416138,0
29.29734945297241,0
29.29788589477539,0
29.29793620109558,0
29.300254583358765,0
29.304739713668823,0
29.315017700195312,0
29.31735372543335,0
29.31735396385193,0
29.31742739677429,0
29.33844995498657,0
29.3386025428772,0
29.33875584602356,0
29.338924884796143,0
29.33913946151733,0
29.33918118476868,0
29.33925175666809,0
29.339295387268063,0
29.339430809021,0
29.339479446411133,0
29.350910902023315,0
29.35121774673462,0
29.352123975753784,0
29.357475996017456,0
29.35751509666443,0
29.357564449310303,0
29.378616094589237,0
29.37863063812256,0
29.378730297088623,0
29.379276037216187,0
29.379429817199707,0
29.381928205490112,0
29.381945371627808,0
29.381994247436523,0
29.38203525543213,0
29.38207507133484,0
29.38211560249329,0
29.38222551345825,0
29.38740968704224,0
29.387598514556885,0
29.38909602165222,0
29.389156579971317,0
29.397502183914185,0
29.39758324623108,0
29.39766311645508,0
29.405502319335938,0
29.41828465461731,0
29.418334007263184,0
29.418386697769165,0
29.43513560295105,0
29.43518829345703,0
29.437731742858887,0
29.437785387039185,0
29.437811136245728,0
29.43995952606201,0
29.440069913864136,0
29.44118356704712,0
29.441218376159668,0
29.443356037139893,0
29.45761227607727,0
29.45784854888916,0
29.458354473114014,0
29.47130441665649,0
29.47733759880066,0
29.47740721702576,0
29.478377103805546,0
29.482419729232788,0
29.48244857788086,0
29.4825222492218,0
29.482547283172607,0
29.49707555770874,0
29.497089624404907,0
29.49719738960266,0
29.497254371643063,0
29.49776816368103,0
29.49846291542053,0
29.49906873703003,0
29.49907112121582,0
29.501752614974976,0
29.50180411338806,0
29.515138626098636,0
29.51518416404724,0
29.51520657539368,0
29.51526641845703,0
29.51761484146118,0
29.51771545410156,0
29.518441915512085,0
29.519973516464237,0
29.52000331878662,0
29.520105600357056,0
29.520129203796387,0
29.531983137130737,0
29.532007694244385,0
29.532099962234497,0
29.53511142730713,0
29.53677439689636,0
29.536794662475582,0
29.536803483963013,0
29.537529468536377,0
29.537553787231445,0
29.537574291229248,0
29.538593292236328,0
29.557435274124146,0
29.55748391151428,0
29.557506561279297,0
29.55874490737915,0
29.56089162826538,0
29.578543663024902,0
29.57864499092102,0
29.5786657333374,0
29.57963991165161,0
29.579668045043945,0
29.58091688156128,0
29.58095121383667,0
29.58388876914978,0
29.583930492401123,0
29.58401298522949,0
29.58415460586548,0
29.584163427352905,0
29.58817458152771,0
29.58819556236267,0
29.59036087989807,0
29.590420722961422,0
29.597171545028687,0
29.59721946716309,0
29.597330570220947,0
29.617511510849,0
29.617683172225952,0
29.617717027664185,0
29.628273248672485,0
29.637524843215942,0
29.637566804885864,0
29.63759398460388,0
29.64822483062744,0
29.648253440856934,0
29.64827561378479,0
29.648732900619507,0
29.651447296142575,0
29.651479244232178,0
29.65154218673706,0
29.65796899795532,0
29.657999277114868,0
29.658098936080933,0
29.66663074493408,0
29.677154541015625,0
29.67721128463745,0
29.697712898254395,0
29.697774171829224,0
29.697909593582157,0
29.713449239730835,0
29.71347594261169,0
29.71352458000183,0
29.71362948417664,0
29.714359998703003,0
29.714380741119385,0
29.714452743530277,0
29.71454071998596,0
29.71460509300232,0
29.717145442962646,0
29.717180967330933,0
29.717196702957157,0
29.72175145149231,0
29.721821308135983,0
29.737601041793823,0
29.73766183853149,0
29.73830389976501,0
29.7388858795166,0
29.749190092086792,0
29.749227046966556,0
29.751638650894165,0
29.751927375793457,0
29.75306844711304,0
29.75311756134033,0
29.753177404403687,0
29.75393509864807,0
29.753957509994507,0
29.754381895065308,0
29.754419088363647,0
29.757737398147583,0
29.757787942886356,0
29.75796914100647,0
29.762672185897827,0
29.762707710266117,0
29.76272940635681,0
29.763081073760983,0
29.77699041366577,0
29.777017831802368,0
29.77704906463623,0
29.77875924110413,0
29.77879309654236,0
29.78203272819519,0
29.78206181526184,0
29.782090187072757,0
29.78210926055908,0
29.782111644744877,0
29.78212547302246,0
29.78215503692627,0
29.7972674369812,0
29.79731321334839,0
29.797327995300293,0
29.802452325820923,0
29.80249619483948,0
29.804786443710327,0
29.804835081100464,0
29.806578159332275,0
29.80870270729065,0
29.81761312484741,0
29.817666053771973,0
29.81777596473694,0
29.837651014328003,0
29.83767867088318,0
29.837708950042725,0
29.83955430984497,0
29.847561597824097,0
29.850377798080444,0
29.850417852401733,0
29.85118055343628,0
29.852083444595337,0
29.8521568775177,0
29.852251529693604,0
29.8528356552124,0
29.85790705680847,0
29.85792326927185,0
29.85806345939636,0
29.86247539520264,0
29.86289119720459,0
29.87718367576599,0
29.877216577529907,0
29.87742590904236,0
29.886300563812256,0
29.886335849761963,0
29.886415004730225,0
29.886467933654785,0
29.890421628952023,0
29.89081120491028,0
29.89090061187744,0
29.89200162887573,0
29.89203405380249,0
29.894103050231934,0
29.894165515899655,0
29.894819736480716,0
29.89700150489807,0
29.897030115127563,0
29.89794087409973,0
29.90029263496399,0
29.917022228240967,0
29.917160034179688,0
29.91717529296875,0
29.937247037887573,0
29.93726420402527,0
29.93728804588318,0
29.95765233039856,0
29.957674503326416,0
29.957698583602905,0
29.95901679992676,0
29.97742247581482,0
29.977526664733887,0
29.979525804519653,0
29.985126495361328,0
29.985408067703247,0
29.98645401000977,0
29.986688375473022,0
29.98671054840088,0
29.986729383468628,0
29.986745357513428,0
29.98676562309265,0
29.98678493499756,0
29.997555017471317,0
29.99760270118713,0
29.997682809829712,0
30.004366397857662,0
30.00473022460937,0
30.004772901535038,0
30.00481677055359,0
30.00682759284973,0
30.0069522857666,0
30.00707483291626,0
30.00855088233948,0
30.0086350440979,0
30.01069188117981,0
30.01078724861145,0
30.011961221694943,0
30.01717209815979,0
30.017212390899655,0
30.01723027229309,0
30.02079749107361,0
30.020972967147827,0
30.021016120910645,0
30.021080255508423,0
30.023706436157227,0
30.023738384246823,0
30.024306058883667,0
30.028313875198364,0
30.037535905838013,0
30.03760290145874,0
30.03762674331665,0
30.054678916931152,0
30.055098056793213,0
30.05539059638977,0
30.055395364761356,0
30.059893369674683,0
30.060158729553223,0
30.060192108154297,0
30.066766500473022,0
30.06681776046753,0
30.06734347343445,0
30.067373037338257,0
30.08381152153015,0
30.084349155426025,0
30.08435130119324,0
30.084386825561523,0
30.084739685058597,0
30.09308648109436,0
30.093276262283325,0
30.094930171966556,0
30.09515190124512,0
30.096258640289307,0
30.09705400466919,0
30.09711122512817,0
30.09713101387024,0
30.11377453804016,0
30.113789319992065,0
30.114264726638797,0
30.114293098449707,0
30.115769147872925,0
30.11582350730896,0
30.115842580795288,0
30.117144107818604,0
30.11717367172241,0
30.117268800735477,0
30.137150526046756,0
30.137195825576782,0
30.13730835914612,0
30.14768528938293,0
30.16018033027649,0
30.16023826599121,0
30.1603422164917,0
30.17881202697754,0
30.178849458694454,0
30.17889881134033,0
30.18741130828857,0
30.18749690055847,0
30.189704418182373,0
30.189783334732056,0
30.191060543060303,0
30.19117021560669,0
30.195008993148804,0
30.195176601409912,0
30.19537997245789,0
30.19786381721497,0
30.19790863990784,0
30.19805192947388,0
30.19960379600525,0
30.20087194442749,0
30.20417833328247,0
30.20445656776428,0
30.207875728607178,0
30.20790672302246,0
30.209076404571533,0
30.21715450286865,0
30.2171950340271,0
30.21721363067627,0
30.21897864341736,0
30.21901774406433,0
30.2190375328064,0
30.21910500526428,0
30.223555088043213,0
30.223589658737183,0
30.224251985549927,0
30.227280139923096,0
30.227282762527462,0
30.227314472198486,0
30.227699995040894,0
30.23755121231079,0
30.23760271072388,0
30.237638235092163,0
30.25733232498169,0
30.25733709335327,0
30.257402420043945,0
30.270392417907715,0
30.27041339874268,0
30.27043128013611,0
30.271687507629395,0
30.276912689208984,0
30.276944398880005,0
30.27695727348328,0
30.29775738716125,0
30.297826528549194,0
30.297834396362305,0
30.300457000732425,0
30.300495386123657,0
30.300513982772827,0
30.30060458183289,0
30.30666971206665,0
30.306745290756226,0
30.306771516799927,0
30.309226751327515,0
30.309510231018063,0
30.30959272384644,0
30.30963444709778,0
30.31228828430176,0
30.312328100204468,0
30.31382966041565,0
30.31721043586731,0
30.31723165512085,0
30.317540168762207,0
30.334040880203247,0
30.334084510803223,0
30.334099292755127,0
30.334110498428345,0
30.337801456451416,0
30.33783268928528,0
30.33801245689392,0
30.338914155960083,0
30.33934950828552,0
30.340439796447757,0
30.34052920341492,0
30.35661244392395,0
30.35665965080261,0
30.356727838516235,0
30.356801986694336,0
30.357261419296265,0
30.35729146003723,0
30.35848426818848,0
30.358622550964355,0
30.35870099067688,0
30.35878801345825,0
30.377543449401852,0
30.377583742141724,0
30.377624988555908,0
30.39721989631653,0
30.397267818450928,0
30.39770817756653,0
30.399765253067017,0
30.39980435371399,0
30.40333080291748,0
30.403391122817997,0
30.40472769737244,0
30.417589902877808,0
30.417628288269043,0
30.417647123336792,0
30.41880989074707,0
30.419044256210327,0
30.423445224761963,0
30.42348051071167,0
30.42352509498596,0
30.423571825027462,0
30.42376160621643,0
30.423805713653564,0
30.423846006393436,0
30.437416553497314,0
30.43776273727417,0
30.437806606292725,0
30.457271814346317,0
30.45756840705872,0
30.45790100097656,0
30.477755069732662,0
30.47781872749329,0
30.47784423828125,0
30.48423147201538,0
30.49882411956787,0
30.499474048614506,0
30.49958348274231,0
30.500187635421756,0
30.500335931777958,0
30.50036215782165,0
30.50037670135498,0
30.50100612640381,0
30.50123906135559,0
30.501466274261475,0
30.503450632095337,0
30.50374913215637,0
30.50377988815308,0
30.503992557525635,0
30.506351470947266,0
30.506473779678345,0
30.50649690628052,0
30.51692295074463,0
30.51716637611389,0
30.51718378067017,0
30.52574706077576,0
30.525773763656616,0
30.52579402923584,0
30.52585458755493,0
30.52601766586304,0
30.5293402671814,0
30.529378652572632,0
30.529397010803223,0
30.52948236465454,0
30.5372314453125,0
30.53727436065674,0
30.53748297691345,0
30.543553829193115,0
30.543596982955933,0
30.54360628128052,0
30.54407548904419,0
30.546449422836304,0
30.551713228225708,0
30.557438611984253,0
30.55747008323669,0
30.55779719352722,0
30.57705521583557,0
30.577093362808228,0
30.577123880386356,0
30.583903074264526,0
30.584333181381226,0
30.585299491882324,0
30.58532214164734,0
30.58981275558472,0
30.589856147766117,0
30.592721223831177,0
30.59274315834045,0
30.59277367591858,0
30.593525648117065,0
30.59787368774414,0
30.598002672195435,0
30.598018884658813,0
30.598473072052,0
30.600085020065308,0
30.60010361671448,0
30.601449251174927,0
30.60152220726013,0
30.60214781761169,0
30.617197036743164,0
30.617897748947144,0
30.617988109588623,0
30.63629412651062,0
30.63633728027344,0
30.63640570640564,0
30.63746380805969,0
30.63751220703125,0
30.63753461837769,0
30.63755416870117,0
30.640114545822144,0
30.640188694000244,0
30.640267372131348,0
30.641622066497803,0
30.64925575256348,0
30.64929461479187,0
30.649399995803837,0
30.649780750274655,0
30.65440440177917,0
30.65443062782288,0
30.654489517211918,0
30.65757131576538,0
30.657615900039676,0
30.657777547836304,0
30.67479085922241,0
30.6803195476532,0
30.68284702301025,0
30.68290686607361,0
30.684669494628903,0
30.68481731414795,0
30.68484330177307,0
30.698797464370728,0
30.698814153671265,0
30.69888401031494,0
30.700114250183105,0
30.700575590133667,0
30.700610399246216,0
30.70095729827881,0
30.702222108840942,0
30.702634811401367,0
30.703068017959595,0
30.707250356674194,0
30.707268953323364,0
30.707281589508057,0
30.70729351043701,0
30.71008539199829,0
30.71011471748352,0
30.710150718688965,0
30.711246967315677,0
30.717009782791138,0
30.717042446136475,0
30.71708607673645,0
30.726101875305176,0
30.72746467590332,0
30.72752404212952,0
30.72757840156555,0
30.73708653450012,0
30.73712420463562,0
30.73719453811645,0
30.7539336681366,0
30.75396132469177,0
30.75405526161194,0
30.75534987449646,0
30.7580623626709,0
30.75810956954956,0
30.758134126663208,0
30.772212028503414,0
30.775037050247192,0
30.775135040283203,0
30.7751567363739,0
30.775211811065677,0
30.776949882507324,0
30.77803945541382,0
30.77806806564331,0
30.77844262123108,0
30.7965567111969,0
30.796576499938965,0
30.79662775993347,0
30.79739761352539,0
30.79743075370789,0
30.79749274253845,0
30.800952196121216,0
30.801003456115723,0
30.80251979827881,0
30.802706241607662,0
30.805869340896606,0
30.80590558052063,0
30.80810546875,0
30.817116498947144,0
30.817187309265137,0
30.81720924377441,0
30.838680267333984,0
30.838730096817017,0
30.838752269744877,0
30.85765242576599,0
30.857653379440308,0
30.85799551010132,0
30.875813007354736,0
30.875860929489136,0
30.875947952270508,0
30.877317428588867,0
30.878081798553467,0
30.87843513488769,0
30.881235599517822,0
30.88227915763855,0
30.88232660293579,0
30.882485151290894,0
30.884780883789062,0
30.900330066680908,0
30.900908708572388,0
30.900951623916622,0
30.903127431869507,0
30.903138160705566,0
30.903146505355835,0
30.90316653251648,0
30.904477834701535,0
30.90665078163147,0
30.917351007461548,0
30.917410850524902,0
30.91745924949646,0
30.92015171051025,0
30.92264461517334,0
30.92554259300232,0
30.937041521072388,0
30.937047958374023,0
30.93708610534668,0
30.949451446533203,0
30.94991874694824,0
30.95735335350037,0
30.95750379562378,0
30.957807302474976,0
30.966715574264526,0
30.966736793518063,0
30.96674418449402,0
30.96675968170166,0
30.977474212646484,0
30.977515935897827,0
30.97756052017212,0
30.99803996086121,0
30.998067140579224,0
30.998082637786865,0
31.004695415496823,0
31.00471258163452,0
31.00476312637329,0
31.006856441497803,0
31.00690770149231,0
31.006909608840942,0
31.00692582130432,0
31.008280754089355,0
31.00847053527832,0
31.008503675460812,0
31.00888466835022,0
31.01388192176819,0
31.013915061950684,0
31.017098426818848,0
31.017136812210083,0
31.017152309417725,0
31.02001905441284,0
31.020040035247803,0
31.037294149398804,0
31.03734803199768,0
31.038065671920776,0
31.04096364974976,0
31.046632051467896,0
31.046669721603397,0
31.046710968017575,0
31.04695606231689,0
31.054165601730347,0
31.05420970916748,0
31.0548038482666,0
31.05684447288513,0
31.05741858482361,0
31.05744481086731,0
31.05746102333069,0
31.07569932937622,0
31.07831621170044,0
31.078316926956177,0
31.078368186950684,0
31.08518075942993,0
31.08561849594116,0
31.085654973983765,0
31.08567357063293,0
31.08896231651306,0
31.089284896850582,0
31.08932447433472,0
31.093260049819943,0
31.09332537651062,0
31.094923496246334,0
31.095278024673465,0
31.09717893600464,0
31.097213983535767,0
31.09723305702209,0
31.10624647140503,0
31.117265939712524,0
31.117313146591187,0
31.117637634277344,0
31.137211799621586,0
31.13725781440735,0
31.137396574020386,0
31.141234159469604,0
31.1412570476532,0
31.14304804801941,0
31.144266843795776,0
31.14429378509521,0
31.144316911697388,0
31.14434170722961,0
31.14436745643616,0
31.146576642990112,0
31.1578061580658,0
31.15786027908325,0
31.15811133384705,0
31.17623209953308,0
31.17780923843384,0
31.17784810066223,0
31.17791986465454,0
31.197309255599976,0
31.19735026359558,0
31.197412252426147,0
31.20129084587097,0
31.201578617095947,0
31.20703077316284,0
31.207031965255737,0
31.20708179473877,0
31.207113027572632,0
31.209343433380127,0
31.20942068099976,0
31.21008586883545,0
31.21086955070496,0
31.210872411727905,0
31.21410202980041,0
31.21413993835449,0
31.214157819747925,0
31.21419882774353,0
31.21421432495117,0
31.21422791481018,0
31.216531991958615,0
31.21732234954834,0
31.217409133911133,0
31.217772483825684,0
31.21777629852295,0
31.21781015396118,0
31.23746109008789,0
31.23795485496521,0
31.23838448524475,0
31.239352226257324,0
31.247206211090088,0
31.2472186088562,0
31.247265577316284,0
31.247285842895508,0
31.249908924102783,0
31.249934434890747,0
31.250076055526733,0
31.253197193145752,0
31.257089376449585,0
31.257089853286743,0
31.2571280002594,0
31.27503204345703,0
31.275601148605347,0
31.27743911743164,0
31.27747774124145,0
31.278220176696777,0
31.278250217437744,0
31.27827024459839,0
31.27847003936768,0
31.27902293205261,0
31.27931571006775,0
31.291821002960205,0
31.29205846786499,0
31.29433369636536,0
31.29433846473694,0
31.297348022460938,0
31.297478914260864,0
31.297539949417114,0
31.317333936691284,0
31.31769633293152,0
31.31772470474243,0
31.31891417503357,0
31.319896697998047,0
31.320921182632446,0
31.337451934814453,0
31.3374936580658,0
31.337692975997925,0
31.347227811813354,0
31.34726905822754,0
31.347330331802368,0
31.347386360168457,0
31.347599744796756,0
31.347656965255737,0
31.3477087020874,0
31.347862243652344,0
31.350391149520878,0
31.35789442062378,0
31.357932329177856,0
31.35798978805542,0
31.367571592330933,0
31.377518892288208,0
31.377567052841187,0
31.378782987594604,0
31.39732360839844,0
31.397395133972168,0
31.397411108016968,0
31.398415565490723,0
31.39842987060547,0
31.399105072021484,0
31.40156555175781,0
31.40158724784851,0
31.401641607284542,0
31.40175008773804,0
31.40181565284729,0
31.40183711051941,0
31.415545225143436,0
31.415802478790283,0
31.41749095916748,0
31.41750693321228,0
31.4175386428833,0
31.422483444213867,0
31.422507286071777,0
31.434922695159912,0
31.437296152114868,0
31.43734097480774,0
31.43751883506775,0
31.45752763748169,0
31.457622289657596,0
31.457650661468502,0
31.479161024093628,0
31.479168176651,0
31.479228496551517,0
31.49957776069641,0
31.49963116645813,0
31.499687671661377,0
31.51775288581848,0
31.51779294013977,0
31.517795085906982,0
31.526172876358032,0
31.526453495025635,0
31.52648496627808,0
31.52651309967041,0
31.53237557411194,0
31.53243136405945,0
31.53253173828125,0
31.5351881980896,0
31.535303115844727,0
31.5353262424469,0
31.535720825195312,0
31.538023233413696,0
31.538065910339355,0
31.538085222244263,0
31.53811192512512,0
31.538131713867188,0
31.539007663726807,0
31.53920531272888,0
31.543997526168823,0
31.5442533493042,0
31.54906129837036,0
31.549416542053223,0
31.550593376159668,0
31.55569076538086,0
31.556113481521606,0
31.558040380477905,0
31.5580837726593,0
31.558421850204468,0
31.56070709228516,0
31.560742378234863,0
31.560787439346317,0
31.560831308364868,0
31.5642032623291,0
31.56422591209412,0
31.564697980880737,0
31.565163135528564,0
31.574691772460938,0
31.5757269859314,0
31.57575106620789,0
31.575769186019897,0
31.57753086090088,0
31.57852149009705,0
31.57862615585327,0
31.57865023612976,0
31.578709840774536,0
31.57898449897766,0
31.597052574157715,0
31.597106456756592,0
31.59715723991394,0
31.615588903427124,0
31.61563539505005,0
31.617529153823853,0
31.617570638656616,0
31.61759376525879,0
31.622034072875977,0
31.62208676338196,0
31.622179746627808,0
31.637572526931763,0
31.637622117996216,0
31.63812470436096,0
31.647098779678345,0
31.64740777015686,0
31.647449493408203,0
31.64755082130432,0
31.65166139602661,0
31.65181612968445,0
31.651881217956543,0
31.65205454826355,0
31.654285430908203,0
31.65552306175232,0
31.657142877578732,0
31.65716814994812,0
31.657186031341556,0
31.6594181060791,0
31.660787105560303,0
31.678435564041138,0
31.67847776412964,0
31.67863440513611,0
31.67903065681457,0
31.679280519485477,0
31.67934250831604,0
31.67940640449524,0
31.68027377128601,0
31.68030023574829,0
31.680598497390747,0
31.691324472427368,0
31.69149899482727,0
31.69326376914978,0
31.6935715675354,0
31.695080757141117,0
31.695116996765137,0
31.695330381393436,0
31.695528507232662,0
31.699159383773804,0
31.69919323921204,0
31.70081043243408,0
31.710473775863647,0
31.71069645881653,0
31.710735082626343,0
31.712575674057007,0
31.717353105545044,0
31.71741104125977,0
31.71783185005188,0
31.732552766799927,0
31.73257350921631,0
31.732599020004272,0
31.73262119293213,0
31.735024452209476,0
31.735413789749146,0
31.735990524291992,0
31.7378146648407,0
31.737853050231934,0
31.737871646881104,0
31.75827431678772,0
31.758845567703247,0
31.758903980255127,0
31.762370824813843,0
31.766051530838013,0
31.769246578216556,0
31.77747917175293,0
31.777522802352905,0
31.77757501602173,0
31.77888822555542,0
31.779297590255737,0
31.781190633773804,0
31.785839080810547,0
31.785869359970093,0
31.785882234573364,0
31.791642427444454,0
31.791698217391968,0
31.79218697547913,0
31.796393871307373,0
31.796413898468018,0
31.797003507614136,0
31.797019004821777,0
31.79784321784973,0
31.79787397384644,0
31.797887563705444,0
31.80500030517578,0
31.81721830368042,0
31.81726145744324,0
31.817280054092407,0
31.834356546401978,0
31.834401845932007,0
31.83449864387512,0
31.834566116333008,0
31.837496995925903,0
31.83754324913025,0
31.837565422058105,0
31.83948278427124,0
31.83953332901001,0
31.839865922927856,0
31.845964670181274,0
31.85773658752441,0
31.85778832435608,0
31.85781502723694,0
31.877740383148197,0
31.877761363983154,0
31.87783908843994,0
31.8881254196167,0
31.889594554901123,0
31.889641761779785,0
31.889740705490112,0
31.891704320907596,0
31.89175748825073,0
31.896312952041622,0
31.899131298065186,0
31.899168968200684,0
31.899603128433228,0
31.90131688117981,0
31.90234613418579,0
31.90308690071106,0
31.90333914756775,0
31.91696333885193,0
31.917469263076782,0
31.917495489120483,0
31.919857025146484,0
31.924551486968998,0
31.925828456878666,0
31.92588186264038,0
31.925921201705933,0
31.932167768478397,0
31.932234287261963,0
31.932393550872803,0
31.93480157852173,0
31.934842109680176,0
31.93487930297852,0
31.93488335609436,0
31.936145305633545,0
31.936258554458615,0
31.9363431930542,0
31.937108993530277,0
31.937145233154297,0
31.93722128868103,0
31.94706916809082,0
31.95729374885559,0
31.95735454559326,0
31.95751166343689,0
31.97490692138672,0
31.975948810577396,0
31.978851556777958,0
31.97886109352112,0
31.978885889053345,0
31.979466438293457,0
31.97950053215027,0
31.979523181915283,0
31.97957682609558,0
31.99762964248657,0
31.99766039848328,0
31.99767565727234,0
32.00508713722229,0
32.00513792037964,0
32.00514030456543,0
32.00605607032776,0
32.01133704185486,0
32.01229548454285,0
32.0123291015625,0
32.01381063461304,0
32.01387166976929,0
32.017054319381714,0
32.01705479621887,0
32.01710057258606,0
32.03724813461304,0
32.03746271133423,0
32.03752946853638,0
32.03841757774353,0
32.04542875289917,0
32.045459270477295,0
32.0454785823822,0
32.0455436706543,0
32.048001527786255,0
32.04816031455994,0
32.04881954193115,0
32.05753707885742,0
32.057594537734985,0
32.05761098861694,0
32.06086802482605,0
32.070154666900635,0
32.07324838638306,0
32.07446622848511,0
32.07733488082886,0
32.0774872303009,0
32.077500104904175,0
32.080649852752686,0
32.08072066307068,0
32.08687686920166,0
32.08692693710327,0
32.088051557540894,0
32.09707427024841,0
32.097108602523804,0
32.09716868400574,0
32.10974669456482,0
32.109790325164795,0
32.11022353172302,0
32.11024737358093,0
32.11695647239685,0
32.11698842048645,0
32.1170027256012,0
32.13389325141907,0
32.133918046951294,0
32.13393712043762,0
32.13550162315369,0
32.137436389923096,0
32.137444734573364,0
32.13749027252197,0
32.157774925231934,0
32.15782451629639,0
32.15784955024719,0
32.164011001586914,0
32.16405773162842,0
32.16962122917175,0
32.170804262161255,0
32.17092800140381,0
32.17105317115784,0
32.17108368873596,0
32.171085596084595,0
32.17110848426819,0
32.17112493515015,0
32.171142578125,0
32.17276072502136,0
32.17281246185303,0
32.17327046394348,0
32.17328143119812,0
32.17389678955078,0
32.1771125793457,0
32.17716193199158,0
32.177250623703,0
32.197808504104614,0
32.197975397109985,0
32.19802141189575,0
32.19805836677551,0
32.198113441467285,0
32.20112872123718,0
32.20117902755737,0
32.20298171043396,0
32.21485018730164,0
32.21572422981262,0
32.21742558479309,0
32.21744227409363,0
32.217458724975586,0
32.21747589111328,0
32.21888017654419,0
32.21894335746765,0
32.2190318107605,0
32.220773696899414,0
32.22079396247864,0
32.220818281173706,0
32.237340450286865,0
32.2374267578125,0
32.23785161972046,0
32.2470645904541,0
32.257551431655884,0
32.25845289230347,0
32.25849986076355,0
32.27716279029846,0
32.27769327163696,0
32.27772116661072,0
32.296369552612305,0
32.29655408859253,0
32.297566652297974,0
32.29777503013611,0
32.299448013305664,0
32.29947543144226,0
32.301122426986694,0
32.301140785217285,0
32.30131697654724,0
32.30151462554932,0
32.30160856246948,0
32.30191779136658,0
32.302029848098755,0
32.302130699157715,0
32.30222129821777,0
32.30231213569641,0
32.30240082740784,0
32.31122589111328,0
32.31123781204224,0
32.31124830245972,0
32.31147646903992,0
32.3128354549408,0
32.312875270843506,0
32.3129186630249,0
32.31710982322693,0
32.317139863967896,0
32.31725525856018,0
32.337263107299805,0
32.33729600906372,0
32.337310791015625,0
32.356250524520874,0
32.356953144073486,0
32.35698628425598,0
32.357439279556274,0
32.360888957977295,0
32.360920906066895,0
32.36114716529846,0
32.36117672920227,0
32.36312985420227,0
32.36314868927002,0
32.363224267959595,0
32.36700201034546,0
32.36703419685364,0
32.37705421447754,0
32.37709093093872,0
32.377105474472046,0
32.38790965080261,0
32.38791012763977,0
32.38891935348511,0
32.39708852767944,0
32.397109270095825,0
32.39712452888489,0
32.41521453857422,0
32.41531538963318,0
32.41657328605652,0
32.4175877571106,0
32.41762924194336,0
32.4177143573761,0
32.419212341308594,0
32.41922998428345,0
32.41925024986267,0
32.42025303840637,0
32.420326471328735,0
32.420376777648926,0
32.428192377090454,0
32.42823386192322,0
32.42825150489807,0
32.4283127784729,0
32.43003606796265,0
32.43007588386536,0
32.43026804924011,0
32.437222719192505,0
32.43726682662964,0
32.43728542327881,0
32.44552230834961,0
32.457279205322266,0
32.45731210708618,0
32.45733332633972,0
32.47587776184082,0
32.47588062286377,0
32.47589445114136,0
32.47589612007141,0
32.47590899467468,0
32.4767963886261,0
32.47784996032715,0
32.477882385253906,0
32.47792744636536,0
32.497196674346924,0
32.49724221229553,0
32.497300148010254,0
32.517234563827515,0
32.5172803401947,0
32.51729202270508,0
32.51925992965698,0
32.521605014801025,0
32.523940086364746,0
32.52407717704773,0
32.52895951271057,0
32.52900457382202,0
32.52977108955383,0
32.53690552711487,0
32.53693151473999,0
32.536943435668945,0
32.55722260475159,0
32.55725979804993,0
32.557316064834595,0
32.57426691055298,0
32.57435631752014,0
32.57601976394653,0
32.57833433151245,0
32.57838702201843,0
32.578408002853394,0
32.578409910202026,0
32.578428983688354,0
32.57843613624573,0
32.57996845245361,0
32.58003282546997,0
32.580100297927856,0
32.5972101688385,0
32.59724950790405,0
32.597280740737915,0
32.621073484420776,0
32.6211473941803,0
32.6211953163147,0
32.62708640098572,0
32.63729906082153,0
32.637354612350464,0
32.63790726661682,0
32.65757918357849,0
32.65764093399048,0
32.65768504142761,0
32.659217834472656,0
32.66177821159363,0
32.66365098953247,0
32.663684129714966,0
32.66583967208862,0
32.66587018966675,0
32.678207874298096,0
32.67823600769043,0
32.678303241729736,0
32.685935497283936,0
32.68624138832092,0
32.686243772506714,0
32.687090158462524,0
32.68818211555481,0
32.68819046020508,0
32.68820118904114,0
32.689321994781494,0
32.68987059593201,0
32.69702196121216,0
32.69705319404602,0
32.69706392288208,0
32.69930171966553,0
32.69932007789612,0
32.69933843612671,0
32.69934844970703,0
32.69940209388733,0
32.699434995651245,0
32.69999718666077,0
32.700287103652954,0
32.7008593082428,0
32.700884103775024,0
32.70129370689392,0
32.701314210891724,0
32.70852518081665,0
32.71699547767639,0
32.717167377471924,0
32.71720480918884,0
32.7302680015564,0
32.73029279708862,0
32.730366945266724,0
32.73038339614868,0
32.73091411590576,0
32.7309148311615,0
32.730934381484985,0
32.73750948905945,0
32.73752808570862,0
32.737725496292114,0
32.75731444358826,0
32.75741219520569,0
32.757452726364136,0
32.76171684265137,0
32.76919627189636,0
32.76925539970398,0
32.769275188446045,0
32.76932096481323,0
32.77095603942871,0
32.77099370956421,0
32.771005153656006,0
32.775444746017456,0
32.77549386024475,0
32.7775239944458,0
32.77755379676819,0
32.777607440948486,0
32.777695417404175,0
32.77780103683472,0
32.77833890914917,0
32.79622197151184,0
32.796239614486694,0
32.79757618904114,0
32.797607421875,0
32.79762125015259,0
32.79813027381897,0
32.79827189445496,0
32.79852247238159,0
32.798768520355225,0
32.80196666717529,0
32.80196952819824,0
32.80198287963867,0
32.81699299812317,0
32.81702971458435,0
32.81717038154602,0
32.82748365402222,0
32.83715200424194,0
32.83719611167908,0
32.83731698989868,0
32.85722637176514,0
32.857264280319214,0
32.85744547843933,0
32.86255621910095,0
32.864627838134766,0
32.8646719455719,0
32.86508798599243,0
32.86532378196716,0
32.865461111068726,0
32.86569380760193,0
32.86720299720764,0
32.86987400054932,0
32.87540364265442,0
32.877190828323364,0
32.87722420692444,0
32.877238035202026,0
32.88060188293457,0
32.880619049072266,0
32.88097023963928,0
32.88120412826538,0
32.889992475509644,0
32.89000678062439,0
32.89001989364624,0
32.891138315200806,0
32.89116096496582,0
32.89847135543823,0
32.89855217933655,0
32.89856696128845,0
32.90254044532776,0
32.90256690979004,0
32.90397119522095,0
32.90431475639343,0
32.90431809425354,0
32.904436111450195,0
32.9149911403656,0
32.91503977775574,0
32.91683268547058,0
32.9168553352356,0
32.91690516471863,0
32.919355630874634,0
32.93759870529175,0
32.93784260749817,0
32.93785381317139,0
32.93787360191345,0
32.94171142578125,0
32.941739559173584,0
32.94175171852112,0
32.94320821762085,0
32.94383788108826,0
32.94387865066528,0
32.94396448135376,0
32.94470238685608,0
32.95582580566406,0
32.95709824562073,0
32.957117557525635,0
32.957168102264404,0
32.958075761795044,0
32.9773063659668,0
32.97740840911865,0
32.97742581367493,0
32.97921538352966,0
32.98088455200195,0
32.980905294418335,0
32.98100662231445,0
32.98113012313843,0
32.981234550476074,0
32.98594617843628,0
32.985971450805664,0
32.986039876937866,0
32.99060773849487,0
32.99089741706848,0
32.9911162853241,0
32.9911904335022,0
32.9970486164093,0
32.997084856033325,0
32.997153997421265,0
33.00780296325684,0
33.01707983016968,0
33.017120361328125,0
33.01713681221008,0
33.03532433509827,0
33.03536128997803,0
33.03538155555725,0
33.03540396690369,0
33.03709101676941,0
33.03715515136719,0
33.03724145889282,0
33.03864645957947,0
33.03866457939148,0
33.0386848449707,0
33.03968834877014,0
33.05763268470764,0
33.05766558647156,0
33.05769968032837,0
33.06769347190857,0
33.076971769332886,0
33.077001094818115,0
33.077051401138306,0
33.097278356552124,0
33.09731101989746,0
33.09764790534973,0
33.10087037086487,0
33.10089898109436,0
33.101149559021,0
33.10116982460022,0
33.10414934158325,0
33.10417938232422,0
33.10423231124878,0
33.107874631881714,0
33.10790276527405,0
33.109617948532104,0
33.10990500450134,0
33.112855434417725,0
33.113794565200806,0
33.11491680145264,0
33.11709403991699,0
33.11713647842407,0
33.11715006828308,0
33.127068758010864,0
33.12736225128174,0
33.12738800048828,0
33.12740111351013,0
33.13800001144409,0
33.13804244995117,0
33.138060331344604,0
33.15727162361145,0
33.15731954574585,0
33.15754795074463,0
33.16008710861206,0
33.16011452674866,0
33.16018033027649,0
33.16240954399109,0
33.16245174407959,0
33.16246938705444,0
33.162583112716675,0
33.16448211669922,0
33.16452646255493,0
33.1645884513855,0
33.1653470993042,0
33.17759847640991,0
33.17763948440552,0
33.17894911766052,0
33.179402112960815,0
33.179423570632935,0
33.179840087890625,0
33.18017768859863,0
33.180235862731934,0
33.1802544593811,0
33.18260383605957,0
33.18263554573059,0
33.182740926742554,0
33.194143295288086,0
33.19416618347168,0
33.19752550125122,0
33.197606325149536,0
33.197766065597534,0
33.20029425621033,0
33.20030164718628,0
33.21362781524658,0
33.21743416786194,0
33.2175087928772,0
33.21753191947937,0
33.23858332633972,0
33.23859238624573,0
33.238696336746216,0
33.24864459037781,0
33.248842000961304,0
33.24886608123779,0
33.24888896942139,0
33.252115964889526,0
33.2521436214447,0
33.25222706794739,0
33.25257658958435,0
33.25836563110352,0
33.258408308029175,0
33.25845170021057,0
33.26110529899597,0
33.26111078262329,0
33.26193642616272,0
33.27702212333679,0
33.277047872543335,0
33.27705812454224,0
33.28252649307251,0
33.291040897369385,0
33.29109477996826,0
33.29110932350159,0
33.29126048088074,0
33.29239273071289,0
33.29241585731506,0
33.29323863983154,0
33.29415798187256,0
33.294198989868164,0
33.295212745666504,0
33.2952139377594,0
33.29721140861511,0
33.29723572731018,0
33.29724717140198,0
33.31159281730652,0
33.31711196899414,0
33.317140340805054,0
33.317150354385376,0
33.319156885147095,0
33.319191217422485,0
33.31922674179077,0
33.31925678253174,0
33.32628774642944,0
33.32630658149719,0
33.32650375366211,0
33.33705163002014,0
33.337082386016846,0
33.337095499038696,0
33.35701560974121,0
33.35705137252808,0
33.357064962387085,0
33.36762571334839,0
33.377084732055664,0
33.37712335586548,0
33.37713980674744,0
33.39775514602661,0
33.3977997303009,0
33.39787840843201,0
33.41717982292175,0
33.417232275009155,0
33.41725277900696,0
33.42075967788696,0
33.420892000198364,0
33.42305064201355,0
33.423094034194946,0
33.42320132255554,0
33.42323350906372,0
33.425457239151,0
33.42572236061096,0
33.42582082748413,0
33.42790460586548,0
33.42795658111572,0
33.427958250045776,0
33.42797255516052,0
33.42974805831909,0
33.42979192733765,0
33.43036389350891,0
33.435235261917114,0
33.435301780700684,0
33.437031984329224,0
33.437771797180176,0
33.43780541419983,0
33.438241720199585,0
33.43833017349243,0
33.439170360565186,0
33.45018148422241,0
33.452033281326294,0
33.45331263542175,0
33.45738887786865,0
33.457427978515625,0
33.4574453830719,0
33.47325801849365,0
33.47326970100403,0
33.47328066825867,0
33.4732928276062,0
33.47454500198364,0
33.47456121444702,0
33.474958181381226,0
33.47805619239807,0
33.47808480262756,0
33.47815132141113,0
33.485661029815674,0
33.4856743812561,0
33.496917963027954,0
33.49710249900818,0
33.497148275375366,0
33.51710772514343,0
33.51710796356201,0
33.51714634895325,0
33.51793932914734,0
33.51795268058777,0
33.51917600631714,0
33.52399492263794,0
33.52441501617432,0
33.52442908287048,0
33.52447891235352,0
33.52473592758179,0
33.52485156059265,0
33.52500820159912,0
33.53138875961304,0
33.53344249725342,0
33.536922216415405,0
33.53694987297058,0
33.536961793899536,0
33.550095558166504,0
33.55433464050293,0
33.55453014373779,0
33.55701470375061,0
33.557058334350586,0
33.55707263946533,0
33.5740647315979,0
33.5741069316864,0
33.57417726516724,0
33.574257612228394,0
33.57519054412842,0
33.575233697891235,0
33.5755090713501,0
33.57766342163086,0
33.57767915725708,0
33.57767939567566,0
33.5975558757782,0
33.59759855270386,0
33.597700357437134,0
33.599802017211914,0
33.59988355636597,0
33.60270047187805,0
33.60304856300354,0
33.604676246643066,0
33.61137652397156,0
33.6127610206604,0
33.61381793022156,0
33.61396837234497,0
33.616249322891235,0
33.61628222465515,0
33.61638522148132,0
33.6168487071991,0
33.61684966087341,0
33.61687707901001,0
33.627238512039185,0
33.627272844314575,0
33.62739300727844,0
33.627413749694824,0
33.62931847572327,0
33.629544734954834,0
33.629594564437866,0
33.637484312057495,0
33.637484550476074,0
33.637521266937256,0
33.657068967819214,0
33.6571569442749,0
33.65722990036011,0
33.670018434524536,0
33.677284240722656,0
33.67731261253357,0
33.67732620239258,0
33.69434237480164,0
33.695348501205444,0
33.69623064994812,0
33.6962833404541,0
33.69693112373352,0
33.696941614151,0
33.69770383834839,0
33.697728633880615,0
33.697739601135254,0
33.69831657409668,0
33.69957232475281,0
33.71714162826538,0
33.71717619895935,0
33.7171893119812,0
33.720340728759766,0
33.72367215156555,0
33.72408962249756,0
33.72524094581604,0
33.72562050819397,0
33.73011660575867,0
33.735257387161255,0
33.735278606414795,0
33.735289335250854,0
33.73530149459839,0
33.73681688308716,0
33.736839294433594,0
33.73684906959534,0
33.754058837890625,0
33.75408983230591,0
33.7541081905365,0
33.7568781375885,0
33.7569055557251,0
33.756977796554565,0
33.777201890945435,0
33.77904486656189,0
33.7791006565094,0
33.77915859222412,0
33.79732537269592,0
33.79739284515381,0
33.797404527664185,0
33.80291223526001,0
33.80337882041931,0
33.8045916557312,0
33.80460715293884,0
33.80462074279785,0
33.8046350479126,0
33.808743715286255,0
33.80878949165344,0
33.80883598327637,0
33.808879137039185,0
33.80982565879822,0
33.8169891834259,0
33.81700396537781,0
33.81700658798218,0
33.81757164001465,0
33.817601680755615,0
33.81762909889221,0
33.817631006240845,0
33.82087278366089,0
33.820879220962524,0
33.821096420288086,0
33.82558917999268,0
33.83713698387146,0
33.837177991867065,0
33.83731937408447,0
33.857746839523315,0
33.85778450965881,0
33.85778546333313,0
33.86197566986084,0
33.86201333999634,0
33.86202836036682,0
33.86211013793945,0
33.877105474472046,0
33.87713599205017,0
33.87714099884033,0
33.87989377975464,0
33.87990093231201,0
33.880162715911865,0
33.882479429244995,0
33.88250780105591,0
33.882593870162964,0
33.8826105594635,0
33.884597301483154,0
33.884623765945435,0
33.8846287727356,0
33.885501861572266,0
33.885507583618164,0
33.886106967926025,0
33.886455059051514,0
33.897019147872925,0
33.89704632759094,0
33.89705777168274,0
33.91003751754761,0
33.91571640968323,0
33.91590905189514,0
33.91593265533447,0
33.91597318649292,0
33.91702723503113,0
33.917049169540405,0
33.91877603530884,0
33.93106985092163,0
33.93111181259155,0
33.93160438537598,0
33.932703495025635,0
33.93699860572815,0
33.93703103065491,0
33.93707728385925,0
33.957111120224,0
33.95715284347534,0
33.957279682159424,0
33.97798252105713,0
33.97803068161011,0
33.97808384895325,0
33.98592019081116,0
33.98645067214966,0
33.98832392692566,0
33.98834681510925,0
33.98837232589722,0
33.98847007751465,0
33.994014501571655,0
33.99410820007324,0
33.99413537979126,0
33.994184255599976,0
33.99750542640686,0
33.99779462814331,0
33.99781942367554,0
33.997884035110474,0
34.0005099773407,0
34.000516176223755,0
34.003151416778564,0
34.00350618362427,0
34.01687550544739,0
34.01690220832825,0
34.01691246032715,0
34.02687668800354,0
34.0373010635376,0
34.03734564781189,0
34.03747892379761,0
34.05746936798096,0
34.05750393867493,0
34.058144092559814,0
34.077226877212524,0
34.077266454696655,0
34.07728338241577,0
34.08039879798889,0
34.08041858673096,0
34.08049154281616,0
34.080541133880615,0
34.08428168296814,0
34.0843026638031,0
34.08457326889038,0
34.08587980270386,0
34.08904147148132,0
34.08907604217529,0
34.09706783294678,0
34.097102880477905,0
34.09711599349976,0
34.100693702697754,0
34.10215258598328,0
34.10382628440857,0
34.106269121170044,0
34.106282234191895,0
34.11010789871216,0
34.11013650894165,0
34.111247539520264,0
34.11764979362488,0
34.11768126487732,0
34.11773085594177,0
34.13705849647522,0
34.13708806037903,0
34.13710117340088,0
34.14448642730713,0
34.14451622962952,0
34.14531230926514,0
34.14535331726074,0
34.14868688583374,0
34.148701429367065,0
34.150391817092896,0
34.15167212486267,0
34.15173029899597,0
34.15174341201782,0
34.151753664016724,0
34.15396738052368,0
34.15399670600891,0
34.154011964797974,0
34.155500650405884,0
34.156994342803955,0
34.157001972198486,0
34.15700721740723,0
34.16035437583923,0
34.16036796569824,0
34.16118407249451,0
34.161205768585205,0
34.161542892456055,0
34.1615686416626,0
34.16290640830994,0
34.16293215751648,0
34.162981271743774,0
34.17716217041016,0
34.17719388008118,0
34.17722749710083,0
34.18856906890869,0
34.18860459327698,0
34.190110206604004,0
34.190184116363525,0
34.19740128517151,0
34.19749188423157,0
34.197566986083984,0
34.206419706344604,0
34.216996908187866,0
34.217002391815186,0
34.21704125404358,0
34.23718452453613,0
34.237247467041016,0
34.23727583885193,0
34.241283655166626,0
34.243200063705444,0
34.24323749542236,0
34.24325776100159,0
34.2450737953186,0
34.24510335922241,0
34.24513006210327,0
34.24602460861206,0
34.25420951843262,0
34.25645112991333,0
34.25649118423462,0
34.25656771659851,0
34.25846290588379,0
34.2585027217865,0
34.258583068847656,0
34.25868034362793,0
34.25957155227661,0
34.25961184501648,0
34.27734923362732,0
34.27740979194641,0
34.27743220329285,0
34.29660773277283,0
34.296607971191406,0
34.29848885536194,0
34.29850959777832,0
34.2985143661499,0
34.304574966430664,0
34.30459928512573,0
34.30494809150696,0
34.321866273880005,0
34.32190251350403,0
34.32191491127014,0
34.32353973388672,0
34.32355523109436,0
34.32360577583313,0
34.32396483421326,0
34.32724332809448,0
34.327277183532715,0
34.32735824584961,0
34.327372789382935,0
34.32834434509277,0
34.33686566352844,0
34.33689546585083,0
34.3369414806366,0
34.35705280303955,0
34.357094049453735,0
34.35711097717285,0
34.36454463005066,0
34.36974835395813,0
34.36984300613403,0
34.37109398841858,0
34.37111067771912,0
34.37112855911255,0
34.37114500999451,0
34.377175092697144,0
34.37721586227417,0
34.377233028411865,0
34.37850308418274,0
34.37857174873352,0
34.378957748413086,0
34.380839824676514,0
34.380871057510376,0
34.3810977935791,0
34.381110191345215,0
34.383009910583496,0
34.38305163383484,0
34.383240699768066,0
34.38478088378906,0
34.384822368621826,0
34.38667035102844,0
34.386760234832764,0
34.389564037323,0
34.39725089073181,0
34.397289752960205,0
34.39734077453613,0
34.40989661216736,0
34.40992617607117,0
34.41250562667847,0
34.41257882118225,0
34.41281008720398,0
34.412853479385376,0
34.41292953491211,0
34.417685985565186,0
34.4181272983551,0
34.41818332672119,0
34.43782925605774,0
34.43787121772766,0
34.43795704841614,0
34.446563959121704,0
34.4576153755188,0
34.457696199417114,0
34.45771837234497,0
34.47704577445984,0
34.47707271575928,0
34.47708535194397,0
34.4866840839386,0
34.486714601516724,0
34.486716985702515,0
34.486727237701416,0
34.48981785774231,0
34.48984241485596,0
34.48992991447449,0
34.48994183540344,0
34.48994565010071,0
34.49702429771423,0
34.49705386161804,0
34.497079849243164,0
34.50091552734375,0
34.50094056129456,0
34.502224922180176,0
34.502272844314575,0
34.5036985874176,0
34.513763427734375,0
34.514073848724365,0
34.5140962600708,0
34.51410698890686,0
34.51715850830078,0
34.51718497276306,0
34.517216205596924,0
34.52715754508972,0
34.52716088294983,0
34.52717876434326,0
34.53691744804382,0
34.53696417808533,0
34.53696823120117,0
34.5473268032074,0
34.5571653842926,0
34.55720114707947,0
34.55721688270569,0
34.57818341255188,0
34.57821869850159,0
34.57825207710266,0
34.58629083633423,0
34.58649253845215,0
34.58805465698242,0
34.58822059631348,0
34.58823227882385,0
34.5882420539856,0
34.59022164344788,0
34.59024000167847,0
34.59057283401489,0
34.591405630111694,0
34.592697858810425,0
34.59437441825867,0
34.59441304206848,0
34.59795260429382,0
34.597994804382324,0
34.598064661026,0
34.60896587371826,0
34.60900855064392,0
34.61060452461243,0
34.61702299118042,0
34.61725687980652,0
34.617276430130005,0
34.62009406089783,0
34.62016820907593,0
34.62018394470215,0
34.620216608047485,0
34.62034559249878,0
34.620441198349,0
34.620481967926025,0
34.62127351760864,0
34.621304988861084,0
34.62160062789917,0
34.62161064147949,0
34.62491726875305,0
34.62499690055847,0
34.62503981590271,0
34.63788747787476,0
34.637938499450684,0
34.63813281059265,0
34.65782141685486,0
34.65787076950073,0
34.65789818763733,0
34.6764075756073,0
34.677584409713745,0
34.67762398719788,0
34.67764759063721,0
34.681851387023926,0
34.681865215301514,0
34.68187880516052,0
34.68189525604248,0
34.68499684333801,0
34.68504071235657,0
34.68508172035217,0
34.688918590545654,0
34.68894815444946,0
34.69089412689209,0
34.690948486328125,0
34.697545766830444,0
34.697577476501465,0
34.69761323928833,0
34.71558094024658,0
34.71852135658264,0
34.72124147415161,0
34.721269845962524,0
34.732510805130005,0
34.73256254196167,0
34.73264765739441,0
34.73266315460205,0
34.7345871925354,0
34.73460054397583,0
34.73486375808716,0
34.736252307891846,0
34.73677945137024,0
34.73678994178772,0
34.7368369102478,0
34.75491380691528,0
34.75632882118225,0
34.757694721221924,0
34.75775122642517,0
34.75776982307434,0
34.769346952438354,0
34.76934814453125,0
34.77705693244934,0
34.77709698677063,0
34.7774178981781,0
34.79764127731323,0
34.79769444465637,0
34.79779863357544,0
34.80445194244385,0
34.8044707775116,0
34.80448794364929,0
34.80450677871704,0
34.80701518058777,0
34.80704116821289,0
34.807124853134155,0
34.80923819541931,0
34.80924201011658,0
34.80978035926819,0
34.80986309051514,0
34.81111717224121,0
34.818029165267944,0
34.81806230545044,0
34.81823968887329,0
34.818254470825195,0
34.818262338638306,0
34.81883239746094,0
34.818841218948364,0
34.82033586502075,0
34.820677042007446,0
34.82079005241394,0
34.8265118598938,0
34.837127923965454,0
34.837729692459106,0
34.83776259422302,0
34.85756254196167,0
34.85759997367859,0
34.85765051841736,0
34.87740516662598,0
34.87743592262268,0
34.87747645378113,0
34.88490986824036,0
34.88494658470154,0
34.88496804237366,0
34.88498115539551,0
34.88592195510864,0
34.88593530654907,0
34.88740253448486,0
34.88849496841431,0
34.8885178565979,0
34.88852643966675,0
34.88852906227112,0
34.88948845863342,0
34.88950490951538,0
34.890026569366455,0
34.89064884185791,0
34.89067578315735,0
34.891700983047485,0
34.8917191028595,0
34.894503355026245,0
34.89730882644653,0
34.897319078445435,0
34.89732813835144,0
34.917478799819946,0
34.91761875152588,0
34.91766357421875,0
34.92529106140137,0
34.926289081573486,0
34.92630100250244,0
34.92634201049805,0
34.927313566207886,0
34.92735028266907,0
34.927382946014404,0
34.9303879737854,0
34.93073296546936,0
34.936864137649536,0
34.93689250946045,0
34.937079429626465,0
34.95400404930115,0
34.9568943977356,0
34.956923484802246,0
34.95693612098694,0
34.977983474731445,0
34.978020906448364,0
34.97806787490845,0
34.979572057724,0
34.979605197906494,0
34.9802520275116,0
34.98026657104492,0
34.980302572250366,0
34.98078942298889,0
34.98172664642334,0
34.981749534606934,0
34.98207712173462,0
34.997443437576294,0
34.99744415283203,0
34.99748969078064,0
35.00263500213623,0
35.00400805473328,0
35.0059187412262,0
35.00594091415405,0
35.00866627693176,0
35.00874876976013,0
35.0106360912323,0
35.01714301109314,0
35.01716876029968,0
35.01717185974121,0
35.02467679977417,0
35.02499747276306,0
35.02595829963684,0
35.02680540084839,0
35.03724193572998,0
35.03727674484253,0
35.03729271888733,0
35.05352163314819,0
35.05409097671509,0
35.05419635772705,0
35.05512523651123,0
35.057563066482544,0
35.057600021362305,0
35.05806112289429,0
35.07032942771912,0
35.07709980010986,0
35.07710099220276,0
35.07713842391968,0
35.0972261428833,0
35.09725499153137,0
35.09726619720459,0
35.10160803794861,0
35.108256340026855,0
35.108282804489136,0
35.10829305648804,0
35.10846781730652,0
35.10930109024048,0
35.111730337142944,0
35.11174201965332,0
35.118279457092285,0
35.1183078289032,0
35.12004470825195,0
35.1201536655426,0
35.12016606330872,0
35.1206579208374,0
35.128169298172,0
35.12820267677307,0
35.128281354904175,0
35.128297567367554,0
35.12836956977844,0
35.128403425216675,0
35.12843418121338,0
35.129241943359375,0
35.12925219535828,0
35.12926173210144,0
35.12928032875061,0
35.13161516189575,0
35.13163113594055,0
35.13164210319519,0
35.137083292007446,0
35.137094259262085,0
35.13711214065552,0
35.15703058242798,0
35.15704607963562,0
35.1570611000061,0
35.15900135040283,0
35.16326570510864,0
35.16333341598511,0
35.16449952125549,0
35.16692352294922,0
35.1670777797699,0
35.16709661483765,0
35.16888880729675,0
35.16892957687378,0
35.16899371147156,0
35.17704200744629,0
35.17707872390747,0
35.17709279060364,0
35.194087505340576,0
35.19412970542908,0
35.19735407829285,0
35.20378279685974,0
35.20382618904114,0
35.204050064086914,0
35.204097509384155,0
35.20414733886719,0
35.21124649047852,0
35.21342873573303,0
35.213462352752686,0
35.213560342788696,0
35.21374225616455,0
35.21378970146179,0
35.213826179504395,0
35.21701955795288,0
35.21704649925232,0
35.21705889701843,0
35.237122535705566,0
35.23716616630554,0
35.23718333244324,0
35.24951910972595,0
35.255372524261475,0
35.25537300109863,0
35.25539040565491,0
35.25539827346802,0
35.25706958770752,0
35.257097482681274,0
35.25711631774902,0
35.277095079422,0
35.27712273597717,0
35.27712368965149,0
35.27902269363403,0
35.27905607223511,0
35.27911615371704,0
35.280529260635376,0
35.282073974609375,0
35.290854930877686,0
35.290889739990234,0
35.29259395599365,0
35.29260230064392,0
35.297056436538696,0
35.29708290100098,0
35.29709267616272,0
35.30741095542908,0
35.31737494468689,0
35.31740403175354,0
35.317418336868286,0
35.3369357585907,0
35.336984395980835,0
35.336997270584106,0
35.340744495391846,0
35.34076189994812,0
35.340776205062866,0
35.340789794921875,0
35.342660903930664,0
35.34267616271973,0
35.34313225746155,0
35.34363269805908,0
35.345080614089966,0
35.35702466964722,0
35.35706305503845,0
35.35707974433899,0
35.36311411857605,0
35.36767315864563,0
35.36775207519531,0
35.36875653266907,0
35.3691623210907,0
35.36921238899231,0
35.36923408508301,0
35.37292528152466,0
35.372941970825195,0
35.373183727264404,0
35.374730825424194,0
35.37476849555969,0
35.374979734420776,0
35.37500977516174,0
35.377220153808594,0
35.377257108688354,0
35.37730693817139,0
35.379191637039185,0
35.37923049926758,0
35.37953567504883,0
35.393959760665894,0
35.394070863723755,0
35.39517283439636,0
35.39535665512085,0
35.397934913635254,0
35.39799237251282,0
35.39801001548767,0
35.39802837371826,0
35.41332411766052,0
35.41355299949646,0
35.41382336616516,0
35.41384220123291,0
35.41547775268555,0
35.415496587753296,0
35.41551399230957,0
35.416929483413696,0
35.41696214675903,0
35.417041301727295,0
35.42468619346619,0
35.43707871437073,0
35.43711590766907,0
35.437185525894165,0
35.456663846969604,0
35.45688247680664,0
35.45690488815308,0
35.45692467689514,0
35.458847761154175,0
35.45895719528198,0
35.45898079872131,0
35.45906352996826,0
35.46015930175781,0
35.46026253700256,0
35.460286140441895,0
35.46725082397461,0
35.47314643859863,0
35.47388792037964,0
35.4752779006958,0
35.475388526916504,0
35.477155923843384,0
35.47718358039856,0
35.47720289230347,0
35.47834849357605,0
35.48732304573059,0
35.48733377456665,0
35.48734498023987,0
35.48735952377319,0
35.49693727493286,0
35.49696493148804,0
35.4969756603241,0
35.51488184928894,0
35.514967918396,0
35.51568007469177,0
35.51735258102417,0
35.51740765571594,0
35.51743006706238,0
35.53706955909729,0
35.537094593048096,0
35.537105083465576,0
35.556180000305176,0
35.55730175971985,0
35.557302474975586,0
35.55734729766846,0
35.57146215438843,0
35.57154178619385,0
35.57265877723694,0
35.572675704956055,0
35.57268452644348,0
35.572707653045654,0
35.577064990997314,0
35.57710146903992,0
35.57712244987488,0
35.59173560142517,0
35.59176206588745,0
35.5918562412262,0
35.59388780593872,0
35.5974817276001,0
35.59748601913452,0
35.59752702713013,0
35.614253282547,0
35.614285707473755,0
35.61585235595703,0
35.61589598655701,0
35.61982321739197,0
35.619839668273926,0
35.6198456287384,0
35.61993479728699,0
35.619980573654175,0
35.61999583244324,0
35.62000846862793,0
35.62180256843567,0
35.62188792228699,0
35.62210988998413,0
35.63576555252075,0
35.63745450973511,0
35.63745927810669,0
35.6375048160553,0
35.64360857009888,0
35.64364814758301,0
35.643667221069336,0
35.64371609687805,0
35.647743225097656,0
35.647783041000366,0
35.64811944961548,0
35.65777063369751,0
35.6578254699707,0
35.6584837436676,0
35.65856719017029,0
35.663865089416504,0
35.66388249397278,0
35.67754316329956,0
35.67757821083069,0
35.6775918006897,0
35.68676686286926,0
35.68699073791504,0
35.687013149261475,0
35.68704342842102,0
35.6888952255249,0
35.688960552215576,0
35.68961834907532,0
35.690391063690186,0
35.69041728973389,0
35.69201636314392,0
35.69203162193298,0
35.69392967224121,0
35.69709348678589,0
35.69711947441101,0
35.697131395339966,0
35.6984498500824,0
35.71563911437988,0
35.717262268066406,0
35.71728730201721,0
35.7175567150116,0
35.736987829208374,0
35.73701572418213,0
35.737027168273926,0
35.74216818809509,0
35.742194175720215,0
35.74220561981201,0
35.74221992492676,0
35.74435472488403,0
35.74436902999878,0
35.744385957717896,0
35.747406244277954,0
35.75271725654602,0
35.752742290496826,0
35.75279378890991,0
35.75283598899841,0
35.75446271896362,0
35.754464864730835,0
35.754481077194214,0
35.756863594055176,0
35.75688815116882,0
35.75694251060486,0
35.77724313735962,0
35.77729415893555,0
35.777315616607666,0
35.79731488227844,0
35.7973792552948,0
35.7978401184082,0
35.799602031707764,0
35.79982781410217,0
35.80358171463013,0
35.80435919761658,0
35.809892892837524,0
35.81700563430786,0
35.81708073616028,0
35.81709694862366,0
35.81820273399353,0
35.81822466850281,0
35.82043194770813,0
35.82050442695618,0
35.82052445411682,0
35.82088565826416,0
35.82267999649048,0
35.82273983955383,0
35.82354784011841,0
35.82819390296936,0
35.82822799682617,0
35.82823967933655,0
35.828243017196655,0
35.8299126625061,0
35.83005428314209,0
35.83006525039673,0
35.837077379226685,0
35.83711242675781,0
35.83712434768677,0
35.84597659111023,0
35.857815980911255,0
35.857861042022705,0
35.85799169540405,0
35.87717032432556,0
35.87720441818237,0
35.87727403640747,0
35.88423466682434,0
35.884246587753296,0
35.884257078170776,0
35.88428735733032,0
35.88673233985901,0
35.88678431510925,0
35.88683295249939,0
35.887465715408325,0
35.88841366767883,0
35.889389991760254,0
35.88943958282471,0
35.890745878219604,0
35.891032218933105,0
35.89436984062195,0
35.89749622344971,0
35.89750790596008,0
35.89751863479614,0
35.91099524497986,0
35.91101908683777,0
35.91102933883667,0
35.91104054450989,0
35.91437339782715,0
35.91437554359436,0
35.91784119606018,0
35.91798233985901,0
35.91800570487976,0
35.91921329498291,0
35.93680548667908,0
35.936851501464844,0
35.937456369400024,0
35.93748140335083,0
35.93749046325684,0
35.93873405456543,0
35.95766854286194,0
35.957701206207275,0
35.95784831047058,0
35.964510917663574,0
35.964569091796875,0
35.96458387374878,0
35.964683055877686,0
35.968523263931274,0
35.96853828430176,0
35.96855306625366,0
35.97008681297302,0
35.977601051330566,0
35.97763276100159,0
35.97764754295349,0
35.98531150817871,0
35.98771643638611,0
35.98776340484619,0
35.98782396316528,0
35.987844944000244,0
35.987993001937866,0
35.99446964263916,0
35.99450063705444,0
35.994874238967896,0
35.99492025375366,0
35.99496054649353,0
35.995031118392944,0
35.995079040527344,0
35.996933937072754,0
35.996965169906616,0
35.996978998184204,0
36.01330804824829,0
36.01715612411499,0
36.01719117164612,0
36.017205238342285,0
36.03703331947327,0
36.03706574440002,0
36.03710722923279,0
36.04516410827637,0
36.04522204399109,0
36.04524064064026,0
36.04532265663147,0
36.04704308509827,0
36.047094106674194,0
36.04729604721069,0
36.048588275909424,0
36.04860830307007,0
36.04884457588196,0
36.04886555671692,0
36.05105948448181,0
36.051079988479614,0
36.05110192298889,0
36.05192351341248,0
36.05746150016785,0
36.05749821662903,0
36.0575442314148,0
36.063093185424805,0
36.07769656181336,0
36.07772660255432,0
36.07772874832153,0
36.09749364852905,0
36.09751915931702,0
36.09754705429077,0
36.10760807991028,0
36.10867238044739,0
36.11687731742859,0
36.11690354347229,0
36.11694836616516,0
36.13689470291138,0
36.136942625045776,0
36.13697528839111,0
36.15716147422791,0
36.157204389572144,0
36.15732741355896,0
36.15733790397644,0
36.15838575363159,0
36.15839195251465,0
36.15840268135071,0
36.15846467018128,0
36.15850281715393,0
36.16162395477295,0
36.16164207458496,0
36.16206216812134,0
36.17709255218506,0
36.17713093757629,0
36.17719745635986,0
36.18549203872681,0
36.1855263710022,0
36.187678813934326,0
36.18774700164795,0
36.18879199028015,0
36.19573426246643,0
36.19578289985657,0
36.19578766822815,0
36.195849895477295,0
36.19593167304993,0
36.19597554206848,0
36.19601774215698,0
36.19705581665039,0
36.19705939292908,0
36.19709777832031,0
36.20783829689026,0
36.20823073387146,0
36.21154832839966,0
36.211843729019165,0
36.21461892127991,0
36.2155978679657,0
36.21695232391357,0
36.21697187423706,0
36.21828007698059,0
36.218281745910645,0
36.21966862678528,0
36.23032069206238,0
36.23726034164429,0
36.23748135566712,0
36.23749828338623,0
36.238900661468506,0
36.23973894119263,0
36.23977589607239,0
36.23983645439148,0
36.2459671497345,0
36.24599862098694,0
36.24604272842407,0
36.25748896598816,0
36.25748944282532,0
36.25755524635315,0
36.26818537712097,0
36.2773175239563,0
36.27739596366882,0
36.277488708496094,0
36.29476189613342,0
36.29478693008423,0
36.29483151435852,0
36.29484820365906,0
36.29863667488098,0
36.29901123046875,0
36.29902386665344,0
36.29903960227966,0
36.29903984069824,0
36.29906415939331,0
36.299768924713135,0
36.2997772693634,0
36.30219531059265,0
36.3022358417511,0
36.31435394287109,0
36.31435418128967,0
36.3143835067749,0
36.31438374519348,0
36.31711792945862,0
36.317145586013794,0
36.31715965270996,0
36.33041977882385,0
36.330833196640015,0
36.33086013793945,0
36.33098244667053,0
36.33763575553894,0
36.33766436576843,0
36.33789348602295,0
36.35940408706665,0
36.359418630599976,0
36.35943293571472,0
36.35944867134094,0
36.35954976081848,0
36.36053514480591,0
36.36056041717529,0
36.36074495315552,0
36.360761642456055,0
36.36119341850281,0
36.362165689468384,0
36.3644859790802,0
36.375783920288086,0
36.37732648849487,0
36.37739872932434,0
36.37749934196472,0
36.39717221260071,0
36.397199392318726,0
36.39722490310669,0
36.408955812454224,0
36.40962839126587,0
36.41121816635132,0
36.411428689956665,0
36.41192436218262,0
36.41237759590149,0
36.41850304603577,0
36.41855430603027,0
36.418949365615845,0
36.43745422363281,0
36.43758797645569,0
36.437625885009766,0
36.44018220901489,0
36.44035124778748,0
36.44050359725952,0
36.441587686538696,0
36.44185996055603,0
36.44334149360657,0
36.443594217300415,0
36.4442253112793,0
36.46329665184021,0
36.46334195137024,0
36.4633629322052,0
36.477198123931885,0
36.47722768783569,0
36.47726273536682,0
36.48493242263794,0
36.48574209213257,0
36.48576879501343,0
36.485801696777344,0
36.49266147613525,0
36.49728155136109,0
36.49730777740479,0
36.49734449386597,0
36.49806499481201,0
36.498080015182495,0
36.498634815216064,0
36.51500535011292,0
36.51503562927246,0
36.517324924468994,0
36.51735186576843,0
36.517383098602295,0
36.518954277038574,0
36.51900506019592,0
36.53151845932007,0
36.53515267372131,0
36.53519487380981,0
36.53520894050598,0
36.5352623462677,0
36.537543296813965,0
36.53758263587952,0
36.53762459754944,0
36.55253887176514,0
36.55255341529846,0
36.5528666973114,0
36.55419683456421,0
36.55422472953797,0
36.55433249473572,0
36.55434727668762,0
36.55566883087158,0
36.555694341659546,0
36.55580639839173,0
36.55740165710449,0
36.55743098258972,0
36.5574426651001,0
36.56690192222595,0
36.57712292671204,0
36.577162742614746,0
36.577178716659546,0
36.59717106819153,0
36.5972580909729,0
36.59727883338928,0
36.607293128967285,0
36.60731816291809,0
36.61021876335144,0
36.61026740074158,0
36.61028742790222,0
36.6103105545044,0
36.61769199371338,0
36.617738246917725,0
36.61773920059204,0
36.63744163513184,0
36.63747787475586,0
36.63753342628479,0
36.63818693161011,0
36.63822150230408,0
36.63826060295105,0
36.639456033706665,0
36.63948917388916,0
36.64116716384888,0
36.64122104644776,0
36.64199423789978,0
36.65807294845581,0
36.65810227394104,0
36.65812349319458,0
36.6598527431488,0
36.66163659095764,0
36.67192888259888,0
36.67196679115296,0
36.67198657989502,0
36.67200684547424,0
36.67555260658264,0
36.67744421958923,0
36.677459478378296,0
36.67748022079468,0
36.69787383079529,0
36.69790983200073,0
36.69798707962036,0
36.69840359687805,0
36.698456048965454,0
36.69849872589111,0
36.69851326942444,0
36.698569774627686,0
36.69858431816101,0
36.69871878623962,0
36.6988639831543,0
36.70170783996582,0
36.702311754226685,0
36.70232439041138,0
36.71716737747192,0
36.71719288825989,0
36.717196464538574,0
36.71773910522461,0
36.71843361854553,0
36.71902680397034,0
36.73722076416016,0
36.73725414276123,0
36.73740363121033,0
36.74262285232544,0
36.74264121055603,0
36.74269270896912,0
36.74270987510681,0
36.74518132209778,0
36.7452073097229,0
36.745211362838745,0
36.746737003326416,0
36.74976062774658,0
36.752657890319824,0
36.75827646255493,0
36.758301973342896,0
36.75831389427185,0
36.77731370925903,0
36.777376890182495,0
36.77739810943604,0
36.78715777397156,0
36.78744840621948,0
36.78756904602051,0
36.78768754005432,0
36.78770852088928,0
36.78775930404663,0
36.79216837882996,0
36.792206048965454,0
36.79300594329834,0
36.79416251182556,0
36.79420018196106,0
36.79715585708618,0
36.797192335128784,0
36.797208070755005,0
36.79846858978272,0
36.79850196838379,0
36.80073118209839,0
36.80076551437378,0
36.8010368347168,0
36.80106544494629,0
36.80256247520447,0
36.8026008605957,0
36.80297040939331,0
36.80725121498108,0
36.81728672981262,0
36.8173041343689,0
36.81732749938965,0
36.830857038497925,0
36.83102202415466,0
36.83114767074585,0
36.83124995231629,0
36.83252573013306,0
36.83265137672424,0
36.832690477371216,0
36.836928367614746,0
36.83695840835571,0
36.83700251579285,0
36.85742473602295,0
36.85744380950928,0
36.85939359664917,0
36.86526417732239,0
36.87724018096924,0
36.87727069854736,0
36.877272844314575,0
36.891862869262695,0
36.891900300979614,0
36.89226961135864,0
36.8922746181488,0
36.894481897354126,0
36.8945472240448,0
36.8954598903656,0
36.89726400375366,0
36.89733386039734,0
36.89734578132629,0
36.91696572303772,0
36.9172568321228,0
36.91738796234131,0
36.92325735092163,0
36.9232816696167,0
36.924448013305664,0
36.924641132354736,0
36.924975633621216,0
36.92627215385437,0
36.92685842514038,0
36.93548679351807,0
36.93550109863281,0
36.93554711341858,0
36.93558621406555,0
36.93691039085388,0
36.93693447113037,0
36.93697571754456,0
36.94117164611816,0
36.941184282302856,0
36.94124889373779,0
36.956979513168335,0
36.95700287818909,0
36.9575514793396,0
36.97328567504883,0
36.977426290512085,0
36.97746014595032,0
36.97746443748474,0
36.9801836013794,0
36.98084282875061,0
36.98847818374634,0
36.988831758499146,0
36.98886632919312,0
36.98893928527832,0
36.99088501930237,0
36.99128413200378,0
36.99135494232178,0
36.99716258049011,0
36.9971969127655,0
36.99724698066712,0
37.01517724990845,0
37.015257120132446,0
37.01747822761536,0
37.01749801635742,0
37.01753234863281,0
37.01887917518616,0
37.018951177597046,0
37.03878402709961,0
37.03882646560669,0
37.03891825675965,0
37.04783439636231,0
37.05366635322571,0
37.055424451828,0
37.05753540992737,0
37.05758619308472,0
37.05763483047485,0
37.05768203735352,0
37.05772686004639,0
37.05777287483215,0
37.0578191280365,0
37.05787420272827,0
37.06091594696045,0
37.06094932556152,0
37.0609667301178,0
37.06118178367615,0
37.06291842460632,0
37.06314301490784,0
37.06340169906616,0
37.06433653831482,0
37.06701946258545,0
37.07788300514221,0
37.0779185295105,0
37.07794404029846,0
37.079883098602295,0
37.08103084564209,0
37.08225607872009,0
37.08231067657471,0
37.08264636993408,0
37.08266425132752,0
37.08271908760071,0
37.083640575408936,0
37.08366417884827,0
37.08575749397278,0
37.08578443527222,0
37.09771347045898,0
37.09774398803711,0
37.09775447845459,0
37.1148796081543,0
37.11590719223023,0
37.11593270301819,0
37.11600065231323,0
37.11601400375366,0
37.11774516105652,0
37.1177453994751,0
37.117772340774536,0
37.13182878494263,0
37.131845235824585,0
37.13277244567871,0
37.13689208030701,0
37.13713002204895,0
37.13717865943909,0
37.138060331344604,0
37.13807272911072,0
37.14700865745544,0
37.157625675201416,0
37.15770483016968,0
37.15775108337402,0
37.17719221115112,0
37.1772301197052,0
37.17758226394653,0
37.18956756591797,0
37.189587116241455,0
37.19091248512268,0
37.19092130661011,0
37.19095206260681,0
37.1909556388855,0
37.19283628463745,0
37.192880153656006,0
37.19326233863831,0
37.19403862953186,0
37.19435977935791,0
37.19799947738648,0
37.198049783706665,0
37.19810175895691,0
37.198155641555786,0
37.19820737838745,0
37.21723890304565,0
37.21733689308167,0
37.2174346446991,0
37.22545576095581,0
37.22679424285889,0
37.23022413253784,0
37.23721075057984,0
37.23724007606506,0
37.23742175102234,0
37.24988889694214,0
37.24991726875305,0
37.24993896484375,0
37.249961137771606,0
37.25416374206543,0
37.25427746772766,0
37.25434613227844,0
37.25759553909302,0
37.25763988494873,0
37.25769853591919,0
37.27733850479126,0
37.27742576599121,0
37.27775168418884,0
37.283123254776,0
37.28573632240296,0
37.28659105300903,0
37.29165315628052,0
37.29168319702149,0
37.291723012924194,0
37.29186105728149,0
37.29868817329407,0
37.29872608184815,0
37.29873824119568,0
37.299400806427,0
37.29977202415466,0
37.29996228218079,0
37.300443172454834,0
37.30045533180237,0
37.3004674911499,0
37.30048084259033,0
37.31709146499634,0
37.317121505737305,0
37.3171329498291,0
37.32225465774536,0
37.32228636741638,0
37.32252907752991,0
37.32255244255066,0
37.323994398117065,0
37.324252128601074,0
37.32427597045898,0
37.32453536987305,0
37.33282446861267,0
37.332839012146,0
37.33284902572632,0
37.33286070823669,0
37.33572196960449,0
37.33574533462525,0
37.33578705787659,0
37.340187311172485,0
37.340327739715576,0
37.3403422832489,0
37.3464560508728,0
37.35699009895325,0
37.357025146484375,0
37.35703611373901,0
37.37649393081665,0
37.37651348114014,0
37.37815165519714,0
37.37819027900696,0
37.37822771072388,0
37.379125356674194,0
37.37917995452881,0
37.379201889038086,0
37.38247108459473,0
37.38250470161438,0
37.38250684738159,0
37.38782620429993,0
37.38787794113159,0
37.39010524749756,0
37.390177965164185,0
37.3970422744751,0
37.39713644981384,0
37.39719414710999,0
37.40591478347778,0
37.41848540306091,0
37.41853594779968,0
37.41856265068054,0
37.433608055114746,0
37.43381118774414,0
37.433961391448975,0
37.43396902084351,0
37.438570499420166,0
37.43866562843323,0
37.4388062953949,0
37.43927478790283,0
37.43949866294861,0
37.4395318031311,0
37.45741224288941,0
37.45746564865112,0
37.45748805999756,0
37.46706342697144,0
37.47839164733887,0
37.47847366333008,0
37.47853136062622,0
37.497342109680176,0
37.49739742279053,0
37.49741172790527,0
37.4991021156311,0
37.49913430213928,0
37.50005912780762,0
37.50014114379883,0
37.50019216537476,0
37.500210762023926,0
37.50030779838562,0
37.50218749046326,0
37.502227783203125,0
37.50333380699158,0
37.50335097312927,0
37.51745963096619,0
37.517488956451416,0
37.51752328872681,0
37.5185604095459,0
37.518563985824585,0
37.518574237823486,0
37.518598794937134,0
37.51928758621216,0
37.51931571960449,0
37.52116894721985,0
37.52332520484924,0
37.52921843528748,0
37.52927756309509,0
37.529343605041504,0
37.529378175735474,0
37.53268074989319,0
37.53269624710083,0
37.532745361328125,0
37.53722882270813,0
37.537309646606445,0
37.53732442855835,0
37.55706954002381,0
37.55708932876587,0
37.55709981918335,0
37.57495760917664,0
37.57741355895996,0
37.57771635055542,0
37.57773685455322,0
37.59711527824402,0
37.59715700149536,0
37.5972375869751,0
37.60395359992981,0
37.6039924621582,0
37.605311155319214,0
37.60533022880554,0
37.60786390304565,0
37.6079523563385,0
37.60805535316467,0
37.60837411880493,0
37.60841703414917,0
37.60958385467529,0
37.60962152481079,0
37.61681127548218,0
37.616896629333496,0
37.61690807342529,0
37.61731219291687,0
37.61733388900757,0
37.6173529624939,0
37.62308287620544,0
37.63756895065308,0
37.63758373260498,0
37.63761425018311,0
37.65492582321167,0
37.65755319595337,0
37.65759897232056,0
37.66535401344299,0
37.66543030738831,0
37.66550898551941,0
37.66553497314453,0
37.66584515571594,0
37.66589379310608,0
37.66595506668091,0
37.67763018608093,0
37.67763447761536,0
37.677656173706055,0
37.67776608467102,0
37.68603110313416,0
37.68606233596802,0
37.68610548973084,0
37.68614459037781,0
37.686662435531616,0
37.68779373168945,0
37.68810939788818,0
37.69703006744385,0
37.69705867767334,0
37.69725561141968,0
37.70099306106568,0
37.70116639137268,0
37.701743602752686,0
37.70175909996033,0
37.70912551879883,0
37.70917010307312,0
37.71708273887634,0
37.717113971710205,0
37.717124700546265,0
37.7278938293457,0
37.73409724235535,0
37.73439931869507,0
37.73443269729614,0
37.73448729515076,0
37.73693919181824,0
37.73695516586304,0
37.73696565628052,0
37.73699569702149,0
37.73747801780701,0
37.74141502380371,0
37.74827265739441,0
37.748295068740845,0
37.748295307159424,0
37.74843978881836,0
37.74957060813904,0
37.74959850311279,0
37.74987077713013,0
37.75715899467468,0
37.75715947151184,0
37.75719594955444,0
37.767115116119385,0
37.77708554267883,0
37.77714443206787,0
37.777159452438354,0
37.79728794097901,0
37.7973313331604,0
37.79776310920715,0
37.80488276481629,0
37.80490684509277,0
37.80508208274841,0
37.805108070373535,0
37.80512499809265,0
37.805458784103394,0
37.80652260780335,0
37.80653095245361,0
37.80655097961426,0
37.80774521827698,0
37.80833458900452,0
37.81793880462647,0
37.817986726760864,0
37.818005084991455,0
37.8180205821991,0
37.81821417808533,0
37.81823539733887,0
37.818278074264526,0
37.81832766532898,0
37.83523201942444,0
37.83524489402771,0
37.83534026145935,0
37.83535718917847,0
37.83569955825806,0
37.83773684501648,0
37.837790966033936,0
37.83779287338257,0
37.83779311180115,0
37.83933186531067,0
37.85723876953125,0
37.857282876968384,0
37.85791730880737,0
37.86680817604065,0
37.87783479690552,0
37.87788987159729,0
37.87790656089783,0
37.89537286758423,0
37.89538383483887,0
37.89539432525635,0
37.89540600776672,0
37.897149085998535,0
37.897202491760254,0
37.89773058891296,0
37.898517370224,0
37.89852786064148,0
37.89859437942505,0
37.89924454689026,0
37.89924478530884,0
37.9082624912262,0
37.90828776359558,0
37.909016609191895,0
37.91776084899902,0
37.91779160499573,0
37.9178032875061,0
37.93719100952149,0
37.93721675872803,0
37.93748378753662,0
37.94084596633911,0
37.94085955619812,0
37.94095325469971,0
37.94096565246582,0
37.94278001785278,0
37.942960023880005,0
37.94297933578491,0
37.94331383705139,0
37.94505739212036,0
37.95727276802063,0
37.95730805397034,0
37.95742821693421,0
37.9779531955719,0
37.977954626083374,0
37.978007555007935,0
37.97801780700684,0
37.98786783218384,0
37.9878842830658,0
37.98789978027344,0
37.98791408538818,0
37.98798704147339,0
37.98801279067993,0
37.99708700180054,0
37.99713349342346,0
37.99715542793274,0
37.997180223464966,0
37.9974365234375,0
37.997456312179565,0
38.00257802009583,0
38.0026113986969,0
38.00385975837708,0
38.003939628601074,0
38.005303382873535,0
38.00534272193909,0
38.00548887252808,0
38.00571489334106,0
38.00845527648926,0
38.00849461555481,0
38.0086452960968,0
38.01740550994873,0
38.01744747161865,0
38.01746392250061,0
38.036072969436646,0
38.037429094314575,0
38.037468910217285,0
38.03754663467407,0
38.04259085655213,0
38.042624950408936,0
38.04264569282532,0
38.042649269104,0
38.04517245292664,0
38.045281410217285,0
38.04531097412109,0
38.05732536315918,0
38.057427644729614,0
38.0575590133667,0
38.0582332611084,0
38.06797218322754,0
38.07595872879028,0
38.075992822647095,0
38.08052492141724,0
38.08056569099426,0
38.0806086063385,0
38.08518838882446,0
38.08522987365723,0
38.08524918556213,0
38.08533072471619,0
38.09145975112915,0
38.09146404266357,0
38.09179449081421,0
38.09311461448669,0
38.0931396484375,0
38.0953848361969,0
38.095409870147705,0
38.09693622589111,0
38.09696578979492,0
38.09697771072388,0
38.10966324806213,0
38.11716628074646,0
38.11732053756714,0
38.11734056472778,0
38.13099312782288,0
38.13257169723511,0
38.13259649276733,0
38.13268804550171,0
38.1376428604126,0
38.137672424316406,0
38.137683391571045,0
38.14665460586548,0
38.14670252799988,0
38.146735429763794,0
38.14675283432007,0
38.15690493583679,0
38.1569344997406,0
38.15717005729675,0
38.177223682403564,0
38.17725992202759,0
38.17729043960571,0
38.18712306022644,0
38.18815565109253,0
38.19786262512207,0
38.19790267944336,0
38.197920083999634,0
38.21621727943421,0
38.2162663936615,0
38.21744203567505,0
38.21747326850891,0
38.21747732162476,0
38.219478130340576,0
38.21950578689575,0
38.2195258140564,0
38.21954894065857,0
38.22346520423889,0
38.22350144386292,0
38.22353291511536,0
38.23522686958313,0
38.23529148101807,0
38.23720979690552,0
38.237244844436646,0
38.23731207847595,0
38.23781657218933,0
38.23786115646362,0
38.25458908081055,0
38.25897169113159,0
38.25900626182556,0
38.259673833847046,0
38.26769208908081,0
38.26793241500855,0
38.26795315742493,0
38.26797008514404,0
38.27729725837708,0
38.27733540534973,0
38.27734351158142,0
38.28778886795044,0
38.28780508041382,0
38.287906885147095,0
38.28998827934265,0
38.29000926017761,0
38.29002118110657,0
38.29003310203552,0
38.29698419570923,0
38.29700994491577,0
38.29704809188843,0
38.31703519821167,0
38.31706738471985,0
38.31706929206848,0
38.325258016586304,0
38.325278520584106,0
38.32532286643982,0
38.325355052948,0
38.32935047149658,0
38.32946038246155,0
38.33086180686951,0
38.330864667892456,0
38.33775210380554,0
38.33775234222412,0
38.33777761459351,0
38.342862367630005,0
38.34631848335266,0
38.34726285934448,0
38.34727430343628,0
38.34728693962097,0
38.34779572486877,0
38.347822189331055,0
38.34786653518677,0
38.350173234939575,0
38.35046148300171,0
38.35296082496643,0
38.35715317726135,0
38.35719347000122,0
38.35732269287109,0
38.357654333114624,0
38.35766363143921,0
38.37043976783752,0
38.37045454978943,0
38.3704674243927,0
38.37048006057739,0
38.37217545509338,0
38.372231245040894,0
38.37279653549194,0
38.376930713653564,0
38.376959800720215,0
38.37697291374207,0
38.38804507255554,0
38.38806867599487,0
38.39005970954895,0
38.390135288238525,0
38.397252321243286,0
38.39726400375366,0
38.39743256568909,0
38.41770243644714,0
38.41774368286133,0
38.4178638458252,0
38.41989707946777,0
38.42259693145752,0
38.42635917663574,0
38.43372344970703,0
38.4337649345398,0
38.43430185317993,0
38.43430614471436,0
38.437501192092896,0
38.43753504753113,0
38.43754887580872,0
38.438557624816895,0
38.43896007537842,0
38.43909120559693,0
38.4570198059082,0
38.457053422927856,0
38.4570689201355,0
38.4667558670044,0
38.47716283798218,0
38.47719955444336,0
38.47722291946411,0
38.49552130699158,0
38.49553203582764,0
38.49554467201233,0
38.495556116104126,0
38.49744129180908,0
38.49744462966919,0
38.49747967720032,0
38.49808645248413,0
38.49809741973877,0
38.49811100959778,0
38.49879002571106,0
38.49882507324219,0
38.52312088012695,0
38.52315378189087,0
38.523165702819824,0
38.52942633628845,0
38.52943396568298,0
38.529438734054565,0
38.52944493293762,0
38.52945065498352,0
38.53017282485962,0
38.53023362159729,0
38.53024983406067,0
38.53041386604309,0
38.53143954277039,0
38.53478384017944,0
38.53479433059693,0
38.5350239276886,0
38.53503131866455,0
38.53503847122192,0
38.535072565078735,0
38.53510618209839,0
38.53750681877136,0
38.53767275810242,0
38.53771185874939,0
38.54821562767029,0
38.55698227882385,0
38.55701589584351,0
38.557039737701416,0
38.57624411582947,0
38.576260805130005,0
38.577237367630005,0
38.57727026939392,0
38.577271461486816,0
38.57807493209839,0
38.578089237213135,0
38.57894968986511,0
38.5789794921875,0
38.58244276046753,0
38.582592487335205,0
38.58274793624878,0
38.59593772888184,0
38.59597086906433,0
38.597344398498535,0
38.597540616989136,0
38.59775185585022,0
38.5997896194458,0
38.59978985786438,0
38.60172891616821,0
38.60262632369995,0
38.60508561134338,0
38.61773157119751,0
38.61777091026306,0
38.61786603927612,0
38.63793540000916,0
38.63914084434509,0
38.6391761302948,0
38.63919281959534,0
38.63921022415161,0
38.63929486274719,0
38.63939571380615,0
38.639525413513184,0
38.63954424858093,0
38.63964605331421,0
38.64031028747559,0
38.647929668426514,0
38.6583616733551,0
38.65840768814087,0
38.658527851104736,0
38.67149567604065,0
38.67760252952576,0
38.67768573760986,0
38.6778826713562,0
38.69781231880188,0
38.69807577133179,0
38.69812417030335,0
38.70875763893128,0
38.70879626274109,0
38.70928955078125,0
38.709553956985474,0
38.70984649658203,0
38.71012735366821,0
38.71016502380371,0
38.71069860458374,0
38.710857629776,0
38.71146321296692,0
38.71149492263794,0
38.71752071380615,0
38.71797490119934,0
38.71827530860901,0
38.72689080238342,0
38.73539161682129,0
38.73539686203003,0
38.73540258407593,0
38.73546028137207,0
38.73785209655762,0
38.7380850315094,0
38.7381112575531,0
38.74564576148987,0
38.74569582939148,0
38.74573349952698,0
38.75332474708557,0
38.75334167480469,0
38.75345540046692,0
38.753472089767456,0
38.754847049713135,0
38.75497961044312,0
38.75507378578186,0
38.75557613372803,0
38.75693488121033,0
38.75763440132141,0
38.75766086578369,0
38.77598762512207,0
38.77622175216675,0
38.77756857872009,0
38.77916574478149,0
38.77930474281311,0
38.7801947593689,0
38.78036427497864,0
38.78039360046387,0
38.78040885925293,0
38.7825083732605,0
38.782543897628784,0
38.78261613845825,0
38.79725456237793,0
38.797412633895874,0
38.79770421981812,0
38.80182480812073,0
38.8019449710846,0
38.80416822433472,0
38.804208278656006,0
38.80498695373535,0
38.80794310569763,0
38.81898784637451,0
38.81901621818543,0
38.81909108161926,0
38.8284866809845,0
38.8371844291687,0
38.83720684051514,0
38.83722305297852,0
38.84656882286072,0
38.84659767150879,0
38.84664535522461,0
38.8466956615448,0
38.84927558898926,0
38.850369453430176,0
38.850736141204834,0
38.85729074478149,0
38.85732960700989,0
38.85747361183167,0
38.87785744667053,0
38.87789678573608,0
38.87792658805847,0
38.87966060638428,0
38.88461399078369,0
38.88494181632996,0
38.88496923446655,0
38.885653018951416,0
38.88824248313904,0
38.88830137252808,0
38.88860368728638,0
38.88933992385864,0
38.88942241668701,0
38.89236807823181,0
38.89237928390503,0
38.896950006484985,0
38.89697766304016,0
38.89700412750244,0
38.9093382358551,0
38.917428731918335,0
38.91797733306885,0
38.917999505996704,0
38.929585218429565,0
38.92960572242737,0
38.929616928100586,0
38.92962813377381,0
38.93404531478882,0
38.93405222892761,0
38.93413305282593,0
38.94507694244385,0
38.94511556625366,0
38.94521331787109,0
38.94572567939758,0
38.95699191093445,0
38.95702791213989,0
38.95704507827759,0
38.96889090538025,0
38.96890830993652,0
38.97707223892212,0
38.97710704803467,0
38.97712159156799,0
38.9972231388092,0
38.99726676940918,0
38.997284173965454,0
39.01510739326477,0
39.01515531539917,0
39.01532316207886,0
39.01535224914551,0
39.01734280586243,0
39.01748013496399,0
39.01752901077271,0
39.01942539215088,0
39.01945757865906,0
39.0195631980896,0
39.0211067199707,0
39.02115535736084,0
39.03730916976929,0
39.03734016418457,0
39.03735256195069,0
39.04007124900818,0
39.04011750221253,0
39.04189586639404,0
39.04192090034485,0
39.04192399978638,0
39.04197311401367,0
39.04325199127197,0
39.043434381484985,0
39.04346513748169,0
39.04395890235901,0
39.048992395401,0
39.04904365539551,0
39.05113220214844,0
39.05118727684021,0
39.05826497077942,0
39.058382749557495,0
39.05844521522522,0
39.064788818359375,0
39.06484341621399,0
39.07422733306885,0
39.074278831481934,0
39.07432413101196,0
39.07434105873108,0
39.07441186904907,0
39.07845306396485,0
39.07849931716919,0
39.07852029800415,0
39.08371949195862,0
39.08391857147217,0
39.083982944488525,0
39.08402752876282,0
39.08424067497253,0
39.08425736427307,0
39.08427453041077,0
39.08893990516663,0
39.08899736404419,0
39.09780812263489,0
39.09783959388733,0
39.09785079956055,0
39.11101841926575,0
39.11106204986572,0
39.11286211013794,0
39.113224029541016,0
39.1144495010376,0
39.117902517318726,0
39.11792778968811,0
39.11793875694275,0
39.1327805519104,0
39.13279485702515,0
39.13281416893005,0
39.132853507995605,0
39.137943983078,0
39.13797426223755,0
39.1379861831665,0
39.14182496070862,0
39.14184069633484,0
39.14383268356323,0
39.15686511993408,0
39.15689086914063,0
39.15695238113403,0
39.17700147628784,0
39.1770281791687,0
39.1787588596344,0
39.19733881950378,0
39.19742441177368,0
39.1974503993988,0
39.20372700691223,0
39.213823318481445,0
39.21386384963989,0
39.21388578414917,0
39.21390318870544,0
39.21392607688904,0
39.214022159576416,0
39.21910119056702,0
39.2191801071167,0
39.220144510269165,0
39.22303462028504,0
39.22305488586426,0
39.22309565544128,0
39.22311449050903,0
39.223135232925415,0
39.239001989364624,0
39.23903465270996,0
39.23911738395691,0
39.24083542823792,0
39.24087524414063,0
39.24489998817444,0
39.249048709869385,0
39.249064445495605,0
39.24911451339722,0
39.24915719032288,0
39.25040125846863,0
39.25067472457886,0
39.25124931335449,0
39.252073526382446,0
39.252169132232666,0
39.25249910354614,0
39.252503871917725,0
39.25335311889648,0
39.25361084938049,0
39.25363802909851,0
39.257649421691895,0
39.257877588272095,0
39.25800323486328,0
39.25806903839111,0
39.25909328460693,0
39.27722501754761,0
39.27727031707764,0
39.27733516693115,0
39.28321647644043,0
39.28899526596069,0
39.28974509239197,0
39.28975629806519,0
39.2897584438324,0
39.29108023643494,0
39.29114437103272,0
39.29186749458313,0
39.29254531860352,0
39.292545557022095,0
39.293829679489136,0
39.293991804122925,0
39.29724311828613,0
39.29727029800415,0
39.29728817939758,0
39.317057609558105,0
39.31707739830017,0
39.31708097457886,0
39.31844019889832,0
39.33787512779236,0
39.33787775039673,0
39.33790469169617,0
39.33929443359375,0
39.33932018280029,0
39.33942627906799,0
39.34839224815369,0
39.3484423160553,0
39.348525047302246,0
39.35221886634827,0
39.35577917098999,0
39.35785126686096,0
39.35797619819641,0
39.357990741729736,0
39.364978313446045,0
39.37706732749939,0
39.37709951400757,0
39.377113580703735,0
39.39741063117981,0
39.39744663238525,0
39.39754128456116,0
39.39816451072693,0
39.39856958389282,0
39.39919948577881,0
39.39934897422791,0
39.39936113357544,0
39.39936876296997,0
39.401615142822266,0
39.40173935890198,0
39.40202116966248,0
39.41246867179871,0
39.41253042221069,0
39.41432452201843,0
39.41438674926758,0
39.41513729095459,0
39.41712260246277,0
39.417160511016846,0
39.41745591163635,0
39.43599724769592,0
39.436084508895874,0
39.4361457824707,0
39.43620181083679,0
39.4366557598114,0
39.436673402786255,0
39.43783044815064,0
39.43789792060852,0
39.43789839744568,0
39.43797111511231,0
39.44381475448608,0
39.45730781555176,0
39.45777297019959,0
39.45777916908264,0
39.47753119468689,0
39.47783946990967,0
39.47788500785828,0
39.482383251190186,0
39.482449531555176,0
39.48247385025024,0
39.482577085495,0
39.48484683036804,0
39.484862089157104,0
39.48487401008606,0
39.48641467094421,0
39.48647427558899,0
39.49006247520447,0
39.490065813064575,0
39.49188208580017,0
39.49190020561218,0
39.49190044403076,0
39.491913080215454,0
39.49500036239624,0
39.49503397941589,0
39.495065689086914,0
39.49915647506714,0
39.50047135353088,0
39.50069689750672,0
39.506983041763306,0
39.51867437362671,0
39.518718957901,0
39.5188136100769,0
39.53751230239868,0
39.53753447532654,0
39.53753829002381,0
39.53821587562561,0
39.53832936286926,0
39.53848481178284,0
39.538506507873535,0
39.539692640304565,0
39.539902448654175,0
39.540037393569946,0
39.55169892311096,0
39.55176568031311,0
39.55444931983948,0
39.55699872970581,0
39.55702352523804,0
39.55703592300415,0
39.57509183883667,0
39.57516503334045,0
39.5764307975769,0
39.576457023620605,0
39.57647037506104,0
39.57655692100525,0
39.57708549499512,0
39.57711338996887,0
39.577128648757935,0
39.57948660850525,0
39.57951903343201,0
39.579747676849365,0
39.58825659751892,0
39.58844661712647,0
39.59037280082703,0
39.590444564819336,0
39.59749841690064,0
39.59756183624268,0
39.59761452674866,0
39.6061155796051,0
39.60866641998291,0
39.61751174926758,0
39.61755704879761,0
39.61757946014404,0
39.63819766044617,0
39.63923406600952,0
39.63925528526306,0
39.63953256607056,0
39.65796113014221,0
39.657994747161865,0
39.658066749572754,0
39.66043210029602,0
39.66053080558777,0
39.66080451011658,0
39.66090965270996,0
39.66377758979797,0
39.663798570632935,0
39.66386342048645,0
39.663994789123535,0
39.66573190689087,0
39.67102837562561,0
39.67894649505615,0
39.681504249572754,0
39.6815836429596,0
39.68163204193115,0
39.68172574043274,0
39.68174195289612,0
39.68179202079773,0
39.69710063934326,0
39.697129011154175,0
39.69718074798584,0
39.71467065811157,0
39.7147114276886,0
39.71475648880005,0
39.71486830711365,0
39.714881896972656,0
39.71666955947876,0
39.71684861183167,0
39.717283964157104,0
39.717586517333984,0
39.717684745788574,0
39.7338330745697,0
39.73818922042847,0
39.7382173538208,0
39.73826622962952,0
39.75727677345276,0
39.75731182098389,0
39.75750422477722,0
39.76547622680664,0
39.76549696922302,0
39.76556348800659,0
39.76561069488525,0
39.76769495010376,0
39.76771640777588,0
39.767796993255615,0
39.77052640914917,0
39.77054762840271,0
39.77056336402893,0
39.77060222625733,0
39.77202272415161,0
39.77227544784546,0
39.77246475219727,0
39.77289628982544,0
39.77711009979248,0
39.77722692489624,0
39.77759337425232,0
39.78196954727173,0
39.7819972038269,0
39.79767155647278,0
39.79770970344544,0
39.79772686958313,0
39.798081398010254,0
39.79929542541504,0
39.79933214187622,0
39.79935145378113,0
39.80193591117859,0
39.801950216293335,0
39.802194595336914,0
39.80361247062683,0
39.804121017456055,0
39.80682396888733,0
39.80692648887634,0
39.80806136131287,0
39.8177490234375,0
39.81779718399048,0
39.818108320236206,0
39.83391857147217,0
39.83447980880737,0
39.83451724052429,0
39.83456516265869,0
39.83714294433594,0
39.8375346660614,0
39.83753705024719,0
39.83950686454773,0
39.83956718444824,0
39.84067988395691,0
39.85724425315857,0
39.85724449157715,0
39.85728573799133,0
39.86628341674805,0
39.87742924690247,0
39.87747240066528,0
39.87748861312866,0
39.89704990386963,0
39.897085666656494,0
39.89715027809143,0
39.90121531486511,0
39.90124082565308,0
39.90125584602356,0
39.901259660720825,0
39.90398621559143,0
39.90403270721436,0
39.90407466888428,0
39.90409398078919,0
39.90412354469299,0
39.90523838996887,0
39.905680418014526,0
39.91711616516113,0
39.917475938797,0
39.91758704185486,0
39.93353533744812,0
39.937021017074585,0
39.937045097351074,0
39.93709826469421,0
39.95316195487976,0
39.95318675041199,0
39.9536874294281,0
39.95371556282044,0
39.95599341392517,0
39.95600628852844,0
39.95601868629456,0
39.9573290348053,0
39.95734405517578,0
39.95743274688721,0
39.96863651275635,0
39.97770047187805,0
39.97773289680481,0
39.97781491279602,0
39.99699592590332,0
39.99701762199402,0
39.99703764915466,0
40.00320911407471,0
40.00322341918945,0
40.004709243774414,0
40.00474190711975,0
40.00503659248352,0
40.0050687789917,0
40.006479263305664,0
40.00699162483215,0
40.00708866119385,0
40.00795292854309,0
40.0082745552063,0
40.00961565971375,0
40.00984573364258,0
40.01102256774902,0
40.01116800308228,0
40.01125502586365,0
40.01130962371826,0
40.01585936546326,0
40.016117334365845,0
40.01615881919861,0
40.01780462265015,0
40.01784658432007,0
40.01795816421509,0
40.01884484291077,0
40.02020454406738,0
40.03756523132324,0
40.03763484954834,0
40.037813901901245,0
40.05263948440552,0
40.05386137962341,0
40.05399441719055,0
40.05401110649109,0
40.05402612686157,0
40.057193994522095,0
40.05722188949585,0
40.05725073814392,0
40.05730390548706,0
40.057514905929565,0
40.05787873268128,0
40.059274435043335,0
40.06111598014832,0
40.06647491455078,0
40.06744432449341,0
40.077189445495605,0
40.07721948623657,0
40.077264070510864,0
40.07855677604675,0
40.08090686798096,0
40.08100771903992,0
40.08102488517761,0
40.0895836353302,0
40.09012627601624,0
40.090160846710205,0
40.091500997543335,0
40.09152960777283,0
40.09715914726257,0
40.09718823432922,0
40.09719920158386,0
40.11201024055481,0
40.11202836036682,0
40.11333560943604,0
40.114081382751465,0
40.11497712135315,0
40.11705923080444,0
40.11708307266235,0
40.11712646484375,0
40.13993835449219,0
40.139965295791626,0
40.1399781703949,0
40.15707802772522,0
40.15710711479187,0
40.15712761878967,0
40.1592857837677,0
40.16040015220642,0
40.160722494125366,0
40.16093015670776,0
40.16129231452942,0
40.16132116317749,0
40.16187882423401,0
40.16307783126831,0
40.16807007789612,0
40.16809821128845,0
40.17104363441467,0
40.17105770111084,0
40.17109394073486,0
40.17172646522522,0
40.1731321811676,0
40.17378330230713,0
40.17384934425354,0
40.17712950706482,0
40.17720031738281,0
40.17721462249756,0
40.18655037879944,0
40.18692660331726,0
40.18807029724121,0
40.18808603286743,0
40.19717168807984,0
40.19721031188965,0
40.19722938537598,0
40.217127561569214,0
40.21718335151672,0
40.21720027923584,0
40.23733043670654,0
40.237452268600464,0
40.23751020431519,0
40.2574610710144,0
40.25746464729309,0
40.25751090049744,0
40.27077746391296,0
40.2778434753418,0
40.277865409851074,0
40.27786684036255,0
40.27792549133301,0
40.27829599380493,0
40.27831721305847,0
40.27847838401794,0
40.296466588974,0
40.296504735946655,0
40.2965259552002,0
40.297547578811646,0
40.29772210121155,0
40.29774713516235,0
40.29981660842896,0
40.29983639717102,0
40.30021405220032,0
40.30021953582764,0
40.30103254318237,0
40.30163025856018,0
40.30164313316345,0
40.302356243133545,0
40.30238604545593,0
40.305864334106445,0
40.305901288986206,0
40.317301511764526,0
40.31733322143555,0
40.31734585762024,0
40.33697819709778,0
40.33755135536194,0
40.337629079818726,0
40.33910393714905,0
40.3459951877594,0
40.3460054397583,0
40.3460156917572,0
40.34606027603149,0
40.34878373146057,0
40.34883713722229,0
40.357741832733154,0
40.35776376724243,0
40.35778260231018,0
40.35781359672546,0
40.357850313186646,0
40.357887983322144,0
40.357924699783325,0
40.37703323364258,0
40.37706995010376,0
40.377084732055664,0
40.383750915527344,0
40.38377451896668,0
40.38493776321411,0
40.38498520851135,0
40.38503313064575,0
40.385082721710205,0
40.387505292892456,0
40.38757658004761,0
40.38759899139404,0
40.3880660533905,0
40.38812160491944,0
40.390220165252686,0
40.39023566246033,0
40.39707708358765,0
40.39729166030884,0
40.397324562072754,0
40.41728448867798,0
40.41745066642761,0
40.417478799819946,0
40.430761098861694,0
40.43759369850159,0
40.43764805793762,0
40.43774318695069,0
40.444748640060425,0
40.44474887847901,0
40.4449827671051,0
40.44516563415527,0
40.45710110664368,0
40.45874118804932,0
40.45890903472901,0
40.46162962913513,0
40.46181559562683,0
40.46224546432495,0
40.46416616439819,0
40.46753978729248,0
40.47041606903076,0
40.47728776931763,0
40.477303981781006,0
40.477439403533936,0
40.48958158493042,0
40.48960781097412,0
40.48960852622986,0
40.489646434783936,0
40.49199986457825,0
40.492013454437256,0
40.49207162857056,0
40.49279284477234,0
40.493072509765625,0
40.493568897247314,0
40.49360918998718,0
40.49696660041809,0
40.49699258804321,0
40.497031688690186,0
40.50307822227478,0
40.503090620040894,0
40.50310444831848,0
40.50310516357422,0
40.50582718849182,0
40.50655651092529,0
40.506584882736206,0
40.51192307472229,0
40.5169472694397,0
40.5169723033905,0
40.51698303222656,0
40.53971004486084,0
40.5397367477417,0
40.53978419303894,0
40.54277086257935,0
40.54279899597168,0
40.54281258583069,0
40.54284477233887,0
40.54421901702881,0
40.54481339454651,0
40.54593563079834,0
40.54609441757202,0
40.55406212806702,0
40.55407285690308,0
40.55408430099487,0
40.55413484573364,0
40.556031942367554,0
40.55609154701233,0
40.55648231506348,0
40.55681729316712,0
40.55697727203369,0
40.556992292404175,0
40.55700254440308,0
40.55806374549866,0
40.57701373100281,0
40.577043294906616,0
40.57706069946289,0
40.59320330619812,0
40.59323811531067,0
40.59551453590393,0
40.59580588340759,0
40.59690380096436,0
40.59776329994202,0
40.59825897216797,0
40.59830093383789,0
40.61374878883362,0
40.61381125450134,0
40.61574649810791,0
40.61575675010681,0
40.61576819419861,0
40.61602520942688,0
40.61718440055847,0
40.6171989440918,0
40.61720609664917,0
40.61905288696289,0
40.6192843914032,0
40.619388580322266,0
40.63577508926392,0
40.63735508918762,0
40.637436866760254,0
40.63745141029358,0
40.63954663276672,0
40.64057183265686,0
40.646963596344,0
40.64831614494324,0
40.64833021163941,0
40.64925980567932,0
40.65713334083557,0
40.65730047225952,0
40.657394886016846,0
40.67748427391052,0
40.6775336265564,0
40.67760396003723,0
40.68483066558838,0
40.68485999107361,0
40.6857693195343,0
40.69168734550476,0
40.6917130947113,0
40.69244194030762,0
40.69252753257752,0
40.69427704811096,0
40.69707155227661,0
40.69710731506348,0
40.69712162017822,0
40.70121717453003,0
40.70378589630127,0
40.703808307647705,0
40.7039167881012,0
40.70402789115906,0
40.70409297943115,0
40.70411562919617,0
40.70791244506836,0
40.7079827785492,0
40.70800304412842,0
40.70817565917969,0
40.71061158180237,0
40.7106614112854,0
40.71083211898804,0
40.71767902374268,0
40.717684745788574,0
40.71783638000488,0
40.73793578147888,0
40.737987995147705,0
40.73824119567871,0
40.74921226501465,0
40.75764036178589,0
40.7577178478241,0
40.75800204277039,0
40.76965236663818,0
40.769690990448,0
40.77728867530823,0
40.77733063697815,0
40.77734899520874,0
40.79863119125366,0
40.79863166809082,0
40.79868984222412,0
40.804707050323486,0
40.80475330352783,0
40.80482268333435,0
40.80488276481629,0
40.80831360816956,0
40.808425188064575,0
40.80913758277893,0
40.80994081497192,0
40.81597137451172,0
40.81605172157288,0
40.81792783737183,0
40.818005323410034,0
40.81803512573242,0
40.82011938095093,0
40.820204734802246,0
40.82179570198059,0
40.82449698448181,0
40.82935380935669,0
40.83747315406799,0
40.83748722076416,0
40.83753705024719,0
40.8573522567749,0
40.85735273361206,0
40.85742235183716,0
40.8745014667511,0
40.87454915046692,0
40.87456130981445,0
40.87457466125488,0
40.87746930122376,0
40.87749457359314,0
40.87751364707947,0
40.87894892692566,0
40.87897706031799,0
40.87900304794312,0
40.88127899169922,0
40.89088678359985,0
40.89252018928528,0
40.897711992263794,0
40.89776015281677,0
40.8977837562561,0
40.91732120513916,0
40.917953968048096,0
40.91841292381287,0
40.91981220245361,0
40.919915199279785,0
40.92064189910889,0
40.92428040504456,0
40.925657510757446,0
40.93771266937256,0
40.94015622138977,0
40.94024682044983,0
40.94296646118164,0
40.94298720359802,0
40.943002700805664,0
40.94307065010071,0
40.943119525909424,0
40.943175077438354,0
40.94322538375855,0
40.950661420822144,0
40.950697898864746,0
40.95071148872376,0
40.95072317123413,0
40.95076942443848,0
40.95078945159912,0
40.95124673843384,0
40.95704531669617,0
40.957074880599976,0
40.957077503204346,0
40.97734260559082,0
40.97745871543884,0
40.97756791114807,0
40.99496817588806,0
40.99766206741333,0
40.99842691421509,0
40.99847412109375,0
41.00257062911987,0
41.00273489952088,0
41.00416254997253,0
41.00420832633972,0
41.00423073768616,0
41.00429511070252,0
41.017338275909424,0
41.01746010780335,0
41.0174822807312,0
41.02241683006287,0
41.02249932289124,0
41.02315378189087,0
41.02504467964173,0
41.02508997917175,0
41.02782893180847,0
41.02790546417236,0
41.03769373893738,0
41.037744998931885,0
41.03779983520508,0
41.04931640625,0
41.05499863624573,0
41.05636596679688,0
41.05640411376953,0
41.05658316612244,0
41.05669331550598,0
41.05677556991577,0
41.057559967041016,0
41.05757808685303,0
41.05759024620056,0
41.05909872055054,0
41.06071877479553,0
41.064284324646,0
41.065181016922,0
41.06930208206177,0
41.07722020149231,0
41.07725477218628,0
41.077264070510864,0
41.09393453598023,0
41.093987226486206,0
41.0940089225769,0
41.094115257263184,0
41.09755539894104,0
41.097654581069946,0
41.09795808792114,0
41.0997519493103,0
41.09992480278015,0
41.10029125213623,0
41.113964557647705,0
41.11433720588684,0
41.11641025543213,0
41.1170117855072,0
41.11863350868225,0
41.11868166923523,0
41.11876606941223,0
41.11905097961426,0
41.1383707523346,0
41.13839721679688,0
41.13841366767883,0
41.13854098320007,0
41.13988852500916,0
41.13992190361023,0
41.1400306224823,0
41.144108057022095,0
41.14414429664612,0
41.144243478775024,0
41.1569550037384,0
41.15702247619629,0
41.16933798789978,0
41.17709565162659,0
41.17756938934326,0
41.17758369445801,0
41.19735074043274,0
41.197497844696045,0
41.19754457473755,0
41.203275203704834,0
41.20382618904114,0
41.20652294158936,0
41.20665693283081,0
41.206692934036255,0
41.20685434341431,0
41.21872329711914,0
41.218783140182495,0
41.21880125999451,0
41.21948051452637,0
41.21949005126953,0
41.21950888633728,0
41.21956634521485,0
41.21965765953064,0
41.21967911720276,0
41.2205810546875,0
41.22062134742737,0
41.22068309783936,0
41.2207088470459,0
41.22079038619995,0
41.22183513641357,0
41.22227573394776,0
41.22231388092041,0
41.222697496414185,0
41.23443031311035,0
41.234454870224,0
41.23674392700195,0
41.23678326606751,0
41.23826122283936,0
41.23832726478577,0
41.238380670547485,0
41.23842787742615,0
41.238476276397705,0
41.23853778839111,0
41.25242877006531,0
41.25480079650879,0
41.25713849067688,0
41.257163524627686,0
41.25722885131836,0
41.267662525177,0
41.27774810791016,0
41.27779889106751,0
41.27790236473084,0
41.29769849777222,0
41.29775834083557,0
41.297783851623535,0
41.29926657676697,0
41.29932236671448,0
41.29941534996033,0
41.29949593544006,0
41.30325412750244,0
41.3035306930542,0
41.30731821060181,0
41.30950784683228,0
41.30988955497742,0
41.30992031097412,0
41.31003451347351,0
41.31033992767334,0
41.317832708358765,0
41.31791019439697,0
41.317933559417725,0
41.31922698020935,0
41.32050538063049,0
41.33008360862732,0
41.33020210266113,0
41.33142042160034,0
41.33146667480469,0
41.341768980026245,0
41.34210753440857,0
41.34211206436157,0
41.34232473373413,0
41.3423638343811,0
41.3423969745636,0
41.34954357147217,0
41.35747051239014,0
41.35750102996826,0
41.35751366615296,0
41.37584471702576,0
41.376049518585205,0
41.37746477127075,0
41.37751197814941,0
41.37762260437012,0
41.37767672538757,0
41.37769389152527,0
41.37823796272278,0
41.37829113006592,0
41.38035035133362,0
41.38041114807129,0
41.38096165657044,0
41.392155170440674,0
41.392224073410034,0
41.39412999153137,0
41.39420247077942,0
41.39716982841492,0
41.39721488952637,0
41.39728236198425,0
41.41733121871948,0
41.417503118515015,0
41.41752934455872,0
41.427391052246094,0
41.43802237510681,0
41.438047885894775,0
41.43806910514832,0
41.45762133598328,0
41.45768475532532,0
41.45780539512634,0
41.46645736694336,0
41.466509103775024,0
41.466721057891846,0
41.46675515174866,0
41.47115612030029,0
41.471200704574585,0
41.47230243682861,0
41.47420263290405,0
41.474252462387085,0
41.47427845001221,0
41.47470188140869,0
41.47596836090088,0
41.47601842880249,0
41.476240158081055,0
41.47804570198059,0
41.47809863090515,0
41.47816324234009,0
41.47856664657593,0
41.48790717124939,0
41.48829746246338,0
41.48834156990051,0
41.488691329956055,0
41.49098467826843,0
41.49102830886841,0
41.49282741546631,0
41.49978756904602,0
41.49985933303833,0
41.49987745285034,0
41.50021123886109,0
41.50023579597473,0
41.50154256820679,0
41.50195217132568,0
41.51747107505798,0
41.51751494407654,0
41.51753282546997,0
41.5287024974823,0
41.54558372497559,0
41.545661211013794,0
41.54566955566406,0
41.553449392318726,0
41.55348563194275,0
41.55612564086914,0
41.55615949630737,0
41.55615997314453,0
41.55618023872376,0
41.557090759277344,0
41.55713129043579,0
41.55714535713196,0
41.56890034675598,0
41.569066524505615,0
41.56907606124878,0
41.57117390632629,0
41.57316327095032,0
41.57754611968994,0
41.57759690284729,0
41.57762050628662,0
41.58607530593872,0
41.59741234779358,0
41.597537994384766,0
41.59772038459778,0
41.61794352531433,0
41.61809015274048,0
41.61816954612732,0
41.627068519592285,0
41.62710189819336,0
41.62770462036133,0
41.62774777412415,0
41.6297550201416,0
41.629780292510986,0
41.63292741775513,0
41.632941484451294,0
41.63491702079773,0
41.63771224021912,0
41.639562129974365,0
41.63960433006287,0
41.639623165130615,0
41.64780068397522,0
41.64881348609924,0
41.64883351325989,0
41.64887070655823,0
41.6489372253418,0
41.65776371955872,0
41.65779256820679,0
41.6581392288208,0
41.66267466545105,0
41.6627094745636,0
41.66276907920837,0
41.664616107940674,0
41.6665952205658,0
41.67731189727783,0
41.67740082740784,0
41.67744946479797,0
41.68231678009033,0
41.68927597999573,0
41.68985819816589,0
41.68985939025879,0
41.68996739387512,0
41.69200491905213,0
41.6920280456543,0
41.69203162193298,0
41.69210457801819,0
41.69218063354492,0
41.6941225528717,0
41.694204330444336,0
41.69768977165222,0
41.69778490066528,0
41.69780826568604,0
41.700549364089966,0
41.70065593719482,0
41.700950622558594,0
41.700987339019775,0
41.70101165771485,0
41.70130062103272,0
41.70134520530701,0
41.71097040176392,0
41.71716785430908,0
41.71721029281616,0
41.71792960166931,0
41.74184155464173,0
41.7420060634613,0
41.74203419685364,0
41.74756598472595,0
41.7507586479187,0
41.75080394744873,0
41.750892877578735,0
41.75139617919922,0
41.751424074172974,0
41.75152468681336,0
41.75766324996948,0
41.757683753967285,0
41.75769829750061,0
41.76590871810913,0
41.77093291282654,0
41.770973682403564,0
41.7771143913269,0
41.77714776992798,0
41.77723026275635,0
41.79719161987305,0
41.797452211380005,0
41.79748511314392,0
41.80235719680786,0
41.802666902542114,0
41.80268955230713,0
41.80317139625549,0
41.80799055099487,0
41.80803155899048,0
41.80829548835754,0
41.81014251708984,0
41.810190200805664,0
41.81223726272583,0
41.81227779388428,0
41.81307768821716,0
41.81704616546631,0
41.817078590393066,0
41.81728959083557,0
41.821309089660645,0
41.821348667144775,0
41.82367563247681,0
41.82375717163086,0
41.82422471046448,0
41.82426381111145,0
41.82436013221741,0
41.82891917228699,0
41.83718919754028,0
41.837234020233154,0
41.83763313293457,0
41.85846281051636,0
41.85850954055786,0
41.85855984687805,0
41.8606915473938,0
41.86130928993225,0
41.861310720443726,0
41.86198711395264,0
41.86241602897644,0
41.86269974708557,0
41.86282587051392,0
41.86721611022949,0
41.86965847015381,0
41.872753381729126,0
41.87290692329407,0
41.87535572052002,0
41.87543320655823,0
41.87648296356201,0
41.87786555290222,0
41.8781943321228,0
41.8782753944397,0
41.89291167259216,0
41.89294147491455,0
41.89307594299317,0
41.89310503005981,0
41.89766812324524,0
41.89770460128784,0
41.898118019104,0
41.89992380142212,0
41.89997267723084,0
41.900795459747314,0
41.90795040130615,0
41.90800189971924,0
41.90832376480103,0
41.90835356712341,0
41.91059255599976,0
41.91081023216248,0
41.910858392715454,0
41.91733741760254,0
41.917492628097534,0
41.91754674911499,0
41.92953848838806,0
41.93785786628723,0
41.937965631484985,0
41.939115047454834,0
41.958096742630005,0
41.958377838134766,0
41.95839905738831,0
41.96522760391235,0
41.965240240097046,0
41.96731996536255,0
41.96732521057129,0
41.96733522415161,0
41.96749138832092,0
41.9691207408905,0
41.969215631484985,0
41.96925950050354,0
41.96999430656433,0
41.97633457183838,0
41.97652006149292,0
41.97654104232788,0
41.97665238380432,0
41.97795486450195,0
41.97807264328003,0
41.97809076309204,0
41.98098826408386,0
41.98109984397888,0
41.98114609718323,0
41.99722480773926,0
41.997302532196045,0
41.99732780456543,0
42.00240707397461,0
42.00244903564453,0
42.004562854766846,0
42.00464797019959,0
42.00583815574646,0
42.00811839103699,0
42.01333570480347,0
42.01595401763916,0
42.01754331588745,0
42.01758599281311,0
42.017640113830566,0
42.02758288383484,0
42.03743052482605,0
42.0374960899353,0
42.037513971328735,0
42.054858446121216,0
42.05489444732666,0
42.05727481842041,0
42.05729031562805,0
42.05729126930237,0
42.0579948425293,0
42.058080196380615,0
42.05984878540039,0
42.059921979904175,0
42.05994272232056,0
42.06131148338318,0
42.067123889923096,0
42.077146768569946,0
42.07717967033386,0
42.07719326019287,0
42.09730386734009,0
42.0973436832428,0
42.0976951122284,0
42.10365581512451,0
42.10365915298462,0
42.103694677352905,0
42.10369849205017,0
42.10861086845398,0
42.10888433456421,0
42.10892057418823,0
42.11047720909119,0
42.11108946800232,0
42.11297035217285,0
42.11308336257935,0
42.11712646484375,0
42.11717963218689,0
42.1180272102356,0
42.12186574935913,0
42.13007354736328,0
42.13294339179993,0
42.13300323486328,0
42.133028507232666,0
42.13785743713379,0
42.137903690338135,0
42.13794159889221,0
42.15807819366455,0
42.15812921524048,0
42.15814709663391,0
42.16007351875305,0
42.16010975837708,0
42.1601243019104,0
42.163628339767456,0
42.16366696357727,0
42.1636815071106,0
42.16369581222534,0
42.16576743125916,0
42.16577291488648,0
42.1657874584198,0
42.16642189025879,0
42.17473602294922,0
42.1750111579895,0
42.17721629142761,0
42.17726159095764,0
42.177279233932495,0
42.189467430114746,0
42.18953847885132,0
42.18956184387207,0
42.189651012420654,0
42.19143056869507,0
42.191473722457886,0
42.19164633750916,0
42.19747853279114,0
42.19964528083801,0
42.199686765670776,0
42.20883584022522,0
42.20894169807434,0
42.21188282966614,0
42.211907148361206,0
42.21727728843689,0
42.21732664108277,0
42.2178258895874,0
42.22781991958618,0
42.23757076263428,0
42.23767495155335,0
42.23770546913147,0
42.249181270599365,0
42.24925708770752,0
42.24929308891296,0
42.2492949962616,0
42.254642963409424,0
42.25469636917114,0
42.25477695465088,0
42.259052991867065,0
42.25907039642334,0
42.25908875465393,0
42.26594400405884,0
42.277533531188965,0
42.27753400802612,0
42.27755069732666,0
42.29522371292114,0
42.29524803161621,0
42.29729175567627,0
42.29732894897461,0
42.29734992980957,0
42.29872894287109,0
42.29875040054321,0
42.29992079734802,0
42.2999587059021,0
42.30099058151245,0
42.31706309318543,0
42.31709289550781,0
42.317174196243286,0
42.32506942749024,0
42.32512283325195,0
42.327064752578735,0
42.32707858085632,0
42.32849836349487,0
42.3302435874939,0
42.33703017234802,0
42.33741211891174,0
42.338356256484985,0
42.348308086395264,0
42.35195970535278,0
42.35198831558228,0
42.3520290851593,0
42.352062463760376,0
42.352097511291504,0
42.35213804244995,0
42.352152824401855,0
42.35715556144714,0
42.3571937084198,0
42.35721898078919,0
42.373119831085205,0
42.37317681312561,0
42.37424111366272,0
42.374268770217896,0
42.374327182769775,0
42.37436580657959,0
42.37586355209351,0
42.37615990638733,0
42.37744641304016,0
42.3797128200531,0
42.37989068031311,0
42.37990975379944,0
42.39703130722046,0
42.39710235595703,0
42.397119998931885,0
42.40292811393738,0
42.40296196937561,0
42.404191732406616,0
42.40477252006531,0
42.40667128562927,0
42.40715861320496,0
42.40758657455444,0
42.4078152179718,0
42.40817427635193,0
42.408400535583496,0
42.408435583114624,0
42.4086754322052,0
42.41163086891174,0
42.415838956832886,0
42.41712546348572,0
42.417155742645264,0
42.417168617248535,0
42.41765332221985,0
42.42711567878723,0
42.437198638916016,0
42.43723917007446,0
42.43727469444275,0
42.44996047019959,0
42.450172901153564,0
42.45023798942566,0
42.450305461883545,0
42.45108103752136,0
42.45110726356506,0
42.45120620727539,0
42.457560777664185,0
42.45762419700623,0
42.45764517784119,0
42.46674132347107,0
42.477272033691406,0
42.47730755805969,0
42.477492332458496,0
42.49522233009338,0
42.49523854255676,0
42.49527788162232,0
42.49531888961792,0
42.49721837043762,0
42.49726104736328,0
42.49729895591736,0
42.50111317634583,0
42.50116562843323,0
42.501182317733765,0
42.50223636627197,0
42.50227117538452,0
42.50419855117798,0
42.5042576789856,0
42.50995326042175,0
42.51716375350952,0
42.51719450950623,0
42.517208099365234,0
42.53291583061218,0
42.53293657302856,0
42.532947301864624,0
42.5329577922821,0
42.53718662261963,0
42.53719806671143,0
42.53721213340759,0
42.53723907470703,0
42.53773617744446,0
42.53835988044739,0
42.53867244720459,0
42.55608320236206,0
42.557185888290405,0
42.55721616744995,0
42.55726838111877,0
42.55901622772217,0
42.56771421432495,0
42.56774067878723,0
42.56856966018677,0
42.56859111785889,0
42.568628549575806,0
42.568641662597656,0
42.57733345031738,0
42.57741093635559,0
42.5774507522583,0
42.59056782722473,0
42.59059000015259,0
42.5906069278717,0
42.59202718734741,0
42.592060565948486,0
42.59709644317627,0
42.59715437889099,0
42.59716963768005,0
42.61506676673889,0
42.61514306068421,0
42.61731672286987,0
42.61742186546326,0
42.61744117736816,0
42.63717341423035,0
42.63721966743469,0
42.637306690216064,0
42.64370155334473,0
42.654773235321045,0
42.65496563911438,0
42.65749382972717,0
42.65749430656433,0
42.65751647949219,0
42.65754556655884,0
42.657546520233154,0
42.65756678581238,0
42.65933060646057,0
42.65934538841248,0
42.66108775138855,0
42.66112422943115,0
42.66353225708008,0
42.66569685935974,0
42.66572856903076,0
42.66574311256409,0
42.665759325027466,0
42.66579222679138,0
42.67120623588562,0
42.67313742637634,0
42.673179388046265,0
42.6732075214386,0
42.67722272872925,0
42.67725038528442,0
42.67726135253906,0
42.69708228111267,0
42.69711685180664,0
42.69713068008423,0
42.701295375823975,0
42.70131540298462,0
42.70155167579651,0
42.70294666290283,0
42.70296835899353,0
42.70472764968872,0
42.70501589775085,0
42.705546140670776,0
42.707484006881714,0
42.71830105781555,0
42.71831846237183,0
42.71900272369385,0
42.71904540061951,0
42.72454500198364,0
42.72992491722107,0
42.72996163368225,0
42.72997760772705,0
42.73001003265381,0
42.73712062835693,0
42.73720693588257,0
42.73722076416016,0
42.75319862365723,0
42.753211975097656,0
42.75376081466675,0
42.75515985488892,0
42.75782752037048,0
42.757850646972656,0
42.75796461105347,0
42.77453017234802,0
42.77472472190857,0
42.7756245136261,0
42.77565240859985,0
42.77566504478455,0
42.775678396224976,0
42.77767276763916,0
42.77768564224243,0
42.77769732475281,0
42.77992844581604,0
42.7799437046051,0
42.78001618385315,0
42.79770755767822,0
42.79837918281555,0
42.79851698875427,0
42.80809020996094,0
42.80815887451172,0
42.81083297729492,0
42.81095504760742,0
42.81762051582336,0
42.817800760269165,0
42.81796646118164,0
42.826483488082886,0
42.83750104904175,0
42.83754801750183,0
42.83776259422302,0
42.8575291633606,0
42.857540130615234,0
42.85758256912232,0
42.86913871765137,0
42.86914420127869,0
42.87284445762634,0
42.87310791015625,0
42.874624252319336,0
42.874671459198,0
42.87480449676514,0
42.8748242855072,0
42.87600231170654,0
42.876057624816895,0
42.87702751159668,0
42.87707686424256,0
42.877095222473145,0
42.88775515556336,0
42.88853335380554,0
42.88958358764648,0
42.88994860649109,0
42.89060115814209,0
42.89064407348633,0
42.89145302772522,0
42.89261531829834,0
42.892640590667725,0
42.89288234710693,0
42.89288282394409,0
42.89972043037415,0
42.899760246276855,0
42.89985466003418,0
42.91310095787048,0
42.91315269470215,0
42.91323256492615,0
42.91375803947449,0
42.91452217102051,0
42.914535999298096,0
42.91481256484985,0
42.91537618637085,0
42.91703391075134,0
42.91806888580322,0
42.918137073516846,0
42.93152642250061,0
42.931538105010986,0
42.93154931068421,0
42.931559801101685,0
42.93457365036011,0
42.93476581573486,0
42.93498706817627,0
42.93715715408325,0
42.93715763092041,0
42.93719458580017,0
42.95435404777527,0
42.9572913646698,0
42.95731735229492,0
42.9573278427124,0
42.960885763168335,0
42.961089849472046,0
42.973323583602905,0
42.97333979606629,0
42.97338509559631,0
42.973724365234375,0
42.97528314590454,0
42.97528672218323,0
42.97567343711853,0
42.97648787498474,0
42.97650122642517,0
42.97693419456482,0
42.97696042060852,0
42.97698712348938,0
42.98249363899231,0
42.982505083084106,0
42.9969527721405,0
42.99698185920715,0
42.99699401855469,0
43.00449085235596,0
43.0169780254364,0
43.01701211929321,0
43.01712441444397,0
43.03714156150818,0
43.03718614578247,0
43.03800582885742,0
43.04792618751526,0
43.0479724407196,0
43.04799294471741,0
43.04802656173706,0
43.05547094345093,0
43.05613327026367,0
43.05784869194031,0
43.05798006057739,0
43.05799984931946,0
43.05801510810852,0
43.06619834899902,0
43.06629228591919,0
43.07702970504761,0
43.077056884765625,0
43.077067136764526,0
43.07799601554871,0
43.078025341033936,0
43.07807755470276,0
43.07812857627869,0
43.07820701599121,0
43.07822036743164,0
43.079689264297485,0
43.09025835990906,0
43.090277910232544,0
43.09085774421692,0
43.09440684318543,0
43.09724068641663,0
43.09727478027344,0
43.09732413291931,0
43.1171236038208,0
43.11713123321533,0
43.1171600818634,0
43.12096905708313,0
43.12278175354004,0
43.12473034858704,0
43.13716220855713,0
43.13718891143799,0
43.1376895904541,0
43.14014863967896,0
43.140663146972656,0
43.14068627357483,0
43.14071226119995,0
43.14085531234741,0
43.14090394973755,0
43.14091920852661,0
43.14306640625,0
43.14308047294617,0
43.14308977127075,0
43.14310121536255,0
43.1442141532898,0
43.14423298835754,0
43.14424633979797,0
43.15138268470764,0
43.15762114524841,0
43.15769815444946,0
43.15771198272705,0
43.16356253623962,0
43.16362977027893,0
43.16581726074219,0
43.1659197807312,0
43.176968574523926,0
43.177001953125,0
43.17715787887573,0
43.179447412490845,0
43.179463624954224,0
43.17947673797608,0
43.17952537536621,0
43.18190169334412,0
43.18197250366211,0
43.1822075843811,0
43.18364906311035,0
43.18386650085449,0
43.18828225135803,0
43.188337564468384,0
43.19693851470947,0
43.196972131729126,0
43.19726371765137,0
43.21324110031128,0
43.21493744850159,0
43.21548414230347,0
43.2170877456665,0
43.21711730957031,0
43.2171311378479,0
43.23271918296814,0
43.23291826248169,0
43.23293805122376,0
43.23295474052429,0
43.235135078430176,0
43.235169887542725,0
43.23518991470337,0
43.23806595802307,0
43.23807311058045,0
43.23809623718262,0
43.2454092502594,0
43.25712633132935,0
43.25750589370728,0
43.25752091407776,0
43.270960569381714,0
43.27100849151611,0
43.2710599899292,0
43.27115249633789,0
43.27372932434082,0
43.27374601364136,0
43.273762702941895,0
43.27702760696411,0
43.27706241607666,0
43.27707409858704,0
43.28476142883301,0
43.28478264808655,0
43.29776120185852,0
43.29777431488037,0
43.29780077934265,0
43.31722855567932,0
43.317256689071655,0
43.31726932525635,0
43.32845902442932,0
43.328696727752686,0
43.32973861694336,0
43.33699679374695,0
43.3370246887207,0
43.33709096908569,0
43.35729718208313,0
43.35732746124268,0
43.35734176635742,0
43.3770751953125,0
43.37710976600647,0
43.37712645530701,0
43.387391328811646,0
43.387451171875,0
43.38875985145569,0
43.39139199256897,0
43.39148783683777,0
43.39160799980164,0
43.393181800842285,0
43.393420457839966,0
43.39348363876343,0
43.39402627944946,0
43.39556360244751,0
43.39562010765076,0
43.39706254005432,0
43.39717173576355,0
43.39718818664551,0
43.40003895759583,0
43.4000563621521,0
43.40134930610657,0
43.40139842033386,0
43.40149736404419,0
43.40151286125183,0
43.40251564979553,0
43.40258812904358,0
43.402607679367065,0
43.41720199584961,0
43.417213439941406,0
43.41723942756653,0
43.4375114440918,0
43.437565326690674,0
43.437835693359375,0
43.44366002082825,0
43.450698137283325,0
43.45075464248657,0
43.450865030288696,0
43.45095252990723,0
43.45340323448181,0
43.45345616340637,0
43.45432186126709,0
43.45496010780335,0
43.45726752281189,0
43.4580819606781,0
43.45809054374695,0
43.46091890335083,0
43.46216297149658,0
43.46466183662415,0
43.478933811187744,0
43.47893404960632,0
43.47899389266968,0
43.48471450805664,0
43.498302698135376,0
43.49832797050476,0
43.49858546257019,0
43.49861598014832,0
43.49864149093628,0
43.49865961074829,0
43.49867081642151,0
43.49871206283569,0
43.498852252960205,0
43.50177812576294,0
43.501811027526855,0
43.501877546310425,0
43.502641439437866,0
43.50266432762146,0
43.5173122882843,0
43.517340898513794,0
43.5174126625061,0
43.53071713447571,0
43.53439092636109,0
43.53477644920349,0
43.53507304191589,0
43.53509402275085,0
43.53719997406006,0
43.53722310066223,0
43.5372622013092,0
43.54990911483765,0
43.54992198944092,0
43.54996275901794,0
43.551811933517456,0
43.55733251571655,0
43.55739855766296,0
43.55741238594055,0
43.56896710395813,0
43.568981647491455,0
43.57694482803345,0
43.57700991630554,0
43.57702612876892,0
43.596174001693726,0
43.596205711364746,0
43.59625029563904,0
43.59630513191223,0
43.59809613227844,0
43.59812378883362,0
43.59821319580078,0
43.59830069541931,0
43.59834027290344,0
43.59838128089905,0
43.59948134422302,0
43.59953761100769,0
43.60064125061035,0
43.600687980651855,0
43.60328841209412,0
43.617268085479736,0
43.61731243133545,0
43.6174054145813,0
43.62790608406067,0
43.62901163101196,0
43.63752627372742,0
43.637542724609375,0
43.63805937767029,0
43.64866495132446,0
43.64909148216248,0
43.64912247657776,0
43.64914560317993,0
43.65741991996765,0
43.657456398010254,0
43.65766429901123,0
43.677584171295166,0
43.67762541770935,0
43.67769479751587,0
43.683708906173706,0
43.6837477684021,0
43.68384408950806,0
43.68549585342407,0
43.68551969528198,0
43.68553614616394,0
43.68586134910584,0
43.6939799785614,0
43.69398617744446,0
43.694010734558105,0
43.694087266922,0
43.69729232788086,0
43.6973352432251,0
43.69735264778137,0
43.70068621635437,0
43.70081067085266,0
43.70082926750183,0
43.70087790489197,0
43.71523427963257,0
43.715277671813965,0
43.71769404411316,0
43.71772933006287,0
43.71774411201477,0
43.7188663482666,0
43.71889805793762,0
43.73700976371765,0
43.73701000213623,0
43.73704051971436,0
43.74991941452026,0
43.75585317611694,0
43.75588369369507,0
43.76458930969238,0
43.76462936401367,0
43.76766180992127,0
43.77771496772766,0
43.77775526046753,0
43.77776837348938,0
43.77808976173401,0
43.77810430526733,0
43.77852630615234,0
43.77855563163757,0
43.78119134902954,0
43.78120684623718,0
43.78139972686768,0
43.78245282173157,0
43.787742614746094,0
43.787766456604,0
43.791619300842285,0
43.791664361953735,0
43.7969138622284,0
43.796945095062256,0
43.796955585479736,0
43.81579113006592,0
43.81772708892822,0
43.81776142120361,0
43.81776261329651,0
43.819257736206055,0
43.82013130187988,0
43.828895568847656,0
43.829282999038696,0
43.82933735847473,0
43.829503297805786,0
43.83190441131592,0
43.83198308944702,0
43.83221435546875,0
43.83747220039368,0
43.83755040168762,0
43.83759903907776,0
43.84552717208862,0
43.85759592056274,0
43.857635736465454,0
43.85776424407959,0
43.86812424659729,0
43.8697943687439,0
43.86982560157776,0
43.87096548080444,0
43.8717679977417,0
43.87185001373291,0
43.871912240982056,0
43.87703251838684,0
43.87707185745239,0
43.87734031677246,0
43.88674259185791,0
43.8869047164917,0
43.88903498649597,0
43.889055013656616,0
43.89883470535278,0
43.89954996109009,0
43.89958763122559,0
43.90631031990051,0
43.90632843971253,0
43.90644669532776,0
43.90646147727966,0
43.917136669158936,0
43.917163133621216,0
43.9171929359436,0
43.930588245391846,0
43.93067646026611,0
43.93068599700928,0
43.93147802352905,0
43.93701887130737,0
43.93704342842102,0
43.93704557418823,0
43.96044135093689,0
43.96050357818604,0
43.96052050590515,0
43.967628717422485,0
43.967657804489136,0
43.96874976158142,0
43.968764543533325,0
43.9687716960907,0
43.96885085105896,0
43.97056007385254,0
43.970566749572754,0
43.97058033943176,0
43.9716067314148,0
43.9738552570343,0
43.97758388519287,0
43.97760939598084,0
43.977822065353394,0
43.989020586013794,0
43.98963308334351,0
43.9913604259491,0
43.99137806892395,0
43.99142837524414,0
43.99148440361023,0
43.9915177822113,0
43.991535663604736,0
43.99695920944214,0
43.99699091911316,0
43.997039556503296,0
44.01720428466797,0
44.01725172996521,0
44.01726770401001,0
44.03775572776794,0
44.037841796875,0
44.03786587715149,0
44.04187893867493,0
44.04420018196106,0
44.04469513893128,0
44.04471945762634,0
44.04558515548706,0
44.05731225013733,0
44.05740261077881,0
44.05740737915039,0
44.05905246734619,0
44.059080839157104,0
44.05908966064453,0
44.05972218513489,0
44.06019330024719,0
44.06029725074768,0
44.0609564781189,0
44.06099104881287,0
44.06693530082703,0
44.07711839675903,0
44.077152490615845,0
44.07719707489014,0
44.097511529922485,0
44.09754705429077,0
44.09756350517273,0
44.09901785850525,0
44.09904766082764,0
44.099095821380615,0
44.0991153717041,0
44.10288977622986,0
44.10295057296753,0
44.10366749763489,0
44.10424566268921,0
44.1043062210083,0
44.1061954498291,0
44.10619568824768,0
44.1152777671814,0
44.11619734764099,0
44.11732983589173,0
44.1174304485321,0
44.11772680282593,0
44.11774969100952,0
44.133121728897095,0
44.13313508033752,0
44.13494682312012,0
44.13497424125672,0
44.13570904731751,0
44.13572716712952,0
44.13588905334473,0
44.13715410232544,0
44.13718056678772,0
44.13721132278442,0
44.157470703125,0
44.1574969291687,0
44.16193222999573,0
44.16230630874634,0
44.16233730316162,0
44.16259407997131,0
44.162896394729614,0
44.16316080093384,0
44.16318416595459,0
44.16331505775452,0
44.1634533405304,0
44.17443895339966,0
44.1744589805603,0
44.17516732215881,0
44.17534518241882,0
44.17536616325378,0
44.17542672157288,0
44.17639994621277,0
44.177022218704224,0
44.17703461647034,0
44.17705035209656,0
44.17711210250855,0
44.17784476280213,0
44.19742751121521,0
44.19744324684143,0
44.197447061538696,0
44.19770336151123,0
44.19772434234619,0
44.199798583984375,0
44.19980263710022,0
44.201786279678345,0
44.20271396636963,0
44.206154346466064,0
44.21714949607849,0
44.21718811988831,0
44.21720314025879,0
44.22713994979858,0
44.2271728515625,0
44.2271888256073,0
44.22720551490784,0
44.23708748817444,0
44.23712682723999,0
44.237149238586426,0
44.25796508789063,0
44.25801968574524,0
44.2580246925354,0
44.26381540298462,0
44.26390266418457,0
44.26392984390259,0
44.265788078308105,0
44.26860308647156,0
44.27287697792053,0
44.27791929244995,0
44.2779541015625,0
44.27800893783569,0
44.28780817985535,0
44.28799843788147,0
44.28803300857544,0
44.2880597114563,0
44.29722738265991,0
44.297277212142944,0
44.297406911849976,0
44.300604820251465,0
44.300647020339966,0
44.30075025558472,0
44.3023247718811,0
44.30236101150513,0
44.30424618721008,0
44.30468440055847,0
44.31706714630127,0
44.3170850276947,0
44.317408084869385,0
44.33818674087525,0
44.33827447891235,0
44.338308811187744,0
44.35718822479248,0
44.35718846321106,0
44.35722041130066,0
44.360965728759766,0
44.37706232070923,0
44.37707543373108,0
44.37707686424256,0
44.384082317352295,0
44.38409781455994,0
44.38512420654297,0
44.38514184951782,0
44.38518953323364,0
44.385231256484985,0
44.38737463951111,0
44.38744139671326,0
44.387810945510864,0
44.38797903060913,0
44.387999296188354,0
44.38876819610596,0
44.38877964019776,0
44.38904094696045,0
44.38917517662048,0
44.38919925689697,0
44.389897108078,0
44.38992357254028,0
44.3969988822937,0
44.39703178405762,0
44.39704489707947,0
44.40182304382324,0
44.40183901786804,0
44.40323233604431,0
44.40776491165161,0
44.40898513793945,0
44.40902185440064,0
44.40910077095032,0
44.410404443740845,0
44.41042852401733,0
44.41092324256897,0
44.41706204414368,0
44.41709613800049,0
44.417110204696655,0
44.42591428756714,0
44.43790316581726,0
44.4379460811615,0
44.43796515464783,0
44.4566662311554,0
44.45670866966248,0
44.45679664611816,0
44.45682740211487,0
44.45745801925659,0
44.45761060714722,0
44.45819091796875,0
44.45983695983887,0
44.45989990234375,0
44.46234941482544,0
44.46243643760681,0
44.47833752632141,0
44.47837996482849,0
44.47846841812134,0
44.48534321784973,0
44.48551321029663,0
44.485530376434326,0
44.485595703125,0
44.48807549476624,0
44.48810577392578,0
44.48836898803711,0
44.489389181137085,0
44.49098563194275,0
44.4957959651947,0
44.49610781669617,0
44.49648904800415,0
44.497172355651855,0
44.49720764160156,0
44.49752449989319,0
44.49823832511902,0
44.4991352558136,0
44.49990797042847,0
44.50057578086853,0
44.51714301109314,0
44.51717138290405,0
44.51717925071716,0
44.52837896347046,0
44.5300440788269,0
44.53049659729004,0
44.53051900863648,0
44.53062105178833,0
44.53065252304077,0
44.530681848526,0
44.531994104385376,0
44.53263974189758,0
44.53727865219116,0
44.53730916976929,0
44.5373911857605,0
44.55261659622192,0
44.55705714225769,0
44.557058572769165,0
44.557095527648926,0
44.57715320587158,0
44.57719540596008,0
44.57719588279724,0
44.59702515602112,0
44.59708046913147,0
44.5970892906189,0
44.60186672210693,0
44.60207438468933,0
44.60346746444702,0
44.60560131072998,0
44.60585045814514,0
44.60590839385986,0
44.606017112731934,0
44.60603642463684,0
44.606608629226685,0
44.60682034492493,0
44.6068913936615,0
44.606924533844,0
44.606958627700806,0
44.60881233215332,0
44.608845472335815,0
44.60909056663513,0
44.60973620414734,0
44.60976839065552,0
44.61321806907654,0
44.613290548324585,0
44.61403894424439,0
44.617313623428345,0
44.61731743812561,0
44.61734914779663,0
44.63758206367493,0
44.63761782646179,0
44.63763284683228,0
44.63992643356323,0
44.63993692398071,0
44.63997554779053,0
44.64003562927246,0
44.642606258392334,0
44.64317226409912,0
44.64323043823242,0
44.64373707771301,0
44.65123724937439,0
44.65129494667053,0
44.654090881347656,0
44.65419912338257,0
44.65741229057312,0
44.65744709968567,0
44.65748929977417,0
44.671374797821045,0
44.67143845558167,0
44.671515703201294,0
44.6782295703888,0
44.67827343940735,0
44.67830634117127,0
44.69744253158569,0
44.69744348526001,0
44.69748497009277,0
44.70269274711609,0
44.702749729156494,0
44.70520067214966,0
44.70528936386109,0
44.70619058609009,0
44.71623015403748,0
44.71658778190613,0
44.7168664932251,0
44.71730756759644,0
44.71874022483826,0
44.71875548362732,0
44.71879076957703,0
44.7199649810791,0
44.72066617012024,0
44.72077894210816,0
44.73695492744446,0
44.73698353767395,0
44.73713278770447,0
44.75722789764404,0
44.757269859313965,0
44.75727128982544,0
44.76793122291565,0
44.77431845664978,0
44.77431869506836,0
44.77547764778137,0
44.77572154998779,0
44.77572417259216,0
44.7757408618927,0
44.77807974815369,0
44.7780978679657,0
44.77810740470886,0
44.77957272529602,0
44.7797212600708,0
44.77973890304565,0
44.78012728691101,0
44.78149080276489,0
44.79184246063232,0
44.79196906089783,0
44.79294061660767,0
44.79295587539673,0
44.79372000694275,0
44.796895027160645,0
44.79692316055298,0
44.79693412780762,0
44.81255030632019,0
44.81256628036499,0
44.81257939338684,0
44.81259489059448,0
44.81444525718689,0
44.814465284347534,0
44.81460642814636,0
44.81710147857666,0
44.81713652610779,0
44.81715106964111,0
44.83446931838989,0
44.83451271057129,0
44.834617137908936,0
44.83463716506958,0
44.837491273880005,0
44.83749222755432,0
44.83754014968872,0
44.8375883102417,0
44.83766961097717,0
44.83803296089173,0
44.83887839317322,0
44.85356760025024,0
44.85359287261963,0
44.8536581993103,0
44.853729009628296,0
44.85769987106323,0
44.85774087905884,0
44.85785484313965,0
44.85916066169739,0
44.859171867370605,0
44.86988353729248,0
44.86990904808045,0
44.87401390075684,0
44.87569093704224,0
44.875943183898926,0
44.87802577018738,0
44.87802815437317,0
44.878044843673706,0
44.87885808944702,0
44.87891101837158,0
44.87955570220947,0
44.8969304561615,0
44.89699625968933,0
44.89707088470459,0
44.89798164367676,0
44.89799499511719,0
44.89800786972046,0
44.89802122116089,0
44.89803504943848,0
44.89809489250183,0
44.89813446998596,0
44.917006731033325,0
44.91731286048889,0
44.91733145713806,0
44.919347524642944,0
44.92252731323242,0
44.92590498924256,0
44.93298387527466,0
44.93300819396973,0
44.93304109573364,0
44.93317127227783,0
44.9352502822876,0
44.93527579307556,0
44.93531966209412,0
44.93716335296631,0
44.937190532684326,0
44.9372284412384,0
44.95308303833008,0
44.95837473869324,0
44.95866870880127,0
44.95869469642639,0
44.95873689651489,0
44.95876622200012,0
44.97355031967163,0
44.97357630729675,0
44.97359037399292,0
44.97359347343445,0
44.97822570800781,0
44.97825288772583,0
44.97828125953674,0
44.97986078262329,0
44.97989535331726,0
44.97993874549866,0
44.97998785972595,0
44.98002195358277,0
44.985889196395874,0
44.98590540885925,0
44.9970452785492,0
44.99707770347595,0
44.99709105491638,0
45.01741337776184,0
45.01745581626892,0
45.01747226715088,0
45.03747320175171,0
45.03762984275818,0
45.037848472595215,0
45.04051876068115,0
45.04985332489014,0
45.04988098144531,0
45.05000066757202,0
45.05001759529114,0
45.052815437316895,0
45.05283832550049,0
45.05289959907532,0
45.0558488368988,0
45.05593729019165,0
45.05605101585388,0
45.05606913566589,0
45.057830572128296,0
45.05786967277527,0
45.05815124511719,0
45.05915117263794,0
45.05917501449585,0
45.059189558029175,0
45.060359716415405,0
45.077059745788574,0
45.07711386680603,0
45.07715797424317,0
45.082151651382446,0
45.08735132217407,0
45.08738231658936,0
45.0874502658844,0
45.08751964569092,0
45.09732913970947,0
45.09762001037598,0
45.09764289855957,0
45.09769082069397,0
45.097774505615234,0
45.09779763221741,0
45.09786176681519,0
45.09862494468689,0
45.09869122505188,0
45.09873390197754,0
45.10956287384033,0
45.117270946502686,0
45.1172981262207,0
45.117310523986816,0
45.13147163391113,0
45.132476568222046,0
45.13267683982849,0
45.13286590576172,0
45.132927656173706,0
45.13294196128845,0
45.13297772407532,0
45.13844013214111,0
45.13869976997376,0
45.13872170448303,0
45.155986070632935,0
45.15718007087708,0
45.15719199180603,0
45.15722870826721,0
45.15883779525757,0
45.15996193885803,0
45.17574763298035,0
45.17576694488525,0
45.17701435089111,0
45.17704153060913,0
45.17705273628235,0
45.178504943847656,0
45.17872643470764,0
45.17874956130981,0
45.17878532409668,0
45.17913222312927,0
45.179373025894165,0
45.17941641807556,0
45.18588829040527,0
45.185932874679565,0
45.19695234298706,0
45.196953773498535,0
45.1970796585083,0
45.20723366737366,0
45.20725202560425,0
45.20824074745178,0
45.21724271774292,0
45.2172749042511,0
45.21758556365967,0
45.23321533203125,0
45.2332706451416,0
45.23339867591858,0
45.233458042144775,0
45.23541951179504,0
45.235485792160034,0
45.235578536987305,0
45.23708200454712,0
45.23708367347717,0
45.2373116016388,0
45.25698208808899,0
45.257017374038696,0
45.25710105895996,0
45.27725076675415,0
45.27728605270386,0
45.27730059623718,0
45.28092861175537,0
45.28512811660767,0
45.285168409347534,0
45.28518772125244,0
45.28524708747864,0
45.29713845252991,0
45.29717779159546,0
45.29745030403137,0
45.298091173172,0
45.29816246032715,0
45.29818606376648,0
45.29827690124512,0
45.29829788208008,0
45.29835891723633,0
45.29840397834778,0
45.307621240615845,0
45.30762672424317,0
45.30765891075134,0
45.30767154693604,0
45.30909299850464,0
45.309179067611694,0
45.30929970741272,0
45.31817317008972,0
45.31819653511048,0
45.31826305389404,0
45.326592683792114,0
45.338589668273926,0
45.33861708641052,0
45.338849782943726,0
45.35232090950012,0
45.35247230529785,0
45.35361051559448,0
45.35401678085327,0
45.35425400733948,0
45.354424715042114,0
45.35698986053467,0
45.35718607902527,0
45.35722851753235,0
45.37706661224365,0
45.37709403038025,0
45.37729716300965,0
45.3818302154541,0
45.381842613220215,0
45.382075786590576,0
45.38431906700134,0
45.38755249977112,0
45.38757514953613,0
45.387587785720825,0
45.38759994506836,0
45.38881778717041,0
45.38882613182068,0
45.38986682891846,0
45.3899028301239,0
45.396918058395386,0
45.396947383880615,0
45.39695811271668,0
45.40049695968628,0
45.40231895446777,0
45.40414381027222,0
45.41268849372864,0
45.41271376609802,0
45.41272687911987,0
45.4127402305603,0
45.41703248023987,0
45.41715455055237,0
45.41717672348023,0
45.417192220687866,0
45.41720747947693,0
45.41723775863648,0
45.41725063323975,0
45.41728663444519,0
45.42615246772766,0
45.43716549873352,0
45.437177658081055,0
45.43720436096192,0
45.44755744934082,0
45.44766330718994,0
45.44782304763794,0
45.4478805065155,0
45.45714974403381,0
45.45719814300537,0
45.457557678222656,0
45.47787427902222,0
45.47788238525391,0
45.47789835929871,0
45.480872631073,0
45.48087310791016,0
45.48094582557678,0
45.48250603675842,0
45.48503351211548,0
45.49056792259216,0
45.49060249328613,0
45.49289321899414,0
45.49292588233948,0
45.49720907211304,0
45.4972562789917,0
45.49727296829224,0
45.50586915016174,0
45.51700568199158,0
45.51703929901123,0
45.51705503463745,0
45.53703141212464,0
45.53706049919128,0
45.537071228027344,0
45.54517245292664,0
45.54519534111023,0
45.54523539543152,0
45.54524993896485,0
45.54728078842163,0
45.5473210811615,0
45.54735612869263,0
45.54864001274109,0
45.54865002632141,0
45.5486626625061,0
45.54867243766785,0
45.54994225502014,0
45.5499427318573,0
45.54996919631958,0
45.55057501792908,0
45.55704379081726,0
45.55707597732544,0
45.55709218978882,0
45.55710411071777,0
45.55744099617005,0
45.55807113647461,0
45.55818510055542,0
45.558204650878906,0
45.55828619003296,0
45.56101059913635,0
45.56102633476257,0
45.56104159355164,0
45.57697415351868,0
45.57697939872742,0
45.5770058631897,0
45.59217596054077,0
45.59219741821289,0
45.59462928771973,0
45.59467101097107,0
45.59602975845337,0
45.59999489784241,0
45.59999680519104,0
45.60004568099976,0
45.611334800720215,0
45.61136031150818,0
45.61137390136719,0
45.61138844490051,0
45.61317181587219,0
45.6132128238678,0
45.61326503753662,0
45.61709356307984,0
45.61712908744812,0
45.61717224121094,0
45.62679171562195,0
45.63718295097351,0
45.637221574783325,0
45.63724231719971,0
45.64749932289124,0
45.64754176139832,0
45.64759373664856,0
45.64764404296875,0
45.64989686012268,0
45.64993214607239,0
45.65064716339111,0
45.65724849700928,0
45.65724897384644,0
45.657450437545776,0
45.67654371261597,0
45.67662453651428,0
45.67721199989319,0
45.67729878425598,0
45.67735481262207,0
45.67972826957703,0
45.67997002601624,0
45.68096876144409,0
45.69772243499756,0
45.69774222373962,0
45.69775104522705,0
45.69842147827149,0
45.69843530654907,0
45.69844079017639,0
45.69844770431519,0
45.69847750663757,0
45.69852757453919,0
45.70986843109131,0
45.71351671218872,0
45.715622663497925,0
45.7175178527832,0
45.717540979385376,0
45.71759366989136,0
45.72896933555603,0
45.73509788513184,0
45.735109090805054,0
45.73516225814819,0
45.735174894332886,0
45.73716902732849,0
45.73719644546509,0
45.73721122741699,0
45.756978034973145,0
45.75700664520264,0
45.75702047348023,0
45.76158022880554,0
45.76161885261536,0
45.76165199279785,0
45.764097452163696,0
45.76412224769592,0
45.76413202285767,0
45.76414155960083,0
45.7642560005188,0
45.76427173614502,0
45.76433944702149,0
45.76551628112793,0
45.77237939834595,0
45.77239584922791,0
45.77362966537476,0
45.773650884628296,0
45.77496576309204,0
45.7750198841095,0
45.77709317207336,0
45.77711844444275,0
45.77712941169739,0
45.79697489738464,0
45.797013998031616,0
45.797027349472046,0
45.8175904750824,0
45.81760096549988,0
45.8176372051239,0
45.83719849586487,0
45.837242603302,0
45.83726048469544,0
45.847569942474365,0
45.84770178794861,0
45.84782838821411,0
45.85543847084045,0
45.85550022125244,0
45.85569214820862,0
45.85571885108948,0
45.85573625564575,0
45.8557562828064,0
45.85711526870728,0
45.857154846191406,0
45.857250452041626,0
45.85875749588013,0
45.87777304649353,0
45.87777900695801,0
45.87779402732849,0
45.885929107666016,0
45.8859703540802,0
45.886027336120605,0
45.88609218597412,0
45.89742636680603,0
45.89747977256775,0
45.89761471748352,0
45.91751503944397,0
45.91755175590515,0
45.91756987571716,0
45.91878437995911,0
45.92118954658508,0
45.92174053192139,0
45.922558069229126,0
45.92281126976013,0
45.92318892478943,0
45.92461848258972,0
45.924636363983154,0
45.9341504573822,0
45.93903470039368,0
45.939040184021,0
45.93906497955322,0
45.941619634628296,0
45.94163227081299,0
45.94356393814087,0
45.94358968734741,0
45.94361901283264,0
45.94368314743042,0
45.95105171203613,0
45.95107483863831,0
45.95153474807739,0
45.95207095146179,0
45.95298266410828,0
45.95704817771912,0
45.95707607269287,0
45.95723247528076,0
45.97774362564087,0
45.97777605056763,0
45.97783637046814,0
45.97934651374817,0
45.98257660865784,0
45.98280334472656,0
45.98282432556152,0
45.98286247253418,0
45.98351311683655,0
45.983930349349976,0
45.98434090614319,0
45.9949996471405,0
45.9955792427063,0
46.00500464439392,0
46.00503754615784,0
46.00506854057312,0
46.00530648231506,0
46.00534987449646,0
46.00541305541992,0
46.00542831420898,0
46.005470275878906,0
46.00548148155213,0
46.00798773765564,0
46.00816988945007,0
46.00820875167847,0
46.01028251647949,0
46.01685881614685,0
46.016886472702026,0
46.01694011688232,0
46.03696537017822,0
46.0369884967804,0
46.0370774269104,0
46.04742431640625,0
46.047425985336304,0
46.0474648475647,0
46.05005836486816,0
46.05027151107788,0
46.05029106140137,0
46.05030989646912,0
46.05720782279968,0
46.0578031539917,0
46.0585503578186,0
46.059059858322144,0
46.066962003707886,0
46.07789421081543,0
46.07792592048645,0
46.07794094085693,0
46.09477162361145,0
46.094788789749146,0
46.097501039505005,0
46.09758400917053,0
46.09765267372131,0
46.09773826599121,0
46.099042892456055,0
46.09909009933472,0
46.09915375709534,0
46.09917593002319,0
46.10002279281616,0
46.10008454322815,0
46.10853719711304,0
46.10855841636658,0
46.10974812507629,0
46.1170437335968,0
46.11707758903504,0
46.11709094047546,0
46.13707733154297,0
46.13710498809815,0
46.13714218139648,0
46.14544081687927,0
46.14545202255249,0
46.145463943481445,0
46.145477056503296,0
46.14773440361023,0
46.14778351783752,0
46.14779949188232,0
46.1483793258667,0
46.15035462379456,0
46.15037345886231,0
46.15415167808533,0
46.15764260292053,0
46.15766668319702,0
46.15768194198608,0
46.16589140892029,0
46.17811155319214,0
46.17812538146973,0
46.178187131881714,0
46.19684958457947,0
46.19686436653137,0
46.19709849357605,0
46.1971173286438,0
46.19719314575195,0
46.19905209541321,0
46.199066400527954,0
46.19919013977051,0
46.199190855026245,0
46.2012038230896,0
46.201221227645874,0
46.20126223564148,0
46.202287435531616,0
46.202330350875854,0
46.20541429519653,0
46.20568633079529,0
46.21707320213318,0
46.21711015701294,0
46.2178943157196,0
46.237266063690186,0
46.23731231689453,0
46.23812699317932,0
46.24276781082153,0
46.251004219055176,0
46.25104308128357,0
46.25106191635132,0
46.25142240524292,0
46.25721430778504,0
46.257232427597046,0
46.25732159614563,0
46.25803232192993,0
46.258246421813965,0
46.2582848072052,0
46.26107430458069,0
46.26110577583313,0
46.26112127304077,0
46.26117563247681,0
46.26146602630615,0
46.26154136657715,0
46.26156282424927,0
46.270285844802856,0
46.278181314468384,0
46.27888822555542,0
46.278932094573975,0
46.27999186515808,0
46.280290842056274,0
46.280324935913086,0
46.2815477848053,0
46.2859206199646,0
46.28595519065857,0
46.28659987449646,0
46.29848384857178,0
46.29851531982422,0
46.298604011535645,0
46.30841541290283,0
46.308997631073,0
46.31145644187927,0
46.31148099899292,0
46.3169469833374,0
46.31695628166199,0
46.316975116729736,0
46.3259813785553,0
46.33730936050415,0
46.33733582496643,0
46.33744692802429,0
46.35614800453186,0
46.35615134239197,0
46.35617423057556,0
46.35730481147766,0
46.35733246803284,0
46.35734939575195,0
46.35765075683594,0
46.35770583152771,0
46.3577184677124,0
46.35773062705994,0
46.35788679122925,0
46.37760090827942,0
46.377657651901245,0
46.37768459320069,0
46.38688039779663,0
46.389647245407104,0
46.39751958847046,0
46.39764428138733,0
46.39766001701355,0
46.417123317718506,0
46.41715741157532,0
46.41718077659607,0
46.42334198951721,0
46.423354148864746,0
46.42491364479065,0
46.42494750022888,0
46.42496466636658,0
46.42653894424439,0
46.42853617668152,0
46.429633140563965,0
46.42963647842407,0
46.42985987663269,0
46.42987966537476,0
46.43116736412048,0
46.431230306625366,0
46.43523573875427,0
46.43724608421326,0
46.43728423118591,0
46.43753147125244,0
46.44110417366028,0
46.442766427993774,0
46.44278335571289,0
46.44280242919922,0
46.44430685043335,0
46.44433951377869,0
46.44476342201233,0
46.45726728439331,0
46.45730638504028,0
46.45850563049317,0
46.47723913192749,0
46.477290391922,0
46.47734761238098,0
46.48703575134277,0
46.49754548072815,0
46.49757885932922,0
46.49762797355652,0
46.517070055007935,0
46.51709127426148,0
46.51709818840027,0
46.52514433860779,0
46.52515459060669,0
46.52516531944275,0
46.52522420883179,0
46.53116154670715,0
46.531174182891846,0
46.53128790855408,0
46.531288146972656,0
46.53215670585632,0
46.53249716758728,0
46.53251099586487,0
46.53468036651611,0
46.5347900390625,0
46.53480505943298,0
46.53612875938416,0
46.53713297843933,0
46.53714680671692,0
46.53722286224365,0
46.537235498428345,0
46.53730392456055,0
46.53765892982483,0
46.5391571521759,0
46.543689489364624,0
46.54371643066406,0
46.54408860206604,0
46.544111490249634,0
46.54749703407288,0
46.54754614830017,0
46.547563791275024,0
46.55763244628906,0
46.55770969390869,0
46.55772423744202,0
46.56613230705261,0
46.5692253112793,0
46.5700147151947,0
46.5742576122284,0
46.574599504470825,0
46.57581233978272,0
46.57583999633789,0
46.57585263252258,0
46.57586741447449,0
46.57765746116638,0
46.577680826187134,0
46.577693700790405,0
46.57951283454895,0
46.579538106918335,0
46.58012771606445,0
46.59157204627991,0
46.59159421920776,0
46.59265422821045,0
46.592695236206055,0
46.593271017074585,0
46.59690046310425,0
46.59694170951843,0
46.5969512462616,0
46.6152572631836,0
46.617302894592285,0
46.617303133010864,0
46.61734175682068,0
46.61828899383545,0
46.63264656066895,0
46.633962869644165,0
46.633994817733765,0
46.634012937545776,0
46.63429975509644,0
46.63482618331909,0
46.63493919372559,0
46.63697600364685,0
46.63700819015503,0
46.637022733688354,0
46.65735483169556,0
46.65742015838623,0
46.65756916999817,0
46.67791032791138,0
46.67794466018677,0
46.67795395851135,0
46.685426473617554,0
46.69082069396973,0
46.69209551811218,0
46.6921272277832,0
46.69218564033508,0
46.69364309310913,0
46.69370746612549,0
46.6974515914917,0
46.6976318359375,0
46.6976490020752,0
46.69768810272217,0
46.69768977165222,0
46.69782900810242,0
46.70218205451965,0
46.702298402786255,0
46.71391725540161,0
46.71714162826538,0
46.71716785430908,0
46.71723198890686,0
46.737136125564575,0
46.737163066864014,0
46.73717331886292,0
46.73909902572632,0
46.73917031288147,0
46.73918294906616,0
46.73919463157654,0
46.74156832695007,0
46.74158072471619,0
46.74158239364624,0
46.7431378364563,0
46.74316716194153,0
46.74338817596436,0
46.74362516403198,0
46.74457573890686,0
46.74459671974182,0
46.744855642318726,0
46.75223922729492,0
46.755391120910645,0
46.755438566207886,0
46.75691485404968,0
46.75701332092285,0
46.75702857971192,0
46.7733268737793,0
46.77335166931152,0
46.77339839935303,0
46.77363014221192,0
46.77668166160584,0
46.77701163291931,0
46.7773962020874,0
46.77742385864258,0
46.77743721008301,0
46.77859807014465,0
46.77946853637695,0
46.77973175048828,0
46.7849862575531,0
46.78538489341736,0
46.7982292175293,0
46.79826045036316,0
46.79836010932922,0
46.81709814071655,0
46.81713008880615,0
46.81713533401489,0
46.837130069732666,0
46.83717656135559,0
46.837239265441895,0
46.84334707260132,0
46.85198926925659,0
46.852027893066406,0
46.85208439826965,0
46.85228228569031,0
46.85235381126404,0
46.85237431526184,0
46.85244941711426,0
46.8537323474884,0
46.85748887062073,0
46.858110666275024,0
46.858282804489136,0
46.85919737815857,0
46.859925746917725,0
46.86149191856384,0
46.86401319503784,0
46.87755584716797,0
46.877557039260864,0
46.877604961395264,0
46.89955139160156,0
46.89958906173706,0
46.899662494659424,0
46.90488767623901,0
46.90490484237671,0
46.90490651130676,0
46.904924154281616,0
46.91704773902893,0
46.91708064079285,0
46.91715240478516,0
46.937825202941895,0
46.93785095214844,0
46.93800401687622,0
46.94532918930054,0
46.94534730911255,0
46.94567584991455,0
46.94759011268616,0
46.94764447212219,0
46.949498414993286,0
46.949517488479614,0
46.95337438583374,0
46.95691657066345,0
46.95693826675415,0
46.95697021484375,0
46.96715450286865,0
46.96958065032959,0
46.97215127944946,0
46.97217869758606,0
46.97319555282593,0
46.97321319580078,0
46.97326064109802,0
46.97329807281494,0
46.984203815460205,0
46.9843065738678,0
46.98430705070496,0
46.98496842384338,0
46.99761843681336,0
46.99766159057617,0
46.99771237373352,0
46.999741077423096,0
46.99976873397827,0
46.99982285499573,0
47.00343871116638,0
47.00358486175537,0
47.004884004592896,0
47.00504660606384,0
47.00606417655945,0
47.00608348846436,0
47.006160497665405,0
47.00621271133423,0
47.00715970993042,0
47.00718593597412,0
47.00740170478821,0
47.01016020774841,0
47.01714491844177,0
47.017174243927,0
47.01717615127564,0
47.03242611885071,0
47.03511357307434,0
47.035303354263306,0
47.03533697128296,0
47.035621881484985,0
47.0356707572937,0
47.03571939468384,0
47.03617334365845,0
47.037999868392944,0
47.03802227973938,0
47.03803539276123,0
47.057074308395386,0
47.057348012924194,0
47.057411670684814,0
47.06914520263672,0
47.07753252983093,0
47.077558517456055,0
47.07758140563965,0
47.096131563186646,0
47.09615993499756,0
47.096171140670776,0
47.09617280960083,0
47.09706664085388,0
47.09707045555115,0
47.09710693359375,0
47.099284172058105,0
47.099299907684326,0
47.09940361976624,0
47.10107970237732,0
47.10108208656311,0
47.102567195892334,0
47.10258293151856,0
47.117095708847046,0
47.11712455749512,0
47.11716032028198,0
47.13704967498779,0
47.13707685470581,0
47.13708686828613,0
47.15706419944763,0
47.15709066390991,0
47.15712213516235,0
47.16678833961487,0
47.1710147857666,0
47.17102885246277,0
47.17190074920654,0
47.17191219329834,0
47.17192220687866,0
47.17197299003601,0
47.17351675033569,0
47.17352890968323,0
47.17354130744934,0
47.17411732673645,0
47.17698407173157,0
47.17700839042664,0
47.17701983451843,0
47.18921184539795,0
47.18989777565002,0
47.19285297393799,0
47.19287705421448,0
47.19291019439697,0
47.19295477867127,0
47.1941020488739,0
47.194127559661865,0
47.19412970542908,0
47.19662261009216,0
47.19712257385254,0
47.1971492767334,0
47.19716477394104,0
47.1976478099823,0
47.1988217830658,0
47.19883561134338,0
47.209619998931885,0
47.21725535392761,0
47.21768665313721,0
47.21797204017639,0
47.23708200454712,0
47.23712134361267,0
47.2378318309784,0
47.24521708488464,0
47.245248794555664,0
47.24526381492615,0
47.24527621269226,0
47.24787926673889,0
47.24793553352356,0
47.248071908950806,0
47.24918341636658,0
47.24921917915344,0
47.249303340911865,0
47.24932265281677,0
47.25124311447144,0
47.25128126144409,0
47.25168895721436,0
47.251882791519165,0
47.25387239456177,0
47.257200717926025,0
47.25723886489868,0
47.25780487060547,0
47.26081204414368,0
47.27720332145691,0
47.2777202129364,0
47.2779655456543,0
47.28699254989624,0
47.28940892219544,0
47.289416551589966,0
47.29115009307861,0
47.29151511192322,0
47.2915780544281,0
47.29171586036682,0
47.291749715805054,0
47.29182171821594,0
47.294175148010254,0
47.29420709609985,0
47.29485607147217,0
47.29544973373413,0
47.298086404800415,0
47.2981173992157,0
47.29813003540039,0
47.3090546131134,0
47.31704258918762,0
47.31707167625427,0
47.31708192825317,0
47.33709383010864,0
47.33711838722229,0
47.3371307849884,0
47.337143421173096,0
47.34034848213196,0
47.340376138687134,0
47.34049701690674,0
47.340513467788696,0
47.34053635597229,0
47.34054923057556,0
47.34058833122253,0
47.35301685333252,0
47.35303044319153,0
47.35418105125427,0
47.35420370101929,0
47.35421705245972,0
47.35422086715698,0
47.36727499961853,0
47.3672993183136,0
47.36731433868408,0
47.37463569641113,0
47.37465000152588,0
47.37470316886902,0
47.37542104721069,0
47.38433718681336,0
47.384389877319336,0
47.38448786735535,0
47.384592056274414,0
47.38614583015442,0
47.38617205619812,0
47.3970091342926,0
47.39707684516907,0
47.39709043502808,0
47.40811347961426,0
47.408143520355225,0
47.409178256988525,0
47.41718435287476,0
47.41722106933594,0
47.41723680496216,0
47.43446826934815,0
47.43448638916016,0
47.434539556503296,0
47.43461871147156,0
47.4378342628479,0
47.43847894668579,0
47.4385552406311,0
47.43886756896973,0
47.43892002105713,0
47.4389717578888,0
47.44049334526062,0
47.45704483985901,0
47.45706868171692,0
47.45708870887756,0
47.45710754394531,0
47.45712614059448,0
47.4571316242218,0
47.4594202041626,0
47.46267652511597,0
47.46303677558899,0
47.46363854408264,0
47.46460032463074,0
47.46498346328735,0
47.46573853492737,0
47.46576261520386,0
47.46605682373047,0
47.46615409851074,0
47.466208934783936,0
47.47216606140137,0
47.47381830215454,0
47.47540855407715,0
47.47544240951538,0
47.48147130012512,0
47.4814887046814,0
47.48149275779724,0
47.4815366268158,0
47.4974262714386,0
47.497461795806885,0
47.49797892570496,0
47.51611495018005,0
47.51612734794617,0
47.51616644859314,0
47.51620554924011,0
47.51624369621277,0
47.516274213790894,0
47.51630544662476,0
47.51635479927063,0
47.51638889312744,0
47.51840901374817,0
47.51842617988586,0
47.51849627494812,0
47.538877964019775,0
47.5389564037323,0
47.53898024559021,0
47.53932762145996,0
47.557666301727295,0
47.55783772468567,0
47.55785322189331,0
47.56120681762695,0
47.561254024505615,0
47.56253671646118,0
47.56256151199341,0
47.56262755393982,0
47.56266784667969,0
47.56573176383972,0
47.565826177597046,0
47.56585168838501,0
47.57079219818115,0
47.57642817497253,0
47.57782316207886,0
47.57793283462525,0
47.5780291557312,0
47.57980966567993,0
47.59768891334534,0
47.59771704673767,0
47.59776782989502,0
47.60346269607544,0
47.60349178314209,0
47.60359740257263,0
47.60360240936279,0
47.606974840164185,0
47.60699224472046,0
47.60738134384155,0
47.60860633850098,0
47.608635663986206,0
47.60990118980408,0
47.60991764068604,0
47.61047124862671,0
47.61413264274597,0
47.617109298706055,0
47.61714005470276,0
47.61715531349182,0
47.6257472038269,0
47.63896584510803,0
47.63897776603699,0
47.639004945755005,0
47.65298366546631,0
47.65301036834717,0
47.65303158760071,0
47.65308976173401,0
47.65317249298096,0
47.65321207046509,0
47.65325546264648,0
47.65704131126404,0
47.65707945823669,0
47.65719175338745,0
47.66678333282471,0
47.67717385292053,0
47.67722058296204,0
47.67723965644837,0
47.697346925735474,0
47.69741749763489,0
47.69755911827088,0
47.71776986122131,0
47.71781873703003,0
47.717840909957886,0
47.72621440887451,0
47.726258277893066,0
47.726309061050415,0
47.726386070251465,0
47.73029589653015,0
47.7304003238678,0
47.730494022369385,0
47.7306489944458,0
47.73067903518677,0
47.736583948135376,0
47.7366087436676,0
47.73905777931213,0
47.73911714553833,0
47.73913860321045,0
47.73974084854126,0
47.739768743515015,0
47.73991322517395,0
47.7400221824646,0
47.74224209785461,0
47.74228525161743,0
47.742454290390015,0
47.74364376068115,0
47.74817323684693,0
47.74820637702942,0
47.75856304168701,0
47.75861620903015,0
47.75872039794922,0
47.7634162902832,0
47.76384472846985,0
47.76387095451355,0
47.76389145851135,0
47.767576932907104,0
47.768566846847534,0
47.76897406578064,0
47.7717719078064,0
47.77520298957825,0
47.77522110939026,0
47.77528524398804,0
47.77536296844482,0
47.77770972251892,0
47.77780151367188,0
47.77782440185547,0
47.77824378013611,0
47.778260469436646,0
47.77832794189453,0
47.79429292678833,0
47.79433655738831,0
47.79483342170715,0
47.797324895858765,0
47.79738020896912,0
47.79739451408386,0
47.79864692687988,0
47.81717276573181,0
47.8172082901001,0
47.81734919548035,0
47.82679462432861,0
47.83710670471192,0
47.83714699745178,0
47.8371524810791,0
47.84811806678772,0
47.848135232925415,0
47.84814238548279,0
47.848188161849976,0
47.8528528213501,0
47.85403776168823,0
47.85407280921936,0
47.85751628875733,0
47.85755705833435,0
47.85757493972778,0
47.876208782196045,0
47.87911224365234,0
47.879170656204224,0
47.879262924194336,0
47.88628721237183,0
47.88651371002197,0
47.88652658462525,0
47.88654541969299,0
47.889307737350464,0
47.88943529129028,0
47.89071941375733,0
47.89350581169128,0
47.89351177215576,0
47.89631700515747,0
47.89633750915527,0
47.89748573303223,0
47.89752650260925,0
47.897663831710815,0
47.90324139595032,0
47.91719603538513,0
47.91726088523865,0
47.9174542427063,0
47.94507169723511,0
47.9450900554657,0
47.94509744644165,0
47.94513773918152,0
47.945159912109375,0
47.95726490020752,0
47.957335233688354,0
47.95739245414734,0
47.97722101211548,0
47.97787070274353,0
47.97845458984375,0
47.97847962379456,0
47.97879934310913,0
47.980427503585815,0
47.98045635223389,0
47.980475425720215,0
47.98055171966553,0
47.98373079299927,0
47.983755111694336,0
47.98385977745056,0
47.98576307296753,0
47.985788106918335,0
47.98582077026367,0
47.98583793640137,0
47.9873685836792,0
47.98740243911743,0
47.987406730651855,0
47.98971223831177,0
47.997193813323975,0
47.99722361564636,0
47.997236251831055,0
47.9982180595398,0
47.99824905395508,0
47.99829983711243,0
47.99836778640747,0
48.00122404098511,0
48.00125575065613,0
48.00126576423645,0
48.00482988357544,0
48.004894971847534,0
48.0068142414093,0
48.00684332847595,0
48.010244607925415,0
48.010905504226685,0
48.01092958450317,0
48.01700592041016,0
48.017033100128174,0
48.01706051826477,0
48.03705406188965,0
48.037068605422974,0
48.03707671165466,0
48.03712582588196,0
48.037818908691406,0
48.037853479385376,0
48.0379114151001,0
48.04080319404602,0
48.04119277000427,0
48.04122614860535,0
48.04192066192627,0
48.04862308502197,0
48.05708193778992,0
48.057130098342896,0
48.05718803405762,0
48.07482385635376,0
48.0753436088562,0
48.075441122055054,0
48.07550477981568,0
48.07806396484375,0
48.07810163497925,0
48.07812237739563,0
48.08029985427856,0
48.0809109210968,0
48.08121991157532,0
48.08727192878723,0
48.08731007575989,0
48.09027576446533,0
48.09300780296326,0
48.097177267074585,0
48.09721064567566,0
48.09722900390625,0
48.11008906364441,0
48.11137342453003,0
48.11221408843994,0
48.11704206466675,0
48.11709117889404,0
48.117107629776,0
48.13243913650513,0
48.13487982749939,0
48.13525581359863,0
48.13534593582153,0
48.135600566864014,0
48.13562774658203,0
48.136651277542114,0
48.13741040229797,0
48.137452363967896,0
48.13746976852417,0
48.160524129867554,0
48.16172122955322,0
48.16196656227112,0
48.1721293926239,0
48.177574634552,0
48.17762041091919,0
48.17763900756836,0
48.17995619773865,0
48.17997860908508,0
48.19459319114685,0
48.19461154937744,0
48.194629192352295,0
48.194647550582886,0
48.19480323791504,0
48.19483542442322,0
48.197293758392334,0
48.19732856750488,0
48.19734334945679,0
48.19894051551819,0
48.199013471603394,0
48.19907069206238,0
48.21268105506897,0
48.212740421295166,0
48.21491360664368,0
48.21494197845459,0
48.21503925323486,0
48.21510934829712,0
48.21789908409119,0
48.21790099143982,0
48.21793460845947,0
48.22032403945923,0
48.22034549713135,0
48.22036600112915,0
48.22141337394714,0
48.237680196762085,0
48.23799157142639,0
48.238077878952026,0
48.244054555892944,0
48.24446558952332,0
48.2444953918457,0
48.244516134262085,0
48.257689476013184,0
48.257728815078735,0
48.25773787498474,0
48.27332854270935,0
48.27333927154541,0
48.27341437339783,0
48.27514314651489,0
48.27766466140747,0
48.27798414230347,0
48.27820706367493,0
48.29188227653504,0
48.291919469833374,0
48.29207682609558,0
48.29210114479065,0
48.29579639434815,0
48.29587125778198,0
48.29744791984558,0
48.29748106002808,0
48.29749703407288,0
48.29857778549194,0
48.29861855506897,0
48.30042600631714,0
48.317193269729614,0
48.31720995903015,0
48.31817650794983,0
48.31823348999024,0
48.32063508033752,0
48.33406138420105,0
48.33445739746094,0
48.33446288108826,0
48.33449745178223,0
48.33609938621521,0
48.33614373207092,0
48.33638072013855,0
48.33673453330994,0
48.33740305900574,0
48.3375403881073,0
48.33768177032471,0
48.35464859008789,0
48.35601687431336,0
48.35720181465149,0
48.35723376274109,0
48.35725688934326,0
48.37752056121826,0
48.37755632400513,0
48.37757062911987,0
48.37860417366028,0
48.3786211013794,0
48.38245439529419,0
48.38246893882752,0
48.38248348236084,0
48.3825089931488,0
48.384673833847046,0
48.38524985313416,0
48.38572525978088,0
48.39139866828919,0
48.39153337478638,0
48.398770809173584,0
48.39894723892212,0
48.401631355285645,0
48.40166115760803,0
48.40170383453369,0
48.40767812728882,0
48.41717147827149,0
48.41722512245178,0
48.41724228858948,0
48.42931294441223,0
48.42978191375733,0
48.43024301528931,0
48.430285930633545,0
48.4351327419281,0
48.435375452041626,0
48.43545341491699,0
48.43721508979797,0
48.43725275993347,0
48.43746900558472,0
48.44655632972717,0
48.44662809371948,0
48.446629762649536,0
48.44698643684387,0
48.44881820678711,0
48.448872327804565,0
48.44906544685364,0
48.45733976364136,0
48.45741415023804,0
48.457599401474,0
48.46694040298462,0
48.47794771194458,0
48.47800302505493,0
48.47802829742432,0
48.49349927902222,0
48.49388909339905,0
48.49393081665039,0
48.49400663375855,0
48.49556374549866,0
48.495585680007935,0
48.49560737609863,0
48.497196197509766,0
48.497238636016846,0
48.49725937843323,0
48.513972759246826,0
48.513973236083984,0
48.51572060585022,0
48.51576590538025,0
48.51755499839783,0
48.517895221710205,0
48.518041133880615,0
48.5181577205658,0
48.53268599510193,0
48.53275680541992,0
48.5329065322876,0
48.53293013572693,0
48.53896427154541,0
48.53904914855957,0
48.53923869132996,0
48.53927230834961,0
48.53939986228943,0
48.53944396972656,0
48.55428123474121,0
48.55636477470398,0
48.5580952167511,0
48.55819392204285,0
48.55821251869202,0
48.55874443054199,0
48.576918840408325,0
48.57725763320923,0
48.577343463897705,0
48.577516317367554,0
48.577837228775024,0
48.582093954086304,0
48.58383297920227,0
48.58387756347656,0
48.583900690078735,0
48.58496356010437,0
48.58499336242676,0
48.5850145816803,0
48.58857297897339,0
48.58861541748047,0
48.59151864051819,0
48.59160542488098,0
48.59742617607117,0
48.59743928909302,0
48.59746170043945,0
48.617515087127686,0
48.61755418777466,0
48.617603063583374,0
48.62726902961731,0
48.637455463409424,0
48.63751745223999,0
48.63751935958862,0
48.65351295471192,0
48.65385842323303,0
48.65410304069519,0
48.65445232391357,0
48.65887641906738,0
48.658935546875,0
48.65928292274475,0
48.66177678108215,0
48.66181421279907,0
48.66266584396362,0
48.663565158844,0
48.68197059631348,0
48.68201351165772,0
48.68205952644348,0
48.68211102485657,0
48.68216133117676,0
48.68220281600952,0
48.6822555065155,0
48.68702578544617,0
48.68705630302429,0
48.68707251548767,0
48.691725730896,0
48.69175863265991,0
48.69360613822937,0
48.69397830963135,0
48.69709300994873,0
48.69712281227112,0
48.69713664054871,0
48.7103226184845,0
48.71034002304077,0
48.71035265922546,0
48.71036601066589,0
48.71038579940796,0
48.71042823791504,0
48.71050262451172,0
48.717081785202026,0
48.717120885849,0
48.717182636260986,0
48.7375853061676,0
48.737635374069214,0
48.7384831905365,0
48.745670795440674,0
48.750821352005005,0
48.753719091415405,0
48.75375628471375,0
48.7537739276886,0
48.753937005996704,0
48.75398564338684,0
48.75403642654419,0
48.75410437583923,0
48.75715398788452,0
48.75719523429871,0
48.75721335411072,0
48.76725459098816,0
48.7739646434784,0
48.77429389953613,0
48.77851581573486,0
48.77886509895325,0
48.7789192199707,0
48.78042507171631,0
48.78454279899597,0
48.7846462726593,0
48.79721164703369,0
48.79726028442383,0
48.79761362075806,0
48.80335259437561,0
48.80374264717102,0
48.80378222465515,0
48.80379939079285,0
48.80675840377808,0
48.80679488182068,0
48.80804038047791,0
48.80914878845215,0
48.809539556503296,0
48.81226587295532,0
48.81338000297546,0
48.81713938713074,0
48.81748843193054,0
48.81751322746277,0
48.8250777721405,0
48.837109088897705,0
48.83716034889221,0
48.837183237075806,0
48.848530530929565,0
48.84853458404541,0
48.84961938858032,0
48.84966206550598,0
48.85278654098511,0
48.85281586647034,0
48.852901220321655,0
48.85732984542847,0
48.85746455192566,0
48.85748529434204,0
48.86598229408264,0
48.87729406356812,0
48.87734436988831,0
48.87735247612,0
48.89453554153442,0
48.89457893371582,0
48.89467453956604,0
48.8971893787384,0
48.89722800254822,0
48.89884805679321,0
48.898865938186646,0
48.89910197257996,0
48.89912557601929,0
48.89968299865723,0
48.912978410720825,0
48.91300821304321,0
48.91457748413086,0
48.914634227752686,0
48.91530251502991,0
48.91691470146179,0
48.91694140434265,0
48.91695427894592,0
48.92916774749756,0
48.9292368888855,0
48.93768310546875,0
48.93772649765015,0
48.9377498626709,0
48.957093477249146,0
48.95711040496826,0
48.95712566375733,0
48.95714163780213,0
48.9602746963501,0
48.96031594276428,0
48.96040916442871,0
48.96144676208496,0
48.96158719062805,0
48.96161031723023,0
48.96320366859436,0
48.963247299194336,0
48.96326208114624,0
48.96327805519104,0
48.96481728553772,0
48.965137004852295,0
48.96545743942261,0
48.97505760192871,0
48.97787857055664,0
48.977946519851685,0
48.97835779190064,0
48.98426675796509,0
48.98427104949951,0
48.98428750038147,0
48.98429107666016,0
48.987746238708496,0
48.987916469573975,0
48.987959146499634,0
48.99710202217102,0
48.997130393981934,0
48.99714255332947,0
48.99901533126831,0
48.99931621551514,0
49.00162291526794,0
49.00165390968323,0
49.01785063743591,0
49.0178849697113,0
49.01793503761292,0
49.03745317459106,0
49.03749632835388,0
49.03755784034729,0
49.03769564628601,0
49.0436794757843,0
49.04370474815369,0
49.043811082839966,0
49.04713821411133,0
49.04800081253052,0
49.04802346229553,0
49.04802823066712,0
49.04912257194519,0
49.05439209938049,0
49.05589413642883,0
49.05760717391968,0
49.05776643753052,0
49.05779123306274,0
49.0586621761322,0
49.077661752700806,0
49.07772922515869,0
49.07775068283081,0
49.08190035820007,0
49.08195161819458,0
49.08201408386231,0
49.08208775520325,0
49.08950519561768,0
49.08952903747559,0
49.08954882621765,0
49.08967185020447,0
49.08974671363831,0
49.09201955795288,0
49.09204435348511,0
49.09547162055969,0
49.09850454330444,0
49.09854006767273,0
49.098597288131714,0
49.10505986213684,0
49.106966972351074,0
49.111000776290894,0
49.11705994606018,0
49.11708927154541,0
49.11709642410278,0
49.12717294692993,0
49.13725447654724,0
49.13729190826416,0
49.13731598854065,0
49.15581822395325,0
49.15587449073792,0
49.15738558769226,0
49.157461404800415,0
49.15748286247253,0
49.16084408760071,0
49.1620523929596,0
49.16207623481751,0
49.16209959983826,0
49.162121057510376,0
49.16214442253113,0
49.17473912239075,0
49.17476272583008,0
49.17750525474548,0
49.1775381565094,0
49.1775529384613,0
49.19793963432312,0
49.1979398727417,0
49.197988748550415,0
49.20461535453797,0
49.20463800430298,0
49.20470333099365,0
49.2047278881073,0
49.210930585861206,0
49.21140503883362,0
49.21141624450684,0
49.21520924568176,0
49.21522259712219,0
49.215245962142944,0
49.21536946296692,0
49.2153959274292,0
49.2154107093811,0
49.21542525291443,0
49.21544551849365,0
49.21546459197998,0
49.21549677848816,0
49.216283321380615,0
49.21796941757202,0
49.21816635131836,0
49.218239545822144,0
49.22977232933045,0
49.23804831504822,0
49.23809504508972,0
49.23815894126892,0
49.24767255783081,0
49.24773263931274,0
49.24775195121765,0
49.24784469604492,0
49.25109028816223,0
49.25109553337097,0
49.25111532211304,0
49.25831604003906,0
49.2583589553833,0
49.25843071937561,0
49.27518439292908,0
49.277241468429565,0
49.27880454063416,0
49.27899408340454,0
49.28229904174805,0
49.28233432769776,0
49.282349586486816,0
49.28264045715332,0
49.28412365913391,0
49.284324169158936,0
49.28474807739258,0
49.28758692741394,0
49.28792691230774,0
49.29559755325317,0
49.29566502571106,0
49.297239542007446,0
49.29727482795715,0
49.29732179641724,0
49.31702947616577,0
49.31706213951111,0
49.31707787513733,0
49.33617877960205,0
49.33825373649597,0
49.33827829360962,0
49.33830356597901,0
49.34207081794739,0
49.342339277267456,0
49.34237098693848,0
49.34245300292969,0
49.34434652328491,0
49.344380140304565,0
49.344929456710815,0
49.35764813423157,0
49.35770010948181,0
49.357720613479614,0
49.36608695983887,0
49.377758741378784,0
49.37780833244324,0
49.37791657447815,0
49.39795660972595,0
49.3980073928833,0
49.39829969406128,0
49.4052791595459,0
49.40587520599365,0
49.406219244003296,0
49.40626621246338,0
49.40634846687317,0
49.40638470649719,0
49.409318685531616,0
49.40992784500122,0
49.4100193977356,0
49.41042184829712,0
49.41045641899109,0
49.41629362106323,0
49.416794538497925,0
49.41679930686951,0
49.4187126159668,0
49.41872787475586,0
49.418742179870605,0
49.41928195953369,0
49.43730854988098,0
49.43742275238037,0
49.43751668930054,0
49.4385986328125,0
49.44609212875366,0
49.44615864753723,0
49.44621777534485,0
49.44664883613586,0
49.44967579841614,0
49.44969367980957,0
49.44996070861816,0
49.4507520198822,0
49.45078206062317,0
49.45078611373901,0
49.450912952423096,0
49.454010009765625,0
49.45409631729126,0
49.45412135124207,0
49.45786237716675,0
49.45805668830872,0
49.45809197425842,0
49.464216470718384,0
49.4791796207428,0
49.479238748550415,0
49.480043172836304,0
49.49789309501648,0
49.49791383743286,0
49.49804139137268,0
49.51714062690735,0
49.51718878746033,0
49.51724863052368,0
49.521607875823975,0
49.52184820175171,0
49.52189207077026,0
49.521915912628174,0
49.52383756637573,0
49.52399015426636,0
49.524436712265015,0
49.52652382850647,0
49.52663946151733,0
49.52904891967773,0
49.52906656265259,0
49.53903603553772,0
49.53908896446228,0
49.53911089897156,0
49.54340147972107,0
49.54554677009583,0
49.54932284355164,0
49.55627989768982,0
49.556697607040405,0
49.55810046195984,0
49.55816864967346,0
49.55821752548218,0
49.56250643730164,0
49.5625422000885,0
49.56262731552124,0
49.56389856338501,0
49.56429433822632,0
49.56451106071472,0
49.56894397735596,0
49.56901025772095,0
49.57710218429565,0
49.57714438438416,0
49.57716345787048,0
49.59761595726013,0
49.59774684906006,0
49.59774732589722,0
49.60374164581299,0
49.603776931762695,0
49.603792905807495,0
49.60386776924133,0
49.60726261138916,0
49.607383728027344,0
49.607420444488525,0
49.61110067367554,0
49.61115121841431,0
49.61325168609619,0
49.61329436302185,0
49.614842653274536,0
49.61721086502075,0
49.61724472045898,0
49.61725783348084,0
49.61907625198364,0
49.63586091995239,0
49.63714456558228,0
49.63718795776367,0
49.63724303245544,0
49.642913818359375,0
49.64294791221619,0
49.64296364784241,0
49.64302968978882,0
49.64728593826294,0
49.64733910560608,0
49.64756751060486,0
49.65048861503601,0
49.65897250175476,0
49.65901637077332,0
49.6606240272522,0
49.67287230491638,0
49.67290163040161,0
49.6734414100647,0
49.6735143661499,0
49.67727398872376,0
49.67751216888428,0
49.6775426864624,0
49.68108630180359,0
49.68114066123962,0
49.68120980262756,0
49.695412158966064,0
49.69768977165222,0
49.6977322101593,0
49.697752475738525,0
49.69777202606201,0
49.70626449584961,0
49.70632600784302,0
49.71026015281677,0
49.71028327941895,0
49.71028590202332,0
49.71031451225281,0
49.71315336227417,0
49.71318602561951,0
49.71371245384216,0
49.71662449836731,0
49.717002153396606,0
49.71703100204468,0
49.71704196929932,0
49.73702955245972,0
49.737064599990845,0
49.73714137077332,0
49.75159549713135,0
49.751633167266846,0
49.75165414810181,0
49.75167417526245,0
49.757028341293335,0
49.7570366859436,0
49.75705742835999,0
49.757243394851685,0
49.757246017456055,0
49.75789880752564,0
49.7645845413208,0
49.77747082710266,0
49.77754306793213,0
49.77792239189148,0
49.79753684997559,0
49.79758667945862,0
49.79761004447937,0
49.80435514450073,0
49.804362535476685,0
49.80698013305664,0
49.806986808776855,0
49.80701470375061,0
49.80703639984131,0
49.80900573730469,0
49.80902552604675,0
49.80904698371887,0
49.81214833259583,0
49.81236243247986,0
49.81719923019409,0
49.8172333240509,0
49.81724977493286,0
49.818695306777954,0
49.81889939308167,0
49.82163619995117,0
49.82285523414612,0
49.82373356819153,0
49.83765983581543,0
49.83773398399353,0
49.84252691268921,0
49.84252762794495,0
49.842615365982056,0
49.84264087677002,0
49.84265947341919,0
49.84274435043335,0
49.84286212921143,0
49.84566044807434,0
49.86002397537232,0
49.86006760597229,0
49.86016893386841,0
49.86054182052612,0
49.869633436203,0
49.869669914245605,0
49.86968660354614,0
49.86970520019531,0
49.873560428619385,0
49.87361550331116,0
49.87368321418762,0
49.87730288505554,0
49.87822270393372,0
49.8783016204834,0
49.88670802116394,0
49.8867826461792,0
49.89040803909302,0
49.89042115211487,0
49.89758467674256,0
49.89762949943543,0
49.89770293235779,0
49.91794180870056,0
49.91800236701965,0
49.91802263259888,0
49.91870903968811,0
49.92077040672302,0
49.92346262931824,0
49.93165898323059,0
49.93166661262512,0
49.93721795082092,0
49.9372775554657,0
49.9373185634613,0
49.95726990699768,0
49.9573187828064,0
49.95751142501831,0
49.96784114837647,0
49.967920780181885,0
49.96811389923096,0
49.96818494796753,0
49.97386145591736,0
49.9739727973938,0
49.97432255744934,0
49.977250814437866,0
49.97729849815369,0
49.97880411148071,0
49.97882962226868,0
49.978843212127686,0
49.978851318359375,0
49.97893810272217,0
49.98105072975159,0
49.981475591659546,0
49.98153710365296,0
49.98212027549744,0
49.98982977867127,0
49.98985123634338,0
49.98986601829529,0
49.98992466926575,0
49.993542194366455,0
49.99355936050415,0
49.99357700347901,0
49.9947350025177,0
49.994751930236816,0
49.9971239566803,0
49.99841833114624,0
49.99850296974182,0
50.004356384277344,0
50.0053334236145,0
50.01132082939148,0
50.016971588134766,0
50.01721429824829,0
50.01723909378052,0
50.03718948364258,0
50.0372040271759,0
50.03722095489502,0
50.04376602172852,0
50.0438015460968,0
50.04381561279297,0
50.04382991790772,0
50.04396986961365,0
50.04407072067261,0
50.044092416763306,0
50.04418468475342,0
50.04528450965881,0
50.04603433609009,0
50.058271646499634,0
50.05828809738159,0
50.059975147247314,0
50.06000566482544,0
50.06063222885132,0
50.06134271621704,0
50.06142711639404,0
50.061463832855225,0
50.06150412559509,0
50.06154680252075,0
50.06156206130981,0
50.064133644104,0
50.07705879211426,0
50.07709765434265,0
50.07718634605408,0
50.09731268882752,0
50.097328424453735,0
50.097684383392334,0
50.11734366416931,0
50.11747980117798,0
50.11750364303589,0
50.12634205818176,0
50.127625703811646,0
50.12770128250122,0
50.12928819656372,0
50.12934637069702,0
50.13033151626587,0
50.13717722892761,0
50.13726687431336,0
50.13773488998413,0
50.14130115509033,0
50.14133739471436,0
50.1413414478302,0
50.141425132751465,0
50.141438007354736,0
50.14144325256348,0
50.14214420318604,0
50.14351224899292,0
50.15728402137756,0
50.15733814239502,0
50.157604694366455,0
50.169456243515015,0
50.16996502876282,0
50.17292857170105,0
50.1729474067688,0
50.17296552658081,0
50.17298340797424,0
50.17350149154663,0
50.17355537414551,0
50.17358136177063,0
50.17780637741089,0
50.1778872013092,0
50.17790579795837,0
50.17984318733215,0
50.1798677444458,0
50.17988276481629,0
50.17989778518677,0
50.18190264701843,0
50.181957960128784,0
50.18198323249817,0
50.18323922157288,0
50.18326807022095,0
50.1882631778717,0
50.18836975097656,0
50.19724249839783,0
50.197975158691406,0
50.198036670684814,0
50.2164363861084,0
50.21718716621399,0
50.21726131439209,0
50.217318534851074,0
50.22295594215393,0
50.22297644615173,0
50.22303533554077,0
50.2236225605011,0
50.22738742828369,0
50.22742033004761,0
50.22762084007263,0
50.22895908355713,0
50.23558282852173,0
50.23713302612305,0
50.23717093467712,0
50.23725843429565,0
50.24009156227112,0
50.24861598014832,0
50.24882984161377,0
50.24886083602905,0
50.24908995628357,0
50.25704646110535,0
50.257083892822266,0
50.2571280002594,0
50.26563549041748,0
50.26567792892456,0
50.2660083770752,0
50.27768301963806,0
50.27773284912109,0
50.27783560752869,0
50.287795066833496,0
50.28785109519959,0
50.28997230529785,0
50.29006886482239,0
50.29795718193054,0
50.29801321029663,0
50.29811263084412,0
50.3175950050354,0
50.31948947906494,0
50.31952381134033,0
50.319586992263794,0
50.32777118682861,0
50.32787799835205,0
50.32789587974548,0
50.3279116153717,0
50.328033208847046,0
50.3280520439148,0
50.32810187339783,0
50.33753752708435,0
50.33759021759033,0
50.337875843048096,0
50.33794379234314,0
50.34121870994568,0
50.34127187728882,0
50.35727763175965,0
50.35732626914978,0
50.357489347457886,0
50.37200450897217,0
50.37203073501587,0
50.37499737739563,0
50.37514567375183,0
50.37517023086548,0
50.37519264221192,0
50.375547885894775,0
50.375572681427,0
50.3755955696106,0
50.377983808517456,0
50.378079891204834,0
50.37814664840698,0
50.38940215110779,0
50.38955020904541,0
50.38962984085083,0
50.38965392112732,0
50.39012026786804,0
50.3985755443573,0
50.39862513542175,0
50.39872932434082,0
50.410032749176025,0
50.410653829574585,0
50.410975217819214,0
50.41101408004761,0
50.41217017173767,0
50.41220116615296,0
50.41242861747742,0
50.417282819747925,0
50.4173219203949,0
50.41733598709106,0
50.429953813552856,0
50.429988384246826,0
50.43003249168396,0
50.430078983306885,0
50.430089712142944,0
50.43010950088501,0
50.430150508880615,0
50.43707084655762,0
50.43710494041443,0
50.43711590766907,0
50.457557678222656,0
50.45765018463135,0
50.45767593383789,0
50.46323013305664,0
50.47075176239014,0
50.47076940536499,0
50.47077178955078,0
50.4707944393158,0
50.47345733642578,0
50.473496437072754,0
50.4735152721405,0
50.4747519493103,0
50.475597620010376,0
50.477455377578735,0
50.47746777534485,0
50.47776794433594,0
50.47922563552856,0
50.49317598342896,0
50.4934389591217,0
50.4934561252594,0
50.49366807937622,0
50.49377751350403,0
50.494125843048096,0
50.49415683746338,0
50.49495244026184,0
50.49498152732849,0
50.49673867225647,0
50.49710488319397,0
50.497132301330566,0
50.49714803695679,0
50.49716114997864,0
50.52145743370056,0
50.52149033546448,0
50.52158761024475,0
50.53730225563049,0
50.53731203079224,0
50.53735089302063,0
50.55633592605591,0
50.557735204696655,0
50.55777716636658,0
50.55819082260132,0
50.5631160736084,0
50.563196659088135,0
50.56448173522949,0
50.56450867652893,0
50.56459474563599,0
50.56464982032776,0
50.5783576965332,0
50.57840657234192,0
50.578425884246826,0
50.58430981636048,0
50.58516430854797,0
50.58579921722412,0
50.58581066131592,0
50.58952903747559,0
50.59103322029114,0
50.59552764892578,0
50.59555721282959,0
50.59579253196716,0
50.59582471847534,0
50.59719681739807,0
50.59721231460571,0
50.5972273349762,0
50.61089015007019,0
50.61401963233948,0
50.6152400970459,0
50.615262031555176,0
50.61527729034424,0
50.61761283874512,0
50.61764407157898,0
50.61766147613525,0
50.63396739959717,0
50.63460564613342,0
50.63763189315796,0
50.63766527175903,0
50.63768005371094,0
50.6528069972992,0
50.652822971344,0
50.65283966064453,0
50.65290188789368,0
50.65476679801941,0
50.654810190200806,0
50.65552520751953,0
50.65683460235596,0
50.65687012672424,0
50.65688395500183,0
50.65689754486084,0
50.65719342231751,0
50.65809750556946,0
50.65817642211914,0
50.67792391777039,0
50.677966594696045,0
50.67802691459656,0
50.685242652893066,0
50.6852765083313,0
50.68534541130066,0
50.685436725616455,0
50.68940734863281,0
50.689884185791016,0
50.68997645378113,0
50.6900646686554,0
50.69284200668335,0
50.69317936897278,0
50.69329118728638,0
50.6940381526947,0
50.69474196434021,0
50.69709753990173,0
50.69733762741089,0
50.69745182991028,0
50.69894409179688,0
50.69896697998047,0
50.717246770858765,0
50.71744704246521,0
50.71755790710449,0
50.73421239852905,0
50.73717498779297,0
50.7373468875885,0
50.73754048347473,0
50.7576949596405,0
50.75775051116944,0
50.75777292251587,0
50.76406455039978,0
50.76411724090576,0
50.76953887939453,0
50.77222633361816,0
50.7722635269165,0
50.77237844467163,0
50.7730758190155,0
50.77312254905701,0
50.773194551467896,0
50.77335500717163,0
50.777583599090576,0
50.77838945388794,0
50.77889323234558,0
50.78284811973572,0
50.784406423568726,0
50.786092042922974,0
50.78664350509644,0
50.78731369972229,0
50.78774642944336,0
50.78806686401367,0
50.78866195678711,0
50.78869485855103,0
50.78989577293396,0
50.78994178771973,0
50.79750466346741,0
50.79752779006958,0
50.797542333602905,0
50.81859803199768,0
50.81866216659546,0
50.81869459152222,0
50.82626509666443,0
50.837045192718506,0
50.837082862854,0
50.83720684051514,0
50.85686135292053,0
50.85707378387451,0
50.85711431503296,0
50.85725498199463,0
50.8575804233551,0
50.85760736465454,0
50.85809636116028,0
50.86133599281311,0
50.86196970939636,0
50.86202144622803,0
50.8637957572937,0
50.87451457977295,0
50.87456035614014,0
50.8746292591095,0
50.87468934059143,0
50.87781310081482,0
50.87792754173279,0
50.87798476219177,0
50.88001728057861,0
50.88006925582886,0
50.88031840324402,0
50.89101696014404,0
50.8913414478302,0
50.89403200149536,0
50.894081115722656,0
50.89647793769837,0
50.89682674407959,0
50.89687371253967,0
50.8968939781189,0
50.898253202438354,0
50.898274421691895,0
50.89833402633667,0
50.90516471862793,0
50.905566692352295,0
50.905622243881226,0
50.92081785202026,0
50.92089605331421,0
50.92095160484314,0
50.937278509140015,0
50.93732690811157,0
50.93768453598023,0
50.949198484420776,0
50.95753574371338,0
50.958266496658325,0
50.95857000350952,0
50.981255292892456,0
50.98131322860718,0
50.98133873939514,0
50.986088037490845,0
50.98611569404602,0
50.98909521102905,0
50.98954606056213,0
50.989601373672485,0
50.98963260650635,0
50.99511122703552,0
50.99536895751953,0
50.99539422988892,0
50.99765133857727,0
50.997692584991455,0
50.99775195121765,0
50.999839544296265,0
50.99987459182739,0
51.00108504295349,0
51.01706647872925,0
51.017093896865845,0
51.01710653305054,0
51.01798701286316,0
51.01804256439209,0
51.020219802856445,0
51.02029228210449,0
51.02221083641052,0
51.02405953407288,0
51.02501153945923,0
51.02676057815552,0
51.037346601486206,0
51.03740930557251,0
51.03745317459106,0
51.04152703285217,0
51.04575967788696,0
51.04578471183777,0
51.04790449142456,0
51.04794883728027,0
51.04809260368347,0
51.048128843307495,0
51.0482439994812,0
51.048282623291016,0
51.05764031410217,0
51.05776286125183,0
51.0578088760376,0
51.06561279296875,0
51.07709980010986,0
51.077139377594,0
51.07725644111633,0
51.097312450408936,0
51.0974109172821,0
51.097485065460205,0
51.11648511886597,0
51.11650943756104,0
51.11666560173035,0
51.11669278144837,0
51.11893892288208,0
51.1189591884613,0
51.118980884552,0
51.12233591079712,0
51.12249398231506,0
51.12252378463745,0
51.12314701080322,0
51.123215675354,0
51.13039684295654,0
51.13044691085816,0
51.136430740356445,0
51.1379497051239,0
51.13798117637634,0
51.13799953460693,0
51.15290904045105,0
51.15294814109802,0
51.15297150611877,0
51.15299582481384,0
51.15829181671143,0
51.158316135406494,0
51.15836143493652,0
51.16007971763611,0
51.16010808944702,0
51.16013789176941,0
51.16156077384949,0
51.16162538528442,0
51.16213822364807,0
51.1621618270874,0
51.1781952381134,0
51.178242206573486,0
51.17829203605652,0
51.18128323554993,0
51.1816565990448,0
51.18169403076172,0
51.1823046207428,0
51.18847990036011,0
51.18850207328797,0
51.189748764038086,0
51.19010400772095,0
51.19012141227722,0
51.19013547897339,0
51.194345235824585,0
51.19436812400818,0
51.19471120834351,0
51.19706463813782,0
51.19730257987976,0
51.197319746017456,0
51.19894194602966,0
51.19899582862854,0
51.20970010757446,0
51.20974683761597,0
51.209794759750366,0
51.21886396408081,0
51.21890211105347,0
51.21891665458679,0
51.23057699203491,0
51.23058938980103,0
51.2306022644043,0
51.230618953704834,0
51.23718309402466,0
51.23721361160278,0
51.237226486206055,0
51.24449181556702,0
51.24453020095825,0
51.24522304534912,0
51.25727653503418,0
51.25732326507568,0
51.25734233856201,0
51.27729296684265,0
51.27732229232788,0
51.2773494720459,0
51.2838146686554,0
51.28796863555908,0
51.28819799423218,0
51.29456877708435,0
51.29624915122986,0
51.296268463134766,0
51.29639434814453,0
51.298086404800415,0
51.29812979698181,0
51.29840016365051,0
51.299132108688354,0
51.29913949966431,0
51.29949331283569,0
51.30008387565613,0
51.3001766204834,0
51.30447292327881,0
51.304563999176025,0
51.30913639068604,0
51.31720805168152,0
51.31725287437439,0
51.317535161972046,0
51.3377206325531,0
51.33780121803284,0
51.337827920913696,0
51.35260081291199,0
51.35261178016663,0
51.3526656627655,0
51.35275053977966,0
51.358237981796265,0
51.358272314071655,0
51.3584258556366,0
51.36185145378113,0
51.362247467041016,0
51.36236596107483,0
51.36389827728272,0
51.37732267379761,0
51.37776732444763,0
51.37816882133484,0
51.37983965873718,0
51.38045263290405,0
51.39745497703552,0
51.39750695228577,0
51.39757227897644,0
51.40532207489014,0
51.40534996986389,0
51.407272815704346,0
51.40730333328247,0
51.40732502937317,0
51.4073805809021,0
51.41286325454712,0
51.41293859481812,0
51.41300749778748,0
51.41388869285584,0
51.41393399238586,0
51.41460847854614,0
51.41461253166199,0
51.417757749557495,0
51.417799949646,0
51.41789174079895,0
51.42823028564453,0
51.42826247215271,0
51.42845320701599,0
51.42845439910889,0
51.43031620979309,0
51.43037724494934,0
51.430643796920776,0
51.43132257461548,0
51.433987855911255,0
51.43822693824768,0
51.438294887542725,0
51.4383180141449,0
51.43965482711792,0
51.44688773155213,0
51.449939250946045,0
51.450289487838745,0
51.45030999183655,0
51.45037984848023,0
51.45040726661682,0
51.45076632499695,0
51.45747923851013,0
51.45776295661926,0
51.45780968666077,0
51.46973299980164,0
51.47735095024109,0
51.47735524177551,0
51.477447271347046,0
51.48034334182739,0
51.48039889335632,0
51.480469942092896,0
51.48053789138794,0
51.49925875663757,0
51.49931049346924,0
51.49933290481568,0
51.50646090507507,0
51.50649833679199,0
51.512890338897705,0
51.51449275016785,0
51.51602745056152,0
51.51792788505554,0
51.5179808139801,0
51.518041133880615,0
51.52514338493347,0
51.52517056465149,0
51.53437542915344,0
51.53654980659485,0
51.53658509254456,0
51.53660035133362,0
51.53664255142212,0
51.5372006893158,0
51.53722357749939,0
51.53723740577698,0
51.553555965423584,0
51.55360007286072,0
51.55366802215576,0
51.555118560791016,0
51.558533906936646,0
51.55854082107544,0
51.55857682228088,0
51.57849097251892,0
51.578537702560425,0
51.57855844497681,0
51.58269929885864,0
51.58273935317993,0
51.583630323410034,0
51.58391332626343,0
51.58413791656494,0
51.584510803222656,0
51.585615396499634,0
51.58612537384033,0
51.5869209766388,0
51.58954882621765,0
51.58956813812256,0
51.59279012680054,0
51.59285426139832,0
51.598018407821655,0
51.59810423851013,0
51.598164081573486,0
51.61732769012451,0
51.61982583999634,0
51.6198718547821,0
51.6275622844696,0
51.63714241981506,0
51.637187480926514,0
51.63721346855164,0
51.655689001083374,0
51.655741453170776,0
51.65576815605164,0
51.65594792366028,0
51.657599210739136,0
51.657920122146606,0
51.65794610977173,0
51.66180920600891,0
51.661906242370605,0
51.66196346282959,0
51.66378164291382,0
51.66400122642517,0
51.66408848762512,0
51.66509246826172,0
51.66702914237976,0
51.66708588600159,0
51.6676127910614,0
51.67100763320923,0
51.67962551116944,0
51.67967534065247,0
51.679685831069946,0
51.69727683067322,0
51.69729828834534,0
51.69731855392456,0
51.69733834266663,0
51.69797873497009,0
51.698020935058594,0
51.69813942909241,0
51.703118324279785,0
51.70315384864807,0
51.70360589027405,0
51.71231913566589,0
51.71239423751831,0
51.71245074272156,0
51.712504386901855,0
51.71252489089966,0
51.7172315120697,0
51.717273235321045,0
51.71733117103577,0
51.730289697647095,0
51.73080921173096,0
51.73172736167908,0
51.73181891441345,0
51.73186492919922,0
51.73189687728882,0
51.73418736457825,0
51.73420286178589,0
51.73450207710266,0
51.736907958984375,0
51.73693823814392,0
51.73698282241821,0
51.75748062133789,0
51.757538080215454,0
51.75762486457825,0
51.76830267906189,0
51.77752375602722,0
51.77756905555725,0
51.777594804763794,0
51.797738790512085,0
51.7977979183197,0
51.79799818992615,0
51.80431532859802,0
51.80434584617615,0
51.80851054191589,0
51.80853199958801,0
51.80859303474426,0
51.80867648124695,0
51.81189680099487,0
51.811941623687744,0
51.81301951408386,0
51.8131160736084,0
51.81368684768677,0
51.81776475906372,0
51.81780385971069,0
51.81788063049317,0
51.81928610801697,0
51.81930828094482,0
51.82231831550598,0
51.82291460037232,0
51.83004426956177,0
51.8367862701416,0
51.83707165718079,0
51.83708715438843,0
51.83713936805725,0
51.83775281906128,0
51.83884716033936,0
51.84113883972168,0
51.84886455535889,0
51.848933696746826,0
51.84950757026672,0
51.85172319412232,0
51.85703253746033,0
51.85706734657288,0
51.85712027549744,0
51.8740758895874,0
51.874117612838745,0
51.87417316436768,0
51.8741934299469,0
51.8763473033905,0
51.8763689994812,0
51.87840962409973,0
51.87845993041992,0
51.8785080909729,0
51.87866687774658,0
51.88666820526123,0
51.88719344139099,0
51.88963270187378,0
51.88972687721253,0
51.8986382484436,0
51.89865684509277,0
51.89886140823364,0
51.91432189941406,0
51.914331674575806,0
51.9143807888031,0
51.91438794136048,0
51.917550563812256,0
51.917572021484375,0
51.917598724365234,0
51.91760325431824,0
51.91777968406677,0
51.91917657852173,0
51.91997146606445,0
51.93524169921875,0
51.93527722358704,0
51.93531680107117,0
51.93538403511048,0
51.93676400184631,0
51.936771392822266,0
51.93848180770874,0
51.938501834869385,0
51.93853306770325,0
51.938549518585205,0
51.95828914642334,0
51.95836138725281,0
51.95842266082764,0
51.96734428405762,0
51.9701144695282,0
51.97894263267517,0
51.97906017303467,0
51.97948169708252,0
51.9911208152771,0
51.99693465232849,0
51.99696707725525,0
51.99698352813721,0
52.01802110671997,0
52.01805901527405,0
52.01833701133728,0
52.027963638305664,0
52.02822685241699,0
52.02930641174317,0
52.02934384346008,0
52.029452085495,0
52.02952027320862,0
52.03173470497131,0
52.03174901008606,0
52.03228783607483,0
52.03631210327149,0
52.036367893218994,0
52.03749561309815,0
52.03750014305115,0
52.03754162788391,0
52.04825019836426,0
52.04835486412048,0
52.05003333091736,0
52.05748438835144,0
52.05752944946289,0
52.05755162239075,0
52.05755853652954,0
52.05757236480713,0
52.05772876739502,0
52.06134867668152,0
52.06931829452515,0
52.06938862800598,0
52.06974577903748,0
52.070857763290405,0
52.073614835739136,0
52.0748553276062,0
52.07711124420166,0
52.07711243629456,0
52.07715702056885,0
52.08389925956726,0
52.08980917930603,0
52.0898118019104,0
52.08998847007752,0
52.090014696121216,0
52.09716486930847,0
52.09719443321228,0
52.09720277786255,0
52.11794829368591,0
52.11800765991211,0
52.11803340911865,0
52.12104964256287,0
52.12205648422241,0
52.12270832061768,0
52.12336826324463,0
52.12339210510254,0
52.126466035842896,0
52.12649750709534,0
52.13409495353699,0
52.14056491851807,0
52.14072108268738,0
52.1407413482666,0
52.14710283279419,0
52.14713215827942,0
52.14714479446411,0
52.14752769470215,0
52.14755606651306,0
52.14756631851196,0
52.1475841999054,0
52.14764595031738,0
52.14766430854797,0
52.14771628379822,0
52.14772915840149,0
52.15143609046936,0
52.15144109725952,0
52.15172576904297,0
52.157005310058594,0
52.15704083442688,0
52.15712952613831,0
52.15958595275879,0
52.17797923088074,0
52.17811107635498,0
52.1782968044281,0
52.18023300170898,0
52.18067979812622,0
52.18305897712708,0
52.18308997154236,0
52.18314743041992,0
52.18316864967346,0
52.18579077720642,0
52.18579363822937,0
52.18584728240967,0
52.19143414497376,0
52.19147229194641,0
52.19420695304871,0
52.194276094436646,0
52.19531631469727,0
52.197876930236816,0
52.19792151451111,0
52.19794273376465,0
52.21219778060913,0
52.21722149848938,0
52.21753716468811,0
52.21761775016785,0
52.22599267959595,0
52.23722505569458,0
52.237265825271606,0
52.23728370666504,0
52.25567173957825,0
52.25581741333008,0
52.25584006309509,0
52.25586652755737,0
52.25823831558228,0
52.25828719139099,0
52.25836753845215,0
52.26262331008911,0
52.26334047317505,0
52.26344466209412,0
52.26359438896179,0
52.2688467502594,0
52.268855571746826,0
52.26889085769653,0
52.27222895622253,0
52.27751088142395,0
52.27763199806213,0
52.27775287628174,0
52.293752670288086,0
52.29380440711975,0
52.29401612281799,0
52.294092416763306,0
52.29418444633484,0
52.29774975776672,0
52.29785513877869,0
52.29787755012512,0
52.29996109008789,0
52.30005431175232,0
52.31801581382752,0
52.31807208061218,0
52.31816554069519,0
52.33030366897583,0
52.33070683479309,0
52.331143617630005,0
52.33756303787232,0
52.33759570121765,0
52.33761048316956,0
52.3399817943573,0
52.34001183509827,0
52.34005951881409,0
52.34011173248291,0
52.34262752532959,0
52.34269046783447,0
52.342963218688965,0
52.35016679763794,0
52.35121130943298,0
52.35298132896423,0
52.35706353187561,0
52.35708832740784,0
52.35713243484497,0
52.37710666656494,0
52.37713646888733,0
52.377148151397705,0
52.3792417049408,0
52.37928104400635,0
52.38044023513794,0
52.38044095039368,0
52.38185691833496,0
52.38191199302673,0
52.38614821434021,0
52.38616847991944,0
52.38618278503418,0
52.38646221160889,0
52.386478424072266,0
52.39006543159485,0
52.39138436317444,0
52.39215707778931,0
52.392186403274536,0
52.39219665527344,0
52.39245867729187,0
52.39739894866944,0
52.39742851257324,0
52.39744019508362,0
52.406795263290405,0
52.4069185256958,0
52.40696668624878,0
52.407450914382935,0
52.41699743270874,0
52.41702938079834,0
52.41727328300476,0
52.4323513507843,0
52.43238925933838,0
52.43242859840393,0
52.4324643611908,0
52.43484783172608,0
52.43486332893372,0
52.43492460250855,0
52.436856269836426,0
52.43688321113586,0
52.43691444396973,0
52.457058906555176,0
52.45709466934204,0
52.45710873603821,0
52.46424102783203,0
52.47741770744324,0
52.47745871543884,0
52.47827482223511,0
52.49714517593384,0
52.49718928337097,0
52.4972095489502,0
52.51732683181763,0
52.517409324646,0
52.51749491691589,0
52.52659177780152,0
52.52660012245178,0
52.52661776542664,0
52.52675104141235,0
52.53308725357056,0
52.53352403640747,0
52.53357005119324,0
52.535319328308105,0
52.53536772727966,0
52.53708362579346,0
52.537104845047,0
52.53719186782837,0
52.53835344314575,0
52.53840255737305,0
52.542372703552246,0
52.54869794845581,0
52.54919385910034,0
52.54926323890686,0
52.54946494102478,0
52.55429172515869,0
52.55441379547119,0
52.55443978309631,0
52.5561888217926,0
52.559484243392944,0
52.55951094627381,0
52.55953598022461,0
52.57694339752197,0
52.57696843147278,0
52.57761240005493,0
52.5776424407959,0
52.57768487930298,0
52.57901120185852,0
52.579025983810425,0
52.57903575897217,0
52.58066773414612,0
52.58178186416626,0
52.58179688453674,0
52.58180904388428,0
52.58726930618286,0
52.58731961250305,0
52.588680267333984,0
52.5887086391449,0
52.596919536590576,0
52.59697985649109,0
52.596991539001465,0
52.612149477005005,0
52.614206075668335,0
52.61720252037048,0
52.61724042892456,0
52.61731767654419,0
52.63326168060303,0
52.63534569740296,0
52.63537168502808,0
52.63540959358215,0
52.63544511795044,0
52.637762784957886,0
52.63780736923218,0
52.6378231048584,0
52.65031218528748,0
52.650346755981445,0
52.65054821968079,0
52.65191578865051,0
52.65194892883301,0
52.651949405670166,0
52.65199947357178,0
52.65400791168213,0
52.65406060218811,0
52.65416622161865,0
52.65690755844116,0
52.65694522857666,0
52.656957387924194,0
52.66645812988281,0
52.67724823951721,0
52.677562952041626,0
52.67760419845581,0
52.693976163864136,0
52.69401454925537,0
52.69408845901489,0
52.69414234161377,0
52.69761872291565,0
52.69767856597901,0
52.69773292541504,0
52.69784116744995,0
52.6979455947876,0
52.69799447059631,0
52.70897603034973,0
52.709025621414185,0
52.71218514442444,0
52.712231397628784,0
52.71732234954834,0
52.71742033958435,0
52.71753239631653,0
52.73796582221985,0
52.7380805015564,0
52.73815393447876,0
52.73817086219788,0
52.7389497756958,0
52.73995399475098,0
52.75761795043945,0
52.75764489173889,0
52.757659912109375,0
52.76677322387695,0
52.76677393913269,0
52.7675724029541,0
52.76914119720459,0
52.76916551589966,0
52.76919555664063,0
52.77009010314941,0
52.77011442184448,0
52.77012658119202,0
52.77064251899719,0
52.77573823928833,0
52.77574276924133,0
52.777592182159424,0
52.77760362625122,0
52.7776141166687,0
52.77868604660034,0
52.77870988845825,0
52.77906322479248,0
52.779438734054565,0
52.78310871124268,0
52.78402614593506,0
52.78407835960388,0
52.78439831733704,0
52.78442621231079,0
52.79689168930054,0
52.797027349472046,0
52.79713249206543,0
52.80403709411621,0
52.81890439987183,0
52.81894993782044,0
52.818968057632446,0
52.83482623100281,0
52.83484148979187,0
52.83489751815796,0
52.83521151542664,0
52.8365421295166,0
52.83706665039063,0
52.83708882331848,0
52.83711647987366,0
52.83777976036072,0
52.83800005912781,0
52.85704851150513,0
52.85708451271057,0
52.85710430145264,0
52.876394271850586,0
52.87734365463257,0
52.87769031524658,0
52.87769508361816,0
52.897615909576416,0
52.89765477180481,0
52.89765787124634,0
52.89779615402222,0
52.900044441223145,0
52.90009379386902,0
52.90022325515747,0
52.90102672576904,0
52.90163993835449,0
52.90233516693115,0
52.90336537361145,0
52.90341329574585,0
52.90880751609802,0
52.908923625946045,0
52.91802406311035,0
52.9180691242218,0
52.91809010505676,0
52.91955018043518,0
52.91957712173462,0
52.92014026641846,0
52.92017912864685,0
52.92085266113281,0
52.92153811454773,0
52.92164969444275,0
52.92215323448181,0
52.927250623703,0
52.92869019508362,0
52.92874765396118,0
52.92996382713318,0
52.93105888366699,0
52.93130612373352,0
52.93208289146423,0
52.93723821640015,0
52.93725800514221,0
52.93726515769959,0
52.947351694107056,0
52.9478325843811,0
52.95771527290344,0
52.957749366760254,0
52.9577624797821,0
52.9675407409668,0
52.97699809074402,0
52.97710752487183,0
52.97712135314941,0
52.99087333679199,0
52.99087977409363,0
52.9923574924469,0
52.99237751960754,0
52.99249219894409,0
52.99251103401184,0
52.99350261688232,0
52.99352693557739,0
52.99354839324951,0
52.99691414833069,0
52.996941566467285,0
52.99697160720825,0
53.00712704658508,0
53.00715970993042,0
53.00822877883911,0
53.00838041305542,0
53.01692509651184,0
53.01710391044617,0
53.01714777946472,0
53.03705167770386,0
53.03708577156067,0
53.03710842132568,0
53.03755855560303,0
53.04441833496094,0
53.04443979263306,0
53.04450058937073,0
53.04452085494995,0
53.04466104507446,0
53.04470586776733,0
53.04472661018372,0
53.0457284450531,0
53.057154178619385,0
53.057188987731934,0
53.05720138549805,0
53.066542625427246,0
53.07716608047485,0
53.07724165916443,0
53.07750725746155,0
53.09409236907959,0
53.09411573410034,0
53.09413290023804,0
53.09420394897461,0
53.096712827682495,0
53.096795082092285,0
53.09746241569519,0
53.09853005409241,0
53.09952521324158,0
53.09955048561096,0
53.10117053985596,0
53.101320028305054,0
53.11779594421387,0
53.11781024932861,0
53.117966413497925,0
53.13544940948486,0
53.13551735877991,0
53.13647603988648,0
53.13735055923462,0
53.13739800453186,0
53.14012813568115,0
53.14014720916748,0
53.140159368515015,0
53.14648747444153,0
53.14660024642944,0
53.14661931991577,0
53.14662790298462,0
53.15028357505798,0
53.15032148361206,0
53.15032744407654,0
53.15278077125549,0
53.1530077457428,0
53.15316939353943,0
53.153432846069336,0
53.15496253967285,0
53.15499544143677,0
53.15500855445862,0
53.15529227256775,0
53.15702795982361,0
53.157039642333984,0
53.15704846382141,0
53.15945982933045,0
53.16697287559509,0
53.17699098587036,0
53.17701816558838,0
53.177204847335815,0
53.1974880695343,0
53.197529792785645,0
53.19754600524902,0
53.21610903739929,0
53.21675539016724,0
53.21712112426758,0
53.217146158218384,0
53.21719264984131,0
53.2186484336853,0
53.218658447265625,0
53.21866273880005,0
53.21866488456726,0
53.21939206123352,0
53.219404220581055,0
53.21979641914368,0
53.23326897621155,0
53.23328709602356,0
53.23367619514465,0
53.233699560165405,0
53.23420214653015,0
53.237085580825806,0
53.23711681365967,0
53.23712992668152,0
53.250535011291504,0
53.25055408477783,0
53.25061082839966,0
53.25062823295593,0
53.25274586677551,0
53.252771615982056,0
53.25284123420715,0
53.25700235366821,0
53.257036209106445,0
53.25708317756653,0
53.26437997817993,0
53.27728223800659,0
53.27732491493225,0
53.27735185623169,0
53.2978675365448,0
53.29791522026062,0
53.29793572425842,0
53.2995879650116,0
53.2996289730072,0
53.2996346950531,0
53.29965686798096,0
53.30375099182129,0
53.3038182258606,0
53.303892850875854,0
53.30402064323425,0
53.30407452583313,0
53.31781172752381,0
53.317832469940186,0
53.31785464286804,0
53.31793260574341,0
53.31799507141113,0
53.32129716873169,0
53.32701826095581,0
53.32705283164978,0
53.327068567276,0
53.32988691329956,0
53.33128809928894,0
53.33131551742554,0
53.3321418762207,0
53.3375358581543,0
53.33805990219116,0
53.33807921409607,0
53.3463020324707,0
53.35758423805237,0
53.35761594772339,0
53.35768032073975,0
53.36987519264221,0
53.370023012161255,0
53.37096691131592,0
53.372488021850586,0
53.37299370765686,0
53.37307357788086,0
53.377166986465454,0
53.37720704078674,0
53.37726759910584,0
53.39763498306274,0
53.39768362045288,0
53.39770984649658,0
53.40764331817627,0
53.40769982337952,0
53.40804409980774,0
53.40841031074524,0
53.40900778770447,0
53.41071391105652,0
53.41076326370239,0
53.413721799850464,0
53.41372227668762,0
53.41382431983948,0
53.413875579833984,0
53.41834592819214,0
53.41838979721069,0
53.41913938522339,0
53.41987633705139,0
53.42017126083374,0
53.42022252082825,0
53.42077302932739,0
53.4291570186615,0
53.42986869812012,0
53.43122315406799,0
53.43241858482361,0
53.43713617324829,0
53.43729257583618,0
53.43730616569519,0
53.44156074523926,0
53.441604137420654,0
53.44161772727966,0
53.44171571731568,0
53.44433903694153,0
53.44437074661255,0
53.44439101219177,0
53.445231676101685,0
53.44572067260742,0
53.457297563552856,0
53.457499980926514,0
53.4577043056488,0
53.46595621109009,0
53.47795343399048,0
53.477999448776245,0
53.47802114486694,0
53.4978244304657,0
53.49791884422302,0
53.498061180114746,0
53.51943755149841,0
53.5194742679596,0
53.51962327957153,0
53.51966094970703,0
53.521424770355225,0
53.52147626876831,0
53.522533893585205,0
53.523163080215454,0
53.52323746681213,0
53.52327466011048,0
53.52770137786865,0
53.52777862548828,0
53.531049489974976,0
53.53109359741211,0
53.537630796432495,0
53.538012742996216,0
53.53803730010986,0
53.55744981765747,0
53.55752062797546,0
53.55756855010986,0
53.56641244888306,0
53.57883405685425,0
53.57888674736023,0
53.57895874977112,0
53.592063903808594,0
53.59208869934082,0
53.59464979171753,0
53.59467053413391,0
53.59469175338745,0
53.59471368789673,0
53.59789824485779,0
53.5981650352478,0
53.59819269180298,0
53.59948301315308,0
53.59952616691589,0
53.5995876789093,0
53.612940311431885,0
53.61307978630066,0
53.61567735671997,0
53.61575984954834,0
53.61680746078491,0
53.61948800086975,0
53.61961388587952,0
53.61965322494507,0
53.6370644569397,0
53.63706612586975,0
53.63707852363586,0
53.64056324958801,0
53.64061379432678,0
53.64062929153442,0
53.640647172927856,0
53.64494037628174,0
53.644978761672974,0
53.646427631378174,0
53.647611141204834,0
53.64763164520264,0
53.64767527580261,0
53.647690773010254,0
53.64785599708557,0
53.64794087409973,0
53.64800810813904,0
53.6500289440155,0
53.657578229904175,0
53.657626152038574,0
53.65764546394348,0
53.67781734466553,0
53.67786812782288,0
53.67791533470154,0
53.68625569343567,0
53.686299085617065,0
53.68632054328919,0
53.68634223937988,0
53.688270568847656,0
53.68894863128662,0
53.68900537490845,0
53.69377017021179,0
53.69408679008484,0
53.69568538665772,0
53.69597673416138,0
53.697144508361816,0
53.69718360900879,0
53.697243213653564,0
53.70126271247864,0
53.70315766334534,0
53.70408987998962,0
53.71386122703552,0
53.71389842033386,0
53.71694850921631,0
53.71709418296814,0
53.71717095375061,0
53.71719527244568,0
53.717549324035645,0
53.717588901519775,0
53.71765947341919,0
53.71771168708801,0
53.73732900619507,0
53.737398624420166,0
53.73741316795349,0
53.75376176834106,0
53.75721573829651,0
53.75730347633362,0
53.757338762283325,0
53.76055312156677,0
53.76059627532959,0
53.76201009750366,0
53.76209282875061,0
53.76211476325989,0
53.76218366622925,0
53.7700834274292,0
53.770432233810425,0
53.77053213119507,0
53.77914881706238,0
53.78176927566528,0
53.78182601928711,0
53.78903698921204,0
53.78909850120544,0
53.78988432884216,0
53.78995609283447,0
53.79757523536682,0
53.797780990600586,0
53.797810316085815,0
53.80541825294495,0
53.818049907684326,0
53.81813621520996,0
53.81847143173218,0
53.83699488639832,0
53.83706498146057,0
53.837080240249634,0
53.84533929824829,0
53.84543895721436,0
53.84545493125916,0
53.84680938720703,0
53.85077214241028,0
53.85081100463867,0
53.85086369514465,0
53.854002714157104,0
53.85608148574829,0
53.8570499420166,0
53.85708522796631,0
53.85709929466248,0
53.85920214653015,0
53.87731242179871,0
53.877514362335205,0
53.87834072113037,0
53.88421511650085,0
53.884257555007935,0
53.88427948951721,0
53.884424686431885,0
53.88971734046936,0
53.88976621627808,0
53.88986086845398,0
53.89353752136231,0
53.893595933914185,0
53.89360761642456,0
53.89361596107483,0
53.895809173583984,0
53.89584398269653,0
53.89586329460144,0
53.8967022895813,0
53.89675307273865,0
53.89808583259583,0
53.8983964920044,0
53.89844703674317,0
53.90063834190369,0
53.90068745613098,0
53.90409588813782,0
53.912861824035645,0
53.91328525543213,0
53.913562297821045,0
53.91365504264832,0
53.92333388328552,0
53.92469239234924,0
53.925089597702026,0
53.92587876319885,0
53.929245710372925,0
53.93277835845947,0
53.93279695510864,0
53.932817459106445,0
53.933740854263306,0
53.93765878677368,0
53.937689781188965,0
53.93818473815918,0
53.956974506378174,0
53.95709705352783,0
53.95720386505127,0
53.95890593528748,0
53.958966970443726,0
53.96080422401428,0
53.96083569526672,0
53.96168613433838,0
53.96171498298645,0
53.96189403533936,0
53.96191549301148,0
53.9652636051178,0
53.96529293060303,0
53.96988415718079,0
53.97017073631287,0
53.97019934654236,0
53.9727156162262,0
53.9737024307251,0
53.97374200820923,0
53.97378993034363,0
53.97832179069519,0
53.978374004364014,0
53.978415966033936,0
53.99838900566101,0
53.9984290599823,0
53.998602628707886,0
54.00793671607971,0
54.00798058509827,0
54.01131296157837,0
54.01138639450073,0
54.017224073410034,0
54.01726603507996,0
54.01734042167664,0
54.03953456878662,0
54.03957223892212,0
54.0398805141449,0
54.040273904800415,0
54.04286479949951,0
54.04297947883606,0
54.05835890769959,0
54.05837965011597,0
54.05839705467224,0
54.05840563774109,0
54.05871343612671,0
54.05879259109497,0
54.058815002441406,0
54.05889844894409,0
54.05900979042053,0
54.06001424789429,0
54.06085467338562,0
54.068161725997925,0
54.077702045440674,0
54.077781677246094,0
54.07779049873352,0
54.09746336936951,0
54.097535610198975,0
54.09753704071045,0
54.099437952041626,0
54.09945964813232,0
54.09946584701538,0
54.09947967529297,0
54.10406255722046,0
54.10407876968384,0
54.10413479804993,0
54.10585618019104,0
54.1058669090271,0
54.10824871063232,0
54.10828351974487,0
54.11404228210449,0
54.11409592628479,0
54.11420464515686,0
54.11422753334045,0
54.12496948242188,0
54.125025033950806,0
54.12505388259888,0
54.12521362304688,0
54.12522959709168,0
54.12524652481079,0
54.12616586685181,0
54.13727927207947,0
54.137311935424805,0
54.13734173774719,0
54.14004564285278,0
54.14009261131287,0
54.14020133018494,0
54.14021897315979,0
54.14355611801148,0
54.14356970787048,0
54.14411187171936,0
54.157219648361206,0
54.15747046470642,0
54.160017013549805,0
54.16341161727905,0
54.17583632469177,0
54.17866563796997,0
54.18143081665039,0
54.18145036697388,0
54.18149971961975,0
54.18154764175415,0
54.18159294128418,0
54.181636333465576,0
54.18192768096924,0
54.18197464942932,0
54.18200874328613,0
54.1820273399353,0
54.19356298446655,0
54.19404578208923,0
54.19411849975586,0
54.19468450546265,0
54.19844555854797,0
54.19848847389221,0
54.19853472709656,0
54.21857953071594,0
54.21890616416931,0
54.21895217895508,0
54.23747992515564,0
54.237521171569824,0
54.23753833770752,0
54.24378108978272,0
54.25158858299256,0
54.25160455703735,0
54.25162148475647,0
54.25163841247559,0
54.254040479660034,0
54.25404071807861,0
54.25408697128296,0
54.25408744812012,0
54.254860401153564,0
54.25797128677368,0
54.25801229476929,0
54.25803565979004,0
54.266563415527344,0
54.27721166610718,0
54.27730345726013,0
54.27732181549072,0
54.299864768981934,0
54.29995679855347,0
54.29999732971192,0
54.30007839202881,0
54.30015516281128,0
54.30020451545715,0
54.30030155181885,0
54.30237078666687,0
54.30242943763733,0
54.30300855636597,0
54.30506944656372,0
54.30512857437134,0
54.30725979804993,0
54.3073627948761,0
54.311081409454346,0
54.317936182022095,0
54.318156003952026,0
54.31822180747986,0
54.334352254867554,0
54.33438324928284,0
54.337193727493286,0
54.33731746673584,0
54.3374183177948,0
54.33754181861877,0
54.33802771568298,0
54.33876824378967,0
54.33885884284973,0
54.33971619606018,0
54.340781927108765,0
54.34104442596436,0
54.34149765968323,0
54.3418037891388,0
54.346097230911255,0
54.34610605239868,0
54.346121311187744,0
54.35707139968872,0
54.35710835456848,0
54.35712265968323,0
54.37533736228943,0
54.377418518066406,0
54.37763214111328,0
54.37763714790344,0
54.380343198776245,0
54.380770683288574,0
54.3965232372284,0
54.39657282829285,0
54.396634340286255,0
54.39670968055725,0
54.39744710922241,0
54.39749097824097,0
54.39751195907593,0
54.40222430229187,0
54.40230131149292,0
54.40239500999451,0
54.40833234786987,0
54.40840458869934,0
54.40909004211426,0
54.40914654731751,0
54.41807270050049,0
54.4181489944458,0
54.41815233230591,0
54.43803691864014,0
54.43895936012268,0
54.43907570838928,0
54.43909692764282,0
54.44581651687622,0
54.44587302207947,0
54.445894956588745,0
54.44594073295593,0
54.446128368377686,0
54.44616627693176,0
54.44620418548584,0
54.44621992111206,0
54.45237445831299,0
54.45404839515686,0
54.457351207733154,0
54.45742034912109,0
54.45746970176697,0
54.47564244270325,0
54.47565865516663,0
54.4756875038147,0
54.47581911087036,0
54.47777533531189,0
54.47779726982117,0
54.47932481765747,0
54.48141312599182,0
54.4815046787262,0
54.48153281211853,0
54.49820494651794,0
54.498255252838135,0
54.49830675125122,0
54.51039624214173,0
54.51044583320618,0
54.51247811317444,0
54.51250243186951,0
54.51352691650391,0
54.51785445213318,0
54.51853084564209,0
54.52046799659729,0
54.53488945960999,0
54.538854122161865,0
54.538923025131226,0
54.53894257545471,0
54.53895878791809,0
54.545231103897095,0
54.54526948928833,0
54.545323848724365,0
54.54601836204529,0
54.54979920387268,0
54.5498628616333,0
54.55066275596619,0
54.55757522583008,0
54.55760645866394,0
54.55762052536011,0
54.5650429725647,0
54.578070402145386,0
54.57811069488525,0
54.57812929153442,0
54.597511529922485,0
54.59756374359131,0
54.59758520126343,0
54.60452151298523,0
54.604875802993774,0
54.60641670227051,0
54.606444120407104,0
54.60650038719177,0
54.60653042793274,0
54.608784198760986,0
54.608798027038574,0
54.60881042480469,0
54.61065578460693,0
54.61068773269653,0
54.61356472969055,0
54.61365962028504,0
54.617865562438965,0
54.617908239364624,0
54.617926597595215,0
54.62234020233154,0
54.62239575386048,0
54.62245440483093,0
54.62311553955078,0
54.62361693382263,0
54.6236629486084,0
54.623663663864136,0
54.62712168693543,0
54.63756418228149,0
54.637610912323,0
54.63762974739075,0
54.65783929824829,0
54.65787935256958,0
54.65817189216614,0
54.65859818458557,0
54.65870642662048,0
54.65873527526856,0
54.658811807632446,0
54.66450762748718,0
54.66489291191101,0
54.66502618789673,0
54.6664628982544,0
54.67766284942627,0
54.67771911621094,0
54.67779779434204,0
54.689109325408936,0
54.68910956382752,0
54.68917798995972,0
54.68920564651489,0
54.69723153114319,0
54.69726157188416,0
54.697285652160645,0
54.7019636631012,0
54.70213294029236,0
54.702152967453,0
54.70217084884644,0
54.70219111442566,0
54.70227837562561,0
54.70235872268677,0
54.703880310058594,0
54.70510387420654,0
54.71113872528076,0
54.71546864509583,0
54.716705083847046,0
54.716755628585815,0
54.7169497013092,0
54.7169725894928,0
54.71698641777039,0
54.71699953079224,0
54.73496079444885,0
54.7352454662323,0
54.735373735427856,0
54.73608708381653,0
54.73781681060791,0
54.73784518241882,0
54.73787593841553,0
54.73910117149353,0
54.75709438323975,0
54.757121086120605,0
54.75714492797852,0
54.764761447906494,0
54.76824975013733,0
54.76827049255371,0
54.76983976364136,0
54.769850969314575,0
54.769861459732056,0
54.76987338066101,0
54.76988697052002,0
54.77705216407776,0
54.77707242965698,0
54.77708578109741,0
54.78710532188416,0
54.78713059425354,0
54.78852391242981,0
54.78868389129639,0
54.7969114780426,0
54.796942472457886,0
54.79695415496826,0
54.809282064437866,0
54.81254172325134,0
54.81270480155945,0
54.8170804977417,0
54.817111015319824,0
54.81716990470886,0
54.83939409255981,0
54.83942627906799,0
54.83948278427124,0
54.839590311050415,0
54.841179847717285,0
54.84122753143311,0
54.8412721157074,0
54.84131574630737,0
54.84145164489746,0
54.84149932861328,0
54.84195685386658,0
54.842042207717896,0
54.84218621253967,0
54.84227347373962,0
54.84382510185242,0
54.844253063201904,0
54.84427762031555,0
54.84771919250488,0
54.85709834098816,0
54.85713124275208,0
54.85714602470398,0
54.87026381492615,0
54.87029671669006,0
54.87033796310425,0
54.87040996551514,0
54.87223792076111,0
54.87226796150208,0
54.87233018875122,0
54.8770489692688,0
54.877084732055664,0
54.87716054916382,0
54.89364433288574,0
54.89370083808899,0
54.89650678634644,0
54.89686322212219,0
54.89774990081787,0
54.89925670623779,0
54.89932465553284,0
54.89964151382446,0
54.91933655738831,0
54.91937875747681,0
54.91969847679138,0
54.9197416305542,0
54.91985774040222,0
54.91990733146668,0
54.91997480392456,0
54.92044377326965,0
54.92049312591553,0
54.92054581642151,0
54.920692920684814,0
54.9207136631012,0
54.93745279312134,0
54.93752360343933,0
54.93755531311035,0
54.94971942901611,0
54.95442342758179,0
54.954429388046265,0
54.95886206626892,0
54.95888829231262,0
54.95891952514648,0
54.9589638710022,0
54.95904111862183,0
54.971065282821655,0
54.971121311187744,0
54.97114443778992,0
54.97864627838135,0
54.97866106033325,0
54.97871422767639,0
54.99067068099976,0
54.9907329082489,0
54.991188049316406,0
54.99124073982239,0
54.9969379901886,0
54.997610092163086,0
54.9976282119751,0
55.00423836708069,0
55.01764273643494,0
55.01767611503601,0
55.01769733428955,0
55.03751373291016,0
55.03769755363464,0
55.03774309158325,0
55.04089784622192,0
55.04096484184265,0
55.04262709617615,0
55.04291391372681,0
55.04292845726013,0
55.04297876358032,0
55.04322266578674,0
55.04368877410889,0
55.04371738433838,0
55.04501152038574,0
55.05710005760193,0
55.05750036239624,0
55.05759620666504,0
55.05831861495972,0
55.05834627151489,0
55.05836057662964,0
55.058374643325806,0
55.06063675880432,0
55.06065201759338,0
55.06095838546753,0
55.06191802024841,0
55.07714343070984,0
55.07718014717102,0
55.07719802856445,0
55.09810829162598,0
55.09815788269043,0
55.09821605682373,0
55.10548448562622,0
55.10552978515625,0
55.10554575920105,0
55.10555744171143,0
55.10967493057251,0
55.10971140861511,0
55.10972547531128,0
55.111355781555176,0
55.11140060424805,0
55.113686084747314,0
55.11371040344238,0
55.115066051483154,0
55.1172890663147,0
55.11732625961304,0
55.11734175682068,0
55.13677334785461,0
55.13782477378845,0
55.137856245040894,0
55.13794183731079,0
55.146286725997925,0
55.14630556106568,0
55.14636278152466,0
55.1469612121582,0
55.147010803222656,0
55.147645235061646,0
55.14786338806152,0
55.14809274673462,0
55.15001082420349,0
55.15564298629761,0
55.157442808151245,0
55.15749263763428,0
55.15750169754028,0
55.15954065322876,0
55.1657817363739,0
55.16580247879028,0
55.1658136844635,0
55.1658251285553,0
55.168133020401,0
55.16818928718567,0
55.16871356964111,0
55.176114559173584,0
55.17614698410034,0
55.17699575424194,0
55.17702436447144,0
55.177435874938965,0
55.17885088920593,0
55.17885518074036,0
55.17954182624817,0
55.1969952583313,0
55.19705772399902,0
55.19711971282959,0
55.20727729797363,0
55.20731139183045,0
55.20844721794128,0
55.20844960212708,0
55.208473205566406,0
55.208476305007935,0
55.2105917930603,0
55.210604190826416,0
55.211673736572266,0
55.21750593185425,0
55.21757984161377,0
55.21759390830994,0
55.21762371063232,0
55.236995220184326,0
55.2372784614563,0
55.237295627594,0
55.23730826377869,0
55.237319469451904,0
55.23733043670654,0
55.23743391036987,0
55.24051547050476,0
55.24054193496704,0
55.24055457115173,0
55.24420881271362,0
55.25703477859497,0
55.25748825073242,0
55.25752830505371,0
55.27702236175537,0
55.27705359458923,0
55.27717161178589,0
55.278202056884766,0
55.27823185920715,0
55.28042125701904,0
55.28045320510864,0
55.28078198432922,0
55.28082656860352,0
55.28101897239685,0
55.28133797645569,0
55.28141784667969,0
55.28376007080078,0
55.28381252288818,0
55.29778170585632,0
55.29796075820923,0
55.298017740249634,0
55.30761933326721,0
55.30766725540161,0
55.30768918991089,0
55.3077085018158,0
55.31007623672485,0
55.310121059417725,0
55.310279846191406,0
55.31713771820069,0
55.31715655326843,0
55.31718158721924,0
55.33408236503601,0
55.33731412887573,0
55.33735466003418,0
55.33747696876526,0
55.34088706970215,0
55.34091210365296,0
55.35858488082886,0
55.35860872268677,0
55.35862350463867,0
55.35863900184631,0
55.36031627655029,0
55.360329151153564,0
55.36034107208252,0
55.36037302017212,0
55.36037588119507,0
55.36060523986816,0
55.3621039390564,0
55.36321425437927,0
55.36422514915466,0
55.37703561782837,0
55.37706470489502,0
55.37811779975891,0
55.38243746757507,0
55.38244295120239,0
55.38245105743408,0
55.38262486457825,0
55.382638931274414,0
55.38265085220337,0
55.38266324996948,0
55.39618420600891,0
55.396201848983765,0
55.397002935409546,0
55.39702844619751,0
55.39703917503357,0
55.39917039871216,0
55.39917087554932,0
55.40031003952026,0
55.40265917778015,0
55.41217565536499,0
55.41419577598572,0
55.417431116104126,0
55.417458295822144,0
55.41749596595764,0
55.425241470336914,0
55.43726825714111,0
55.43730115890503,0
55.43740677833557,0
55.450817584991455,0
55.450830936431885,0
55.450883865356445,0
55.45092105865479,0
55.45102739334106,0
55.45193028450012,0
55.45194840431213,0
55.456992864608765,0
55.457024335861206,0
55.4570369720459,0
55.46591758728027,0
55.477235078811646,0
55.47727155685425,0
55.47728872299194,0
55.4928343296051,0
55.49287223815918,0
55.492894887924194,0
55.49289798736572,0
55.49504494667053,0
55.49527835845947,0
55.49543976783752,0
55.49650835990906,0
55.49675726890564,0
55.49753403663635,0
55.49756813049317,0
55.4976167678833,0
55.50767064094544,0
55.507699728012085,0
55.51141881942749,0
55.5171217918396,0
55.51715898513794,0
55.51717829704285,0
55.53757619857788,0
55.53760361671448,0
55.53761124610901,0
55.55757570266724,0
55.55761218070984,0
55.55762481689453,0
55.56094551086426,0
55.561121225357056,0
55.56114459037781,0
55.56129026412964,0
55.562949657440186,0
55.56335425376892,0
55.56336665153504,0
55.565016984939575,0
55.56502604484558,0
55.56620979309082,0
55.56624102592468,0
55.5662784576416,0
55.56629467010498,0
55.56713199615479,0
55.567169189453125,0
55.573659896850586,0
55.57367849349976,0
55.57707929611206,0
55.57712197303772,0
55.577139377594,0
55.58754348754883,0
55.58772873878479,0
55.58774948120117,0
55.58793616294861,0
55.58924651145935,0
55.58926868438721,0
55.58967614173889,0
55.59714984893799,0
55.59733176231384,0
55.5987331867218,0
55.60854697227478,0
55.60856556892395,0
55.60908651351929,0
55.6091296672821,0
55.61690282821655,0
55.616931438446045,0
55.616943359375,0
55.6259069442749,0
55.6373941898346,0
55.63742804527283,0
55.63748240470886,0
55.65025448799133,0
55.65025472640991,0
55.65029311180115,0
55.650309324264526,0
55.65415859222412,0
55.65431523323059,0
55.654338121414185,0
55.65705180168152,0
55.65710878372192,0
55.65712308883667,0
55.66559219360352,0
55.6771457195282,0
55.67722821235657,0
55.67726135253906,0
55.69732284545898,0
55.69743204116821,0
55.69825005531311,0
55.71780133247376,0
55.71785593032837,0
55.7178795337677,0
55.71809220314026,0
55.71813178062439,0
55.71815800666809,0
55.71931052207947,0
55.71933841705322,0
55.719369649887085,0
55.71962785720825,0
55.7224268913269,0
55.72247815132141,0
55.737523555755615,0
55.73758339881897,0
55.738022804260254,0
55.74065446853638,0
55.74073362350464,0
55.757761001586914,0
55.75779128074646,0
55.757803201675415,0
55.763514280319214,0
55.76698112487793,0
55.76700520515442,0
55.76876926422119,0
55.76879358291626,0
55.7688045501709,0
55.76881551742554,0
55.77936673164368,0
55.77939677238464,0
55.781158208847046,0
55.781463861465454,0
55.78155970573425,0
55.781583309173584,0
55.781596183776855,0
55.7816686630249,0
55.78741765022278,0
55.797075033187866,0
55.79709959030152,0
55.79711055755615,0
55.81351733207703,0
55.81354284286499,0
55.813565492630005,0
55.81366944313049,0
55.81760549545288,0
55.817633867263794,0
55.817697048187256,0
55.81898522377014,0
55.81901431083679,0
55.81988310813904,0
55.81990957260132,0
55.82050037384033,0
55.82052397727966,0
55.82059335708618,0
55.820605754852295,0
55.83707237243652,0
55.83710193634033,0
55.83716011047363,0
55.84320378303528,0
55.843230962753296,0
55.84327578544617,0
55.84553718566895,0
55.84908723831177,0
55.8491005897522,0
55.84914827346802,0
55.8492705821991,0
55.85163998603821,0
55.85165190696716,0
55.852293491363525,0
55.8525619506836,0
55.85541343688965,0
55.85751247406006,0
55.857553482055664,0
55.85756826400757,0
55.87486624717712,0
55.87723970413208,0
55.87724137306213,0
55.87727999687195,0
55.88296365737915,0
55.88300013542175,0
55.88305068016052,0
55.88309073448181,0
55.8831832408905,0
55.88326454162598,0
55.88335967063904,0
55.889838218688965,0
55.88990020751953,0
55.891796588897705,0
55.89188408851624,0
55.89300727844238,0
55.89579224586487,0
55.89731454849243,0
55.89897155761719,0
55.89901089668274,0
55.90656757354736,0
55.91710257530213,0
55.91731834411621,0
55.917330265045166,0
55.92833590507507,0
55.92837572097778,0
55.9290132522583,0
55.92901945114136,0
55.937315702438354,0
55.940245389938354,0
55.94027376174927,0
55.95060396194458,0
55.95239090919495,0
55.95244121551514,0
55.95751357078552,0
55.957544565200806,0
55.9576108455658,0
55.959689140319824,0
55.97710752487183,0
55.977131366729736,0
55.97714161872864,0
55.97923111915589,0
55.980271100997925,0
55.98181867599487,0
55.98185920715332,0
55.98187303543091,0
55.98191428184509,0
55.98254418373108,0
55.98254561424256,0
55.98469543457031,0
55.9902458190918,0
55.99068951606751,0
55.997029542922974,0
55.99702978134155,0
55.99705743789673,0
56.001901626586914,0
56.00203967094421,0
56.017123222351074,0
56.01715302467346,0
56.01716899871826,0
56.0374481678009,0
56.03784203529358,0
56.03788685798645,0
56.0573878288269,0
56.0574266910553,0
56.05744218826294,0
56.062124729156494,0
56.0671763420105,0
56.06735396385193,0
56.067397117614746,0
56.06745195388794,0
56.07076573371887,0
56.07080173492432,0
56.07096767425537,0
56.07613039016724,0
56.076149225234985,0
56.0771586894989,0
56.07719659805298,0
56.0772340297699,0
56.077250480651855,0
56.07733917236328,0
56.07825994491577,0
56.07837390899658,0
56.07841324806213,0
56.07903361320496,0
56.080190658569336,0
56.089263916015625,0
56.08974742889404,0
56.08976912498474,0
56.08989191055298,0
56.093138456344604,0
56.0932047367096,0
56.09324789047241,0
56.097442626953125,0
56.09755253791809,0
56.09762096405029,0
56.11716437339783,0
56.11743402481079,0
56.11745476722717,0
56.12396168708801,0
56.1240656375885,0
56.12823033332825,0
56.12825345993042,0
56.12968635559082,0
56.13786554336548,0
56.13791108131409,0
56.13792991638184,0
56.13938236236572,0
56.13944125175476,0
56.15751576423645,0
56.15755105018616,0
56.15760612487793,0
56.161993741989136,0
56.16238832473755,0
56.162424087524414,0
56.162428855896,0
56.16578984260559,0
56.1658091545105,0
56.16626739501953,0
56.16900825500488,0
56.17441868782044,0
56.17443370819092,0
56.180089473724365,0
56.18012022972107,0
56.18014979362488,0
56.18097114562988,0
56.18188738822937,0
56.18189859390259,0
56.18191123008728,0
56.18192148208618,0
56.182825565338135,0
56.18285608291626,0
56.196988344192505,0
56.19701504707336,0
56.19702625274658,0
56.20131754875183,0
56.2013418674469,0
56.202478647232056,0
56.20270729064941,0
56.20316505432129,0
56.20469069480896,0
56.21761083602905,0
56.21762204170227,0
56.21763253211975,0
56.22237849235535,0
56.23493003845215,0
56.23508262634277,0
56.23508930206299,0
56.23510074615479,0
56.23869442939758,0
56.2387113571167,0
56.23872256278992,0
56.239964962005615,0
56.23997354507446,0
56.240971088409424,0
56.24115300178528,0
56.24148035049439,0
56.25710821151733,0
56.25714015960693,0
56.2571542263031,0
56.264021158218384,0
56.277421712875366,0
56.27746319770813,0
56.27748084068298,0
56.297828912734985,0
56.29785466194153,0
56.297860622406006,0
56.31711411476135,0
56.3172550201416,0
56.31728005409241,0
56.31730127334595,0
56.31806421279907,0
56.31810259819031,0
56.31812167167664,0
56.319464445114136,0
56.31950521469116,0
56.32015323638916,0
56.3216392993927,0
56.321704626083374,0
56.33582615852356,0
56.335845708847046,0
56.33753752708435,0
56.33757925033569,0
56.337727069854736,0
56.34298229217529,0
56.34298253059387,0
56.34351396560669,0
56.34352493286133,0
56.346198081970215,0
56.346235036849976,0
56.34629392623901,0
56.350717067718506,0
56.35693907737732,0
56.3569540977478,0
56.35696744918823,0
56.35698175430298,0
56.35755562782288,0
56.357654333114624,0
56.35766935348511,0
56.36028218269348,0
56.36028528213501,0
56.36079668998718,0
56.36135458946228,0
56.377068519592285,0
56.37707257270813,0
56.37710881233215,0
56.38269901275635,0
56.38277316093445,0
56.384965896606445,0
56.38498902320862,0
56.38499927520752,0
56.38501024246216,0
56.38733339309693,0
56.387367486953735,0
56.3877546787262,0
56.38778519630432,0
56.38811373710632,0
56.39106321334839,0
56.39107847213745,0
56.39201641082764,0
56.39354467391968,0
56.39708852767944,0
56.39711880683899,0
56.39712977409363,0
56.41724944114685,0
56.4172797203064,0
56.41729855537415,0
56.42471361160278,0
56.43744874000549,0
56.43746972084045,0
56.43748688697815,0
56.45280075073242,0
56.45304107666016,0
56.45342659950256,0
56.453712463378906,0
56.45567989349365,0
56.45569586753845,0
56.45596098899841,0
56.460466623306274,0
56.46049618721008,0
56.46501421928406,0
56.47767901420593,0
56.47771596908569,0
56.47775316238403,0
56.48323941230774,0
56.488417625427246,0
56.48859405517578,0
56.48864102363586,0
56.48864245414734,0
56.49015140533447,0
56.49019503593445,0
56.49112391471863,0
56.49407958984375,0
56.49411010742188,0
56.49697399139404,0
56.49697589874268,0
56.49718904495239,0
56.497201919555664,0
56.49724578857422,0
56.49919629096985,0
56.502469539642334,0
56.50462603569031,0
56.51050806045532,0
56.5105197429657,0
56.51074743270874,0
56.51077675819397,0
56.51711630821228,0
56.51714968681336,0
56.51716423034668,0
56.53731203079224,0
56.537378549575806,0
56.537938356399536,0
56.55889701843262,0
56.55929088592529,0
56.559738636016846,0
56.561235189437866,0
56.56126117706299,0
56.56222748756409,0
56.56335973739624,0
56.563390016555786,0
56.56340003013611,0
56.56342768669128,0
56.56444549560547,0
56.564473152160645,0
56.56464147567749,0
56.56652355194092,0
56.57714033126831,0
56.57732820510864,0
56.57735252380371,0
56.5940089225769,0
56.59402370452881,0
56.59478116035461,0
56.59518122673035,0
56.59520125389099,0
56.59525084495544,0
56.59706497192383,0
56.597089767456055,0
56.59714078903198,0
56.616962909698486,0
56.61699223518372,0
56.617029905319214,0
56.63707304000855,0
56.63710570335388,0
56.63712167739868,0
56.64486837387085,0
56.64495921134949,0
56.64772439002991,0
56.647825717926025,0
56.64890265464783,0
56.65346026420593,0
56.65348720550537,0
56.65359854698181,0
56.653615951538086,0
56.6577250957489,0
56.65776228904724,0
56.65792965888977,0
56.65795254707336,0
56.65796661376953,0
56.65798091888428,0
56.65882658958435,0
56.6601951122284,0
56.66125750541687,0
56.67713022232056,0
56.67722201347351,0
56.67722511291504,0
56.68366527557373,0
56.68370842933655,0
56.68376398086548,0
56.68522667884827,0
56.686973094940186,0
56.6870174407959,0
56.68776559829712,0
56.68821835517883,0
56.690510272979736,0
56.69154238700867,0
56.69157934188843,0
56.69511342048645,0
56.6951801776886,0
56.69628596305847,0
56.69758367538452,0
56.69761824607849,0
56.697683334350586,0
56.71817374229431,0
56.71821093559265,0
56.719109535217285,0
56.719396114349365,0
56.71941375732422,0
56.71953725814819,0
56.7195405960083,0
56.724236488342285,0
56.72430157661438,0
56.72470045089722,0
56.72632026672363,0
56.73777961730957,0
56.73781132698059,0
56.73784041404724,0
56.73917937278748,0
56.73919296264648,0
56.739206075668335,0
56.73927330970764,0
56.74253869056702,0
56.74255728721619,0
56.74287033081055,0
56.744091272354126,0
56.74411177635193,0
56.744120836257935,0
56.74412608146668,0
56.749868392944336,0
56.74989652633667,0
56.74991178512573,0
56.75209283828735,0
56.757221698760986,0
56.75724506378174,0
56.76932883262634,0
56.7698347568512,0
56.77752327919006,0
56.77754831314087,0
56.77758264541626,0
56.7956805229187,0
56.7956919670105,0
56.79573631286621,0
56.79593849182129,0
56.7976975440979,0
56.79772305488586,0
56.797749042510986,0
56.80116033554077,0
56.801185846328735,0
56.80153226852417,0
56.80482792854309,0
56.80485701560974,0
56.81011128425598,0
56.810118675231934,0
56.81028652191162,0
56.81771683692932,0
56.81774926185608,0
56.81776452064514,0
56.83742070198059,0
56.8374559879303,0
56.83750796318054,0
56.8447015285492,0
56.84517526626587,0
56.84520506858826,0
56.84522032737732,0
56.84916353225708,0
56.84921598434448,0
56.8492214679718,0
56.85147833824158,0
56.85418200492859,0
56.85714673995972,0
56.85717487335205,0
56.857770681381226,0
56.87540435791016,0
56.87770938873291,0
56.87775349617005,0
56.8777756690979,0
56.881345987319946,0
56.88141322135925,0
56.88147282600403,0
56.88149547576904,0
56.88312911987305,0
56.88316583633423,0
56.88385534286499,0
56.886213064193726,0
56.886226177215576,0
56.89730429649353,0
56.89735388755798,0
56.8976674079895,0
56.901771068573,0
56.90184450149536,0
56.91743350028992,0
56.91748142242432,0
56.917566537857056,0
56.93718981742859,0
56.93898892402649,0
56.93904900550842,0
56.939409255981445,0
56.94699239730835,0
56.94705057144165,0
56.94707131385803,0
56.94908881187439,0
56.958407402038574,0
56.95844030380249,0
56.95849204063416,0
56.95995140075684,0
56.95998191833496,0
56.96003437042236,0
56.96655106544495,0
56.96901082992554,0
56.9716067314148,0
56.97454738616944,0
56.97487235069275,0
56.97591495513916,0
56.975937843322754,0
56.97594904899597,0
56.97596096992493,0
56.97883486747742,0
56.97886776924133,0
56.978880882263184,0
56.98325872421265,0
56.98610925674439,0
56.986708879470825,0
56.9868266582489,0
56.9874758720398,0
56.99273133277893,0
56.99312710762024,0
56.996957540512085,0
56.997546672821045,0
56.99777960777283,0
57.008604764938354,0
57.00908803939819,0
57.00911140441895,0
57.009113788604736,0
57.00921797752381,0
57.00923109054565,0
57.00924515724182,0
57.01705265045166,0
57.01708102226257,0
57.01712417602539,0
57.0370044708252,0
57.03703737258911,0
57.037216901779175,0
57.04272127151489,0
57.04389262199402,0
57.04392337799072,0
57.04393792152405,0
57.04395318031311,0
57.04574251174927,0
57.04574680328369,0
57.04638957977295,0
57.047550201416016,0
57.05015730857849,0
57.05150103569031,0
57.0569748878479,0
57.05698657035828,0
57.05699515342712,0
57.06858229637146,0
57.07643008232117,0
57.07646560668945,0
57.0765061378479,0
57.07656979560852,0
57.07747340202332,0
57.07750844955444,0
57.07752323150635,0
57.09373903274536,0
57.093780279159546,0
57.0937933921814,0
57.09603786468506,0
57.096078634262085,0
57.09721398353577,0
57.09725427627564,0
57.09727311134338,0
57.09861421585083,0
57.09884691238403,0
57.1064338684082,0
57.11712026596069,0
57.11715936660767,0
57.117297649383545,0
57.13929581642151,0
57.13963985443115,0
57.13965702056885,0
57.14842510223389,0
57.14846324920654,0
57.14848017692566,0
57.1484968662262,0
57.14988660812378,0
57.149900913238525,0
57.15065884590149,0
57.15709710121155,0
57.15712547302246,0
57.157137393951416,0
57.1768856048584,0
57.17694115638733,0
57.17694354057312,0
57.183997631073,0
57.18837475776672,0
57.188390254974365,0
57.18925952911377,0
57.19035744667053,0
57.19036793708801,0
57.19037938117981,0
57.19176769256592,0
57.1921501159668,0
57.19219303131104,0
57.19488310813904,0
57.19491457939148,0
57.19644737243652,0
57.196489572525024,0
57.19683337211609,0
57.19685578346253,0
57.196916341781616,0
57.20513963699341,0
57.2174608707428,0
57.21748995780945,0
57.21753144264221,0
57.23643231391907,0
57.23644518852234,0
57.23645782470703,0
57.23647212982178,0
57.23889517784119,0
57.23891353607178,0
57.23893070220947,0
57.23999333381653,0
57.240009784698486,0
57.24008011817932,0
57.24206256866455,0
57.2421875,0
57.24220538139343,0
57.24221706390381,0
57.24279761314392,0
57.243125915527344,0
57.24313020706177,0
57.25099325180054,0
57.25349712371826,0
57.25704789161682,0
57.25704884529114,0
57.25717282295227,0
57.27772927284241,0
57.27807450294495,0
57.27810955047608,0
57.27933955192566,0
57.28125476837158,0
57.28128790855408,0
57.28478288650513,0
57.286261796951294,0
57.28629493713379,0
57.28631258010864,0
57.28856086730957,0
57.28903794288635,0
57.289689779281616,0
57.289798974990845,0
57.29714798927307,0
57.297184228897095,0
57.29720091819763,0
57.31817388534546,0
57.31817555427551,0
57.31830382347107,0
57.3183753490448,0
57.32182574272156,0
57.32344174385071,0
57.33126330375672,0
57.33128356933594,0
57.33130145072937,0
57.33174562454224,0
57.33397030830383,0
57.33400988578797,0
57.3343710899353,0
57.33862614631653,0
57.33868479728699,0
57.33868622779846,0
57.34677004814148,0
57.35727882385254,0
57.357319593429565,0
57.35733246803284,0
57.36897587776184,0
57.36933898925781,0
57.37866806983948,0
57.37869668006897,0
57.37876057624817,0
57.39490652084351,0
57.39548873901367,0
57.39550423622131,0
57.39569592475891,0
57.39741539955139,0
57.39741945266724,0
57.39743208885193,0
57.40230107307434,0
57.40513896942139,0
57.4116280078888,0
57.41203713417053,0
57.41206979751587,0
57.412205934524536,0
57.41222047805786,0
57.412261724472046,0
57.41707062721253,0
57.41709685325623,0
57.41710710525513,0
57.42968773841858,0
57.42972826957703,0
57.42983365058899,0
57.42983889579773,0
57.43187022209168,0
57.43188977241516,0
57.431970834732056,0
57.43735003471375,0
57.43761134147644,0
57.43762969970703,0
57.457040548324585,0
57.457587003707886,0
57.46524715423584,0
57.47772431373596,0
57.4778687953949,0
57.477888345718384,0
57.497199296951294,0
57.497241258621216,0
57.49725961685181,0
57.506484031677246,0
57.50652194023132,0
57.506566524505615,0
57.50657606124878,0
57.51732587814331,0
57.51740908622742,0
57.51743268966675,0
57.538601875305176,0
57.53865718841553,0
57.53912901878357,0
57.54570150375366,0
57.545857667922974,0
57.54596400260925,0
57.54825305938721,0
57.548354387283325,0
57.55705761909485,0
57.55711340904236,0
57.55715799331665,0
57.55777645111084,0
57.55991077423096,0
57.55995011329651,0
57.560057401657104,0
57.56007385253906,0
57.56044030189514,0
57.56047320365906,0
57.56158757209778,0
57.56161284446716,0
57.562010288238525,0
57.57566595077515,0
57.57626795768738,0
57.5762927532196,0
57.5774564743042,0
57.57772064208984,0
57.57774472236633,0
57.57824611663818,0
57.57828140258789,0
57.58145594596863,0
57.58219289779663,0
57.586079359054565,0
57.58609294891357,0
57.59839224815369,0
57.59886336326599,0
57.59887027740479,0
57.598872661590576,0
57.60041117668152,0
57.60043883323669,0
57.600945472717285,0
57.60151338577271,0
57.6015362739563,0
57.60299730300903,0
57.60303735733032,0
57.60304856300354,0
57.60385847091675,0
57.604241132736206,0
57.60610818862915,0
57.61761093139648,0
57.61764049530029,0
57.61790180206299,0
57.63699531555176,0
57.63702845573425,0
57.63704013824463,0
57.64726305007935,0
57.647284269332886,0
57.647300481796265,0
57.64731764793396,0
57.65104675292969,0
57.651068687438965,0
57.65110898017883,0
57.657840967178345,0
57.657874584198,0
57.65789031982422,0
57.66557598114014,0
57.67717242240906,0
57.677207231521606,0
57.67779994010925,0
57.69751048088074,0
57.69755125045776,0
57.697649240493774,0
57.70350956916809,0
57.70353078842163,0
57.70354819297791,0
57.70361614227295,0
57.70586633682251,0
57.705902099609375,0
57.70595669746399,0
57.70947217941284,0
57.7095046043396,0
57.71117043495178,0
57.71156740188599,0
57.71222901344299,0
57.71630883216858,0
57.71838188171387,0
57.71841740608215,0
57.71860027313232,0
57.7208194732666,0
57.73106336593628,0
57.7311007976532,0
57.73111891746521,0
57.7311635017395,0
57.732576847076416,0
57.73261141777039,0
57.73353028297424,0
57.73720836639404,0
57.73724269866944,0
57.73733997344971,0
57.75125360488892,0
57.75127005577088,0
57.75186777114868,0
57.7520706653595,0
57.75547552108765,0
57.75550866127014,0
57.755746603012085,0
57.75731301307678,0
57.75733995437622,0
57.75735068321228,0
57.77490210533142,0
57.77704548835754,0
57.777074337005615,0
57.78144121170044,0
57.78144526481629,0
57.782519817352295,0
57.78254318237305,0
57.78257083892822,0
57.78260827064514,0
57.794745445251465,0
57.79490089416504,0
57.79509520530701,0
57.79576730728149,0
57.79593849182129,0
57.79701066017151,0
57.79703903198242,0
57.79704999923706,0
57.79823350906372,0
57.79827427864075,0
57.79897999763489,0
57.81706380844116,0
57.81709432601929,0
57.81759166717529,0
57.81796836853027,0
57.824334383010864,0
57.8370726108551,0
57.837077379226685,0
57.83710789680481,0
57.84072303771973,0
57.84075379371643,0
57.84106636047363,0
57.84109473228455,0
57.85229730606079,0
57.852317571640015,0
57.85237741470337,0
57.85690093040466,0
57.85692882537842,0
57.85697841644287,0
57.865196228027344,0
57.87707829475403,0
57.877110958099365,0
57.87712478637695,0
57.89710736274719,0
57.89714670181274,0
57.89716196060181,0
57.90189409255981,0
57.90193176269531,0
57.90194916725159,0
57.90201473236084,0
57.90714931488037,0
57.90722036361694,0
57.90728044509888,0
57.90822291374207,0
57.90842366218567,0
57.909934997558594,0
57.910144329071045,0
57.91457676887512,0
57.91727828979492,0
57.91731929779053,0
57.91733717918396,0
57.93195199966431,0
57.93817830085754,0
57.938352823257446,0
57.9383807182312,0
57.93844723701477,0
57.93864440917969,0
57.93869376182556,0
57.93893337249756,0
57.9392397403717,0
57.93947172164917,0
57.95774602890015,0
57.95793795585632,0
57.95794558525085,0
57.97252941131592,0
57.97774505615234,0
57.97777652740479,0
57.97778797149658,0
57.98168420791626,0
57.98170042037964,0
57.9822313785553,0
57.98243260383606,0
57.98243570327759,0
57.98245763778687,0
57.99773144721985,0
57.99778890609741,0
57.99792885780335,0
57.99793338775635,0
57.99794602394104,0
57.997992515563965,0
58.00273084640503,0
58.00276494026184,0
58.002822160720825,0
58.00353789329529,0
58.003565073013306,0
58.00357937812805,0
58.003591775894165,0
58.00360345840454,0
58.00874257087708,0
58.00875616073608,0
58.00877070426941,0
58.01718044281006,0
58.017213344573975,0
58.01723051071167,0
58.03763008117676,0
58.03766798973084,0
58.03773140907288,0
58.03861618041992,0
58.04958772659302,0
58.04967284202576,0
58.0497612953186,0
58.04980206489563,0
58.04993152618408,0
58.04997181892395,0
58.0500078201294,0
58.05002331733704,0
58.05413222312927,0
58.057660818099976,0
58.05769348144531,0
58.05770802497864,0
58.059295415878296,0
58.07713317871094,0
58.07723021507263,0
58.07724952697754,0
58.0855815410614,0
58.09748363494873,0
58.09753370285034,0
58.0975558757782,0
58.12047219276428,0
58.12049841880798,0
58.12051749229431,0
58.12081217765808,0
58.12083005905152,0
58.12084674835205,0
58.12090516090393,0
58.12179517745972,0
58.12182331085205,0
58.12193059921265,0
58.12368702888489,0
58.12372541427612,0
58.1310510635376,0
58.13113856315613,0
58.13275456428528,0
58.13988542556763,0
58.13994121551514,0
58.14000153541565,0
58.14005446434021,0
58.14010357856751,0
58.15058374404907,0
58.15325808525085,0
58.15329694747925,0
58.15339779853821,0
58.15724325180054,0
58.15727639198303,0
58.1573486328125,0
58.17236661911011,0
58.17238235473633,0
58.17252969741821,0
58.17410469055176,0
58.176016330718994,0
58.17753839492798,0
58.17756533622742,0
58.177576780319214,0
58.19491243362427,0
58.19755363464356,0
58.197589635849,0
58.1976215839386,0
58.2140519618988,0
58.2140691280365,0
58.21854591369629,0
58.21857380867005,0
58.21858787536621,0
58.22210144996643,0
58.22213292121887,0
58.22217988967896,0
58.2221953868866,0
58.22235655784607,0
58.22235870361328,0
58.22236180305481,0
58.2223699092865,0
58.23446488380432,0
58.238215923309326,0
58.23824334144592,0
58.23836994171143,0
58.24036431312561,0
58.24037528038025,0
58.2403872013092,0
58.24043536186218,0
58.24045157432556,0
58.2404887676239,0
58.24074625968933,0
58.250030755996704,0
58.2500593662262,0
58.25007057189941,0
58.25008082389832,0
58.25210285186768,0
58.252103328704834,0
58.25213575363159,0
58.2525634765625,0
58.257083892822266,0
58.25711297988892,0
58.25712490081787,0
58.27290439605713,0
58.27303075790405,0
58.27308464050293,0
58.273131132125854,0
58.27442264556885,0
58.27488684654236,0
58.27505779266357,0
58.276936054229736,0
58.27696108818054,0
58.27697443962097,0
58.28581428527832,0
58.285863399505615,0
58.287718057632446,0
58.28790354728699,0
58.297077894210815,0
58.29711079597473,0
58.29717779159546,0
58.30528497695923,0
58.31718587875366,0
58.31722664833069,0
58.317246198654175,0
58.327210903167725,0
58.32723879814148,0
58.32725954055786,0
58.32734727859497,0
58.33733630180359,0
58.33747315406799,0
58.33824706077576,0
58.35710215568543,0
58.35711932182312,0
58.35713267326355,0
58.357805490493774,0
58.357821464538574,0
58.35782551765442,0
58.3599534034729,0
58.36714959144592,0
58.367180585861206,0
58.37532067298889,0
58.37533187866211,0
58.37534642219544,0
58.3753616809845,0
58.37728571891785,0
58.37731575965881,0
58.37732768058777,0
58.379154443740845,0
58.37924718856812,0
58.37925410270691,0
58.38451910018921,0
58.38455605506897,0
58.39540839195252,0
58.39552068710327,0
58.395538568496704,0
58.39857339859009,0
58.39862942695618,0
58.39872455596924,0
58.39873814582825,0
58.41711974143982,0
58.41715288162232,0
58.41716909408569,0
58.42569375038147,0
58.43699049949646,0
58.43702459335327,0
58.43703889846802,0
58.4489541053772,0
58.448973178863525,0
58.45132064819336,0
58.451340198516846,0
58.45135545730591,0
58.45137310028076,0
58.45145869255066,0
58.45954608917236,0
58.45957589149475,0
58.45964741706848,0
58.47824788093567,0
58.4782874584198,0
58.47830438613892,0
58.48305678367615,0
58.49110102653504,0
58.4911630153656,0
58.49179792404175,0
58.49182939529419,0
58.49188017845154,0
58.49192976951599,0
58.4919753074646,0
58.49206948280335,0
58.49211263656616,0
58.49303555488586,0
58.493091344833374,0
58.49717497825623,0
58.49723291397095,0
58.49725151062012,0
58.51440954208374,0
58.51444149017334,0
58.51445865631104,0
58.51450109481812,0
58.51830792427063,0
58.518346071243286,0
58.51841163635254,0
58.519235372543335,0
58.52045226097107,0
58.52048850059509,0
58.52176117897034,0
58.53742146492005,0
58.53747510910034,0
58.53749465942383,0
58.55746293067932,0
58.55750179290772,0
58.55751800537109,0
58.56277823448181,0
58.56300973892212,0
58.5630316734314,0
58.56304860115051,0
58.56549787521362,0
58.56551480293274,0
58.56656312942505,0
58.56724524497986,0
58.57000017166138,0
58.57711672782898,0
58.5771427154541,0
58.57715725898743,0
58.58471632003784,0
58.5969352722168,0
58.59715223312378,0
58.59720468521118,0
58.604888677597046,0
58.60518717765808,0
58.61814761161804,0
58.61819529533386,0
58.61821150779724,0
58.63741374015808,0
58.63745331764221,0
58.63747024536133,0
58.6435329914093,0
58.643553018569946,0
58.64357399940491,0
58.64359331130981,0
58.64597296714783,0
58.64599704742432,0
58.6460120677948,0
58.64847993850708,0
58.648557901382446,0
58.65241408348084,0
58.65242862701416,0
58.653865575790405,0
58.657222747802734,0
58.6572470664978,0
58.65730285644531,0
58.66145586967468,0
58.66184449195862,0
58.67695927619934,0
58.67702317237854,0
58.6770384311676,0
58.697144985198975,0
58.69718503952026,0
58.6972017288208,0
58.71553635597229,0
58.7174072265625,0
58.71764516830444,0
58.71766901016235,0
58.721779108047485,0
58.72181439399719,0
58.721832036972046,0
58.72189426422119,0
58.72641134262085,0
58.72643160820007,0
58.72667717933655,0
58.73622918128967,0
58.73642897605896,0
58.7384614944458,0
58.73850703239441,0
58.738529443740845,0
58.73974299430847,0
58.7398533821106,0
58.74051237106323,0
58.75558614730835,0
58.755619525909424,0
58.75574207305908,0
58.75576424598694,0
58.75644612312317,0
58.75646257400513,0
58.75648069381714,0
58.7575569152832,0
58.75758647918701,0
58.757588386535645,0
58.761483669281006,0
58.76148700714111,0
58.76151585578919,0
58.76151967048645,0
58.770028591156006,0
58.77004432678223,0
58.77006006240845,0
58.77132725715637,0
58.77748942375183,0
58.778040409088135,0
58.77805233001709,0
58.7970986366272,0
58.797130823135376,0
58.79716682434082,0
58.80515694618225,0
58.8051700592041,0
58.80631351470947,0
58.80632543563843,0
58.806371450424194,0
58.80640435218811,0
58.80832529067993,0
58.80833435058594,0
58.80834007263184,0
58.80887031555176,0
58.80894374847412,0
58.81395626068115,0
58.81571388244629,0
58.81740522384644,0
58.81839346885681,0
58.81844902038574,0
58.81852126121521,0
58.82577013969421,0
58.8370087146759,0
58.837018966674805,0
58.83703565597534,0
58.85474705696106,0
58.85476183891296,0
58.85477805137634,0
58.85479211807251,0
58.8585045337677,0
58.85856747627258,0
58.859416246414185,0
58.859726905822754,0
58.85979175567627,0
58.85983085632324,0
58.86191248893738,0
58.872265338897705,0
58.872276067733765,0
58.87230849266052,0
58.872385025024414,0
58.87478947639465,0
58.87481474876404,0
58.87491893768311,0
58.87734007835388,0
58.87761473655701,0
58.87773394584656,0
58.886966705322266,0
58.88704442977905,0
58.88840365409851,0
58.88842272758484,0
58.897655963897705,0
58.89781379699707,0
58.89787316322327,0
58.91010618209839,0
58.915258169174194,0
58.91529679298401,0
58.91551065444946,0
58.915573596954346,0
58.91758108139038,0
58.91800379753113,0
58.91839337348938,0
58.93192267417908,0
58.93194961547852,0
58.93259358406067,0
58.93475890159607,0
58.93748950958252,0
58.937764167785645,0
58.93778824806213,0
58.939305543899536,0
58.95750999450684,0
58.95753717422485,0
58.95755410194397,0
58.9665834903717,0
58.97104620933533,0
58.97222375869751,0
58.97227907180786,0
58.97232985496521,0
58.97234392166138,0
58.975390911102295,0
58.975433588027954,0
58.975677490234375,0
58.97734570503235,0
58.97742033004761,0
58.97743225097656,0
58.997129917144775,0
58.99715662002564,0
58.99716711044312,0
58.99747705459595,0
58.99749183654785,0
58.99958300590515,0
58.99959683418274,0
59.00068664550781,0
59.000704288482666,0
59.00071454048157,0
59.00072503089905,0
59.00220727920532,0
59.00224447250366,0
59.00225067138672,0
59.01771759986877,0
59.0177493095398,0
59.01778507232666,0
59.037015199661255,0
59.03715920448303,0
59.0372588634491,0
59.04579663276672,0
59.05722498893738,0
59.05728268623352,0
59.057393074035645,0
59.057411909103394,0
59.05762434005737,0
59.05768585205078,0
59.0577392578125,0
59.05814146995544,0
59.05939435958862,0
59.05940842628479,0
59.05944013595581,0
59.05986928939819,0
59.060561180114746,0
59.07701706886292,0
59.07706093788147,0
59.07709980010986,0
59.08555889129639,0
59.097023248672485,0
59.09705758094788,0
59.0971269607544,0
59.1172239780426,0
59.1172661781311,0
59.11728549003601,0
59.137629985809326,0
59.13768911361694,0
59.13771343231201,0
59.14585018157959,0
59.1461923122406,0
59.14637136459351,0
59.146645307540894,0
59.15407133102417,0
59.154234170913696,0
59.15433478355408,0
59.15616035461426,0
59.15684247016907,0
59.15745830535889,0
59.1574923992157,0
59.1575083732605,0
59.15955567359924,0
59.159573793411255,0
59.160417556762695,0
59.16145062446594,0
59.167011737823486,0
59.17553186416626,0
59.17712831497192,0
59.17715764045715,0
59.17716979980469,0
59.182493925094604,0
59.18269610404968,0
59.19200491905213,0
59.19204521179199,0
59.19226098060608,0
59.1922869682312,0
59.19890451431274,0
59.19894504547119,0
59.19903302192688,0
59.19904541969299,0
59.19905638694763,0
59.199787616729736,0
59.20217633247376,0
59.20226240158081,0
59.206700801849365,0
59.20673179626465,0
59.2078697681427,0
59.21709680557251,0
59.21712231636048,0
59.21713542938232,0
59.23245120048523,0
59.23278212547302,0
59.23281002044678,0
59.23284959793091,0
59.23549127578735,0
59.23572993278504,0
59.23625683784485,0
59.23740267753601,0
59.23746204376221,0
59.23750185966492,0
59.24509525299072,0
59.24529004096985,0
59.24542713165283,0
59.24544548988342,0
59.24726104736328,0
59.24749422073364,0
59.24766707420349,0
59.25716853141785,0
59.257203578948975,0
59.25721549987793,0
59.26775574684143,0
59.277249574661255,0
59.27729773521423,0
59.27731728553772,0
59.29746198654175,0
59.29778337478638,0
59.29782485961914,0
59.31868600845337,0
59.3188271522522,0
59.31905102729797,0
59.32523703575134,0
59.32525873184204,0
59.32525968551636,0
59.32609748840332,0
59.331844329833984,0
59.33188438415527,0
59.33220624923706,0
59.33304953575134,0
59.33338189125061,0
59.33410906791687,0
59.33414173126221,0
59.33486747741699,0
59.33778524398804,0
59.33781719207764,0
59.33803844451904,0
59.34572458267212,0
59.3457944393158,0
59.34581780433655,0
59.3458890914917,0
59.3460385799408,0
59.34609007835388,0
59.346131563186646,0
59.35498523712158,0
59.35704016685486,0
59.35841727256775,0
59.358848094940186,0
59.36222553253174,0
59.36588931083679,0
59.37711334228516,0
59.37714385986328,0
59.3771550655365,0
59.39716410636902,0
59.39719796180725,0
59.39721179008484,0
59.400930404663086,0
59.40093183517456,0
59.40200114250183,0
59.403080224990845,0
59.4030909538269,0
59.40310478210449,0
59.40426564216614,0
59.40428876876831,0
59.40465784072876,0
59.40534710884094,0
59.405420780181885,0
59.406068325042725,0
59.4061074256897,0
59.40656089782715,0
59.414899587631226,0
59.41492819786072,0
59.41739535331726,0
59.41740345954895,0
59.417420864105225,0
59.43237495422363,0
59.43241047859192,0
59.43248009681702,0
59.43249773979187,0
59.43413043022156,0
59.434144496917725,0
59.43436217308045,0
59.43697953224182,0
59.437010288238525,0
59.43702149391174,0
59.44272017478943,0
59.4574933052063,0
59.45752692222595,0
59.45762252807617,0
59.47760224342346,0
59.47761559486389,0
59.47762894630432,0
59.47918462753296,0
59.47920489311218,0
59.47921848297119,0
59.47927045822144,0
59.480971336364746,0
59.481038093566895,0
59.4821035861969,0
59.48390698432922,0
59.48390746116638,0
59.4859676361084,0
59.4859881401062,0
59.4888870716095,0
59.48890519142151,0
59.48891186714173,0
59.48892068862915,0
59.49203300476074,0
59.49213171005249,0
59.492149353027344,0
59.49687886238098,0
59.49690246582031,0
59.49728751182556,0
59.50783061981201,0
59.50929760932922,0
59.51027774810791,0
59.51709604263306,0
59.51711082458496,0
59.51722764968872,0
59.53774094581604,0
59.53779625892639,0
59.537864685058594,0
59.55723571777344,0
59.557339668273926,0
59.5574517250061,0
59.57018208503723,0
59.57033634185791,0
59.57035446166992,0
59.5703718662262,0
59.57417297363281,0
59.57449316978455,0
59.57486343383789,0
59.57715463638306,0
59.5771553516388,0
59.57717323303223,0
59.58152651786804,0
59.59846997261048,0
59.59875798225403,0
59.59927463531494,0
59.59932065010071,0
59.59933114051819,0
59.59934258460999,0
59.60042333602905,0
59.6004524230957,0
59.60046410560608,0
59.60178422927856,0
59.60200166702271,0
59.602243185043335,0
59.60737156867981,0
59.60787582397461,0
59.60986590385437,0
59.60989475250244,0
59.61711001396179,0
59.61713886260986,0
59.61715054512024,0
59.63691759109497,0
59.63696384429932,0
59.63760304450989,0
59.63763499259949,0
59.63950610160828,0
59.642085552215576,0
59.65735125541687,0
59.657604694366455,0
59.65766358375549,0
59.67287755012512,0
59.67428708076477,0
59.674482345581055,0
59.674649238586426,0
59.67820143699646,0
59.67843317985535,0
59.67845296859741,0
59.67850804328919,0
59.67854881286621,0
59.6785945892334,0
59.67863583564758,0
59.697110414505005,0
59.697149991989136,0
59.69723653793335,0
59.70328760147095,0
59.70423197746277,0
59.70752596855164,0
59.70756340026856,0
59.70896244049072,0
59.70919227600098,0
59.719053745269775,0
59.7191162109375,0
59.71914100646973,0
59.7215781211853,0
59.73449611663818,0
59.73661732673645,0
59.736650228500366,0
59.73666501045227,0
59.74055314064026,0
59.74059271812439,0
59.74063014984131,0
59.74065375328064,0
59.74073529243469,0
59.74081826210022,0
59.74085450172424,0
59.74091863632202,0
59.74094080924988,0
59.74105453491211,0
59.7465124130249,0
59.74679207801819,0
59.74701118469238,0
59.757317304611206,0
59.75735259056091,0
59.75764966011048,0
59.78015470504761,0
59.78020668029785,0
59.78022313117981,0
59.78027415275574,0
59.78325939178467,0
59.78326416015625,0
59.78439140319824,0
59.784406661987305,0
59.7844181060791,0
59.784430742263794,0
59.78758478164673,0
59.78758668899536,0
59.78784894943237,0
59.78897547721863,0
59.788992404937744,0
59.791622161865234,0
59.79168224334717,0
59.79716444015503,0
59.797192335128784,0
59.79719996452332,0
59.80336213111877,0
59.81779742240906,0
59.81782531738281,0
59.81787109375,0
59.82629895210266,0
59.8263156414032,0
59.82638454437256,0
59.82640027999878,0
59.83722257614136,0
59.83725380897522,0
59.83726668357849,0
59.844151735305786,0
59.8442006111145,0
59.84433627128601,0
59.85717010498047,0
59.85728216171265,0
59.8573009967804,0
59.86379528045654,0
59.87692713737488,0
59.87695837020874,0
59.87713980674744,0
59.891090869903564,0
59.89111232757568,0
59.893815994262695,0
59.89387035369873,0
59.89391803741455,0
59.89394187927246,0
59.89400005340576,0
59.8971848487854,0
59.8973023891449,0
59.897459745407104,0
59.908989667892456,0
59.90899467468262,0
59.91149091720581,0
59.91150641441345,0
59.91715025901794,0
59.91719079017639,0
59.91727685928345,0
59.93731808662415,0
59.937416315078735,0
59.93759298324585,0
59.94723153114319,0
59.95830678939819,0
59.95834398269653,0
59.95836281776428,0
59.97714114189148,0
59.97716927528381,0
59.97718262672424,0
59.9791750907898,0
59.97917580604553,0
59.9812171459198,0
59.9812433719635,0
59.98124432563782,0
59.98316860198975,0
59.9832181930542,0
59.983625411987305,0
59.986828565597534,0
59.98790574073792,0
59.99703550338745,0
59.99706077575684,0
59.997116804122925,0
60.00219678878784,0
60.00575804710388,0
60.005807876586914,0
60.00692343711853,0
60.00695538520813,0
60.00818753242493,0
60.00821685791016,0
60.0082266330719,0
60.00823593139648,0
60.00952243804932,0
60.00956177711487,0
60.00956845283508,0
60.01040768623352,0
60.01708269119263,0
60.017082929611206,0
60.01711344718933,0
60.026514530181885,0
60.02956676483154,0
60.0296413898468,0
60.03558826446533,0
60.03718400001526,0
60.037492513656616,0
60.04067921638489,0
60.04077458381653,0
60.040804624557495,0
60.04086709022522,0
60.04293155670166,0
60.04293918609619,0
60.043118953704834,0
60.04667568206787,0
60.057812213897705,0
60.057862997055054,0
60.05787897109985,0
60.06567001342773,0
60.07693290710449,0
60.07697057723999,0
60.07697939872742,0
60.09658479690552,0
60.09661865234375,0
60.09662580490112,0
60.09670448303223,0
60.1004843711853,0
60.100489139556885,0
60.10090684890747,0
60.10197615623474,0
60.10229158401489,0
60.10233426094055,0
60.10309529304504,0
60.10313367843628,0
60.10368466377258,0
60.10370755195618,0
60.11744165420532,0
60.1174840927124,0
60.11751389503479,0
60.13748335838318,0
60.13753843307495,0
60.1375584602356,0
60.164031744003296,0
60.16409516334534,0
60.16411638259888,0
60.16424489021301,0
60.17970037460327,0
60.1797354221344,0
60.17975068092346,0
60.19746828079224,0
60.197563886642456,0
60.1975793838501,0
60.21709680557251,0
60.21712255477905,0
60.21713209152222,0
60.22633075714111,0
60.226364850997925,0
60.226410150527954,0
60.22645616531372,0
60.22647047042847,0
60.22656273841858,0
60.22659611701965,0
60.22666430473328,0
60.22677564620972,0
60.226806640625,0
60.22905898094177,0
60.22909688949585,0
60.23699498176575,0
60.23702335357666,0
60.23703479766846,0
60.246203660964966,0
60.24625778198242,0
60.2468683719635,0
60.25052428245544,0
60.250553369522095,0
60.25061511993408,0
60.25065875053406,0
60.25206732749939,0
60.25210976600647,0
60.25284957885742,0
60.25394654273987,0
60.25396132469177,0
60.25397539138794,0
60.25397825241089,0
60.25731444358826,0
60.25746130943298,0
60.25777578353882,0
60.25800251960754,0
60.258912563323975,0
60.26074600219727,0
60.264625549316406,0
60.27694058418274,0
60.27696347236633,0
60.27769088745117,0
60.2971031665802,0
60.29714298248291,0
60.29721403121948,0
60.30282282829285,0
60.303065061569214,0
60.30309820175171,0
60.30311632156372,0
60.30437231063843,0
60.30442500114441,0
60.3047091960907,0
60.30625748634338,0
60.30628418922424,0
60.3080804347992,0
60.30815124511719,0
60.30898952484131,0
60.31771779060364,0
60.31776762008667,0
60.31779646873474,0
60.32476210594177,0
60.32650947570801,0
60.32904529571533,0
60.33491826057434,0
60.33699917793274,0
60.33703088760376,0
60.33709740638733,0
60.33933711051941,0
60.33936929702759,0
60.33943510055542,0
60.33951258659363,0
60.34109902381897,0
60.34193682670593,0
60.34200501441956,0
60.34351921081543,0
60.35014986991882,0
60.35402750968933,0
60.36146378517151,0
60.36149835586548,0
60.36150288581848,0
60.37837338447571,0
60.37848210334778,0
60.37849760055542,0
60.37854170799256,0
60.37855648994446,0
60.38109254837036,0
60.38187623023987,0
60.381898641586304,0
60.382100105285645,0
60.382651805877686,0
60.382972240448,0
60.38354682922363,0
60.38669276237488,0
60.38671684265137,0
60.38892865180969,0
60.38895130157471,0
60.39701128005981,0
60.397037744522095,0
60.39706611633301,0
60.41701006889343,0
60.417038679122925,0
60.41708660125733,0
60.42451977729797,0
60.436933517456055,0
60.43696618080139,0
60.43731880187988,0
60.45747900009155,0
60.45750594139099,0
60.45915794372559,0
60.4637303352356,0
60.46375465393066,0
60.46822214126587,0
60.46828651428223,0
60.46833395957947,0
60.468379974365234,0
60.46848797798157,0
60.468510150909424,0
60.47354149818421,0
60.47357082366944,0
60.47358632087708,0
60.47360253334045,0
60.47458267211914,0
60.47461199760437,0
60.47519016265869,0
60.477986097335815,0
60.478018045425415,0
60.47803092002869,0
60.48619890213013,0
60.48621106147766,0
60.48966503143311,0
60.48970651626587,0
60.49702525138855,0
60.49705791473389,0
60.4971079826355,0
60.51150631904602,0
60.51164674758911,0
60.511677503585815,0
60.51184153556824,0
60.51526951789856,0
60.51566338539124,0
60.51570439338684,0
60.51751923561096,0
60.5175576210022,0
60.51765489578247,0
60.51828479766846,0
60.528414249420166,0
60.52865767478943,0
60.52869009971619,0
60.52984166145325,0
60.53709959983826,0
60.537134408950806,0
60.53724241256714,0
60.5545916557312,0
60.5546555519104,0
60.55477404594421,0
60.5565025806427,0
60.571322441101074,0
60.57133603096008,0
60.57134962081909,0
60.57978653907776,0
60.57978844642639,0
60.58117246627808,0
60.581175088882446,0
60.58118343353272,0
60.58118987083435,0
60.58313584327698,0
60.5831925868988,0
60.58320879936218,0
60.58610820770264,0
60.586137533187866,0
60.5861542224884,0
60.59052658081055,0
60.59068036079407,0
60.59285020828247,0
60.59289503097534,0
60.60529017448425,0
60.605318546295166,0
60.605350494384766,0
60.6265881061554,0
60.62661743164063,0
60.626625299453735,0
60.627203941345215,0
60.64207744598389,0
60.64208793640137,0
60.64216876029968,0
60.64658331871033,0
60.6466076374054,0
60.64666986465454,0
60.64677262306213,0
60.64983320236206,0
60.64987754821777,0
60.64989590644837,0
60.66158866882324,0
60.661746978759766,0
60.66177463531494,0
60.67548227310181,0
60.67727589607239,0
60.67835998535156,0
60.68677353858948,0
60.68680119514465,0
60.68681955337525,0
60.70389223098755,0
60.70392298698425,0
60.70393967628479,0
60.70395565032959,0
60.70416831970215,0
60.70530366897583,0
60.70532989501953,0
60.70554327964783,0
60.70555639266968,0
60.70622873306274,0
60.70624470710754,0
60.708637952804565,0
60.70867156982422,0
60.70873475074768,0
60.71299123764038,0
60.71538257598877,0
60.72510600090027,0
60.72926950454712,0
60.72928786277771,0
60.72933316230774,0
60.74791574478149,0
60.74796533584595,0
60.74800491333008,0
60.76381516456604,0
60.766411542892456,0
60.76644158363342,0
60.76647734642029,0
60.77019357681274,0
60.77059960365296,0
60.771278858184814,0
60.77242827415466,0
60.772510051727295,0
60.7731339931488,0
60.77327823638916,0
60.774707317352295,0
60.774738073349,0
60.77500247955322,0
60.77502679824829,0
60.77503943443298,0
60.77572417259216,0
60.77582287788391,0
60.78552651405335,0
60.78555393218994,0
60.785555362701416,0
60.79461479187012,0
60.79477953910828,0
60.79585194587708,0
60.7959988117218,0
60.796011447906494,0
60.79621863365173,0
60.79768371582031,0
60.80015540122986,0
60.80018448829651,0
60.80354881286621,0
60.80356121063232,0
60.80430603027344,0
60.80700254440308,0
60.80702805519104,0
60.808340311050415,0
60.808671712875366,0
60.81837511062622,0
60.81840515136719,0
60.81842565536499,0
60.82514142990112,0
60.83690929412842,0
60.83693957328797,0
60.8369927406311,0
60.844115018844604,0
60.84412837028504,0
60.84414172172546,0
60.844233751297,0
60.85773038864136,0
60.85776376724243,0
60.85780096054077,0
60.87199902534485,0
60.87201952934265,0
60.87320947647095,0
60.87363648414612,0
60.87724113464356,0
60.87727952003479,0
60.87768340110779,0
60.89316463470459,0
60.893202781677246,0
60.89322113990784,0
60.894681453704834,0
60.89734172821045,0
60.898162603378296,0
60.89820575714111,0
60.898279905319214,0
60.89833736419678,0
60.89970922470093,0
60.89978623390198,0
60.90062975883484,0
60.90152144432068,0
60.90643453598023,0
60.91817021369934,0
60.91817045211792,0
60.9182026386261,0
60.93725347518921,0
60.93741583824158,0
60.93744349479675,0
60.96011257171631,0
60.96016216278076,0
60.96018576622009,0
60.96045160293579,0
60.96047902107239,0
60.96049666404724,0
60.96051383018494,0
60.9606339931488,0
60.96069526672363,0
60.9607527256012,0
60.96578097343445,0
60.97326302528381,0
60.97327971458435,0
60.97572588920593,0
60.97579097747803,0
60.97587728500366,0
60.97589945793152,0
60.97797822952271,0
60.97799921035767,0
60.97801208496094,0
60.99787068367005,0
60.9979190826416,0
60.997928619384766,0
60.99857354164124,0
60.99858498573303,0
60.99859619140625,0
60.998618602752686,0
60.99865579605103,0
61.00324892997742,0
61.003318309783936,0
61.00559854507446,0
61.0056095123291,0
61.005616903305054,0
61.00563097000122,0
61.00817680358887,0
61.0082061290741,0
61.00822067260742,0
61.01717972755432,0
61.01720452308655,0
61.01721930503845,0
61.037254333496094,0
61.037283182144165,0
61.03729701042175,0
61.04400420188904,0
61.04956269264221,0
61.049598693847656,0
61.04961705207825,0
61.05008816719055,0
61.05056643486023,0
61.05062913894653,0
61.05086541175842,0
61.051565408706665,0
61.05567908287048,0
61.05794906616211,0
61.05797863006592,0
61.05799055099487,0
61.0580153465271,0
61.0703821182251,0
61.074458599090576,0
61.07452940940857,0
61.07454419136048,0
61.074623346328735,0
61.07708120346069,0
61.07717227935791,0
61.07725381851196,0
61.09129977226257,0
61.09131693840027,0
61.0915801525116,0
61.093477964401245,0
61.09352278709412,0
61.0951144695282,0
61.09513449668884,0
61.09783363342285,0
61.09787154197693,0
61.09793567657471,0
61.11747360229492,0
61.11749720573425,0
61.11782670021057,0
61.11939191818237,0
61.12147617340088,0
61.12442922592163,0
61.13744044303894,0
61.1374831199646,0
61.13753652572632,0
61.15869331359863,0
61.15878510475159,0
61.15878772735596,0
61.177531003952026,0
61.177531242370605,0
61.17755556106568,0
61.19732904434204,0
61.19737839698792,0
61.19754099845886,0
61.20510387420654,0
61.20513677597046,0
61.20645236968994,0
61.20646834373474,0
61.20647788047791,0
61.2064893245697,0
61.2091715335846,0
61.2092010974884,0
61.209797859191895,0
61.21041822433472,0
61.21392059326172,0
61.21395230293274,0
61.2169349193573,0
61.21696352958679,0
61.21697783470154,0
61.22294974327088,0
61.22304177284241,0
61.23714447021485,0
61.23717617988586,0
61.23719024658203,0
61.24177145957947,0
61.24898886680603,0
61.24923300743103,0
61.24926400184631,0
61.24928164482117,0
61.25378823280335,0
61.25380349159241,0
61.25447726249695,0
61.257699728012085,0
61.2577338218689,0
61.25776743888855,0
61.27732563018799,0
61.27740263938904,0
61.27754878997803,0
61.284539222717285,0
61.28458023071289,0
61.284595251083374,0
61.2846109867096,0
61.28763270378113,0
61.28769254684448,0
61.28780698776245,0
61.2884886264801,0
61.2925763130188,0
61.292603492736816,0
61.29260921478272,0
61.29263210296631,0
61.29500579833984,0
61.29501271247864,0
61.29502964019776,0
61.297515630722046,0
61.29754829406738,0
61.29756236076355,0
61.297598123550415,0
61.29766917228699,0
61.30080580711365,0
61.300841331481934,0
61.32790684700012,0
61.32793521881104,0
61.32798218727112,0
61.33750486373901,0
61.34520769119263,0
61.34520959854126,0
61.34522533416748,0
61.345242977142334,0
61.34544944763184,0
61.34547257423401,0
61.35016250610352,0
61.35018253326416,0
61.3511164188385,0
61.3514621257782,0
61.35148215293884,0
61.35842037200928,0
61.35856413841248,0
61.36793184280396,0
61.3679780960083,0
61.36798119544983,0
61.379085302352905,0
61.37936592102051,0
61.38083553314209,0
61.38085222244263,0
61.38088083267212,0
61.38088321685791,0
61.38712310791016,0
61.38749837875366,0
61.387542963027954,0
61.39413738250733,0
61.394153118133545,0
61.394211769104,0
61.395813941955566,0
61.39582848548889,0
61.39738464355469,0
61.39746522903442,0
61.398462533950806,0
61.40479516983032,0
61.404823303222656,0
61.404834508895874,0
61.40835285186768,0
61.42267727851868,0
61.42273283004761,0
61.422746419906616,0
61.4290018081665,0
61.43380331993103,0
61.43381714820862,0
61.43382930755615,0
61.433841943740845,0
61.443180322647095,0
61.443214654922485,0
61.44322681427002,0
61.44474983215332,0
61.44476628303528,0
61.445070028305054,0
61.46318769454956,0
61.463292360305786,0
61.46331858634949,0
61.46635699272156,0
61.48745012283325,0
61.48747873306274,0
61.48749113082886,0
61.49374675750733,0
61.49377751350403,0
61.49385213851929,0
61.493908166885376,0
61.49648499488831,0
61.49650549888611,0
61.49652075767517,0
61.49662113189697,0
61.49663090705872,0
61.50360894203186,0
61.503644704818726,0
61.50393414497376,0
61.513691902160645,0
61.513766050338745,0
61.51551008224487,0
61.51554226875305,0
61.51566219329834,0
61.5156831741333,0
61.51829481124878,0
61.51832103729248,0
61.5183322429657,0
61.519062519073486,0
61.52959871292114,0
61.52963089942932,0
61.52993822097778,0
61.53472399711609,0
61.53475666046143,0
61.53477263450623,0
61.53481864929199,0
61.53661465644837,0
61.53665351867676,0
61.53733587265015,0
61.53852939605713,0
61.53856325149536,0
61.53862118721008,0
61.54410409927368,0
61.55718326568604,0
61.55722665786743,0
61.560020208358765,0
61.577028036117554,0
61.57706356048584,0
61.57711553573608,0
61.58804702758789,0
61.588058948516846,0
61.58805990219116,0
61.58807349205017,0
61.58810424804688,0
61.59032440185547,0
61.590633392333984,0
61.59114718437195,0
61.59682440757752,0
61.59683990478516,0
61.59720587730408,0
61.59722280502319,0
61.597233295440674,0
61.59724640846253,0
61.59733700752258,0
61.59762024879456,0
61.60299491882324,0
61.619404792785645,0
61.619441509246826,0
61.61948776245117,0
61.62661647796631,0
61.63696479797363,0
61.63696551322937,0
61.63699889183045,0
61.65310287475586,0
61.65376710891724,0
61.65379643440247,0
61.65382742881775,0
61.6547429561615,0
61.65515422821045,0
61.65554690361023,0
61.65683603286743,0
61.65691518783569,0
61.65693187713623,0
61.65770840644837,0
61.67718482017517,0
61.6772403717041,0
61.677255153656006,0
61.68753504753113,0
61.687556982040405,0
61.68764877319336,0
61.68766379356384,0
61.68767523765564,0
61.687742710113525,0
61.68775916099548,0
61.68921041488648,0
61.68923425674439,0
61.6896755695343,0
61.6896915435791,0
61.697350025177,0
61.697412729263306,0
61.69762969017029,0
61.69786262512207,0
61.71787571907044,0
61.71794104576111,0
61.71794486045837,0
61.72172784805298,0
61.72176361083984,0
61.72178363800049,0
61.72180199623108,0
61.72328591346741,0
61.72332406044006,0
61.72339057922363,0
61.72929215431213,0
61.729899644851685,0
61.72993230819702,0
61.73001837730408,0
61.73714900016785,0
61.73718571662903,0
61.73720121383667,0
61.75222516059876,0
61.75223970413208,0
61.75226902961731,0
61.75237250328064,0
61.75802683830261,0
61.7580726146698,0
61.75831365585327,0
61.7771418094635,0
61.77716755867005,0
61.77718782424927,0
61.79695582389832,0
61.79698204994202,0
61.796998500823975,0
61.80334758758545,0
61.80346083641052,0
61.80396819114685,0
61.80398917198181,0
61.80408573150635,0
61.80410599708557,0
61.8064022064209,0
61.8064272403717,0
61.80686235427856,0
61.80741548538208,0
61.80818271636963,0
61.809478759765625,0
61.80992841720581,0
61.8104248046875,0
61.81691932678223,0
61.81694793701172,0
61.817195415496826,0
61.83053016662598,0
61.83056402206421,0
61.83061361312866,0
61.83070516586304,0
61.83072233200073,0
61.830913066864014,0
61.8309338092804,0
61.83161234855652,0
61.8367862701416,0
61.838053703308105,0
61.83812975883484,0
61.83816766738892,0
61.83820462226868,0
61.84071969985962,0
61.84076523780823,0
61.84827733039856,0
61.84830570220947,0
61.84835243225098,0
61.84840798377991,0
61.84977698326111,0
61.84979581832886,0
61.85000205039978,0
61.85703158378601,0
61.85711526870728,0
61.85714292526245,0
61.8674418926239,0
61.86749696731568,0
61.87424898147583,0
61.87424945831299,0
61.87710094451904,0
61.87713956832886,0
61.87718892097473,0
61.88426947593689,0
61.89709544181824,0
61.89713001251221,0
61.897135972976685,0
61.91096782684326,0
61.91100573539734,0
61.91107106208801,0
61.91113352775574,0
61.91447067260742,0
61.91455173492432,0
61.91461157798767,0
61.91719079017639,0
61.91723537445069,0
61.91725325584412,0
61.93779754638672,0
61.9378457069397,0
61.93793725967407,0
61.93879795074463,0
61.942068338394165,0
61.94527721405029,0
61.95816230773926,0
61.958207845687866,0
61.95865368843079,0
61.964866399765015,0
61.96489882469177,0
61.965245962142944,0
61.96529459953308,0
61.9772424697876,0
61.97743630409241,0
61.97745394706726,0
61.997002601623535,0
61.9970281124115,0
61.99703860282898,0
62.000460386276245,0
62.00059294700623,0
62.00060844421387,0
62.00458002090454,0
62.00459384918213,0
62.00460338592529,0
62.00461268424988,0
62.00463628768921,0
62.00464844703674,0
62.004661321640015,0
62.00677084922791,0
62.006840467453,0
62.01075744628906,0
62.01077055931091,0
62.01880168914795,0
62.01882266998291,0
62.018834352493286,0
62.01893973350525,0
62.02201294898987,0
62.02201986312866,0
62.02288985252381,0
62.023807525634766,0
62.02383470535278,0
62.02484107017517,0
62.02574896812439,0
62.02578163146973,0
62.025837659835815,0
62.036242723464966,0
62.037142515182495,0
62.03751182556152,0
62.0375292301178,0
62.04259777069092,0
62.042611837387085,0
62.043081760406494,0
62.043123960495,0
62.04328370094299,0
62.0433611869812,0
62.04348063468933,0
62.04353165626526,0
62.0569224357605,0
62.05695605278015,0
62.05696868896485,0
62.06655097007752,0
62.06658411026001,0
62.07744526863098,0
62.077582597732544,0
62.07760357856751,0
62.08743500709534,0
62.08943247795105,0
62.089967250823975,0
62.096943616867065,0
62.09697914123535,0
62.09707045555115,0
62.10829138755798,0
62.10837244987488,0
62.10843896865845,0
62.11201357841492,0
62.113112688064575,0
62.11314749717712,0
62.113476037979126,0
62.11752152442932,0
62.117565631866455,0
62.11762499809265,0
62.137322425842285,0
62.13746500015259,0
62.13759326934815,0
62.14853835105896,0
62.15730595588684,0
62.157307624816895,0
62.15741014480591,0
62.17699694633484,0
62.1770281791687,0
62.1782546043396,0
62.18058514595032,0
62.18062090873718,0
62.18180274963379,0
62.18181872367859,0
62.1818323135376,0
62.1818962097168,0
62.18705034255981,0
62.18706750869751,0
62.187116622924805,0
62.18837785720825,0
62.1966598033905,0
62.19689059257507,0
62.19691610336304,0
62.19712519645691,0
62.20069146156311,0
62.20148968696594,0
62.20242381095886,0
62.20256733894348,0
62.202919483184814,0
62.21520352363586,0
62.21522521972656,0
62.21523594856262,0
62.21527814865112,0
62.21608901023865,0
62.21611046791077,0
62.21703553199768,0
62.21705055236816,0
62.217060804367065,0
62.21733570098877,0
62.2218804359436,0
62.22191095352173,0
62.2221794128418,0
62.22220206260681,0
62.22257828712464,0
62.222601652145386,0
62.22261571884155,0
62.22510123252869,0
62.23724532127381,0
62.23727345466614,0
62.23730659484863,0
62.25009727478027,0
62.25012230873108,0
62.25016379356384,0
62.250197410583496,0
62.25342011451721,0
62.25344920158386,0
62.25397896766663,0
62.264678955078125,0
62.26470732688904,0
62.26648545265198,0
62.26651167869568,0
62.26657176017761,0
62.2891993522644,0
62.28922772407532,0
62.289262533187866,0
62.29386043548584,0
62.293890714645386,0
62.295854568481445,0
62.29588508605957,0
62.296528577804565,0
62.30468130111694,0
62.30470943450928,0
62.304935693740845,0
62.315470695495605,0
62.31570625305176,0
62.315762996673584,0
62.317426443099976,0
62.31746792793274,0
62.3179030418396,0
62.31801772117615,0
62.31901693344116,0
62.3204653263092,0
62.32905316352844,0
62.329200983047485,0
62.32920336723328,0
62.348437786102295,0
62.348475217819214,0
62.34849190711975,0
62.3604211807251,0
62.365554332733154,0
62.36559081077576,0
62.36967945098877,0
62.369868516922,0
62.36999297142029,0
62.370025396347046,0
62.371376037597656,0
62.3714063167572,0
62.37141966819763,0
62.38236999511719,0
62.382407665252686,0
62.38247990608215,0
62.3870861530304,0
62.38711619377136,0
62.38717770576477,0
62.39521408081055,0
62.3952260017395,0
62.39643692970276,0
62.39660549163818,0
62.40571546554565,0
62.40572381019592,0
62.40604829788208,0
62.40929460525513,0
62.426804304122925,0
62.42682361602783,0
62.42683172225952,0
62.44267129898071,0
62.44270372390747,0
62.4427649974823,0
62.442960023880005,0
62.44501519203186,0
62.44502663612366,0
62.44527864456177,0
62.4452965259552,0
62.44534516334534,0
62.44552993774414,0
62.44779586791992,0
62.44940757751465,0
62.45008230209351,0
62.45804929733277,0
62.45986604690552,0
62.46073722839356,0
62.46076774597168,0
62.460845708847046,0
62.461453437805176,0
62.4618763923645,0
62.46322989463806,0
62.4632453918457,0
62.46349024772644,0
62.463512897491455,0
62.46639609336853,0
62.46674728393555,0
62.46677875518799,0
62.46683168411255,0
62.466845989227295,0
62.46686577796936,0
62.47721982002258,0
62.477251052856445,0
62.47731065750122,0
62.48909378051758,0
62.48911809921265,0
62.490912437438965,0
62.49091267585754,0
62.49702286720276,0
62.497050523757935,0
62.49716711044312,0
62.51181626319885,0
62.51715064048767,0
62.5171902179718,0
62.517221450805664,0
62.53735303878784,0
62.53745245933533,0
62.53819298744202,0
62.54220461845398,0
62.54224920272827,0
62.54404616355896,0
62.544126749038696,0
62.54415082931519,0
62.54422163963318,0
62.5442807674408,0
62.54445147514343,0
62.55774235725403,0
62.55778408050537,0
62.55780172348023,0
62.559353828430176,0
62.55943417549133,0
62.55945253372192,0
62.55992150306702,0
62.56758737564087,0
62.56762623786926,0
62.56922507286072,0
62.57106924057007,0
62.57294321060181,0
62.577120542526245,0
62.57714009284973,0
62.5771598815918,0
62.58153700828552,0
62.581597089767456,0
62.597012996673584,0
62.597041845321655,0
62.59708070755005,0
62.60565519332886,0
62.61695098876953,0
62.61697769165039,0
62.61698770523071,0
62.63464975357056,0
62.63470411300659,0
62.63633036613464,0
62.63635611534119,0
62.63636875152588,0
62.636380434036255,0
62.63774871826172,0
62.63799166679382,0
62.63801717758179,0
62.6380295753479,0
62.638038873672485,0
62.63804316520691,0
62.64442086219788,0
62.65685725212097,0
62.656885385513306,0
62.65694999694824,0
62.672648191452026,0
62.672876834869385,0
62.67290830612183,0
62.6729474067688,0
62.67308187484741,0
62.67312264442444,0
62.67316150665283,0
62.67712092399597,0
62.67728900909424,0
62.67742419242859,0
62.689701557159424,0
62.689746379852295,0
62.690725326538086,0
62.69081711769104,0
62.697242736816406,0
62.697261333465576,0
62.69727563858032,0
62.71702289581299,0
62.71705889701843,0
62.71707606315613,0
62.723612546920776,0
62.72975444793701,0
62.72978949546814,0
62.73153018951416,0
62.731552839279175,0
62.73441004753113,0
62.73444533348084,0
62.734490394592285,0
62.73581075668335,0
62.73584747314453,0
62.7358627319336,0
62.736388206481934,0
62.73696851730347,0
62.7370023727417,0
62.73709201812744,0
62.73964071273804,0
62.73971223831177,0
62.73976707458496,0
62.75727462768555,0
62.75729823112488,0
62.757431745529175,0
62.75836992263794,0
62.76364183425903,0
62.76366114616394,0
62.763675928115845,0
62.76369118690491,0
62.76778841018677,0
62.767982006073,0
62.76805901527405,0
62.77713060379028,0
62.777156591415405,0
62.77716851234436,0
62.79065704345703,0
62.790910959243774,0
62.79190397262573,0
62.7921257019043,0
62.79263210296631,0
62.79264426231384,0
62.793723821640015,0
62.79708933830261,0
62.79711699485779,0
62.79712843894959,0
62.81703519821167,0
62.81706595420837,0
62.817078828811646,0
62.82383823394776,0
62.82412004470825,0
62.82524132728577,0
62.82563257217407,0
62.82593965530396,0
62.82629179954529,0
62.8269567489624,0
62.826961278915405,0
62.82698559761048,0
62.82949638366699,0
62.83319425582886,0
62.83387351036072,0
62.83453130722046,0
62.83511734008789,0
62.836960554122925,0
62.83702564239502,0
62.8378586769104,0
62.84697914123535,0
62.84700226783752,0
62.847015619277954,0
62.84703016281128,0
62.856879234313965,0
62.85693740844727,0
62.85695338249207,0
62.87749528884888,0
62.877535581588745,0
62.87755084037781,0
62.87815713882446,0
62.878233432769775,0
62.878254413604736,0
62.880351543426514,0
62.880774974823,0
62.88356900215149,0
62.88358640670776,0
62.88504409790039,0
62.89495587348938,0
62.89500665664673,0
62.895024061203,0
62.896549463272095,0
62.89762544631958,0
62.8976526260376,0
62.897666215896606,0
62.89771938323975,0
62.89775776863098,0
62.89833378791809,0
62.91705799102783,0
62.917097091674805,0
62.917510747909546,0
62.92817568778992,0
62.938610792160034,0
62.938695669174194,0
62.93870687484741,0
62.95252728462219,0
62.95391297340393,0
62.95645189285278,0
62.95823860168457,0
62.95829391479492,0
62.95829606056213,0
62.958325147628784,0
62.958327293396,0
62.95834946632385,0
62.964667081832886,0
62.96470355987549,0
62.964720487594604,0
62.97883462905884,0
62.978840351104736,0
62.978848457336426,0
62.97885274887085,0
62.97893810272217,0
62.97895288467407,0
62.97899675369263,0
62.98081278800965,0
62.980825424194336,0
62.980841398239136,0
62.98293733596802,0
62.99279308319092,0
62.992804765701294,0
62.99290919303894,0
62.99292302131653,0
62.997403383255005,0
62.99742364883423,0
62.998055934906006,0
63.01725172996521,0
63.0172643661499,0
63.01729607582092,0
63.01917338371277,0
63.0191855430603,0
63.02000117301941,0
63.020015239715576,0
63.02505397796631,0
63.025054693222046,0
63.02509260177612,0
63.04462718963623,0
63.044660568237305,0
63.04467439651489,0
63.05640435218811,0
63.06725335121155,0
63.067280292510986,0
63.06732225418091,0
63.073678731918335,0
63.07370710372925,0
63.07375121116638,0
63.07416987419128,0
63.0770537853241,0
63.07707047462464,0
63.07708644866944,0
63.0875895023346,0
63.08765268325806,0
63.08766794204712,0
63.09192681312561,0
63.0935480594635,0
63.09668159484863,0
63.09671664237976,0
63.10622501373291,0
63.10625600814819,0
63.106340646743774,0
63.1153244972229,0
63.115368366241455,0
63.11640691757202,0
63.11818480491638,0
63.127748012542725,0
63.127779483795166,0
63.1278338432312,0
63.135955572128296,0
63.1416871547699,0
63.14170455932617,0
63.14172029495239,0
63.14184880256653,0
63.14664626121521,0
63.146647691726685,0
63.1466715335846,0
63.149046182632446,0
63.1490786075592,0
63.149091958999634,0
63.15323042869568,0
63.16732144355774,0
63.16734957695007,0
63.167362213134766,0
63.16920638084412,0
63.17201161384583,0
63.18484258651733,0
63.1849730014801,0
63.18525314331055,0
63.20102334022522,0
63.20105528831482,0
63.20564556121826,0
63.20567488670349,0
63.20568871498108,0
63.20570230484009,0
63.20572304725647,0
63.20719146728516,0
63.209545612335205,0
63.2101891040802,0
63.21021056175232,0
63.21037197113037,0
63.21215343475342,0
63.21218228340149,0
63.21676325798035,0
63.216792345047,0
63.21826338768005,0
63.21826386451721,0
63.21828079223633,0
63.218286752700806,0
63.21985578536987,0
63.21988415718079,0
63.21990060806274,0
63.22097587585449,0
63.22699308395386,0
63.22722101211548,0
63.22751069068909,0
63.23134589195252,0
63.23136830329895,0
63.23137974739075,0
63.23149728775024,0
63.2330904006958,0
63.23327875137329,0
63.23361110687256,0
63.23686194419861,0
63.23688983917236,0
63.236932039260864,0
63.2504460811615,0
63.26386880874634,0
63.26388669013977,0
63.26394605636597,0
63.2694947719574,0
63.26951193809509,0
63.26975631713867,0
63.26977324485779,0
63.27137851715088,0
63.27144002914429,0
63.27145743370056,0
63.28651428222656,0
63.286550760269165,0
63.28655529022217,0
63.29040837287903,0
63.29045200347901,0
63.29195952415466,0
63.291993379592896,0
63.2926971912384,0
63.29334259033203,0
63.30486369132996,0
63.30490565299988,0
63.30532479286194,0
63.30970406532288,0
63.313273429870605,0
63.313299894332886,0
63.31331205368042,0
63.313326358795166,0
63.32527542114258,0
63.32533597946167,0
63.32533836364746,0
63.32629919052124,0
63.32632350921631,0
63.32633447647095,0
63.3467960357666,0
63.34998798370361,0
63.34999179840088,0
63.350008487701416,0
63.37055826187134,0
63.37057328224182,0
63.37058639526367,0
63.37060046195984,0
63.37061285972595,0
63.37104272842407,0
63.37107229232788,0
63.371087074279785,0
63.37109994888306,0
63.387377977371216,0
63.38737916946411,0
63.38739609718323,0
63.39468193054199,0
63.39470911026001,0
63.39471793174744,0
63.39520192146301,0
63.395217418670654,0
63.40886735916138,0
63.4088978767395,0
63.40924525260925,0
63.41022181510925,0
63.41022205352783,0
63.41221475601196,0
63.42427968978882,0
63.42430853843689,0
63.42432188987732,0
63.44226384162903,0
63.444029569625854,0
63.4440598487854,0
63.44407296180725,0
63.444116830825806,0
63.444164991378784,0
63.445512771606445,0
63.44553208351135,0
63.44554567337036,0
63.44555687904358,0
63.44561553001404,0
63.44565081596375,0
63.44568586349487,0
63.445719957351685,0
63.44810771942139,0
63.44813346862793,0
63.44825983047485,0
63.448336362838745,0
63.45694160461426,0
63.456974506378174,0
63.45703554153442,0
63.45950150489807,0
63.46051979064941,0
63.46305561065674,0
63.469566106796265,0
63.473785161972046,0
63.47383761405945,0
63.47385573387146,0
63.47393560409546,0
63.48636531829834,0
63.48639512062073,0
63.48727107048035,0
63.49204468727112,0
63.492061376571655,0
63.4920768737793,0
63.49382543563843,0
63.494354009628296,0
63.49507546424866,0
63.49532413482666,0
63.50511860847473,0
63.50525140762329,0
63.50527119636536,0
63.528971672058105,0
63.528971910476685,0
63.5290093421936,0
63.547354221344,0
63.549885749816895,0
63.54994297027588,0
63.549981117248535,0
63.56944298744202,0
63.5694727897644,0
63.56948733329773,0
63.57118701934815,0
63.57120442390442,0
63.57280468940735,0
63.57281875610352,0
63.57292342185974,0
63.57293367385864,0
63.58688998222351,0
63.58692002296448,0
63.58692693710327,0
63.589415073394775,0
63.58943271636963,0
63.58959889411926,0
63.60376214981079,0
63.60379099845886,0
63.60382890701294,0
63.62411284446716,0
63.624141454696655,0
63.62415266036987,0
63.64493846893311,0
63.64501309394837,0
63.64523887634277,0
63.64614081382752,0
63.648606300354,0
63.64863300323486,0
63.64967083930969,0
63.64972972869873,0
63.65116500854492,0
63.651180028915405,0
63.6511926651001,0
63.651209592819214,0
63.654314279556274,0
63.65433216094971,0
63.65439486503601,0
63.65547680854797,0
63.65599870681763,0
63.664360761642456,0
63.66439294815064,0
63.66445255279541,0
63.668840646743774,0
63.68735694885254,0
63.68740057945252,0
63.68741822242737,0
63.704941749572754,0
63.70512318611145,0
63.705148220062256,0
63.723336935043335,0
63.72336912155152,0
63.72338318824768,0
63.7233989238739,0
63.72678804397583,0
63.72680425643921,0
63.72700929641724,0
63.72703170776367,0
63.72704434394837,0
63.72741913795471,0
63.72743916511536,0
63.72745323181152,0
63.7297523021698,0
63.7297682762146,0
63.7310848236084,0
63.73111939430237,0
63.73119735717773,0
63.73125314712525,0
63.73217964172363,0
63.73233413696289,0
63.73245859146118,0
63.73598027229309,0
63.74779891967773,0
63.747838497161865,0
63.747878313064575,0
63.75157165527344,0
63.75160503387451,0
63.75260543823242,0
63.75403547286987,0
63.75410151481629,0
63.75412344932556,0
63.75702691078186,0
63.75706195831299,0
63.75728702545166,0
63.78480505943298,0
63.78483176231384,0
63.784844398498535,0
63.78601264953613,0
63.78604030609131,0
63.786051988601685,0
63.78729677200317,0
63.79379558563232,0
63.79380178451538,0
63.793808937072754,0
63.7938129901886,0
63.79886269569397,0
63.79897284507752,0
63.80130100250244,0
63.80131006240845,0
63.80408620834351,0
63.80411767959595,0
63.80420517921448,0
63.82393789291382,0
63.82459878921509,0
63.824631452560425,0
63.842928409576416,0
63.84440612792969,0
63.84457778930664,0
63.84494376182556,0
63.84683775901794,0
63.84686326980591,0
63.84687328338623,0
63.84688878059387,0
63.84875416755676,0
63.84878182411194,0
63.84882926940918,0
63.8491952419281,0
63.85968232154846,0
63.860772132873535,0
63.86266493797302,0
63.86641573905945,0
63.86645293235779,0
63.86649298667908,0
63.87747097015381,0
63.881896018981934,0
63.88192367553711,0
63.8819375038147,0
63.8819522857666,0
63.88547730445862,0
63.8854968547821,0
63.88585329055786,0
63.88674855232239,0
63.886765003204346,0
63.88758826255798,0
63.88762307167053,0
63.88763761520386,0
63.89131140708923,0
63.891374588012695,0
63.90515947341919,0
63.90519380569458,0
63.90520787239075,0
63.90579295158386,0
63.92754793167114,0
63.92758131027222,0
63.927610635757446,0
63.93873167037964,0
63.93876695632935,0
63.93880605697632,0
63.93882489204407,0
63.94278597831726,0
63.94281983375549,0
63.94286918640137,0
63.94565415382385,0
63.945680141448975,0
63.94572019577026,0
63.94575929641724,0
63.94938540458679,0
63.94940185546875,0
63.94941782951355,0
63.953192472457886,0
63.95322036743164,0
63.95324635505676,0
63.95655798912048,0
63.9573118686676,0
63.95734024047852,0
63.95780038833618,0
63.9770827293396,0
63.977110862731934,0
63.977135181427,0
63.98250102996826,0
63.98251724243164,0
63.98325824737549,0
63.983277320861816,0
63.98328542709351,0
63.98329162597656,0
63.98493218421936,0
63.98494601249695,0
63.98495936393738,0
63.98679208755493,0
63.986804485321045,0
63.99176502227783,0
63.99177837371826,0
63.99712657928467,0
63.997151374816895,0
63.99718356132507,0
64.01757144927979,0
64.01759743690491,0
64.01763010025024,0
64.03693342208862,0
64.03697466850281,0
64.03698539733887,0
64.04812598228455,0
64.05133032798767,0
64.05229711532593,0
64.0523772239685,0
64.05239295959473,0
64.05451941490173,0
64.05455875396729,0
64.05502367019653,0
64.05591082572937,0
64.0568835735321,0
64.05691361427307,0
64.05708456039429,0
64.07578420639038,0
64.0771586894989,0
64.07719278335571,0
64.07724499702454,0
64.08105063438416,0
64.08139562606812,0
64.08147025108337,0
64.0827522277832,0
64.08292722702026,0
64.08298087120056,0
64.08304905891418,0
64.08703303337097,0
64.0873167514801,0
64.08881044387817,0
64.08887076377869,0
64.09720373153687,0
64.09723973274231,0
64.0975775718689,0
64.10494136810303,0
64.1175012588501,0
64.11755013465881,0
64.11760997772217,0
64.12735533714294,0
64.12876415252686,0
64.13745975494385,0
64.13750743865967,0
64.13764762878418,0
64.15823888778687,0
64.15829563140869,0
64.15838027000427,0
64.177499294281,0
64.17754483222961,0
64.17786717414856,0
64.18592977523804,0
64.18595671653748,0
64.18723750114441,0
64.18726825714111,0
64.18734073638916,0
64.18740248680115,0
64.19712090492249,0
64.19714999198914,0
64.19723892211914,0
64.21697902679443,0
64.21700525283813,0
64.21701526641846,0
64.23702883720398,0
64.23704671859741,0
64.23706126213074,0
64.24326872825623,0
64.24328327178955,0
64.24379324913025,0
64.24441194534302,0
64.24616003036499,0
64.24677801132202,0
64.25322270393372,0
64.25322461128235,0
64.25399565696716,0
64.25473141670227,0
64.25553679466248,0
64.25556445121765,0
64.25566077232361,0
64.25567626953125,0
64.25712299346924,0
64.25714087486267,0
64.25716233253479,0
64.27745127677917,0
64.2774887084961,0
64.27750849723816,0
64.28346657752991,0
64.28350496292114,0
64.28405356407166,0
64.28524684906006,0
64.28785371780396,0
64.28788733482361,0
64.28795766830444,0
64.28807878494263,0
64.28948307037354,0
64.29723191261292,0
64.29724025726318,0
64.29727220535278,0
64.30062007904053,0
64.30468201637268,0
64.30470657348633,0
64.30525040626526,0
64.3064546585083,0
64.3064911365509,0
64.30797100067139,0
64.30802321434021,0
64.31166052818298,0
64.31706690788269,0
64.31708812713623,0
64.31718826293945,0
64.32925176620483,0
64.32954668998718,0
64.32957172393799,0
64.3296172618866,0
64.33100628852844,0
64.33101606369019,0
64.33118510246277,0
64.33722829818726,0
64.33727049827576,0
64.33731079101562,0
64.34543085098267,0
64.35839438438416,0
64.3599693775177,0
64.36004614830017,0
64.37710213661194,0
64.37713599205017,0
64.37714958190918,0
64.39734530448914,0
64.39739322662354,0
64.39740419387817,0
64.39797854423523,0
64.39799094200134,0
64.40146112442017,0
64.40147233009338,0
64.40151309967041,0
64.40158271789551,0
64.40577387809753,0
64.40578007698059,0
64.40581321716309,0
64.40798830986023,0
64.40799331665039,0
64.41002750396729,0
64.41004037857056,0
64.41556286811829,0
64.41748714447021,0
64.41751432418823,0
64.41754817962646,0
64.4351909160614,0
64.436763048172,0
64.43678855895996,0
64.43680119514465,0
64.43691349029541,0
64.43745446205139,0
64.43746519088745,0
64.43746876716614,0
64.43775844573975,0
64.43810629844666,0
64.4410891532898,0
64.44111800193787,0
64.44112873077393,0
64.44113874435425,0
64.4415807723999,0
64.44160437583923,0
64.44161891937256,0
64.44560408592224,0
64.4568862915039,0
64.45692610740662,0
64.46983861923218,0
64.47193813323975,0
64.47197079658508,0
64.47198677062988,0
64.47374248504639,0
64.47377181053162,0
64.47382974624634,0
64.47750091552734,0
64.47753405570984,0
64.4775960445404,0
64.4886372089386,0
64.48866677284241,0
64.49027276039124,0
64.49033427238464,0
64.49101066589355,0
64.49695324897766,0
64.49698281288147,0
64.49704122543335,0
64.51390886306763,0
64.51489281654358,0
64.51691842079163,0
64.5169324874878,0
64.51703119277954,0
64.52838897705078,0
64.5284252166748,0
64.52844142913818,0
64.52849197387695,0
64.53711223602295,0
64.53714871406555,0
64.53716444969177,0
64.55521535873413,0
64.55524492263794,0
64.5558934211731,0
64.55688166618347,0
64.55790591239929,0
64.55795073509216,0
64.55797362327576,0
64.56784915924072,0
64.57341575622559,0
64.57487225532532,0
64.57493424415588,0
64.5756311416626,0
64.5756528377533,0
64.57577347755432,0
64.57579374313354,0
64.5769624710083,0
64.57760572433472,0
64.57763576507568,0
64.57765078544617,0
64.58470916748047,0
64.58503413200378,0
64.59797072410583,0
64.59799814224243,0
64.59802150726318,0
64.6085615158081,0
64.60868215560913,0
64.61056351661682,0
64.61686897277832,0
64.61712956428528,0
64.61716341972351,0
64.63386750221252,0
64.63411331176758,0
64.6344153881073,0
64.63451623916626,0
64.63526368141174,0
64.63547825813293,0
64.63604354858398,0
64.63665652275085,0
64.63839435577393,0
64.63841962814331,0
64.6384482383728,0
64.64868998527527,0
64.65703654289246,0
64.65705275535583,0
64.65706181526184,0
64.6735291481018,0
64.6769769191742,0
64.67701029777527,0
64.67707681655884,0
64.67862296104431,0
64.67865633964539,0
64.67870283126831,0
64.67874646186829,0
64.68244647979736,0
64.68245124816895,0
64.68249344825745,0
64.6899425983429,0
64.68999576568604,0
64.6928162574768,0
64.69285106658936,0
64.69759058952332,0
64.69762921333313,0
64.69764447212219,0
64.70751667022705,0
64.70782113075256,0
64.70784854888916,0
64.7082188129425,0
64.70856618881226,0
64.70893549919128,0
64.70900511741638,0
64.71733117103577,0
64.71738600730896,0
64.71757173538208,0
64.7460606098175,0
64.75043296813965,0
64.75046515464783,0
64.75057816505432,0
64.77133536338806,0
64.77137613296509,0
64.77139735221863,0
64.77662873268127,0
64.77665185928345,0
64.77897047996521,0
64.77898502349854,0
64.77922821044922,0
64.77947664260864,0
64.79060530662537,0
64.79118013381958,0
64.79212713241577,0
64.80249691009521,0
64.80250930786133,0
64.80277276039124,0
64.80534529685974,0
64.80540657043457,0
64.80541324615479,0
64.80645275115967,0
64.80723023414612,0
64.80791211128235,0
64.81287670135498,0
64.81289267539978,0
64.8129460811615,0
64.81296300888062,0
64.824303150177,0
64.82432770729065,0
64.82434058189392,0
64.84428524971008,0
64.84431219100952,0
64.84432578086853,0
64.84571051597595,0
64.85017895698547,0
64.8501968383789,0
64.85073447227478,0
64.85076069831848,0
64.85082864761353,0
64.85110878944397,0
64.85129141807556,0
64.85157465934753,0
64.85462307929993,0
64.85536217689514,0
64.86417841911316,0
64.86436033248901,0
64.8644688129425,0
64.8775954246521,0
64.8789222240448,0
64.88024139404297,0
64.88043284416199,0
64.88149642944336,0
64.88151478767395,0
64.88179469108582,0
64.88208293914795,0
64.88214087486267,0
64.88321447372437,0
64.88328003883362,0
64.88707232475281,0
64.88709926605225,0
64.88711094856262,0
64.90638256072998,0
64.90638780593872,0
64.90641927719116,0
64.91478967666626,0
64.91817021369934,0
64.91942119598389,0
64.91943430900574,0
64.91944766044617,0
64.9194724559784,0
64.91952705383301,0
64.92027163505554,0
64.924485206604,0
64.9245126247406,0
64.92452359199524,0
64.92666172981262,0
64.9266893863678,0
64.9267029762268,0
64.92672848701477,0
64.92826271057129,0
64.92827844619751,0
64.9282956123352,0
64.93701028823853,0
64.9370391368866,0
64.9370687007904,0
64.95711159706116,0
64.95715355873108,0
64.95724511146545,0
64.96198296546936,0
64.96864891052246,0
64.9686849117279,0
64.96873879432678,0
64.9688241481781,0
64.9729642868042,0
64.97300815582275,0
64.97556471824646,0
64.97563457489014,0
64.97566843032837,0
64.9779417514801,0
64.97798657417297,0
64.97798919677734,0
64.98368573188782,0
64.98371434211731,0
64.98688507080078,0
64.9869704246521,0
64.98785877227783,0
65.00572609901428,0
65.00586605072021,0
65.00587296485901,0
65.01201486587524,0
65.01238775253296,0
65.01361131668091,0
65.01435971260071,0
65.01475524902344,0
65.01477837562561,0
65.01541566848755,0
65.01771330833435,0
65.01809358596802,0
65.01856732368469,0
65.0185935497284,0
65.01860404014587,0
65.02680659294128,0
65.03703689575195,0
65.03706479072571,0
65.03783941268921,0
65.05638861656189,0
65.0564455986023,0
65.05646085739136,0
65.05653548240662,0
65.05944967269897,0
65.05944991111755,0
65.06163096427917,0
65.06169104576111,0
65.06173610687256,0
65.06175565719604,0
65.0617926120758,0
65.0631730556488,0
65.06684589385986,0
65.07700419425964,0
65.07704043388367,0
65.07705616950989,0
65.08632850646973,0
65.08643555641174,0
65.08794641494751,0
65.08796691894531,0
65.09722518920898,0
65.09765815734863,0
65.09784579277039,0
65.1170928478241,0
65.11714839935303,0
65.11726117134094,0
65.12332224845886,0
65.12792158126831,0
65.12817692756653,0
65.1284396648407,0
65.12847328186035,0
65.13067936897278,0
65.13103866577148,0
65.13141942024231,0
65.13152122497559,0
65.13457345962524,0
65.1356770992279,0
65.1375298500061,0
65.13764882087708,0
65.1377522945404,0
65.15771770477295,0
65.1577672958374,0
65.15878653526306,0
65.16077542304993,0
65.16096186637878,0
65.16112327575684,0
65.16115522384644,0
65.16947507858276,0
65.16954493522644,0
65.16964793205261,0
65.1699390411377,0
65.16998934745789,0
65.17016553878784,0
65.17020750045776,0
65.17085862159729,0
65.17092061042786,0
65.17099118232727,0
65.17780423164368,0
65.17781496047974,0
65.17799115180969,0
65.1906807422638,0
65.19072675704956,0
65.19220662117004,0
65.19226145744324,0
65.20533418655396,0
65.20564484596252,0
65.20566892623901,0
65.21479988098145,0
65.2251398563385,0
65.22516894340515,0
65.2251832485199,0
65.2251946926117,0
65.22520470619202,0
65.22616577148438,0
65.22634530067444,0
65.22636556625366,0
65.22641086578369,0
65.24496293067932,0
65.2449939250946,0
65.24503016471863,0
65.25695204734802,0
65.25698757171631,0
65.2571234703064,0
65.2648503780365,0
65.26852679252625,0
65.26856660842896,0
65.26859498023987,0
65.28707242012024,0
65.28711771965027,0
65.28713488578796,0
65.30915451049805,0
65.30919289588928,0
65.30925464630127,0
65.32580018043518,0
65.32582902908325,0
65.32630109786987,0
65.32633018493652,0
65.3299617767334,0
65.32999992370605,0
65.33160424232483,0
65.3316376209259,0
65.3317084312439,0
65.33313131332397,0
65.33316159248352,0
65.33677434921265,0
65.33681416511536,0
65.33830213546753,0
65.3426399230957,0
65.3426582813263,0
65.34271311759949,0
65.34705591201782,0
65.34709644317627,0
65.34711217880249,0
65.34787511825562,0
65.36638021469116,0
65.36641263961792,0
65.36641502380371,0
65.38414812088013,0
65.38416051864624,0
65.38511991500854,0
65.38514828681946,0
65.38515830039978,0
65.38594794273376,0
65.38596320152283,0
65.38603615760803,0
65.38607263565063,0
65.38996815681458,0
65.38998246192932,0
65.39004325866699,0
65.39090752601624,0
65.39093255996704,0
65.39277648925781,0
65.39282631874084,0
65.39413261413574,0
65.40480065345764,0
65.40482974052429,0
65.40487170219421,0
65.41502380371094,0
65.4150903224945,0
65.41512203216553,0
65.41518592834473,0
65.4198865890503,0
65.42228746414185,0
65.42231607437134,0
65.42463421821594,0
65.42464423179626,0
65.4246551990509,0
65.42465662956238,0
65.42466878890991,0
65.42467284202576,0
65.42467713356018,0
65.4255678653717,0
65.42558860778809,0
65.4257800579071,0
65.43475103378296,0
65.43760204315186,0
65.43761324882507,0
65.4394781589508,0
65.43997740745544,0
65.43999218940735,0
65.44003653526306,0
65.44011902809143,0
65.4401273727417,0
65.44013524055481,0
65.44068145751953,0
65.4440655708313,0
65.45705676078796,0
65.4570963382721,0
65.45716333389282,0
65.47821044921875,0
65.4782440662384,0
65.47829508781433,0
65.48154807090759,0
65.48156404495239,0
65.48157906532288,0
65.48639631271362,0
65.4868106842041,0
65.4868631362915,0
65.48687982559204,0
65.4869270324707,0
65.48697137832642,0
65.4881980419159,0
65.48845911026001,0
65.4970543384552,0
65.49708342552185,0
65.49712491035461,0
65.51354360580444,0
65.51557850837708,0
65.5163996219635,0
65.51706719398499,0
65.51708817481995,0
65.51710319519043,0
65.53701710700989,0
65.53704786300659,0
65.5370500087738,0
65.55690550804138,0
65.55692505836487,0
65.55692934989929,0
65.55694460868835,0
65.55782341957092,0
65.55784130096436,0
65.55791902542114,0
65.56142210960388,0
65.56149101257324,0
65.56159687042236,0
65.56161689758301,0
65.56308150291443,0
65.56342720985413,0
65.57721781730652,0
65.57724356651306,0
65.57725834846497,0
65.57838010787964,0
65.57839250564575,0
65.57949995994568,0
65.57952356338501,0
65.57955765724182,0
65.57959818840027,0
65.58239412307739,0
65.58249354362488,0
65.58251094818115,0
65.58586430549622,0
65.5858895778656,0
65.58739972114563,0
65.58742260932922,0
65.59744548797607,0
65.5974690914154,0
65.59748125076294,0
65.61812686920166,0
65.61815452575684,0
65.61816549301147,0
65.63515830039978,0
65.63848948478699,0
65.63850808143616,0
65.63852405548096,0
65.64403176307678,0
65.64405584335327,0
65.64406871795654,0
65.64408040046692,0
65.64598631858826,0
65.64598655700684,0
65.6464273929596,0
65.648442029953,0
65.64847040176392,0
65.64852619171143,0
65.64853882789612,0
65.64997386932373,0
65.64999890327454,0
65.65009331703186,0
65.65687823295593,0
65.65690493583679,0
65.65691757202148,0
65.6772620677948,0
65.67729830741882,0
65.67746233940125,0
65.6823570728302,0
65.68669295310974,0
65.68672609329224,0
65.68674087524414,0
65.6867573261261,0
65.68894720077515,0
65.68907761573792,0
65.689870595932,0
65.68994474411011,0
65.69027638435364,0
65.69152569770813,0
65.69157481193542,0
65.70867586135864,0
65.7089490890503,0
65.70897889137268,0
65.70972228050232,0
65.71007657051086,0
65.71126818656921,0
65.71496343612671,0
65.71497893333435,0
65.71506452560425,0
65.71507859230042,0
65.71731877326965,0
65.71741223335266,0
65.71796774864197,0
65.72454810142517,0
65.72748398780823,0
65.72752213478088,0
65.72753477096558,0
65.74439883232117,0
65.74442839622498,0
65.7444396018982,0
65.76632761955261,0
65.76647090911865,0
65.76659727096558,0
65.78017473220825,0
65.78018927574158,0
65.78156805038452,0
65.78158044815063,0
65.78159141540527,0
65.78160357475281,0
65.78331303596497,0
65.78332829475403,0
65.78336429595947,0
65.78551316261292,0
65.78553223609924,0
65.78714776039124,0
65.78717470169067,0
65.78723359107971,0
65.79037737846375,0
65.79039001464844,0
65.79073858261108,0
65.80406928062439,0
65.80408668518066,0
65.80409646034241,0
65.80962467193604,0
65.80963635444641,0
65.80964612960815,0
65.80965733528137,0
65.8111822605133,0
65.81119751930237,0
65.81125020980835,0
65.82690215110779,0
65.82692313194275,0
65.82697558403015,0
65.83032560348511,0
65.8319525718689,0
65.84394216537476,0
65.84396147727966,0
65.84397482872009,0
65.84622836112976,0
65.86417698860168,0
65.86419439315796,0
65.8642201423645,0
65.88377213478088,0
65.88380098342896,0
65.88491868972778,0
65.88493824005127,0
65.8861916065216,0
65.88699269294739,0
65.8870198726654,0
65.89076590538025,0
65.89104676246643,0
65.89127922058105,0
65.89222717285156,0
65.89226007461548,0
65.89231467247009,0
65.89232754707336,0
65.89321398735046,0
65.89324307441711,0
65.89341020584106,0
65.89425754547119,0
65.89428448677063,0
65.89526581764221,0
65.89532589912415,0
65.89782094955444,0
65.90519094467163,0
65.90522074699402,0
65.90533542633057,0
65.90535473823547,0
65.90794515609741,0
65.90796089172363,0
65.90800476074219,0
65.91702508926392,0
65.91705369949341,0
65.917076587677,0
65.93396306037903,0
65.93399024009705,0
65.93408441543579,0
65.94812226295471,0
65.9481737613678,0
65.94817805290222,0
65.95812177658081,0
65.97062110900879,0
65.9706597328186,0
65.97069764137268,0
65.97858476638794,0
65.97862386703491,0
65.98110151290894,0
65.98114156723022,0
65.98115062713623,0
65.98115992546082,0
65.98384618759155,0
65.98387384414673,0
65.98389172554016,0
65.98685693740845,0
65.98688745498657,0
65.99155235290527,0
65.99156665802002,0
65.9940836429596,0
65.99458169937134,0
65.9946060180664,0
65.99513030052185,0
66.00551319122314,0
66.00552940368652,0
66.0055718421936,0
66.0087034702301,0
66.00871682167053,0
66.00872683525085,0
66.00875806808472,0
66.01310396194458,0
66.01333570480347,0
66.0134391784668,0
66.02395367622375,0
66.0239953994751,0
66.02446293830872,0
66.02865219116211,0
66.04369330406189,0
66.04372119903564,0
66.04382705688477,0
66.0570821762085,0
66.0570969581604,0
66.0571072101593,0
66.05711817741394,0
66.05928754806519,0
66.05934858322144,0
66.05936527252197,0
66.05941128730774,0
66.06038045883179,0
66.06611561775208,0
66.06614351272583,0
66.0661985874176,0
66.06965231895447,0
66.0705509185791,0
66.07057499885559,0
66.0719964504242,0
66.07202005386353,0
66.08494091033936,0
66.08494520187378,0
66.08497953414917,0
66.08973789215088,0
66.1073830127716,0
66.10741758346558,0
66.10822200775146,0
66.12739396095276,0
66.12750339508057,0
66.12752151489258,0
66.13486909866333,0
66.13489985466003,0
66.13491797447205,0
66.13515830039978,0
66.13793325424194,0
66.13795280456543,0
66.13797307014465,0
66.14048671722412,0
66.14051008224487,0
66.14051866531372,0
66.14055514335632,0
66.14279437065125,0
66.14294767379761,0
66.1429717540741,0
66.14962410926819,0
66.15254807472229,0
66.15257334709167,0
66.15259265899658,0
66.15731000900269,0
66.15744471549988,0
66.15746879577637,0
66.15881991386414,0
66.15898513793945,0
66.15900254249573,0
66.15907788276672,0
66.1787965297699,0
66.17880988121033,0
66.17917656898499,0
66.18186807632446,0
66.18456053733826,0
66.18601632118225,0
66.18604016304016,0
66.18605136871338,0
66.19451403617859,0
66.19454860687256,0
66.19717741012573,0
66.19718885421753,0
66.19846320152283,0
66.20538854598999,0
66.2054226398468,0
66.20590782165527,0
66.21088171005249,0
66.21117162704468,0
66.21197152137756,0
66.21199679374695,0
66.21200108528137,0
66.21516680717468,0
66.21533298492432,0
66.21534466743469,0
66.2153537273407,0
66.22852849960327,0
66.22853922843933,0
66.22855377197266,0
66.22948288917542,0
66.23083853721619,0
66.2436306476593,0
66.24366927146912,0
66.24368023872375,0
66.24724006652832,0
66.25162672996521,0
66.25170230865479,0
66.2517397403717,0
66.25175452232361,0
66.26502990722656,0
66.26506209373474,0
66.26507639884949,0
66.26530075073242,0
66.26618003845215,0
66.26622653007507,0
66.28747773170471,0
66.2875120639801,0
66.287526845932,0
66.29267191886902,0
66.2927143573761,0
66.29465579986572,0
66.29469418525696,0
66.29609680175781,0
66.3069281578064,0
66.30695867538452,0
66.30712676048279,0
66.30970764160156,0
66.3097243309021,0
66.30973815917969,0
66.30981850624084,0
66.31290984153748,0
66.31292653083801,0
66.31294250488281,0
66.32517170906067,0
66.32520604133606,0
66.32522225379944,0
66.32662153244019,0
66.34827709197998,0
66.34830379486084,0
66.3485119342804,0
66.35830926895142,0
66.35836791992188,0
66.3583927154541,0
66.35849690437317,0
66.35853338241577,0
66.35857319831848,0
66.35864353179932,0
66.36931347846985,0
66.36934304237366,0
66.36939287185669,0
66.37509655952454,0
66.3751266002655,0
66.3751368522644,0
66.37515330314636,0
66.3776376247406,0
66.37763857841492,0
66.37777900695801,0
66.38429713249207,0
66.38433170318604,0
66.38434195518494,0
66.38517999649048,0
66.38518977165222,0
66.3887951374054,0
66.38883638381958,0
66.39704585075378,0
66.39704608917236,0
66.39706110954285,0
66.41334080696106,0
66.41685104370117,0
66.41689085960388,0
66.41690278053284,0
66.43817973136902,0
66.43820238113403,0
66.43821454048157,0
66.44463062286377,0
66.44466519355774,0
66.44628047943115,0
66.44650840759277,0
66.44652676582336,0
66.44656562805176,0
66.44839358329773,0
66.44840478897095,0
66.44842410087585,0
66.4494800567627,0
66.45287895202637,0
66.4529218673706,0
66.45301938056946,0
66.4530348777771,0
66.45649695396423,0
66.45650339126587,0
66.45729088783264,0
66.45730686187744,0
66.45734667778015,0
66.45769166946411,0
66.47765970230103,0
66.47769165039062,0
66.47770762443542,0
66.49043583869934,0
66.49046921730042,0
66.49470853805542,0
66.49471020698547,0
66.49474716186523,0
66.4993040561676,0
66.49937415122986,0
66.49941658973694,0
66.510005235672,0
66.51004481315613,0
66.51005935668945,0
66.51013922691345,0
66.51743745803833,0
66.5174732208252,0
66.51751828193665,0
66.53710961341858,0
66.53711318969727,0
66.5371618270874,0
66.54363989830017,0
66.54416418075562,0
66.5442476272583,0
66.5461196899414,0
66.54869556427002,0
66.5499587059021,0
66.5576753616333,0
66.55773186683655,0
66.55775761604309,0
66.55780482292175,0
66.55786323547363,0
66.55788254737854,0
66.55794501304626,0
66.57750749588013,0
66.57754564285278,0
66.5775637626648,0
66.58351469039917,0
66.58450484275818,0
66.58454394340515,0
66.58506178855896,0
66.58778357505798,0
66.59702324867249,0
66.59705352783203,0
66.59755778312683,0
66.5988039970398,0
66.59927225112915,0
66.60035157203674,0
66.6003806591034,0
66.6010992527008,0
66.60461211204529,0
66.60464787483215,0
66.61253523826599,0
66.61253929138184,0
66.61254954338074,0
66.61255168914795,0
66.61256051063538,0
66.61257195472717,0
66.61257576942444,0
66.61480712890625,0
66.61482238769531,0
66.61525917053223,0
66.61540269851685,0
66.61847162246704,0
66.61850023269653,0
66.61850929260254,0
66.63237023353577,0
66.63239789009094,0
66.63241362571716,0
66.63243675231934,0
66.63743853569031,0
66.63746953010559,0
66.6374819278717,0
66.64718437194824,0
66.64719605445862,0
66.6472339630127,0
66.64728164672852,0
66.6492862701416,0
66.64933133125305,0
66.64934468269348,0
66.65695452690125,0
66.65698027610779,0
66.65699505805969,0
66.6731071472168,0
66.67314076423645,0
66.6750226020813,0
66.67507290840149,0
66.6758394241333,0
66.67833399772644,0
66.6786515712738,0
66.67867946624756,0
66.69278001785278,0
66.6943507194519,0
66.6943850517273,0
66.69438695907593,0
66.69462561607361,0
66.69464826583862,0
66.69466614723206,0
66.6968674659729,0
66.6975040435791,0
66.6975417137146,0
66.6975793838501,0
66.71490287780762,0
66.71708273887634,0
66.7170979976654,0
66.7177402973175,0
66.71891760826111,0
66.72321462631226,0
66.72350239753723,0
66.72353029251099,0
66.72373700141907,0
66.72879528999329,0
66.72882437705994,0
66.72940468788147,0
66.73806977272034,0
66.73810315132141,0
66.73811721801758,0
66.74982571601868,0
66.75360345840454,0
66.75371408462524,0
66.75704383850098,0
66.7571439743042,0
66.75716018676758,0
66.7779176235199,0
66.77796530723572,0
66.7780122756958,0
66.79427576065063,0
66.79430723190308,0
66.79432249069214,0
66.79435968399048,0
66.7976975440979,0
66.79773235321045,0
66.79774618148804,0
66.7980568408966,0
66.7980899810791,0
66.79828071594238,0
66.80131769180298,0
66.8013367652893,0
66.81375861167908,0
66.81376433372498,0
66.81387543678284,0
66.81711769104004,0
66.81714749336243,0
66.81715893745422,0
66.83292818069458,0
66.83294200897217,0
66.83295178413391,0
66.83344864845276,0
66.83565425872803,0
66.8356659412384,0
66.83639597892761,0
66.83754777908325,0
66.83759951591492,0
66.83761501312256,0
66.83763289451599,0
66.83765006065369,0
66.83766388893127,0
66.8376772403717,0
66.84764504432678,0
66.8478651046753,0
66.84789228439331,0
66.84810733795166,0
66.85732626914978,0
66.85763764381409,0
66.85763955116272,0
66.87121653556824,0
66.87124514579773,0
66.87125420570374,0
66.87125825881958,0
66.87135362625122,0
66.87193512916565,0
66.87198495864868,0
66.88436985015869,0
66.8843994140625,0
66.88446092605591,0
66.88648080825806,0
66.88650727272034,0
66.88810324668884,0
66.88814234733582,0
66.90673160552979,0
66.9067771434784,0
66.90679478645325,0
66.91884303092957,0
66.92488646507263,0
66.92663049697876,0
66.92821049690247,0
66.92824220657349,0
66.92837381362915,0
66.93193316459656,0
66.93225479125977,0
66.93225955963135,0
66.9322738647461,0
66.93490409851074,0
66.9349353313446,0
66.93493723869324,0
66.94448494911194,0
66.94719195365906,0
66.94722199440002,0
66.94723844528198,0
66.96805930137634,0
66.96812415122986,0
66.96812605857849,0
66.98215627670288,0
66.98217797279358,0
66.98218131065369,0
66.98219585418701,0
66.98220562934875,0
66.98222374916077,0
66.98351097106934,0
66.98362302780151,0
66.98367142677307,0
66.99073028564453,0
66.99073314666748,0
66.99076747894287,0
67.00065779685974,0
67.00193905830383,0
67.00621199607849,0
67.00622701644897,0
67.00708651542664,0
67.01026511192322,0
67.01029348373413,0
67.01050019264221,0
67.01587748527527,0
67.02487659454346,0
67.02490282058716,0
67.0249559879303,0
67.04336094856262,0
67.04373240470886,0
67.04375433921814,0
67.04380583763123,0
67.04649662971497,0
67.04651808738708,0
67.04652738571167,0
67.0465304851532,0
67.04786157608032,0
67.04821300506592,0
67.04882907867432,0
67.04933905601501,0
67.05155992507935,0
67.0648283958435,0
67.06483960151672,0
67.06485033035278,0
67.0664632320404,0
67.06737899780273,0
67.08339262008667,0
67.08353567123413,0
67.08355164527893,0
67.08356547355652,0
67.08632135391235,0
67.08638787269592,0
67.08642840385437,0
67.10555696487427,0
67.10558986663818,0
67.10560297966003,0
67.12511992454529,0
67.12513542175293,0
67.12648630142212,0
67.12787342071533,0
67.12791085243225,0
67.12911343574524,0
67.12912702560425,0
67.129141330719,0
67.12921023368835,0
67.12926173210144,0
67.13076162338257,0
67.1307864189148,0
67.13079857826233,0
67.13083243370056,0
67.13177943229675,0
67.13180112838745,0
67.13186192512512,0
67.13195204734802,0
67.14014339447021,0
67.14016652107239,0
67.14017724990845,0
67.14227414131165,0
67.14355874061584,0
67.14360928535461,0
67.14362692832947,0
67.14665579795837,0
67.14708352088928,0
67.14710712432861,0
67.14713191986084,0
67.15709185600281,0
67.15712666511536,0
67.15713024139404,0
67.18628358840942,0
67.18680000305176,0
67.1880271434784,0
67.19048523902893,0
67.19053220748901,0
67.1908507347107,0
67.19088411331177,0
67.1915533542633,0
67.19159245491028,0
67.191721200943,0
67.19174385070801,0
67.19206404685974,0
67.1930775642395,0
67.19317698478699,0
67.19372916221619,0
67.19379138946533,0
67.2081823348999,0
67.2082290649414,0
67.20824599266052,0
67.21608328819275,0
67.21882343292236,0
67.22001886367798,0
67.22840762138367,0
67.22843766212463,0
67.22846531867981,0
67.23777437210083,0
67.23798680305481,0
67.2379949092865,0
67.23800873756409,0
67.23802137374878,0
67.23802423477173,0
67.23809933662415,0
67.24626588821411,0
67.24629402160645,0
67.2463047504425,0
67.2658429145813,0
67.26843070983887,0
67.26845932006836,0
67.26847386360168,0
67.28924703598022,0
67.28928709030151,0
67.28930306434631,0
67.2968635559082,0
67.30162262916565,0
67.30176973342896,0
67.30179643630981,0
67.30187678337097,0
67.30217146873474,0
67.30218577384949,0
67.30317759513855,0
67.30385947227478,0
67.30391812324524,0
67.30832767486572,0
67.30833005905151,0
67.31284379959106,0
67.31288051605225,0
67.31377840042114,0
67.31982493400574,0
67.32008481025696,0
67.32021594047546,0
67.32032537460327,0
67.32500147819519,0
67.32502055168152,0
67.32551670074463,0
67.33055472373962,0
67.33061051368713,0
67.33064651489258,0
67.34686017036438,0
67.34689450263977,0
67.34690952301025,0
67.35343956947327,0
67.35354089736938,0
67.35367178916931,0
67.3536925315857,0
67.35575985908508,0
67.35580587387085,0
67.35597443580627,0
67.356858253479,0
67.36814665794373,0
67.36818242073059,0
67.36824607849121,0
67.37287616729736,0
67.37289428710938,0
67.37477159500122,0
67.37495374679565,0
67.37511324882507,0
67.37511730194092,0
67.37687683105469,0
67.37717652320862,0
67.37731456756592,0
67.37761402130127,0
67.37795829772949,0
67.37799119949341,0
67.386549949646,0
67.38659238815308,0
67.38869142532349,0
67.38873171806335,0
67.3975477218628,0
67.39765453338623,0
67.39774656295776,0
