t,anomaly_label
0.0,0
1.9073486328125e-05,0
0.0097126960754394,0
0.0097532272338867,0
0.0220885276794433,0
0.0221388339996337,0
0.0222282409667968,0
0.0232791900634765,0
0.0270123481750488,0
0.0274312496185302,0
0.0299139022827148,0
0.0300014019012451,0
0.0423560142517089,0
0.0424456596374511,0
0.0442712306976318,0
0.0501892566680908,0
0.0501916408538818,0
0.0502140522003173,0
0.0521740913391113,0
0.0545663833618164,0
0.0547349452972412,0
0.0639615058898925,0
0.0640704631805419,0
0.0641062259674072,0
0.0660016536712646,0
0.0732107162475586,0
0.0732622146606445,0
0.0733585357666015,0
0.0906121730804443,0
0.0906202793121337,0
0.0906744003295898,0
0.0922577381134033,0
0.0922868251800537,0
0.0923008918762207,0
0.0991625785827636,0
0.0995187759399414,0
0.0995650291442871,0
0.0996081829071044,0
0.0996601581573486,0
0.0997228622436523,0
0.1099319458007812,0
0.1099617481231689,0
0.1099629402160644,0
0.1214759349822998,0
0.1228094100952148,0
0.1233859062194824,0
0.1234147548675537,0
0.1253631114959716,0
0.1253654956817627,0
0.1254472732543945,0
0.1262927055358886,0
0.1280684471130371,0
0.1317405700683593,0
0.1323804855346679,0
0.132380723953247,0
0.1324098110198974,0
0.1337144374847412,0
0.1533420085906982,0
0.1533782482147216,0
0.15348482131958,0
0.1584393978118896,0
0.1627595424652099,0
0.1628105640411377,0
0.1639678478240966,0
0.1641523838043213,0
0.1642179489135742,0
0.1644918918609619,0
0.1686441898345947,0
0.1686687469482422,0
0.1694617271423339,0
0.1735298633575439,0
0.173551321029663,0
0.1736483573913574,0
0.1851089000701904,0
0.1894271373748779,0
0.1919639110565185,0
0.1919848918914795,0
0.1920411586761474,0
0.1930716037750244,0
0.1931002140045166,0
0.1931643486022949,0
0.1972937583923339,0
0.1974756717681884,0
0.1975598335266113,0
0.2132980823516845,0
0.2133305072784423,0
0.2137768268585205,0
0.2314138412475586,0
0.2314391136169433,0
0.2334208488464355,0
0.233478307723999,0
0.234205961227417,0
0.2342426776885986,0
0.2342596054077148,0
0.2356355190277099,0
0.2358396053314209,0
0.2358677387237548,0
0.2358825206756591,0
0.2380647659301757,0
0.2380924224853515,0
0.2381048202514648,0
0.23881196975708,0
0.2493810653686523,0
0.2493982315063476,0
0.2494146823883056,0
0.2494776248931884,0
0.2498860359191894,0
0.2499070167541504,0
0.2499947547912597,0
0.2539739608764648,0
0.2559022903442383,0
0.2559652328491211,0
0.2560341358184814,0
0.2660043239593506,0
0.2663331031799316,0
0.2753632068634033,0
0.275404691696167,0
0.2755823135375976,0
0.2873752117156982,0
0.2874279022216797,0
0.287468671798706,0
0.2875082492828369,0
0.287550687789917,0
0.2875964641571045,0
0.2876381874084472,0
0.2930464744567871,0
0.2930824756622314,0
0.293107271194458,0
0.3084220886230469,0
0.3084392547607422,0
0.3084583282470703,0
0.3085453510284424,0
0.3131642341613769,0
0.31319260597229,0
0.3132507801055908,0
0.334423303604126,0
0.3345203399658203,0
0.3345944881439209,0
0.3556246757507324,0
0.3556714057922363,0
0.3557474613189697,0
0.3583595752716064,0
0.3652467727661133,0
0.3652729988098144,0
0.3671584129333496,0
0.3672974109649658,0
0.3673217296600342,0
0.3673441410064697,0
0.3732075691223144,0
0.3732285499572754,0
0.373288631439209,0
0.3747804164886474,0
0.3761460781097412,0
0.376187801361084,0
0.3762059211730957,0
0.3897230625152588,0
0.3912618160247803,0
0.391284704208374,0
0.3913002014160156,0
0.3943691253662109,0
0.3944032192230224,0
0.3953578472137451,0
0.3954517841339111,0
0.3954658508300781,0
0.3962595462799072,0
0.3986682891845703,0
0.3986687660217285,0
0.4011471271514892,0
0.4011619091033935,0
0.4122610092163086,0
0.4122905731201172,0
0.4123077392578125,0
0.4179964065551758,0
0.4343137741088867,0
0.4343595504760742,0
0.4344410896301269,0
0.4524149894714355,0
0.4524385929107666,0
0.4524621963500976,0
0.4525318145751953,0
0.4600017070770263,0
0.460026741027832,0
0.4600481986999511,0
0.4601497650146484,0
0.4604980945587158,0
0.4605453014373779,0
0.4652397632598877,0
0.4657661914825439,0
0.465801477432251,0
0.4668712615966797,0
0.4681105613708496,0
0.4681718349456787,0
0.4683332443237304,0
0.4740617275238037,0
0.4741067886352539,0
0.4741256237030029,0
0.4831993579864502,0
0.4832494258880615,0
0.4832708835601806,0
0.4837417602539062,0
0.4920165538787842,0
0.4925522804260254,0
0.4928734302520752,0
0.4940581321716308,0
0.4947433471679687,0
0.4975564479827881,0
0.4976096153259277,0
0.501500129699707,0
0.5077033042907715,0
0.5077219009399414,0
0.507788896560669,0
0.5078372955322266,0
0.5122182369232178,0
0.5122330188751221,0
0.5163311958312988,0
0.5163533687591553,0
0.5163669586181641,0
0.5181946754455566,0
0.53330397605896,0
0.5333428382873535,0
0.5334224700927734,0
0.5532214641571045,0
0.5532510280609131,0
0.553328275680542,0
0.5663845539093018,0
0.566502571105957,0
0.5685043334960938,0
0.5699231624603271,0
0.5699646472930908,0
0.570049524307251,0
0.5701546669006348,0
0.5701766014099121,0
0.5702486038208008,0
0.5753471851348877,0
0.5753865242004395,0
0.5754609107971191,0
0.5936014652252197,0
0.5936462879180908,0
0.5936880111694336,0
0.5972299575805664,0
0.5997729301452637,0
0.6008296012878418,0
0.6047184467315674,0
0.604743480682373,0
0.6061952114105225,0
0.6062307357788086,0
0.6133546829223633,0
0.6133959293365479,0
0.6134788990020752,0
0.6349954605102539,0
0.6365406513214111,0
0.6366622447967529,0
0.6368792057037354,0
0.6490204334259033,0
0.6490621566772461,0
0.6494824886322021,0
0.6495208740234375,0
0.6506922245025635,0
0.650733470916748,0
0.6510190963745117,0
0.6544735431671143,0
0.6545159816741943,0
0.6545405387878418,0
0.6801934242248535,0
0.6802349090576172,0
0.6803054809570312,0
0.6813056468963623,0
0.6857345104217529,0
0.685755729675293,0
0.6858108043670654,0
0.6858620643615723,0
0.6923031806945801,0
0.6923253536224365,0
0.69236159324646,0
0.6928222179412842,0
0.6928317546844482,0
0.6940598487854004,0
0.6954293251037598,0
0.6964015960693359,0
0.6964201927185059,0
0.6964526176452637,0
0.6965618133544922,0
0.6965785026550293,0
0.6968770027160645,0
0.701927900314331,0
0.7020254135131836,0
0.7052829265594482,0
0.7053744792938232,0
0.7084903717041016,0
0.7130222320556641,0
0.7131218910217285,0
0.713160514831543,0
0.730445146560669,0
0.730445384979248,0
0.7305173873901367,0
0.7466626167297363,0
0.7467327117919922,0
0.7486081123352051,0
0.7488527297973633,0
0.748878002166748,0
0.7489688396453857,0
0.7515771389007568,0
0.7515954971313477,0
0.7515997886657715,0
0.754265546798706,0
0.7543027400970459,0
0.7543714046478271,0
0.7616682052612305,0
0.7704827785491943,0
0.7704873085021973,0
0.7705349922180176,0
0.7705550193786621,0
0.7768049240112305,0
0.7768423557281494,0
0.7771010398864746,0
0.7955312728881836,0
0.7955710887908936,0
0.7955753803253174,0
0.8034412860870361,0
0.8034443855285645,0
0.8035087585449219,0
0.8035244941711426,0
0.8035807609558105,0
0.803596019744873,0
0.8036453723907471,0
0.804060697555542,0
0.8071167469024658,0
0.8076980113983154,0
0.8077256679534912,0
0.8081412315368652,0
0.8126175403594971,0
0.813992977142334,0
0.8140268325805664,0
0.826545000076294,0
0.8265628814697266,0
0.8266680240631104,0
0.8279669284820557,0
0.8297247886657715,0
0.8329861164093018,0
0.8330087661743164,0
0.8331098556518555,0
0.8378615379333496,0
0.8540961742401123,0
0.8542835712432861,0
0.8543179035186768,0
0.8664035797119141,0
0.8691859245300293,0
0.8692178726196289,0
0.8692929744720459,0
0.8712425231933594,0
0.8712751865386963,0
0.8723118305206299,0
0.8761732578277588,0
0.8761746883392334,0
0.8762218952178955,0
0.8907020092010498,0
0.8948955535888672,0
0.8992781639099121,0
0.8992979526519775,0
0.8993704319000244,0
0.8994178771972656,0
0.9127593040466307,0
0.9127871990203856,0
0.9127988815307616,0
0.9178612232208252,0
0.9181838035583496,0
0.9182069301605223,0
0.9185707569122314,0
0.9199955463409424,0
0.9200117588043212,0
0.9200124740600586,0
0.922313928604126,0
0.922361135482788,0
0.924196481704712,0
0.9244287014007568,0
0.92860746383667,0
0.928889274597168,0
0.928917407989502,0
0.9289231300354004,0
0.930006504058838,0
0.9303171634674072,0
0.930530309677124,0
0.9326882362365724,0
0.9327192306518556,0
0.9327826499938964,0
0.9386651515960692,0
0.9520835876464844,0
0.952136754989624,0
0.9523308277130128,0
0.9729743003845216,0
0.972975254058838,0
0.9743571281433104,0
0.9743905067443848,0
0.9755902290344238,0
0.975611448287964,0
0.9756264686584472,0
0.9781177043914796,0
0.9781560897827148,0
0.97957181930542,0
0.9795913696289062,0
0.979609489440918,0
0.9805824756622314,0
0.9895350933074952,0
0.990114450454712,0
0.9901180267333984,0
0.990814447402954,0
0.9929955005645752,0
0.9932291507720948,0
0.9938218593597412,0
0.9954404830932616,0
0.9954650402069092,0
0.9954769611358644,0
1.002873420715332,0
1.0049073696136477,0
1.0049126148223877,0
1.0078620910644531,0
1.0079567432403564,0
1.007976770401001,0
1.012789011001587,0
1.0128107070922852,0
1.0128421783447266,0
1.0128467082977295,0
1.0338540077209473,0
1.033876657485962,0
1.0338971614837646,0
1.0395915508270264,0
1.0547995567321775,0
1.0548357963562012,0
1.0548675060272217,0
1.0631070137023926,0
1.063157081604004,0
1.063215255737305,0
1.0632455348968506,0
1.0753390789031982,0
1.0754354000091553,0
1.0754501819610596,0
1.0875849723815918,0
1.0876479148864746,0
1.0876808166503906,0
1.0908567905426023,0
1.1044561862945557,0
1.104630947113037,0
1.104658603668213,0
1.1046757698059082,0
1.1067895889282229,0
1.1068062782287598,0
1.1069071292877195,0
1.1121809482574463,0
1.112199068069458,0
1.1138575077056885,0
1.113887071609497,0
1.1138916015625,0
1.116046667098999,0
1.1197872161865234,0
1.1338191032409668,0
1.1338417530059814,0
1.1338624954223633,0
1.1400389671325684,0
1.1540050506591797,0
1.1540446281433103,0
1.1543943881988523,0
1.1748952865600586,0
1.1749491691589355,0
1.1749708652496338,0
1.1914386749267578,0
1.1914689540863037,0
1.1974613666534424,0
1.1974878311157229,0
1.1975069046020508,0
1.197525978088379,0
1.1991901397705078,0
1.1992337703704834,0
1.1995172500610352,0
1.2033865451812744,0
1.203404664993286,0
1.2052884101867676,0
1.2064158916473389,0
1.2065351009368896,0
1.206614971160889,0
1.2068147659301758,0
1.213454008102417,0
1.2135281562805176,0
1.2144949436187744,0
1.2146272659301758,0
1.2146825790405271,0
1.2148618698120115,0
1.2159576416015625,0
1.2213714122772217,0
1.2214152812957764,0
1.2228162288665771,0
1.2229416370391846,0
1.2236907482147217,0
1.2355260848999023,0
1.2367160320281982,0
1.2367594242095947,0
1.2386736869812012,0
1.2497475147247314,0
1.2506368160247805,0
1.250981092453003,0
1.2510223388671875,0
1.2608001232147217,0
1.2608320713043213,0
1.2608497142791748,0
1.2609906196594238,0
1.2645306587219238,0
1.2645509243011477,0
1.2645742893218994,0
1.2651770114898682,0
1.268249273300171,0
1.270176887512207,0
1.2702958583831787,0
1.2703163623809814,0
1.2907984256744385,0
1.2954895496368408,0
1.295506715774536,0
1.2971916198730469,0
1.298426628112793,0
1.2993974685668943,0
1.2994320392608645,0
1.3000361919403076,0
1.3030180931091309,0
1.3030362129211426,0
1.3032286167144775,0
1.3221185207366943,0
1.3221449851989746,0
1.3223152160644531,0
1.3223624229431152,0
1.3223989009857178,0
1.3224704265594482,0
1.3224852085113523,0
1.3224995136260986,0
1.3225102424621582,0
1.322521448135376,0
1.3322455883026123,0
1.3323101997375488,0
1.3323349952697754,0
1.3496496677398682,0
1.349672794342041,0
1.3534648418426514,0
1.3534903526306152,0
1.3535387516021729,0
1.353626728057861,0
1.3542883396148682,0
1.354630708694458,0
1.354806423187256,0
1.3574764728546145,0
1.357654094696045,0
1.3576765060424805,0
1.3738172054290771,0
1.3738555908203125,0
1.3738765716552734,0
1.3930730819702148,0
1.3931050300598145,0
1.3931198120117188,0
1.3970184326171875,0
1.4022729396820068,0
1.4025592803955078,0
1.402893304824829,0
1.4032297134399414,0
1.4052352905273438,0
1.4055349826812744,0
1.4056541919708252,0
1.4056611061096191,0
1.4057025909423828,0
1.407170057296753,0
1.4072237014770508,0
1.4132816791534424,0
1.4133234024047852,0
1.4133381843566897,0
1.4134793281555176,0
1.413618087768555,0
1.4137811660766602,0
1.4138054847717283,0
1.4151177406311035,0
1.4170482158660889,0
1.417088270187378,0
1.419623613357544,0
1.433598518371582,0
1.4336397647857666,0
1.4337666034698486,0
1.441586971282959,0
1.4429795742034912,0
1.443629503250122,0
1.445873498916626,0
1.450132131576538,0
1.450317144393921,0
1.450361728668213,0
1.469486951828003,0
1.4700465202331543,0
1.470296859741211,0
1.471994161605835,0
1.4769694805145264,0
1.4775044918060305,0
1.477548360824585,0
1.4819130897521973,0
1.485440015792847,0
1.4921371936798096,0
1.492248773574829,0
1.4922726154327393,0
1.492849349975586,0
1.4973485469818115,0
1.4973843097686768,0
1.498767614364624,0
1.5155599117279053,0
1.5155961513519287,0
1.5156097412109375,0
1.5161139965057373,0
1.5164105892181396,0
1.516435146331787,0
1.5165326595306396,0
1.516664743423462,0
1.5166947841644287,0
1.51881742477417,0
1.53342866897583,0
1.5334641933441162,0
1.5334675312042236,0
1.542151689529419,0
1.553351879119873,0
1.553398370742798,0
1.553654432296753,0
1.5588581562042236,0
1.558879852294922,0
1.5646486282348633,0
1.5646965503692627,0
1.5647220611572266,0
1.5647950172424316,0
1.573979377746582,0
1.5742509365081787,0
1.574272394180298,0
1.588224172592163,0
1.588257074356079,0
1.588285207748413,0
1.595567226409912,0
1.595616579055786,0
1.5956799983978271,0
1.6059324741363523,0
1.613032579421997,0
1.6130733489990234,0
1.613334894180298,0
1.6239078044891355,0
1.623951435089111,0
1.6239731311798096,0
1.623995304107666,0
1.625910997390747,0
1.625941514968872,0
1.6347908973693848,0
1.634838342666626,0
1.6348683834075928,0
1.6461360454559326,0
1.646195650100708,0
1.647747278213501,0
1.6547529697418213,0
1.6550309658050537,0
1.6552999019622805,0
1.6577186584472656,0
1.674445629119873,0
1.6744847297668457,0
1.6745421886444092,0
1.6756913661956787,0
1.6824851036071775,0
1.6825084686279297,0
1.6825790405273438,0
1.6826045513153076,0
1.6880016326904297,0
1.688173770904541,0
1.6883065700531006,0
1.6898658275604248,0
1.6899940967559814,0
1.6900830268859863,0
1.6927170753479004,0
1.6930773258209229,0
1.693099021911621,0
1.6932144165039062,0
1.6989188194274902,0
1.6989314556121826,0
1.6994287967681885,0
1.7006874084472656,0
1.705364465713501,0
1.7119061946868896,0
1.7119576930999756,0
1.7119615077972412,0
1.7119762897491455,0
1.7137374877929688,0
1.717449188232422,0
1.7181262969970703,0
1.7181859016418457,0
1.7183680534362793,0
1.7201483249664309,0
1.720639705657959,0
1.7250123023986816,0
1.7251346111297607,0
1.7251946926116943,0
1.7298777103424072,0
1.7299039363861084,0
1.7299776077270508,0
1.750680923461914,0
1.750898838043213,0
1.753220796585083,0
1.7543015480041504,0
1.7543270587921145,0
1.754342555999756,0
1.7545225620269775,0
1.757007122039795,0
1.757061243057251,0
1.7575395107269287,0
1.7577965259552002,0
1.7579193115234375,0
1.7587065696716309,0
1.7607951164245603,0
1.7731759548187256,0
1.7732388973236084,0
1.7732913494110107,0
1.795618772506714,0
1.7956573963165283,0
1.7957096099853516,0
1.8077268600463867,0
1.8077585697174072,0
1.808295488357544,0
1.808321237564087,0
1.8083622455596924,0
1.8083972930908203,0
1.8084337711334229,0
1.808471441268921,0
1.8085081577301023,0
1.8085405826568604,0
1.8112101554870603,0
1.8112249374389648,0
1.814147472381592,0
1.814191818237305,0
1.814206838607788,0
1.8327157497406008,0
1.83275842666626,0
1.8328099250793457,0
1.8494412899017332,0
1.8539607524871824,0
1.853979587554932,0
1.8543002605438232,0
1.8562641143798828,0
1.8609857559204104,0
1.861039638519287,0
1.861358404159546,0
1.8619070053100584,0
1.8619303703308103,0
1.861947059631348,0
1.861968278884888,0
1.8669888973236084,0
1.8685100078582764,0
1.873746395111084,0
1.8737833499908447,0
1.8743298053741453,0
1.8960158824920652,0
1.8960599899291992,0
1.8960802555084229,0
1.896110773086548,0
1.896361351013184,0
1.897334098815918,0
1.897740602493286,0
1.9009885787963867,0
1.9018821716308596,0
1.902848243713379,0
1.9037628173828125,0
1.90423321723938,0
1.9119508266448972,0
1.9119737148284912,0
1.9120609760284424,0
1.9127051830291748,0
1.913515329360962,0
1.913541555404663,0
1.9171788692474363,0
1.9172122478485107,0
1.917225360870361,0
1.9200351238250728,0
1.9200501441955569,0
1.9200847148895264,0
1.921225309371948,0
1.928638696670532,0
1.92892861366272,0
1.9289543628692627,0
1.9289674758911133,0
1.9317121505737305,0
1.9317739009857176,0
1.9318208694458008,0
1.933261156082153,0
1.9332895278930664,0
1.933305025100708,0
1.943983554840088,0
1.950116872787476,0
1.9501430988311768,0
1.950304746627808,0
1.9701919555664065,0
1.9702661037445068,0
1.9713196754455569,0
1.9713373184204104,0
1.971689224243164,0
1.971712589263916,0
1.974525451660156,0
1.9745256900787356,0
1.974593162536621,0
1.9768030643463133,0
1.976855754852295,0
1.977431297302246,0
1.97808837890625,0
1.9925525188446045,0
1.9925603866577148,0
1.9940071105957031,0
1.994016170501709,0
1.9943301677703855,0
1.9956300258636477,0
1.99570107460022,0
2.001344680786133,0
2.009326457977295,0
2.009355068206787,0
2.0093696117401123,0
2.0094590187072754,0
2.0119528770446777,0
2.011964797973633,0
2.0122768878936768,0
2.0132076740264893,0
2.0132081508636475,0
2.0132343769073486,0
2.033604145050049,0
2.0336434841156006,0
2.034238576889038,0
2.0343029499053955,0
2.036897897720337,0
2.0396759510040283,0
2.049102067947388,0
2.049133539199829,0
2.049185037612915,0
2.0492377281188965,0
2.050333976745605,0
2.050367832183838,0
2.050420045852661,0
2.053546667098999,0
2.053586483001709,0
2.053649663925171,0
2.073767900466919,0
2.073852300643921,0
2.073854446411133,0
2.0785775184631348,0
2.0945935249328613,0
2.09464693069458,0
2.094857931137085,0
2.1136715412139893,0
2.11450457572937,0
2.1148366928100586,0
2.121955394744873,0
2.122007131576538,0
2.1220598220825195,0
2.1220951080322266,0
2.124408483505249,0
2.124567747116089,0
2.124567985534668,0
2.1265323162078857,0
2.126563549041748,0
2.128619909286499,0
2.1286652088165283,0
2.130270481109619,0
2.1305623054504395,0
2.130575180053711,0
2.1305863857269287,0
2.131502389907837,0
2.131612062454224,0
2.1316912174224854,0
2.1336703300476074,0
2.133702278137207,0
2.1337177753448486,0
2.140388965606689,0
2.1547000408172607,0
2.154745817184448,0
2.154828786849976,0
2.1706736087799072,0
2.1707260608673096,0
2.1707546710968018,0
2.173205137252808,0
2.17329216003418,0
2.178164482116699,0
2.1782114505767822,0
2.178236484527588,0
2.1782572269439697,0
2.178407669067383,0
2.178467035293579,0
2.178534030914306,0
2.1817777156829834,0
2.1925196647644043,0
2.1925551891326904,0
2.192669630050659,0
2.192695617675781,0
2.1963112354278564,0
2.1969802379608154,0
2.197021007537842,0
2.197920083999634,0
2.197956085205078,0
2.1979739665985107,0
2.200493812561035,0
2.200530529022217,0
2.203213691711426,0
2.2032315731048584,0
2.206651210784912,0
2.208496332168579,0
2.2143733501434326,0
2.214666843414306,0
2.214691162109375,0
2.2335128784179688,0
2.233529090881348,0
2.233623504638672,0
2.2354655265808105,0
2.248217821121216,0
2.2482588291168213,0
2.2485556602478027,0
2.250675916671753,0
2.253424882888794,0
2.2534830570220947,0
2.253546953201294,0
2.2560458183288574,0
2.257459878921509,0
2.2577152252197266,0
2.25830078125,0
2.258328914642334,0
2.274611473083496,0
2.2746593952178955,0
2.2746822834014893,0
2.2828245162963867,0
2.293445110321045,0
2.293494462966919,0
2.293727397918701,0
2.311837911605835,0
2.311872959136963,0
2.3119144439697266,0
2.333150148391724,0
2.333883762359619,0
2.3338944911956787,0
2.353670597076416,0
2.353713274002075,0
2.353745222091675,0
2.360391855239868,0
2.360493421554565,0
2.362266063690185,0
2.362314462661743,0
2.362752914428711,0
2.362781524658203,0
2.365147590637207,0
2.365168571472168,0
2.3665363788604736,0
2.368114948272705,0
2.368159055709839,0
2.3716611862182617,0
2.3716881275177,0
2.374040126800537,0
2.374744415283203,0
2.374773979187012,0
2.375326871871948,0
2.3816237449646,0
2.381864070892334,0
2.381886482238769,0
2.381898641586304,0
2.383876085281372,0
2.3839006423950195,0
2.383915662765503,0
2.394178867340088,0
2.394215583801269,0
2.394276857376098,0
2.3974177837371826,0
2.404952049255371,0
2.4049649238586426,0
2.405043601989746,0
2.4050605297088623,0
2.4073376655578613,0
2.407396078109741,0
2.4074361324310303,0
2.407508611679077,0
2.407556772232056,0
2.408846139907837,0
2.409024238586426,0
2.409923553466797,0
2.4099485874176025,0
2.4099512100219727,0
2.412541389465332,0
2.426210403442383,0
2.429492235183716,0
2.432563304901123,0
2.432602882385254,0
2.4326634407043457,0
2.444787979125977,0
2.44698429107666,0
2.447003126144409,0
2.44702410697937,0
2.4491288661956787,0
2.4492082595825195,0
2.449543237686157,0
2.453212261199951,0
2.45396089553833,0
2.453986167907715,0
2.474956750869751,0
2.4751033782958984,0
2.475132942199707,0
2.4809274673461914,0
2.487637758255005,0
2.4876811504364014,0
2.4877023696899414,0
2.487732172012329,0
2.4942636489868164,0
2.4943084716796875,0
2.49432635307312,0
2.504271984100342,0
2.504310131072998,0
2.5048820972442627,0
2.5069260597229004,0
2.507086753845215,0
2.514910697937012,0
2.5152957439422607,0
2.5155391693115234,0
2.524608850479126,0
2.524637460708618,0
2.526041269302368,0
2.528200149536133,0
2.531806468963623,0
2.5318286418914795,0
2.531933307647705,0
2.5527243614196777,0
2.552769422531128,0
2.552874565124512,0
2.5751824378967285,0
2.5752341747283936,0
2.575289726257324,0
2.576014995574951,0
2.581813335418701,0
2.5818517208099365,0
2.5849781036376958,0
2.5850179195404053,0
2.585038423538208,0
2.5850577354431152,0
2.58944034576416,0
2.589533567428589,0
2.589629888534546,0
2.5897023677825928,0
2.5943267345428467,0
2.594372510910034,0
2.5944361686706543,0
2.599257469177246,0
2.599275827407837,0
2.599292278289795,0
2.599675416946411,0
2.602900981903076,0
2.6030943393707275,0
2.603294134140014,0
2.6050684452056885,0
2.6054701805114746,0
2.607576370239258,0
2.607605218887329,0
2.612630844116211,0
2.612760066986084,0
2.613069534301758,0
2.618274211883545,0
2.618290901184082,0
2.6182985305786133,0
2.6186771392822266,0
2.619478940963745,0
2.6198599338531494,0
2.6198909282684326,0
2.6334822177886963,0
2.633528232574463,0
2.6335484981536865,0
2.637955904006958,0
2.650330066680908,0
2.650386333465576,0
2.6504716873168945,0
2.67069149017334,0
2.670748233795166,0
2.6720879077911377,0
2.673595905303955,0
2.673863649368286,0
2.6757216453552246,0
2.6757800579071045,0
2.682685852050781,0
2.682854652404785,0
2.683030366897583,0
2.6832938194274902,0
2.689836978912353,0
2.691211223602295,0
2.691248178482056,0
2.6912670135498047,0
2.6935622692108154,0
2.693588733673096,0
2.6940252780914307,0
2.69667649269104,0
2.697035074234009,0
2.697065591812134,0
2.7224810123443604,0
2.722508668899536,0
2.722520112991333,0
2.7294301986694336,0
2.729454755783081,0
2.732499599456787,0
2.7325422763824463,0
2.7345712184906006,0
2.7346079349517822,0
2.7347238063812256,0
2.736302137374878,0
2.7534596920013428,0
2.7535359859466557,0
2.753590583801269,0
2.7600128650665283,0
2.760296583175659,0
2.7616496086120605,0
2.7616686820983887,0
2.761686086654663,0
2.7617053985595703,0
2.7662174701690674,0
2.766256809234619,0
2.766320943832397,0
2.767270565032959,0
2.768678903579712,0
2.77364182472229,0
2.773684024810791,0
2.7747011184692383,0
2.7936456203460693,0
2.7936813831329346,0
2.7944159507751465,0
2.803442001342773,0
2.8091518878936768,0
2.8091869354248047,0
2.809557676315308,0
2.8095920085906982,0
2.8110921382904053,0
2.814053773880005,0
2.8144009113311768,0
2.81442928314209,0
2.815075397491455,0
2.815240859985352,0
2.8179636001586914,0
2.8179965019226074,0
2.820250988006592,0
2.82043719291687,0
2.822337865829468,0
2.82450270652771,0
2.826875925064087,0
2.8315210342407227,0
2.831981897354126,0
2.83200478553772,0
2.832322359085083,0
2.8328654766082764,0
2.839869976043701,0
2.83990216255188,0
2.8399362564086914,0
2.839999198913574,0
2.840018510818481,0
2.842272520065308,0
2.8425135612487797,0
2.842528343200684,0
2.842538833618164,0
2.844229221343994,0
2.8443636894226074,0
2.8444266319274902,0
2.8448314666748047,0
2.851825475692749,0
2.8518526554107666,0
2.8519070148468018,0
2.8701436519622803,0
2.8701791763305664,0
2.8702402114868164,0
2.8759758472442627,0
2.8787338733673096,0
2.8787899017333984,0
2.87881088256836,0
2.8789584636688232,0
2.879087209701538,0
2.8791534900665283,0
2.8791933059692383,0
2.880720615386963,0
2.892914295196533,0
2.892964601516724,0
2.893002986907959,0
2.903615474700928,0
2.9036619663238525,0
2.9150240421295166,0
2.9151060581207275,0
2.9166417121887207,0
2.91666316986084,0
2.916682481765747,0
2.933050632476806,0
2.93306565284729,0
2.933091402053833,0
2.938690423965454,0
2.9526190757751465,0
2.952659368515014,0
2.952730417251587,0
2.973526954650879,0
2.9735569953918457,0
2.974043130874634,0
2.974087238311768,0
2.974205493927002,0
2.9759669303894043,0
2.9760050773620605,0
2.9760262966156006,0
2.9760468006134038,0
2.9801032543182373,0
2.9801464080810547,0
2.980177879333496,0
2.980344295501709,0
2.991650104522705,0
2.995432615280152,0
2.999853134155273,0
2.999885082244873,0
2.999908685684204,0
2.999931573867798,0
2.999945878982544,0
2.99995756149292,0
3.0078039169311523,0
3.013525485992432,0
3.013538122177124,0
3.013579607009888,0
3.024749755859375,0
3.02480697631836,0
3.0248258113861084,0
3.0248863697052,0
3.025874614715576,0
3.025887966156006,0
3.025891065597534,0
3.032071828842163,0
3.032376527786255,0
3.0323808193206787,0
3.036999225616455,0
3.054205179214477,0
3.05422306060791,0
3.0542495250701904,0
3.0751960277557373,0
3.0752530097961426,0
3.075278043746948,0
3.086904287338257,0
3.086948871612549,0
3.0869574546813965,0
3.087231159210205,0
3.0894150733947754,0
3.089473009109497,0
3.089507579803467,0
3.094773530960083,0
3.09555983543396,0
3.0956051349639893,0
3.0969398021698,0
3.0969507694244385,0
3.0969624519348145,0
3.096989154815674,0
3.1028754711151123,0
3.1030166149139404,0
3.103273630142212,0
3.1071994304656982,0
3.112445592880249,0
3.112445831298828,0
3.1124930381774902,0
3.1200757026672363,0
3.120108127593994,0
3.120201110839844,0
3.120203018188477,0
3.123117685317993,0
3.123129844665528,0
3.127116680145264,0
3.129758834838867,0
3.1297709941864014,0
3.12999963760376,0
3.130801200866699,0
3.130831003189087,0
3.1339478492736816,0
3.1340103149414062,0
3.135370969772339,0
3.1519429683685303,0
3.1519696712493896,0
3.1519994735717773,0
3.1536705493927,0
3.153684139251709,0
3.157371282577514,0
3.158278226852417,0
3.1582958698272705,0
3.158422946929932,0
3.1584372520446777,0
3.158440589904785,0
3.1584901809692383,0
3.1605005264282227,0
3.163769006729126,0
3.171537160873413,0
3.171562433242798,0
3.1715734004974365,0
3.187138795852661,0
3.1915605068206787,0
3.191596269607544,0
3.1916205883026123,0
3.191685914993286,0
3.193326234817505,0
3.193350553512573,0
3.193361520767212,0
3.1937623023986816,0
3.1940698623657227,0
3.194094181060791,0
3.2118654251098637,0
3.211898803710937,0
3.212427854537964,0
3.212575674057007,0
3.212575912475586,0
3.215646743774414,0
3.215672492980957,0
3.21729063987732,0
3.221057891845703,0
3.2221930027008057,0
3.2233550548553467,0
3.223974227905273,0
3.234049797058105,0
3.234580039978028,0
3.234719753265381,0
3.2515969276428223,0
3.251617431640625,0
3.251621961593628,0
3.268117666244507,0
3.268146514892578,0
3.2682015895843506,0
3.268219232559204,0
3.2695882320404053,0
3.269636631011963,0
3.27040958404541,0
3.271507978439331,0
3.273580312728882,0
3.273606538772583,0
3.273664951324463,0
3.288846492767334,0
3.288879156112671,0
3.2888944149017334,0
3.2889318466186523,0
3.2894465923309326,0
3.289480686187744,0
3.294142961502075,0
3.2941761016845703,0
3.294393539428711,0
3.294432640075684,0
3.294437885284424,0
3.2944555282592773,0
3.301271915435791,0
3.302398443222046,0
3.3034746646881104,0
3.30368709564209,0
3.3039441108703613,0
3.303976058959961,0
3.3069710731506348,0
3.306994199752808,0
3.307003259658813,0
3.312687635421753,0
3.3127145767211914,0
3.3127269744873047,0
3.3302817344665527,0
3.330336332321167,0
3.3303382396698,0
3.3508219718933105,0
3.3508570194244385,0
3.3508760929107666,0
3.3614134788513184,0
3.3665621280670166,0
3.367012023925781,0
3.373122215270996,0
3.3732473850250244,0
3.3732826709747314,0
3.3877615928649902,0
3.3877923488616943,0
3.3878183364868164,0
3.387859582901001,0
3.3941550254821777,0
3.394322395324707,0
3.395465135574341,0
3.39546537399292,0
3.3955070972442627,0
3.395514249801636,0
3.39680552482605,0
3.404219388961792,0
3.404718399047852,0
3.406545400619507,0
3.406746625900269,0
3.41314697265625,0
3.413182020187378,0
3.4132273197174072,0
3.432187080383301,0
3.432386636734009,0
3.432441711425781,0
3.437121629714966,0
3.4541168212890625,0
3.454167127609253,0
3.454188108444214,0
3.475209474563598,0
3.4769790172576904,0
3.477014541625977,0
3.478365182876587,0
3.4812545776367188,0
3.484367847442627,0
3.485191345214844,0
3.486140251159668,0
3.486381769180298,0
3.4884395599365234,0
3.4884657859802246,0
3.488621473312378,0
3.4933485984802246,0
3.4933876991271973,0
3.4934957027435303,0
3.4949607849121094,0
3.507555723190308,0
3.507634401321411,0
3.507657289505005,0
3.5077385902404785,0
3.5080249309539795,0
3.508042573928833,0
3.5081980228424072,0
3.5136935710906982,0
3.5137317180633545,0
3.514001846313477,0
3.5198657512664795,0
3.5198960304260254,0
3.5226194858551025,0
3.522770643234253,0
3.531698942184448,0
3.531733274459839,0
3.5319488048553467,0
3.5410518646240234,0
3.554055690765381,0
3.5540976524353027,0
3.5541937351226807,0
3.5743958950042725,0
3.57519006729126,0
3.5762434005737305,0
3.580787420272827,0
3.5808911323547363,0
3.586232662200928,0
3.5862574577331543,0
3.5862603187561035,0
3.586334466934204,0
3.589078664779663,0
3.5891027450561523,0
3.58916974067688,0
3.5900259017944336,0
3.590359926223755,0
3.5903878211975098,0
3.590404510498047,0
3.592369079589844,0
3.592405080795288,0
3.5924272537231445,0
3.5936996936798096,0
3.5942420959472656,0
3.5942747592926025,0
3.5942883491516118,0
3.607529401779175,0
3.607577085494995,0
3.607653856277466,0
3.607674360275269,0
3.607789278030396,0
3.607808828353882,0
3.60782527923584,0
3.608220100402832,0
3.608236312866211,0
3.609792232513428,0
3.609841108322144,0
3.612905979156494,0
3.61293888092041,0
3.6129519939422607,0
3.6258232593536377,0
3.630788326263428,0
3.630814790725708,0
3.630930662155152,0
3.6309733390808105,0
3.6335039138793945,0
3.6500985622406006,0
3.650138378143311,0
3.650156021118164,0
3.674262523651123,0
3.674273252487183,0
3.674293756484986,0
3.674299478530884,0
3.675353527069092,0
3.675396919250488,0
3.6754188537597656,0
3.6786277294158936,0
3.678643941879273,0
3.679218053817749,0
3.6824450492858887,0
3.690465450286865,0
3.692847013473511,0
3.693583011627197,0
3.693625211715698,0
3.695514678955078,0
3.695563793182373,0
3.695688962936402,0
3.695714712142944,0
3.69576096534729,0
3.6957855224609375,0
3.6972908973693848,0
3.6974477767944336,0
3.700207233428955,0
3.7008249759674072,0
3.715364456176758,0
3.715395212173462,0
3.71540117263794,0
3.718862771987915,0
3.7203190326690674,0
3.73144006729126,0
3.731471300125122,0
3.731537342071533,0
3.741351366043091,0
3.7521395683288574,0
3.752171516418457,0
3.7521893978118896,0
3.765900850296021,0
3.765922546386719,0
3.7674014568328857,0
3.767422914505005,0
3.767736196517944,0
3.767771244049072,0
3.76945161819458,0
3.769471883773804,0
3.769867181777954,0
3.7730495929718018,0
3.77308201789856,0
3.7731451988220215,0
3.791416645050049,0
3.793866634368897,0
3.7939023971557617,0
3.793956279754639,0
3.7951154708862314,0
3.795889139175415,0
3.795922517776489,0
3.7960727214813232,0
3.800394773483277,0
3.800688982009888,0
3.800751209259033,0
3.809731721878052,0
3.809806346893311,0
3.8098275661468506,0
3.809890508651733,0
3.812386989593506,0
3.8124186992645264,0
3.812504291534424,0
3.821829080581665,0
3.8220248222351074,0
3.822040319442749,0
3.822052240371704,0
3.823824882507324,0
3.8240926265716553,0
3.824139833450317,0
3.824615955352783,0
3.832303762435913,0
3.832340717315674,0
3.8323585987091056,0
3.850323677062988,0
3.8503684997558594,0
3.850433588027954,0
3.85270619392395,0
3.8531460762023926,0
3.853483200073242,0
3.853520393371582,0
3.858408689498901,0
3.8584160804748535,0
3.85841703414917,0
3.870497703552246,0
3.870540380477905,0
3.870601177215576,0
3.886540651321411,0
3.892674446105957,0
3.8927159309387207,0
3.89284086227417,0
3.927215576171875,0
3.927393674850464,0
3.9274091720581055,0
3.927603483200073,0
3.929774045944214,0
3.929844379425049,0
3.929859161376953,0
3.929971694946289,0
3.929988145828247,0
3.930143356323242,0
3.93015193939209,0
3.9301598072052,0
3.930176496505737,0
3.930187702178955,0
3.930205583572388,0
3.9321768283844,0
3.9322030544281006,0
3.932424068450928,0
3.933663845062256,0
3.934756278991699,0
3.936800956726074,0
3.9425861835479736,0
3.952552318572998,0
3.952593564987183,0
3.953065633773804,0
3.973997116088867,0
3.974056005477905,0
3.974161386489868,0
3.978921890258789,0
3.979280710220337,0
3.981236934661865,0
3.981271505355835,0
3.981445789337158,0
3.9815309047698975,0
3.985714673995972,0
3.985799551010132,0
3.986369371414185,0
3.986497163772583,0
3.994099140167236,0
3.994147300720215,0
3.994262456893921,0
3.994293689727783,0
3.994359254837036,0
3.994510173797608,0
3.994638204574585,0
3.997348785400391,0
3.99735951423645,0
3.9973995685577393,0
4.002725601196289,0
4.009738445281982,0
4.009785175323486,0
4.010237455368042,0
4.010276794433594,0
4.0142083168029785,0
4.014251470565796,0
4.014270544052124,0
4.018937349319458,0
4.031958341598511,0
4.032020807266235,0
4.032063961029053,0
4.044957637786865,0
4.044986009597778,0
4.045019149780273,0
4.04507040977478,0
4.048614501953125,0
4.048647403717041,0
4.048692226409912,0
4.051602363586426,0
4.051627397537232,0
4.051633358001709,0
4.051638841629028,0
4.051948308944702,0
4.052294969558716,0
4.052338361740112,0
4.063018798828125,0
4.065109968185425,0
4.06553316116333,0
4.065999984741211,0
4.071389675140381,0
4.072068929672241,0
4.072091579437256,0
4.080549955368042,0
4.083304405212402,0
4.083561897277832,0
4.083730459213257,0
4.083964586257935,0
4.083986759185791,0
4.083999395370483,0
4.090242624282837,0
4.09026837348938,0
4.090279817581177,0
4.10106372833252,0
4.101064205169678,0
4.102870464324951,0
4.107455492019653,0
4.117138862609863,0
4.117167949676514,0
4.117225408554077,0
4.122238159179688,0
4.122262001037598,0
4.131468057632446,0
4.13154149055481,0
4.131741285324097,0
4.152010679244995,0
4.152048110961914,0
4.152106046676636,0
4.158111333847046,0
4.172723293304443,0
4.172760725021362,0
4.173114538192749,0
4.193164110183716,0
4.19320559501648,0
4.193225860595703,0
4.193412780761719,0
4.194030046463013,0
4.199689865112305,0
4.199731111526489,0
4.199748754501343,0
4.1997668743133545,0
4.199947357177734,0
4.20002555847168,0
4.20004940032959,0
4.200119495391846,0
4.205074310302734,0
4.205088376998901,0
4.212520360946655,0
4.2125420570373535,0
4.212694406509399,0
4.212716102600098,0
4.216746330261231,0
4.232433080673218,0
4.232479810714722,0
4.2324957847595215,0
4.238090753555298,0
4.252282381057739,0
4.252315521240234,0
4.2523298263549805,0
4.263470649719238,0
4.263808012008667,0
4.26771354675293,0
4.267744064331055,0
4.268467903137207,0
4.268503665924072,0
4.2685227394104,0
4.271706581115723,0
4.271750450134277,0
4.292723178863525,0
4.292879343032837,0
4.292896509170532,0
4.29369044303894,0
4.29370641708374,0
4.293736934661865,0
4.311290264129639,0
4.311316967010498,0
4.311350107192993,0
4.318498373031616,0
4.320525884628296,0
4.32056736946106,0
4.320594787597656,0
4.322297811508179,0
4.322322607040405,0
4.322337627410889,0
4.323913335800171,0
4.323915243148804,0
4.325030088424683,0
4.325043678283691,0
4.326512813568115,0
4.326644420623779,0
4.326656818389893,0
4.326849937438965,0
4.331411600112915,0
4.331543922424316,0
4.331567525863648,0
4.331583499908447,0
4.331594944000244,0
4.331792593002319,0
4.332000494003296,0
4.337496519088745,0
4.350089550018311,0
4.350130081176758,0
4.357170343399048,0
4.360450267791748,0
4.360497236251831,0
4.363840341567993,0
4.364202737808228,0
4.364231109619141,0
4.364245653152466,0
4.364296913146973,0
4.364313840866089,0
4.364317893981934,0
4.364902257919312,0
4.3730010986328125,0
4.373043775558472,0
4.373062610626221,0
4.392393589019775,0
4.392431974411011,0
4.392449140548706,0
4.395794630050659,0
4.396162509918213,0
4.39618444442749,0
4.396201848983765,0
4.401197671890259,0
4.4013190269470215,0
4.401875734329224,0
4.402458190917969,0
4.402493953704834,0
4.405064344406128,0
4.40532922744751,0
4.413140535354614,0
4.413175344467163,0
4.413209438323975,0
4.424623966217041,0
4.43257212638855,0
4.432606935501099,0
4.432620048522949,0
4.451360940933228,0
4.451386213302612,0
4.451479434967041,0
4.471198320388794,0
4.471240043640137,0
4.471254348754883,0
4.478266716003418,0
4.478278160095215,0
4.478281021118164,0
4.478413105010986,0
4.479023456573486,0
4.479090690612793,0
4.479124069213867,0
4.479153394699097,0
4.482366800308228,0
4.485576868057251,0
4.4865562915802,0
4.487983703613281,0
4.491302490234375,0
4.491329669952393,0
4.491346836090088,0
4.499732732772827,0
4.499757528305054,0
4.501282691955566,0
4.501323461532593,0
4.5114500522613525,0
4.511480331420898,0
4.511830806732178,0
4.525627851486206,0
4.5256640911102295,0
4.526082754135132,0
4.526103973388672,0
4.526153326034546,0
4.531254291534424,0
4.531357049942017,0
4.5313804149627686,0
4.550822734832764,0
4.550853490829468,0
4.550861835479736,0
4.551876544952393,0
4.551921367645264,0
4.551937103271484,0
4.554972887039185,0
4.555005788803101,0
4.555008172988892,0
4.555018901824951,0
4.55717921257019,0
4.557400465011597,0
4.557424545288086,0
4.557713985443115,0
4.563238143920898,0
4.563598155975342,0
4.573290824890137,0
4.573320150375366,0
4.573373079299927,0
4.589983701705933,0
4.59000563621521,0
4.590047597885132,0
4.594420671463013,0
4.594420909881592,0
4.594465970993042,0
4.594808578491211,0
4.598438262939453,0
4.598524570465088,0
4.598608493804932,0
4.598621129989624,0
4.60050892829895,0
4.605019807815552,0
4.60506796836853,0
4.607365369796753,0
4.607405424118042,0
4.612393379211426,0
4.612415313720703,0
4.612431526184082,0
4.626432418823242,0
4.630691766738892,0
4.6315107345581055,0
4.63153338432312,0
4.631545305252075,0
4.632018089294434,0
4.632052659988403,0
4.632706165313721,0
4.633761882781982,0
4.633789300918579,0
4.634105920791626,0
4.651162624359131,0
4.651189565658569,0
4.651388883590698,0
4.658363580703735,0
4.671454191207886,0
4.671480655670166,0
4.671492099761963,0
4.6936774253845215,0
4.693704843521118,0
4.693742990493774,0
4.711257457733154,0
4.711285352706909,0
4.711324214935303,0
4.712986946105957,0
4.713404417037964,0
4.713426351547241,0
4.713443756103516,0
4.72349214553833,0
4.723522663116455,0
4.723555088043213,0
4.723639249801636,0
4.723663806915283,0
4.723695278167725,0
4.723721265792847,0
4.726546764373779,0
4.730209589004517,0
4.730230331420898,0
4.7304847240448,0
4.730503797531128,0
4.731853008270264,0
4.731870651245117,0
4.731873273849487,0
4.733012676239014,0
4.734113454818726,0
4.734118461608887,0
4.739957094192505,0
4.751600027084351,0
4.751682758331299,0
4.751832485198975,0
4.772169828414917,0
4.77220630645752,0
4.7732648849487305,0
4.78390097618103,0
4.78392767906189,0
4.785200595855713,0
4.785305976867676,0
4.785361051559448,0
4.785447597503662,0
4.786365032196045,0
4.786681652069092,0
4.786887168884277,0
4.79193377494812,0
4.791934490203857,0
4.791971921920776,0
4.805949687957764,0
4.8152244091033936,0
4.815236330032349,0
4.815259695053101,0
4.8158485889434814,0
4.815865993499756,0
4.815899848937988,0
4.815946817398071,0
4.8159825801849365,0
4.816025018692017,0
4.8160622119903564,0
4.816093921661377,0
4.8161375522613525,0
4.816175222396851,0
4.830238342285156,0
4.830311059951782,0
4.830338954925537,0
4.83738899230957,0
4.851156234741211,0
4.85118293762207,0
4.8511962890625,0
4.871100664138794,0
4.871126890182495,0
4.871156215667725,0
4.878381729125977,0
4.87840747833252,0
4.878541231155396,0
4.87855863571167,0
4.879720687866211,0
4.879742860794067,0
4.880127906799316,0
4.880587100982666,0
4.883325099945068,0
4.88636040687561,0
4.892930269241333,0
4.892937421798706,0
4.89296293258667,0
4.911575794219971,0
4.91161584854126,0
4.911626577377319,0
4.923397779464722,0
4.924375057220459,0
4.927562236785889,0
4.927606344223023,0
4.927890300750732,0
4.932552814483643,0
4.932575464248657,0
4.93272876739502,0
4.932755470275879,0
4.932767868041992,0
4.932853221893311,0
4.932885885238648,0
4.933738470077515,0
4.933771133422852,0
4.933817148208618,0
4.95124888420105,0
4.951891660690308,0
4.951919317245483,0
4.951932668685913,0
4.954305410385132,0
4.957349061965942,0
4.970363616943359,0
4.970382213592529,0
4.971749305725098,0
4.9717793464660645,0
4.971832990646362,0
4.971852779388428,0
4.973179340362549,0
4.973193883895874,0
4.973209619522095,0
4.973222494125366,0
4.973237752914429,0
4.973876237869263,0
4.974525451660156,0
4.99129581451416,0
4.991457939147949,0
4.992309093475342,0
4.993024587631226,0
4.993053674697876,0
4.993988275527954,0
4.994036674499512,0
4.99480414390564,0
5.004515647888184,0
5.0047101974487305,0
5.004715204238892,0
5.004725456237793,0
5.004878520965576,0
5.004913330078125,0
5.004948139190674,0
5.012178659439087,0
5.012213945388794,0
5.012264013290405,0
5.021010637283325,0
5.021435737609863,0
5.021461725234985,0
5.021462678909302,0
5.022205829620361,0
5.022560119628906,0
5.0228235721588135,0
5.031947612762451,0
5.031982421875,0
5.032026529312134,0
5.03919243812561,0
5.050015449523926,0
5.050015687942505,0
5.050017356872559,0
5.07128381729126,0
5.071296691894531,0
5.071330547332764,0
5.072720289230347,0
5.072748184204102,0
5.07275915145874,0
5.073780298233032,0
5.076043128967285,0
5.076077938079834,0
5.076168060302734,0
5.076955556869507,0
5.078031063079834,0
5.078865051269531,0
5.089921951293945,0
5.091759443283081,0
5.091808080673218,0
5.093111991882324,0
5.093152523040772,0
5.0932252407073975,0
5.093346834182739,0
5.095270156860352,0
5.095286846160889,0
5.096194267272949,0
5.099748849868774,0
5.099778413772583,0
5.102161884307861,0
5.102174043655396,0
5.111880302429199,0
5.111922264099121,0
5.111934185028076,0
5.131209850311279,0
5.131239175796509,0
5.131251096725464,0
5.1439971923828125,0
5.147869348526001,0
5.147875308990479,0
5.1514081954956055,0
5.151418209075928,0
5.152076959609985,0
5.160096168518066,0
5.160201787948608,0
5.1602396965026855,0
5.160254955291748,0
5.162936210632324,0
5.16295051574707,0
5.162968158721924,0
5.171683073043823,0
5.171751260757446,0
5.1717705726623535,0
5.1781325340271,0
5.192634105682373,0
5.192676782608032,0
5.192695379257202,0
5.214358806610107,0
5.214403390884399,0
5.217271089553833,0
5.218669414520264,0
5.218707799911499,0
5.218729734420776,0
5.230183124542236,0
5.230213403701782,0
5.234452962875366,0
5.23618221282959,0
5.2362120151519775,0
5.236268520355225,0
5.2362823486328125,0
5.236329078674316,0
5.236767292022705,0
5.236841917037964,0
5.236859083175659,0
5.239416599273682,0
5.242272615432739,0
5.251217842102051,0
5.251245975494385,0
5.251259803771973,0
5.261786460876465,0
5.2620463371276855,0
5.2621612548828125,0
5.262925386428833,0
5.263972997665405,0
5.263999223709106,0
5.264121055603027,0
5.271003723144531,0
5.271075487136841,0
5.2712013721466064,0
5.284340858459473,0
5.284522294998169,0
5.28453540802002,0
5.284921646118164,0
5.285364389419556,0
5.285413026809692,0
5.285430192947388,0
5.285545349121094,0
5.292480707168579,0
5.292506694793701,0
5.292564153671265,0
5.310251235961914,0
5.310348987579346,0
5.310452461242676,0
5.326265335083008,0
5.326613187789917,0
5.326630353927612,0
5.326642274856567,0
5.327954292297363,0
5.328039407730103,0
5.328112602233887,0
5.328166723251343,0
5.330802440643311,0
5.33081841468811,0
5.331501245498657,0
5.331518173217773,0
5.331573724746704,0
5.3316192626953125,0
5.331707954406738,0
5.331720352172852,0
5.339253187179565,0
5.3512139320373535,0
5.351247310638428,0
5.351372241973877,0
5.371683120727539,0
5.371718168258667,0
5.37173318862915,0
5.375243186950684,0
5.375315189361572,0
5.39197301864624,0
5.3920063972473145,0
5.392091751098633,0
5.4058873653411865,0
5.405908107757568,0
5.406296491622925,0
5.406338691711426,0
5.413313627243042,0
5.413413047790527,0
5.4138572216033936,0
5.414630651473999,0
5.417497396469116,0
5.418135643005371,0
5.419435739517212,0
5.429682493209839,0
5.429744482040405,0
5.432499408721924,0
5.43272066116333,0
5.433119535446167,0
5.434103488922119,0
5.434541940689087,0
5.434571027755737,0
5.43536376953125,0
5.4355309009552,0
5.4444260597229,0
5.44443941116333,0
5.447180032730103,0
5.447384595870972,0
5.447411298751831,0
5.447465896606445,0
5.447650194168091,0
5.45116925239563,0
5.451197147369385,0
5.451238870620728,0
5.471492052078247,0
5.471926927566528,0
5.472287178039551,0
5.483855962753296,0
5.487319469451904,0
5.487348794937134,0
5.487614870071411,0
5.487635850906372,0
5.490993499755859,0
5.491108655929565,0
5.491515636444092,0
5.504424571990967,0
5.504453897476196,0
5.50448751449585,0
5.506192922592163,0
5.507336854934692,0
5.511276483535767,0
5.511307954788208,0
5.5113205909729,0
5.526326656341553,0
5.526368141174316,0
5.527906656265259,0
5.528084754943848,0
5.52810263633728,0
5.528794765472412,0
5.529252767562866,0
5.531162738800049,0
5.531190633773804,0
5.531553030014038,0
5.533454656600952,0
5.533484935760498,0
5.53688383102417,0
5.547801017761231,0
5.547804355621338,0
5.54875636100769,0
5.551716566085815,0
5.5517425537109375,0
5.551748037338257,0
5.551959753036499,0
5.552007436752319,0
5.552041053771973,0
5.5528740882873535,0
5.553387403488159,0
5.5535290241241455,0
5.568599700927734,0
5.569468021392822,0
5.570005893707275,0
5.570038080215454,0
5.570051193237305,0
5.57145357131958,0
5.591217279434204,0
5.593043088912964,0
5.5931055545806885,0
5.593122005462647,0
5.594629049301148,0
5.596713542938232,0
5.596800327301025,0
5.597169876098633,0
5.597606658935547,0
5.597631216049194,0
5.603571653366089,0
5.603607892990112,0
5.60364842414856,0
5.603682518005371,0
5.611309289932251,0
5.611348390579224,0
5.627405881881714,0
5.632673025131226,0
5.632704019546509,0
5.632719278335571,0
5.642987251281738,0
5.643030881881714,0
5.643348693847656,0
5.643625497817993,0
5.645386695861816,0
5.645489931106567,0
5.645676851272583,0
5.647727727890015,0
5.651153087615967,0
5.651181697845459,0
5.651536703109741,0
5.671037912368774,0
5.67110800743103,0
5.671122312545776,0
5.671825885772705,0
5.67376184463501,0
5.681222915649414,0
5.682176351547241,0
5.68220329284668,0
5.682233810424805,0
5.684953212738037,0
5.685513734817505,0
5.685536861419678,0
5.691238164901733,0
5.691253423690796,0
5.691749334335327,0
5.711292266845703,0
5.711319208145142,0
5.711329936981201,0
5.731490135192871,0
5.73152494430542,0
5.731540679931641,0
5.732270002365112,0
5.732479810714722,0
5.739497184753418,0
5.740802764892578,0
5.741129159927368,0
5.74156641960144,0
5.741579532623291,0
5.746525526046753,0
5.746684074401856,0
5.746706247329712,0
5.746719121932983,0
5.751256465911865,0
5.751296758651733,0
5.751309394836426,0
5.751420021057129,0
5.751439332962036,0
5.751454830169678,0
5.753720998764038,0
5.75399374961853,0
5.754026889801025,0
5.754051923751831,0
5.759613513946533,0
5.760049104690552,0
5.7601518630981445,0
5.760263442993164,0
5.771387338638306,0
5.771619558334351,0
5.771678447723389,0
5.790107011795044,0
5.79013991355896,0
5.790174007415772,0
5.796551942825317,0
5.796716928482056,0
5.796735763549805,0
5.796753168106079,0
5.800701379776001,0
5.800718307495117,0
5.800737142562866,0
5.803102016448975,0
5.803136110305786,0
5.80472207069397,0
5.804788827896118,0
5.80577826499939,0
5.811664819717407,0
5.811695098876953,0
5.8118531703948975,0
5.816557884216309,0
5.8166046142578125,0
5.816622972488403,0
5.816677570343018,0
5.816718816757202,0
5.816752433776856,0
5.816797971725464,0
5.825422763824463,0
5.827433109283447,0
5.828395366668701,0
5.831405162811279,0
5.831527471542358,0
5.832157611846924,0
5.851199388504028,0
5.851213693618774,0
5.851230621337891,0
5.867427587509155,0
5.86747145652771,0
5.867489814758301,0
5.871361255645752,0
5.871405839920044,0
5.871416807174683,0
5.871445655822754,0
5.871484756469727,0
5.871715545654297,0
5.87177300453186,0
5.871805667877197,0
5.881207942962647,0
5.88144588470459,0
5.8814616203308105,0
5.881474018096924,0
5.88521671295166,0
5.885234117507935,0
5.885263681411743,0
5.891660451889038,0
5.891685485839844,0
5.891698360443115,0
5.903597831726074,0
5.9036290645599365,0
5.905630350112915,0
5.905649662017822,0
5.906340599060059,0
5.907307147979736,0
5.912038803100586,0
5.912056922912598,0
5.9120705127716064,0
5.916723966598511,0
5.934081792831421,0
5.934134483337402,0
5.934154748916626,0
5.941807508468628,0
5.941873788833618,0
5.952212810516357,0
5.952274560928345,0
5.952321767807007,0
5.973086595535278,0
5.973138332366943,0
5.973165273666382,0
5.975782155990601,0
5.97582483291626,0
5.975839376449585,0
5.975849390029907,0
5.980593204498291,0
5.980641603469849,0
5.98076319694519,0
5.982620000839233,0
5.9829583168029785,0
5.983027696609497,0
5.983136177062988,0
5.984696626663208,0
5.984917879104614,0
5.985078811645508,0
5.985774517059326,0
6.0003342628479,0
6.000371932983398,0
6.001400232315064,0
6.00221061706543,0
6.002372741699219,0
6.002398490905762,0
6.002468585968018,0
6.006714820861816,0
6.006734132766724,0
6.007575273513794,0
6.023137092590332,0
6.023165941238403,0
6.023177623748779,0
6.024278402328491,0
6.032730102539063,0
6.032743692398071,0
6.039861440658569,0
6.044600486755371,0
6.044625520706177,0
6.045925140380859,0
6.045977354049683,0
6.050659656524658,0
6.05158543586731,0
6.051631927490234,0
6.051973819732666,0
6.063300848007202,0
6.06522536277771,0
6.065263032913208,0
6.065307378768921,0
6.06544041633606,0
6.065480470657349,0
6.065519571304321,0
6.071520566940308,0
6.071538925170898,0
6.071553945541382,0
6.091150522232056,0
6.09174656867981,0
6.092611312866211,0
6.0926353931427,0
6.092788219451904,0
6.097936391830444,0
6.1132142543792725,0
6.113359689712524,0
6.11338472366333,0
6.113532066345215,0
6.113738059997559,0
6.113760709762573,0
6.113841533660889,0
6.116096258163452,0
6.116122961044312,0
6.116641998291016,0
6.116703510284424,0
6.117003917694092,0
6.126710891723633,0
6.126787900924683,0
6.126886367797852,0
6.13228702545166,0
6.1323113441467285,0
6.132330417633057,0
6.143470048904419,0
6.143919467926025,0
6.14481520652771,0
6.145071983337402,0
6.145072221755981,0
6.145090103149414,0
6.1520538330078125,0
6.152078866958618,0
6.152108192443848,0
6.157189607620239,0
6.1572325229644775,0
6.15740180015564,0
6.17131781578064,0
6.1713621616363525,0
6.17137598991394,0
6.191953897476196,0
6.192006826400757,0
6.192012310028076,0
6.197012662887573,0
6.202205896377564,0
6.202437400817871,0
6.202498197555542,0
6.202559232711792,0
6.204823732376099,0
6.204843759536743,0
6.204847812652588,0
6.206183195114136,0
6.206220388412476,0
6.207597017288208,0
6.207664012908936,0
6.213805913925171,0
6.213830232620239,0
6.213916540145874,0
6.223940849304199,0
6.224200248718262,0
6.224342584609985,0
6.224390983581543,0
6.226605653762817,0
6.226997137069702,0
6.227196216583252,0
6.227928638458252,0
6.232815265655518,0
6.232882499694824,0
6.232939004898071,0
6.250154495239258,0
6.250203609466553,0
6.250423669815064,0
6.256576061248779,0
6.256723165512085,0
6.257037162780762,0
6.257110595703125,0
6.259573459625244,0
6.259810924530029,0
6.260183572769165,0
6.260881662368774,0
6.263875484466553,0
6.273003101348877,0
6.273055553436279,0
6.273123025894165,0
6.281448125839233,0
6.290425777435303,0
6.290838718414307,0
6.2908594608306885,0
6.291088342666626,0
6.292118787765503,0
6.292141437530518,0
6.2921576499938965,0
6.308484315872192,0
6.308609008789063,0
6.308687448501587,0
6.3088366985321045,0
6.308887004852295,0
6.312402963638306,0
6.312413930892944,0
6.312456846237183,0
6.320399045944214,0
6.321298599243164,0
6.321521759033203,0
6.331622123718262,0
6.331641674041748,0
6.331655502319336,0
6.351513624191284,0
6.351534843444824,0
6.352358102798462,0
6.352418184280396,0
6.352438449859619,0
6.353375434875488,0
6.353394269943237,0
6.353459119796753,0
6.353514909744263,0
6.355218887329102,0
6.355238914489746,0
6.35605525970459,0
6.356389284133911,0
6.358831882476807,0
6.371932029724121,0
6.371956825256348,0
6.371975660324097,0
6.39264702796936,0
6.392776727676392,0
6.392809629440308,0
6.396160364151001,0
6.405145168304443,0
6.405771017074585,0
6.406016826629639,0
6.406044006347656,0
6.410662412643433,0
6.4106833934783936,0
6.410851240158081,0
6.412845373153687,0
6.412888765335083,0
6.4129674434661865,0
6.412996768951416,0
6.413866758346558,0
6.41487979888916,0
6.41495418548584,0
6.418837308883667,0
6.432903289794922,0
6.432957649230957,0
6.432980298995972,0
6.448517799377441,0
6.45665979385376,0
6.456690788269043,0
6.456708192825317,0
6.456784009933472,0
6.471250057220459,0
6.471304893493652,0
6.471320152282715,0
6.471367120742798,0
6.47144341468811,0
6.471456527709961,0
6.472361087799072,0
6.472471237182617,0
6.47250771522522,0
6.472565412521362,0
6.473940134048462,0
6.473960161209106,0
6.473981142044067,0
6.474080324172974,0
6.474863052368164,0
6.475005626678467,0
6.475130081176758,0
6.490854024887085,0
6.492172002792358,0
6.492331981658936,0
6.492544174194336,0
6.496459722518921,0
6.497680187225342,0
6.497817039489746,0
6.497868537902832,0
6.49958348274231,0
6.499826908111572,0
6.499912977218628,0
6.5000410079956055,0
6.500054359436035,0
6.502116918563843,0
6.502187252044678,0
6.510019540786743,0
6.510138273239136,0
6.51015305519104,0
6.530901908874512,0
6.530945777893066,0
6.530957937240601,0
6.551082849502564,0
6.551198482513428,0
6.5514092445373535,0
6.557222366333008,0
6.56187629699707,0
6.561932563781738,0
6.562930107116699,0
6.563020706176758,0
6.563142776489258,0
6.563181400299072,0
6.565111637115479,0
6.565117835998535,0
6.565125226974487,0
6.565819263458252,0
6.569327831268311,0
6.571304559707642,0
6.57136082649231,0
6.57145094871521,0
6.579957723617554,0
6.591386079788208,0
6.591421365737915,0
6.591436862945557,0
6.601124048233032,0
6.601423025131226,0
6.601445198059082,0
6.601463317871094,0
6.604213714599609,0
6.6042256355285645,0
6.604235887527466,0
6.612001895904541,0
6.612048625946045,0
6.612120151519775,0
6.623398780822754,0
6.623430967330933,0
6.625593662261963,0
6.625709295272827,0
6.632789611816406,0
6.632836103439331,0
6.632856369018555,0
6.651587724685669,0
6.651588201522827,0
6.651643753051758,0
6.670982360839844,0
6.671013593673706,0
6.6710286140441895,0
6.690969228744507,0
6.69346809387207,0
6.6934967041015625,0
6.693524360656738,0
6.710713863372803,0
6.710739135742188,0
6.710753917694092,0
6.723480463027954,0
6.723492860794067,0
6.7251458168029785,0
6.725584030151367,0
6.726361274719238,0
6.726377964019775,0
6.730926752090454,0
6.730967998504639,0
6.750849485397339,0
6.750906467437744,0
6.751136779785156,0
6.751580953598023,0
6.751593828201294,0
6.7516045570373535,0
6.751617193222046,0
6.751620292663574,0
6.753300189971924,0
6.753312587738037,0
6.754314184188843,0
6.754417896270752,0
6.754443407058716,0
6.754454135894775,0
6.761071443557739,0
6.761483430862427,0
6.761489391326904,0
6.762062311172485,0
6.771605491638184,0
6.771655082702637,0
6.771672248840332,0
6.790149450302124,0
6.790186405181885,0
6.790202856063843,0
6.795264482498169,0
6.7955498695373535,0
6.7955851554870605,0
6.795624256134033,0
6.797765016555786,0
6.803765296936035,0
6.803786993026733,0
6.808304071426392,0
6.808582782745361,0
6.808646202087402,0
6.808732748031616,0
6.808770179748535,0
6.81170129776001,0
6.811708211898804,0
6.811769008636475,0
6.832661867141724,0
6.832686185836792,0
6.833428859710693,0
6.836313724517822,0
6.855569362640381,0
6.855648517608643,0
6.85576868057251,0
6.860849618911743,0
6.860863208770752,0
6.86096978187561,0
6.860986948013306,0
6.864263534545898,0
6.864283084869385,0
6.864335536956787,0
6.865779399871826,0
6.867825031280518,0
6.871129274368286,0
6.8712546825408936,0
6.872205495834351,0
6.873125791549683,0
6.878031969070435,0
6.878849506378174,0
6.878862619400024,0
6.879512548446655,0
6.880792856216431,0
6.880808830261231,0
6.881725311279297,0
6.887094020843506,0
6.888709306716919,0
6.890882730484009,0
6.890897035598755,0
6.890907049179077,0
6.890918970108032,0
6.890929460525513,0
6.897611856460571,0
6.897638559341431,0
6.898722410202026,0
6.910790681838989,0
6.911014080047607,0
6.911035060882568,0
6.91949200630188,0
6.921199321746826,0
6.92122220993042,0
6.921242713928223,0
6.931109428405762,0
6.931139945983887,0
6.931298494338989,0
6.952565431594849,0
6.95259428024292,0
6.952624320983887,0
6.952872753143311,0
6.952887296676636,0
6.95289945602417,0
6.953730821609497,0
6.953756809234619,0
6.953766345977783,0
6.953766822814941,0
6.954561948776245,0
6.954669237136841,0
6.954782485961914,0
6.955300569534302,0
6.970826864242554,0
6.970845937728882,0
6.970860481262207,0
6.990033149719238,0
6.990117073059082,0
6.990136384963989,0
6.995397567749023,0
6.995416641235352,0
6.997022390365601,0
6.997436761856079,0
6.997470617294312,0
6.997714281082153,0
7.000547409057617,0
7.000883102416992,0
7.00115704536438,0
7.0019590854644775,0
7.002969980239868,0
7.004066705703735,0
7.0054850578308105,0
7.006930351257324,0
7.01094388961792,0
7.011036157608032,0
7.011785745620728,0
7.01181697845459,0
7.012011766433716,0
7.0165605545043945,0
7.032587289810181,0
7.032876014709473,0
7.03290319442749,0
7.043899774551392,0
7.044239282608032,0
7.044254541397095,0
7.044285297393799,0
7.051611661911011,0
7.0516438484191895,0
7.051990509033203,0
7.066951274871826,0
7.066964387893677,0
7.068743944168091,0
7.070754289627075,0
7.070785284042358,0
7.071758985519409,0
7.072075366973877,0
7.075325012207031,0
7.075782060623169,0
7.075804948806763,0
7.075815677642822,0
7.090780019760132,0
7.090782880783081,0
7.090806484222412,0
7.104026556015015,0
7.104238986968994,0
7.105910539627075,0
7.105922222137451,0
7.107664346694946,0
7.111119508743286,0
7.111286878585815,0
7.111302614212036,0
7.132835149765015,0
7.13287353515625,0
7.132885456085205,0
7.133384943008423,0
7.134238958358765,0
7.134355783462524,0
7.134369134902954,0
7.136878490447998,0
7.137218475341797,0
7.137883186340332,0
7.148374319076538,0
7.151028394699097,0
7.151112079620361,0
7.151123762130737,0
7.170264720916748,0
7.170329570770264,0
7.171133279800415,0
7.1711342334747314,0
7.171163320541382,0
7.171543121337891,0
7.1716859340667725,0
7.171700716018677,0
7.171925067901611,0
7.173898935317993,0
7.174746751785278,0
7.174849987030029,0
7.176116704940796,0
7.176335334777832,0
7.176360845565796,0
7.176613807678223,0
7.177367687225342,0
7.177443265914917,0
7.177728176116943,0
7.182940483093262,0
7.184534788131714,0
7.1912360191345215,0
7.191267728805542,0
7.191368103027344,0
7.198582649230957,0
7.1986048221588135,0
7.200473546981812,0
7.200552463531494,0
7.21053671836853,0
7.210611343383789,0
7.2106664180755615,0
7.22125506401062,0
7.227670669555664,0
7.227704048156738,0
7.227837324142456,0
7.22795844078064,0
7.230236291885376,0
7.23032546043396,0
7.230342864990234,0
7.242823839187622,0
7.242836713790893,0
7.2434000968933105,0
7.245107412338257,0
7.248762130737305,0
7.251689910888672,0
7.251723289489746,0
7.251736879348755,0
7.270732879638672,0
7.270761013031006,0
7.270771265029907,0
7.286618709564209,0
7.29084300994873,0
7.290869235992432,0
7.290905475616455,0
7.310864210128784,0
7.310895681381226,0
7.310907363891602,0
7.317869663238525,0
7.318259000778198,0
7.318275213241577,0
7.318307399749756,0
7.318329334259033,0
7.318375110626221,0
7.318389415740967,0
7.319865226745605,0
7.319906949996948,0
7.3202855587005615,0
7.3203089237213135,0
7.330966472625732,0
7.33099889755249,0
7.331012964248657,0
7.331549167633057,0
7.340360403060913,0
7.340367555618286,0
7.340377330780029,0
7.340382099151611,0
7.340389966964722,0
7.340554714202881,0
7.34222936630249,0
7.34225606918335,0
7.342258453369141,0
7.342809438705444,0
7.350670099258423,0
7.350693225860596,0
7.350707530975342,0
7.361232280731201,0
7.361233234405518,0
7.361244916915893,0
7.361297369003296,0
7.362394094467163,0
7.362715482711792,0
7.362723350524902,0
7.364454030990601,0
7.370560884475708,0
7.370583534240723,0
7.370606184005737,0
7.373671531677246,0
7.390803575515747,0
7.390861749649048,0
7.390902996063232,0
7.398074865341186,0
7.398127794265747,0
7.399627923965454,0
7.399694681167602,0
7.411458969116211,0
7.411506414413452,0
7.411580801010132,0
7.430154800415039,0
7.435370445251465,0
7.435371160507202,0
7.435549020767212,0
7.441412687301636,0
7.441449403762817,0
7.44184136390686,0
7.442222595214844,0
7.44327974319458,0
7.443677186965942,0
7.4437150955200195,0
7.446152925491333,0
7.446290493011475,0
7.446791410446167,0
7.446825742721558,0
7.449452400207519,0
7.44980525970459,0
7.449836254119873,0
7.451639890670776,0
7.451674461364746,0
7.451978921890259,0
7.452813625335693,0
7.459191560745239,0
7.459383726119995,0
7.45940899848938,0
7.461304187774658,0
7.470243215560913,0
7.470271587371826,0
7.4702839851379395,0
7.476548194885254,0
7.476607084274292,0
7.4766316413879395,0
7.491635084152222,0
7.49172306060791,0
7.491770505905151,0
7.500662326812744,0
7.500974416732788,0
7.50463342666626,0
7.504739284515381,0
7.512397050857544,0
7.512441396713257,0
7.51246190071106,0
7.533532381057739,0
7.533564567565918,0
7.534155130386352,0
7.534653186798096,0
7.545255899429321,0
7.545784711837768,0
7.54633903503418,0
7.546906471252441,0
7.546932220458984,0
7.546951293945312,0
7.547020196914673,0
7.54712986946106,0
7.54720139503479,0
7.552076101303101,0
7.552133798599243,0
7.552905082702637,0
7.557814836502075,0
7.563184976577759,0
7.564186573028564,0
7.567409038543701,0
7.567640542984009,0
7.567663431167602,0
7.567824602127075,0
7.570636034011841,0
7.57065486907959,0
7.570815324783325,0
7.572574853897095,0
7.572637557983398,0
7.573002099990845,0
7.580254793167114,0
7.580291032791138,0
7.582030296325684,0
7.58219313621521,0
7.591152191162109,0
7.591174364089966,0
7.591192245483398,0
7.61156153678894,0
7.611608505249023,0
7.611689805984497,0
7.632036209106445,0
7.632086515426636,0
7.6321916580200195,0
7.637627601623535,0
7.645502328872681,0
7.646262407302856,0
7.646299123764038,0
7.64631986618042,0
7.651765823364258,0
7.651803255081177,0
7.651819705963135,0
7.65328049659729,0
7.653315544128418,0
7.653332948684692,0
7.656279802322388,0
7.656307697296143,0
7.6709065437316895,0
7.670912027359009,0
7.671231746673584,0
7.676331520080566,0
7.682544946670532,0
7.685709238052368,0
7.685865640640259,0
7.685946464538574,0
7.686031103134155,0
7.687321662902832,0
7.687349557876587,0
7.687372922897339,0
7.687386512756348,0
7.6873955726623535,0
7.68742299079895,0
7.68879222869873,0
7.688988208770752,0
7.689005851745605,0
7.690632104873657,0
7.690655469894409,0
7.690666437149048,0
7.709955930709839,0
7.709980726242065,0
7.71002721786499,0
7.729631662368774,0
7.729865550994873,0
7.731498003005981,0
7.731518983840942,0
7.732021808624268,0
7.736088752746582,0
7.73611569404602,0
7.73612904548645,0
7.750734806060791,0
7.750738859176636,0
7.750763416290283,0
7.767032623291016,0
7.767260789871216,0
7.76906681060791,0
7.770981788635254,0
7.771015405654907,0
7.771031618118286,0
7.77113676071167,0
7.771216869354248,0
7.771257162094116,0
7.771263122558594,0
7.771300315856934,0
7.771361589431763,0
7.771436214447021,0
7.788923501968384,0
7.791491746902466,0
7.791509866714477,0
7.791525840759277,0
7.791540384292602,0
7.793911218643188,0
7.795465469360352,0
7.798403739929199,0
7.798436164855957,0
7.800203323364258,0
7.800266742706299,0
7.811598777770996,0
7.811664581298828,0
7.811717510223389,0
7.817145109176636,0
7.832217216491699,0
7.832236289978027,0
7.833390712738037,0
7.851678371429443,0
7.851722717285156,0
7.8517444133758545,0
7.854825735092163,0
7.854861974716186,0
7.854996204376221,0
7.85501503944397,0
7.858097553253174,0
7.858531951904297,0
7.858539581298828,0
7.864434957504272,0
7.872023344039917,0
7.872330665588379,0
7.872687101364136,0
7.878262281417847,0
7.878436326980591,0
7.878455877304077,0
7.878501176834106,0
7.881769180297852,0
7.881990671157837,0
7.88205099105835,0
7.88469386100769,0
7.884706258773804,0
7.885982036590576,0
7.886224031448364,0
7.891308307647705,0
7.89162015914917,0
7.891802787780762,0
7.910521984100342,0
7.910549402236938,0
7.91059947013855,0
7.926009654998779,0
7.931537628173828,0
7.931685447692871,0
7.931719064712524,0
7.934612274169922,0
7.934624671936035,0
7.934706449508667,0
7.934719562530518,0
7.934731006622314,0
7.934792518615723,0
7.948713064193726,0
7.948798656463623,0
7.948815584182739,0
7.950108528137207,0
7.950226545333862,0
7.950486421585083,0
7.950510263442993,0
7.954178810119629,0
7.954298257827759,0
7.954404354095459,0
7.957117557525635,0
7.957129955291748,0
7.957553863525391,0
7.969573020935059,0
7.970506429672241,0
7.970531225204468,0
7.9705798625946045,0
7.975132942199707,0
7.975366592407227,0
7.975397109985352,0
7.97555136680603,0
7.978267669677734,0
7.978473901748657,0
7.978498697280884,0
7.980922698974609,0
7.990170240402222,0
7.990412950515747,0
7.990744113922119,0
8.001010179519653,0
8.00104308128357,0
8.002749919891357,0
8.002798080444336,0
8.011113405227661,0
8.011149406433105,0
8.011293649673462,0
8.02384090423584,0
8.0303955078125,0
8.031229496002197,0
8.031270027160645,0
8.031410455703735,0
8.033761739730835,0
8.033769845962524,0
8.033817768096924,0
8.053360223770142,0
8.0534029006958,0
8.053470373153687,0
8.057116985321045,0
8.057136535644531,0
8.057156562805176,0
8.06072998046875,0
8.063796758651733,0
8.067336797714233,0
8.070958852767944,0
8.070987462997437,0
8.071032762527466,0
8.082863092422485,0
8.085371494293213,0
8.085388422012329,0
8.085403203964233,0
8.085454940795898,0
8.085607528686523,0
8.085627317428589,0
8.090529203414917,0
8.090542554855347,0
8.090636014938354,0
8.090650796890259,0
8.090661525726318,0
8.093246459960938,0
8.093272686004639,0
8.110505819320679,0
8.110554933547974,0
8.110555648803711,0
8.115638256072998,0
8.11945390701294,0
8.119465112686157,0
8.119474649429321,0
8.119477272033691,0
8.122819423675537,0
8.12283205986023,0
8.12284517288208,0
8.123664855957031,0
8.126724243164062,0
8.130640745162964,0
8.130667924880981,0
8.130680322647095,0
8.150722026824951,0
8.150726795196533,0
8.150749921798706,0
8.157077074050903,0
8.160461902618408,0
8.160496950149536,0
8.161551237106323,0
8.161575555801392,0
8.161588191986084,0
8.161739349365234,0
8.16642689704895,0
8.166442155838013,0
8.166669368743896,0
8.168341875076294,0
8.16836404800415,0
8.168375253677368,0
8.168385744094849,0
8.171558856964111,0
8.171582698822021,0
8.171773910522461,0
8.171887159347534,0
8.171902656555176,0
8.171918869018555,0
8.172086715698242,0
8.190629959106445,0
8.190632343292236,0
8.19096064567566,0
8.192474603652954,0
8.192503452301025,0
8.192861557006836,0
8.192866563796997,0
8.19642186164856,0
8.196458101272583,0
8.197046756744385,0
8.197774648666382,0
8.197811603546143,0
8.19939923286438,0
8.199414253234863,0
8.211722135543823,0
8.211728572845459,0
8.211767673492432,0
8.216134071350098,0
8.231759548187256,0
8.231783628463745,0
8.231954097747803,0
8.244390726089478,0
8.244428157806396,0
8.252155065536499,0
8.25219988822937,0
8.252841234207153,0
8.252873659133911,0
8.25313138961792,0
8.25603175163269,0
8.256341934204102,0
8.256503343582153,0
8.257994890213013,0
8.260746479034424,0
8.270597696304321,0
8.270628929138184,0
8.270645380020142,0
8.277618408203125,0
8.290512800216675,0
8.290540933609009,0
8.290551662445068,0
8.310633420944214,0
8.310633659362793,0
8.310662031173706,0
8.330629110336304,0
8.330655574798584,0
8.331169366836548,0
8.332170963287354,0
8.33382534980774,0
8.333863735198975,0
8.333879709243774,0
8.336141109466553,0
8.336180686950684,0
8.336316108703613,0
8.337942123413086,0
8.33812403678894,0
8.340211629867554,0
8.340269804000854,0
8.350450038909912,0
8.35048794746399,0
8.355962991714478,0
8.370630502700806,0
8.37065839767456,0
8.37066650390625,0
8.390909910202026,0
8.390949249267578,0
8.390965223312378,0
8.396496772766113,0
8.396958112716675,0
8.398048877716064,0
8.398066282272339,0
8.398073196411133,0
8.398188352584839,0
8.40189790725708,0
8.401906490325928,0
8.401933193206787,0
8.402549266815186,0
8.404956340789795,0
8.410452604293823,0
8.410868883132935,0
8.410901069641113,0
8.410999774932861,0
8.41419529914856,0
8.414227962493896,0
8.415526151657104,0
8.415589570999146,0
8.424294471740723,0
8.424330472946167,0
8.424344539642334,0
8.424358129501343,0
8.425768852233887,0
8.425993919372559,0
8.426121950149536,0
8.42689037322998,0
8.430731058120728,0
8.430805206298828,0
8.430807828903198,0
8.44247579574585,0
8.442805051803589,0
8.44283676147461,0
8.44291615486145,0
8.445926666259766,0
8.44620966911316,0
8.446948289871216,0
8.450534582138062,0
8.450590372085571,0
8.451104164123535,0
8.470061302185059,0
8.47008728981018,0
8.470098495483398,0
8.488785982131958,0
8.490797758102417,0
8.490809679031372,0
8.490820169448853,0
8.492433547973633,0
8.493936538696289,0
8.493963718414307,0
8.493975639343262,0
8.494894027709961,0
8.494919538497925,0
8.495233535766602,0
8.50024127960205,0
8.500264883041382,0
8.502187728881836,0
8.502537488937378,0
8.51220965385437,0
8.512241125106812,0
8.512695789337158,0
8.530944108963013,0
8.530971050262451,0
8.530997037887573,0
8.540435314178467,0
8.550581455230713,0
8.55060863494873,0
8.550623178482056,0
8.570784330368042,0
8.570817470550537,0
8.57158374786377,0
8.57374119758606,0
8.573743343353271,0
8.57485842704773,0
8.57487678527832,0
8.574994325637817,0
8.575140953063965,0
8.577167510986328,0
8.577177047729492,0
8.577186107635498,0
8.577999353408813,0
8.588119745254517,0
8.589065790176392,0
8.59054708480835,0
8.59058165550232,0
8.591281414031982,0
8.593584775924683,0
8.594751596450806,0
8.59494662284851,0
8.594974279403687,0
8.595695734024048,0
8.595750093460083,0
8.596219301223755,0
8.598986864089966,0
8.59900689125061,0
8.600770235061646,0
8.600805759429932,0
8.61094331741333,0
8.610980987548828,0
8.611099243164062,0
8.615664005279541,0
8.631362438201904,0
8.631468057632446,0
8.631486892700195,0
8.648497104644775,0
8.648884296417236,0
8.649187564849854,0
8.649677753448486,0
8.651546716690063,0
8.652334451675415,0
8.653124570846558,0
8.65487003326416,0
8.654909610748291,0
8.655617952346802,0
8.65612506866455,0
8.656425714492798,0
8.656465291976929,0
8.656485319137573,0
8.667317867279053,0
8.667355298995972,0
8.667958974838257,0
8.668773174285889,0
8.67075777053833,0
8.670786619186401,0
8.670799016952515,0
8.680953979492188,0
8.68096113204956,0
8.680968046188354,0
8.680973291397095,0
8.685667991638184,0
8.685669898986816,0
8.685683012008667,0
8.689998388290405,0
8.690025091171265,0
8.69003701210022,0
8.700910568237305,0
8.700927972793579,0
8.702764511108398,0
8.702816009521484,0
8.710585594177246,0
8.710613012313843,0
8.710817337036133,0
8.717055559158325,0
8.731200933456421,0
8.73130989074707,0
8.731333255767822,0
8.750582218170166,0
8.750594139099121,0
8.75060772895813,0
8.75940728187561,0
8.759419441223145,0
8.7605140209198,0
8.76053524017334,0
8.76057481765747,0
8.760589361190796,0
8.762518882751465,0
8.762524366378784,0
8.7625412940979,0
8.763376474380493,0
8.763777732849121,0
8.770383358001709,0
8.770411014556885,0
8.770422220230103,0
8.775576114654541,0
8.790921211242676,0
8.7909517288208,0
8.790984630584717,0
8.811036348342896,0
8.811108350753784,0
8.811144351959229,0
8.825936079025269,0
8.826345443725586,0
8.826367616653442,0
8.826952934265137,0
8.82831621170044,0
8.828356742858887,0
8.828450918197632,0
8.831079006195068,0
8.831279993057251,0
8.831314325332642,0
8.852242231369019,0
8.85232424736023,0
8.852391242980957,0
8.853567361831665,0
8.853817224502563,0
8.855214834213257,0
8.855243682861328,0
8.855263233184814,0
8.863795280456543,0
8.8642418384552,0
8.864256858825684,0
8.864280700683594,0
8.870908975601196,0
8.870948314666748,0
8.870996952056885,0
8.877151489257812,0
8.87716555595398,0
8.877249479293823,0
8.881388902664185,0
8.885649919509888,0
8.888012647628784,0
8.89101505279541,0
8.891083717346191,0
8.891128301620483,0
8.894967794418335,0
8.894991159439087,0
8.895002841949463,0
8.895008563995361,0
8.896135091781616,0
8.896148204803467,0
8.896160364151001,0
8.89726972579956,0
8.897281885147095,0
8.898319721221924,0
8.898332357406616,0
8.901811838150024,0
8.901945352554321,0
8.90195918083191,0
8.90196943283081,0
8.910645484924316,0
8.910671949386597,0
8.910683155059814,0
8.919347524642944,0
8.919361352920532,0
8.91938304901123,0
8.92011547088623,0
8.930957317352295,0
8.930982112884521,0
8.931018829345703,0
8.953030109405518,0
8.953046798706055,0
8.95315146446228,0
8.953618288040161,0
8.953642845153809,0
8.956111192703247,0
8.956144332885742,0
8.956148147583008,0
8.956156730651855,0
8.959398984909058,0
8.959431886672974,0
8.959941387176514,0
8.960302829742432,0
8.966621160507202,0
8.967425346374512,0
8.97093152999878,0
8.970956087112427,0
8.97097110748291,0
8.990265369415283,0
8.9903244972229,0
8.990727663040161,0
8.994496822357178,0
8.994525909423828,0
8.994539976119995,0
8.995197057723999,0
8.997313261032104,0
8.99733018875122,0
8.998744487762451,0
8.998841524124146,0
8.998878955841064,0
8.99891471862793,0
9.000158309936523,0
9.000173807144165,0
9.010475635528564,0
9.01055359840393,0
9.010670900344849,0
9.031771898269652,0
9.031846284866331,0
9.03186058998108,0
9.051454305648804,0
9.051496267318726,0
9.051515340805054,0
9.070732593536375,0
9.070756673812866,0
9.070802688598633,0
9.077510356903076,0
9.090490579605104,0
9.0905179977417,0
9.090548038482666,0
9.110527515411375,0
9.110554218292236,0
9.11058259010315,0
9.115685939788818,0
9.11570143699646,0
9.130347490310667,0
9.130349397659302,0
9.130484104156494,0
9.143639087677002,0
9.143648386001589,0
9.143650770187378,0
9.143665552139282,0
9.143732786178589,0
9.143764019012451,0
9.143795251846312,0
9.150508403778076,0
9.150513172149658,0
9.150537490844728,0
9.170371532440186,0
9.170429706573486,0
9.170958757400513,0
9.170985698699951,0
9.171221256256104,0
9.17238712310791,0
9.172414302825928,0
9.174011707305908,0
9.191202640533447,0
9.19127917289734,0
9.191280126571655,0
9.196835041046144,0
9.1971697807312,0
9.197204113006592,0
9.19722056388855,0
9.19912600517273,0
9.199938774108888,0
9.200143575668337,0
9.200537919998167,0
9.205684661865234,0
9.205691814422607,0
9.205716371536257,0
9.205877780914308,0
9.209295272827148,0
9.210653305053713,0
9.210686206817629,0
9.210744857788086,0
9.21143102645874,0
9.211469173431396,0
9.215437650680542,0
9.21550440788269,0
9.217986583709717,0
9.218023777008057,0
9.22165298461914,0
9.23020052909851,0
9.230218172073364,0
9.23031210899353,0
9.25181007385254,0
9.251834869384766,0
9.251854181289673,0
9.251873016357422,0
9.252185344696043,0
9.252329349517822,0
9.253049850463867,0
9.253084659576416,0
9.25315523147583,0
9.25319528579712,0
9.273853302001951,0
9.27388596534729,0
9.273897647857666,0
9.28126573562622,0
9.287724018096924,0
9.287745475769045,0
9.287946462631226,0
9.287967681884766,0
9.29187035560608,0
9.2919020652771,0
9.292269706726074,0
9.307558298110962,0
9.307849168777466,0
9.307874917984009,0
9.309064149856567,0
9.309068441390991,0
9.310217380523682,0
9.310362577438354,0
9.310377836227415,0
9.310389518737791,0
9.310400485992432,0
9.330539464950562,0
9.33054256439209,0
9.330569982528688,0
9.352393388748167,0
9.352418422698976,0
9.352465629577637,0
9.352486610412598,0
9.360695600509644,0
9.360840797424316,0
9.362584829330444,0
9.362586975097656,0
9.370450496673584,0
9.370479822158812,0
9.37049126625061,0
9.3816556930542,0
9.38166069984436,0
9.381670713424684,0
9.381679058074951,0
9.383315563201904,0
9.383333444595335,0
9.383715629577637,0
9.384588241577148,0
9.390700817108154,0
9.39073395729065,0
9.390763521194458,0
9.407085180282593,0
9.41072702407837,0
9.410749673843384,0
9.410840034484863,0
9.411650896072388,0
9.43147349357605,0
9.43160843849182,0
9.431632995605469,0
9.440088987350464,0
9.440165996551514,0
9.441697359085085,0
9.44184947013855,0
9.44392704963684,0
9.444083213806152,0
9.444106817245483,0
9.44421911239624,0
9.451913356781006,0
9.451962232589722,0
9.45198392868042,0
9.452272176742554,0
9.45229721069336,0
9.452361583709717,0
9.452404022216797,0
9.455831050872805,0
9.459982872009276,0
9.460442066192629,0
9.460463047027588,0
9.461544752120972,0
9.462135553359984,0
9.465792417526243,0
9.465957403182983,0
9.466108322143556,0
9.47045612335205,0
9.470489978790283,0
9.470506191253662,0
9.472169160842896,0
9.482518911361694,0
9.48357105255127,0
9.483583450317385,0
9.483668088912964,0
9.486104488372805,0
9.48613953590393,0
9.486172437667848,0
9.490831851959229,0
9.490960359573364,0
9.49145483970642,0
9.500588655471802,0
9.500690937042236,0
9.502496242523192,0
9.502800703048706,0
9.51082968711853,0
9.510855674743652,0
9.510866403579712,0
9.515923261642456,0
9.530508756637571,0
9.530536413192747,0
9.530547618865969,0
9.550390720367432,0
9.550421476364136,0
9.550433158874512,0
9.560595989227297,0
9.560650825500488,0
9.56145429611206,0
9.561683416366575,0
9.561684131622314,0
9.56169867515564,0
9.563360691070557,0
9.563412189483644,0
9.56342887878418,0
9.570363283157349,0
9.570395231246948,0
9.57040786743164,0
9.5775728225708,0
9.590784311294556,0
9.590813875198364,0
9.59082317352295,0
9.61089253425598,0
9.610934257507324,0
9.610990285873411,0
9.61761736869812,0
9.617654085159302,0
9.618179321289062,0
9.618252277374268,0
9.622741937637327,0
9.622782468795776,0
9.624094486236572,0
9.6260986328125,0
9.626187086105348,0
9.626997709274292,0
9.62708306312561,0
9.627947092056274,0
9.631122589111328,0
9.631157636642456,0
9.631222009658812,0
9.632381916046144,0
9.637704133987429,0
9.65133547782898,0
9.651386499404907,0
9.651570558547974,0
9.66444993019104,0
9.66748857498169,0
9.66753387451172,0
9.6675546169281,0
9.667745113372805,0
9.667799949645996,0
9.66782832145691,0
9.66941499710083,0
9.669763326644896,0
9.669799089431764,0
9.669816255569458,0
9.67244815826416,0
9.672488689422607,0
9.672582387924194,0
9.684485912322998,0
9.684528350830078,0
9.684546947479248,0
9.687025547027588,0
9.69115686416626,0
9.691197872161863,0
9.691215991973875,0
9.709432601928713,0
9.709455013275146,0
9.709476470947266,0
9.710037231445312,0
9.710573196411133,0
9.71061658859253,0
9.711093187332152,0
9.71650767326355,0
9.716629981994627,0
9.718182563781738,0
9.71838116645813,0
9.718467473983765,0
9.72660994529724,0
9.726638793945312,0
9.731476068496704,0
9.731490135192873,0
9.731533765792848,0
9.750669479370115,0
9.75070071220398,0
9.750779390335085,0
9.756521224975586,0
9.760076761245728,0
9.770804405212402,0
9.77081298828125,0
9.770859479904177,0
9.77284049987793,0
9.77431035041809,0
9.77453589439392,0
9.776686906814575,0
9.777462482452393,0
9.77750563621521,0
9.778610706329346,0
9.77863073348999,0
9.77935004234314,0
9.790381669998167,0
9.791260480880736,0
9.79128646850586,0
9.79601788520813,0
9.799941778182983,0
9.799954652786257,0
9.799967765808104,0
9.79998016357422,0
9.802198886871338,0
9.802223443984984,0
9.802233219146729,0
9.802865266799929,0
9.802916049957275,0
9.804105281829834,0
9.804128170013428,0
9.81048345565796,0
9.810556888580322,0
9.810575485229492,0
9.821862936019896,0
9.827006578445436,0
9.827166557312012,0
9.827362775802612,0
9.82737112045288,0
9.831204175949097,0
9.83124041557312,0
9.831298351287842,0
9.840445518493652,0
9.840471982955933,0
9.840840816497805,0
9.841723203659058,0
9.843141794204712,0
9.850740432739258,0
9.850779056549072,0
9.850797653198242,0
9.87180495262146,0
9.87184190750122,0
9.88262128829956,0
9.887602806091309,0
9.88764238357544,0
9.888057470321655,0
9.888094902038574,0
9.891477346420288,0
9.891481161117554,0
9.891587257385254,0
9.911761999130247,0
9.911813259124756,0
9.912275075912476,0
9.912489652633669,0
9.912543296813965,0
9.91270899772644,0
9.914826154708862,0
9.914872884750366,0
9.917184352874756,0
9.917505502700806,0
9.9195818901062,0
9.9197518825531,0
9.92126750946045,0
9.921307563781738,0
9.922109603881836,0
9.922136306762695,0
9.922892570495604,0
9.933367252349854,0
9.93341588973999,0
9.933473348617554,0
9.944425344467165,0
9.950785875320436,0
9.950789213180542,0
9.950818061828612,0
9.95276689529419,0
9.952830076217651,0
9.97058916091919,0
9.972438097000122,0
9.972715616226196,0
9.973055601119995,0
9.973156213760376,0
9.973180770874023,0
9.974485158920288,0
9.974635362625122,0
9.974719762802124,0
9.974740028381348,0
9.97714900970459,0
9.981996297836304,0
9.990963459014893,0
9.99101448059082,0
9.991199731826782,0
9.996289014816284,0
10.00284481048584,0
10.00289249420166,0
10.003385543823242,0
10.003424406051636,0
10.005172967910768,0
10.005352973937988,0
10.005970001220703,0
10.006564378738403,0
10.007902145385742,0
10.007937908172607,0
10.011584997177124,0
10.011627912521362,0
10.011674880981444,0
10.014869451522827,0
10.014959335327148,0
10.019377946853638,0
10.03033685684204,0
10.030545234680176,0
10.03067708015442,0
10.042843580245972,0
10.04288101196289,0
10.043030500411987,0
10.043320894241331,0
10.048022985458374,0
10.04804801940918,0
10.048486471176147,0
10.051573991775513,0
10.051639556884766,0
10.051671266555786,0
10.068254470825195,0
10.071463584899902,0
10.07149887084961,0
10.071516036987305,0
10.07935070991516,0
10.079370975494385,0
10.079415559768677,0
10.079530715942385,0
10.079963445663452,0
10.080042123794556,0
10.080137491226196,0
10.084646463394163,0
10.087468147277832,0
10.09150767326355,0
10.091507911682127,0
10.09155559539795,0
10.099884510040283,0
10.099933624267578,0
10.101734161376951,0
10.10177493095398,0
10.110786199569702,0
10.110848188400269,0
10.110867738723757,0
10.120476484298706,0
10.120851278305054,0
10.120887756347656,0
10.121057510375977,0
10.123446702957152,0
10.12387990951538,0
10.124105453491213,0
10.13091516494751,0
10.131195545196531,0
10.133747577667236,0
10.14667797088623,0
10.15043020248413,0
10.15047836303711,0
10.150500297546388,0
10.154629468917848,0
10.154657125473022,0
10.171034574508669,0
10.1711003780365,0
10.171140432357788,0
10.175118684768677,0
10.175135612487791,0
10.175137758255005,0
10.17515468597412,0
10.181166410446169,0
10.181181907653809,0
10.181195974349976,0
10.184972763061523,0
10.19035577774048,0
10.190388679504396,0
10.19040298461914,0
10.20035982131958,0
10.200408935546877,0
10.200432300567629,0
10.200450658798218,0
10.211151838302612,0
10.211193799972534,0
10.211266040802002,0
10.23065948486328,0
10.230721950531006,0
10.230733394622805,0
10.23168134689331,0
10.23171329498291,0
10.2329204082489,0
10.234548807144163,0
10.234596967697144,0
10.2374906539917,0
10.23753023147583,0
10.238181829452516,0
10.251188039779665,0
10.251240730285645,0
10.251516103744509,0
10.25374460220337,0
10.254377603530884,0
10.254454851150513,0
10.255175828933716,0
10.2567880153656,0
10.256842136383057,0
10.257781505584717,0
10.259029388427734,0
10.265453815460203,0
10.267218351364136,0
10.26931929588318,0
10.271805763244627,0
10.271869897842407,0
10.271986484527588,0
10.27302098274231,0
10.294023513793944,0
10.294051885604858,0
10.294082641601562,0
10.295764923095703,0
10.2958345413208,0
10.296140193939207,0
10.29615592956543,0
10.296395540237429,0
10.296436071395874,0
10.29646372795105,0
10.297470569610596,0
10.29781460762024,0
10.298790216445925,0
10.298813819885254,0
10.310394048690796,0
10.310417652130129,0
10.310465812683104,0
10.318877458572388,0
10.330504417419434,0
10.330554723739624,0
10.331230401992798,0
10.345017910003662,0
10.345240592956545,0
10.34659504890442,0
10.346633911132812,0
10.34665060043335,0
10.349411964416504,0
10.350940465927124,0
10.350979566574097,0
10.351013898849487,0
10.36958909034729,0
10.369601011276243,0
10.371004819869995,0
10.371021509170532,0
10.37103796005249,0
10.372217178344728,0
10.374151945114136,0
10.374196290969849,0
10.37420892715454,0
10.374228477478027,0
10.378186225891112,0
10.378223419189451,0
10.378243446350098,0
10.379211664199827,0
10.390601634979248,0
10.390641689300535,0
10.390739440917969,0
10.3925302028656,0
10.392566919326782,0
10.39283299446106,0
10.392871618270874,0
10.396859645843506,0
10.400020360946655,0
10.410475730895996,0
10.410524129867554,0
10.41061282157898,0
10.412626028060911,0
10.41267704963684,0
10.417400121688845,0
10.417428970336914,0
10.417479991912842,0
10.42823314666748,0
10.428294897079468,0
10.431921243667604,0
10.431971788406372,0
10.432063579559326,0
10.432104110717772,0
10.432186841964722,0
10.432408332824709,0
10.432431936264038,0
10.432515859603882,0
10.450826168060305,0
10.450876235961914,0
10.450899600982666,0
10.471376657485962,0
10.47143054008484,0
10.47149896621704,0
10.478339672088625,0
10.485875368118286,0
10.485913038253784,0
10.489124536514282,0
10.489163637161257,0
10.490272998809814,0
10.49088215827942,0
10.491766452789308,0
10.491798400878906,0
10.492227554321287,0
10.492594003677368,0
10.49332594871521,0
10.508521795272827,0
10.50854516029358,0
10.508739233016968,0
10.508764505386353,0
10.51043462753296,0
10.510457992553713,0
10.510549783706663,0
10.51188850402832,0
10.511913776397703,0
10.512368202209473,0
10.514463901519775,0
10.514500856399536,0
10.516009092330933,0
10.516070365905762,0
10.53085231781006,0
10.530948400497437,0
10.530974864959717,0
10.540967226028442,0
10.55064606666565,0
10.55069351196289,0
10.550794839859009,0
10.571413516998293,0
10.571458101272585,0
10.571797609329224,0
10.576465129852297,0
10.5772225856781,0
10.57932186126709,0
10.579447507858276,0
10.579482316970823,0
10.579864025115969,0
10.582485914230348,0
10.582531213760376,0
10.582550764083862,0
10.585067987442017,0
10.585351943969728,0
10.58538007736206,0
10.585394859313965,0
10.58708882331848,0
10.58726930618286,0
10.58735966682434,0
10.588663578033447,0
10.591147899627686,0
10.591169118881226,0
10.59122395515442,0
10.598626375198364,0
10.598663091659546,0
10.601563215255736,0
10.602264165878296,0
10.602713108062744,0
10.602745056152344,0
10.602821111679075,0
10.603334665298462,0
10.603390455245972,0
10.608628034591677,0
10.608814239501951,0
10.61156940460205,0
10.611617088317873,0
10.611680746078491,0
10.613455295562744,0
10.61347246170044,0
10.623485803604126,0
10.630953073501589,0
10.63100290298462,0
10.631025314331056,0
10.65092658996582,0
10.650982856750488,0
10.651021242141724,0
10.659237623214722,0
10.659378290176392,0
10.66288948059082,0
10.663534164428713,0
10.670594453811646,0
10.67063593864441,0
10.670876741409302,0
10.671549320220947,0
10.67180562019348,0
10.672058820724487,0
10.672399759292604,0
10.68588161468506,0
10.689795017242432,0
10.69428277015686,0
10.694322109222412,0
10.694359064102173,0
10.694397687911987,0
10.694510221481323,0
10.694549322128296,0
10.694584369659424,0
10.694663524627686,0
10.69470500946045,0
10.694736242294312,0
10.69477152824402,0
10.694793939590454,0
10.706611156463625,0
10.706632614135742,0
10.707822799682615,0
10.707885026931764,0
10.709242105484009,0
10.71086049079895,0
10.7109055519104,0
10.710922241210938,0
10.727943420410156,0
10.727962732315063,0
10.728118419647217,0
10.728375673294067,0
10.728380918502808,0
10.728485584259031,0
10.72850775718689,0
10.73074746131897,0
10.73078203201294,0
10.730848789215088,0
10.741078853607178,0
10.751368761062622,0
10.751407861709597,0
10.752710819244385,0
10.767842054367064,0
10.767844438552856,0
10.771290302276611,0
10.771450281143188,0
10.771583318710327,0
10.771608591079712,0
10.771751880645752,0
10.771777153015137,0
10.771859884262083,0
10.774810075759888,0
10.774874448776243,0
10.775003671646118,0
10.77790069580078,0
10.777926206588743,0
10.778888463974,0
10.778888702392578,0
10.785731315612791,0
10.785763025283812,0
10.78611660003662,0
10.787782907485962,0
10.787797927856444,0
10.79016637802124,0
10.790184497833252,0
10.790197610855104,0
10.793043613433838,0
10.793063402175903,0
10.810193538665771,0
10.810222387313845,0
10.810238361358644,0
10.820952892303469,0
10.826645135879517,0
10.828374862670898,0
10.83003544807434,0
10.830445766448976,0
10.830486297607422,0
10.830574989318848,0
10.83059859275818,0
10.836610794067385,0
10.836652040481567,0
10.837170600891112,0
10.850923776626589,0
10.850975036621094,0
10.85114049911499,0
10.87090015411377,0
10.871875762939451,0
10.874197244644163,0
10.881574392318726,0
10.890337228775024,0
10.890380382537842,0
10.890450477600098,0
10.910809993743896,0
10.91087770462036,0
10.911405324935911,0
10.918525457382202,0
10.91971492767334,0
10.92004680633545,0
10.92039680480957,0
10.922338724136353,0
10.92289686203003,0
10.922932386398315,0
10.924927949905396,0
10.92496657371521,0
10.927021503448486,0
10.927487850189207,0
10.928898096084597,0
10.931280612945557,0
10.93132257461548,0
10.931833982467651,0
10.939914226531982,0
10.940585613250732,0
10.942060947418211,0
10.942061185836792,0
10.94364047050476,0
10.9437997341156,0
10.943825483322144,0
10.9480402469635,0
10.950461387634276,0
10.950497150421144,0
10.950514554977415,0
10.951348543167114,0
10.951833009719849,0
10.962341070175173,0
10.962380170822144,0
10.970759391784668,0
10.9707989692688,0
10.970870018005373,0
10.987186670303345,0
10.987225532531738,0
10.98815655708313,0
10.988195896148682,0
10.991212606430054,0
10.991248607635498,0
10.991263389587402,0
10.991818189620972,0
10.99185299873352,0
10.991965770721436,0
10.992704153060911,0
11.003494501113892,0
11.003556489944458,0
11.005672454833984,0
11.005756616592407,0
11.010466814041138,0
11.01051664352417,0
11.010720252990724,0
11.01688551902771,0
11.031020402908323,0
11.031090259552002,0
11.031267642974854,0
11.051124334335327,0
11.051151037216188,0
11.051259517669678,0
11.071159362792969,0
11.071174144744871,0
11.0712411403656,0
11.077495813369753,0
11.081602811813354,0
11.081803798675535,0
11.082026481628418,0
11.082051992416382,0
11.082946538925173,0
11.082996129989624,0
11.086965322494509,0
11.089060068130491,0
11.089099407196043,0
11.089115381240845,0
11.091715812683104,0
11.091752290725708,0
11.0917706489563,0
11.09178900718689,0
11.092097997665403,0
11.092251300811768,0
11.092423677444458,0
11.099848985671995,0
11.101106882095335,0
11.10226035118103,0
11.102301597595217,0
11.103938817977903,0
11.104005098342896,0
11.104869842529297,0
11.110555648803713,0
11.110598802566528,0
11.110662460327148,0
11.120322227478027,0
11.12074899673462,0
11.120809078216553,0
11.12083387374878,0
11.13023042678833,0
11.130432367324827,0
11.130770683288574,0
11.151132345199583,0
11.151735305786133,0
11.151968717575071,0
11.152058601379396,0
11.153547763824465,0
11.153945922851562,0
11.155022859573364,0
11.163199663162231,0
11.163301944732666,0
11.172200202941896,0
11.172250032424929,0
11.17229175567627,0
11.1723313331604,0
11.172648191452026,0
11.17267084121704,0
11.17268705368042,0
11.179522037506104,0
11.179543256759644,0
11.17955756187439,0
11.17961573600769,0
11.186357975006104,0
11.19079327583313,0
11.190841436386108,0
11.190875053405762,0
11.190912246704102,0
11.190945625305176,0
11.196616888046265,0
11.196651935577393,0
11.197579622268677,0
11.210495233535768,0
11.210550785064695,0
11.210558652877808,0
11.224607229232788,0
11.225237131118774,0
11.225282430648804,0
11.22531247138977,0
11.226431608200071,0
11.227278232574465,0
11.227311372756958,0
11.230094909667969,0
11.23012924194336,0
11.230442762374878,0
11.2503342628479,0
11.250406503677368,0
11.250431299209597,0
11.270886659622192,0
11.270945072174072,0
11.271126985549929,0
11.287906169891356,0
11.291984558105469,0
11.29202389717102,0
11.2920401096344,0
11.310627937316896,0
11.310671329498293,0
11.312934160232544,0
11.321383237838743,0
11.321412086486816,0
11.321434497833252,0
11.322512149810793,0
11.324082851409912,0
11.324103355407717,0
11.324126482009888,0
11.32695746421814,0
11.3270001411438,0
11.327018737792969,0
11.327033758163452,0
11.329610586166382,0
11.32963252067566,0
11.3296480178833,0
11.330594062805176,0
11.330615997314451,0
11.33063006401062,0
11.337673425674438,0
11.3378324508667,0
11.337848901748655,0
11.338013172149658,0
11.33803367614746,0
11.341123819351196,0
11.341124773025513,0
11.341129302978516,0
11.341142892837524,0
11.350330114364624,0
11.350367307662964,0
11.350429058074951,0
11.356106996536257,0
11.35614252090454,0
11.356208801269531,0
11.3578519821167,0
11.36123275756836,0
11.371901750564575,0
11.37195372581482,0
11.372000455856323,0
11.372037887573242,0
11.37212347984314,0
11.372142791748049,0
11.375284910202026,0
11.375530004501345,0
11.37555694580078,0
11.375572681427002,0
11.37645387649536,0
11.376468658447266,0
11.37713074684143,0
11.380998134613035,0
11.381035089492798,0
11.38282036781311,0
11.383107662200928,0
11.390169143676758,0
11.390198707580566,0
11.390413761138916,0
11.396891117095947,0
11.41739559173584,0
11.417421579360962,0
11.41744589805603,0
11.427797555923462,0
11.427837371826172,0
11.427862644195557,0
11.427873611450195,0
11.429924249649048,0
11.430005073547363,0
11.430121421813965,0
11.431790351867676,0
11.4337158203125,0
11.433961629867554,0
11.434028387069702,0
11.44488286972046,0
11.444944858551024,0
11.44497036933899,0
11.445024490356444,0
11.446316719055176,0
11.446377277374268,0
11.446449041366575,0
11.454615354537964,0
11.454662084579468,0
11.454710960388184,0
11.46379041671753,0
11.474482536315918,0
11.474486351013184,0
11.474852561950684,0
11.480058193206789,0
11.480072498321531,0
11.480132341384888,0
11.480339527130129,0
11.4880211353302,0
11.48803734779358,0
11.488094091415403,0
11.489856481552124,0
11.489896297454834,0
11.491881132125854,0
11.491922616958618,0
11.493762493133543,0
11.49390459060669,0
11.493923425674438,0
11.493924856185911,0
11.495293378829956,0
11.49532151222229,0
11.495367288589478,0
11.497332334518433,0
11.49752926826477,0
11.497583627700806,0
11.513347148895264,0
11.513387680053713,0
11.513680219650269,0
11.519694805145264,0
11.536648511886597,0
11.53669261932373,0
11.53671097755432,0
11.554917335510254,0
11.555013656616213,0
11.555121421813965,0
11.559556245803831,0
11.559640884399414,0
11.56167221069336,0
11.564290523529053,0
11.56433653831482,0
11.564409255981444,0
11.583126783370972,0
11.583148717880247,0
11.583214282989502,0
11.583306312561035,0
11.58336901664734,0
11.583409547805786,0
11.58345866203308,0
11.583593368530272,0
11.58364748954773,0
11.583707571029665,0
11.583727598190308,0
11.583821296691896,0
11.58386206626892,0
11.583908796310425,0
11.584022283554075,0
11.584129333496094,0
11.594038486480711,0
11.59405779838562,0
11.59412169456482,0
11.594136476516724,0
11.594178915023804,0
11.594212293624878,0
11.594245433807371,0
11.594279527664185,0
11.614279985427856,0
11.614317417144775,0
11.614336729049684,0
11.615594625473022,0
11.615617036819458,0
11.615846872329712,0
11.615871667861938,0
11.621879816055298,0
11.621906757354736,0
11.622002840042114,0
11.623468399047852,0
11.626264333724976,0
11.628720998764038,0
11.63087272644043,0
11.631363153457642,0
11.633973598480225,0
11.634023904800417,0
11.63404417037964,0
11.64365553855896,0
11.64367961883545,0
11.643700122833252,0
11.64372181892395,0
11.64537239074707,0
11.64539647102356,0
11.64546823501587,0
11.653253078460692,0
11.653348922729492,0
11.653366327285768,0
11.658937454223633,0
11.673877954483032,0
11.6739501953125,0
11.673979043960571,0
11.69298267364502,0
11.692983150482178,0
11.694019794464111,0
11.715866565704346,0
11.715915441513062,0
11.715942859649658,0
11.715953588485718,0
11.715965747833252,0
11.715980768203735,0
11.71689224243164,0
11.720274448394775,0
11.720362186431885,0
11.72045350074768,0
11.723203659057615,0
11.723236083984377,0
11.726651906967165,0
11.72667646408081,0
11.728090047836304,0
11.728258609771729,0
11.72834062576294,0
11.72850227355957,0
11.73436427116394,0
11.734498977661133,0
11.734527826309204,0
11.740301847457886,0
11.740535020828249,0
11.740764617919922,0
11.74221658706665,0
11.753223180770874,0
11.753291845321655,0
11.753317594528198,0
11.7665376663208,0
11.766904592514038,0
11.768840789794922,0
11.769125938415527,0
11.772383689880373,0
11.77592396736145,0
11.776463508605955,0
11.77676558494568,0
11.77936053276062,0
11.779560565948486,0
11.779810190200806,0
11.787369012832642,0
11.796420097351074,0
11.797208786010742,0
11.797240495681764,0
11.797715425491331,0
11.798062801361084,0
11.798089265823364,0
11.798090934753418,0
11.798104286193848,0
11.79810667037964,0
11.79811954498291,0
11.799207925796509,0
11.79926323890686,0
11.801469087600708,0
11.80151891708374,0
11.813435077667236,0
11.813518285751345,0
11.813575506210327,0
11.834613561630247,0
11.834657907485962,0
11.834744930267334,0
11.845972299575806,0
11.854345560073853,0
11.854398012161257,0
11.85461401939392,0
11.873477935791016,0
11.873555183410645,0
11.873631954193115,0
11.873793125152588,0
11.873822450637816,0
11.873860597610474,0
11.879159450531006,0
11.879228830337524,0
11.87928056716919,0
11.880253314971924,0
11.880314111709597,0
11.88271975517273,0
11.882751941680908,0
11.88277006149292,0
11.882989883422852,0
11.88718295097351,0
11.887190103530884,0
11.88771915435791,0
11.89275336265564,0
11.892783880233765,0
11.892796754837036,0
11.89875340461731,0
11.900207281112673,0
11.901397943496704,0
11.901451587677002,0
11.91396427154541,0
11.914072513580322,0
11.914111852645874,0
11.93399167060852,0
11.934428930282593,0
11.934529304504396,0
11.937294244766235,0
11.939464807510376,0
11.94238305091858,0
11.94965386390686,0
11.951088666915894,0
11.952773809432983,0
11.952805757522585,0
11.953213930130005,0
11.954436540603638,0
11.954612731933594,0
11.954638242721558,0
11.95482301712036,0
11.9672429561615,0
11.96750545501709,0
11.969840288162231,0
11.970048666000366,0
11.970186948776243,0
11.970222473144531,0
11.9733407497406,0
11.973694086074827,0
11.97393536567688,0
11.975183963775637,0
11.97522521018982,0
11.975310564041138,0
11.97652292251587,0
11.992566347122192,0
11.99258589744568,0
11.992602825164797,0
12.00031065940857,0
12.00197458267212,0
12.003514528274536,0
12.003554821014404,0
12.003657579421995,0
12.003680944442747,0
12.003753185272217,0
12.005606889724731,0
12.007588624954224,0
12.007609367370604,0
12.009496688842772,0
12.009857654571531,0
12.01758861541748,0
12.017621755599976,0
12.017637491226196,0
12.034727334976196,0
12.0397367477417,0
12.041157722473145,0
12.04117512702942,0
12.04290008544922,0
12.043457746505736,0
12.043500185012816,0
12.043926239013672,0
12.04794430732727,0
12.04796814918518,0
12.048035383224487,0
12.04879903793335,0
12.053544759750366,0
12.059389352798462,0
12.0594220161438,0
12.059438228607178,0
12.069373607635498,0
12.077642679214478,0
12.07769536972046,0
12.07866597175598,0
12.078691720962524,0
12.080527544021606,0
12.08065938949585,0
12.081408262252808,0
12.081429243087769,0
12.081906795501707,0
12.081932306289673,0
12.085113286972046,0
12.097069025039673,0
12.097102165222168,0
12.097142457962036,0
12.105229139328005,0
12.10617971420288,0
12.106213808059692,0
12.107692956924438,0
12.107740879058838,0
12.108455896377563,0
12.117311000823976,0
12.117358684539797,0
12.11737585067749,0
12.14117193222046,0
12.141215085983276,0
12.14129400253296,0
12.14828896522522,0
12.148370742797852,0
12.15270185470581,0
12.152748107910156,0
12.152753829956056,0
12.152769327163696,0
12.153020858764648,0
12.15308690071106,0
12.153111696243286,0
12.16136074066162,0
12.163660526275637,0
12.16371488571167,0
12.163718461990356,0
12.167781591415403,0
12.167816400527954,0
12.167837142944336,0
12.167884349822998,0
12.17890477180481,0
12.17893671989441,0
12.179368257522585,0
12.195818662643433,0
12.19623327255249,0
12.196805953979492,0
12.19811749458313,0
12.198518753051758,0
12.19854474067688,0
12.198557138442991,0
12.200760841369627,0
12.200967788696287,0
12.201005458831789,0
12.202963829040527,0
12.203351736068726,0
12.204254388809204,0
12.204349279403688,0
12.20862627029419,0
12.209527730941772,0
12.209556818008425,0
12.209610223770142,0
12.216416358947754,0
12.216445922851562,0
12.216777563095093,0
12.217876195907593,0
12.218277215957642,0
12.218451738357544,0
12.218626976013184,0
12.238133192062378,0
12.238168478012083,0
12.2388117313385,0
12.239926099777222,0
12.239999294281006,0
12.240022897720335,0
12.259494543075562,0
12.259567022323608,0
12.260104894638062,0
12.262107610702516,0
12.268855571746826,0
12.269175052642822,0
12.269208669662476,0
12.269246816635132,0
12.277715682983398,0
12.277764320373535,0
12.277840614318848,0
12.27910041809082,0
12.279224157333374,0
12.27924370765686,0
12.29511833190918,0
12.295142412185667,0
12.295144081115724,0
12.319249153137209,0
12.319294214248655,0
12.319495916366575,0
12.33964776992798,0
12.339691400527954,0
12.339697122573853,0
12.35934567451477,0
12.359537839889526,0
12.359561920166016,0
12.369482517242432,0
12.369574069976808,0
12.37279987335205,0
12.37289333343506,0
12.377931356430054,0
12.38120412826538,0
12.381277561187744,0
12.382302284240724,0
12.38234043121338,0
12.38235330581665,0
12.387550592422484,0
12.387858152389526,0
12.388274669647217,0
12.388309001922607,0
12.389848470687866,0
12.39005446434021,0
12.391491651535034,0
12.391672134399414,0
12.3937029838562,0
12.39876627922058,0
12.398822546005247,0
12.398854970932009,0
12.418004751205444,0
12.418040990829468,0
12.418055057525637,0
12.441994905471802,0
12.442071914672852,0
12.442096710205078,0
12.449014663696287,0
12.451478958129885,0
12.452988386154177,0
12.453447341918944,0
12.454725742340088,0
12.455251932144163,0
12.459145545959473,0
12.461316347122192,0
12.461392879486084,0
12.461417436599731,0
12.48215675354004,0
12.482441902160645,0
12.48248839378357,0
12.487155437469482,0
12.487226963043211,0
12.48725175857544,0
12.487314701080322,0
12.487449169158936,0
12.48749852180481,0
12.487542390823364,0
12.498473644256592,0
12.498755931854248,0
12.498775243759155,0
12.498786449432371,0
12.501386404037476,0
12.5015709400177,0
12.501578330993652,0
12.50497817993164,0
12.505061864852903,0
12.505220174789429,0
12.518882751464844,0
12.518934965133669,0
12.518972635269163,0
12.540000438690186,0
12.5400390625,0
12.54053807258606,0
12.549021005630491,0
12.549541234970093,0
12.557607889175417,0
12.557645797729492,0
12.557719469070436,0
12.563989639282228,0
12.564022541046144,0
12.565268754959106,0
12.57027554512024,0
12.570279121398926,0
12.577675104141235,0
12.577718019485474,0
12.5778067111969,0
12.58588194847107,0
12.58733320236206,0
12.587366580963137,0
12.58742380142212,0
12.589266538619995,0
12.589555501937866,0
12.58956503868103,0
12.589615106582642,0
12.589617490768433,0
12.598131656646729,0
12.598166465759276,0
12.59818172454834,0
12.602868795394896,0
12.60293674468994,0
12.604345798492432,0
12.61880373954773,0
12.618866920471191,0
12.618889093399048,0
12.627497673034668,0
12.62753701210022,0
12.62757921218872,0
12.627668619155884,0
12.63089656829834,0
12.630913734436035,0
12.630995035171509,0
12.63300108909607,0
12.63302516937256,0
12.64065408706665,0
12.640692472457886,0
12.64076042175293,0
12.661519527435305,0
12.661551475524902,0
12.661557912826538,0
12.671191930770874,0
12.676993131637571,0
12.677075624465942,0
12.677100419998167,0
12.677342891693115,0
12.68203902244568,0
12.68205738067627,0
12.682141780853271,0
12.682393312454224,0
12.682411909103394,0
12.682477235794067,0
12.68427348136902,0
12.684280395507812,0
12.684290647506714,0
12.68429398536682,0
12.690527200698853,0
12.69080924987793,0
12.69083046913147,0
12.690937042236328,0
12.69095778465271,0
12.693012475967407,0
12.693063735961914,0
12.694011926651,0
12.698734283447266,0
12.69880223274231,0
12.698817253112791,0
12.705764770507812,0
12.705793619155884,0
12.70579481124878,0
12.705808877944946,0
12.70772671699524,0
12.707740783691406,0
12.707802057266235,0
12.715026617050173,0
12.715232849121094,0
12.715247869491575,0
12.72246766090393,0
12.738274812698364,0
12.738308429718018,0
12.73832392692566,0
12.748287916183472,0
12.748677492141724,0
12.750609874725342,0
12.750995397567747,0
12.753605365753174,0
12.753625869750977,0
12.753662109375,0
12.75372862815857,0
12.75377869606018,0
12.760453462600708,0
12.760456562042236,0
12.760483503341677,0
12.76486325263977,0
12.766794443130491,0
12.767606019973757,0
12.779815673828123,0
12.779824256896973,0
12.77982497215271,0
12.797063827514648,0
12.79710292816162,0
12.79712200164795,0
12.803094387054443,0
12.803232431411743,0
12.803252935409546,0
12.80390739440918,0
12.803943395614624,0
12.804391622543337,0
12.804511547088625,0
12.814882516860962,0
12.814913272857666,0
12.814926862716677,0
12.825371980667114,0
12.82555866241455,0
12.827765226364136,0
12.827834606170654,0
12.82956862449646,0
12.837695598602297,0
12.837724924087524,0
12.837727308273315,0
12.848315477371216,0
12.851318359375,0
12.858056545257568,0
12.85808777809143,0
12.858157634735107,0
12.86289119720459,0
12.862933874130247,0
12.862956285476685,0
12.863022089004517,0
12.863193273544312,0
12.863243341445925,0
12.86329221725464,0
12.87666654586792,0
12.879781007766724,0
12.87980055809021,0
12.879883766174316,0
12.897129535675049,0
12.897130727767944,0
12.897171020507812,0
12.908164024353027,0
12.908197402954102,0
12.908214330673218,0
12.908329010009766,0
12.911128282546995,0
12.911296367645264,0
12.911317825317385,0
12.911458253860474,0
12.912099599838257,0
12.919636249542236,0
12.919657707214355,0
12.919739246368408,0
12.94062852859497,0
12.940671682357788,0
12.940758228302002,0
12.947690725326538,0
12.947757720947266,0
12.949688911437988,0
12.949694633483888,0
12.94972825050354,0
12.94972848892212,0
12.95487904548645,0
12.95758318901062,0
12.957606792449951,0
12.959156036376951,0
12.961244344711304,0
12.961320638656616,0
12.961948156356812,0
12.9694504737854,0
12.9694721698761,0
12.977174520492554,0
12.977664947509766,0
12.977697849273682,0
12.97775101661682,0
12.978189706802368,0
12.978237628936768,0
12.978358745574951,0
12.97839331626892,0
12.978428602218628,0
12.979373455047607,0
12.995695114135742,0
12.99696946144104,0
12.99700140953064,0
12.997015476226808,0
12.999902725219728,0
13.00066900253296,0
13.000833988189695,0
13.001879453659058,0
13.002026319503784,0
13.01765513420105,0
13.017684936523438,0
13.01770544052124,0
13.03940486907959,0
13.039422035217283,0
13.03952980041504,0
13.0469172000885,0
13.061010599136353,0
13.061462640762327,0
13.061507940292358,0
13.061532497406006,0
13.063612222671509,0
13.06364917755127,0
13.064026117324827,0
13.066073179244995,0
13.066123485565186,0
13.066739320755005,0
13.07879900932312,0
13.083781242370604,0
13.083805322647097,0
13.083823442459106,0
13.097478151321411,0
13.097949028015137,0
13.09797716140747,0
13.114935159683228,0
13.117641687393188,0
13.118396282196043,0
13.118465423583984,0
13.118520259857178,0
13.119502544403076,0
13.119518995285034,0
13.121650457382202,0
13.121685266494753,0
13.12256646156311,0
13.129454612731934,0
13.129928588867188,0
13.129968881607056,0
13.12998914718628,0
13.13282322883606,0
13.13288712501526,0
13.132912635803224,0
13.139413356781006,0
13.139446020126345,0
13.13950252532959,0
13.148649215698242,0
13.148683786392212,0
13.148696184158323,0
13.14869999885559,0
13.14982795715332,0
13.150042295455933,0
13.15009355545044,0
13.151018142700195,0
13.159536838531494,0
13.159563064575195,0
13.159794092178345,0
13.165621757507324,0
13.165701627731323,0
13.167435646057127,0
13.167465209960938,0
13.167543649673462,0
13.1676185131073,0
13.169458389282228,0
13.169480800628662,0
13.169861078262327,0
13.1766517162323,0
13.176682233810425,0
13.176732540130615,0
13.184845209121704,0
13.18520736694336,0
13.187209844589232,0
13.187225341796877,0
13.18807339668274,0
13.195437669754028,0
13.195464611053469,0
13.195476293563845,0
13.207129716873167,0
13.20947003364563,0
13.209521532058716,0
13.209543228149414,0
13.209662199020386,0
13.209776639938354,0
13.209797859191896,0
13.211410284042358,0
13.214589595794678,0
13.217081069946287,0
13.21711778640747,0
13.217129468917848,0
13.23839020729065,0
13.238429069519045,0
13.238755702972412,0
13.245356798171995,0
13.25150752067566,0
13.254253625869753,0
13.254297256469728,0
13.254321336746216,0
13.254475116729736,0
13.254522562026978,0
13.254565954208374,0
13.265322923660278,0
13.265347719192505,0
13.26535701751709,0
13.26845359802246,0
13.271204710006714,0
13.27846336364746,0
13.278501987457275,0
13.278581619262695,0
13.280401468276978,0
13.287034273147585,0
13.287460327148438,0
13.287517309188845,0
13.287554740905762,0
13.303611278533936,0
13.30363655090332,0
13.303670883178713,0
13.304287195205688,0
13.304288387298584,0
13.304315328598022,0
13.305909872055054,0
13.305933475494385,0
13.30856728553772,0
13.308600664138794,0
13.315133571624756,0
13.315672636032104,0
13.315728187561035,0
13.336912631988524,0
13.336941719055176,0
13.33696436882019,0
13.341201543807983,0
13.35745120048523,0
13.357484102249146,0
13.358357429504396,0
13.360630512237549,0
13.36095404624939,0
13.362896203994753,0
13.36291480064392,0
13.36320662498474,0
13.365017652511597,0
13.377413749694824,0
13.377454280853271,0
13.377470016479492,0
13.388757944107056,0
13.388776302337646,0
13.388795614242554,0
13.393579244613647,0
13.393630981445312,0
13.39365291595459,0
13.393670082092283,0
13.39561152458191,0
13.395874500274658,0
13.395896673202516,0
13.397660255432127,0
13.400698900222778,0
13.400731563568115,0
13.400741815567017,0
13.405429601669312,0
13.405455827713013,0
13.40546989440918,0
13.405529975891112,0
13.407944440841677,0
13.408247947692873,0
13.408557415008543,0
13.408573150634766,0
13.416103601455688,0
13.416138648986816,0
13.416146993637083,0
13.437432765960692,0
13.438342571258543,0
13.438374757766724,0
13.438453435897827,0
13.459534645080566,0
13.459572553634644,0
13.459659099578856,0
13.483027696609495,0
13.483258962631226,0
13.483353853225708,0
13.486355543136597,0
13.486401081085203,0
13.486425399780272,0
13.486722230911257,0
13.49483323097229,0
13.49485206604004,0
13.494900703430176,0
13.4974684715271,0
13.50036120414734,0
13.500388622283936,0
13.500434160232544,0
13.510934591293337,0
13.510999202728271,0
13.5135395526886,0
13.513579845428469,0
13.5144522190094,0
13.51610255241394,0
13.516130924224854,0
13.516132593154907,0
13.525896549224854,0
13.526812553405762,0
13.539690494537354,0
13.539721965789797,0
13.539766550064089,0
13.549934387207031,0
13.549941062927246,0
13.55736517906189,0
13.55740213394165,0
13.557469844818115,0
13.557737827301024,0
13.560166358947754,0
13.560184717178345,0
13.560256958007812,0
13.56259298324585,0
13.56262707710266,0
13.562644243240356,0
13.578573942184448,0
13.578614950180054,0
13.578637838363647,0
13.58564019203186,0
13.596398830413818,0
13.596412658691406,0
13.5964252948761,0
13.59643840789795,0
13.601429224014282,0
13.601470470428469,0
13.601485967636108,0
13.61890697479248,0
13.618914365768433,0
13.618950605392456,0
13.628181457519531,0
13.62820053100586,0
13.628217220306396,0
13.629963397979736,0
13.631595611572266,0
13.638689994812012,0
13.638707876205444,0
13.638720989227297,0
13.638757944107056,0
13.638833999633787,0
13.63885259628296,0
13.640426635742188,0
13.640427589416504,0
13.64046049118042,0
13.641826391220093,0
13.642411470413208,0
13.642438411712646,0
13.64340090751648,0
13.658371448516846,0
13.65840744972229,0
13.659087419509888,0
13.668864488601685,0
13.668907165527344,0
13.668927669525146,0
13.668986797332764,0
13.672245264053345,0
13.672281742095947,0
13.6723792552948,0
13.672441244125366,0
13.681540727615356,0
13.681572914123535,0
13.681588172912598,0
13.697020292282104,0
13.697040557861328,0
13.697102785110474,0
13.697200298309326,0
13.701381206512451,0
13.70150065422058,0
13.701519012451172,0
13.703264236450195,0
13.703284740447998,0
13.703319549560549,0
13.706929206848145,0
13.706959247589111,0
13.71011757850647,0
13.710171461105348,0
13.717714071273804,0
13.71786093711853,0
13.717999696731567,0
13.729710578918455,0
13.732492446899414,0
13.741846084594728,0
13.741886138916016,0
13.741932153701782,0
13.743809461593628,0
13.758580684661863,0
13.758613109588625,0
13.759572505950928,0
13.760097026824951,0
13.76085877418518,0
13.76089572906494,0
13.760957956314089,0
13.76279067993164,0
13.762827396392822,0
13.762879133224487,0
13.763126611709597,0
13.763851642608644,0
13.764487266540527,0
13.764507055282593,0
13.766499280929564,0
13.77845048904419,0
13.778481721878052,0
13.778522968292236,0
13.795241117477415,0
13.795481443405151,0
13.795670747756958,0
13.798357963562012,0
13.798380851745604,0
13.798421382904053,0
13.7984356880188,0
13.800829648971558,0
13.801083326339722,0
13.80143928527832,0
13.80224108695984,0
13.802265405654907,0
13.80254888534546,0
13.802587509155272,0
13.802600860595703,0
13.805954217910768,0
13.81491231918335,0
13.81502103805542,0
13.815198183059692,0
13.830491304397585,0
13.83576202392578,0
13.8365740776062,0
13.83659839630127,0
13.836599111557009,0
13.837251663208008,0
13.837490320205688,0
13.837896347045898,0
13.83835482597351,0
13.8384051322937,0
13.83861517906189,0
13.838900566101074,0
13.83907413482666,0
13.839096307754517,0
13.83920955657959,0
13.84035325050354,0
13.840617418289185,0
13.840795040130615,0
13.841346502304075,0
13.857030630111694,0
13.857062578201294,0
13.857120990753174,0
13.863715410232544,0
13.864133596420288,0
13.864166975021362,0
13.86418390274048,0
13.868088483810425,0
13.86823844909668,0
13.868392944335938,0
13.878605842590332,0
13.878690958023071,0
13.878836631774902,0
13.899847984313965,0
13.899883508682253,0
13.900234699249268,0
13.905561208724976,0
13.905574321746826,0
13.907658100128174,0
13.907737493515016,0
13.910926580429075,0
13.91891098022461,0
13.918911457061768,0
13.91896152496338,0
13.925448656082152,0
13.925544023513794,0
13.925570487976074,0
13.925886631011965,0
13.926145792007446,0
13.926228761672974,0
13.926773071289062,0
13.939886093139648,0
13.940073490142822,0
13.940080642700195,0
13.960059404373167,0
13.960075855255129,0
13.960092067718506,0
13.979015588760376,0
13.979085206985474,0
13.979137897491457,0
13.994901657104492,0
13.999550342559814,0
13.99962878227234,0
13.999673843383787,0
14.003329277038574,0
14.003351926803589,0
14.004599809646606,0
14.004899978637695,0
14.004918098449709,0
14.00503396987915,0
14.016939163208008,0
14.016971349716188,0
14.01699185371399,0
14.01809811592102,0
14.01812982559204,0
14.01814341545105,0
14.018455743789673,0
14.02128767967224,0
14.025174856185911,0
14.02889370918274,0
14.029266834259031,0
14.033437967300417,0
14.033681869506836,0
14.034693956375122,0
14.038615465164185,0
14.038687705993652,0
14.038734912872314,0
14.042748212814333,0
14.042808294296265,0
14.04315710067749,0
14.043303728103638,0
14.060035705566406,0
14.060077905654907,0
14.060097217559814,0
14.076175928115845,0
14.07619833946228,0
14.076220512390137,0
14.078089714050291,0
14.079841375350952,0
14.079882860183716,0
14.079962253570557,0
14.084032773971558,0
14.084363222122192,0
14.084399461746216,0
14.084441661834717,0
14.08690071105957,0
14.087323904037476,0
14.087712049484251,0
14.087740898132324,0
14.08918833732605,0
14.089227199554443,0
14.08924436569214,0
14.091859579086304,0
14.09187650680542,0
14.098164558410645,0
14.098222970962524,0
14.099537134170532,0
14.101749897003174,0
14.102558135986328,0
14.102586269378662,0
14.11496114730835,0
14.114986181259155,0
14.114996433258057,0
14.134685277938845,0
14.13497519493103,0
14.13500714302063,0
14.135023593902588,0
14.138619661331177,0
14.138826370239258,0
14.138871669769289,0
14.141130208969116,0
14.141284942626951,0
14.141299724578856,0
14.141344785690308,0
14.141359329223633,0
14.143539905548096,0
14.145023345947266,0
14.157294034957886,0
14.157326936721802,0
14.157386302947998,0
14.15836477279663,0
14.17785096168518,0
14.177884340286257,0
14.17829203605652,0
14.17860198020935,0
14.178648471832275,0
14.198245763778688,0
14.198547840118408,0
14.19870400428772,0
14.218811750411987,0
14.218865633010864,0
14.2188720703125,0
14.22011923789978,0
14.220126152038574,0
14.220158338546751,0
14.220266819000244,0
14.223398208618164,0
14.223458766937256,0
14.223522424697876,0
14.224643230438232,0
14.224660158157349,0
14.226605415344238,0
14.226660251617432,0
14.227938890457152,0
14.232102394104004,0
14.232460498809814,0
14.232461929321287,0
14.232495069503784,0
14.23712396621704,0
14.237174987792969,0
14.237181425094604,0
14.238528728485107,0
14.238555908203123,0
14.238587856292725,0
14.259448051452637,0
14.259521484375,0
14.259522676467896,0
14.26134967803955,0
14.267486810684204,0
14.26751947402954,0
14.267740488052368,0
14.267762422561646,0
14.278457880020142,0
14.27852988243103,0
14.278584718704224,0
14.280704975128174,0
14.280742406845093,0
14.280940532684326,0
14.298125267028809,0
14.298153400421144,0
14.298171520233154,0
14.305050611495972,0
14.305131435394289,0
14.307517290115356,0
14.307533979415894,0
14.30822777748108,0
14.315912246704102,0
14.31591296195984,0
14.31594443321228,0
14.339978218078612,0
14.340027570724487,0
14.34007215499878,0
14.340129375457764,0
14.340187788009644,0
14.340286016464232,0
14.340311527252195,0
14.340341329574583,0
14.340364933013916,0
14.340413808822632,0
14.340524673461914,0
14.340553283691406,0
14.34313988685608,0
14.343451976776125,0
14.343887567520142,0
14.349462509155272,0
14.34949231147766,0
14.349536657333374,0
14.350668668746948,0
14.3535737991333,0
14.354350566864014,0
14.35437536239624,0
14.355502843856812,0
14.36560845375061,0
14.36562156677246,0
14.36988925933838,0
14.37074899673462,0
14.37162470817566,0
14.371663331985474,0
14.37182092666626,0
14.3718364238739,0
14.371995210647585,0
14.37701153755188,0
14.377635478973389,0
14.377674102783203,0
14.395515203475952,0
14.395574808120728,0
14.395631074905396,0
14.39867091178894,0
14.398685932159424,0
14.400286674499512,0
14.400298595428469,0
14.41429567337036,0
14.414314031600952,0
14.414326429367064,0
14.417306423187256,0
14.435609102249146,0
14.435628652572632,0
14.435638904571531,0
14.436696529388428,0
14.436697006225586,0
14.438686847686768,0
14.438733339309692,0
14.456061124801636,0
14.456063985824583,0
14.4560968875885,0
14.467235565185549,0
14.46724009513855,0
14.467265367507936,0
14.468344688415527,0
14.470240354537964,0
14.475530624389648,0
14.477838516235352,0
14.477866172790527,0
14.477948904037476,0
14.503149271011353,0
14.503182172775269,0
14.503251552581789,0
14.522027969360352,0
14.522051334381104,0
14.522117853164673,0
14.522711992263794,0
14.522720098495483,0
14.522758722305298,0
14.52277946472168,0
14.539449214935305,0
14.539527416229248,0
14.539557933807371,0
14.561633586883543,0
14.562347650527954,0
14.56238842010498,0
14.564977884292604,0
14.56507158279419,0
14.566694736480711,0
14.56670594215393,0
14.567884683609009,0
14.574311256408691,0
14.574340343475342,0
14.574361562728882,0
14.575878381729126,0
14.58030080795288,0
14.580581903457642,0
14.580668926239014,0
14.583270788192747,0
14.583325147628784,0
14.590095043182371,0
14.590137958526611,0
14.590822219848633,0
14.590866088867188,0
14.5966796875,0
14.596702337265016,0
14.59671115875244,0
14.596718788146973,0
14.5986807346344,0
14.598700523376465,0
14.598719835281372,0
14.59966206550598,0
14.599680423736572,0
14.602761030197144,0
14.602785348892212,0
14.614976406097412,0
14.615135192871094,0
14.615229845046995,0
14.620189905166626,0
14.62022089958191,0
14.620511293411257,0
14.62637186050415,0
14.632342100143433,0
14.632481098175049,0
14.632622718811035,0
14.632816076278688,0
14.634625911712646,0
14.634994268417358,0
14.63502550125122,0
14.637348413467407,0
14.640426397323608,0
14.640460729599,0
14.64053726196289,0
14.640867471694946,0
14.660084247589111,0
14.660130262374878,0
14.66013479232788,0
14.677156925201416,0
14.681049108505247,0
14.681084394454956,0
14.681102275848389,0
14.684287071228027,0
14.68431282043457,0
14.684367895126345,0
14.684420108795166,0
14.687799453735352,0
14.688116073608398,0
14.688152313232422,0
14.69172501564026,0
14.69176435470581,0
14.694263696670532,0
14.694301128387451,0
14.696568250656128,0
14.696614980697632,0
14.696629524230955,0
14.698041915893556,0
14.715239763259888,0
14.715348958969116,0
14.715381383895874,0
14.71863293647766,0
14.718906164169312,0
14.718935012817385,0
14.719218969345093,0
14.7417733669281,0
14.741787910461426,0
14.741803407669067,0
14.741866111755373,0
14.74189829826355,0
14.741981029510498,0
14.758604764938354,0
14.758644342422484,0
14.76013159751892,0
14.768628358840942,0
14.7711820602417,0
14.775538682937622,0
14.78143048286438,0
14.781548023223875,0
14.781566143035889,0
14.795897245407104,0
14.795912981033323,0
14.802088499069214,0
14.802120685577393,0
14.80240249633789,0
14.815129518508911,0
14.815147638320925,0
14.815163612365724,0
14.83488130569458,0
14.83526086807251,0
14.835294008255005,0
14.83531141281128,0
14.838433980941772,0
14.83887505531311,0
14.839549541473389,0
14.840072870254517,0
14.840079307556152,0
14.8407301902771,0
14.840764284133911,0
14.841853141784668,0
14.842929601669312,0
14.842968702316284,0
14.8506600856781,0
14.850782871246338,0
14.852027893066406,0
14.860292434692385,0
14.860311031341553,0
14.860435724258425,0
14.8611421585083,0
14.861177682876589,0
14.861188411712646,0
14.861191034317017,0
14.861288070678713,0
14.86184787750244,0
14.861867189407349,0
14.862758874893188,0
14.86863112449646,0
14.868697881698608,0
14.869192123413086,0
14.869220495224,0
14.876690149307253,0
14.87673044204712,0
14.876772165298462,0
14.87795090675354,0
14.878108501434326,0
14.878277778625488,0
14.890109539031982,0
14.890450477600098,0
14.890630960464478,0
14.898905515670776,0
14.89894437789917,0
14.901325225830078,0
14.90177297592163,0
14.91072392463684,0
14.910769939422607,0
14.910829782485962,0
14.9196138381958,0
14.930208683013916,0
14.930260181427002,0
14.93036413192749,0
14.950454473495483,0
14.950510740280151,0
14.950621604919434,0
14.95617175102234,0
14.956193447113035,0
14.956433057785034,0
14.956891775131226,0
14.958749294281006,0
14.958771467208862,0
14.962092161178589,0
14.964648246765137,0
14.97012972831726,0
14.970165252685549,0
14.970180988311768,0
14.97223448753357,0
14.972339391708374,0
14.97754168510437,0
14.97758436203003,0
14.97760009765625,0
14.97763991355896,0
14.982413530349731,0
14.982660055160522,0
14.982958555221558,0
14.984410285949709,0
14.990336179733276,0
14.990378856658936,0
14.990479230880736,0
15.010111093521118,0
15.0101478099823,0
15.01016330718994,0
15.01826238632202,0
15.018547058105469,0
15.03018045425415,0
15.030221939086914,0
15.03022313117981,0
15.038044691085815,0
15.038109302520752,0
15.043225765228271,0
15.05028223991394,0
15.050331592559814,0
15.050440549850464,0
15.070795059204102,0
15.070851564407349,0
15.070886850357056,0
15.074009656906128,0
15.075146436691284,0
15.075274229049684,0
15.075515747070312,0
15.07610011100769,0
15.076432704925535,0
15.076690435409546,0
15.079630613327026,0
15.086359024047852,0
15.086790323257446,0
15.086860179901125,0
15.0868878364563,0
15.090505123138428,0
15.090550899505615,0
15.090569972991943,0
15.091961145401,0
15.092498064041138,0
15.092639684677124,0
15.093036413192747,0
15.093177556991575,0
15.096709489822388,0
15.09675145149231,0
15.109848976135254,0
15.109947204589844,0
15.109962701797484,0
15.110007524490356,0
15.130450248718262,0
15.130500078201294,0
15.131331205368042,0
15.132354021072388,0
15.13608741760254,0
15.136581182479858,0
15.137003421783447,0
15.138081073760986,0
15.138150215148926,0
15.13821268081665,0
15.138991355895996,0
15.140628337860107,0
15.15066933631897,0
15.150715827941896,0
15.150795936584473,0
15.150864839553831,0
15.170456171035768,0
15.170504093170166,0
15.170592784881592,0
15.174194812774658,0
15.17467761039734,0
15.175969123840332,0
15.179727792739868,0
15.179866552352903,0
15.179918050765991,0
15.180517196655272,0
15.180542469024658,0
15.180631160736084,0
15.180683851242064,0
15.190815687179564,0
15.19086480140686,0
15.191256046295166,0
15.19911766052246,0
15.20124578475952,0
15.204923629760742,0
15.205864429473875,0
15.205912590026855,0
15.206152200698853,0
15.210448503494264,0
15.210485696792604,0
15.211093187332152,0
15.212788581848145,0
15.21308183670044,0
15.213106632232666,0
15.213117122650146,0
15.215368270874023,0
15.215377807617188,0
15.21540069580078,0
15.230801105499268,0
15.231159448623655,0
15.231184005737305,0
15.2320818901062,0
15.236304759979248,0
15.240226030349731,0
15.24674677848816,0
15.24800705909729,0
15.248189687728882,0
15.250052452087402,0
15.2502281665802,0
15.250263214111328,0
15.250288009643556,0
15.250386238098145,0
15.25041365623474,0
15.250432968139648,0
15.270434141159058,0
15.270488023757936,0
15.27051854133606,0
15.290996789932253,0
15.29108953475952,0
15.291200399398804,0
15.298478841781616,0
15.310490131378174,0
15.310518741607666,0
15.310551166534424,0
15.3261616230011,0
15.326195001602173,0
15.32620930671692,0
15.326232194900513,0
15.32894515991211,0
15.328949451446531,0
15.328965187072754,0
15.330166578292848,0
15.330202102661133,0
15.330276012420654,0
15.330890655517578,0
15.330956935882568,0
15.350710391998293,0
15.35076665878296,0
15.35078501701355,0
15.35501194000244,0
15.355106115341188,0
15.355772018432615,0
15.355808019638062,0
15.355829238891602,0
15.355876922607422,0
15.35589861869812,0
15.355918169021606,0
15.355968475341797,0
15.360280513763428,0
15.370736360549929,0
15.372384071350098,0
15.372863292694092,0
15.376147985458374,0
15.376185417175291,0
15.376235246658323,0
15.376299142837524,0
15.376344919204712,0
15.37639045715332,0
15.376481771469116,0
15.37653136253357,0
15.380911350250244,0
15.381410360336304,0
15.386516571044922,0
15.386537790298462,0
15.386553287506104,0
15.386601209640505,0
15.3878755569458,0
15.38860845565796,0
15.388665676116943,0
15.3900043964386,0
15.390049934387209,0
15.390066862106323,0
15.398297786712646,0
15.398330450057983,0
15.40009069442749,0
15.400119543075562,0
15.416513442993164,0
15.416555166244509,0
15.416557788848875,0
15.418051719665527,0
15.439642190933228,0
15.439685106277466,0
15.439729928970335,0
15.443909168243408,0
15.447110414505005,0
15.44715404510498,0
15.447214841842651,0
15.451761484146118,0
15.451783657073976,0
15.452367782592772,0
15.452432632446287,0
15.460200786590576,0
15.46023726463318,0
15.460811614990234,0
15.467235326766968,0
15.46838355064392,0
15.479304075241089,0
15.480106353759766,0
15.480141162872314,0
15.48063063621521,0
15.481641054153442,0
15.483836650848389,0
15.484049320220947,0
15.4844810962677,0
15.484781265258787,0
15.484907865524292,0
15.50015139579773,0
15.50062656402588,0
15.502012014389038,0
15.502061128616331,0
15.50208067893982,0
15.508089542388916,0
15.510822772979736,0
15.521716356277466,0
15.521739959716797,0
15.5217604637146,0
15.538874626159668,0
15.538915157318115,0
15.538974523544312,0
15.561517238616943,0
15.561617374420166,0
15.561647891998293,0
15.56748104095459,0
15.57351851463318,0
15.573988914489746,0
15.575319766998293,0
15.57535719871521,0
15.57537603378296,0
15.575707912445068,0
15.580967903137209,0
15.58096957206726,0
15.581004619598389,0
15.58210587501526,0
15.582128047943115,0
15.582138776779177,0
15.58390188217163,0
15.584135293960571,0
15.584273099899292,0
15.58429193496704,0
15.598906517028809,0
15.598949909210203,0
15.598973035812378,0
15.600694417953491,0
15.60071086883545,0
15.60072946548462,0
15.600873231887816,0
15.61786723136902,0
15.61789894104004,0
15.617913484573364,0
15.630269765853882,0
15.630310773849487,0
15.63033652305603,0
15.65056300163269,0
15.650604009628296,0
15.650622367858888,0
15.652891635894775,0
15.652936458587646,0
15.652957677841188,0
15.652964115142822,0
15.652990579605104,0
15.652999639511108,0
15.6553635597229,0
15.655431509017944,0
15.657915353775024,0
15.658783912658691,0
15.667426824569702,0
15.670157432556152,0
15.670157670974731,0
15.67108154296875,0
15.686838150024414,0
15.6868577003479,0
15.686866044998167,0
15.68830132484436,0
15.690015077590942,0
15.690045833587646,0
15.690056562423706,0
15.690682172775269,0
15.691608905792236,0
15.704941034317017,0
15.704958438873293,0
15.704972505569458,0
15.704976081848145,0
15.707934856414797,0
15.70796537399292,0
15.709890842437744,0
15.709913730621338,0
15.70992398262024,0
15.721004724502563,0
15.721017599105837,0
15.73050332069397,0
15.730522871017456,0
15.730527877807615,0
15.750509977340698,0
15.75054144859314,0
15.750554323196411,0
15.75674819946289,0
15.758863925933838,0
15.75889015197754,0
15.766128778457642,0
15.766156196594238,0
15.766167879104614,0
15.766181230545044,0
15.77021050453186,0
15.77022624015808,0
15.770228624343872,0
15.770267248153688,0
15.77038073539734,0
15.77039623260498,0
15.771860122680664,0
15.786818265914915,0
15.786842346191406,0
15.786853551864624,0
15.7870352268219,0
15.79013991355896,0
15.79016661643982,0
15.790189743041992,0
15.790753602981567,0
15.790767192840576,0
15.790780544281006,0
15.791002988815308,0
15.791097164154053,0
15.792717456817629,0
15.79275131225586,0
15.802098512649536,0
15.802240371704102,0
15.802253484725952,0
15.802263021469116,0
15.803780555725098,0
15.80418610572815,0
15.804327249526978,0
15.804743528366089,0
15.809807777404783,0
15.809828996658323,0
15.809834480285645,0
15.817694664001465,0
15.819509506225586,0
15.819839000701904,0
15.820053100585938,0
15.829888343811035,0
15.82991647720337,0
15.82997727394104,0
15.846189737319946,0
15.846290111541748,0
15.846558332443236,0
15.848143577575684,0
15.85494089126587,0
15.857012271881104,0
15.857043504714966,0
15.85757064819336,0
15.85805344581604,0
15.878809690475464,0
15.879698514938354,0
15.87972331047058,0
15.895268201828005,0
15.895282745361328,0
15.8953754901886,0
15.895480155944824,0
15.899893760681152,0
15.899935722351074,0
15.90006399154663,0
15.900808334350586,0
15.900827884674072,0
15.900839805603027,0
15.90182614326477,0
15.90184760093689,0
15.914510250091553,0
15.914754629135132,0
15.915017366409302,0
15.915857076644896,0
15.915860652923584,0
15.91718363761902,0
15.92562484741211,0
15.925636291503906,0
15.925647735595703,0
15.925731420516968,0
15.929548501968384,0
15.929584503173828,0
15.9296236038208,0
15.929681301116943,0
15.93753170967102,0
15.937550783157349,0
15.93756365776062,0
15.954666376113892,0
15.954676389694214,0
15.954696416854858,0
15.957835674285889,0
15.957840919494627,0
15.95851707458496,0
15.958924293518066,0
15.958949089050291,0
15.959001779556274,0
15.96277666091919,0
15.962788581848145,0
15.962893009185793,0
15.962906122207642,0
15.964618682861328,0
15.975016117095947,0
15.9750816822052,0
15.97509765625,0
15.979493618011476,0
15.98289394378662,0
15.984698057174684,0
15.98474645614624,0
15.985126733779907,0
15.98514175415039,0
15.985153675079346,0
15.98516583442688,0
15.985203981399536,0
15.987900733947754,0
15.987923622131348,0
15.992504119873049,0
15.992521047592165,0
15.995701551437378,0
15.995713233947754,0
15.995723485946655,0
16.01473069190979,0
16.014731407165527,0
16.014935731887817,0
16.023964881896973,0
16.02408504486084,0
16.024150848388672,0
16.024165630340576,0
16.025320291519165,0
16.025546312332153,0
16.02557063102722,0
16.02595543861389,0
16.036795616149902,0
16.036827325820923,0
16.036842823028564,0
16.042948484420776,0
16.042966842651367,0
16.043020486831665,0
16.04306936264038,0
16.045868635177612,0
16.045930862426758,0
16.04594850540161,0
16.050392627716064,0
16.05042862892151,0
16.050446033477783,0
16.05735754966736,0
16.07006525993347,0
16.07010841369629,0
16.070239543914795,0
16.079013347625732,0
16.07903528213501,0
16.079997777938843,0
16.080379724502563,0
16.089987993240356,0
16.09002161026001,0
16.090078353881836,0
16.11191987991333,0
16.11194682121277,0
16.111958265304565,0
16.12293577194214,0
16.122952699661255,0
16.123002529144287,0
16.12490725517273,0
16.1249258518219,0
16.130046606063843,0
16.13008952140808,0
16.13011145591736,0
16.14634346961975,0
16.14642357826233,0
16.1478054523468,0
16.15008282661438,0
16.150105237960815,0
16.15011215209961,0
16.153326272964478,0
16.15337371826172,0
16.170321226119995,0
16.170445442199707,0
16.170494556427002,0
16.175692558288574,0
16.175716400146484,0
16.176566123962402,0
16.176573276519775,0
16.176587343215942,0
16.17658829689026,0
16.17959475517273,0
16.179611206054688,0
16.18018388748169,0
16.180485010147095,0
16.181986570358276,0
16.18983268737793,0
16.189858198165894,0
16.19002866744995,0
16.194843530654907,0
16.19911766052246,0
16.20131230354309,0
16.201339960098267,0
16.201377630233765,0
16.203633546829224,0
16.203672170639038,0
16.2037034034729,0
16.20373511314392,0
16.203850507736206,0
16.203866958618164,0
16.203880310058594,0
16.210160970687866,0
16.210185050964355,0
16.210201263427734,0
16.21643853187561,0
16.23002290725708,0
16.23005962371826,0
16.23007583618164,0
16.243345975875854,0
16.243366718292236,0
16.243385553359985,0
16.243430614471436,0
16.24645709991455,0
16.246492624282837,0
16.24653458595276,0
16.25014853477478,0
16.250539541244507,0
16.250618934631348,0
16.265528678894043,0
16.26714062690735,0
16.26783537864685,0
16.267882108688354,0
16.27657723426819,0
16.27662992477417,0
16.277127742767334,0
16.277501583099365,0
16.277544498443604,0
16.278334617614746,0
16.278388500213623,0
16.290363073349,0
16.290390253067017,0
16.290407419204712,0
16.29312014579773,0
16.293675184249878,0
16.29369354248047,0
16.293941974639893,0
16.29616904258728,0
16.296183347702026,0
16.296197175979614,0
16.31037402153015,0
16.31040620803833,0
16.31041979789734,0
16.311766624450684,0
16.3117835521698,0
16.315147638320923,0
16.31517243385315,0
16.3298819065094,0
16.329923629760742,0
16.329925537109375,0
16.346911668777466,0
16.34988784790039,0
16.3499116897583,0
16.349925994873047,0
16.369967699050903,0
16.369985103607178,0
16.369987726211548,0
16.37383532524109,0
16.373841047286987,0
16.374326467514038,0
16.374347448349,0
16.37438154220581,0
16.374393939971924,0
16.37657928466797,0
16.376611709594727,0
16.37662696838379,0
16.37678337097168,0
16.389867544174194,0
16.389981508255005,0
16.389997482299805,0
16.403515815734863,0
16.403698444366455,0
16.40385627746582,0
16.40405583381653,0
16.404494524002075,0
16.405030727386475,0
16.405034065246582,0
16.406436443328857,0
16.40646529197693,0
16.409831523895264,0
16.4098482131958,0
16.409905910491943,0
16.41390872001648,0
16.41393804550171,0
16.430550575256348,0
16.430587768554688,0
16.43060564994812,0
16.436825037002563,0
16.45062828063965,0
16.450666189193726,0
16.45068597793579,0
16.47020697593689,0
16.470214366912842,0
16.470258951187134,0
16.477394104003906,0
16.477797508239746,0
16.47782325744629,0
16.47784447669983,0
16.47984290122986,0
16.479864597320557,0
16.479885578155518,0
16.48133373260498,0
16.484803676605225,0
16.489775896072388,0
16.490784883499146,0
16.490804195404053,0
16.49085760116577,0
16.509875297546387,0
16.511375188827515,0
16.511394262313843,0
16.51743459701538,0
16.51745057106018,0
16.517462730407715,0
16.51749587059021,0
16.52026605606079,0
16.52028226852417,0
16.52032995223999,0
16.521403074264526,0
16.52142906188965,0
16.52266764640808,0
16.52282214164734,0
16.52668523788452,0
16.526705741882324,0
16.526715755462646,0
16.526735544204712,0
16.527867794036865,0
16.528224229812622,0
16.528248071670532,0
16.528733253479004,0
16.53033995628357,0
16.530367612838745,0
16.53042960166931,0
16.55070161819458,0
16.55103588104248,0
16.55107879638672,0
16.55413317680359,0
16.554144382476807,0
16.55538320541382,0
16.555400371551514,0
16.55543875694275,0
16.55554699897766,0
16.556861877441406,0
16.556899547576904,0
16.55691385269165,0
16.5579617023468,0
16.561649799346924,0
16.56998872756958,0
16.570016622543335,0
16.570029973983765,0
16.57523012161255,0
16.589872360229492,0
16.58989906311035,0
16.589903116226196,0
16.59716486930847,0
16.597461223602295,0
16.597479343414307,0
16.597493410110474,0
16.609873294830322,0
16.609902381896973,0
16.61001205444336,0
16.621878623962402,0
16.621890783309937,0
16.62234139442444,0
16.623852252960205,0
16.623881101608276,0
16.630112648010254,0
16.630407094955444,0
16.6307156085968,0
16.637506246566772,0
16.637571811676025,0
16.63875675201416,0
16.650449514389038,0
16.650493621826172,0
16.650593757629395,0
16.66903805732727,0
16.66944646835327,0
16.67038631439209,0
16.670414209365845,0
16.670732736587524,0
16.670801877975464,0
16.67086887359619,0
16.674068212509155,0
16.67487382888794,0
16.674968957901,0
16.69028902053833,0
16.690412282943726,0
16.690412759780884,0
16.69381284713745,0
16.71207880973816,0
16.71215558052063,0
16.712271451950073,0
16.714356899261475,0
16.71453833580017,0
16.71466040611267,0
16.71467876434326,0
16.714701414108276,0
16.719260692596436,0
16.719303607940674,0
16.71932077407837,0
16.719334602355957,0
16.71934962272644,0
16.719470500946045,0
16.7230122089386,0
16.724385499954224,0
16.726792097091675,0
16.730496883392334,0
16.730525493621826,0
16.730559587478638,0
16.741435527801514,0
16.741454601287842,0
16.751991748809814,0
16.752007246017456,0
16.753464698791504,0
16.763699054718018,0
16.763742923736572,0
16.763787984848022,0
16.76383137702942,0
16.765823364257812,0
16.76588773727417,0
16.765910387039185,0
16.768840074539185,0
16.76886487007141,0
16.768873691558838,0
16.76889181137085,0
16.770448923110962,0
16.770482063293457,0
16.770500659942627,0
16.782869338989258,0
16.782990217208862,0
16.78311800956726,0
16.783194303512573,0
16.790346145629883,0
16.790385484695435,0
16.790554523468018,0
16.8103084564209,0
16.810349702835083,0
16.810391187667847,0
16.81143569946289,0
16.811904668807983,0
16.811927795410156,0
16.81194829940796,0
16.815279722213745,0
16.815378665924072,0
16.815420389175415,0
16.81543731689453,0
16.815478801727295,0
16.818446159362793,0
16.818511962890625,0
16.82087469100952,0
16.83918046951294,0
16.83920955657959,0
16.839231491088867,0
16.842710256576538,0
16.844791173934937,0
16.844831943511963,0
16.845050811767578,0
16.84630584716797,0
16.84638547897339,0
16.84673237800598,0
16.858872652053833,0
16.858908653259277,0
16.85896587371826,0
16.88069176673889,0
16.88074231147766,0
16.880762577056885,0
16.893933534622192,0
16.901254415512085,0
16.901296377182007,0
16.901315212249756,0
16.902435302734375,0
16.903123140335083,0
16.90316104888916,0
16.903425931930542,0
16.90347957611084,0
16.903498888015747,0
16.906123638153076,0
16.906182527542114,0
16.90624475479126,0
16.909584283828735,0
16.90960383415222,0
16.918555736541748,0
16.918588399887085,0
16.91860342025757,0
16.92833375930786,0
16.93173837661743,0
16.932953357696533,0
16.940450429916382,0
16.940487146377563,0
16.940503120422363,0
16.960626125335693,0
16.960646867752075,0
16.960665464401245,0
16.960712909698486,0
16.96121072769165,0
16.961729764938354,0
16.96463179588318,0
16.96490979194641,0
16.964935541152954,0
16.96495223045349,0
16.96558666229248,0
16.96560835838318,0
16.96821141242981,0
16.97137475013733,0
16.979029893875122,0
16.979036808013916,0
16.979636669158936,0
16.98453664779663,0
16.99743676185608,0
16.99747133255005,0
16.99752950668335,0
17.012234449386597,0
17.013036727905273,0
17.013068199157715,0
17.013675928115845,0
17.017982482910156,0
17.01801061630249,0
17.01802086830139,0
17.018932342529297,0
17.021187782287598,0
17.021244525909424,0
17.0213303565979,0
17.021601676940918,0
17.021632432937622,0
17.024064302444458,0
17.02411150932312,0
17.028886795043945,0
17.02910017967224,0
17.029121160507202,0
17.029132604599,0
17.03202176094055,0
17.032036781311035,0
17.032052040100098,0
17.032094478607178,0
17.03730535507202,0
17.037328958511353,0
17.03734016418457,0
17.04407572746277,0
17.04410457611084,0
17.044131994247437,0
17.044172525405884,0
17.04465651512146,0
17.044686794281006,0
17.04473614692688,0
17.056301593780518,0
17.056331634521484,0
17.056385278701782,0
17.070127725601196,0
17.07017993927002,0
17.0992329120636,0
17.102750301361084,0
17.102821826934814,0
17.10284662246704,0
17.116841077804565,0
17.116878271102905,0
17.11689281463623,0
17.128127336502075,0
17.12816572189331,0
17.12847328186035,0
17.128511905670166,0
17.13137149810791,0
17.131393909454346,0
17.13148021697998,0
17.133347988128662,0
17.133376598358154,0
17.138502597808838,0
17.138538122177124,0
17.138599634170532,0
17.150351524353027,0
17.150450944900513,0
17.15215563774109,0
17.16138195991516,0
17.161523818969727,0
17.161580562591553,0
17.16503882408142,0
17.165715217590332,0
17.1663236618042,0
17.16667127609253,0
17.169408559799194,0
17.170283794403076,0
17.17031764984131,0
17.170528411865234,0
17.173913955688477,0
17.17393445968628,0
17.173988580703735,0
17.176096439361572,0
17.180577993392944,0
17.18060612678528,0
17.180652618408203,0
17.18911647796631,0
17.191241025924683,0
17.191256046295166,0
17.1917986869812,0
17.195784330368042,0
17.195815086364746,0
17.196168899536133,0
17.19646644592285,0
17.19648289680481,0
17.19649624824524,0
17.19654679298401,0
17.19693636894226,0
17.196977138519287,0
17.197006702423096,0
17.216715335845947,0
17.216749668121338,0
17.216801404953003,0
17.226053953170776,0
17.227914571762085,0
17.228673696517944,0
17.237308025360107,0
17.237317323684692,0
17.237536191940308,0
17.248483180999756,0
17.251482486724854,0
17.251522302627563,0
17.25152325630188,0
17.25163769721985,0
17.251662969589233,0
17.251814126968384,0
17.253567695617676,0
17.253801345825195,0
17.253833532333374,0
17.25383424758911,0
17.255004405975342,0
17.2551691532135,0
17.255534648895264,0
17.25916814804077,0
17.25918436050415,0
17.260085344314575,0
17.27993941307068,0
17.27998113632202,0
17.27999782562256,0
17.290364027023315,0
17.29043173789978,0
17.290441274642944,0
17.32228660583496,0
17.32234811782837,0
17.32244849205017,0
17.322523593902588,0
17.34041714668274,0
17.340486764907837,0
17.34096598625183,0
17.34744906425476,0
17.34745717048645,0
17.349357843399048,0
17.349655389785767,0
17.349738597869873,0
17.35016679763794,0
17.35801672935486,0
17.358176946640015,0
17.3582022190094,0
17.358580827713013,0
17.358652114868164,0
17.358689069747925,0
17.376179933547974,0
17.37621235847473,0
17.378594398498535,0
17.37862753868103,0
17.378675937652588,0
17.38115692138672,0
17.38121008872986,0
17.38226342201233,0
17.384334802627563,0
17.388570070266724,0
17.394558906555176,0
17.398332595825195,0
17.39836549758911,0
17.398580074310303,0
17.399766206741333,0
17.39978051185608,0
17.399795293807983,0
17.399822235107422,0
17.409169912338257,0
17.4091956615448,0
17.4092960357666,0
17.410892009735107,0
17.410928964614868,0
17.413212776184082,0
17.413230895996094,0
17.431023597717285,0
17.431211948394775,0
17.43148636817932,0
17.436767101287842,0
17.436793327331543,0
17.436807870864868,0
17.445748329162598,0
17.45165491104126,0
17.451839447021484,0
17.451982975006104,0
17.452007055282593,0
17.455364227294922,0
17.455414533615112,0
17.45554828643799,0
17.462515354156494,0
17.462543964385986,0
17.462554216384888,0
17.46670889854431,0
17.46919584274292,0
17.470194816589355,0
17.47778606414795,0
17.477789878845215,0
17.477827310562134,0
17.4977765083313,0
17.50022315979004,0
17.50025200843811,0
17.500269412994385,0
17.500426292419434,0
17.500444650650024,0
17.500558853149414,0
17.501933813095093,0
17.501955270767212,0
17.501975774765015,0
17.503588438034058,0
17.503615379333496,0
17.505667448043823,0
17.505676984786987,0
17.50736665725708,0
17.50777506828308,0
17.50778865814209,0
17.507809162139893,0
17.512995958328247,0
17.5130136013031,0
17.513017654418945,0
17.513031482696533,0
17.513726234436035,0
17.516172409057617,0
17.51876211166382,0
17.519166946411133,0
17.519195556640625,0
17.536495685577393,0
17.536529302597046,0
17.536792278289795,0
17.553056001663208,0
17.553216218948364,0
17.55323624610901,0
17.555493593215942,0
17.555529356002808,0
17.556902408599854,0
17.556934118270874,0
17.55694317817688,0
17.556952238082886,0
17.556963205337524,0
17.556970596313477,0
17.55698323249817,0
17.55936050415039,0
17.578644037246704,0
17.579094409942627,0
17.579119443893433,0
17.596131563186646,0
17.59616255760193,0
17.596184492111206,0
17.596279859542847,0
17.601208925247192,0
17.601255416870117,0
17.601325511932373,0
17.601396560668945,0
17.6015887260437,0
17.601595163345337,0
17.604898691177368,0
17.606311321258545,0
17.61296582221985,0
17.613035202026367,0
17.619243621826172,0
17.619589805603027,0
17.62115788459778,0
17.621197938919067,0
17.622280836105347,0
17.638511180877686,0
17.638556718826294,0
17.638658046722412,0
17.65030789375305,0
17.658753395080566,0
17.658775091171265,0
17.658794164657593,0
17.658841848373413,0
17.659982919692993,0
17.660024404525757,0
17.660026788711548,0
17.66166591644287,0
17.663012266159058,0
17.66310477256775,0
17.663108825683594,0
17.669623374938965,0
17.669811725616455,0
17.669816255569458,0
17.670353889465332,0
17.672523736953735,0
17.672630071640015,0
17.67274236679077,0
17.681217193603516,0
17.681239366531372,0
17.681387901306152,0
17.6902015209198,0
17.693113565444946,0
17.69576120376587,0
17.695833683013916,0
17.697423696517944,0
17.697497844696045,0
17.698832750320435,0
17.698867321014404,0
17.69894289970398,0
17.71900486946106,0
17.71916890144348,0
17.71918773651123,0
17.72979211807251,0
17.736915349960327,0
17.736932277679443,0
17.736939191818237,0
17.736950159072876,0
17.743019580841064,0
17.743083000183105,0
17.743114233016968,0
17.745219230651855,0
17.745240211486816,0
17.746312618255615,0
17.746538639068604,0
17.74656915664673,0
17.74658226966858,0
17.746594190597534,0
17.750173091888428,0
17.75017499923706,0
17.750189542770386,0
17.755836725234985,0
17.75586724281311,0
17.755878925323486,0
17.764779090881348,0
17.769722938537598,0
17.769742012023926,0
17.770467042922974,0
17.770468950271606,0
17.770514488220215,0
17.772661447525024,0
17.772679567337036,0
17.772696018218994,0
17.773444890975952,0
17.783136129379272,0
17.783315658569336,0
17.783766984939575,0
17.78649926185608,0
17.786591291427612,0
17.797786712646484,0
17.79782271385193,0
17.7978253364563,0
17.798769235610962,0
17.79878520965576,0
17.80041217803955,0
17.817397356033325,0
17.81745147705078,0
17.817453384399414,0
17.83720588684082,0
17.83724808692932,0
17.837265491485596,0
17.8395094871521,0
17.8395414352417,0
17.839664459228516,0
17.839685440063477,0
17.841575860977173,0
17.841611623764038,0
17.841687202453613,0
17.85789179801941,0
17.857938766479492,0
17.857940196990967,0
17.867356061935425,0
17.876355409622192,0
17.87637186050415,0
17.876388788223267,0
17.876450777053833,0
17.878745555877686,0
17.878806352615356,0
17.878829956054688,0
17.880019903182983,0
17.880045175552368,0
17.88005018234253,0
17.885459899902344,0
17.8855242729187,0
17.88860058784485,0
17.888760805130005,0
17.89061737060547,0
17.898345708847046,0
17.898382663726807,0
17.898708820343018,0
17.903250455856323,0
17.90328288078308,0
17.903297185897827,0
17.903661727905273,0
17.90571904182434,0
17.905751943588257,0
17.905776023864746,0
17.916777849197388,0
17.916815757751465,0
17.91683292388916,0
17.93727469444275,0
17.937287092208862,0
17.93733525276184,0
17.943148612976074,0
17.944692611694336,0
17.94634461402893,0
17.961226224899292,0
17.961297512054443,0
17.96132183074951,0
17.97932505607605,0
17.97934627532959,0
17.980067014694214,0
17.98010754585266,0
17.980254650115967,0
17.98280906677246,0
17.98281764984131,0
17.98285222053528,0
17.982858419418335,0
17.9892156124115,0
17.98923921585083,0
17.98934268951416,0
17.990145683288574,0
17.990173816680908,0
17.990188121795654,0
17.990204334259033,0
17.990435123443604,0
17.991780519485474,0
17.99207878112793,0
17.992314338684082,0
17.998639583587646,0
17.99866032600403,0
17.9986789226532,0
18.008056640625,0
18.0100257396698,0
18.010032176971436,0
18.010071277618408,0
18.01615810394287,0
18.016176462173465,0
18.01624608039856,0
18.01629328727722,0
18.016397953033447,0
18.0164053440094,0
18.025792121887207,0
18.025825262069706,0
18.025867462158203,0
18.03016495704651,0
18.030210256576535,0
18.030510187149048,0
18.03431224822998,0
18.03437042236328,0
18.036441564559937,0
18.03797936439514,0
18.04032588005066,0
18.05036687850952,0
18.05078077316284,0
18.05081081390381,0
18.05113673210144,0
18.052439212799072,0
18.052469491958615,0
18.052833795547485,0
18.05442905426025,0
18.057231426239014,0
18.059547185897827,0
18.059584140777588,0
18.05965375900269,0
18.07807731628418,0
18.07839274406433,0
18.07842755317688,0
18.09872078895569,0
18.09873914718628,0
18.09875512123108,0
18.09913444519043,0
18.11824893951416,0
18.11828994750977,0
18.11837863922119,0
18.13756513595581,0
18.137927055358887,0
18.137985467910767,0
18.13804078102112,0
18.13872528076172,0
18.1387631893158,0
18.139280557632446,0
18.14117765426636,0
18.14118719100952,0
18.14120578765869,0
18.14254903793335,0
18.142581939697266,0
18.144901037216187,0
18.14496278762817,0
18.14595341682434,0
18.15549945831299,0
18.155625343322757,0
18.15738272666931,0
18.15741491317749,0
18.157416343688965,0
18.166111707687374,0
18.16631269454956,0
18.16682910919189,0
18.167266368865967,0
18.169177055358887,0
18.16922688484192,0
18.169273138046265,0
18.170958280563354,0
18.178711652755737,0
18.17873954772949,0
18.178751707077023,0
18.184686422348022,0
18.18499875068665,0
18.18502950668335,0
18.185044527053837,0
18.18609404563904,0
18.18611311912537,0
18.18612909317017,0
18.196521520614624,0
18.1965548992157,0
18.196558475494385,0
18.20160675048828,0
18.20163917541504,0
18.20371103286743,0
18.203771591186523,0
18.20618438720703,0
18.20622420310974,0
18.206237316131592,0
18.20637035369873,0
18.21635270118713,0
18.216410160064697,0
18.21641492843628,0
18.220160007476807,0
18.220638275146484,0
18.220659971237183,0
18.22100234031677,0
18.23562431335449,0
18.235782861709595,0
18.243595123291016,0
18.24362802505493,0
18.243644952774048,0
18.243661165237427,0
18.24466371536255,0
18.24472999572754,0
18.24489903450012,0
18.250116109848022,0
18.250391960144043,0
18.250421047210693,0
18.25653839111328,0
18.27013611793518,0
18.270180225372314,0
18.27025055885315,0
18.28555512428284,0
18.285564422607425,0
18.28556799888611,0
18.285593271255493,0
18.28808808326721,0
18.28810834884644,0
18.28812837600708,0
18.29209852218628,0
18.292117834091187,0
18.292134523391724,0
18.30740761756897,0
18.30740785598755,0
18.31243348121643,0
18.312467098236084,0
18.312480449676517,0
18.319483041763306,0
18.31967854499817,0
18.32035994529724,0
18.329975366592407,0
18.33001136779785,0
18.330230951309204,0
18.332379579544067,0
18.33597183227539,0
18.34024143218994,0
18.340447425842285,0
18.35096955299377,0
18.350998163223267,0
18.351008653640747,0
18.357823133468628,0
18.35810661315918,0
18.35838007926941,0
18.358566999435425,0
18.361427783966064,0
18.36146903038025,0
18.3618757724762,0
18.36470317840576,0
18.36774778366089,0
18.369726419448853,0
18.36974668502808,0
18.371830463409424,0
18.37186884880066,0
18.37201428413391,0
18.37519574165344,0
18.3833327293396,0
18.385207891464237,0
18.386460065841675,0
18.38650774955749,0
18.38672471046448,0
18.386982202529907,0
18.387035369873047,0
18.39007377624512,0
18.39009094238281,0
18.390134811401367,0
18.39758777618408,0
18.397628784179688,0
18.400632858276367,0
18.40067219734192,0
18.410556077957157,0
18.410605907440186,0
18.410685062408447,0
18.430322885513306,0
18.4303560256958,0
18.430371284484863,0
18.43764281272888,0
18.45022678375244,0
18.450275182724,0
18.450499773025516,0
18.463318586349487,0
18.463728666305546,0
18.463762044906616,0
18.4638249874115,0
18.468451023101807,0
18.46879410743713,0
18.46910643577576,0
18.47015953063965,0
18.4701988697052,0
18.47023057937622,0
18.48533725738525,0
18.485933542251587,0
18.486282110214237,0
18.486315488815308,0
18.489099264144897,0
18.48944401741028,0
18.49047088623047,0
18.49051141738892,0
18.490800857543945,0
18.49118995666504,0
18.49276089668274,0
18.50069499015808,0
18.500755310058597,0
18.50290012359619,0
18.50503253936768,0
18.506195306777958,0
18.506244659423828,0
18.506510972976685,0
18.510814905166622,0
18.510863065719604,0
18.510942459106445,0
18.527448654174805,0
18.52747273445129,0
18.530599117279053,0
18.53064203262329,0
18.53072762489319,0
18.531858682632446,0
18.53193044662476,0
18.54795527458191,0
18.55016303062439,0
18.55020427703857,0
18.55034208297729,0
18.57078456878662,0
18.570860624313354,0
18.570916414260864,0
18.57599973678589,0
18.57602858543396,0
18.577367544174194,0
18.577966451644897,0
18.57816219329834,0
18.578789949417114,0
18.58131599426269,0
18.58149099349976,0
18.58227849006653,0
18.58265328407288,0
18.590360403060917,0
18.59040927886963,0
18.59046030044556,0
18.60189747810364,0
18.60263442993164,0
18.60293960571289,0
18.60323929786682,0
18.610679388046265,0
18.6107656955719,0
18.61085700988769,0
18.63045692443848,0
18.63048911094665,0
18.63052773475647,0
18.634957551956177,0
18.634995698928837,0
18.63557457923889,0
18.637391090393063,0
18.63743305206299,0
18.639235973358154,0
18.63927173614502,0
18.639944791793823,0
18.642686367034912,0
18.650232791900635,0
18.650262594223022,0
18.65027356147766,0
18.65385770797729,0
18.660292863845825,0
18.661774158477783,0
18.663416147232056,0
18.66344237327576,0
18.663462162017822,0
18.66351318359375,0
18.66396760940552,0
18.66633915901184,0
18.67007780075073,0
18.670122385025024,0
18.67012929916382,0
18.68284559249878,0
18.68651509284973,0
18.68820571899414,0
18.68860340118408,0
18.688777685165405,0
18.688817501068115,0
18.689098358154297,0
18.69046664237976,0
18.690768480300903,0
18.690785884857178,0
18.69959592819214,0
18.699740886688232,0
18.701831102371216,0
18.701926469802856,0
18.71073627471924,0
18.71120834350586,0
18.711240768432617,0
18.73762583732605,0
18.737647533416748,0
18.737662076950077,0
18.73767781257629,0
18.737695693969727,0
18.73773312568665,0
18.737733840942383,0
18.73773550987244,0
18.73775863647461,0
18.73775959014893,0
18.73776197433472,0
18.75209879875183,0
18.75212383270264,0
18.75244379043579,0
18.753291368484497,0
18.75355744361877,0
18.75412607192993,0
18.754131078720093,0
18.754176139831543,0
18.754534244537357,0
18.756859302520752,0
18.75688862800598,0
18.75722622871399,0
18.768139362335205,0
18.77043628692627,0
18.770473957061768,0
18.770521879196167,0
18.77345895767212,0
18.77413010597229,0
18.78286075592041,0
18.78334403038025,0
18.78337836265564,0
18.78377485275269,0
18.7902729511261,0
18.79030728340149,0
18.790323734283447,0
18.803107261657715,0
18.80316519737244,0
18.803789377212524,0
18.80546736717224,0
18.80550694465637,0
18.80792999267578,0
18.80797243118286,0
18.810720682144165,0
18.81076216697693,0
18.81078100204468,0
18.816795587539676,0
18.83010721206665,0
18.830176830291748,0
18.830203533172607,0
18.844937562942505,0
18.846157789230347,0
18.846278190612797,0
18.84628987312317,0
18.84722137451172,0
18.847275733947757,0
18.848294019699097,0
18.84829926490784,0
18.85003232955933,0
18.85006618499756,0
18.85008192062378,0
18.858585596084595,0
18.85999727249145,0
18.87027883529663,0
18.870326280593872,0
18.87037348747253,0
18.891216039657596,0
18.891263961791992,0
18.89128470420837,0
18.893674612045288,0
18.89549493789673,0
18.896888971328732,0
18.897696018218998,0
18.89772129058838,0
18.897741556167603,0
18.89780640602112,0
18.89857769012451,0
18.898651123046875,0
18.901012420654297,0
18.90104842185974,0
18.910801887512207,0
18.910850524902344,0
18.91087126731873,0
18.917479276657104,0
18.930590867996216,0
18.93063163757324,0
18.930701732635494,0
18.947970151901245,0
18.94807291030884,0
18.95501446723938,0
18.95510244369507,0
18.955183267593384,0
18.955214738845825,0
18.95530724525452,0
18.955378770828247,0
18.955406427383423,0
18.955615758895878,0
18.955666303634644,0
18.95577454566956,0
18.9721040725708,0
18.973026752471924,0
18.973050832748413,0
18.9734845161438,0
18.97351098060608,0
18.97366094589233,0
18.973724603652958,0
18.973774909973145,0
18.97408127784729,0
18.97470092773437,0
18.974985122680664,0
18.990599870681763,0
18.990647554397583,0
18.99315619468689,0
18.993324756622314,0
18.99335217475891,0
18.995397090911865,0
18.997876405715942,0
18.99824905395508,0
18.9982750415802,0
18.99836540222168,0
18.99838352203369,0
19.003244161605835,0
19.00382232666016,0
19.00657200813293,0
19.00665044784546,0
19.012107849121094,0
19.01216077804565,0
19.01228094100952,0
19.03959345817566,0
19.04388666152954,0
19.043914556503296,0
19.04392695426941,0
19.06451153755188,0
19.064562797546387,0
19.0645809173584,0
19.064582347869877,0
19.065833568573,0
19.065847873687744,0
19.06586170196533,0
19.069526195526123,0
19.06954598426819,0
19.069949626922607,0
19.071211338043213,0
19.083388090133667,0
19.08342409133911,0
19.083670616149902,0
19.09888601303101,0
19.098886728286743,0
19.09889888763428,0
19.09890651702881,0
19.1006453037262,0
19.100678205490112,0
19.10069227218628,0
19.10070824623108,0
19.100773572921756,0
19.10161757469177,0
19.101651430130005,0
19.10201358795166,0
19.103657007217407,0
19.1036593914032,0
19.103692770004272,0
19.117052793502808,0
19.11971974372864,0
19.12492036819458,0
19.12495422363281,0
19.12496900558472,0
19.12673854827881,0
19.1385281085968,0
19.13977551460266,0
19.139801502227783,0
19.13984560966492,0
19.160923719406128,0
19.161155700683597,0
19.1648006439209,0
19.16483235359192,0
19.16487765312195,0
19.17979145050049,0
19.179803133010864,0
19.1798198223114,0
19.18723058700561,0
19.18723726272583,0
19.18973731994629,0
19.18999457359314,0
19.190072298049927,0
19.19009280204773,0
19.190174102783203,0
19.20318984985352,0
19.20321750640869,0
19.20323085784912,0
19.22418212890625,0
19.224213361740112,0
19.224214792251587,0
19.227526426315308,0
19.230437994003296,0
19.230657815933228,0
19.23068046569824,0
19.230695962905884,0
19.23180890083313,0
19.232213497161865,0
19.23224449157715,0
19.23277950286865,0
19.232828855514526,0
19.236178159713745,0
19.236205339431763,0
19.24170207977295,0
19.242337942123413,0
19.24236392974853,0
19.242423057556152,0
19.243346452713013,0
19.243373155593872,0
19.243376970291138,0
19.243386030197144,0
19.262407302856445,0
19.262439012527462,0
19.26245355606079,0
19.263007402420044,0
19.263178825378414,0
19.26349449157715,0
19.264711618423465,0
19.270248889923096,0
19.270251750946045,0
19.27029657363892,0
19.283864498138428,0
19.284454822540283,0
19.284490823745728,0
19.28461480140686,0
19.2856867313385,0
19.28573489189148,0
19.287312984466556,0
19.28737783432007,0
19.29593634605408,0
19.30474209785461,0
19.30477738380432,0
19.304799556732178,0
19.32558822631836,0
19.3257999420166,0
19.325915336608887,0
19.33239245414734,0
19.334320545196533,0
19.33434224128723,0
19.33435606956482,0
19.33617353439331,0
19.336304187774655,0
19.336323499679565,0
19.34186339378357,0
19.341896533966064,0
19.341908931732178,0
19.342517137527462,0
19.34397602081299,0
19.344940662384037,0
19.36259627342224,0
19.36262679100037,0
19.36263942718506,0
19.366700649261475,0
19.366706132888797,0
19.368189334869385,0
19.368215799331665,0
19.368260622024536,0
19.36829710006714,0
19.37146520614624,0
19.371474742889404,0
19.372123956680294,0
19.377346754074097,0
19.37739109992981,0
19.380616664886475,0
19.38065457344055,0
19.380669593811035,0
19.39912414550781,0
19.39918327331543,0
19.40002751350403,0
19.403175830841064,0
19.40320658683777,0
19.403215169906616,0
19.41969323158264,0
19.419718742370605,0
19.41973161697388,0
19.419732093811035,0
19.423858642578125,0
19.424129962921143,0
19.424236536026,0
19.42575597763061,0
19.425806522369385,0
19.42584633827209,0
19.440019130706787,0
19.440025091171265,0
19.440056562423703,0
19.44228959083557,0
19.4424889087677,0
19.4425106048584,0
19.442535877227783,0
19.44380784034729,0
19.44415068626404,0
19.444392681121823,0
19.445165872573853,0
19.463154792785645,0
19.46318745613098,0
19.463201999664307,0
19.46989727020264,0
19.46992802619934,0
19.469993829727173,0
19.472820281982425,0
19.47312045097351,0
19.47316694259644,0
19.47317051887512,0
19.474502086639404,0
19.474523067474365,0
19.47455906867981,0
19.476247549057007,0
19.49015545845032,0
19.49019455909729,0
19.490214824676517,0
19.49387812614441,0
19.4953088760376,0
19.498453855514526,0
19.50137686729431,0
19.501413822174072,0
19.502767086029053,0
19.50282311439514,0
19.506016731262207,0
19.510132312774655,0
19.510324239730835,0
19.510852813720703,0
19.521100521087646,0
19.52113008499145,0
19.52127170562744,0
19.521293878555294,0
19.52489995956421,0
19.52493381500244,0
19.5251362323761,0
19.530115604400635,0
19.53014302253723,0
19.53016948699951,0
19.53881335258484,0
19.55034637451172,0
19.55038809776306,0
19.55056095123291,0
19.561089277267456,0
19.561131954193115,0
19.570106744766235,0
19.570138454437256,0
19.570213079452515,0
19.59071397781372,0
19.59075140953064,0
19.59137511253357,0
19.59721875190735,0
19.5976505279541,0
19.59784746170044,0
19.59819459915161,0
19.604424715042114,0
19.604496717453003,0
19.604546308517456,0
19.60460066795349,0
19.610482454299927,0
19.610527515411377,0
19.61066770553589,0
19.612534761428837,0
19.612579584121704,0
19.6230993270874,0
19.62313938140869,0
19.63034009933472,0
19.63037610054016,0
19.63039374351501,0
19.637298107147217,0
19.65093970298767,0
19.651161909103397,0
19.651191234588623,0
19.666687726974487,0
19.66674494743347,0
19.666772842407227,0
19.667644500732425,0
19.671462774276733,0
19.671513319015503,0
19.67157101631165,0
19.67297387123108,0
19.673006057739254,0
19.67401909828186,0
19.689704656600952,0
19.69034743309021,0
19.690398454666138,0
19.690423488616943,0
19.69127511978149,0
19.69132924079895,0
19.6914975643158,0
19.694132089614868,0
19.69419264793396,0
19.694457292556763,0
19.69474506378174,0
19.71046566963196,0
19.71052622795105,0
19.71080732345581,0
19.71684718132019,0
19.717784643173218,0
19.71856713294983,0
19.718838453292847,0
19.722915172576904,0
19.722941875457764,0
19.724977493286133,0
19.732861518859863,0
19.73337173461914,0
19.73348116874695,0
19.74805784225464,0
19.748194217681885,0
19.74834990501404,0
19.74864625930786,0
19.74867272377014,0
19.75089263916016,0
19.75092315673828,0
19.75099492073059,0
19.77031707763672,0
19.770351886749268,0
19.770367860794067,0
19.77614498138428,0
19.77632689476013,0
19.77783465385437,0
19.777947187423703,0
19.777967929840088,0
19.778084993362427,0
19.78010058403015,0
19.780381679534912,0
19.781044960021973,0
19.7814736366272,0
19.781819105148315,0
19.783878564834595,0
19.79028081893921,0
19.790319204330444,0
19.790414571762085,0
19.79442811012268,0
19.794838905334476,0
19.79497528076172,0
19.79499745368957,0
19.79656672477722,0
19.79658794403076,0
19.796602964401245,0
19.798043489456177,0
19.798077821731567,0
19.802275896072388,0
19.802308797836304,0
19.81002187728882,0
19.810030698776245,0
19.810208082199097,0
19.821406602859497,0
19.828101634979248,0
19.83020162582397,0
19.83023738861084,0
19.83025431632996,0
19.83680033683777,0
19.850197076797485,0
19.850239515304565,0
19.850260972976685,0
19.870524168014526,0
19.87056064605713,0
19.87057089805603,0
19.871331691741943,0
19.872105598449707,0
19.872133493423465,0
19.872220516204838,0
19.877609968185425,0
19.87776350975037,0
19.87787365913391,0
19.882521867752075,0
19.890122652053837,0
19.89015913009644,0
19.89022159576416,0
19.898463249206543,0
19.90048146247864,0
19.90152072906494,0
19.9021520614624,0
19.90217113494873,0
19.90219354629517,0
19.902345657348636,0
19.90247416496277,0
19.902929544448853,0
19.903730869293213,0
19.90382432937622,0
19.905341148376465,0
19.905566930770878,0
19.905587673187256,0
19.905781984329224,0
19.90693545341492,0
19.90713381767273,0
19.90722346305847,0
19.91109681129456,0
19.91114044189453,0
19.911224603652958,0
19.92360520362854,0
19.930177688598636,0
19.93065571784973,0
19.93097233772278,0
19.93422627449036,0
19.934292316436768,0
19.934317111968998,0
19.934380531311035,0
19.95125985145569,0
19.95131230354309,0
19.95140600204468,0
19.960942029953003,0
19.961117029190063,0
19.961153030395508,0
19.96967649459839,0
19.9777193069458,0
19.977758646011356,0
19.977763891220093,0
19.9784893989563,0
19.97937798500061,0
19.99027132987976,0
19.990321159362797,0
19.99047827720642,0
20.00246024131775,0
20.002619743347168,0
20.004072427749637,0
20.00515580177307,0
20.005202770233154,0
20.00526762008667,0
20.006938219070435,0
20.00761842727661,0
20.008601665496823,0
20.01172780990601,0
20.011887550354004,0
20.011962890625,0
20.01675081253052,0
20.01735830307007,0
20.017666578292847,0
20.02324151992798,0
20.02332735061645,0
20.028939723968502,0
20.031298637390137,0
20.031339168548584,0
20.03166437149048,0
20.03439426422119,0
20.0348482131958,0
20.034876585006717,0
20.034939765930176,0
20.035988330841064,0
20.036004066467285,0
20.036019563674927,0
20.049965143203732,0
20.05029010772705,0
20.05046510696411,0
20.057779550552368,0
20.071166038513184,0
20.071202993392944,0
20.0712308883667,0
20.090155601501465,0
20.09018898010254,0
20.090214490890503,0
20.09024262428284,0
20.0915629863739,0
20.09161376953125,0
20.091721534729004,0
20.094858646392822,0
20.09500527381897,0
20.095378160476685,0
20.09723734855652,0
20.097303867340088,0
20.10125756263733,0
20.10135531425476,0
20.11053967475891,0
20.110554456710812,0
20.11058568954468,0
20.12479996681213,0
20.131001472473145,0
20.13106393814087,0
20.131154537200928,0
20.14059162139893,0
20.14061808586121,0
20.142287492752075,0
20.14241361618042,0
20.142561197280884,0
20.14260005950928,0
20.14876890182495,0
20.148855447769165,0
20.14921402931213,0
20.15031409263611,0
20.15037250518799,0
20.15037989616394,0
20.15164828300476,0
20.151986837387085,0
20.152044773101807,0
20.152050495147705,0
20.15382409095764,0
20.154098749160767,0
20.154333353042603,0
20.159124851226807,0
20.17134690284729,0
20.171410083770752,0
20.171444177627563,0
20.18040704727173,0
20.180431604385376,0
20.18057465553284,0
20.180580615997314,0
20.190505743026733,0
20.19055867195129,0
20.19058203697205,0
20.210747480392456,0
20.21080756187439,0
20.21090149879456,0
20.212584972381592,0
20.212718725204468,0
20.21322727203369,0
20.216063737869263,0
20.216081142425537,0
20.219503164291385,0
20.21955108642578,0
20.22095942497253,0
20.23207664489746,0
20.232120752334595,0
20.23219060897827,0
20.23280382156372,0
20.23283839225769,0
20.23285436630249,0
20.232871770858765,0
20.239769458770752,0
20.23984980583191,0
20.24010825157165,0
20.244343519210812,0
20.247876167297363,0
20.248644590377808,0
20.25041675567627,0
20.250452041625977,0
20.25046968460083,0
20.2654709815979,0
20.26549983024597,0
20.26552176475525,0
20.265613555908203,0
20.271621227264404,0
20.271663427352905,0
20.271683931350708,0
20.27369379997253,0
20.27371573448181,0
20.275405883789062,0
20.293113946914676,0
20.29319787025452,0
20.29360055923462,0
20.30474209785461,0
20.305463552474976,0
20.310872316360477,0
20.31147265434265,0
20.31151795387268,0
20.312703609466556,0
20.312759399414062,0
20.312814474105835,0
20.328890800476078,0
20.3304226398468,0
20.331446409225464,0
20.331474781036377,0
20.331546783447266,0
20.33415627479553,0
20.33420300483704,0
20.334776878356934,0
20.334799766540527,0
20.334819555282596,0
20.33969473838806,0
20.34217596054077,0
20.350849151611328,0
20.350889205932617,0
20.350908279418945,0
20.37060236930847,0
20.37081384658813,0
20.371012449264526,0
20.3712100982666,0
20.386264324188232,0
20.386271715164185,0
20.3886239528656,0
20.388668298721317,0
20.388696432113647,0
20.388766527175903,0
20.39109587669373,0
20.391122579574585,0
20.39202618598938,0
20.410751581192017,0
20.41083693504333,0
20.41089415550232,0
20.417297840118408,0
20.41738557815552,0
20.41741394996643,0
20.421208381652832,0
20.422409296035767,0
20.42277455329895,0
20.423274755477905,0
20.42534351348877,0
20.42573285102844,0
20.427828550338745,0
20.42803001403809,0
20.428253173828125,0
20.42940640449524,0
20.43060040473938,0
20.43060326576233,0
20.430639505386356,0
20.43239808082581,0
20.43311357498169,0
20.44867968559265,0
20.44871187210083,0
20.44982504844665,0
20.44983983039856,0
20.4498507976532,0
20.450986862182617,0
20.451005935668945,0
20.45117163658142,0
20.45118761062622,0
20.45133066177368,0
20.45250988006592,0
20.453404426574707,0
20.454106330871586,0
20.466848850250244,0
20.4673113822937,0
20.467504262924194,0
20.46766495704651,0
20.47019624710083,0
20.470234632492065,0
20.470294713974,0
20.47382998466492,0
20.47423481941223,0
20.474259614944454,0
20.49014115333557,0
20.49032735824585,0
20.49046564102173,0
20.498305559158325,0
20.49835157394409,0
20.50105571746826,0
20.50112295150757,0
20.51020550727844,0
20.51025605201721,0
20.510388612747192,0
20.52050018310547,0
20.530787229537964,0
20.530828714370728,0
20.53083086013794,0
20.55002522468567,0
20.550025463104248,0
20.550062894821167,0
20.5581488609314,0
20.55836057662964,0
20.568886518478397,0
20.568891286849976,0
20.56892323493957,0
20.569058179855347,0
20.569115161895752,0
20.569175958633423,0
20.569233417510983,0
20.56936192512512,0
20.56944465637207,0
20.57161903381348,0
20.571696281433105,0
20.571834325790405,0
20.577446937561035,0
20.581328868865967,0
20.581746578216556,0
20.581979990005493,0
20.58223342895508,0
20.58500909805298,0
20.5850191116333,0
20.58571457862854,0
20.59124875068665,0
20.59128713607788,0
20.591358184814453,0
20.601780891418457,0
20.60217523574829,0
20.604336500167847,0
20.604422330856323,0
20.605298280715942,0
20.61014485359192,0
20.61018848419189,0
20.61040210723877,0
20.630550146102905,0
20.63056993484497,0
20.63058924674988,0
20.63061475753784,0
20.63204002380371,0
20.632065296173096,0
20.63475465774536,0
20.63487148284912,0
20.63495349884033,0
20.63498020172119,0
20.64051055908203,0
20.640844345092773,0
20.64086318016052,0
20.641037225723267,0
20.641356229782104,0
20.641551971435547,0
20.64163875579834,0
20.650145530700684,0
20.650179862976078,0
20.65019392967224,0
20.65830445289612,0
20.67079973220825,0
20.67085099220276,0
20.67092752456665,0
20.69090366363525,0
20.69115447998047,0
20.69121551513672,0
20.707948207855225,0
20.708260774612427,0
20.708287000656128,0
20.708306312561035,0
20.71253061294556,0
20.712533235549927,0
20.71255207061768,0
20.712554454803467,0
20.71260166168213,0
20.712693214416504,0
20.718289375305176,0
20.71832847595215,0
20.73061180114746,0
20.73064351081848,0
20.73065710067749,0
20.73568367958069,0
20.735722064971924,0
20.736716270446777,0
20.74202442169189,0
20.743197441101078,0
20.74452495574951,0
20.744551181793213,0
20.74466681480408,0
20.744808435440063,0
20.74483633041382,0
20.744847297668457,0
20.75034594535828,0
20.75035548210144,0
20.750373363494877,0
20.75124669075012,0
20.760180711746216,0
20.76991605758667,0
20.769944190979004,0
20.769953727722168,0
20.79033637046814,0
20.790369510650635,0
20.790558338165283,0
20.79057812690735,0
20.790589570999146,0
20.790602445602417,0
20.79074478149414,0
20.79076766967773,0
20.79077744483948,0
20.794384717941284,0
20.794434309005737,0
20.794475317001343,0
20.79453134536743,0
20.79456090927124,0
20.798168897628784,0
20.798195600509644,0
20.79926347732544,0
20.810105085372925,0
20.810136079788208,0
20.810147523880005,0
20.81861925125122,0
20.818644285202023,0
20.81932592391968,0
20.819355010986328,0
20.82122373580933,0
20.821254014968872,0
20.82170057296753,0
20.830327033996586,0
20.830474376678467,0
20.830491304397583,0
20.849923610687256,0
20.84995198249817,0
20.849963665008545,0
20.861191987991333,0
20.86498332023621,0
20.86520218849182,0
20.865209341049194,0
20.86522340774536,0
20.870156288146973,0
20.87018871307373,0
20.870206594467163,0
20.888025045394897,0
20.88805055618286,0
20.88814115524292,0
20.89090061187744,0
20.89143395423889,0
20.891478061676025,0
20.89321756362915,0
20.893444061279297,0
20.893463611602783,0
20.893479347229004,0
20.895739555358887,0
20.8957417011261,0
20.896340370178223,0
20.89650869369507,0
20.896522045135494,0
20.899747848510746,0
20.89976716041565,0
20.910261154174805,0
20.910269021987915,0
20.910324335098267,0
20.91783046722412,0
20.930003881454468,0
20.930033922195435,0
20.931734085083008,0
20.9460129737854,0
20.94602608680725,0
20.947628259658813,0
20.947652101516724,0
20.94766139984131,0
20.94766354560852,0
20.95011687278748,0
20.950144052505493,0
20.950190782547,0
20.95249652862549,0
20.95267415046692,0
20.953002214431763,0
20.968047618865967,0
20.97021436691284,0
20.9703426361084,0
20.970401287078857,0
20.97176241874695,0
20.97216200828552,0
20.99053144454956,0
20.99055528640747,0
20.9905698299408,0
20.99794006347656,0
20.999701976776123,0
20.99972558021545,0
20.999752283096317,0
20.999894857406616,0
20.99991130828857,0
20.999956607818604,0
21.005981922149655,0
21.00687336921692,0
21.00763750076294,0
21.00869655609131,0
21.008721590042114,0
21.010229349136356,0
21.01024436950684,0
21.01028943061829,0
21.01030135154724,0
21.010339498519897,0
21.015316247940063,0
21.03018546104431,0
21.03021717071533,0
21.030258893966675,0
21.04793810844421,0
21.048401355743408,0
21.048432111740112,0
21.04844903945923,0
21.050212860107425,0
21.05021595954895,0
21.050254106521606,0
21.054643630981445,0
21.05467987060547,0
21.05539560317993,0
21.05708885192871,0
21.07061219215393,0
21.070688486099243,0
21.070741653442383,0
21.091110706329346,0
21.091161251068115,0
21.0914409160614,0
21.09570336341858,0
21.095738887786865,0
21.095757246017456,0
21.095776319503784,0
21.098389863967896,0
21.098674058914185,0
21.09871196746826,0
21.099868297576904,0
21.099915981292725,0
21.10226559638977,0
21.102304458618164,0
21.103497982025143,0
21.11046886444092,0
21.11080551147461,0
21.111457347869877,0
21.113626956939697,0
21.11735510826111,0
21.117397785186768,0
21.11746120452881,0
21.117573022842407,0
21.11758637428284,0
21.11763286590576,0
21.11947727203369,0
21.119521617889404,0
21.119534969329838,0
21.11956477165222,0
21.12610936164856,0
21.126197576522827,0
21.126224279403687,0
21.12930369377136,0
21.13118624687195,0
21.13118696212769,0
21.131266355514526,0
21.13413381576538,0
21.13416314125061,0
21.148366451263428,0
21.148414850234985,0
21.148430347442627,0
21.14844655990601,0
21.150150060653687,0
21.150509119033813,0
21.150529146194454,0
21.153809309005737,0
21.15383005142212,0
21.1538770198822,0
21.17042732238769,0
21.170467853546143,0
21.17048954963684,0
21.19015955924988,0
21.19019079208374,0
21.190216541290283,0
21.21074604988098,0
21.211124658584595,0
21.21118378639221,0
21.21785998344421,0
21.230618238449097,0
21.23119878768921,0
21.231234788894653,0
21.2515332698822,0
21.25158452987671,0
21.251959323883057,0
21.252345085144043,0
21.25627851486206,0
21.25670337677002,0
21.25681853294373,0
21.257118225097656,0
21.257429599761963,0
21.257704973220825,0
21.26059079170227,0
21.26127243041992,0
21.2628116607666,0
21.262885332107544,0
21.26764965057373,0
21.272433757781982,0
21.27249050140381,0
21.27257537841797,0
21.27260041236877,0
21.277312517166138,0
21.29085731506348,0
21.290900230407715,0
21.29090785980225,0
21.304940938949585,0
21.30813407897949,0
21.31059956550598,0
21.31065058708191,0
21.310722827911377,0
21.313071250915527,0
21.31527948379517,0
21.31532073020935,0
21.315391063690186,0
21.33196759223938,0
21.332025051116943,0
21.332051277160645,0
21.33398985862732,0
21.33400082588196,0
21.33674931526184,0
21.33930468559265,0
21.339351415634155,0
21.344697952270508,0
21.344702005386356,0
21.345679998397827,0
21.35010671615601,0
21.350106954574585,0
21.353005170822144,0
21.356061935424805,0
21.356091499328613,0
21.35726547241211,0
21.35728931427002,0
21.357348680496216,0
21.358447074890137,0
21.35984778404236,0
21.359910249710083,0
21.35996723175049,0
21.363354682922363,0
21.36350131034851,0
21.363542079925537,0
21.363644123077396,0
21.36688113212585,0
21.36712074279785,0
21.367149591445923,0
21.37016129493713,0
21.37019181251526,0
21.3702073097229,0
21.37778067588806,0
21.39201545715332,0
21.39277696609497,0
21.392844438552856,0
21.40900492668152,0
21.41174697875977,0
21.41177082061768,0
21.41185140609741,0
21.414435386657715,0
21.41450333595276,0
21.41453218460083,0
21.41524314880371,0
21.415316581726078,0
21.41601037979126,0
21.41639280319214,0
21.416587591171265,0
21.41690492630005,0
21.41693949699402,0
21.41889834403992,0
21.430171728134155,0
21.430214643478397,0
21.4302978515625,0
21.444509029388428,0
21.446115255355835,0
21.446130514144897,0
21.446144342422485,0
21.448302268981934,0
21.448315858840942,0
21.44832968711853,0
21.450209856033325,0
21.45022225379944,0
21.450235605239868,0
21.45024585723877,0
21.45025658607483,0
21.470903396606445,0
21.47095489501953,0
21.47098159790039,0
21.48085570335388,0
21.48905873298645,0
21.489097833633423,0
21.48915719985962,0
21.48921585083008,0
21.490861892700195,0
21.49089884757996,0
21.490918159484863,0
21.504984378814697,0
21.505170583724976,0
21.50541305541992,0
21.508071899414062,0
21.50817370414734,0
21.510449171066284,0
21.510502338409424,0
21.510640382766724,0
21.512068033218384,0
21.512701511383057,0
21.5234158039093,0
21.530930757522583,0
21.530956983566284,0
21.530981302261356,0
21.532970905303955,0
21.53330612182617,0
21.550865650177,0
21.55091452598572,0
21.551316022872925,0
21.558598518371586,0
21.558614015579224,0
21.558635234832764,0
21.55865454673767,0
21.562035083770752,0
21.562070846557617,0
21.562408924102783,0
21.5632164478302,0
21.56557321548462,0
21.56691694259644,0
21.5713164806366,0
21.571368932724,0
21.57152223587036,0
21.57156538963318,0
21.577869415283203,0
21.590193510055546,0
21.590256452560425,0
21.59027647972107,0
21.596420764923096,0
21.596458673477173,0
21.59944629669189,0
21.5994930267334,0
21.61054229736328,0
21.610590934753414,0
21.61064076423645,0
21.61788654327393,0
21.617949962615967,0
21.61932373046875,0
21.630873441696167,0
21.63093137741089,0
21.63132381439209,0
21.651785850524902,0
21.65182209014893,0
21.651841402053837,0
21.65330600738525,0
21.65353918075561,0
21.65465331077576,0
21.654671669006348,0
21.656062602996823,0
21.65629243850708,0
21.65632152557373,0
21.656336784362797,0
21.65919327735901,0
21.659220218658447,0
21.65922164916992,0
21.659337997436523,0
21.671789169311523,0
21.671792030334476,0
21.67181205749512,0
21.67182922363281,0
21.67373561859131,0
21.673858404159542,0
21.67387580871582,0
21.675413846969604,0
21.67571711540222,0
21.67627501487732,0
21.676589012146,0
21.690352201461792,0
21.69043016433716,0
21.69045472145081,0
21.71053194999695,0
21.71058297157288,0
21.71063113212585,0
21.73271489143372,0
21.73275136947632,0
21.732800722122192,0
21.7357120513916,0
21.73698210716248,0
21.737507820129395,0
21.738539934158325,0
21.741300344467163,0
21.74160099029541,0
21.74235939979553,0
21.745076417922974,0
21.746710777282715,0
21.75023818016052,0
21.75026130676269,0
21.750283002853397,0
21.76121187210083,0
21.76127028465271,0
21.76142978668213,0
21.76429295539856,0
21.764427423477173,0
21.767208337783813,0
21.7674880027771,0
21.76763606071472,0
21.767799377441406,0
21.76823878288269,0
21.768481731414795,0
21.76850724220276,0
21.770062685012817,0
21.77006459236145,0
21.77039647102356,0
21.790364742279053,0
21.790372610092163,0
21.790414094924927,0
21.795974254608154,0
21.81022930145264,0
21.810271501541138,0
21.810290813446045,0
21.831134796142575,0
21.831964254379272,0
21.83202433586121,0
21.83954906463623,0
21.8395733833313,0
21.84009575843811,0
21.840132236480716,0
21.842894077301025,0
21.842913150787357,0
21.84293818473816,0
21.84303045272827,0
21.8430769443512,0
21.845770359039307,0
21.845842361450195,0
21.84834098815918,0
21.851094722747803,0
21.851117849349976,0
21.851137399673465,0
21.860382556915283,0
21.86039972305298,0
21.860454082489014,0
21.862202644348145,0
21.864112377166748,0
21.86412453651428,0
21.864161491394043,0
21.86578321456909,0
21.865792989730835,0
21.86604142189026,0
21.866065740585327,0
21.86609649658203,0
21.866365432739254,0
21.86638236045837,0
21.8686625957489,0
21.86922764778137,0
21.870120525360107,0
21.870144844055176,0
21.870408296585083,0
21.870580434799194,0
21.88631820678711,0
21.88807201385498,0
21.88951539993286,0
21.88955569267273,0
21.89045548439026,0
21.891165256500244,0
21.891265392303467,0
21.89128065109253,0
21.89130544662476,0
21.891486644744877,0
21.89152717590332,0
21.89158010482788,0
21.893632888793945,0
21.893702030181885,0
21.910538911819454,0
21.91058707237244,0
21.910643815994263,0
21.92786765098572,0
21.93062686920166,0
21.93067049980164,0
21.93067407608032,0
21.934667825698853,0
21.93518829345703,0
21.948787689208984,0
21.94928812980652,0
21.951122283935547,0
21.951338291168213,0
21.951343536376957,0
21.95347309112549,0
21.95350861549377,0
21.953568935394287,0
21.953760862350464,0
21.96066355705261,0
21.96083211898804,0
21.960851907730103,0
21.96326851844788,0
21.971227884292603,0
21.97131896018982,0
21.97133445739746,0
21.97134804725647,0
21.971449851989743,0
21.97146511077881,0
21.97154235839844,0
21.98259687423706,0
21.982614517211918,0
21.98298692703247,0
21.985358476638797,0
21.99000120162964,0
21.99003767967224,0
21.99005365371704,0
22.002765417099,0
22.00287652015686,0
22.00584363937378,0
22.00587821006775,0
22.01003408432007,0
22.010071277618408,0
22.01017451286316,0
22.02451205253601,0
22.028233528137207,0
22.031035661697388,0
22.03111672401428,0
22.031135082244877,0
22.038753509521484,0
22.050557374954224,0
22.050600290298465,0
22.050620794296265,0
22.07019519805908,0
22.07033085823059,0
22.070348978042603,0
22.071571350097656,0
22.071590423583984,0
22.07161426544189,0
22.07191276550293,0
22.0719313621521,0
22.07194757461548,0
22.07229447364807,0
22.07231450080872,0
22.091013431549072,0
22.091099739074707,0
22.091121912002563,0
22.09363603591919,0
22.097761869430546,0
22.09777021408081,0
22.0977942943573,0
22.097804307937626,0
22.097840070724487,0
22.097892999649048,0
22.100187063217163,0
22.10034275054932,0
22.101651906967163,0
22.10167241096497,0
22.10568308830261,0
22.105714797973636,0
22.10572075843811,0
22.10573387145996,0
22.107942819595337,0
22.10797500610352,0
22.10817670822144,0
22.10875558853149,0
22.110352754592896,0
22.11038637161255,0
22.110498905181885,0
22.11911654472351,0
22.119147539138797,0
22.11916422843933,0
22.119229316711422,0
22.13028597831726,0
22.13037109375,0
22.130372524261475,0
22.14030909538269,0
22.140350818634037,0
22.140843391418457,0
22.150105476379395,0
22.150348901748657,0
22.15041255950928,0
22.16137647628784,0
22.16640520095825,0
22.166599988937374,0
22.170199394226078,0
22.170249938964844,0
22.17032289505005,0
22.180427312850952,0
22.18209743499756,0
22.18218040466309,0
22.18221163749695,0
22.18641424179077,0
22.18678593635559,0
22.18715047836304,0
22.19025444984436,0
22.19029641151428,0
22.19044804573059,0
22.197259187698364,0
22.197473526000977,0
22.210391998291016,0
22.21044111251831,0
22.21055269241333,0
22.21569800376892,0
22.21583342552185,0
22.23043727874756,0
22.230486392974854,0
22.230583906173703,0
22.2396981716156,0
22.25254225730896,0
22.252592086791992,0
22.252800226211548,0
22.265528678894043,0
22.2659649848938,0
22.26608920097351,0
22.2664954662323,0
22.267666578292847,0
22.267698287963867,0
22.268673181533813,0
22.268826007843018,0
22.27025580406189,0
22.2702898979187,0
22.27035522460937,0
22.286747217178345,0
22.28890109062195,0
22.29077816009521,0
22.290827989578247,0
22.290836095809937,0
22.29958248138428,0
22.29980969429016,0
22.301270246505737,0
22.30133557319641,0
22.31197595596313,0
22.312026023864743,0
22.31205439567566,0
22.325096130371094,0
22.33100199699402,0
22.33114624023437,0
22.331174612045288,0
22.333227396011356,0
22.333271265029907,0
22.33465695381165,0
22.33924770355225,0
22.339295148849487,0
22.339459657669067,0
22.34645175933838,0
22.34717607498169,0
22.34740161895752,0
22.350371837615967,0
22.350416898727417,0
22.35054302215576,0
22.35301804542541,0
22.353944778442383,0
22.35426020622253,0
22.354670763015747,0
22.354913234710693,0
22.35525155067444,0
22.35545921325684,0
22.3595187664032,0
22.37046790122986,0
22.370468378067017,0
22.370502471923828,0
22.391338348388672,0
22.39138126373291,0
22.391483068466187,0
22.39398193359375,0
22.39442443847656,0
22.39442467689514,0
22.39445233345032,0
22.39954710006714,0
22.400632858276367,0
22.402859926223755,0
22.41000199317932,0
22.41003656387329,0
22.4101140499115,0
22.410886764526367,0
22.41090416908264,0
22.412091493606567,0
22.4121527671814,0
22.413357257843018,0
22.42855739593506,0
22.42895483970642,0
22.42897748947144,0
22.428996324539185,0
22.430694818496704,0
22.43072247505188,0
22.430765628814697,0
22.43594789505005,0
22.43632769584656,0
22.43638062477112,0
22.43671154975891,0
22.43674349784851,0
22.444897651672363,0
22.450531482696533,0
22.450563669204712,0
22.45067310333252,0
22.4673810005188,0
22.46740460395813,0
22.46742010116577,0
22.467422008514404,0
22.469500064849854,0
22.469533443450928,0
22.469586849212646,0
22.470082759857178,0
22.47020697593689,0
22.47022151947021,0
22.47394061088562,0
22.475087881088257,0
22.490176677703857,0
22.490219593048096,0
22.49023985862732,0
22.50471663475037,0
22.50476884841919,0
22.50736141204834,0
22.507556200027462,0
22.50912308692932,0
22.51024889945984,0
22.51029801368713,0
22.510653018951416,0
22.52839088439941,0
22.529366493225098,0
22.5303897857666,0
22.53041887283325,0
22.539969205856323,0
22.53999090194702,0
22.54016590118408,0
22.54029417037964,0
22.540353536605835,0
22.54165935516357,0
22.542400598526,0
22.550415515899655,0
22.550450086593628,0
22.55072045326233,0
22.561321020126343,0
22.56138229370117,0
22.562536239624023,0
22.56277275085449,0
22.562950611114506,0
22.563156127929688,0
22.57008528709412,0
22.570125818252563,0
22.57020115852356,0
22.580972909927368,0
22.58125901222229,0
22.581668376922607,0
22.583780765533447,0
22.58382558822632,0
22.5841224193573,0
22.584150791168213,0
22.59044981002808,0
22.590497493743896,0
22.590517044067383,0
22.60812258720398,0
22.608381271362305,0
22.608476877212524,0
22.609570026397705,0
22.609641313552856,0
22.611460208892822,0
22.61150860786438,0
22.61155867576599,0
22.6140661239624,0
22.61407709121704,0
22.615275144577023,0
22.631218194961548,0
22.631237983703613,0
22.63125467300415,0
22.63483619689941,0
22.635388135910038,0
22.635416746139526,0
22.63553810119629,0
22.645182609558105,0
22.645183563232425,0
22.645945072174072,0
22.65111303329468,0
22.65171194076538,0
22.65175151824951,0
22.65184712409973,0
22.652568578720093,0
22.65632128715515,0
22.667028427124023,0
22.66712617874145,0
22.667189836502075,0
22.66725182533264,0
22.67024302482605,0
22.67028284072876,0
22.67030167579651,0
22.679850339889526,0
22.68053936958313,0
22.680964469909668,0
22.69031381607056,0
22.69086217880249,0
22.69096541404724,0
22.697553396224976,0
22.697593688964844,0
22.71043872833252,0
22.71058559417725,0
22.710614681243896,0
22.73056960105896,0
22.73061227798462,0
22.73062896728516,0
22.732897520065308,0
22.73300576210022,0
22.73526692390442,0
22.745617151260376,0
22.7456738948822,0
22.750322580337524,0
22.75354814529419,0
22.75370073318481,0
22.75374245643616,0
22.75375771522522,0
22.7538161277771,0
22.75385999679565,0
22.755290269851685,0
22.755322456359863,0
22.75536155700684,0
22.756893634796143,0
22.75971746444702,0
22.772026300430294,0
22.77211356163025,0
22.77212929725647,0
22.782092094421387,0
22.78927731513977,0
22.78936171531677,0
22.78937602043152,0
22.789448022842407,0
22.790605545043945,0
22.79085803031921,0
22.7909893989563,0
22.803741693496704,0
22.80377507209778,0
22.803778648376465,0
22.81008219718933,0
22.81008243560791,0
22.810110807418823,0
22.81013250350952,0
22.810226678848267,0
22.81027030944824,0
22.810317993164062,0
22.81758689880371,0
22.830761671066284,0
22.830795288085938,0
22.831037759780884,0
22.84997844696045,0
22.850014686584476,0
22.850091457366943,0
22.850199937820435,0
22.850269317626957,0
22.850321769714355,0
22.85034418106079,0
22.850383281707764,0
22.85041284561157,0
22.850415468215942,0
22.850428581237797,0
22.850494623184204,0
22.850554704666138,0
22.8505973815918,0
22.862923622131348,0
22.86297059059143,0
22.863933801651,0
22.86403751373291,0
22.87001180648804,0
22.870047092437744,0
22.87012362480164,0
22.878926753997803,0
22.878963947296143,0
22.87898278236389,0
22.879611492156982,0
22.884154081344604,0
22.88422179222107,0
22.88436198234558,0
22.89017415046692,0
22.89023995399475,0
22.905061960220337,0
22.905132055282596,0
22.910348892211918,0
22.91037631034851,0
22.91115522384644,0
22.91130828857422,0
22.91146445274353,0
22.930912256240845,0
22.9309720993042,0
22.930999994277958,0
22.932231426239014,0
22.950920343399048,0
22.950927019119263,0
22.95162868499756,0
22.951655626297,0
22.95166039466858,0
22.951822757720947,0
22.9518461227417,0
22.95186495780945,0
22.951935291290283,0
22.951961040496823,0
22.95228338241577,0
22.9522864818573,0
22.952303409576416,0
22.953422784805294,0
22.95747327804565,0
22.971582174301147,0
22.97161173820496,0
22.97165298461914,0
22.98620915412903,0
22.98624324798584,0
22.98632574081421,0
22.98639917373657,0
22.98651361465454,0
22.986541032791138,0
22.986567735672,0
22.986610651016235,0
22.986650466918945,0
22.98666000366211,0
22.989861965179443,0
22.98988628387451,0
22.990221738815308,0
22.99867153167725,0
22.998708248138428,0
23.00067448616028,0
23.0006902217865,0
23.00999641418457,0
23.01003122329712,0
23.01035022735596,0
23.03025197982788,0
23.03089690208435,0
23.030925035476685,0
23.030945777893063,0
23.03714728355408,0
23.03792929649353,0
23.03797578811645,0
23.038000345230103,0
23.04241251945496,0
23.042447328567505,0
23.043396472930908,0
23.05044913291931,0
23.05079674720764,0
23.050832509994507,0
23.05382895469665,0
23.06480383872986,0
23.06482481956482,0
23.064841270446777,0
23.064859628677368,0
23.068383932113647,0
23.06842565536499,0
23.068530559539795,0
23.070232629776,0
23.07114553451538,0
23.071267127990723,0
23.07848286628723,0
23.078484058380127,0
23.078495502471924,0
23.078951597213745,0
23.081974029541016,0
23.08208012580872,0
23.082453727722168,0
23.09068703651428,0
23.09073162078857,0
23.090754747390747,0
23.104929208755493,0
23.10502338409424,0
23.11216711997986,0
23.112210750579838,0
23.11224102973938,0
23.113770961761475,0
23.113811016082764,0
23.11402201652527,0
23.124284267425537,0
23.12432599067688,0
23.1243314743042,0
23.124346256256104,0
23.12787222862244,0
23.12787342071533,0
23.12794065475464,0
23.140704870224,0
23.14611840248108,0
23.14668703079224,0
23.14672160148621,0
23.162245512008667,0
23.16227412223816,0
23.16347336769104,0
23.164151906967163,0
23.164177179336548,0
23.16419076919556,0
23.16662859916687,0
23.166661024093628,0
23.166706800460812,0
23.17658829689026,0
23.17659711837769,0
23.176608324050903,0
23.181598901748657,0
23.181628465652462,0
23.18163013458252,0
23.19796085357666,0
23.19803118705749,0
23.20063853263855,0
23.200689792633057,0
23.20261263847351,0
23.20264482498169,0
23.20265817642212,0
23.21620225906372,0
23.22316837310791,0
23.22322106361389,0
23.22323942184448,0
23.24266028404236,0
23.24268865585327,0
23.24270486831665,0
23.25596690177917,0
23.256001472473145,0
23.256169319152832,0
23.2566237449646,0
23.25920867919922,0
23.25940203666687,0
23.259467363357544,0
23.263105869293213,0
23.263164281845093,0
23.263187170028687,0
23.275278091430664,0
23.277159214019772,0
23.281161546707157,0
23.283688068389893,0
23.283719778060917,0
23.28373551368713,0
23.286569833755493,0
23.286590337753296,0
23.28664493560791,0
23.28668546676636,0
23.29078197479248,0
23.290801286697388,0
23.290817737579346,0
23.299783945083615,0
23.299800634384155,0
23.30247139930725,0
23.302533864974976,0
23.30603528022766,0
23.30606293678284,0
23.30617046356201,0
23.3213050365448,0
23.321329832077023,0
23.32134962081909,0
23.322394847869877,0
23.32642817497253,0
23.326443195343018,0
23.341804265975952,0
23.341831922531128,0
23.341832876205444,0
23.351362228393555,0
23.351396799087524,0
23.35175037384033,0
23.3517746925354,0
23.35626769065857,0
23.356282949447632,0
23.356303453445435,0
23.35924196243286,0
23.35929584503174,0
23.359315395355225,0
23.359318494796756,0
23.363964557647705,0
23.36398124694824,0
23.364017248153687,0
23.37057876586914,0
23.370596885681152,0
23.370604276657104,0
23.374089241027832,0
23.379754304885864,0
23.37976312637329,0
23.37987327575684,0
23.38300132751465,0
23.38301372528076,0
23.383026123046875,0
23.38340425491333,0
23.383426189422607,0
23.383439302444454,0
23.38355088233948,0
23.383711338043213,0
23.388209104537964,0
23.390029191970825,0
23.39007139205933,0
23.39026975631714,0
23.41087222099304,0
23.41091370582581,0
23.4109480381012,0
23.42321467399597,0
23.42346930503845,0
23.425439596176147,0
23.425479888916016,0
23.42656636238098,0
23.430138111114506,0
23.43035197257996,0
23.43038773536682,0
23.451078414916992,0
23.451436519622803,0
23.451478242874146,0
23.45621633529663,0
23.456238508224487,0
23.456249713897705,0
23.45670437812805,0
23.461232662200928,0
23.461248636245728,0
23.46195197105408,0
23.463117122650143,0
23.463119506835938,0
23.46313452720642,0
23.470186710357662,0
23.470391511917114,0
23.4704225063324,0
23.470438718795776,0
23.47235679626465,0
23.472513675689697,0
23.472533464431763,0
23.472549200057983,0
23.47280979156494,0
23.47284197807312,0
23.476356506347656,0
23.476555824279785,0
23.49082922935486,0
23.49093747138977,0
23.49096441268921,0
23.493900537490845,0
23.494037866592407,0
23.510884046554565,0
23.51094007492065,0
23.510963916778564,0
23.52093076705933,0
23.530357122421265,0
23.53040909767151,0
23.53043222427368,0
23.55091524124145,0
23.55097508430481,0
23.551002264022827,0
23.55712580680847,0
23.55735945701599,0
23.56002426147461,0
23.560061931610107,0
23.56012964248657,0
23.560194730758667,0
23.56217384338379,0
23.562228679656982,0
23.562626123428345,0
23.564558029174805,0
23.567088842391968,0
23.570258378982544,0
23.570291757583615,0
23.57030987739563,0
23.580183267593384,0
23.585716247558597,0
23.5857367515564,0
23.58574914932251,0
23.58669137954712,0
23.586711645126343,0
23.587342739105225,0
23.58748149871826,0
23.59073281288147,0
23.59074831008911,0
23.59078001976013,0
23.590792655944824,0
23.590868949890137,0
23.59088635444641,0
23.590954542160038,0
23.59291887283325,0
23.592927932739254,0
23.592998504638672,0
23.594330072402958,0
23.596252918243408,0
23.596465349197388,0
23.59799575805664,0
23.61073875427246,0
23.610777139663696,0
23.61088395118713,0
23.620843410491943,0
23.626124382019043,0
23.628933429718018,0
23.628936767578125,0
23.62905955314636,0
23.63016629219055,0
23.630208730697632,0
23.63022875785828,0
23.644490480422974,0
23.644534587860107,0
23.64501905441284,0
23.650312662124637,0
23.650510549545288,0
23.650535583496094,0
23.668787479400635,0
23.66995739936829,0
23.66998624801636,0
23.67005467414856,0
23.69035482406616,0
23.690448760986328,0
23.69051170349121,0
23.70292544364929,0
23.705399990081787,0
23.705646276474,0
23.705859184265137,0
23.707231760025024,0
23.70727634429932,0
23.707296133041385,0
23.707499504089355,0
23.70754146575928,0
23.710267066955566,0
23.71030831336975,0
23.71035385131836,0
23.717164754867557,0
23.71732974052429,0
23.719358682632446,0
23.71938109397888,0
23.72011947631836,0
23.728341817855835,0
23.72838139533997,0
23.728724479675293,0
23.728732347488403,0
23.72874093055725,0
23.729016304016117,0
23.729195833206177,0
23.729901790618896,0
23.729925394058228,0
23.7299382686615,0
23.740594625473022,0
23.749977588653564,0
23.75000524520874,0
23.750016689300537,0
23.758633613586422,0
23.75863480567932,0
23.760490655899048,0
23.760647535324097,0
23.760666131973267,0
23.7606737613678,0
23.770040035247803,0
23.77006769180298,0
23.770081281661987,0
23.783932209014893,0
23.78393316268921,0
23.784618377685547,0
23.787389755249023,0
23.79006600379944,0
23.79008364677429,0
23.790109395980835,0
23.79928207397461,0
23.8001708984375,0
23.80019307136536,0
23.80034303665161,0
23.801502227783203,0
23.801514387130737,0
23.80983638763428,0
23.809858322143555,0
23.80987238883972,0
23.82029604911804,0
23.820329189300537,0
23.82267808914185,0
23.822837591171265,0
23.82290554046631,0
23.822917938232425,0
23.83023142814636,0
23.830246925354004,0
23.830268144607544,0
23.83857011795044,0
23.838595151901245,0
23.83860421180725,0
23.839094400405884,0
23.850476264953613,0
23.850509881973267,0
23.850736618041992,0
23.863452911376957,0
23.863481521606445,0
23.863497018814087,0
23.86373376846313,0
23.86716938018799,0
23.86732316017151,0
23.86812686920166,0
23.870567798614506,0
23.87060594558716,0
23.870692253112797,0
23.890525817871094,0
23.890586137771606,0
23.89061427116394,0
23.896239519119263,0
23.90274715423584,0
23.90332078933716,0
23.903362035751343,0
23.903804540634155,0
23.90939354896545,0
23.909455060958862,0
23.91305685043335,0
23.913093328475952,0
23.913119792938232,0
23.913139581680294,0
23.91333270072937,0
23.91335129737854,0
23.91552424430847,0
23.915581464767456,0
23.92431139945984,0
23.924331665039062,0
23.92614269256592,0
23.93355894088745,0
23.93363785743713,0
23.93365240097046,0
23.946359872817997,0
23.94999098777771,0
23.95001745223999,0
23.950029850006104,0
23.95047688484192,0
23.95087838172913,0
23.9509015083313,0
23.950912952423096,0
23.951354265213013,0
23.951385259628296,0
23.95139718055725,0
23.954015493392944,0
23.970564365386963,0
23.970589637756348,0
23.97213220596313,0
23.97556495666504,0
23.97802209854126,0
23.98046636581421,0
23.98385572433472,0
23.98387837409973,0
23.983888626098636,0
23.98388957977295,0
23.988670349121094,0
23.98922443389893,0
23.989243745803837,0
23.989912509918213,0
23.99367046356201,0
23.993688344955444,0
23.99370574951172,0
23.997474431991577,0
23.9975004196167,0
24.00079345703125,0
24.000804662704468,0
24.0098340511322,0
24.00984287261963,0
24.0098614692688,0
24.020241022109985,0
24.021955728530884,0
24.02995014190674,0
24.029985189437863,0
24.02999949455261,0
24.04697847366333,0
24.05527901649475,0
24.055346965789795,0
24.055396795272827,0
24.05649828910828,0
24.05729651451111,0
24.05734419822693,0
24.05735969543457,0
24.05796527862549,0
24.058022022247314,0
24.058390855789185,0
24.06254768371582,0
24.062811136245728,0
24.063263177871704,0
24.06394863128662,0
24.07115244865417,0
24.071176528930664,0
24.071228504180908,0
24.07974672317505,0
24.079890251159668,0
24.079964876174927,0
24.08067321777344,0
24.090070724487305,0
24.09011149406433,0
24.09012746810913,0
24.10680031776428,0
24.109050512313843,0
24.10908579826355,0
24.10910201072693,0
24.11064481735229,0
24.110665321350098,0
24.11068630218506,0
24.110883474349976,0
24.110899925231934,0
24.11091423034668,0
24.113397359848022,0
24.1134135723114,0
24.11495447158813,0
24.114954948425293,0
24.117477893829346,0
24.13007521629333,0
24.1301064491272,0
24.13011932373047,0
24.14034366607666,0
24.140347242355347,0
24.150089263916016,0
24.150115966796875,0
24.15036535263061,0
24.169898748397827,0
24.16992449760437,0
24.16993761062622,0
24.17085075378418,0
24.17146158218384,0
24.17159605026245,0
24.17160177230835,0
24.17248272895813,0
24.1724956035614,0
24.173121213912964,0
24.173134803771973,0
24.188309907913208,0
24.18846011161804,0
24.188517332077023,0
24.188615083694454,0
24.19148015975952,0
24.191492319107056,0
24.19149875640869,0
24.192434549331665,0
24.19245195388794,0
24.192466497421265,0
24.19285774230957,0
24.19287395477295,0
24.20066714286804,0
24.20072031021118,0
24.209930181503296,0
24.209957361221317,0
24.209986448287964,0
24.22996973991394,0
24.230011224746704,0
24.23004388809204,0
24.247234582901,0
24.25035333633423,0
24.250364065170288,0
24.25040364265442,0
24.27016282081604,0
24.27020764350891,0
24.27033305168152,0
24.29018783569336,0
24.29022693634033,0
24.290245532989506,0
24.29358649253845,0
24.29361128807068,0
24.29369592666626,0
24.293795824050903,0
24.298897743225098,0
24.298959016799927,0
24.299009084701535,0
24.300139904022217,0
24.311127424240112,0
24.311230659484863,0
24.3113431930542,0
24.31309723854065,0
24.31313824653625,0
24.31322741508484,0
24.313249111175537,0
24.32044768333435,0
24.320658683776852,0
24.32068634033203,0
24.320698738098145,0
24.323142528533936,0
24.32332921028137,0
24.323429822921756,0
24.330158710479736,0
24.33019185066223,0
24.33020567893982,0
24.34039068222046,0
24.350147247314453,0
24.350434064865112,0
24.35062074661255,0
24.366955280303955,0
24.36695671081543,0
24.37069869041443,0
24.370731115341187,0
24.371187448501587,0
24.37247967720032,0
24.373034477233887,0
24.373056411743164,0
24.37306880950928,0
24.373395681381226,0
24.373403072357178,0
24.373412370681763,0
24.373416423797607,0
24.389949321746823,0
24.389976501464844,0
24.38998746871948,0
24.395505666732788,0
24.395989894866943,0
24.40238571166992,0
24.40241241455078,0
24.40242624282837,0
24.402597188949585,0
24.40522503852844,0
24.405338764190677,0
24.405354261398315,0
24.405720710754395,0
24.40577721595764,0
24.406224250793457,0
24.40624690055847,0
24.409759998321533,0
24.40978503227234,0
24.409798622131348,0
24.415925979614254,0
24.42994856834412,0
24.42998170852661,0
24.43016004562378,0
24.45003771781921,0
24.45007634162903,0
24.45008611679077,0
24.457576513290405,0
24.457609176635746,0
24.457621812820435,0
24.45884776115417,0
24.462303400039676,0
24.462319374084476,0
24.462344646453857,0
24.4655818939209,0
24.465590238571167,0
24.467867612838745,0
24.46913051605225,0
24.47022318840027,0
24.47025275230408,0
24.470309257507324,0
24.477001667022705,0
24.490006923675537,0
24.490044593811035,0
24.490062475204468,0
24.505204677581787,0
24.50522994995117,0
24.505248069763184,0
24.50584053993225,0
24.5091552734375,0
24.50923204421997,0
24.50925922393799,0
24.510592222213745,0
24.5106303691864,0
24.510650873184204,0
24.510812520980835,0
24.51144003868103,0
24.52003812789917,0
24.520093202590942,0
24.52094578742981,0
24.530165910720825,0
24.530197143554688,0
24.53021001815796,0
24.5530002117157,0
24.553029537200928,0
24.553067445755005,0
24.55710196495056,0
24.557116270065308,0
24.56037259101868,0
24.56038784980774,0
24.560399532318115,0
24.56040048599243,0
24.56308960914612,0
24.563333988189697,0
24.563352584838867,0
24.56880235671997,0
24.56882882118225,0
24.56882929801941,0
24.568857192993164,0
24.571250915527344,0
24.571268796920776,0
24.57172417640686,0
24.571760177612305,0
24.57182002067566,0
24.571838855743408,0
24.573153257369995,0
24.585767030715942,0
24.58579421043396,0
24.585805416107178,0
24.585846424102783,0
24.58590865135193,0
24.585942268371586,0
24.586853742599487,0
24.590502500534058,0
24.590529680252075,0
24.590540647506717,0
24.59742832183838,0
24.597453832626343,0
24.59870433807373,0
24.598739862442017,0
24.609845399856567,0
24.609859943389893,0
24.609874963760376,0
24.61541771888733,0
24.630237102508545,0
24.63027000427246,0
24.63042020797729,0
24.650447607040405,0
24.650487899780277,0
24.65081000328064,0
24.666172742843628,0
24.666210651397705,0
24.666476726531982,0
24.66650080680847,0
24.66657495498657,0
24.66672205924988,0
24.666832447052,0
24.670520544052124,0
24.670604467391968,0
24.670629262924194,0
24.6900634765625,0
24.690107822418213,0
24.69019222259521,0
24.710132122039795,0
24.71017479896545,0
24.71019148826599,0
24.73005151748657,0
24.73008155822754,0
24.730121850967407,0
24.73416543006897,0
24.739628553390503,0
24.739654779434204,0
24.73966765403748,0
24.73967814445496,0
24.740976572036743,0
24.74098825454712,0
24.74104905128479,0
24.74302840232849,0
24.74309992790222,0
24.744469165802,0
24.744515419006348,0
24.755588054656982,0
24.755600690841675,0
24.755613565444943,0
24.755801677703857,0
24.757778882980347,0
24.757792234420776,0
24.75780320167541,0
24.75781464576721,0
24.760815620422363,0
24.76087594032288,0
24.76089119911194,0
24.766162872314453,0
24.770812034606934,0
24.77127766609192,0
24.771293878555294,0
24.773241996765137,0
24.79038691520691,0
24.79041218757629,0
24.79045295715332,0
24.80865859985352,0
24.8100905418396,0
24.81011724472046,0
24.810163021087646,0
24.81299376487732,0
24.813048124313354,0
24.81395149230957,0
24.8139762878418,0
24.813989400863647,0
24.81412672996521,0
24.817145824432373,0
24.817253589630127,0
24.81727123260498,0
24.822328329086304,0
24.82237792015076,0
24.824719429016117,0
24.824748039245605,0
24.82680988311768,0
24.826844930648804,0
24.828144311904907,0
24.82817554473877,0
24.83029055595398,0
24.83030867576599,0
24.830359935760494,0
24.83975887298584,0
24.839955806732178,0
24.84012269973755,0
24.840588569641117,0
24.85012197494507,0
24.85015892982483,0
24.85017442703247,0
24.86200523376465,0
24.862032890319824,0
24.864351511001587,0
24.864474058151245,0
24.86470913887024,0
24.86471676826477,0
24.86474108695984,0
24.870235919952396,0
24.870259046554565,0
24.87027311325073,0
24.87541961669922,0
24.8901150226593,0
24.890171766281128,0
24.89019536972046,0
24.910176992416385,0
24.9102144241333,0
24.91025805473328,0
24.93008828163147,0
24.93011903762817,0
24.930131435394287,0
24.934759616851807,0
24.93478918075561,0
24.934802293777462,0
24.934808015823364,0
24.936891555786133,0
24.93692135810852,0
24.93723225593567,0
24.937878847122192,0
24.93791484832764,0
24.93944311141968,0
24.93950152397156,0
24.94018173217773,0
24.94233345985413,0
24.951621294021606,0
24.95167326927185,0
24.951717615127563,0
24.964008808135983,0
24.970056772232056,0
24.97008800506592,0
24.970338582992557,0
24.97432279586792,0
24.97433590888977,0
24.97723507881165,0
24.97725462913513,0
24.977552890777588,0
24.977554082870483,0
24.979812622070312,0
24.9798321723938,0
24.979898691177368,0
24.980481147766117,0
24.98194003105164,0
24.98993945121765,0
24.98996090888977,0
24.98997664451599,0
24.99307918548584,0
24.99693608283997,0
24.99694967269897,0
24.9975745677948,0
24.997705698013306,0
24.99896001815796,0
24.99897575378418,0
24.999019861221317,0
25.001049995422363,0
25.004297733306885,0
25.0043261051178,0
25.00867390632629,0
25.00869870185852,0
25.01036024093628,0
25.01043033599853,0
25.01045107841492,0
25.01571989059448,0
25.029863595962524,0
25.029877424240112,0
25.02989149093628,0
25.03768467903137,0
25.0376980304718,0
25.03771185874939,0
25.03775382041931,0
25.049977779388428,0
25.05001139640808,0
25.05002760887146,0
25.060518503189087,0
25.06055355072021,0
25.060555458068848,0
25.06395053863525,0
25.064685583114624,0
25.064704418182373,0
25.064712047576904,0
25.07133936882019,0
25.07136869430542,0
25.07142448425293,0
25.080625534057617,0
25.080891847610477,0
25.08091378211975,0
25.08116364479065,0
25.089946508407596,0
25.08998107910156,0
25.08999800682068,0
25.107256412506104,0
25.10764718055725,0
25.10765027999878,0
25.10769486427307,0
25.110211849212646,0
25.1102454662323,0
25.11027693748474,0
25.11499047279358,0
25.11501121520996,0
25.115159034729004,0
25.11679625511169,0
25.116811275482178,0
25.118959426879883,0
25.11897611618042,0
25.121912240982056,0
25.130093336105347,0
25.130114793777462,0
25.130146741867065,0
25.146525859832764,0
25.146539211273197,0
25.14779829978943,0
25.147937297821045,0
25.14795207977295,0
25.147964239120483,0
25.149949312210083,0
25.149964094161987,0
25.14999723434448,0
25.150453567504883,0
25.15048694610596,0
25.15091896057129,0
25.150954008102417,0
25.15930962562561,0
25.16986632347107,0
25.169894218444824,0
25.16992139816284,0
25.17819857597351,0
25.18993759155273,0
25.189964771270752,0
25.18997693061829,0
25.207236528396606,0
25.207268953323364,0
25.20730137825012,0
25.20733332633972,0
25.20754647254944,0
25.20755934715271,0
25.207571506500244,0
25.20917773246765,0
25.209194660186768,0
25.210847854614254,0
25.21088719367981,0
25.210899353027344,0
25.210962057113647,0
25.22990846633911,0
25.229945421218872,0
25.22996401786804,0
25.23525333404541,0
25.250062704086304,0
25.25010132789612,0
25.250118255615234,0
25.269753217697144,0
25.2698016166687,0
25.26980400085449,0
25.269808053970337,0
25.27022886276245,0
25.2702739238739,0
25.27033305168152,0
25.27410697937012,0
25.27416491508484,0
25.274189710617065,0
25.27426767349243,0
25.29033064842224,0
25.29037070274353,0
25.29088306427002,0
25.29815077781677,0
25.298168182373047,0
25.29821372032165,0
25.298333644866943,0
25.30817198753357,0
25.308193922042847,0
25.30821418762207,0
25.31031084060669,0
25.31034517288208,0
25.31039595603943,0
25.330808639526367,0
25.330845832824707,0
25.33086061477661,0
25.35001826286316,0
25.35001945495605,0
25.35004472732544,0
25.365551948547363,0
25.36557483673096,0
25.366788148880005,0
25.366791009902958,0
25.36795282363892,0
25.368226289749146,0
25.36824655532837,0
25.368260860443115,0
25.369981050491333,0
25.37000584602356,0
25.370177507400516,0
25.37060785293579,0
25.37061905860901,0
25.370912075042725,0
25.384103536605835,0
25.38720989227295,0
25.387226104736328,0
25.38867735862732,0
25.38909244537353,0
25.392926692962646,0
25.392983198165894,0
25.39300656318665,0
25.39313387870789,0
25.39356017112732,0
25.410145044326782,0
25.410175561904907,0
25.41035413742065,0
25.41440987586975,0
25.414427995681763,0
25.41447949409485,0
25.41542625427246,0
25.415451049804688,0
25.41692876815796,0
25.41695475578308,0
25.417402505874637,0
25.419077396392822,0
25.430336713790894,0
25.430386781692505,0
25.4303879737854,0
25.44595623016357,0
25.450502157211304,0
25.45052433013916,0
25.45059061050415,0
25.46137404441833,0
25.461416959762573,0
25.461561918258667,0
25.46158218383789,0
25.46159863471985,0
25.46161246299744,0
25.461628675460812,0
25.46166443824768,0
25.46168255805969,0
25.46994686126709,0
25.469980478286743,0
25.46999430656433,0
25.476356029510494,0
25.489967584609985,0
25.490001916885376,0
25.49004888534546,0
25.5078387260437,0
25.507864236831665,0
25.507933139801025,0
25.50799989700317,0
25.511365175247192,0
25.51138734817505,0
25.51149320602417,0
25.513494968414307,0
25.51351499557495,0
25.513537406921387,0
25.51667618751526,0
25.51709079742432,0
25.519363164901733,0
25.5194308757782,0
25.526960134506226,0
25.528788566589355,0
25.53048038482666,0
25.530495166778564,0
25.530510425567627,0
25.530599355697632,0
25.546624422073364,0
25.546905517578125,0
25.54796004295349,0
25.547985076904297,0
25.548017978668213,0
25.548057317733765,0
25.550172567367557,0
25.550196886062626,0
25.55020833015442,0
25.551027297973636,0
25.551083087921143,0
25.551495790481567,0
25.56957626342773,0
25.5702645778656,0
25.57028102874756,0
25.57029151916504,0
25.5711612701416,0
25.571178436279297,0
25.57118773460388,0
25.57206606864929,0
25.57207942008972,0
25.572095155715942,0
25.57981586456299,0
25.590050220489506,0
25.590071201324463,0
25.59007787704468,0
25.602699518203732,0
25.602723598480225,0
25.60273504257202,0
25.60273551940918,0
25.6046199798584,0
25.604631900787357,0
25.60566997528076,0
25.605709552764893,0
25.60571050643921,0
25.61005926132202,0
25.610089778900143,0
25.6101016998291,0
25.623388528823853,0
25.623435497283936,0
25.626092672348022,0
25.630147457122803,0
25.63017511367798,0
25.63021993637085,0
25.64056944847107,0
25.64077115058899,0
25.640799045562744,0
25.640815496444706,0
25.64123678207397,0
25.64126324653625,0
25.64131593704224,0
25.649938583374023,0
25.65001392364502,0
25.650097370147705,0
25.670186758041385,0
25.670223712921143,0
25.670270442962646,0
25.68025493621826,0
25.687883853912357,0
25.687885522842407,0
25.68824791908264,0
25.68828129768372,0
25.69054770469665,0
25.69064450263977,0
25.69067001342773,0
25.71017169952393,0
25.710206747055054,0
25.710349559783936,0
25.712050199508667,0
25.712083101272583,0
25.712584972381592,0
25.712610244750977,0
25.712992906570435,0
25.723472356796265,0
25.723508834838867,0
25.7246687412262,0
25.73015570640564,0
25.730170488357544,0
25.73018217086792,0
25.730196475982662,0
25.73025345802307,0
25.745087146759037,0
25.745407342910767,0
25.745427131652832,0
25.745434045791622,0
25.746262788772583,0
25.74627804756165,0
25.7463653087616,0
25.750059843063354,0
25.750088930130005,0
25.750114679336548,0
25.75124216079712,0
25.766552925109863,0
25.772669792175293,0
25.772716283798218,0
25.77273154258728,0
25.7728009223938,0
25.781963109970093,0
25.781973838806152,0
25.78198456764221,0
25.782058477401733,0
25.79042887687683,0
25.790499448776245,0
25.790533542633057,0
25.803081274032596,0
25.803202629089355,0
25.80516481399536,0
25.805835247039795,0
25.805863618850708,0
25.80609607696533,0
25.806145668029785,0
25.81015992164612,0
25.810853004455566,0
25.810885429382324,0
25.8225839138031,0
25.822696685791016,0
25.822709321975708,0
25.82271194458008,0
25.82548427581787,0
25.825759887695312,0
25.825982093811035,0
25.826141834259037,0
25.83016300201416,0
25.83019471168518,0
25.8303017616272,0
25.850524425506592,0
25.85056447982788,0
25.850587844848636,0
25.853776454925537,0
25.8538122177124,0
25.85383081436157,0
25.85384964942932,0
25.862817764282227,0
25.86286354064941,0
25.86360239982605,0
25.86447095870972,0
25.864497423172,0
25.86452698707581,0
25.870470762252808,0
25.870502710342407,0
25.870556831359863,0
25.88963270187378,0
25.89201140403748,0
25.8920693397522,0
25.892126321792603,0
25.89219117164612,0
25.89221167564392,0
25.89227771759033,0
25.89404392242432,0
25.89411687850952,0
25.89414143562317,0
25.894229412078857,0
25.89427351951599,0
25.89533567428589,0
25.895477294921875,0
25.910327196121216,0
25.910372018814087,0
25.91041851043701,0
25.915387392044067,0
25.916422605514526,0
25.930137872695923,0
25.93016576766968,0
25.93017888069153,0
25.939399480819706,0
25.949987411499023,0
25.950011253356934,0
25.95002293586731,0
25.972532749176025,0
25.972565174102783,0
25.97261142730713,0
25.99041485786438,0
25.990443468093872,0
25.99045705795288,0
25.99897575378418,0
25.998988389968872,0
25.999951124191284,0
26.00045800209045,0
26.000480890274048,0
26.00128817558289,0
26.00216507911682,0
26.002192497253414,0
26.002217292785645,0
26.005115032196045,0
26.009748935699463,0
26.01014304161072,0
26.010157585144043,0
26.010409116744995,0
26.01121735572815,0
26.011248350143436,0
26.01262331008911,0
26.012717485427856,0
26.03019618988037,0
26.03022313117981,0
26.030282258987427,0
26.050047397613525,0
26.050085306167603,0
26.05010437965393,0
26.066708087921143,0
26.07018280029297,0
26.07082319259644,0
26.070858001708984,0
26.07560777664185,0
26.0756254196167,0
26.07569265365601,0
26.075732946395878,0
26.077168226242065,0
26.077312231063843,0
26.077674865722656,0
26.08317732810974,0
26.083186388015747,0
26.083191871643063,0
26.083763122558597,0
26.085145711898804,0
26.085148572921756,0
26.085220098495483,0
26.086114406585693,0
26.090537309646606,0
26.09056782722473,0
26.09058403968811,0
26.09528470039368,0
26.09555721282959,0
26.095575094223022,0
26.095638275146484,0
26.110090255737305,0
26.110163688659668,0
26.11018395423889,0
26.12463641166687,0
26.124735593795776,0
26.12475347518921,0
26.126481533050537,0
26.12650966644287,0
26.12840962409973,0
26.128433227539062,0
26.129998207092285,0
26.130024671554565,0
26.130035877227783,0
26.14993977546692,0
26.149966955184937,0
26.149977684021,0
26.15609622001648,0
26.16104102134705,0
26.161415100097656,0
26.162519931793213,0
26.162996292114254,0
26.16361427307129,0
26.164265632629395,0
26.16515040397644,0
26.165992259979248,0
26.166747093200684,0
26.16808223724365,0
26.1702778339386,0
26.170294761657715,0
26.17030692100525,0
26.171730995178223,0
26.17626929283142,0
26.188271284103397,0
26.188563346862797,0
26.188820838928223,0
26.189079999923703,0
26.190142393112183,0
26.190163612365723,0
26.190203189849854,0
26.19119668006897,0
26.19123911857605,0
26.19126796722412,0
26.191628456115723,0
26.191652059555054,0
26.201349020004272,0
26.20136070251465,0
26.202796697616577,0
26.203761100769043,0
26.20995831489563,0
26.209984064102173,0
26.209995985031128,0
26.230201482772827,0
26.230233430862427,0
26.23024606704712,0
26.25014972686768,0
26.250186920166016,0
26.25019121170044,0
26.262040376663208,0
26.268407821655277,0
26.268942832946777,0
26.269379377365112,0
26.271037340164185,0
26.271090269088745,0
26.27110743522644,0
26.27112936973572,0
26.29012250900269,0
26.290167808532715,0
26.290185928344727,0
26.295264720916748,0
26.29530549049377,0
26.295372247695923,0
26.297576904296875,0
26.302547693252563,0
26.30327534675598,0
26.30353879928589,0
26.303578853607178,0
26.31008267402649,0
26.310125589370728,0
26.310563564300537,0
26.310678958892822,0
26.310747623443604,0
26.310771465301517,0
26.31084704399109,0
26.315935373306274,0
26.31635069847107,0
26.31637692451477,0
26.31639266014099,0
26.330249786376957,0
26.330390214920044,0
26.330435037612915,0
26.34018969535828,0
26.34046196937561,0
26.3405282497406,0
26.34082865715027,0
26.35102152824402,0
26.35108757019043,0
26.351104021072388,0
26.37050485610962,0
26.370532989501957,0
26.370543479919437,0
26.37857937812805,0
26.378581047058105,0
26.381080627441406,0
26.381104946136475,0
26.3811354637146,0
26.38123321533203,0
26.38127374649048,0
26.38133716583252,0
26.381351947784424,0
26.38209652900696,0
26.390076637268063,0
26.390109300613403,0
26.39012050628662,0
26.39288020133972,0
26.39289164543152,0
26.39312505722046,0
26.393150568008423,0
26.393160820007324,0
26.39317274093628,0
26.393214464187626,0
26.400723218917847,0
26.400758743286133,0
26.40202045440674,0
26.402071952819824,0
26.402634382247925,0
26.40357351303101,0
26.40977954864502,0
26.409801483154297,0
26.40981340408325,0
26.42996597290039,0
26.42999672889709,0
26.430161714553837,0
26.440223693847656,0
26.447191953659058,0
26.44721627235413,0
26.44723582267761,0
26.447319984436035,0
26.45027780532837,0
26.450316190719604,0
26.450591564178467,0
26.46612954139709,0
26.466225624084476,0
26.46625781059265,0
26.467426300048828,0
26.47187066078186,0
26.4719033241272,0
26.47323536872864,0
26.48947811126709,0
26.489732027053837,0
26.4902560710907,0
26.490729570388797,0
26.490753173828125,0
26.491613388061523,0
26.491675853729248,0
26.49249505996704,0
26.492515802383423,0
26.492793321609497,0
26.494749307632446,0
26.49531388282776,0
26.4967360496521,0
26.49678897857666,0
26.510190725326535,0
26.510324716567997,0
26.51037168502808,0
26.529122352600098,0
26.53024983406067,0
26.53028416633606,0
26.53029990196228,0
26.53200125694275,0
26.534099102020264,0
26.550148010253903,0
26.550178050994877,0
26.550189971923828,0
26.553746700286865,0
26.55399441719055,0
26.554810523986816,0
26.55482625961304,0
26.554836988449097,0
26.554847955703732,0
26.556082010269165,0
26.556732654571533,0
26.55708050727844,0
26.55807638168335,0
26.55820941925049,0
26.55822324752808,0
26.558234214782715,0
26.568031072616577,0
26.568058729171756,0
26.568297863006592,0
26.57019591331482,0
26.570221424102783,0
26.570232391357425,0
26.589964866638184,0
26.590237379074097,0
26.59033489227295,0
26.60038924217224,0
26.609875202178955,0
26.609901666641235,0
26.60991477966309,0
26.630010843276978,0
26.630035400390625,0
26.6303768157959,0
26.634493350982662,0
26.634526014328003,0
26.63454389572144,0
26.635505199432373,0
26.63768982887268,0
26.637731075286865,0
26.637783765792847,0
26.63878035545349,0
26.638813018798828,0
26.640243768692017,0
26.64025402069092,0
26.6411874294281,0
26.648131608963013,0
26.65059328079224,0
26.650617837905884,0
26.650633811950684,0
26.65075755119324,0
26.6508047580719,0
26.65085244178772,0
26.65091824531555,0
26.65096879005432,0
26.65098524093628,0
26.66899681091309,0
26.670945167541504,0
26.67098379135132,0
26.671104431152344,0
26.67433333396912,0
26.67492818832397,0
26.68409919738769,0
26.68572568893433,0
26.68575620651245,0
26.68909072875977,0
26.689534664154053,0
26.68992018699646,0
26.69033694267273,0
26.690661907196045,0
26.69068026542664,0
26.69075322151184,0
26.690844297409058,0
26.69086790084839,0
26.69691610336304,0
26.69693946838379,0
26.710309743881226,0
26.71067214012146,0
26.71070909500122,0
26.730111360549927,0
26.730137586593628,0
26.735389232635494,0
26.73751306533813,0
26.744216680526733,0
26.74620795249939,0
26.74635362625122,0
26.746367692947388,0
26.74995446205139,0
26.74998021125793,0
26.750020503997803,0
26.758225679397583,0
26.758254051208496,0
26.759287118911743,0
26.769936084747314,0
26.769936323165894,0
26.7699716091156,0
26.7901349067688,0
26.790138721466064,0
26.790163278579712,0
26.790674924850464,0
26.79386854171753,0
26.79389190673828,0
26.79467988014221,0
26.79469347000122,0
26.795036792755127,0
26.795233964920044,0
26.796899557113647,0
26.796929121017456,0
26.798717498779297,0
26.799684286117557,0
26.799737453460693,0
26.802492141723636,0
26.802816152572632,0
26.8101658821106,0
26.81019353866577,0
26.81020402908325,0
26.822088718414307,0
26.82222318649292,0
26.822355031967163,0
26.8223717212677,0
26.823344469070435,0
26.82349848747253,0
26.82366275787353,0
26.82389640808105,0
26.82984495162964,0
26.8298454284668,0
26.82988238334656,0
26.837371587753296,0
26.83789825439453,0
26.837928771972656,0
26.837973594665527,0
26.850766897201535,0
26.850775241851807,0
26.85080337524414,0
26.870238780975345,0
26.870254039764404,0
26.870278120040894,0
26.88538646697998,0
26.885421752929688,0
26.88589572906494,0
26.88629937171936,0
26.889997720718384,0
26.890037298202515,0
26.890098333358765,0
26.906477451324463,0
26.90649676322937,0
26.90651559829712,0
26.906535148620605,0
26.9107666015625,0
26.910928964614868,0
26.910951852798465,0
26.915307998657227,0
26.915358304977417,0
26.91545271873474,0
26.915489673614506,0
26.917309999465942,0
26.93025851249695,0
26.93029284477234,0
26.93030619621277,0
26.944636821746823,0
26.944639921188354,0
26.945703268051147,0
26.947698831558228,0
26.947725772857662,0
26.947797775268555,0
26.95020437240601,0
26.95023250579834,0
26.95024371147156,0
26.96841144561768,0
26.968414306640625,0
26.968424081802368,0
26.9694082736969,0
26.969830989837646,0
26.96999430656433,0
26.970534324646,0
26.973928928375244,0
26.973944187164307,0
26.990450620651245,0
26.990477800369263,0
26.990492343902588,0
26.995164155960083,0
26.995190143585205,0
26.995193243026733,0
26.995208263397217,0
27.000474214553837,0
27.000502347946167,0
27.003934144973755,0
27.00426435470581,0
27.00448608398437,0
27.00450754165649,0
27.005707263946533,0
27.006212949752808,0
27.006451845169067,0
27.0098397731781,0
27.00987648963928,0
27.01006579399109,0
27.01793336868286,0
27.029842138290405,0
27.029853105545044,0
27.030482053756717,0
27.040218114852905,0
27.046202421188354,0
27.046231269836422,0
27.04626989364624,0
27.046304941177368,0
27.049884557724,0
27.049910068511963,0
27.050009965896606,0
27.0633602142334,0
27.06338572502136,0
27.0634663105011,0
27.069602966308597,0
27.07050085067749,0
27.070509910583496,0
27.0708487033844,0
27.070884943008423,0
27.070905208587646,0
27.07092571258545,0
27.071016550064087,0
27.07193374633789,0
27.07202458381653,0
27.09085178375244,0
27.09132671356201,0
27.0915629863739,0
27.092143774032596,0
27.096409797668457,0
27.096431016922,0
27.09650421142578,0
27.096612215042114,0
27.101136207580566,0
27.10117745399475,0
27.101195335388184,0
27.101253986358643,0
27.101306200027462,0
27.1030068397522,0
27.103029251098636,0
27.11069965362549,0
27.110742807388306,0
27.11074542999268,0
27.130056381225582,0
27.1300847530365,0
27.130265474319454,0
27.1462197303772,0
27.14827299118042,0
27.150037050247192,0
27.150059938430783,0
27.1503381729126,0
27.164096117019653,0
27.17003846168518,0
27.17006468772888,0
27.17009806632996,0
27.174007654190063,0
27.1742901802063,0
27.17514443397522,0
27.17533230781555,0
27.176026105880737,0
27.176173448562626,0
27.180823802948,0
27.18083620071411,0
27.180909633636475,0
27.182986736297607,0
27.18999147415161,0
27.190226554870605,0
27.19032311439514,0
27.202550888061523,0
27.20396876335144,0
27.2040057182312,0
27.204043865203857,0
27.20612382888794,0
27.20613670349121,0
27.20992374420166,0
27.20994758605957,0
27.21003556251526,0
27.216527700424194,0
27.216567993164062,0
27.217318773269653,0
27.22990155220032,0
27.22993016242981,0
27.229930877685547,0
27.25039267539978,0
27.250423192977905,0
27.25046181678772,0
27.261595249176025,0
27.261632204055783,0
27.261795043945312,0
27.261814832687374,0
27.263112545013428,0
27.26315402984619,0
27.2632110118866,0
27.270236253738403,0
27.2702419757843,0
27.270272970199585,0
27.290056467056274,0
27.290085077285767,0
27.29009962081909,0
27.29417133331299,0
27.29844045639038,0
27.29981112480164,0
27.30033707618713,0
27.300392150878903,0
27.300466775894165,0
27.30050826072693,0
27.302250146865845,0
27.305258750915527,0
27.30527949333191,0
27.305341243743896,0
27.305359363555908,0
27.30733871459961,0
27.307682991027832,0
27.307711601257324,0
27.308835983276367,0
27.311017990112305,0
27.311123371124268,0
27.31114268302917,0
27.311145782470703,0
27.311159372329712,0
27.31940770149231,0
27.330070972442627,0
27.33009934425354,0
27.33012843132019,0
27.350173711776733,0
27.35019946098328,0
27.35021185874939,0
27.353693962097168,0
27.353736877441406,0
27.355567455291748,0
27.355589628219604,0
27.355705499649048,0
27.355720043182373,0
27.35882997512817,0
27.359134912490845,0
27.359337329864506,0
27.370274305343628,0
27.37030267715454,0
27.37031435966492,0
27.386095762252808,0
27.38987112045288,0
27.389894247055054,0
27.389904975891117,0
27.41004991531372,0
27.410076379776,0
27.41011428833008,0
27.41456174850464,0
27.41458773612976,0
27.41459274291992,0
27.41460084915161,0
27.417299270629883,0
27.417325735092163,0
27.41735816001892,0
27.418227195739743,0
27.41940140724182,0
27.42014741897583,0
27.420170068740845,0
27.423009395599365,0
27.423210859298703,0
27.423882484436035,0
27.42989134788513,0
27.429919481277462,0
27.429933309555054,0
27.44683051109314,0
27.449318647384644,0
27.44934320449829,0
27.44936156272888,0
27.45014691352844,0
27.450167655944824,0
27.450278520584103,0
27.45152187347412,0
27.451887607574463,0
27.45218324661255,0
27.453858137130737,0
27.466458797454838,0
27.46656370162964,0
27.46702527999878,0
27.467105627059937,0
27.46935057640076,0
27.469374179840088,0
27.469682693481445,0
27.47039365768433,0
27.472354888916016,0
27.4724235534668,0
27.47247719764709,0
27.490416526794437,0
27.490455389022827,0
27.490471124649048,0
27.494085788726807,0
27.497094869613647,0
27.49712347984314,0
27.4982168674469,0
27.49823498725891,0
27.506917715072632,0
27.510303258895878,0
27.510559558868408,0
27.510612726211548,0
27.5124409198761,0
27.512467861175537,0
27.512481451034542,0
27.5127911567688,0
27.513956785202023,0
27.51397132873535,0
27.514503240585327,0
27.52672863006592,0
27.526731252670288,0
27.526753902435303,0
27.526851177215576,0
27.529431343078613,0
27.52945709228516,0
27.52986454963684,0
27.530474424362183,0
27.53065395355225,0
27.53080177307129,0
27.5314781665802,0
27.54346919059753,0
27.543495893478397,0
27.54371428489685,0
27.543734550476078,0
27.54547905921936,0
27.54581069946289,0
27.546367168426517,0
27.546837329864506,0
27.54727554321289,0
27.550312757492065,0
27.55033850669861,0
27.550374507904053,0
27.57149600982666,0
27.57153058052063,0
27.571544408798218,0
27.57846999168396,0
27.59026670455933,0
27.590283155441284,0
27.5907678604126,0
27.597070693969727,0
27.597376585006717,0
27.609955549240112,0
27.609983444213867,0
27.609997510910038,0
27.63051462173462,0
27.630540132522583,0
27.63055920600891,0
27.631502151489254,0
27.631531715393063,0
27.63154625892639,0
27.63156151771545,0
27.63315367698669,0
27.63316774368286,0
27.633232593536377,0
27.634927988052368,0
27.634957551956177,0
27.63649606704712,0
27.63655185699463,0
27.637178897857662,0
27.65015149116516,0
27.65018391609192,0
27.65019941329956,0
27.65371990203857,0
27.65526533126831,0
27.656652212142944,0
27.656944751739506,0
27.65697956085205,0
27.6570417881012,0
27.657060146331787,0
27.657424211502075,0
27.65869355201721,0
27.6632297039032,0
27.670097827911377,0
27.670135974884037,0
27.670185804367065,0
27.68365812301636,0
27.684030771255493,0
27.684061288833615,0
27.684077978134155,0
27.688257694244385,0
27.68843126296997,0
27.688822269439697,0
27.69005537033081,0
27.69008731842041,0
27.690129041671756,0
27.699541807174683,0
27.699581146240234,0
27.701828002929688,0
27.701895475387573,0
27.710259199142456,0
27.710293531417847,0
27.7103111743927,0
27.73033571243286,0
27.73037004470825,0
27.730649709701535,0
27.75083327293396,0
27.750858068466187,0
27.751221895217896,0
27.751914262771606,0
27.77047562599182,0
27.77050018310547,0
27.77051568031311,0
27.777827262878414,0
27.778263092041016,0
27.779699087142944,0
27.77971339225769,0
27.779725074768063,0
27.78005433082581,0
27.782113552093502,0
27.78212666511536,0
27.782294750213623,0
27.783916234970093,0
27.78404998779297,0
27.784066915512085,0
27.78415441513061,0
27.78601598739624,0
27.786203622817997,0
27.78624129295349,0
27.788492441177368,0
27.79045581817627,0
27.79049396514893,0
27.790508031845093,0
27.79487895965576,0
27.79490447044373,0
27.79499101638794,0
27.79500699043274,0
27.797998189926147,0
27.79802441596985,0
27.79808497428894,0
27.80029821395874,0
27.800325632095337,0
27.80363750457764,0
27.803658723831177,0
27.809955596923828,0
27.809978246688843,0
27.80999088287353,0
27.81538724899292,0
27.830010890960693,0
27.830058574676517,0
27.8300724029541,0
27.850027084350582,0
27.850027322769165,0
27.85010075569153,0
27.86092233657837,0
27.86150026321411,0
27.861846685409542,0
27.86188149452209,0
27.864464282989506,0
27.86449146270752,0
27.86530566215515,0
27.871565103530884,0
27.87160587310791,0
27.871623516082764,0
27.89049005508423,0
27.89070439338684,0
27.89076066017151,0
27.89413332939148,0
27.89651083946228,0
27.89884638786316,0
27.905335664749146,0
27.90538001060486,0
27.905381202697757,0
27.905400037765503,0
27.90714693069458,0
27.90716552734375,0
27.90724539756775,0
27.90884137153625,0
27.90887331962585,0
27.914851188659668,0
27.91487288475037,0
27.914892435073853,0
27.915005207061768,0
27.915127992630005,0
27.91855406761169,0
27.930025339126587,0
27.930054664611816,0
27.9300549030304,0
27.94984030723572,0
27.950202465057373,0
27.950541973114014,0
27.95210361480713,0
27.952287435531616,0
27.953240156173703,0
27.953564167022705,0
27.95358681678772,0
27.954148769378666,0
27.954449892044067,0
27.954718589782715,0
27.957157611846924,0
27.957169771194454,0
27.957181692123413,0
27.967219591140747,0
27.969958543777462,0
27.969959020614624,0
27.969985485076904,0
27.983540534973145,0
27.98354935646057,0
27.98356294631958,0
27.98358464241028,0
27.98375487327576,0
27.985496282577515,0
27.985551834106445,0
27.985567569732662,0
27.98721981048584,0
27.987241983413696,0
27.9900803565979,0
27.990099906921387,0
27.990113258361816,0
27.99012565612793,0
27.990164279937744,0
28.00996947288513,0
28.00999975204468,0
28.010011672973636,0
28.02185583114624,0
28.02211141586304,0
28.02211833000183,0
28.022133588790894,0
28.023439168930054,0
28.02346181869507,0
28.023565530776978,0
28.023980617523197,0
28.0298912525177,0
28.02991843223572,0
28.02993941307068,0
28.050517559051517,0
28.050551891326904,0
28.05056858062744,0
28.05338478088379,0
28.055842399597168,0
28.056544303894043,0
28.056580066680908,0
28.057358980178837,0
28.05739665031433,0
28.05741596221924,0
28.058085441589355,0
28.05847978591919,0
28.0609872341156,0
28.070049047470093,0
28.07008719444275,0
28.070168256759644,0
28.090149641036987,0
28.09015917778015,0
28.09018421173096,0
28.090185165405277,0
28.091354370117188,0
28.091386795043945,0
28.09140419960022,0
28.09149432182312,0
28.091517210006717,0
28.093085289001465,0
28.093682527542114,0
28.093721389770508,0
28.09607243537903,0
28.096141815185547,0
28.1100492477417,0
28.110089778900143,0
28.11032128334045,0
28.118452548980716,0
28.130219221115112,0
28.130266904830933,0
28.13033127784729,0
28.150763511657715,0
28.15081667900085,0
28.150871753692627,0
28.155256748199463,0
28.155476331710812,0
28.15821361541748,0
28.15933203697205,0
28.159634351730347,0
28.160159587860107,0
28.164438486099243,0
28.16444396972656,0
28.165116786956787,0
28.16512608528137,0
28.170271158218384,0
28.170305013656616,0
28.170324563980103,0
28.17085218429565,0
28.1827404499054,0
28.18687844276428,0
28.188474416732788,0
28.188676118850708,0
28.188803672790527,0
28.191134691238403,0
28.191165924072266,0
28.19117832183838,0
28.19388747215271,0
28.193888664245605,0
28.193904399871823,0
28.209927797317505,0
28.2099666595459,0
28.2100293636322,0
28.230077028274536,0
28.23034930229187,0
28.23037362098694,0
28.23698616027832,0
28.237029314041138,0
28.238454341888428,0
28.238778352737427,0
28.23964786529541,0
28.245749473571777,0
28.246164083480835,0
28.247599840164185,0
28.247639417648315,0
28.2479100227356,0
28.24793672561645,0
28.248024463653564,0
28.25001049041748,0
28.250097274780277,0
28.25034594535828,0
28.25257420539856,0
28.25301313400269,0
28.25301718711853,0
28.2533540725708,0
28.25393438339233,0
28.25415945053101,0
28.25429677963257,0
28.25613021850586,0
28.268863439559937,0
28.26897954940796,0
28.26902866363525,0
28.269081830978397,0
28.269279718399048,0
28.269330263137817,0
28.26938199996948,0
28.271666049957275,0
28.27170753479004,0
28.271774530410767,0
28.28749990463257,0
28.287524700164795,0
28.294333934783936,0
28.294381380081177,0
28.29443907737732,0
28.294456720352173,0
28.29456186294556,0
28.294622898101807,0
28.306581497192383,0
28.306633949279785,0
28.30667543411255,0
28.30671453475952,0
28.30679655075073,0
28.30683159828186,0
28.306873083114624,0
28.3104784488678,0
28.31061100959778,0
28.31074810028076,0
28.321614742279053,0
28.32344102859497,0
28.33060622215271,0
28.33074975013733,0
28.33083200454712,0
28.339171171188354,0
28.35097622871399,0
28.351027727127075,0
28.351496934890747,0
28.36082696914673,0
28.36129665374756,0
28.3711097240448,0
28.37149262428284,0
28.37154722213745,0
28.391480445861816,0
28.391526222229004,0
28.391680479049683,0
28.411820650100708,0
28.41212224960327,0
28.41217350959778,0
28.41797876358032,0
28.418012380599976,0
28.41803860664368,0
28.41806507110596,0
28.422568798065186,0
28.423406839370728,0
28.42394113540649,0
28.42445516586304,0
28.43170428276062,0
28.4317467212677,0
28.433069944381717,0
28.43352103233337,0
28.43359589576721,0
28.433715105056763,0
28.433762550354004,0
28.445326566696167,0
28.44605803489685,0
28.45299315452576,0
28.45319247245789,0
28.45325231552124,0
28.453523635864254,0
28.46156096458435,0
28.46158051490784,0
28.461598873138428,0
28.46516489982605,0
28.47024655342102,0
28.47087812423706,0
28.470903873443604,0
28.47406268119812,0
28.47419571876526,0
28.47421360015869,0
28.4742283821106,0
28.47472739219665,0
28.47475004196167,0
28.474864721298218,0
28.477243661880493,0
28.477698802948,0
28.477933883666992,0
28.479990243911743,0
28.492618083953857,0
28.49264478683472,0
28.492742776870728,0
28.4928297996521,0
28.49293255805969,0
28.49295401573181,0
28.49356245994568,0
28.49391293525696,0
28.49393439292908,0
28.49400234222412,0
28.494343996047974,0
28.49436044692993,0
28.49529266357422,0
28.49530792236328,0
28.51021790504456,0
28.510250568389893,0
28.510252714157104,0
28.518677711486816,0
28.530054807662964,0
28.530091524124146,0
28.530219316482544,0
28.55085515975952,0
28.55089354515076,0
28.55089473724365,0
28.55728507041931,0
28.55768823623657,0
28.558867692947388,0
28.560901403427124,0
28.56094765663147,0
28.56097173690796,0
28.561936140060425,0
28.56195378303528,0
28.56200575828552,0
28.56299328804016,0
28.566248893737797,0
28.56949234008789,0
28.569831371307373,0
28.5698561668396,0
28.56986713409424,0
28.58694696426392,0
28.58696174621582,0
28.58697295188904,0
28.59054374694824,0
28.590593814849854,0
28.591115713119507,0
28.59140157699585,0
28.60734844207764,0
28.60775136947632,0
28.60778284072876,0
28.61081624031067,0
28.61084079742432,0
28.61151957511902,0
28.611587047576904,0
28.61161684989929,0
28.61267471313477,0
28.61272025108337,0
28.61376404762268,0
28.622379779815677,0
28.622434616088867,0
28.622605800628666,0
28.62262845039368,0
28.625755786895752,0
28.625779390335083,0
28.626537322998047,0
28.6300847530365,0
28.630112171173096,0
28.63014006614685,0
28.63437914848328,0
28.64991497993469,0
28.649938106536865,0
28.65004253387451,0
28.670027017593384,0
28.67006802558899,0
28.670133352279663,0
28.690481901168823,0
28.690600633621216,0
28.69069790840149,0
28.698747158050537,0
28.69876456260681,0
28.698782682418823,0
28.698920249938965,0
28.701316595077515,0
28.70144009590149,0
28.70168137550354,0
28.703340768814087,0
28.70369434356689,0
28.70370578765869,0
28.703723907470703,0
28.70508861541748,0
28.705453872680664,0
28.70549058914185,0
28.707440853118896,0
28.707472324371334,0
28.71108627319336,0
28.711132764816284,0
28.71122574806213,0
28.71229219436645,0
28.71237015724182,0
28.723758220672607,0
28.733227491378784,0
28.733363389968872,0
28.733694314956665,0
28.733721494674683,0
28.733736276626587,0
28.733748197555546,0
28.734466075897217,0
28.734798431396484,0
28.73481130599976,0
28.735278606414795,0
28.73763418197632,0
28.745505809783936,0
28.746506452560425,0
28.749988794326782,0
28.75002384185791,0
28.750274896621704,0
28.76592993736267,0
28.76593255996704,0
28.76889395713806,0
28.769222497940063,0
28.76924443244934,0
28.76926898956299,0
28.76944351196289,0
28.7694787979126,0
28.76956272125244,0
28.77051043510437,0
28.770526885986328,0
28.770583868026733,0
28.7768657207489,0
28.776883125305176,0
28.79056668281555,0
28.790593147277832,0
28.7906756401062,0
28.79265832901001,0
28.792670726776123,0
28.80996417999268,0
28.809964895248413,0
28.80999970436096,0
28.81644582748413,0
28.83012628555298,0
28.83016014099121,0
28.830175399780277,0
28.84804081916809,0
28.848070859909058,0
28.84808611869812,0
28.84813523292541,0
28.85020995140076,0
28.850234270095825,0
28.850273609161377,0
28.852001667022705,0
28.852031707763672,0
28.852518320083615,0
28.86922812461853,0
28.87026834487915,0
28.87030053138733,0
28.870317697525024,0
28.882100582122803,0
28.88260626792908,0
28.882639169692997,0
28.88265872001648,0
28.88754892349243,0
28.88758420944214,0
28.887585401535038,0
28.89003276824951,0
28.890049695968628,0
28.89008498191833,0
28.89098811149597,0
28.8917088508606,0
28.91011667251587,0
28.910157442092896,0
28.910176753997803,0
28.91802406311035,0
28.918068647384644,0
28.9301815032959,0
28.930272340774536,0
28.931320190429688,0
28.949862718582157,0
28.94987940788269,0
28.950241088867188,0
28.950260639190677,0
28.950554132461548,0
28.95206904411316,0
28.955787897109985,0
28.95579481124878,0
28.956823110580444,0
28.956839084625244,0
28.95896315574646,0
28.958976984024048,0
28.97041606903076,0
28.97044801712036,0
28.970492362976078,0
28.97458553314209,0
28.97461843490601,0
28.974666833877563,0
28.98108172416687,0
28.98197221755981,0
28.981979608535767,0
28.98200249671936,0
28.984957695007324,0
28.984989643096924,0
28.98551893234253,0
28.985548496246334,0
28.986021280288696,0
28.986040115356445,0
28.986056804656982,0
28.98608684539795,0
28.99030184745789,0
28.990327835083008,0
28.990341424942017,0
28.991309881210327,0
28.99860715866089,0
28.998629808425903,0
29.010006427764893,0
29.01003646850586,0
29.01004910469055,0
29.02020382881165,0
29.020251274108887,0
29.020652532577515,0
29.030078649520878,0
29.030109405517575,0
29.030123949050903,0
29.049962520599365,0
29.05000352859497,0
29.05006575584412,0
29.05271863937378,0
29.052839279174805,0
29.053089141845703,0
29.053372144699097,0
29.05801558494568,0
29.058027982711792,0
29.058197736740112,0
29.059379816055294,0
29.061856508255005,0
29.070035457611084,0
29.070072650909424,0
29.070088863372803,0
29.074306964874268,0
29.07969164848328,0
29.080251216888428,0
29.08028626441956,0
29.08034873008728,0
29.085705280303955,0
29.087369680404663,0
29.08779239654541,0
29.088903665542603,0
29.090747117996216,0
29.09076404571533,0
29.09078001976013,0
29.090801000595093,0
29.09263777732849,0
29.09276795387268,0
29.098095893859863,0
29.09811520576477,0
29.10987377166748,0
29.109904289245605,0
29.11001491546631,0
29.12093663215637,0
29.12597894668579,0
29.12632369995117,0
29.13018560409546,0
29.130216598510746,0
29.13022494316101,0
29.142250299453732,0
29.142574787139893,0
29.14270281791687,0
29.142820596694943,0
29.14374256134033,0
29.14412951469421,0
29.14420485496521,0
29.149927616119385,0
29.149954319000244,0
29.14996886253357,0
29.1568341255188,0
29.1699321269989,0
29.16995859146118,0
29.1699652671814,0
29.19189143180847,0
29.19191002845764,0
29.191965341567997,0
29.196088075637817,0
29.19610071182251,0
29.19611144065857,0
29.196122646331787,0
29.19785976409912,0
29.19837236404419,0
29.199796199798584,0
29.20331597328186,0
29.208895921707157,0
29.208932161331177,0
29.20893812179565,0
29.2089478969574,0
29.20894956588745,0
29.20896291732788,0
29.208972454071045,0
29.20897364616394,0
29.20897436141968,0
29.20976829528809,0
29.209783792495728,0
29.20979332923889,0
29.20979952812195,0
29.20980334281921,0
29.22529482841492,0
29.225316762924194,0
29.225454568862915,0
29.22547507286072,0
29.22751474380493,0
29.22753953933716,0
29.22755551338196,0
29.22833776473999,0
29.23057961463928,0
29.230602264404297,0
29.230616569519043,0
29.245448112487797,0
29.245872974395752,0
29.246055841445923,0
29.24609661102295,0
29.24627661705017,0
29.24627709388733,0
29.246294736862183,0
29.25065422058105,0
29.250784397125244,0
29.25081896781921,0
29.256587505340576,0
29.27026343345642,0
29.27029824256897,0
29.270424127578732,0
29.29034948348999,0
29.290398836135864,0
29.290417909622192,0
29.295955419540405,0
29.296014070510864,0
29.29605078697205,0
29.297954320907596,0
29.299649477005005,0
29.29967737197876,0
29.299866676330566,0
29.30377769470215,0
29.303903579711918,0
29.303919553756717,0
29.30393648147583,0
29.307127475738525,0
29.3097984790802,0
29.30982732772827,0
29.30989718437195,0
29.329935550689697,0
29.3300039768219,0
29.33001923561096,0
29.33686232566833,0
29.33688855171204,0
29.337164402008057,0
29.337371826171875,0
29.33865761756897,0
29.338720560073853,0
29.339413166046143,0
29.340858459472656,0
29.343902111053467,0
29.345983028411865,0
29.346981287002563,0
29.349918127059937,0
29.34994339942932,0
29.34995532035828,0
29.361408710479736,0
29.370330810546875,0
29.3703453540802,0
29.370356798172,0
29.370368719100952,0
29.371378660202023,0
29.38652276992798,0
29.3866229057312,0
29.386637210845947,0
29.38666582107544,0
29.38865065574646,0
29.388652563095093,0
29.388668537139893,0
29.39002633094788,0
29.390052318573,0
29.39009475708008,0
29.3921902179718,0
29.392204523086548,0
29.392215251922607,0
29.39221692085266,0
29.39252281188965,0
29.392730951309204,0
29.392749309539795,0
29.40209937095642,0
29.40238571166992,0
29.407972812652588,0
29.408005475997925,0
29.40803623199463,0
29.409767627716064,0
29.409788846969604,0
29.411391735076904,0
29.41719055175781,0
29.418623208999637,0
29.41866374015808,0
29.41967248916626,0
29.429828882217407,0
29.429845571517944,0
29.429933309555054,0
29.44577932357788,0
29.445802211761475,0
29.44597625732422,0
29.44712829589844,0
29.44877505302429,0
29.449907302856445,0
29.44993782043457,0
29.44995093345642,0
29.462960720062256,0
29.46725845336914,0
29.467822790145878,0
29.467921018600464,0
29.469977617263797,0
29.469998359680176,0
29.4700140953064,0
29.470436573028564,0
29.490170001983643,0
29.490206003189087,0
29.490260124206543,0
29.497807025909424,0
29.497904300689697,0
29.49915862083435,0
29.50625514984131,0
29.5062997341156,0
29.509812355041504,0
29.5098717212677,0
29.510313749313354,0
29.510316371917725,0
29.510334730148315,0
29.517709016799927,0
29.53020167350769,0
29.53024363517761,0
29.53026390075684,0
29.54400658607483,0
29.544119119644165,0
29.54563784599304,0
29.54808187484741,0
29.54810905456543,0
29.54814338684082,0
29.550617694854736,0
29.550668954849243,0
29.551146030426025,0
29.56150221824646,0
29.56175208091736,0
29.562072038650516,0
29.5640332698822,0
29.570430040359497,0
29.570489168167114,0
29.57051467895508,0
29.59019112586975,0
29.59070658683777,0
29.590741634368896,0
29.591465950012207,0
29.60328364372253,0
29.60330557823181,0
29.60334801673889,0
29.60343289375305,0
29.603456497192383,0
29.60479998588562,0
29.60497236251831,0
29.605016231536865,0
29.61052370071411,0
29.610546827316284,0
29.610602855682373,0
29.62519407272339,0
29.62802290916443,0
29.628047227859497,0
29.628111839294437,0
29.628273725509644,0
29.628345489501957,0
29.628390073776245,0
29.63022828102112,0
29.630521297454838,0
29.630542755126957,0
29.63055992126465,0
29.63066029548645,0
29.630747318267822,0
29.63081669807434,0
29.63465714454651,0
29.6349937915802,0
29.635023832321167,0
29.65052938461304,0
29.650761365890503,0
29.65096354484558,0
29.65929770469665,0
29.670414686203003,0
29.67045760154724,0
29.67047667503357,0
29.69057536125183,0
29.69062185287476,0
29.69064354896545,0
29.69626212120056,0
29.69627261161804,0
29.696287631988525,0
29.69629907608032,0
29.70140838623047,0
29.701431274414062,0
29.70151138305664,0
29.706522941589355,0
29.70658254623413,0
29.706872701644897,0
29.706944227218628,0
29.70772957801819,0
29.71075201034546,0
29.71081852912903,0
29.71082615852356,0
29.730271577835083,0
29.73031759262085,0
29.73034191131592,0
29.73725628852844,0
29.73731303215027,0
29.738118648529053,0
29.7381694316864,0
29.743937730789185,0
29.74400520324707,0
29.744499683380127,0
29.74587225914001,0
29.750860452651978,0
29.750967741012573,0
29.75099492073059,0
29.75352430343628,0
29.753545999526978,0
29.7546067237854,0
29.7551794052124,0
29.75521850585937,0
29.75555968284607,0
29.75960421562195,0
29.76001977920532,0
29.760067224502563,0
29.764631748199463,0
29.768226861953732,0
29.771400690078732,0
29.771456003189087,0
29.77176403999329,0
29.778244256973267,0
29.791385173797607,0
29.791428565979004,0
29.791731357574463,0
29.810319423675537,0
29.810383319854736,0
29.810482263565063,0
29.81585717201233,0
29.81598997116089,0
29.81601572036743,0
29.81745982170105,0
29.81838750839233,0
29.818464994430546,0
29.818482398986816,0
29.82026743888855,0
29.82031345367432,0
29.82123374938965,0
29.82124876976013,0
29.82213068008423,0
29.824084281921387,0
29.83023476600647,0
29.830249786376957,0
29.830286979675293,0
29.831862926483154,0
29.836368799209595,0
29.8364474773407,0
29.83647966384888,0
29.836512565612797,0
29.850042581558228,0
29.850053310394287,0
29.85006737709045,0
29.868755102157596,0
29.868799209594727,0
29.86913776397705,0
29.87058138847351,0
29.870599269866943,0
29.870609998703003,0
29.87067151069641,0
29.87068796157837,0
29.870697498321533,0
29.87072205543518,0
29.872885942459103,0
29.87289762496948,0
29.87294363975525,0
29.873318672180176,0
29.88072395324707,0
29.88120055198669,0
29.88182497024536,0
29.88221502304077,0
29.88260698318481,0
29.882686853408813,0
29.882976055145264,0
29.8903648853302,0
29.890398740768436,0
29.890422105789185,0
29.898666858673096,0
29.89877319335937,0
29.90076780319214,0
29.900794744491577,0
29.9101243019104,0
29.91012454032898,0
29.910165786743164,0
29.921181678771973,0
29.92245101928711,0
29.92511367797852,0
29.93003463745117,0
29.93003511428833,0
29.93007469177246,0
29.947385787963867,0
29.94741129875183,0
29.94850826263428,0
29.948567152023315,0
29.95054936408997,0
29.950565099716187,0
29.95057678222656,0
29.95086097717285,0
29.95101284980774,0
29.95186471939087,0
29.95189881324768,0
29.952016830444336,0
29.9666211605072,0
29.97008228302002,0
29.97010803222656,0
29.970141172409058,0
29.971333265304565,0
29.97136211395264,0
29.97171759605408,0
29.97174072265625,0
29.972398042678837,0
29.972946643829346,0
29.9730920791626,0
29.97723388671875,0
29.98995780944824,0
29.98999118804932,0
29.98999285697937,0
30.002870321273804,0
30.00288820266724,0
30.004857778549194,0
30.005178213119507,0
30.010072946548465,0
30.010108947753903,0
30.01011061668396,0
30.02998185157776,0
30.030016660690308,0
30.03024172782898,0
30.04172992706299,0
30.04520845413208,0
30.045238256454468,0
30.045347690582275,0
30.045418977737427,0
30.05002784729004,0
30.050028085708615,0
30.05007028579712,0
30.070390224456787,0
30.07043933868408,0
30.0704562664032,0
30.076737880706787,0
30.07678961753845,0
30.076874256134037,0
30.07955884933472,0
30.083234310150143,0
30.084436416625977,0
30.090574502944943,0
30.090583086013797,0
30.090623140335083,0
30.093020915985107,0
30.09439516067505,0
30.095919370651245,0
30.096178770065308,0
30.11055850982666,0
30.11060571670532,0
30.110626697540283,0
30.11232161521912,0
30.112372636795044,0
30.11275696754456,0
30.11358666419983,0
30.113690853118896,0
30.115594625473022,0
30.11568069458008,0
30.11733078956604,0
30.11778235435486,0
30.117828607559204,0
30.11785078048706,0
30.11915874481201,0
30.11944079399109,0
30.119627952575684,0
30.131210565567017,0
30.131261348724365,0
30.131284952163696,0
30.15043330192566,0
30.15047097206116,0
30.15050292015076,0
30.170470237731934,0
30.170533180236816,0
30.17064666748047,0
30.177124500274655,0
30.185745000839237,0
30.18618869781494,0
30.195863723754883,0
30.19591236114502,0
30.19593119621277,0
30.195947647094727,0
30.20050072669983,0
30.20052456855774,0
30.20068955421448,0
30.20073366165161,0
30.20078754425049,0
30.20082974433899,0
30.20084571838379,0
30.207465648651123,0
30.207481145858765,0
30.210007429122925,0
30.210023164749146,0
30.210033893585205,0
30.21328401565552,0
30.21330046653748,0
30.21330404281616,0
30.213504314422607,0
30.21751093864441,0
30.21754622459412,0
30.217676877975464,0
30.21860289573669,0
30.21863627433777,0
30.219850778579712,0
30.219908952713013,0
30.23015260696411,0
30.230186700820923,0
30.230217933654785,0
30.24844646453857,0
30.25043153762817,0
30.25047492980957,0
30.250495672225952,0
30.257688760757446,0
30.257789850234985,0
30.26121687889099,0
30.26236128807068,0
30.26287174224853,0
30.265315771102905,0
30.265389680862427,0
30.265412092208862,0
30.26543378829956,0
30.26598024368286,0
30.271567583084103,0
30.271616220474243,0
30.27163982391357,0
30.290141344070435,0
30.29034376144409,0
30.290364027023315,0
30.290380001068115,0
30.290486097335812,0
30.29068279266357,0
30.29068684577942,0
30.292229175567627,0
30.29226231575012,0
30.293291568756104,0
30.29426407814026,0
30.29429531097412,0
30.29839825630188,0
30.298484563827515,0
30.312986850738525,0
30.312989711761475,0
30.31306266784668,0
30.327163457870483,0
30.329193592071533,0
30.33037066459656,0
30.33047556877136,0
30.330543518066406,0
30.330615043640137,0
30.350578546524048,0
30.350626230239868,0
30.35064435005188,0
30.36042070388794,0
30.36067008972168,0
30.36193442344665,0
30.361971378326416,0
30.362560749053955,0
30.36266255378723,0
30.36446952819824,0
30.36449122428894,0
30.36455750465393,0
30.36637854576111,0
30.36679553985596,0
30.36682915687561,0
30.366914749145508,0
30.36835885047913,0
30.36858105659485,0
30.368614673614506,0
30.37013030052185,0
30.37021040916443,0
30.37032914161682,0
30.371696710586548,0
30.38910984992981,0
30.38912343978882,0
30.39027547836304,0
30.39031434059143,0
30.39038181304932,0
30.39111995697021,0
30.391143798828125,0
30.4004225730896,0
30.40216469764709,0
30.402214527130127,0
30.402304649353027,0
30.40267539024353,0
30.40269422531128,0
30.402745485305783,0
30.410155534744263,0
30.41021156311035,0
30.410407304763797,0
30.43418502807617,0
30.43418836593628,0
30.434220552444454,0
30.45028042793274,0
30.450358867645264,0
30.450384378433228,0
30.459004640579224,0
30.47062849998474,0
30.47062873840332,0
30.47068476676941,0
30.490938901901245,0
30.49098515510559,0
30.491018056869507,0
30.496589422225952,0
30.49666404724121,0
30.49686551094055,0
30.49712538719177,0
30.502704620361328,0
30.50272846221924,0
30.502736568450928,0
30.51015329360962,0
30.510197401046756,0
30.510215759277344,0
30.516043663024902,0
30.519784212112427,0
30.52406930923462,0
30.524115562438965,0
30.52829337120056,0
30.528387308120728,0
30.52981424331665,0
30.53038239479065,0
30.53038573265076,0
30.5304114818573,0
30.542102575302124,0
30.542729377746586,0
30.55023717880249,0
30.5502827167511,0
30.55030655860901,0
30.56984305381775,0
30.570495128631592,0
30.570897579193115,0
30.57094645500183,0
30.57564330101013,0
30.57568597793579,0
30.57831835746765,0
30.578354597091675,0
30.579147338867188,0
30.57965350151062,0
30.579938888549805,0
30.59877371788025,0
30.59879732131958,0
30.598812103271484,0
30.60811853408813,0
30.608139753341675,0
30.60814881324768,0
30.608155727386475,0
30.608339071273804,0
30.608355283737183,0
30.60836911201477,0
30.608413457870483,0
30.60846590995789,0
30.60849618911743,0
30.60853099822998,0
30.610997915267944,0
30.611024618148804,0
30.61110901832581,0
30.630284786224365,0
30.63032531738281,0
30.63036346435547,0
30.635233879089355,0
30.64257788658142,0
30.64261531829834,0
30.64263081550598,0
30.64264965057373,0
30.64387345314026,0
30.64402985572815,0
30.644747972488403,0
30.645176649093628,0
30.65070128440857,0
30.65074157714844,0
30.650831699371334,0
30.65085339546204,0
30.653696060180664,0
30.665502548217773,0
30.667035818099976,0
30.66711115837097,0
30.667139291763306,0
30.667282342910767,0
30.66730737686157,0
30.67005562782288,0
30.670138359069824,0
30.670145750045776,0
30.67015552520752,0
30.681183576583862,0
30.68271780014038,0
30.690826654434204,0
30.690876722335812,0
30.69095802307129,0
30.69204068183899,0
30.692071676254272,0
30.692172050476078,0
30.69374990463257,0
30.69977188110352,0
30.710398197174072,0
30.71043872833252,0
30.710502862930294,0
30.71949291229248,0
30.719767570495605,0
30.71978783607483,0
30.71984624862671,0
30.72552371025085,0
30.72606730461121,0
30.726338863372803,0
30.730197191238403,0
30.73026204109192,0
30.730279445648197,0
30.75037407875061,0
30.750412940979004,0
30.75042724609375,0
30.756985425949097,0
30.770154237747192,0
30.77015471458435,0
30.770369291305546,0
30.789913654327396,0
30.789933443069454,0
30.79012370109558,0
30.796658754348755,0
30.796696424484253,0
30.797679662704468,0
30.79911470413208,0
30.800137281417847,0
30.80048704147339,0
30.801684856414795,0
30.80169677734375,0
30.805419921875,0
30.805447578430176,0
30.80609607696533,0
30.81088376045227,0
30.81090903282165,0
30.81094646453857,0
30.817859172821045,0
30.81931734085083,0
30.81981134414673,0
30.819825649261475,0
30.8198766708374,0
30.827388048172,0
30.827415466308597,0
30.827497959136963,0
30.827515602111816,0
30.828722715377808,0
30.82877254486084,0
30.828818798065186,0
30.829564094543457,0
30.82958936691284,0
30.82959890365601,0
30.83063793182373,0
30.830668449401852,0
30.83071255683899,0
30.83074951171875,0
30.83120393753052,0
30.83132529258728,0
30.83149099349976,0
30.8501033782959,0
30.85013961791992,0
30.850154638290405,0
30.867700576782227,0
30.87050724029541,0
30.870508432388306,0
30.87056350708008,0
30.877928495407104,0
30.87951254844665,0
30.88080406188965,0
30.880855798721317,0
30.881097316741943,0
30.88112616539001,0
30.88117551803589,0
30.8851900100708,0
30.890838623046875,0
30.89083957672119,0
30.890893936157227,0
30.891597986221317,0
30.89192771911621,0
30.89196753501892,0
30.895860195159912,0
30.895899772644043,0
30.91221570968628,0
30.912257432937626,0
30.912357568740845,0
30.91785979270935,0
30.93132972717285,0
30.9313759803772,0
30.931457996368408,0
30.95012640953064,0
30.95014953613281,0
30.950178623199463,0
30.95192050933838,0
30.95198893547058,0
30.953991889953613,0
30.954017162323,0
30.954030513763428,0
30.95404362678528,0
30.95612335205078,0
30.956639766693115,0
30.956695795059204,0
30.971555471420288,0
30.971588611602783,0
30.971673011779785,0
30.9902241230011,0
30.990252017974854,0
30.99027633666992,0
30.99250602722168,0
31.008827447891235,0
31.00884699821472,0
31.008864402771,0
31.00887966156006,0
31.010447025299072,0
31.01053094863892,0
31.010545253753666,0
31.011497497558597,0
31.01152491569519,0
31.01176166534424,0
31.012884378433228,0
31.01446771621704,0
31.014711380004883,0
31.020928621292114,0
31.020973682403564,0
31.022522449493408,0
31.02989363670349,0
31.02992296218872,0
31.029934644699097,0
31.05024600028992,0
31.050262451171875,0
31.05031681060791,0
31.05033302307129,0
31.05040407180786,0
31.05191993713379,0
31.05192708969116,0
31.05283141136169,0
31.052851915359497,0
31.05291056632996,0
31.05353355407715,0
31.05450415611267,0
31.05525493621826,0
31.06358027458191,0
31.063759803771973,0
31.064000129699707,0
31.06414294242859,0
31.065295219421387,0
31.065532207489014,0
31.065552711486816,0
31.07000708580017,0
31.070063829422,0
31.07007884979248,0
31.091504096984863,0
31.091525316238403,0
31.091564416885376,0
31.09877371788025,0
31.09895634651184,0
31.098975896835327,0
31.09899091720581,0
31.101403951644897,0
31.10157513618469,0
31.101678609848022,0
31.110719680786133,0
31.11073350906372,0
31.12895631790161,0
31.128989458084103,0
31.130061149597168,0
31.130327463150024,0
31.13035726547241,0
31.13253927230835,0
31.132557153701782,0
31.13478422164917,0
31.15011072158813,0
31.150139331817627,0
31.150151252746586,0
31.15837383270264,0
31.158445835113525,0
31.16086483001709,0
31.160906076431274,0
31.16092109680176,0
31.16095495223999,0
31.162190914154053,0
31.162203788757324,0
31.16267967224121,0
31.16302728652954,0
31.164060354232788,0
31.16989254951477,0
31.16992139816284,0
31.169923067092896,0
31.17067146301269,0
31.17512369155884,0
31.175416946411133,0
31.17626261711121,0
31.17626357078552,0
31.191421031951904,0
31.19145035743713,0
31.191499710083008,0
31.195427656173703,0
31.19551420211792,0
31.195515394210812,0
31.19826412200928,0
31.198680877685547,0
31.20048451423645,0
31.2005078792572,0
31.201436519622803,0
31.2076632976532,0
31.207691192626957,0
31.20780658721924,0
31.207820177078247,0
31.219672679901123,0
31.219708919525143,0
31.21972131729126,0
31.22016143798828,0
31.22017335891724,0
31.22478199005127,0
31.22634506225586,0
31.22702121734619,0
31.229898691177368,0
31.229931354522705,0
31.2302041053772,0
31.25031471252441,0
31.250317811965942,0
31.250353813171387,0
31.259889364242557,0
31.259918689727783,0
31.260001182556152,0
31.26001763343811,0
31.26341700553894,0
31.263479709625244,0
31.264076471328732,0
31.26999521255493,0
31.27003169059753,0
31.270065546035767,0
31.290491104125977,0
31.29052710533142,0
31.290589094161987,0
31.29223251342773,0
31.29706168174744,0
31.298615217208862,0
31.29862904548645,0
31.298643112182617,0
31.300031900405884,0
31.300045490264893,0
31.300067901611328,0
31.300992250442505,0
31.30140328407288,0
31.308667182922363,0
31.30985713005066,0
31.309884786605835,0
31.309943199157715,0
31.31099534034729,0
31.311644315719604,0
31.311893224716187,0
31.31214141845703,0
31.312142848968502,0
31.312477111816406,0
31.31287956237793,0
31.31291389465332,0
31.313426971435547,0
31.32108449935913,0
31.32111668586731,0
31.32138156890869,0
31.321584463119507,0
31.323344469070435,0
31.323362827301025,0
31.32356858253479,0
31.330218076705933,0
31.33025288581848,0
31.33033061027527,0
31.33922266960144,0
31.350092887878414,0
31.35012459754944,0
31.35013699531555,0
31.357987642288208,0
31.35803961753845,0
31.370158195495605,0
31.37032127380371,0
31.37033605575561,0
31.387194871902462,0
31.387206077575684,0
31.3872172832489,0
31.38731551170349,0
31.391680479049683,0
31.391705751419067,0
31.391748189926147,0
31.392152786254883,0
31.392219066619877,0
31.39223575592041,0
31.399343252182007,0
31.399374961853027,0
31.399410009384155,0
31.39944005012512,0
31.41006565093994,0
31.410094738006592,0
31.41333651542664,0
31.416810989379883,0
31.429935693740845,0
31.429964303970337,0
31.42996454238892,0
31.43898749351501,0
31.44129848480225,0
31.44132971763611,0
31.44134879112244,0
31.441481590271,0
31.441498279571533,0
31.44155192375183,0
31.449992179870605,0
31.450024843215942,0
31.450040817260746,0
31.456120491027832,0
31.47026777267456,0
31.470359802246094,0
31.470377206802368,0
31.491650581359863,0
31.491703033447266,0
31.49175477027893,0
31.510300636291504,0
31.510319471359253,0
31.510332822799683,0
31.510336875915527,0
31.51120376586914,0
31.511228799819943,0
31.511242151260376,0
31.514636754989624,0
31.514668226242065,0
31.515410900115967,0
31.52918791770935,0
31.52923560142517,0
31.530301094055176,0
31.530336141586304,0
31.53035283088684,0
31.531661987304688,0
31.534072160720825,0
31.55083966255188,0
31.550866842269897,0
31.55087757110596,0
31.55314683914185,0
31.557257413864136,0
31.5574369430542,0
31.559154510498047,0
31.561506509780884,0
31.562742710113525,0
31.56275320053101,0
31.56335163116455,0
31.563390731811523,0
31.563409090042114,0
31.56552600860596,0
31.56575918197632,0
31.565778017044067,0
31.565892219543457,0
31.56799006462097,0
31.568346977233887,0
31.56842446327209,0
31.568647384643555,0
31.570565462112427,0
31.57059073448181,0
31.590092182159424,0
31.59011602401733,0
31.590126991271973,0
31.59180188179016,0
31.591815948486328,0
31.59185814857483,0
31.591872930526733,0
31.60035085678101,0
31.6006543636322,0
31.601038694381717,0
31.601330041885376,0
31.602080821990967,0
31.602797269821167,0
31.602824449539185,0
31.603708505630493,0
31.603722095489506,0
31.61347460746765,0
31.613521814346317,0
31.613532543182373,0
31.63129472732544,0
31.631320476531982,0
31.631330966949463,0
31.634093523025516,0
31.63748049736023,0
31.637505531311035,0
31.63751721382141,0
31.637584686279297,0
31.63877248764038,0
31.63894534111023,0
31.639538526535038,0
31.63974905014038,0
31.641520023345947,0
31.646400690078732,0
31.647342205047607,0
31.64986538887024,0
31.64993691444397,0
31.649944067001343,0
31.6611807346344,0
31.670010328292847,0
31.67003989219665,0
31.670053958892822,0
31.688397884368896,0
31.690406799316406,0
31.690434455871586,0
31.690497636795044,0
31.690667629241943,0
31.690686225891117,0
31.690702199935917,0
31.698362827301025,0
31.69840121269226,0
31.698803424835205,0
31.69935250282288,0
31.69938945770264,0
31.70008635520935,0
31.700148105621334,0
31.706665992736816,0
31.710389614105225,0
31.71042561531067,0
31.710488319396973,0
31.71316623687744,0
31.71486258506775,0
31.715942859649655,0
31.716169595718384,0
31.71639609336853,0
31.71642255783081,0
31.716646194458008,0
31.7182252407074,0
31.730196952819824,0
31.73020315170288,0
31.730242013931274,0
31.74992084503174,0
31.74994826316833,0
31.74996018409729,0
31.755258321762085,0
31.755446195602417,0
31.7561252117157,0
31.756412982940677,0
31.756707429885864,0
31.75705337524414,0
31.76082158088684,0
31.76126360893249,0
31.76128315925598,0
31.76128506660461,0
31.76174259185791,0
31.761770725250244,0
31.76178359985352,0
31.762343883514404,0
31.76268100738525,0
31.762709379196167,0
31.770036935806274,0
31.770092725753784,0
31.7701199054718,0
31.789984703063965,0
31.790013313293457,0
31.79023289680481,0
31.79733943939209,0
31.804466247558597,0
31.804489374160767,0
31.806101083755493,0
31.80610728263855,0
31.806401014328003,0
31.80641531944275,0
31.80670189857483,0
31.808826446533203,0
31.808829307556152,0
31.810518741607662,0
31.810519695281982,0
31.81055521965027,0
31.81149387359619,0
31.8115234375,0
31.8162305355072,0
31.82491660118103,0
31.82494068145752,0
31.824954509735107,0
31.825270414352417,0
31.82567858695984,0
31.82568049430847,0
31.825745105743408,0
31.82991075515747,0
31.829939365386963,0
31.829962730407715,0
31.84506225585937,0
31.846829891204838,0
31.84784436225891,0
31.84985589981079,0
31.84988284111023,0
31.8499538898468,0
31.869948863983154,0
31.869982481002808,0
31.870036840438843,0
31.89020872116089,0
31.89024543762207,0
31.89030694961548,0
31.893110036849976,0
31.893163919448853,0
31.895599842071533,0
31.895639896392822,0
31.89624309539795,0
31.896286725997925,0
31.89655327796936,0
31.89695143699646,0
31.89701724052429,0
31.898443698883057,0
31.898478507995605,0
31.899529218673703,0
31.90721583366394,0
31.90853190422058,0
31.90854549407959,0
31.9085590839386,0
31.910001516342163,0
31.910029649734497,0
31.910186767578125,0
31.92186999320984,0
31.92189645767212,0
31.922900915145878,0
31.92363452911377,0
31.93014550209045,0
31.930147647857662,0
31.930177450180054,0
31.95002913475037,0
31.950039625167847,0
31.95035481452942,0
31.95374608039856,0
31.95375967025757,0
31.95522809028625,0
31.95524001121521,0
31.955251932144165,0
31.95526385307312,0
31.9574077129364,0
31.957435369491577,0
31.95746159553528,0
31.96098208427429,0
31.96110701560974,0
31.96115732192993,0
31.96119379997253,0
31.96297001838684,0
31.9631941318512,0
31.96322727203369,0
31.97040843963623,0
31.97043538093567,0
31.97044897079468,0
31.990573167800903,0
31.990599870681763,0
31.99061107635498,0
32.00045442581177,0
32.006784439086914,0
32.00681924819946,0
32.006832122802734,0
32.00684595108032,0
32.009074687957764,0
32.01005744934082,0
32.01007962226868,0
32.01044249534607,0
32.01045227050781,0
32.010488986968994,0
32.01246500015259,0
32.015464782714844,0
32.01549172401428,0
32.02083706855774,0
32.02308011054993,0
32.023521423339844,0
32.02352547645569,0
32.02607274055481,0
32.026775598526,0
32.02886962890625,0
32.029863595962524,0
32.029887676239014,0
32.02992558479309,0
32.03458762168884,0
32.03461194038391,0
32.03462743759155,0
32.034685134887695,0
32.0498743057251,0
32.050087213516235,0
32.050140619277954,0
32.06377172470093,0
32.06388068199158,0
32.063973903656006,0
32.070870876312256,0
32.07090735435486,0
32.070924282073975,0
32.08454990386963,0
32.09021496772766,0
32.09025263786316,0
32.0902738571167,0
32.10943794250488,0
32.11044955253601,0
32.11115074157715,0
32.1111855506897,0
32.11120295524597,0
32.11128664016724,0
32.1113600730896,0
32.11813449859619,0
32.11824893951416,0
32.12097764015198,0
32.12101674079895,0
32.12651014328003,0
32.130733489990234,0
32.13076138496399,0
32.130773305892944,0
32.13288640975952,0
32.132906675338745,0
32.132912397384644,0
32.133126735687256,0
32.1348078250885,0
32.13482999801636,0
32.13503360748291,0
32.14782166481018,0
32.15031218528748,0
32.150344371795654,0
32.15035820007324,0
32.15077447891235,0
32.15079498291016,0
32.16423583030701,0
32.164265871047974,0
32.16559600830078,0
32.16562294960022,0
32.16563582420349,0
32.16748332977295,0
32.16796565055847,0
32.16803002357483,0
32.16804480552673,0
32.17052245140076,0
32.17054724693298,0
32.17055916786194,0
32.17733645439148,0
32.1773521900177,0
32.17735838890076,0
32.177364110946655,0
32.17861795425415,0
32.17874836921692,0
32.17880892753601,0
32.1898889541626,0
32.18990540504456,0
32.189913749694824,0
32.21039438247681,0
32.21041941642761,0
32.210456132888794,0
32.22371554374695,0
32.22375178337097,0
32.224828481674194,0
32.22484397888184,0
32.225369453430176,0
32.229883909225464,0
32.22991371154785,0
32.22996783256531,0
32.23990988731384,0
32.24028325080872,0
32.24047136306763,0
32.24056959152222,0
32.24184846878052,0
32.24186301231384,0
32.242061376571655,0
32.25007677078247,0
32.250084400177,0
32.250128984451294,0
32.25690221786499,0
32.27001762390137,0
32.27005386352539,0
32.270105838775635,0
32.28496789932251,0
32.28507781028748,0
32.285112380981445,0
32.28527808189392,0
32.286606311798096,0
32.28663873672485,0
32.28665518760681,0
32.290436029434204,0
32.29046988487244,0
32.29048585891724,0
32.30421590805054,0
32.30426239967346,0
32.30635643005371,0
32.30636954307556,0
32.30789875984192,0
32.31049585342407,0
32.31052827835083,0
32.310543060302734,0
32.3249089717865,0
32.32496428489685,0
32.324992418289185,0
32.32503938674927,0
32.32517433166504,0
32.325220584869385,0
32.32526350021362,0
32.330132484436035,0
32.33022856712341,0
32.33024549484253,0
32.33860397338867,0
32.350191831588745,0
32.35023736953735,0
32.35025477409363,0
32.363935708999634,0
32.36395049095154,0
32.36499834060669,0
32.3650119304657,0
32.36502242088318,0
32.36503314971924,0
32.36637473106384,0
32.3664174079895,0
32.3673255443573,0
32.37003874778748,0
32.37004041671753,0
32.37008333206177,0
32.39011192321777,0
32.39013886451721,0
32.39014935493469,0
32.399617433547974,0
32.39964509010315,0
32.39972400665283,0
32.399739027023315,0
32.401561975479126,0
32.40161323547363,0
32.404733419418335,0
32.41002607345581,0
32.41025471687317,0
32.41132307052612,0
32.412776470184326,0
32.41278910636902,0
32.41279983520508,0
32.412811279296875,0
32.42207145690918,0
32.42209839820862,0
32.42211151123047,0
32.428632736206055,0
32.42865037918091,0
32.42866039276123,0
32.428690910339355,0
32.428704500198364,0
32.42874240875244,0
32.42875647544861,0
32.43381595611572,0
32.433839559555054,0
32.43385314941406,0
32.44636869430542,0
32.45050549507141,0
32.45054268836975,0
32.4505455493927,0
32.45056104660034,0
32.45057034492493,0
32.45057392120361,0
32.45273566246033,0
32.45277428627014,0
32.45286798477173,0
32.452871799468994,0
32.45287466049194,0
32.4547860622406,0
32.470256328582764,0
32.470290660858154,0
32.47030854225159,0
32.4765145778656,0
32.48993754386902,0
32.48997259140015,0
32.49009561538696,0
32.50779414176941,0
32.5089316368103,0
32.50921034812927,0
32.509281158447266,0
32.51067543029785,0
32.51075482368469,0
32.51079988479614,0
32.51091694831848,0
32.510958671569824,0
32.51100182533264,0
32.519676208496094,0
32.51985287666321,0
32.5224289894104,0
32.522459506988525,0
32.530685901641846,0
32.530725955963135,0
32.53074312210083,0
32.55001950263977,0
32.550047874450684,0
32.550060987472534,0
32.55610918998718,0
32.56078362464905,0
32.56127381324768,0
32.56216788291931,0
32.56218910217285,0
32.56222105026245,0
32.56223464012146,0
32.56429123878479,0
32.56433725357056,0
32.56435251235962,0
32.56546473503113,0
32.56874895095825,0
32.57003355026245,0
32.570064067840576,0
32.57007598876953,0
32.59091877937317,0
32.59094738960266,0
32.59096002578735,0
32.594125747680664,0
32.59920907020569,0
32.59923195838928,0
32.59927034378052,0
32.59928607940674,0
32.600892543792725,0
32.6009087562561,0
32.600948095321655,0
32.60240435600281,0
32.602452754974365,0
32.603360176086426,0
32.60340332984924,0
32.61046814918518,0
32.61049699783325,0
32.61055111885071,0
32.62427639961243,0
32.63013410568237,0
32.6301372051239,0
32.630160093307495,0
32.650394439697266,0
32.65040636062622,0
32.650681018829346,0
32.65166664123535,0
32.65202236175537,0
32.652047872543335,0
32.65205979347229,0
32.65536952018738,0
32.65538311004639,0
32.655428409576416,0
32.65736699104309,0
32.65739464759827,0
32.65740275382996,0
32.65740489959717,0
32.6581597328186,0
32.65827512741089,0
32.65863585472107,0
32.658676862716675,0
32.663259744644165,0
32.66471076011658,0
32.66473627090454,0
32.66476917266846,0
32.664920806884766,0
32.66492199897766,0
32.665024518966675,0
32.669864892959595,0
32.669891119003296,0
32.66994905471802,0
32.69003486633301,0
32.690054416656494,0
32.69006896018982,0
32.69865560531616,0
32.69868612289429,0
32.700923442840576,0
32.70138669013977,0
32.71144509315491,0
32.71249985694885,0
32.71289134025574,0
32.72821593284607,0
32.73407697677612,0
32.73409605026245,0
32.73446798324585,0
32.734493255615234,0
32.7356379032135,0
32.73566937446594,0
32.7356858253479,0
32.7391152381897,0
32.73913288116455,0
32.73914980888367,0
32.75136423110962,0
32.751415491104126,0
32.751466512680054,0
32.752917528152466,0
32.75532579421997,0
32.75888442993164,0
32.76590871810913,0
32.765968561172485,0
32.77004837989807,0
32.77008605003357,0
32.77010226249695,0
32.78561544418335,0
32.78565287590027,0
32.785786390304565,0
32.78580927848816,0
32.78874635696411,0
32.78878617286682,0
32.78885364532471,0
32.78935766220093,0
32.78942108154297,0
32.790141582489014,0
32.7901713848114,0
32.79018592834473,0
32.799731731414795,0
32.79985284805298,0
32.79987549781799,0
32.81160759925842,0
32.81164193153381,0
32.81170201301575,0
32.82447624206543,0
32.824488401412964,0
32.8245005607605,0
32.82451295852661,0
32.825663566589355,0
32.82569098472595,0
32.82570433616638,0
32.829899072647095,0
32.82992219924927,0
32.83041596412659,0
32.850141286849976,0
32.85019254684448,0
32.866050720214844,0
32.87205266952515,0
32.87216758728027,0
32.872345209121704,0
32.87393856048584,0
32.87394571304321,0
32.873953342437744,0
32.87407851219177,0
32.876508474349976,0
32.87651252746582,0
32.877328872680664,0
32.880632638931274,0
32.880839347839355,0
32.88086032867432,0
32.88087058067322,0
32.88440155982971,0
32.88455843925476,0
32.88465404510498,0
32.89009881019592,0
32.89014482498169,0
32.890166997909546,0
32.906846046447754,0
32.90686893463135,0
32.90985035896301,0
32.909892320632935,0
32.909937381744385,0
32.911601543426514,0
32.91164231300354,0
32.911717891693115,0
32.93226885795593,0
32.93230843544006,0
32.932329416275024,0
32.93234968185425,0
32.932451486587524,0
32.93249845504761,0
32.93254470825195,0
32.93259024620056,0
32.93263053894043,0
32.9326708316803,0
32.93421244621277,0
32.941975355148315,0
32.95029163360596,0
32.95034337043762,0
32.95036506652832,0
32.965561866760254,0
32.97085928916931,0
32.97091364860535,0
32.97111487388611,0
32.973388671875,0
32.974449157714844,0
32.975197553634644,0
32.97570180892944,0
32.975989818573,0
32.97797775268555,0
32.99140810966492,0
32.99142909049988,0
32.99149775505066,0
32.9988796710968,0
32.99909710884094,0
32.99934768676758,0
33.00339984893799,0
33.00636005401611,0
33.00937509536743,0
33.01046442985535,0
33.01158380508423,0
33.0116069316864,0
33.02219200134277,0
33.02221179008484,0
33.02333974838257,0
33.02337408065796,0
33.02352523803711,0
33.028303384780884,0
33.02834272384644,0
33.03041195869446,0
33.03044033050537,0
33.030489683151245,0
33.030569076538086,0
33.03061366081238,0
33.03115272521973,0
33.031163454055786,0
33.031227111816406,0
33.03934717178345,0
33.04692101478577,0
33.04739284515381,0
33.04742503166199,0
33.04757308959961,0
33.05019235610962,0
33.05023384094238,0
33.05030655860901,0
33.07065796852112,0
33.07143473625183,0
33.071505546569824,0
33.08469104766846,0
33.08472228050232,0
33.084816455841064,0
33.0874936580658,0
33.090715646743774,0
33.090718269348145,0
33.09072971343994,0
33.112271308898926,0
33.1123149394989,0
33.11242699623108,0
33.112452030181885,0
33.11247229576111,0
33.11251378059387,0
33.11258149147034,0
33.11516213417053,0
33.115490674972534,0
33.117624044418335,0
33.11769127845764,0
33.12037682533264,0
33.12049651145935,0
33.12051105499268,0
33.12052345275879,0
33.122211933135986,0
33.122352838516235,0
33.12244367599487,0
33.12427997589111,0
33.12996196746826,0
33.130030393600464,0
33.13004517555237,0
33.15033745765686,0
33.15040993690491,0
33.150437355041504,0
33.15896725654602,0
33.15953755378723,0
33.16088366508484,0
33.16329264640808,0
33.1633358001709,0
33.16340446472168,0
33.164610385894775,0
33.16482090950012,0
33.164945125579834,0
33.16589379310608,0
33.168174028396606,0
33.1700177192688,0
33.170053005218506,0
33.170066595077515,0
33.19030499458313,0
33.19031620025635,0
33.19038152694702,0
33.19733667373657,0
33.21489763259888,0
33.21495079994202,0
33.21497321128845,0
33.230764865875244,0
33.230830907821655,0
33.23089551925659,0
33.23981261253357,0
33.23984980583191,0
33.23991084098816,0
33.2399537563324,0
33.24200940132141,0
33.24208045005798,0
33.24210238456726,0
33.24241042137146,0
33.242436170578,0
33.24450325965881,0
33.24452018737793,0
33.245176792144775,0
33.24928665161133,0
33.250231981277466,0
33.2502703666687,0
33.25051665306091,0
33.25132250785828,0
33.26086974143982,0
33.26094055175781,0
33.26211166381836,0
33.26386618614197,0
33.264336824417114,0
33.26446056365967,0
33.264591455459595,0
33.271552324295044,0
33.27159547805786,0
33.27168273925781,0
33.28593182563782,0
33.29012942314148,0
33.29017400741577,0
33.290350675582886,0
33.29242205619812,0
33.292739152908325,0
33.296013832092285,0
33.29608225822449,0
33.29619312286377,0
33.29624652862549,0
33.29634642601013,0
33.30869102478027,0
33.30874729156494,0
33.30884766578674,0
33.30893635749817,0
33.31155347824097,0
33.311556816101074,0
33.311591148376465,0
33.31163430213928,0
33.31169128417969,0
33.316147565841675,0
33.33042883872986,0
33.33058953285217,0
33.33272385597229,0
33.34935736656189,0
33.350563526153564,0
33.35061192512512,0
33.35063099861145,0
33.35064959526062,0
33.3519332408905,0
33.35195064544678,0
33.35209822654724,0
33.35267663002014,0
33.354533433914185,0
33.35455918312073,0
33.35462212562561,0
33.35815930366516,0
33.35849118232727,0
33.35852360725403,0
33.36048102378845,0
33.36397910118103,0
33.364041805267334,0
33.36411261558533,0
33.37035131454468,0
33.37039589881897,0
33.37047219276428,0
33.38288378715515,0
33.38909363746643,0
33.38928723335266,0
33.38931345939636,0
33.38946533203125,0
33.3912513256073,0
33.39127540588379,0
33.39129137992859,0
33.41089177131653,0
33.41090130805969,0
33.410935163497925,0
33.411747217178345,0
33.4117705821991,0
33.41179919242859,0
33.41576409339905,0
33.41578030586243,0
33.415852308273315,0
33.41589331626892,0
33.43019437789917,0
33.43023753166199,0
33.430256605148315,0
33.437495470047,0
33.45041465759277,0
33.45045828819275,0
33.45046544075012,0
33.461122035980225,0
33.46118664741516,0
33.461278200149536,0
33.46135902404785,0
33.46514081954956,0
33.46562910079956,0
33.46572399139404,0
33.47049379348755,0
33.47060751914978,0
33.47064018249512,0
33.47719407081604,0
33.490705251693726,0
33.49127769470215,0
33.49133920669556,0
33.511388540267944,0
33.511446475982666,0
33.51183652877808,0
33.53089904785156,0
33.53098273277283,0
33.531010389328,0
33.53699493408203,0
33.53703951835632,0
33.5370991230011,0
33.537158489227295,0
33.54198384284973,0
33.54244685173035,0
33.54284596443176,0
33.54350662231445,0
33.54354739189148,0
33.54910469055176,0
33.54915189743042,0
33.54975152015686,0
33.552003383636475,0
33.55205273628235,0
33.5520761013031,0
33.55660462379456,0
33.55899500846863,0
33.565927028656006,0
33.566056966781616,0
33.571237325668335,0
33.57126212120056,0
33.57134246826172,0
33.57141184806824,0
33.57154297828674,0
33.571614265441895,0
33.571640968322754,0
33.5717670917511,0
33.571877002716064,0
33.571903228759766,0
33.57467746734619,0
33.57871198654175,0
33.59012985229492,0
33.59015369415283,0
33.59017205238342,0
33.591410636901855,0
33.61484360694885,0
33.61488652229309,0
33.61490631103516,0
33.61538028717041,0
33.61564040184021,0
33.61927056312561,0
33.61931586265564,0
33.62160849571228,0
33.6216356754303,0
33.621718883514404,0
33.62347745895386,0
33.62361288070679,0
33.62466478347778,0
33.62505054473877,0
33.6260826587677,0
33.62647843360901,0
33.626505613327026,0
33.62651777267456,0
33.629246950149536,0
33.62953758239746,0
33.63090682029724,0
33.63118934631348,0
33.63121461868286,0
33.63127064704895,0
33.63230848312378,0
33.639002323150635,0
33.63900423049927,0
33.63901662826538,0
33.63933563232422,0
33.64401650428772,0
33.64405798912048,0
33.64410901069641,0
33.64991307258606,0
33.649943351745605,0
33.649956464767456,0
33.67185735702515,0
33.67192101478577,0
33.67199754714966,0
33.689600467681885,0
33.69038152694702,0
33.69065022468567,0
33.69151258468628,0
33.6916184425354,0
33.69326305389404,0
33.703972578048706,0
33.70408821105957,0
33.70424556732178,0
33.704269886016846,0
33.704474210739136,0
33.70449781417847,0
33.704602003097534,0
33.70711827278137,0
33.70801568031311,0
33.71015954017639,0
33.71034598350525,0
33.71035480499268,0
33.71322250366211,0
33.71323919296265,0
33.730902433395386,0
33.730937480926514,0
33.730955600738525,0
33.744749784469604,0
33.75052762031555,0
33.75056862831116,0
33.750596046447754,0
33.75137519836426,0
33.75147294998169,0
33.77035212516785,0
33.77039933204651,0
33.770474433898926,0
33.77050280570984,0
33.771233797073364,0
33.77126264572144,0
33.77133798599243,0
33.77428388595581,0
33.77436184883118,0
33.7743706703186,0
33.77728056907654,0
33.778144121170044,0
33.78148078918457,0
33.79176878929138,0
33.79181480407715,0
33.79218626022339,0
33.81162214279175,0
33.811644554138184,0
33.812049865722656,0
33.812071800231934,0
33.81214213371277,0
33.81517839431763,0
33.815194845199585,0
33.817588567733765,0
33.81762504577637,0
33.81771278381348,0
33.82050371170044,0
33.82059168815613,0
33.824482917785645,0
33.82454776763916,0
33.83043026924133,0
33.830451011657715,0
33.83059644699097,0
33.83061146736145,0
33.85014271736145,0
33.85018062591553,0
33.850197315216064,0
33.85114765167236,0
33.851471185684204,0
33.85150957107544,0
33.85156178474426,0
33.85314464569092,0
33.85369038581848,0
33.85371375083923,0
33.86032056808472,0
33.860509157180786,0
33.860538482666016,0
33.8605420589447,0
33.86220836639404,0
33.86245918273926,0
33.86275935173035,0
33.86301565170288,0
33.86660599708557,0
33.87006974220276,0
33.87009000778198,0
33.87010622024536,0
33.870781898498535,0
33.88142943382263,0
33.88167929649353,0
33.881717681884766,0
33.88218641281128,0
33.88601613044739,0
33.88623905181885,0
33.88631772994995,0
33.89039921760559,0
33.89043307304382,0
33.89048171043396,0
33.9070246219635,0
33.9071364402771,0
33.90885305404663,0
33.90916895866394,0
33.91085410118103,0
33.91087794303894,0
33.9108943939209,0
33.91950464248657,0
33.931222915649414,0
33.93126106262207,0
33.93127751350403,0
33.95134377479553,0
33.95139169692993,0
33.95175218582153,0
33.960001707077026,0
33.960134506225586,0
33.96336030960083,0
33.96338939666748,0
33.963974714279175,0
33.9644148349762,0
33.96820545196533,0
33.96851468086243,0
33.96933913230896,0
33.970213174819946,0
33.970274448394775,0
33.970295667648315,0
33.98613452911377,0
33.99053692817688,0
33.990549087524414,0
33.990599393844604,0
33.9951708316803,0
33.997580766677856,0
33.99761414527893,0
33.997638463974,0
34.0049307346344,0
34.00495529174805,0
34.005009174346924,0
34.00854754447937,0
34.0106213092804,0
34.01065111160278,0
34.01067543029785,0
34.0157163143158,0
34.01575565338135,0
34.01803278923035,0
34.01808500289917,0
34.03017354011536,0
34.03018593788147,0
34.030197858810425,0
34.04322147369385,0
34.043495655059814,0
34.05013370513916,0
34.05017614364624,0
34.05026865005493,0
34.067387104034424,0
34.070632457733154,0
34.07067823410034,0
34.07069945335388,0
34.075326919555664,0
34.07584595680237,0
34.076265811920166,0
34.076313972473145,0
34.08209538459778,0
34.08214211463928,0
34.08214473724365,0
34.0851948261261,0
34.087212800979614,0
34.088738679885864,0
34.09034824371338,0
34.09045076370239,0
34.09059190750122,0
34.09532165527344,0
34.097209215164185,0
34.09725832939148,0
34.09770178794861,0
34.10352325439453,0
34.10406136512756,0
34.10475826263428,0
34.11084866523743,0
34.1108922958374,0
34.110971450805664,0
34.11341500282288,0
34.113781452178955,0
34.11448383331299,0
34.114506244659424,0
34.12117052078247,0
34.121376752853394,0
34.12140202522278,0
34.12145566940308,0
34.12473011016846,0
34.12476396560669,0
34.12482452392578,0
34.13006281852722,0
34.13011646270752,0
34.13019514083862,0
34.14646911621094,0
34.150277853012085,0
34.150336027145386,0
34.150426387786865,0
34.15216112136841,0
34.1522490978241,0
34.153767585754395,0
34.154051065444946,0
34.154114723205566,0
34.15416693687439,0
34.16300058364868,0
34.16308903694153,0
34.16572833061218,0
34.166465282440186,0
34.17046236991882,0
34.170499324798584,0
34.170506954193115,0
34.19139814376831,0
34.191548585891724,0
34.19161868095398,0
34.19842195510864,0
34.198437213897705,0
34.20025324821472,0
34.20031142234802,0
34.20188617706299,0
34.201942443847656,0
34.202574491500854,0
34.20458102226257,0
34.20702815055847,0
34.21425127983093,0
34.214375495910645,0
34.21446180343628,0
34.21448516845703,0
34.21459889411926,0
34.21462368965149,0
34.22700786590576,0
34.22717094421387,0
34.22730207443237,0
34.2286593914032,0
34.22893595695496,0
34.22900056838989,0
34.22904968261719,0
34.230268478393555,0
34.23029637336731,0
34.230327129364014,0
34.24287390708923,0
34.24505281448364,0
34.250625133514404,0
34.25071668624878,0
34.250771045684814,0
34.2668890953064,0
34.2704074382782,0
34.27069807052612,0
34.27267599105835,0
34.27569818496704,0
34.27619028091431,0
34.27635097503662,0
34.27795696258545,0
34.279184103012085,0
34.279844760894775,0
34.279881954193115,0
34.290348291397095,0
34.29036831855774,0
34.2903892993927,0
34.30814075469971,0
34.30818748474121,0
34.31076955795288,0
34.31082487106323,0
34.31085276603699,0
34.312734842300415,0
34.31274461746216,0
34.3135507106781,0
34.32257080078125,0
34.32260513305664,0
34.3226203918457,0
34.32280111312866,0
34.32568907737732,0
34.3257052898407,0
34.32574820518494,0
34.33040690422058,0
34.330443143844604,0
34.33048224449158,0
34.34614396095276,0
34.34637999534607,0
34.34641671180725,0
34.34643483161926,0
34.35021090507507,0
34.350265979766846,0
34.35033845901489,0
34.35101056098938,0
34.351343631744385,0
34.35138440132141,0
34.35209393501282,0
34.37039637565613,0
34.370469093322754,0
34.37049674987793,0
34.37164497375488,0
34.37169694900513,0
34.37277579307556,0
34.37331199645996,0
34.3733503818512,0
34.37340497970581,0
34.37989044189453,0
34.3799364566803,0
34.37994050979614,0
34.38072657585144,0
34.387765407562256,0
34.38915657997131,0
34.3894407749176,0
34.39057493209839,0
34.390594244003296,0
34.39059805870056,0
34.3916392326355,0
34.39171290397644,0
34.40458631515503,0
34.41081023216248,0
34.41085481643677,0
34.410858154296875,0
34.41718316078186,0
34.41720485687256,0
34.41781783103943,0
34.41811943054199,0
34.41857957839966,0
34.41860246658325,0
34.419015884399414,0
34.42787456512451,0
34.431069135665894,0
34.431187868118286,0
34.4312047958374,0
34.45064902305603,0
34.450735092163086,0
34.450798749923706,0
34.47081637382507,0
34.47112727165222,0
34.471155881881714,0
34.47117805480957,0
34.471755504608154,0
34.47177743911743,0
34.47208523750305,0
34.472471952438354,0
34.47265958786011,0
34.474666595458984,0
34.47514462471008,0
34.49527668952942,0
34.49550938606262,0
34.49553632736206,0
34.49556756019592,0
34.49559664726257,0
34.49568700790405,0
34.49594497680664,0
34.496174812316895,0
34.49618482589722,0
34.49631929397583,0
34.49667954444885,0
34.496740102767944,0
34.49767827987671,0
34.49794864654541,0
34.51054358482361,0
34.510600566864014,0
34.51062035560608,0
34.530428409576416,0
34.53048086166382,0
34.530532360076904,0
34.53979444503784,0
34.551299810409546,0
34.551408529281616,0
34.55187654495239,0
34.570584774017334,0
34.571277141571045,0
34.57185125350952,0
34.58285474777222,0
34.58336138725281,0
34.585020542144775,0
34.58542251586914,0
34.58563184738159,0
34.58584952354431,0
34.591586112976074,0
34.59176063537598,0
34.59207081794739,0
34.59710478782654,0
34.60326051712036,0
34.60327076911926,0
34.60330533981323,0
34.603312969207764,0
34.603395223617554,0
34.60342049598694,0
34.60356283187866,0
34.60362267494202,0
34.60367703437805,0
34.60581469535828,0
34.61016130447388,0
34.61019492149353,0
34.610268354415894,0
34.62067675590515,0
34.62068200111389,0
34.62071228027344,0
34.621681213378906,0
34.62294340133667,0
34.62303400039673,0
34.62358808517456,0
34.62751913070679,0
34.627665519714355,0
34.62825107574463,0
34.62906289100647,0
34.63007879257202,0
34.630120277404785,0
34.63015532493591,0
34.631176471710205,0
34.63187623023987,0
34.6318895816803,0
34.63899517059326,0
34.6390163898468,0
34.63917565345764,0
34.63931894302368,0
34.64179015159607,0
34.641801595687866,0
34.64222478866577,0
34.65009927749634,0
34.65016555786133,0
34.65021252632141,0
34.67011547088623,0
34.67015814781189,0
34.67017960548401,0
34.67560863494873,0
34.678409576416016,0
34.684818506240845,0
34.691181659698486,0
34.69122910499573,0
34.69125270843506,0
34.695441246032715,0
34.69548296928406,0
34.695603132247925,0
34.69562911987305,0
34.697211265563965,0
34.69725298881531,0
34.69771122932434,0
34.69836664199829,0
34.69840860366821,0
34.700003147125244,0
34.700064182281494,0
34.70481085777283,0
34.709028244018555,0
34.71216940879822,0
34.71230936050415,0
34.71231007575989,0
34.73182940483093,0
34.73185992240906,0
34.73189973831177,0
34.749176025390625,0
34.750539779663086,0
34.750577211380005,0
34.750590324401855,0
34.77038860321045,0
34.7706356048584,0
34.77114987373352,0
34.78445100784302,0
34.78450632095337,0
34.78738474845886,0
34.78742599487305,0
34.788665771484375,0
34.78887629508972,0
34.79063558578491,0
34.7906391620636,0
34.79068732261658,0
34.811519622802734,0
34.81155467033386,0
34.8115656375885,0
34.82277750968933,0
34.82278823852539,0
34.82280874252319,0
34.82290458679199,0
34.82396602630615,0
34.824002265930176,0
34.83025097846985,0
34.831170320510864,0
34.83134770393372,0
34.83137512207031,0
34.831392765045166,0
34.83701229095459,0
34.83736181259155,0
34.83994150161743,0
34.83997654914856,0
34.84040331840515,0
34.84040403366089,0
34.84042024612427,0
34.840482234954834,0
34.84741830825806,0
34.84783101081848,0
34.847878217697144,0
34.847917556762695,0
34.85010242462158,0
34.850152254104614,0
34.850154399871826,0
34.850544691085815,0
34.85090780258179,0
34.85094141960144,0
34.87398195266724,0
34.874250650405884,0
34.874284982681274,0
34.89021182060242,0
34.890262603759766,0
34.890345335006714,0
34.91168260574341,0
34.9117443561554,0
34.91184115409851,0
34.93315291404724,0
34.933682680130005,0
34.93379592895508,0
34.93381118774414,0
34.9431095123291,0
34.94479274749756,0
34.94492769241333,0
34.94495487213135,0
34.945154428482056,0
34.9451801776886,0
34.945194244384766,0
34.946032762527466,0
34.94604992866516,0
34.94989466667175,0
34.94995903968811,0
34.95090341567993,0
34.95094418525696,0
34.95096230506897,0
34.95289063453674,0
34.956578969955444,0
34.95667290687561,0
34.96086573600769,0
34.96089434623718,0
34.96095538139343,0
34.96100568771362,0
34.97047233581543,0
34.97052311897278,0
34.970587730407715,0
34.97623562812805,0
34.9762978553772,0
34.97662281990051,0
34.97728443145752,0
34.980987310409546,0
34.98438596725464,0
34.99042630195618,0
34.990540504455566,0
34.99058151245117,0
35.00076508522034,0
35.00139355659485,0
35.001707315444946,0
35.00175356864929,0
35.005699634552,0
35.006149768829346,0
35.006492376327515,0
35.007782220840454,0
35.01006722450256,0
35.015769481658936,0
35.015854358673096,0
35.01590299606323,0
35.015960693359375,0
35.01769423484802,0
35.018073081970215,0
35.02347445487976,0
35.03021168708801,0
35.030449867248535,0
35.030478715896606,0
35.03736209869385,0
35.03774452209473,0
35.03783226013184,0
35.03812289237976,0
35.04026436805725,0
35.04028964042664,0
35.041067123413086,0
35.05060362815857,0
35.05063033103943,0
35.050687074661255,0
35.06999468803406,0
35.07003045082092,0
35.07004737854004,0
35.09016489982605,0
35.09021234512329,0
35.09028887748718,0
35.103591442108154,0
35.10407590866089,0
35.10412335395813,0
35.10415482521057,0
35.105984687805176,0
35.106608867645264,0
35.10665988922119,0
35.10807204246521,0
35.114588260650635,0
35.114805698394775,0
35.11485433578491,0
35.12836027145386,0
35.12840414047241,0
35.128934383392334,0
35.12897706031799,0
35.13033103942871,0
35.130391120910645,0
35.13141107559204,0
35.13477683067322,0
35.13484334945679,0
35.135000467300415,0
35.140305042266846,0
35.14034676551819,0
35.150209188461304,0
35.15026044845581,0
35.150437355041504,0
35.15791368484497,0
35.15792441368103,0
35.1595983505249,0
35.162827253341675,0
35.164360761642456,0
35.17116641998291,0
35.17121934890747,0
35.171282052993774,0
35.172406911849976,0
35.17262053489685,0
35.17650365829468,0
35.17692852020264,0
35.17707300186157,0
35.17724418640137,0
35.18213748931885,0
35.18217968940735,0
35.18232464790344,0
35.18378138542175,0
35.185216665267944,0
35.18633198738098,0
35.19066548347473,0
35.190704584121704,0
35.19123148918152,0
35.19495511054993,0
35.194992542266846,0
35.195117712020874,0
35.195401668548584,0
35.19786977767944,0
35.19790577888489,0
35.198540925979614,0
35.200324058532715,0
35.20036172866821,0
35.202056646347046,0
35.202308177948,0
35.210503578186035,0
35.210548877716064,0
35.210572242736816,0
35.2195041179657,0
35.230674743652344,0
35.230712890625,0
35.23125076293945,0
35.24173927307129,0
35.24175238609314,0
35.24197793006897,0
35.24201011657715,0
35.24475860595703,0
35.24475979804993,0
35.24498796463013,0
35.25035333633423,0
35.25039052963257,0
35.25043821334839,0
35.27063226699829,0
35.27067828178406,0
35.27070164680481,0
35.27371406555176,0
35.29043745994568,0
35.290483474731445,0
35.29048442840576,0
35.2906174659729,0
35.29156804084778,0
35.291614294052124,0
35.292317390441895,0
35.29367160797119,0
35.293699502944946,0
35.29378604888916,0
35.29863381385803,0
35.29872441291809,0
35.30081558227539,0
35.30085015296936,0
35.310513973236084,0
35.31055450439453,0
35.31057524681091,0
35.31814670562744,0
35.31870794296265,0
35.318891763687134,0
35.31961703300476,0
35.321200370788574,0
35.3218047618866,0
35.32212853431702,0
35.33137583732605,0
35.33141231536865,0
35.33147716522217,0
35.348233461380005,0
35.35028338432312,0
35.350332498550415,0
35.35041952133179,0
35.354063749313354,0
35.35430669784546,0
35.355987548828125,0
35.35661005973816,0
35.35664367675781,0
35.35666370391846,0
35.3646354675293,0
35.36492347717285,0
35.36516618728638,0
35.36692833900452,0
35.3707001209259,0
35.37074828147888,0
35.370750188827515,0
35.39114332199097,0
35.39119577407837,0
35.3912205696106,0
35.39391326904297,0
35.39396619796753,0
35.39432644844055,0
35.39474320411682,0
35.40150189399719,0
35.40153455734253,0
35.40164375305176,0
35.402740716934204,0
35.402931690216064,0
35.403544902801514,0
35.403600215911865,0
35.41060256958008,0
35.410696029663086,0
35.41075348854065,0
35.43049097061157,0
35.430545806884766,0
35.43055295944214,0
35.43736004829407,0
35.45017337799072,0
35.45020771026611,0
35.45074701309204,0
35.4702844619751,0
35.47028708457947,0
35.47035050392151,0
35.47724199295044,0
35.47726941108704,0
35.47764444351196,0
35.477694272994995,0
35.48252296447754,0
35.48255372047424,0
35.48293375968933,0
35.484185457229614,0
35.487250328063965,0
35.48825716972351,0
35.490867614746094,0
35.49091076850891,0
35.4909291267395,0
35.500324964523315,0
35.50054955482483,0
35.5005738735199,0
35.50068140029907,0
35.502201318740845,0
35.50222730636597,0
35.502521991729736,0
35.50383186340332,0
35.503867864608765,0
35.505810260772705,0
35.505863189697266,0
35.506680727005005,0
35.51196646690369,0
35.51206111907959,0
35.5120861530304,0
35.513254165649414,0
35.53020930290222,0
35.53031659126282,0
35.53033661842346,0
35.542317152023315,0
35.55030584335327,0
35.55035376548767,0
35.55037522315979,0
35.56719374656677,0
35.567222595214844,0
35.56733679771423,0
35.56741118431091,0
35.5674843788147,0
35.56756353378296,0
35.56908988952637,0
35.56919741630554,0
35.569270610809326,0
35.573970317840576,0
35.5741331577301,0
35.57421898841858,0
35.590404987335205,0
35.59045457839966,0
35.5904803276062,0
35.602447271347046,0
35.60248565673828,0
35.60258936882019,0
35.60261797904968,0
35.60726976394653,0
35.607298374176025,0
35.60910534858704,0
35.60930585861206,0
35.611772775650024,0
35.611947774887085,0
35.611976146698,0
35.63038802146912,0
35.63422679901123,0
35.63440752029419,0
35.64344882965088,0
35.643492698669434,0
35.644986629486084,0
35.64505171775818,0
35.645798683166504,0
35.64819097518921,0
35.648451805114746,0
35.6484808921814,0
35.648520946502686,0
35.649961948394775,0
35.65004229545593,0
35.65008997917175,0
35.65085530281067,0
35.650872230529785,0
35.65088367462158,0
35.66034197807312,0
35.66614055633545,0
35.66649031639099,0
35.6665096282959,0
35.666571378707886,0
35.6703200340271,0
35.67035913467407,0
35.67038035392761,0
35.67972373962402,0
35.679770946502686,0
35.67986011505127,0
35.68078064918518,0
35.682602882385254,0
35.690285444259644,0
35.69033432006836,0
35.69041919708252,0
35.71028137207031,0
35.71031618118286,0
35.71124768257141,0
35.71153402328491,0
35.71156620979309,0
35.714728593826294,0
35.71474814414978,0
35.72767925262451,0
35.72940802574158,0
35.730363845825195,0
35.73038172721863,0
35.730395793914795,0
35.73098349571228,0
35.731013774871826,0
35.731029987335205,0
35.73115420341492,0
35.73164439201355,0
35.73197317123413,0
35.738619327545166,0
35.751075744628906,0
35.75114178657532,0
35.75115656852722,0
35.764222383499146,0
35.765013456344604,0
35.766493797302246,0
35.76651334762573,0
35.76655459403992,0
35.7677435874939,0
35.76775407791138,0
35.76807737350464,0
35.76997375488281,0
35.77000308036804,0
35.770405292510986,0
35.79043483734131,0
35.79046821594238,0
35.790470600128174,0
35.79048275947571,0
35.79048466682434,0
35.790491819381714,0
35.79049468040466,0
35.79176044464111,0
35.79177904129028,0
35.791792154312134,0
35.79441428184509,0
35.79443597793579,0
35.79589653015137,0
35.795942306518555,0
35.796706676483154,0
35.80261206626892,0
35.80268406867981,0
35.80271339416504,0
35.802757263183594,0
35.805288314819336,0
35.80530095100403,0
35.80531311035156,0
35.810004234313965,0
35.8100311756134,0
35.81004190444946,0
35.830904960632324,0
35.83108568191528,0
35.83109903335571,0
35.83114957809448,0
35.832884311676025,0
35.845760345458984,0
35.85043454170227,0
35.85068440437317,0
35.85070085525513,0
35.85071396827698,0
35.850913286209106,0
35.85130214691162,0
35.85132098197937,0
35.85418915748596,0
35.85420107841492,0
35.85464596748352,0
35.86999440193176,0
35.87002515792847,0
35.870025873184204,0
35.87529230117798,0
35.89006447792053,0
35.89009690284729,0
35.89011883735657,0
35.911150217056274,0
35.91151475906372,0
35.911561489105225,0
35.911888122558594,0
35.911927700042725,0
35.91215682029724,0
35.91219472885132,0
35.91336488723755,0
35.91355895996094,0
35.91404724121094,0
35.9176869392395,0
35.91773748397827,0
35.921865701675415,0
35.92223381996155,0
35.93039059638977,0
35.93045401573181,0
35.93075132369995,0
35.947946548461914,0
35.95070838928223,0
35.9507429599762,0
35.95101046562195,0
35.95265507698059,0
35.95286679267883,0
35.95307016372681,0
35.9534969329834,0
35.95351815223694,0
35.953535079956055,0
35.971293687820435,0
35.97132182121277,0
35.97132205963135,0
35.97333478927612,0
35.97337746620178,0
35.973393201828,0
35.975746870040894,0
35.977872371673584,0
35.9805588722229,0
35.990558385849,0
35.99058532714844,0
35.99062824249268,0
35.998263120651245,0
35.998286485672,0
35.998318910598755,0
35.998331785202026,0
36.00276708602905,0
36.00278115272522,0
36.004056453704834,0
36.00674510002136,0
36.00793743133545,0
36.00797176361084,0
36.008495569229126,0
36.00910472869873,0
36.01005411148071,0
36.01007699966431,0
36.0100884437561,0
36.01146364212036,0
36.011757135391235,0
36.01177740097046,0
36.011801958084106,0
36.01407790184021,0
36.01429462432861,0
36.01444745063782,0
36.03001570701599,0
36.03004193305969,0
36.03005242347717,0
36.03820514678955,0
36.04107022285461,0
36.04211187362671,0
36.04289245605469,0
36.043115854263306,0
36.04313111305237,0
36.04314279556274,0
36.04326319694519,0
36.04831290245056,0
36.04994702339173,0
36.05000877380371,0
36.05002641677856,0
36.06338763237,0
36.06345748901367,0
36.063475370407104,0
36.063538551330566,0
36.06626915931702,0
36.06628751754761,0
36.06633949279785,0
36.07069349288941,0
36.07070350646973,0
36.07072973251343,0
36.09043335914612,0
36.0904655456543,0
36.09051156044006,0
36.09915614128113,0
36.09919214248657,0
36.10083270072937,0
36.10083317756653,0
36.11029291152954,0
36.110332012176514,0
36.11045217514038,0
36.11828660964966,0
36.13039898872376,0
36.13126444816589,0
36.13129949569702,0
36.15017318725586,0
36.15018820762634,0
36.150203704833984,0
36.155320167541504,0
36.15534114837647,0
36.15720582008362,0
36.157230615615845,0
36.157243728637695,0
36.15764665603638,0
36.16124868392944,0
36.1612753868103,0
36.16156625747681,0
36.1637167930603,0
36.16692638397217,0
36.170440435409546,0
36.17046594619751,0
36.17050099372864,0
36.176130294799805,0
36.1900999546051,0
36.19012641906738,0
36.19056272506714,0
36.205323934555054,0
36.206557750701904,0
36.20657992362976,0
36.20661520957947,0
36.20779609680176,0
36.20782279968262,0
36.20783877372742,0
36.20880150794983,0
36.208823919296265,0
36.21028709411621,0
36.21031212806702,0
36.210364818573,0
36.230127573013306,0
36.23015236854553,0
36.23015451431274,0
36.23436617851257,0
36.23450136184693,0
36.23558306694031,0
36.24006843566895,0
36.24060654640198,0
36.24062943458557,0
36.240843057632446,0
36.24290990829468,0
36.24336862564087,0
36.24339413642883,0
36.24507713317871,0
36.24532890319824,0
36.24535059928894,0
36.24535775184631,0
36.24914312362671,0
36.25001263618469,0
36.25004005432129,0
36.25006628036499,0
36.25012254714966,0
36.25014233589173,0
36.25081419944763,0
36.25081992149353,0
36.25712156295776,0
36.269951820373535,0
36.269980907440186,0
36.26999473571777,0
36.28672933578491,0
36.28675675392151,0
36.28677225112915,0
36.28677725791931,0
36.28798389434815,0
36.28803062438965,0
36.28807950019837,0
36.28915786743164,0
36.28935360908508,0
36.29028248786926,0
36.290329694747925,0
36.2903470993042,0
36.29812383651733,0
36.298184871673584,0
36.299543142318726,0
36.31004405021668,0
36.31007933616638,0
36.31021046638489,0
36.33095598220825,0
36.33099937438965,0
36.33110809326172,0
36.33727979660034,0
36.337666511535645,0
36.33769345283508,0
36.33796691894531,0
36.34727644920349,0
36.34772419929504,0
36.34853076934815,0
36.349098443984985,0
36.35170221328735,0
36.35173010826111,0
36.3517804145813,0
36.35252285003662,0
36.357062101364136,0
36.364702224731445,0
36.36471462249756,0
36.36667466163635,0
36.36669898033142,0
36.369009017944336,0
36.36904764175415,0
36.36999464035034,0
36.37001991271973,0
36.37033724784851,0
36.3766016960144,0
36.37661385536194,0
36.3766176700592,0
36.3899233341217,0
36.39017963409424,0
36.39019465446472,0
36.39882206916809,0
36.39883518218994,0
36.3996889591217,0
36.39970636367798,0
36.41018843650818,0
36.4102144241333,0
36.4102258682251,0
36.43009614944458,0
36.430124282836914,0
36.43014144897461,0
36.434938192367554,0
36.43834710121155,0
36.43837022781372,0
36.43875813484192,0
36.438783168792725,0
36.43993926048279,0
36.43995189666748,0
36.4399642944336,0
36.44071936607361,0
36.44392204284668,0
36.4501371383667,0
36.45013761520386,0
36.45016956329346,0
36.46515417098999,0
36.47061467170715,0
36.4706461429596,0
36.47068953514099,0
36.488497495651245,0
36.48851251602173,0
36.48912835121155,0
36.48916029930115,0
36.49012732505798,0
36.49091076850891,0
36.490946531295776,0
36.49201679229736,0
36.49226689338684,0
36.49244403839111,0
36.49335074424744,0
36.49408125877381,0
36.49454164505005,0
36.49458074569702,0
36.49501371383667,0
36.49532890319824,0
36.49553942680359,0
36.50365686416626,0
36.503719091415405,0
36.50375962257385,0
36.50380182266235,0
36.51000928878784,0
36.51004219055176,0
36.51016807556152,0
36.52170920372009,0
36.52899646759033,0
36.52901601791382,0
36.53021216392517,0
36.53036379814148,0
36.53071570396423,0
36.55002522468567,0
36.55025696754456,0
36.55027174949646,0
36.55182099342346,0
36.55184292793274,0
36.55185508728027,0
36.55189633369446,0
36.554821729660034,0
36.55484485626221,0
36.555893421173096,0
36.55880737304688,0
36.55964064598084,0
36.56060028076172,0
36.568341970443726,0
36.56836652755737,0
36.57035517692566,0
36.570379972457886,0
36.57041549682617,0
36.5704870223999,0
36.57051658630371,0
36.57114720344544,0
36.57116961479187,0
36.57118177413941,0
36.575079679489136,0
36.57541847229004,0
36.58993601799011,0
36.589962005615234,0
36.589991331100464,0
36.59653854370117,0
36.59667611122131,0
36.610108613967896,0
36.61013841629028,0
36.61015033721924,0
36.61820554733277,0
36.6300208568573,0
36.630210399627686,0
36.63032841682434,0
36.64999485015869,0
36.65003705024719,0
36.65004014968872,0
36.65518856048584,0
36.65521788597107,0
36.65749883651733,0
36.65751767158508,0
36.657732009887695,0
36.65774893760681,0
36.65778279304504,0
36.65778756141663,0
36.66009140014648,0
36.66661238670349,0
36.67008900642395,0
36.67010354995728,0
36.67027688026428,0
36.67140555381775,0
36.67203378677368,0
36.6720621585846,0
36.67207717895508,0
36.672645568847656,0
36.67315077781677,0
36.67318058013916,0
36.6900372505188,0
36.6901068687439,0
36.69038677215576,0
36.710339069366455,0
36.710381746292114,0
36.71039938926697,0
36.73030638694763,0
36.73035502433777,0
36.73047256469727,0
36.750138998031616,0
36.75017809867859,0
36.75019264221192,0
36.75780510902405,0
36.75808548927307,0
36.759272813797,0
36.75932908058167,0
36.76013946533203,0
36.76364541053772,0
36.76364588737488,0
36.76488471031189,0
36.76600956916809,0
36.7669837474823,0
36.76721215248108,0
36.77249932289124,0
36.77252864837647,0
36.77254319190979,0
36.77887916564941,0
36.77888345718384,0
36.779250144958496,0
36.7825939655304,0
36.782625675201416,0
36.782628297805786,0
36.782639026641846,0
36.78349447250366,0
36.78358578681946,0
36.78366422653198,0
36.78559899330139,0
36.78978085517883,0
36.78997039794922,0
36.78999066352844,0
36.79189729690552,0
36.79335045814514,0
36.79337430000305,0
36.79338717460632,0
36.793614864349365,0
36.79371643066406,0
36.79622101783752,0
36.79624152183533,0
36.7969274520874,0
36.80551981925965,0
36.805537939071655,0
36.80559253692627,0
36.805660247802734,0
36.806737661361694,0
36.80691266059876,0
36.806936502456665,0
36.8104612827301,0
36.81048607826233,0
36.81049990653992,0
36.81952238082886,0
36.82089614868164,0
36.83085656166077,0
36.83089280128479,0
36.83111000061035,0
36.83853077888489,0
36.84989976882935,0
36.84992575645447,0
36.85001873970032,0
36.86791038513184,0
36.86793804168701,0
36.86807060241699,0
36.86807513237,0
36.87087035179138,0
36.87089967727661,0
36.87099528312683,0
36.87102770805359,0
36.87130355834961,0
36.87133240699768,0
36.8718204498291,0
36.89054393768311,0
36.89058184623718,0
36.89059829711914,0
36.89226937294006,0
36.893394947052,0
36.8968505859375,0
36.897599935531616,0
36.89781546592712,0
36.89789175987244,0
36.89791131019592,0
36.897992849349976,0
36.89800953865051,0
36.89807629585266,0
36.8984055519104,0
36.90019965171814,0
36.91083288192749,0
36.91087532043457,0
36.910895347595215,0
36.924354553222656,0
36.92652702331543,0
36.92858815193176,0
36.92866015434265,0
36.92874765396118,0
36.928810596466064,0
36.92885565757752,0
36.9300320148468,0
36.93006992340088,0
36.930869340896606,0
36.94502186775208,0
36.94524168968201,0
36.94534945487976,0
36.94545340538025,0
36.948989152908325,0
36.94922471046448,0
36.9494616985321,0
36.94979500770569,0
36.94981360435486,0
36.95004796981812,0
36.95006489753723,0
36.970479011535645,0
36.97050786018372,0
36.97052359580994,0
36.972668409347534,0
36.97298741340637,0
36.9743959903717,0
36.97441220283508,0
36.97445511817932,0
36.97447156906128,0
36.9767005443573,0
36.97714161872864,0
36.97749757766724,0
36.978002071380615,0
36.97871661186218,0
36.97971057891846,0
36.9898099899292,0
36.98983931541443,0
36.98985195159912,0
36.991079330444336,0
36.99111342430115,0
36.992666721344,0
36.99298119544983,0
36.99359655380249,0
37.01182103157044,0
37.011850118637085,0
37.01193189620972,0
37.025153160095215,0
37.02530527114868,0
37.025365352630615,0
37.02689003944397,0
37.03047037124634,0
37.030470848083496,0
37.03049802780152,0
37.03050994873047,0
37.030903577804565,0
37.03330206871033,0
37.035597801208496,0
37.04308819770813,0
37.04311966896057,0
37.04317021369934,0
37.04320287704468,0
37.04334712028504,0
37.043639183044434,0
37.04366254806519,0
37.05045366287232,0
37.050474405288696,0
37.05048847198486,0
37.06353116035461,0
37.065919160842896,0
37.0700204372406,0
37.07005190849304,0
37.07006645202637,0
37.07931208610535,0
37.084880113601685,0
37.086057901382446,0
37.08701992034912,0
37.087169885635376,0
37.08990955352783,0
37.0899384021759,0
37.08995175361633,0
37.11032700538635,0
37.110366344451904,0
37.11038327217102,0
37.11614489555359,0
37.116228342056274,0
37.11628413200378,0
37.11762809753418,0
37.11771154403687,0
37.11985921859741,0
37.12008309364319,0
37.12100338935852,0
37.12358832359314,0
37.13045144081116,0
37.13053250312805,0
37.13068222999573,0
37.14997410774231,0
37.15000748634338,0
37.15002870559693,0
37.16524577140808,0
37.17010140419006,0
37.170172929763794,0
37.17017984390259,0
37.190335512161255,0
37.19038510322571,0
37.19041848182678,0
37.19243812561035,0
37.19272541999817,0
37.19691681861877,0
37.19709014892578,0
37.19713568687439,0
37.197208404541016,0
37.19736576080322,0
37.19745230674744,0
37.19747853279114,0
37.20121335983277,0
37.20155620574951,0
37.201576471328735,0
37.20159125328064,0
37.2017924785614,0
37.20217180252075,0
37.20219683647156,0
37.20841765403748,0
37.21031713485718,0
37.21033143997192,0
37.21038842201233,0
37.21053385734558,0
37.21055245399475,0
37.21700358390808,0
37.21706485748291,0
37.21888184547424,0
37.23076033592224,0
37.2309136390686,0
37.23094034194946,0
37.24236845970154,0
37.24413752555847,0
37.24413871765137,0
37.245415449142456,0
37.24995803833008,0
37.2500159740448,0
37.25002932548523,0
37.25652480125427,0
37.25654435157776,0
37.25659084320069,0
37.27061557769776,0
37.27067518234253,0
37.2706823348999,0
37.27807068824768,0
37.29011082649231,0
37.29015254974365,0
37.29015898704529,0
37.305527687072754,0
37.30576586723328,0
37.305790185928345,0
37.305997371673584,0
37.309211015701294,0
37.30923175811768,0
37.309293031692505,0
37.311320304870605,0
37.31149697303772,0
37.31151700019837,0
37.31153607368469,0
37.3116934299469,0
37.31960868835449,0
37.319637060165405,0
37.32365036010742,0
37.33012914657593,0
37.33016896247864,0
37.33025622367859,0
37.339303731918335,0
37.339481353759766,0
37.35027456283569,0
37.35031819343567,0
37.35033535957336,0
37.35928153991699,0
37.35930824279785,0
37.359389781951904,0
37.35945272445679,0
37.3615128993988,0
37.36156392097473,0
37.3616144657135,0
37.37016987800598,0
37.37017226219177,0
37.37023735046387,0
37.39064645767212,0
37.390727043151855,0
37.39079284667969,0
37.39660668373108,0
37.40366578102112,0
37.40392827987671,0
37.4039945602417,0
37.40407013893128,0
37.4063835144043,0
37.406404972076416,0
37.40817499160767,0
37.40985083580017,0
37.40991449356079,0
37.4106183052063,0
37.41101288795471,0
37.41107130050659,0
37.41210985183716,0
37.41214060783386,0
37.414427042007446,0
37.4149329662323,0
37.41498589515686,0
37.41519856452942,0
37.42153930664063,0
37.42220640182495,0
37.42246389389038,0
37.42340564727783,0
37.42992448806763,0
37.429978132247925,0
37.43018770217896,0
37.44358205795288,0
37.44360494613648,0
37.44362092018128,0
37.44367551803589,0
37.44464921951294,0
37.44466233253479,0
37.44476628303528,0
37.45137095451355,0
37.45140218734741,0
37.45141577720642,0
37.46417045593262,0
37.46683406829834,0
37.46999597549439,0
37.47003221511841,0
37.47011566162109,0
37.479761362075806,0
37.48714256286621,0
37.48766613006592,0
37.48782444000244,0
37.48788857460022,0
37.49144458770752,0
37.49150443077088,0
37.491596698760986,0
37.50483822822571,0
37.50492000579834,0
37.50564193725586,0
37.50911450386048,0
37.50917077064514,0
37.51035261154175,0
37.510414838790894,0
37.51071095466614,0
37.51594853401184,0
37.51604843139648,0
37.52740526199341,0
37.53112030029297,0
37.53159117698669,0
37.53165245056152,0
37.53313326835632,0
37.54283428192139,0
37.552107095718384,0
37.55215048789978,0
37.55222296714783,0
37.57094502449036,0
37.5709719657898,0
37.57097387313843,0
37.57098913192749,0
37.57099199295044,0
37.57252216339111,0
37.57255911827088,0
37.57537627220154,0
37.57542014122009,0
37.57564926147461,0
37.575703144073486,0
37.57575798034668,0
37.576565980911255,0
37.58767008781433,0
37.58948421478272,0
37.59048581123352,0
37.590582847595215,0
37.590648889541626,0
37.59558796882629,0
37.59561562538147,0
37.59870791435242,0
37.59877300262451,0
37.5989043712616,0
37.598961353302,0
37.59901165962219,0
37.60195875167847,0
37.60220694541931,0
37.60499358177185,0
37.60503244400024,0
37.6104884147644,0
37.61052989959717,0
37.6108558177948,0
37.63393878936768,0
37.633971214294434,0
37.633994817733765,0
37.6357364654541,0
37.65032720565796,0
37.650362730026245,0
37.65048384666443,0
37.6636745929718,0
37.66371440887451,0
37.66376948356629,0
37.66383671760559,0
37.66865515708923,0
37.6686999797821,0
37.66891074180603,0
37.67110586166382,0
37.67114877700806,0
37.67123770713806,0
37.683396100997925,0
37.683711767196655,0
37.68375110626221,0
37.68380665779114,0
37.68678426742554,0
37.68714737892151,0
37.68723440170288,0
37.688520193099976,0
37.69053649902344,0
37.690603494644165,0
37.69062662124634,0
37.708513259887695,0
37.71312117576599,0
37.71328330039978,0
37.7134017944336,0
37.71341013908386,0
37.71349334716797,0
37.713624238967896,0
37.71980237960816,0
37.7198371887207,0
37.72021150588989,0
37.72073793411255,0
37.72085165977478,0
37.72908878326416,0
37.7291476726532,0
37.73530340194702,0
37.73536825180054,0
37.735389709472656,0
37.73688721656799,0
37.75011849403381,0
37.75015115737915,0
37.75020337104797,0
37.75972580909729,0
37.759761810302734,0
37.76171374320984,0
37.76171660423279,0
37.76173639297485,0
37.76180410385132,0
37.76521682739258,0
37.76524758338928,0
37.76526665687561,0
37.77066493034363,0
37.77070069313049,0
37.77111005783081,0
37.78157234191895,0
37.79063153266907,0
37.79067349433899,0
37.790759563446045,0
37.79189372062683,0
37.7919225692749,0
37.79193329811096,0
37.79194092750549,0
37.80291056632996,0
37.8029351234436,0
37.80363321304321,0
37.80527114868164,0
37.80532741546631,0
37.808003187179565,0
37.8080804347992,0
37.810189962387085,0
37.81023025512695,0
37.810237407684326,0
37.81866121292114,0
37.8306827545166,0
37.83073401451111,0
37.83075571060181,0
37.84394645690918,0
37.84439182281494,0
37.84442949295044,0
37.844465017318726,0
37.84583640098572,0
37.84583926200867,0
37.84594535827637,0
37.85007834434509,0
37.85011553764343,0
37.85017275810242,0
37.86647272109985,0
37.8688108921051,0
37.87019491195679,0
37.870240688323975,0
37.87029719352722,0
37.870317459106445,0
37.87920808792114,0
37.879310131073,0
37.8793306350708,0
37.87934970855713,0
37.88203287124634,0
37.88204717636109,0
37.88256430625916,0
37.890105962753296,0
37.89018416404724,0
37.89020562171936,0
37.9102885723114,0
37.910340309143066,0
37.91042137145996,0
37.91409134864807,0
37.91481018066406,0
37.91736268997192,0
37.91747736930847,0
37.91913437843323,0
37.91933965682984,0
37.9194610118866,0
37.91948127746582,0
37.92128777503967,0
37.92166757583618,0
37.92180132865906,0
37.92226123809815,0
37.92497706413269,0
37.93014335632324,0
37.93018388748169,0
37.930259227752686,0
37.9312756061554,0
37.95026636123657,0
37.950297355651855,0
37.950356245040894,0
37.9518346786499,0
37.95189189910889,0
37.95425629615784,0
37.95447754859924,0
37.95477771759033,0
37.95480847358704,0
37.95567512512207,0
37.95568919181824,0
37.95611262321472,0
37.96294641494751,0
37.96751880645752,0
37.96762275695801,0
37.96990966796875,0
37.96994233131409,0
37.97013211250305,0
37.99149799346924,0
37.99160552024841,0
37.99162983894348,0
38.00102424621582,0
38.004719734191895,0
38.00496053695679,0
38.00547194480896,0
38.00548481941223,0
38.005512952804565,0
38.00571703910828,0
38.00616884231568,0
38.00854396820069,0
38.00859427452088,0
38.01021671295166,0
38.01025485992432,0
38.01072859764099,0
38.011924505233765,0
38.01199960708618,0
38.01832723617554,0
38.030460357666016,0
38.03049063682556,0
38.03050088882446,0
38.04997181892395,0
38.05000734329224,0
38.05031085014343,0
38.06090450286865,0
38.06094622612,0
38.06107664108277,0
38.06109595298767,0
38.0631582736969,0
38.0632061958313,0
38.06336855888367,0
38.070467472076416,0
38.070512533187866,0
38.07085061073303,0
38.076701402664185,0
38.09081721305847,0
38.090863943099976,0
38.09087038040161,0
38.11128091812134,0
38.11133551597595,0
38.11136221885681,0
38.127453088760376,0
38.12756276130676,0
38.12759494781494,0
38.13088369369507,0
38.13237762451172,0
38.13258075714111,0
38.132824182510376,0
38.13465666770935,0
38.13470411300659,0
38.13486742973328,0
38.13705348968506,0
38.13963747024536,0
38.14631485939026,0
38.14644026756287,0
38.1475887298584,0
38.15090584754944,0
38.15097332000733,0
38.15141320228577,0
38.152249574661255,0
38.1597797870636,0
38.17027807235718,0
38.17032837867737,0
38.170695304870605,0
38.19109749794006,0
38.19207429885864,0
38.19238495826721,0
38.19635009765625,0
38.19637894630432,0
38.19845080375672,0
38.19880104064941,0
38.19899320602417,0
38.19903230667114,0
38.20192170143128,0
38.20195055007935,0
38.20223784446716,0
38.20438265800476,0
38.20481157302856,0
38.204909324646,0
38.2051203250885,0
38.20933818817139,0
38.21033239364624,0
38.21039628982544,0
38.210641622543335,0
38.21396040916443,0
38.2152111530304,0
38.21540951728821,0
38.21839714050293,0
38.21847224235535,0
38.22069191932678,0
38.220776081085205,0
38.23113203048706,0
38.23118805885315,0
38.231321811676025,0
38.24822926521301,0
38.24827790260315,0
38.2483549118042,0
38.248412132263184,0
38.24868392944336,0
38.250468492507935,0
38.25050640106201,0
38.25060558319092,0
38.27045869827271,0
38.27047872543335,0
38.27053141593933,0
38.27098226547241,0
38.27112889289856,0
38.272302865982056,0
38.27530336380005,0
38.278536319732666,0
38.29005289077759,0
38.29011845588684,0
38.29013395309448,0
38.29225873947144,0
38.29711818695069,0
38.29715299606323,0
38.29722094535828,0
38.297266483306885,0
38.29876136779785,0
38.299094915390015,0
38.29932594299317,0
38.300241231918335,0
38.30031991004944,0
38.30412006378174,0
38.304280281066895,0
38.31145238876343,0
38.31149101257324,0
38.311511516571045,0
38.31735730171204,0
38.33027124404907,0
38.33031749725342,0
38.33032369613648,0
38.35047149658203,0
38.35048508644104,0
38.35053300857544,0
38.35315179824829,0
38.353171825408936,0
38.35696220397949,0
38.35790705680847,0
38.359522581100464,0
38.359740257263184,0
38.35988092422485,0
38.36000990867615,0
38.360268115997314,0
38.36215424537659,0
38.36347198486328,0
38.370245695114136,0
38.37028646469116,0
38.37030339241028,0
38.3795964717865,0
38.384310722351074,0
38.3846333026886,0
38.38524508476257,0
38.38527965545654,0
38.39044618606568,0
38.39049243927002,0
38.39051246643066,0
38.4032940864563,0
38.40358257293701,0
38.40391755104065,0
38.4096200466156,0
38.40964365005493,0
38.41095972061157,0
38.41101026535034,0
38.41103291511536,0
38.41636681556702,0
38.41641044616699,0
38.41967010498047,0
38.420268058776855,0
38.42055678367615,0
38.4219012260437,0
38.422561168670654,0
38.42329216003418,0
38.42361664772034,0
38.430858850479126,0
38.430912256240845,0
38.43094778060913,0
38.4386773109436,0
38.4500892162323,0
38.4501223564148,0
38.45012903213501,0
38.47011566162109,0
38.470158100128174,0
38.470176696777344,0
38.47801184654236,0
38.47832012176514,0
38.47834634780884,0
38.47845101356506,0
38.48251414299011,0
38.482556104660034,0
38.48267412185669,0
38.4833869934082,0
38.48562216758728,0
38.4867160320282,0
38.490397930145264,0
38.49057269096375,0
38.490705251693726,0
38.49515891075134,0
38.49579644203186,0
38.49604272842407,0
38.49684405326843,0
38.50066137313843,0
38.50086283683777,0
38.50092816352844,0
38.503597021102905,0
38.50384974479675,0
38.50599455833435,0
38.5060670375824,0
38.510616064071655,0
38.51072120666504,0
38.51074862480164,0
38.530548095703125,0
38.53061890602112,0
38.53069877624512,0
38.54008936882019,0
38.55094528198242,0
38.55099940299988,0
38.55102562904358,0
38.57074689865112,0
38.57079434394837,0
38.57081627845764,0
38.57593059539795,0
38.57623338699341,0
38.57914733886719,0
38.588284730911255,0
38.58832383155823,0
38.58837938308716,0
38.5885910987854,0
38.588627099990845,0
38.58867287635803,0
38.58871340751648,0
38.590152978897095,0
38.590168476104736,0
38.59018278121948,0
38.5927734375,0
38.5943500995636,0
38.5943808555603,0
38.5943968296051,0
38.59476828575134,0
38.59510517120361,0
38.59623122215271,0
38.59669733047485,0
38.5967025756836,0
38.59770393371582,0
38.59777116775513,0
38.61055755615234,0
38.61060690879822,0
38.61062979698181,0
38.62936639785767,0
38.63162684440613,0
38.63167405128479,0
38.63169717788696,0
38.63515305519104,0
38.636860847473145,0
38.65003752708435,0
38.65007781982422,0
38.65014982223511,0
38.65083909034729,0
38.6511287689209,0
38.65119528770447,0
38.65139889717102,0
38.65142297744751,0
38.65144038200378,0
38.65264701843262,0
38.66408371925354,0
38.6643283367157,0
38.6643373966217,0
38.66436314582825,0
38.6656665802002,0
38.66601037979126,0
38.6662232875824,0
38.66732716560364,0
38.67017221450806,0
38.67021012306213,0
38.67030572891235,0
38.680705070495605,0
38.6831750869751,0
38.68320107460022,0
38.68325710296631,0
38.683388233184814,0
38.68341112136841,0
38.68346452713013,0
38.69073963165283,0
38.69078350067139,0
38.69080281257629,0
38.70252227783203,0
38.70267248153687,0
38.705790281295776,0
38.70586967468262,0
38.7112295627594,0
38.71128487586975,0
38.71142673492432,0
38.72084164619446,0
38.73049831390381,0
38.73057818412781,0
38.73060584068298,0
38.751155376434326,0
38.75120496749878,0
38.75123453140259,0
38.7585985660553,0
38.758617877960205,0
38.76153302192688,0
38.76155614852905,0
38.76291632652283,0
38.76291751861572,0
38.762930154800415,0
38.76293587684631,0
38.76293706893921,0
38.76368713378906,0
38.76904034614563,0
38.770105600357056,0
38.77013802528381,0
38.77015566825867,0
38.79069685935974,0
38.790746212005615,0
38.79076957702637,0
38.79115056991577,0
38.81068921089173,0
38.81078815460205,0
38.81080961227417,0
38.82172775268555,0
38.825613498687744,0
38.82565546035767,0
38.82567858695984,0
38.82582354545593,0
38.82589340209961,0
38.82600998878479,0
38.83044767379761,0
38.830496311187744,0
38.83120322227478,0
38.84349608421326,0
38.843496561050415,0
38.84618878364563,0
38.8463454246521,0
38.84762239456177,0
38.85091853141785,0
38.85094285011292,0
38.850953817367554,0
38.87019634246826,0
38.87024188041687,0
38.87026023864746,0
38.88101530075073,0
38.88106179237366,0
38.881080627441406,0
38.88122892379761,0
38.88459515571594,0
38.884596824646,0
38.88462805747986,0
38.88464689254761,0
38.885085582733154,0
38.885363817214966,0
38.8932523727417,0
38.8932740688324,0
38.89328980445862,0
38.89564800262451,0
38.8956880569458,0
38.895737648010254,0
38.89577007293701,0
38.897292137146,0
38.89731097221375,0
38.89749813079834,0
38.90422034263611,0
38.904372215271,0
38.90602326393128,0
38.9060914516449,0
38.90752816200256,0
38.907893896102905,0
38.907931089401245,0
38.90795159339905,0
38.90905070304871,0
38.909350633621216,0
38.90938425064087,0
38.91004490852356,0
38.91009402275085,0
38.91011118888855,0
38.93050789833069,0
38.93052220344544,0
38.93058466911316,0
38.94062352180481,0
38.95054602622986,0
38.950599908828735,0
38.95062017440796,0
38.97022581100464,0
38.970277070999146,0
38.970383167266846,0
38.976008892059326,0
38.97603511810303,0
38.980085372924805,0
38.98096704483032,0
38.98297381401062,0
38.983614444732666,0
38.98415660858154,0
38.98422622680664,0
38.984288692474365,0
38.98539161682129,0
38.98630118370056,0
38.99016356468201,0
38.990203619003296,0
38.990243673324585,0
38.99814414978027,0
39.00414490699768,0
39.00418472290039,0
39.00440096855164,0
39.00466513633728,0
39.00933790206909,0
39.00940489768982,0
39.00971603393555,0
39.01092505455017,0
39.01096940040589,0
39.01102662086487,0
39.0147693157196,0
39.022369384765625,0
39.02299761772156,0
39.02346873283386,0
39.02347898483277,0
39.030691146850586,0
39.030728340148926,0
39.03074264526367,0
39.03979468345642,0
39.04997181892395,0
39.050048828125,0
39.05007410049439,0
39.05564498901367,0
39.05568981170654,0
39.055724143981934,0
39.05576157569885,0
39.0637800693512,0
39.06380653381348,0
39.06381797790527,0
39.06486892700195,0
39.06993651390076,0
39.069963216781616,0
39.06997466087341,0
39.07862997055054,0
39.07865810394287,0
39.07870292663574,0
39.07915782928467,0
39.08023166656494,0
39.08076739311218,0
39.080801486968994,0
39.09005618095398,0
39.09009552001953,0
39.09011268615723,0
39.109440326690674,0
39.10977935791016,0
39.1104691028595,0
39.11051177978516,0
39.110530614852905,0
39.112610816955566,0
39.11270451545715,0
39.11367630958557,0
39.11613416671753,0
39.11884355545044,0
39.13022303581238,0
39.13027381896973,0
39.13029599189758,0
39.14903616905213,0
39.14906930923462,0
39.15046048164368,0
39.15050911903381,0
39.15056896209717,0
39.15295577049256,0
39.15298581123352,0
39.1530065536499,0
39.15704417228699,0
39.15725255012512,0
39.15728449821472,0
39.15730905532837,0
39.16380023956299,0
39.16380596160889,0
39.16382193565369,0
39.16556334495544,0
39.17422604560852,0
39.17431879043579,0
39.17434811592102,0
39.1753318309784,0
39.17540693283081,0
39.175487995147705,0
39.17828345298767,0
39.19019150733948,0
39.190242528915405,0
39.19033479690552,0
39.20644116401672,0
39.20647072792053,0
39.20649290084839,0
39.206732749938965,0
39.21079635620117,0
39.21086311340332,0
39.21088862419128,0
39.21142911911011,0
39.21145415306091,0
39.211493253707886,0
39.21437454223633,0
39.21441316604614,0
39.21544790267944,0
39.21561241149902,0
39.218615770339966,0
39.23037815093994,0
39.23129081726074,0
39.23133492469788,0
39.243788719177246,0
39.24382710456848,0
39.24397540092468,0
39.24401021003723,0
39.24727416038513,0
39.24732995033264,0
39.247334003448486,0
39.251545906066895,0
39.25174903869629,0
39.25185298919678,0
39.26043462753296,0
39.26049160957336,0
39.27032470703125,0
39.27036046981812,0
39.27043795585632,0
39.285465478897095,0
39.29038453102112,0
39.29040551185608,0
39.2914764881134,0
39.29482340812683,0
39.29486107826233,0
39.29493427276611,0
39.29496026039124,0
39.298243045806885,0
39.29837489128113,0
39.2983980178833,0
39.30388903617859,0
39.30396795272827,0
39.30677032470703,0
39.30678462982178,0
39.30789518356323,0
39.31031084060669,0
39.31035208702088,0
39.31042170524597,0
39.3113100528717,0
39.331491470336914,0
39.3315155506134,0
39.331764221191406,0
39.33283066749573,0
39.352604150772095,0
39.35265612602234,0
39.352681159973145,0
39.3527307510376,0
39.35325884819031,0
39.35733890533447,0
39.3573842048645,0
39.357404470443726,0
39.35742521286011,0
39.35949182510376,0
39.35991787910461,0
39.36091041564941,0
39.37008738517761,0
39.370123863220215,0
39.37020564079285,0
39.38495397567749,0
39.38994216918945,0
39.389973163604736,0
39.38999009132385,0
39.40695524215698,0
39.40700078010559,0
39.40713262557984,0
39.40715861320496,0
39.41087794303894,0
39.410908699035645,0
39.410935163497925,0
39.41145300865173,0
39.41148400306702,0
39.41149711608887,0
39.41602444648743,0
39.41604447364807,0
39.4190821647644,0
39.41911816596985,0
39.43041825294495,0
39.43046259880066,0
39.430481910705566,0
39.43682312965393,0
39.437360525131226,0
39.43740177154541,0
39.43826627731323,0
39.439435720443726,0
39.44170689582825,0
39.442121267318726,0
39.44246912002564,0
39.45134663581848,0
39.45151996612549,0
39.4516806602478,0
39.456319093704224,0
39.45633602142334,0
39.456353425979614,0
39.45639252662659,0
39.4600396156311,0
39.460143089294434,0
39.46016454696655,0
39.46515941619873,0
39.467379331588745,0
39.468326807022095,0
39.47060251235962,0
39.470635414123535,0
39.4712176322937,0
39.49102187156677,0
39.491294384002686,0
39.49782609939575,0
39.499409198760986,0
39.49969840049744,0
39.50013303756714,0
39.5001699924469,0
39.50018668174744,0
39.50020384788513,0
39.50022149085999,0
39.50032091140747,0
39.50037121772766,0
39.501463413238525,0
39.501482009887695,0
39.51013541221619,0
39.510186195373535,0
39.51038217544556,0
39.515148878097534,0
39.53014016151428,0
39.530181646347046,0
39.530203342437744,0
39.54372215270996,0
39.54374861717224,0
39.550390005111694,0
39.5506694316864,0
39.550701379776,0
39.559454679489136,0
39.559940338134766,0
39.55997538566589,0
39.560003995895386,0
39.56530213356018,0
39.56532788276672,0
39.56535267829895,0
39.5714111328125,0
39.571455001831055,0
39.57147264480591,0
39.577295780181885,0
39.590495109558105,0
39.5905601978302,0
39.59075808525085,0
39.60498213768005,0
39.60503721237183,0
39.60506534576416,0
39.60538363456726,0
39.60560655593872,0
39.60567784309387,0
39.60574436187744,0
39.61074328422546,0
39.61080002784729,0
39.61082720756531,0
39.62347650527954,0
39.623539686203,0
39.628230810165405,0
39.62827348709106,0
39.63066577911377,0
39.63180541992188,0
39.631855487823486,0
39.6319465637207,0
39.64836311340332,0
39.649394273757935,0
39.64948773384094,0
39.6532199382782,0
39.65523982048035,0
39.655354738235474,0
39.65538144111633,0
39.65596652030945,0
39.65599274635315,0
39.65606498718262,0
39.66020011901856,0
39.66046357154846,0
39.66049122810364,0
39.66050386428833,0
39.66786241531372,0
39.66797375679016,0
39.6681969165802,0
39.67226958274841,0
39.672325134277344,0
39.67236065864563,0
39.67256546020508,0
39.678062915802,0
39.67817711830139,0
39.678197383880615,0
39.67826223373413,0
39.679803133010864,0
39.67982292175293,0
39.679890394210815,0
39.69070529937744,0
39.69079256057739,0
39.6908540725708,0
39.71009588241577,0
39.71033549308777,0
39.71052360534668,0
39.71817421913147,0
39.72013425827026,0
39.73086762428284,0
39.730971574783325,0
39.73099899291992,0
39.740442752838135,0
39.740556478500366,0
39.74216103553772,0
39.75067853927612,0
39.75074362754822,0
39.75082993507385,0
39.76466774940491,0
39.76472163200378,0
39.76644039154053,0
39.76653504371643,0
39.76655983924866,0
39.76669144630432,0
39.77163243293762,0
39.77182292938232,0
39.77197241783142,0
39.79042530059815,0
39.79047727584839,0
39.790499448776245,0
39.79453992843628,0
39.79455137252808,0
39.79499506950378,0
39.79720330238342,0
39.799644231796265,0
39.8022735118866,0
39.81060218811035,0
39.81064510345459,0
39.81067228317261,0
39.82002782821655,0
39.82181811332703,0
39.82343482971192,0
39.82413125038147,0
39.82414102554321,0
39.82419538497925,0
39.82421326637268,0
39.824222803115845,0
39.82542634010315,0
39.82738161087036,0
39.83064389228821,0
39.8306884765625,0
39.83070778846741,0
39.83147311210632,0
39.83244490623474,0
39.83381843566895,0
39.84065127372742,0
39.84076380729675,0
39.84087204933167,0
39.84097337722778,0
39.84466886520386,0
39.84468746185303,0
39.84474015235901,0
39.8502504825592,0
39.85042405128479,0
39.850850105285645,0
39.855318546295166,0
39.87098121643066,0
39.87101936340332,0
39.87297153472901,0
39.89011001586914,0
39.890151500701904,0
39.89022397994995,0
39.9102795124054,0
39.91031455993652,0
39.91041040420532,0
39.91519474983215,0
39.915303230285645,0
39.91535663604736,0
39.9154098033905,0
39.920087814331055,0
39.92011499404907,0
39.920140743255615,0
39.92214727401733,0
39.92220425605774,0
39.92412447929382,0
39.92416429519653,0
39.92551946640015,0
39.92569279670715,0
39.92570924758911,0
39.92580676078797,0
39.92732810974121,0
39.92785358428955,0
39.92798924446106,0
39.93042182922363,0
39.930458068847656,0
39.93050003051758,0
39.94921803474426,0
39.95126533508301,0
39.95129632949829,0
39.95138549804688,0
39.96999716758728,0
39.970035791397095,0
39.97016954421997,0
39.974337100982666,0
39.97464561462402,0
39.97720885276794,0
39.977245807647705,0
39.97729706764221,0
39.97734689712525,0
39.98239779472351,0
39.982436418533325,0
39.9825234413147,0
39.98395466804504,0
39.98931860923767,0
39.98948550224304,0
39.98950719833374,0
39.989524126052856,0
39.98998856544495,0
39.99006772041321,0
39.99014306068421,0
39.994863986968994,0
39.99502062797546,0
39.99515008926392,0
39.99653005599976,0
40.00234079360962,0
40.00236630439758,0
40.005101680755615,0
40.00515842437744,0
40.010130167007446,0
40.01017165184021,0
40.01018953323364,0
40.01729893684387,0
40.03100252151489,0
40.03109693527222,0
40.03116536140442,0
40.05150413513184,0
40.05153751373291,0
40.05154395103455,0
40.0592827796936,0
40.05939054489136,0
40.059414863586426,0
40.059467792510986,0
40.06527876853943,0
40.06547784805298,0
40.06551694869995,0
40.06553792953491,0
40.07066774368286,0
40.0707061290741,0
40.070720911026,0
40.07194757461548,0
40.07651877403259,0
40.08990240097046,0
40.090155601501465,0
40.09017252922058,0
40.10579013824463,0
40.10588002204895,0
40.1059627532959,0
40.10611724853516,0
40.10879373550415,0
40.10886836051941,0
40.10889101028442,0
40.110350131988525,0
40.11046004295349,0
40.110480546951294,0
40.11049675941467,0
40.11059379577637,0
40.11636281013489,0
40.116450548172,0
40.118186712265015,0
40.13025522232056,0
40.13025593757629,0
40.13032484054565,0
40.15068078041077,0
40.15073919296265,0
40.15084362030029,0
40.16051697731018,0
40.16161394119263,0
40.16846585273743,0
40.16846823692322,0
40.17039155960083,0
40.1704204082489,0
40.17050695419312,0
40.170536279678345,0
40.17064571380615,0
40.17067289352417,0
40.17139744758606,0
40.18195343017578,0
40.18198370933533,0
40.18221354484558,0
40.18639755249024,0
40.18674278259277,0
40.18676972389221,0
40.18679165840149,0
40.188321113586426,0
40.18870997428894,0
40.18905711174011,0
40.19071292877197,0
40.19074058532715,0
40.19083285331726,0
40.192402839660645,0
40.19863152503967,0
40.1986882686615,0
40.19871616363525,0
40.1987624168396,0
40.19889950752258,0
40.198944330215454,0
40.19898796081543,0
40.21038556098938,0
40.21045637130737,0
40.21047329902649,0
40.23028588294983,0
40.230334520339966,0
40.23033857345581,0
40.25167298316956,0
40.25167393684387,0
40.25175070762634,0
40.27161240577698,0
40.27203297615051,0
40.27207040786743,0
40.27324271202088,0
40.2732560634613,0
40.27705931663513,0
40.27710843086243,0
40.28031253814697,0
40.28056168556213,0
40.281561613082886,0
40.29033875465393,0
40.29034805297852,0
40.29038429260254,0
40.29654932022095,0
40.297006130218506,0
40.29750204086304,0
40.29849886894226,0
40.30343508720398,0
40.30345726013184,0
40.30408000946045,0
40.30412244796753,0
40.3086006641388,0
40.30871510505676,0
40.3101441860199,0
40.31017708778381,0
40.31030225753784,0
40.31080508232117,0
40.31085801124573,0
40.33124399185181,0
40.33130097389221,0
40.33132600784302,0
40.3425235748291,0
40.35028529167175,0
40.3503212928772,0
40.35033369064331,0
40.3684139251709,0
40.36844038963318,0
40.37032532691956,0
40.37036371231079,0
40.37038326263428,0
40.3704047203064,0
40.37042260169983,0
40.3704686164856,0
40.37329697608948,0
40.37464380264282,0
40.37477493286133,0
40.374788999557495,0
40.37650060653687,0
40.38632273674011,0
40.3864529132843,0
40.38699221611023,0
40.38701820373535,0
40.38790464401245,0
40.38792061805725,0
40.3883113861084,0
40.388978481292725,0
40.38902902603149,0
40.393033027648926,0
40.39306378364563,0
40.39308142662048,0
40.394933462142944,0
40.3949761390686,0
40.41081619262695,0
40.41088604927063,0
40.41091251373291,0
40.42539763450623,0
40.42559933662415,0
40.425616979599,0
40.42564129829407,0
40.42861580848694,0
40.42881870269776,0
40.42905831336975,0
40.4307713508606,0
40.430773973464966,0
40.430800437927246,0
40.43093466758728,0
40.44447135925293,0
40.44483733177185,0
40.445310831069946,0
40.44767427444458,0
40.44865798950195,0
40.44870233535767,0
40.448729276657104,0
40.45066046714783,0
40.45070338249207,0
40.45072507858277,0
40.47189497947693,0
40.47191715240479,0
40.47195863723755,0
40.486997842788696,0
40.490063190460205,0
40.49009370803833,0
40.49010753631592,0
40.50969433784485,0
40.50973176956177,0
40.5097930431366,0
40.51044487953186,0
40.511579751968384,0
40.511621952056885,0
40.51164245605469,0
40.51647663116455,0
40.51649856567383,0
40.51652097702026,0
40.51885509490967,0
40.51889991760254,0
40.521403074264526,0
40.5217604637146,0
40.52250671386719,0
40.52693772315979,0
40.52805352210999,0
40.53012609481812,0
40.53041934967041,0
40.53046798706055,0
40.55022215843201,0
40.550270318984985,0
40.55041146278381,0
40.56842112541199,0
40.56845045089722,0
40.575504541397095,0
40.57554364204407,0
40.57564640045166,0
40.57571625709534,0
40.57573819160461,0
40.57586932182312,0
40.57589173316956,0
40.57769131660461,0
40.57769417762756,0
40.57771515846253,0
40.57771682739258,0
40.59022879600525,0
40.59027171134949,0
40.5902955532074,0
40.60176682472229,0
40.601810693740845,0
40.60183262825012,0
40.60185503959656,0
40.61046886444092,0
40.61113691329956,0
40.61124849319458,0
40.613330364227295,0
40.61339235305786,0
40.613640785217285,0
40.613664865493774,0
40.61377310752869,0
40.61443209648132,0
40.61448788642883,0
40.61489582061768,0
40.61766314506531,0
40.6304817199707,0
40.63050389289856,0
40.6305296421051,0
40.63214707374573,0
40.63915061950684,0
40.6491425037384,0
40.64919447898865,0
40.64922285079956,0
40.64943981170654,0
40.64946532249451,0
40.649580001831055,0
40.653077363967896,0
40.653099060058594,0
40.6531708240509,0
40.653233766555786,0
40.6532564163208,0
40.65327835083008,0
40.65332460403442,0
40.65358805656433,0
40.65363478660584,0
40.65368580818176,0
40.664668798446655,0
40.67078471183777,0
40.67085647583008,0
40.67090320587158,0
40.68490386009216,0
40.68586778640747,0
40.686903953552246,0
40.68694806098938,0
40.6887629032135,0
40.68931031227112,0
40.69004416465759,0
40.69021534919739,0
40.6902437210083,0
40.6902973651886,0
40.70398378372192,0
40.70530724525452,0
40.70689392089844,0
40.70746326446533,0
40.70875358581543,0
40.70881652832031,0
40.71004867553711,0
40.71013164520264,0
40.71015286445618,0
40.71621203422546,0
40.73090052604675,0
40.73096036911011,0
40.73098349571228,0
40.74345207214356,0
40.743666648864746,0
40.75042271614075,0
40.75046944618225,0
40.75049042701721,0
40.76542353630066,0
40.76568818092346,0
40.76571321487427,0
40.76580762863159,0
40.7702431678772,0
40.77029347419739,0
40.7703161239624,0
40.770519971847534,0
40.770549058914185,0
40.77055215835571,0
40.77672576904297,0
40.788654804229736,0
40.78868126869202,0
40.79315042495728,0
40.79318332672119,0
40.79344654083252,0
40.79383707046509,0
40.79384422302246,0
40.793888568878174,0
40.8029899597168,0
40.80348992347717,0
40.80482816696167,0
40.80485606193543,0
40.80612087249756,0
40.80628848075867,0
40.80687737464905,0
40.807124614715576,0
40.80996251106262,0
40.8099901676178,0
40.81000208854675,0
40.818188428878784,0
40.83004570007324,0
40.830078125,0
40.830092430114746,0
40.83595871925354,0
40.84993529319763,0
40.84996962547302,0
40.84998321533203,0
40.86684322357178,0
40.86859440803528,0
40.86862540245056,0
40.86863923072815,0
40.86884069442749,0
40.86892867088318,0
40.868942975997925,0
40.87003564834595,0
40.87007141113281,0
40.87008571624756,0
40.87123680114746,0
40.871243953704834,0
40.87126183509827,0
40.87135314941406,0
40.87327408790589,0
40.8732898235321,0
40.87330365180969,0
40.88993954658508,0
40.88996934890747,0
40.89000153541565,0
40.8938524723053,0
40.89731526374817,0
40.89743232727051,0
40.89750003814697,0
40.89751601219177,0
40.8996148109436,0
40.89974808692932,0
40.8997654914856,0
40.90049719810486,0
40.900580406188965,0
40.90141940116882,0
40.90146279335022,0
40.90992093086243,0
40.90994048118591,0
40.91018319129944,0
40.91704058647156,0
40.929988622665405,0
40.93002772331238,0
40.93005013465881,0
40.9511022567749,0
40.95114135742188,0
40.951194047927856,0
40.96813130378723,0
40.96880459785461,0
40.96888566017151,0
40.968950510025024,0
40.96897315979004,0
40.96948289871216,0
40.9695188999176,0
40.969701290130615,0
40.96974349021912,0
40.97006154060364,0
40.970598459243774,0
40.97081279754639,0
40.97083020210266,0
40.970948934555054,0
40.98226094245911,0
40.99068570137024,0
40.99072265625,0
40.99073648452759,0
40.99228525161743,0
40.99229669570923,0
40.9923095703125,0
40.99240255355835,0
40.99539375305176,0
40.99543952941895,0
40.99547624588013,0
40.9994010925293,0
41.007386684417725,0
41.00738906860352,0
41.007404088974,0
41.007606983184814,0
41.01040267944336,0
41.01045489311218,0
41.01069617271423,0
41.0301148891449,0
41.03043365478516,0
41.03045797348023,0
41.04471397399902,0
41.05190682411194,0
41.05193519592285,0
41.05194616317749,0
41.06617093086243,0
41.066184759140015,0
41.0661985874176,0
41.06621026992798,0
41.06810688972473,0
41.06818890571594,0
41.068204402923584,0
41.06889843940735,0
41.0703387260437,0
41.07036066055298,0
41.07037401199341,0
41.07954406738281,0
41.0795693397522,0
41.07958245277405,0
41.07976460456848,0
41.08083581924439,0
41.0808379650116,0
41.08084988594055,0
41.08988857269287,0
41.089890003204346,0
41.08995461463928,0
41.10191321372986,0
41.101967096328735,0
41.10396218299866,0
41.10404133796692,0
41.10518527030945,0
41.10625171661377,0
41.10627937316895,0
41.106281042099,0
41.10996985435486,0
41.11002850532532,0
41.11005902290344,0
41.11886978149414,0
41.11915969848633,0
41.11919665336609,0
41.11987662315369,0
41.13012504577637,0
41.13016700744629,0
41.13018465042114,0
41.15110969543457,0
41.15112233161926,0
41.15136075019837,0
41.16352128982544,0
41.16812825202942,0
41.16871237754822,0
41.16873550415039,0
41.168752908706665,0
41.16883444786072,0
41.16899847984314,0
41.16905879974365,0
41.1710946559906,0
41.17112255096436,0
41.171199798583984,0
41.172783851623535,0
41.1728036403656,0
41.17284607887268,0
41.17286038398743,0
41.19013214111328,0
41.19016289710999,0
41.19017434120178,0
41.19418501853943,0
41.1942458152771,0
41.19426202774048,0
41.194573163986206,0
41.19459700584412,0
41.19464302062988,0
41.19465851783752,0
41.19577479362488,0
41.1958212852478,0
41.19801568984985,0
41.19803094863892,0
41.20997881889343,0
41.20997929573059,0
41.21003937721253,0
41.22171425819397,0
41.22173285484314,0
41.22994565963745,0
41.229968547821045,0
41.22997260093689,0
41.23475956916809,0
41.25004577636719,0
41.25007104873657,0
41.25008201599121,0
41.26819610595703,0
41.27028036117554,0
41.270302534103394,0
41.2707839012146,0
41.27103471755981,0
41.27291941642761,0
41.2732560634613,0
41.27327871322632,0
41.27329254150391,0
41.27334547042847,0
41.273369789123535,0
41.28994703292847,0
41.28998565673828,0
41.28999853134155,0
41.30620288848877,0
41.30623126029968,0
41.30624604225159,0
41.30636811256409,0
41.30781149864197,0
41.3078408241272,0
41.30785727500916,0
41.30919027328491,0
41.309261083602905,0
41.31002497673035,0
41.31007122993469,0
41.31009030342102,0
41.31221079826355,0
41.31338906288147,0
41.33000826835632,0
41.33008933067322,0
41.33010792732239,0
41.35021424293518,0
41.350257396698,0
41.35026288032532,0
41.35569834709168,0
41.3639612197876,0
41.36427688598633,0
41.36662578582764,0
41.36665916442871,0
41.3666775226593,0
41.36669731140137,0
41.37000775337219,0
41.37046575546265,0
41.37046933174133,0
41.37215852737427,0
41.37216019630432,0
41.37218928337097,0
41.37856125831604,0
41.37884378433228,0
41.378870487213135,0
41.378884077072144,0
41.38157558441162,0
41.38200569152832,0
41.38203287124634,0
41.38359570503235,0
41.39041709899902,0
41.39056038856506,0
41.39061498641968,0
41.40443158149719,0
41.40444946289063,0
41.40454006195069,0
41.4046733379364,0
41.40692472457886,0
41.40695142745972,0
41.40732550621033,0
41.40826797485352,0
41.40826988220215,0
41.41024827957153,0
41.41048979759216,0
41.41051602363586,0
41.412176847457886,0
41.41220235824585,0
41.43014192581177,0
41.43019771575928,0
41.430198431015015,0
41.4502227306366,0
41.45026206970215,0
41.450276374816895,0
41.45744323730469,0
41.47023248672485,0
41.470460176467896,0
41.47049522399902,0
41.48989796638489,0
41.48990178108215,0
41.48992991447449,0
41.49533176422119,0
41.49552297592163,0
41.49552392959595,0
41.49554371833801,0
41.4988067150116,0
41.49883055686951,0
41.49916648864746,0
41.4995059967041,0
41.4998197555542,0
41.503756046295166,0
41.51025819778442,0
41.510273456573486,0
41.51027774810791,0
41.5274543762207,0
41.52751016616821,0
41.527626514434814,0
41.527650356292725,0
41.52767276763916,0
41.52994990348816,0
41.52998232841492,0
41.52999877929688,0
41.544007301330566,0
41.54412198066712,0
41.54547071456909,0
41.54559755325317,0
41.5457501411438,0
41.54867482185364,0
41.55050253868103,0
41.55052876472473,0
41.550612449646,0
41.5703239440918,0
41.57036447525024,0
41.5704038143158,0
41.57068085670471,0
41.571271657943726,0
41.571377992630005,0
41.5734601020813,0
41.57599139213562,0
41.57695984840393,0
41.58420968055725,0
41.58422756195069,0
41.58428430557251,0
41.584336042404175,0
41.590171575546265,0
41.590200424194336,0
41.59021306037903,0
41.60397362709045,0
41.60398507118225,0
41.60405898094177,0
41.60569715499878,0
41.60571432113648,0
41.60728120803833,0
41.607568979263306,0
41.60886597633362,0
41.60905146598816,0
41.60906600952149,0
41.609070777893066,0
41.61024761199951,0
41.61027455329895,0
41.61028552055359,0
41.62036895751953,0
41.62039637565613,0
41.62061643600464,0
41.622421979904175,0
41.6300253868103,0
41.63005208969116,0
41.63006281852722,0
41.64188814163208,0
41.64219212532044,0
41.64404273033142,0
41.644092082977295,0
41.644540548324585,0
41.644707679748535,0
41.64550042152405,0
41.65009188652039,0
41.65012001991272,0
41.65015411376953,0
41.66987752914429,0
41.6699059009552,0
41.66991686820984,0
41.6868109703064,0
41.68981647491455,0
41.68984436988831,0
41.68992853164673,0
41.71203136444092,0
41.71205472946167,0
41.71208262443543,0
41.71277737617493,0
41.71298885345459,0
41.71302008628845,0
41.71329712867737,0
41.71625947952271,0
41.71657013893128,0
41.71744227409363,0
41.7174437046051,0
41.71754002571106,0
41.717644691467285,0
41.71798896789551,0
41.7301037311554,0
41.73018836975098,0
41.73018860816956,0
41.73919653892517,0
41.75023531913757,0
41.75029015541077,0
41.75031280517578,0
41.77072334289551,0
41.77076888084412,0
41.77120542526245,0
41.790939807891846,0
41.79095768928528,0
41.79097604751587,0
41.79596257209778,0
41.79616594314575,0
41.79696798324585,0
41.79738306999207,0
41.797410011291504,0
41.79747676849365,0
41.79993724822998,0
41.79994130134583,0
41.79994893074036,0
41.79995679855347,0
41.80400729179382,0
41.80401873588562,0
41.80855679512024,0
41.80859875679016,0
41.81004309654236,0
41.81006693840027,0
41.81007766723633,0
41.810795545578,0
41.81083488464356,0
41.81530427932739,0
41.82992506027222,0
41.82994914054871,0
41.82995939254761,0
41.84997749328613,0
41.85000562667847,0
41.85004687309265,0
41.86423182487488,0
41.86424422264099,0
41.864256143569946,0
41.86426830291748,0
41.86609482765198,0
41.866140842437744,0
41.86615610122681,0
41.86888909339905,0
41.868966579437256,0
41.86897945404053,0
41.86906671524048,0
41.86996722221375,0
41.869994163513184,0
41.8700053691864,0
41.883495569229126,0
41.8835244178772,0
41.88353753089905,0
41.88370370864868,0
41.887786865234375,0
41.88780236244202,0
41.887916564941406,0
41.88793325424194,0
41.88998937606812,0
41.890050411224365,0
41.89006471633911,0
41.90848255157471,0
41.90851521492005,0
41.90851879119873,0
41.9101288318634,0
41.91099667549133,0
41.91117811203003,0
41.91176676750183,0
41.91179704666138,0
41.91324734687805,0
41.91325855255127,0
41.91400241851807,0
41.91611814498901,0
41.92616128921509,0
41.93009829521179,0
41.93013048171997,0
41.93018126487732,0
41.9500937461853,0
41.95013594627381,0
41.95020174980164,0
41.96354341506958,0
41.9635660648346,0
41.9641170501709,0
41.96415162086487,0
41.964173793792725,0
41.96418213844299,0
41.96723675727844,0
41.96784496307373,0
41.96847486495972,0
41.96959948539734,0
41.97030472755432,0
41.9703414440155,0
41.97037220001221,0
41.97438430786133,0
41.97600245475769,0
41.99011492729187,0
41.99014496803284,0
41.99015641212464,0
41.99808382987976,0
41.99810719490051,0
41.99811339378357,0
41.9981210231781,0
42.00027918815613,0
42.00030708312988,0
42.00390887260437,0
42.00392031669617,0
42.00527238845825,0
42.00594305992127,0
42.0071907043457,0
42.00720286369324,0
42.00998878479004,0
42.010014295578,0
42.01002669334412,0
42.01743221282959,0
42.02991461753845,0
42.02994060516357,0
42.0299882888794,0
42.03987264633179,0
42.03988742828369,0
42.03989863395691,0
42.03991055488586,0
42.04184436798096,0
42.041908502578735,0
42.04233360290527,0
42.04999661445618,0
42.04999685287476,0
42.05005025863648,0
42.070507287979126,0
42.07052826881409,0
42.07053279876709,0
42.08784222602844,0
42.090744733810425,0
42.090782165527344,0
42.09080123901367,0
42.09379553794861,0
42.09382748603821,0
42.094353914260864,0
42.094385385513306,0
42.09491038322449,0
42.094923973083496,0
42.09493255615234,0
42.09598922729492,0
42.09619474411011,0
42.09620904922485,0
42.09623622894287,0
42.10535526275635,0
42.105629205703735,0
42.10566306114197,0
42.10837435722351,0
42.11043429374695,0
42.11047148704529,0
42.110512495040894,0
42.11053466796875,0
42.11084485054016,0
42.11090540885925,0
42.13269281387329,0
42.13276743888855,0
42.13283443450928,0
42.1357364654541,0
42.14436602592468,0
42.1443874835968,0
42.14440488815308,0
42.14594030380249,0
42.14843726158142,0
42.14851188659668,0
42.14914059638977,0
42.1491596698761,0
42.14961338043213,0
42.15077471733093,0
42.150808811187744,0
42.15085983276367,0
42.16752791404724,0
42.17298722267151,0
42.17302346229553,0
42.173126220703125,0
42.18994474411011,0
42.18997120857239,0
42.18998312950134,0
42.19407868385315,0
42.194087505340576,0
42.195937156677246,0
42.19594693183899,0
42.19596076011658,0
42.19601011276245,0
42.19860625267029,0
42.19864940643311,0
42.19929218292236,0
42.19980072975159,0
42.20381808280945,0
42.21051383018494,0
42.21054267883301,0
42.21055316925049,0
42.211355209350586,0
42.21138405799866,0
42.21245336532593,0
42.21248126029968,0
42.21327567100525,0
42.23046565055847,0
42.230491399765015,0
42.23050475120544,0
42.23469996452332,0
42.234710693359375,0
42.23474740982056,0
42.23476028442383,0
42.23970866203308,0
42.23975086212158,0
42.24017882347107,0
42.24070262908936,0
42.24258542060852,0
42.24346303939819,0
42.25013446807861,0
42.25014543533325,0
42.250157833099365,0
42.25017595291138,0
42.25051736831665,0
42.25054168701172,0
42.2506103515625,0
42.25136065483093,0
42.251373291015625,0
42.25256276130676,0
42.26993560791016,0
42.26997637748718,0
42.27041506767273,0
42.29009294509888,0
42.290857553482056,0
42.29129314422608,0
42.291319608688354,0
42.295557260513306,0
42.29576802253723,0
42.29578328132629,0
42.295795917510986,0
42.297075271606445,0
42.29713845252991,0
42.297154664993286,0
42.2981858253479,0
42.29820942878723,0
42.30113935470581,0
42.30130791664124,0
42.30247735977173,0
42.30264902114868,0
42.30265474319458,0
42.30266761779785,0
42.30370545387268,0
42.30380034446716,0
42.30393075942993,0
42.30978035926819,0
42.30980443954468,0
42.30996155738831,0
42.33016228675842,0
42.33019971847534,0
42.33025670051575,0
42.343653202056885,0
42.3488564491272,0
42.3490526676178,0
42.35070300102234,0
42.3508026599884,0
42.35092854499817,0
42.36836218833923,0
42.36836624145508,0
42.3683807849884,0
42.36838889122009,0
42.36843681335449,0
42.36854672431946,0
42.368584632873535,0
42.36874747276306,0
42.37200474739075,0
42.37203931808472,0
42.37205505371094,0
42.38344645500183,0
42.38375544548035,0
42.38378047943115,0
42.38382029533386,0
42.38620853424072,0
42.386311769485474,0
42.38631296157837,0
42.39003849029541,0
42.39006042480469,0
42.39007163047791,0
42.398043394088745,0
42.39854788780213,0
42.39941716194153,0
42.39944362640381,0
42.40986895561218,0
42.409897804260254,0
42.41026735305786,0
42.415757179260254,0
42.42994832992554,0
42.42997550964356,0
42.43001699447632,0
42.43957233428955,0
42.43960952758789,0
42.43961119651794,0
42.43962335586548,0
42.442262172698975,0
42.44227719306946,0
42.44232726097107,0
42.45039749145508,0
42.45042324066162,0
42.45043683052063,0
42.469894886016846,0
42.46991991996765,0
42.47028350830078,0
42.47750926017761,0
42.48987793922424,0
42.48996877670288,0
42.49006271362305,0
42.49658370018005,0
42.49676704406738,0
42.49678444862366,0
42.49680471420288,0
42.510098934173584,0
42.5101535320282,0
42.51017880439758,0
42.52432918548584,0
42.52441048622131,0
42.52443766593933,0
42.5289888381958,0
42.52902603149414,0
42.53045988082886,0
42.53046679496765,0
42.5304765701294,0
42.5319881439209,0
42.53200030326843,0
42.54455304145813,0
42.5507082939148,0
42.550724029541016,0
42.55078959465027,0
42.55083990097046,0
42.55089807510376,0
42.57214140892029,0
42.572192430496216,0
42.57254219055176,0
42.5761878490448,0
42.576518535614014,0
42.576576471328735,0
42.57663631439209,0
42.5800371170044,0
42.58007597923279,0
42.58141040802002,0
42.58377933502197,0
42.58412146568298,0
42.584148645401,0
42.58416199684143,0
42.58644986152649,0
42.58673596382141,0
42.58699774742127,0
42.58713126182556,0
42.590059757232666,0
42.59008693695069,0
42.59012269973755,0
42.59482932090759,0
42.5952513217926,0
42.59528255462647,0
42.59567356109619,0
42.59774827957153,0
42.59776067733765,0
42.59794569015503,0
42.602020025253296,0
42.60205364227295,0
42.60322499275208,0
42.603225231170654,0
42.6051983833313,0
42.60773539543152,0
42.61027979850769,0
42.61051225662232,0
42.611239433288574,0
42.623225688934326,0
42.62500190734863,0
42.63024568557739,0
42.63027620315552,0
42.63028812408447,0
42.65032172203064,0
42.650352239608765,0
42.65067005157471,0
42.65436387062073,0
42.65805649757385,0
42.65850830078125,0
42.65853118896485,0
42.65853500366211,0
42.65979218482971,0
42.65981078147888,0
42.66034460067749,0
42.66339802742005,0
42.66755270957947,0
42.67025375366211,0
42.670300006866455,0
42.67039942741394,0
42.69081497192383,0
42.69084692001343,0
42.69086050987244,0
42.710527420043945,0
42.71057915687561,0
42.71059846878052,0
42.71792221069336,0
42.73016953468323,0
42.73021006584168,0
42.730229139328,0
42.73967170715332,0
42.73975682258606,0
42.74206018447876,0
42.742350339889526,0
42.74238681793213,0
42.74240732192993,0
42.75016808509827,0
42.750216245651245,0
42.7502384185791,0
42.7684485912323,0
42.76854920387268,0
42.76857805252075,0
42.76870775222778,0
42.76873707771301,0
42.77352476119995,0
42.77356958389282,0
42.77363705635071,0
42.77960562705994,0
42.77968645095825,0
42.78089237213135,0
42.79065537452698,0
42.79068350791931,0
42.7906973361969,0
42.810237646102905,0
42.81028485298157,0
42.810307025909424,0
42.83073377609253,0
42.83077955245972,0
42.83080339431763,0
42.83735203742981,0
42.83740711212158,0
42.837432622909546,0
42.83745908737183,0
42.84388184547424,0
42.84625196456909,0
42.84629583358765,0
42.84798264503479,0
42.84802770614624,0
42.84836864471436,0
42.84858846664429,0
42.8492066860199,0
42.849422216415405,0
42.849425077438354,0
42.85008931159973,0
42.85110020637512,0
42.85119700431824,0
42.85160732269287,0
42.85164833068848,0
42.85242104530335,0
42.852596044540405,0
42.8550226688385,0
42.86067414283752,0
42.86096382141113,0
42.86099720001221,0
42.86103343963623,0
42.86577582359314,0
42.86581087112427,0
42.86693668365479,0
42.86780023574829,0
42.87022304534912,0
42.870697021484375,0
42.87071943283081,0
42.88285040855408,0
42.88348817825317,0
42.88352370262146,0
42.88356280326843,0
42.88527011871338,0
42.88548994064331,0
42.88561630249024,0
42.89019393920898,0
42.8902428150177,0
42.89025902748108,0
42.89718270301819,0
42.89718842506409,0
42.9111533164978,0
42.91125345230103,0
42.91161155700684,0
42.914578437805176,0
42.91460084915161,0
42.93045830726624,0
42.93051314353943,0
42.93051528930664,0
42.94430947303772,0
42.95045375823975,0
42.9505021572113,0
42.950681924819946,0
42.9509584903717,0
42.95174694061279,0
42.97065401077271,0
42.970712423324585,0
42.97290301322937,0
42.97722768783569,0
42.97728085517883,0
42.97750282287598,0
42.97760963439941,0
42.98446822166443,0
42.98449945449829,0
42.984580755233765,0
42.98534321784973,0
42.98571252822876,0
42.987165451049805,0
42.989951372146606,0
42.98998498916626,0
42.99000072479248,0
43.00214886665344,0
43.00221133232117,0
43.002273082733154,0
43.00233864784241,0
43.0050904750824,0
43.00512051582336,0
43.00519824028015,0
43.00600790977478,0
43.00874638557434,0
43.00909805297852,0
43.01086688041687,0
43.01089930534363,0
43.01099967956543,0
43.0147557258606,0
43.01479125022888,0
43.028087854385376,0
43.03077983856201,0
43.03084111213684,0
43.03137063980103,0
43.03486704826355,0
43.04386901855469,0
43.05056571960449,0
43.05060005187988,0
43.0511908531189,0
43.0703067779541,0
43.07039666175842,0
43.07047915458679,0
43.07691788673401,0
43.0771164894104,0
43.07720160484314,0
43.07738375663757,0
43.07738852500916,0
43.07740354537964,0
43.07767868041992,0
43.0777895450592,0
43.077900886535645,0
43.078248500823975,0
43.07838201522827,0
43.07856130599976,0
43.07871103286743,0
43.07873106002808,0
43.07889461517334,0
43.09029579162598,0
43.09033703804016,0
43.09208154678345,0
43.10395789146423,0
43.10403323173523,0
43.1040780544281,0
43.10412120819092,0
43.10420155525208,0
43.104238986968994,0
43.1043176651001,0
43.11009669303894,0
43.1101393699646,0
43.110270738601685,0
43.12414836883545,0
43.1241819858551,0
43.126986265182495,0
43.127103090286255,0
43.12890911102295,0
43.1310179233551,0
43.13171029090881,0
43.132012367248535,0
43.15077948570252,0
43.15081644058228,0
43.15084290504456,0
43.16082954406738,0
43.1613917350769,0
43.168877840042114,0
43.168975830078125,0
43.16900324821472,0
43.16910290718079,0
43.171812295913696,0
43.17196226119995,0
43.17202687263489,0
43.172051429748535,0
43.17212152481079,0
43.1721830368042,0
43.172242164611816,0
43.17226719856262,0
43.18917632102966,0
43.19373536109924,0
43.19383144378662,0
43.19393014907837,0
43.1974458694458,0
43.19748711585999,0
43.19753575325012,0
43.19761538505554,0
43.197630882263184,0
43.19767117500305,0
43.19770336151123,0
43.19773626327515,0
43.19776892662048,0
43.19779849052429,0
43.19783020019531,0
43.2099928855896,0
43.21003007888794,0
43.2101948261261,0
43.2257981300354,0
43.23062014579773,0
43.23064494132996,0
43.23072290420532,0
43.235755443573,0
43.23579168319702,0
43.23587441444397,0
43.23590016365051,0
43.23621273040772,0
43.236255407333374,0
43.236353397369385,0
43.2408766746521,0
43.24575805664063,0
43.25080370903015,0
43.25081133842468,0
43.25084948539734,0
43.27050805091858,0
43.27055764198303,0
43.27062177658081,0
43.278217792510986,0
43.29037952423096,0
43.29041004180908,0
43.29042315483093,0
43.31044101715088,0
43.310466051101685,0
43.31047034263611,0
43.312188148498535,0
43.312225103378296,0
43.31256461143494,0
43.31257772445679,0
43.31430149078369,0
43.31477761268616,0
43.31502151489258,0
43.316898584365845,0
43.3169219493866,0
43.31702160835266,0
43.317044734954834,0
43.31813669204712,0
43.3183913230896,0
43.31863451004028,0
43.32382822036743,0
43.324052572250366,0
43.32637000083923,0
43.32644033432007,0
43.327460289001465,0
43.33085918426514,0
43.33089852333069,0
43.33100080490112,0
43.34531855583191,0
43.345327377319336,0
43.34744000434876,0
43.34814643859863,0
43.34834861755371,0
43.34839367866516,0
43.3505175113678,0
43.35055947303772,0
43.350579023361206,0
43.37065672874451,0
43.3706955909729,0
43.3707127571106,0
43.37606692314148,0
43.37608766555786,0
43.3766655921936,0
43.378467082977295,0
43.38403296470642,0
43.38405466079712,0
43.384068965911865,0
43.38408303260803,0
43.387147188186646,0
43.38820910453797,0
43.39094519615173,0
43.39098596572876,0
43.39132833480835,0
43.40462398529053,0
43.40465712547302,0
43.40510702133179,0
43.405136823654175,0
43.40574812889099,0
43.40980505943298,0
43.40982913970947,0
43.410860538482666,0
43.41100454330444,0
43.41117143630981,0
43.41132354736328,0
43.411468505859375,0
43.41305947303772,0
43.41330552101135,0
43.41333031654358,0
43.41631579399109,0
43.43067979812622,0
43.43071985244751,0
43.43114495277405,0
43.44157576560974,0
43.441925048828125,0
43.44196224212647,0
43.44236516952515,0
43.44564461708069,0
43.44588303565979,0
43.44593262672424,0
43.45093822479248,0
43.4509801864624,0
43.45115947723389,0
43.45669150352478,0
43.47036910057068,0
43.47073698043823,0
43.47078394889832,0
43.48132395744324,0
43.48310041427612,0
43.48313236236572,0
43.48314094543457,0
43.484838008880615,0
43.484893798828125,0
43.48554229736328,0
43.49032807350159,0
43.49042654037476,0
43.49045729637146,0
43.49848961830139,0
43.498743534088135,0
43.50059628486633,0
43.50064158439636,0
43.5100564956665,0
43.51029396057129,0
43.51031374931336,0
43.51826739311218,0
43.51928162574768,0
43.51932334899902,0
43.519343852996826,0
43.52096199989319,0
43.52111506462097,0
43.52113890647888,0
43.53046703338623,0
43.530508518218994,0
43.53052806854248,0
43.540165185928345,0
43.55136561393738,0
43.55141544342041,0
43.5514976978302,0
43.56711030006409,0
43.56715965270996,0
43.5708863735199,0
43.57131910324097,0
43.57136511802673,0
43.57139158248901,0
43.57196187973023,0
43.572022676467896,0
43.5720489025116,0
43.577574014663696,0
43.57764911651611,0
43.57822751998901,0
43.58184313774109,0
43.590176582336426,0
43.59037232398987,0
43.59161758422852,0
43.5981833934784,0
43.59822702407837,0
43.59824633598328,0
43.59826636314392,0
43.60038614273071,0
43.60042643547058,0
43.601035594940186,0
43.60278654098511,0
43.60313868522644,0
43.60546064376831,0
43.60549783706665,0
43.60614824295044,0
43.61054801940918,0
43.61058735847473,0
43.61059212684631,0
43.61342906951904,0
43.61752772331238,0
43.6303493976593,0
43.63039898872376,0
43.630401372909546,0
43.650367736816406,0
43.65042638778687,0
43.65050005912781,0
43.65596866607666,0
43.65600514411926,0
43.65602731704712,0
43.65605092048645,0
43.656280755996704,0
43.65654182434082,0
43.65908837318421,0
43.663729429245,0
43.66375923156738,0
43.67057394981384,0
43.67061734199524,0
43.67063546180725,0
43.676992654800415,0
43.67702603340149,0
43.67709183692932,0
43.67720866203308,0
43.68507719039917,0
43.685105323791504,0
43.6852707862854,0
43.69032764434815,0
43.69039177894592,0
43.69064521789551,0
43.69185662269592,0
43.69191336631775,0
43.69769334793091,0
43.69770979881287,0
43.69886922836304,0
43.71024966239929,0
43.71026039123535,0
43.710284948349,0
43.72684335708618,0
43.727702140808105,0
43.72772741317749,0
43.72773599624634,0
43.730541706085205,0
43.73063111305237,0
43.730634689331055,0
43.73064827919006,0
43.73069405555725,0
43.73070764541626,0
43.73226618766785,0
43.73229169845581,0
43.73229670524597,0
43.73230195045471,0
43.73666596412659,0
43.73668527603149,0
43.73682641983032,0
43.75004839897156,0
43.75007629394531,0
43.75008630752564,0
43.77149248123169,0
43.77149295806885,0
43.77152991294861,0
43.78374195098877,0
43.78761267662048,0
43.78763437271118,0
43.79000115394592,0
43.79002618789673,0
43.79003667831421,0
43.80521082878113,0
43.80523443222046,0
43.80528450012207,0
43.8053023815155,0
43.80688953399658,0
43.80695009231568,0
43.80748510360718,0
43.80981683731079,0
43.80989527702332,0
43.80990982055664,0
43.83156943321228,0
43.83172369003296,0
43.831743478775024,0
43.8317813873291,0
43.83185529708862,0
43.83254957199097,0
43.83262348175049,0
43.85010147094727,0
43.85013794898987,0
43.85015940666199,0
43.85170817375183,0
43.86049628257752,0
43.86059236526489,0
43.86061453819275,0
43.86068511009216,0
43.86200475692749,0
43.86218547821045,0
43.86227011680603,0
43.863027811050415,0
43.86571931838989,0
43.8712465763092,0
43.87126779556274,0
43.87228155136109,0
43.88479161262512,0
43.89062857627869,0
43.89066076278687,0
43.89071679115296,0
43.90998077392578,0
43.910019636154175,0
43.91003894805908,0
43.9162163734436,0
43.91624736785889,0
43.91626501083374,0
43.91628789901733,0
43.92105960845947,0
43.92108345031738,0
43.921164751052856,0
43.9226541519165,0
43.9229052066803,0
43.92440128326416,0
43.92453074455261,0
43.92541432380676,0
43.930309772491455,0
43.93034386634827,0
43.930360078811646,0
43.93205547332764,0
43.93214535713196,0
43.93259024620056,0
43.93262195587158,0
43.937045097351074,0
43.93753242492676,0
43.9376232624054,0
43.94624280929565,0
43.94882488250733,0
43.95203232765198,0
43.95203399658203,0
43.95224714279175,0
43.959874868392944,0
43.97053909301758,0
43.97054219245911,0
43.9705970287323,0
43.99005556106568,0
43.99009418487549,0
43.99011278152466,0
44.00018286705017,0
44.0004780292511,0
44.00177311897278,0
44.00179696083069,0
44.001813888549805,0
44.00187277793884,0
44.00475692749024,0
44.00478219985962,0
44.00491285324097,0
44.00602197647095,0
44.006232023239136,0
44.00625133514404,0
44.00626182556152,0
44.01046347618103,0
44.01050519943237,0
44.01055288314819,0
44.01416444778442,0
44.01465153694153,0
44.014657497406006,0
44.014697551727295,0
44.01574897766113,0
44.01578569412232,0
44.0169792175293,0
44.01712727546692,0
44.0197958946228,0
44.030128717422485,0
44.030181884765625,0
44.030205965042114,0
44.04760837554932,0
44.0476610660553,0
44.0477466583252,0
44.0477786064148,0
44.05173134803772,0
44.0517315864563,0
44.05179238319397,0
44.05318593978882,0
44.05322074890137,0
44.0533549785614,0
44.05449342727661,0
44.07034707069397,0
44.07035112380981,0
44.07041716575623,0
44.083706855773926,0
44.08375930786133,0
44.08377695083618,0
44.08379459381104,0
44.08602142333984,0
44.08604216575623,0
44.08754849433899,0
44.08901977539063,0
44.089025020599365,0
44.0905351638794,0
44.09056973457336,0
44.090627908706665,0
44.097485303878784,0
44.09748935699463,0
44.10062623023987,0
44.1100115776062,0
44.11004567146301,0
44.1100480556488,0
44.11979603767395,0
44.11981511116028,0
44.11983227729797,0
44.11988162994385,0
44.13444924354553,0
44.13456177711487,0
44.13459277153015,0
44.15023398399353,0
44.150285482406616,0
44.150407791137695,0
44.15696144104004,0
44.15699243545532,0
44.157065868377686,0
44.17084527015686,0
44.1708927154541,0
44.17160511016846,0
44.188615560531616,0
44.19038009643555,0
44.19042110443115,0
44.19088697433472,0
44.19539141654968,0
44.19541001319885,0
44.19542598724365,0
44.19805932044983,0
44.19812417030335,0
44.19859528541565,0
44.19963455200195,0
44.19965147972107,0
44.20116114616394,0
44.201197147369385,0
44.20317339897156,0
44.2032368183136,0
44.21025609970093,0
44.21030282974243,0
44.21070909500122,0
44.23110628128052,0
44.23116850852966,0
44.23169469833374,0
44.23464560508728,0
44.244994163513184,0
44.24506378173828,0
44.24508786201477,0
44.245216369628906,0
44.247719049453735,0
44.24776768684387,0
44.24780011177063,0
44.24940967559815,0
44.24993968009949,0
44.25025606155396,0
44.25029444694519,0
44.25031399726868,0
44.25212788581848,0
44.25216865539551,0
44.25357556343079,0
44.25361466407776,0
44.25363826751709,0
44.25664281845093,0
44.26209712028504,0
44.26502513885498,0
44.26999092102051,0
44.27002692222595,0
44.270042181015015,0
44.2815375328064,0
44.28281712532044,0
44.28286099433899,0
44.28335356712341,0
44.2835545539856,0
44.28373718261719,0
44.286410093307495,0
44.2903037071228,0
44.290374994277954,0
44.29072260856629,0
44.30182957649231,0
44.30197525024414,0
44.30395197868347,0
44.3040087223053,0
44.30983638763428,0
44.30986523628235,0
44.30990552902222,0
44.323911905288696,0
44.32789325714111,0
44.32797288894653,0
44.33043599128723,0
44.33046841621399,0
44.33050489425659,0
44.33065938949585,0
44.33067727088928,0
44.33067870140076,0
44.33071732521057,0
44.350364685058594,0
44.35040712356568,0
44.35042572021485,0
44.35717415809631,0
44.35720205307007,0
44.35728049278259,0
44.35898923873901,0
44.36117935180664,0
44.36215138435364,0
44.36857390403748,0
44.37054133415222,0
44.37057900428772,0
44.37059783935547,0
44.37201809883118,0
44.37252974510193,0
44.37283492088318,0
44.37285900115967,0
44.37290644645691,0
44.37292766571045,0
44.38442873954773,0
44.38445997238159,0
44.3870062828064,0
44.387009382247925,0
44.38856053352356,0
44.39061045646668,0
44.39063239097595,0
44.39115715026856,0
44.404592514038086,0
44.40649175643921,0
44.40866136550903,0
44.40907406806946,0
44.40926146507263,0
44.40943932533264,0
44.40946173667908,0
44.412566900253296,0
44.41288161277771,0
44.41315770149231,0
44.4308705329895,0
44.43098831176758,0
44.43113136291504,0
44.450308322906494,0
44.4503436088562,0
44.45036768913269,0
44.47108602523804,0
44.471110105514526,0
44.47112846374512,0
44.47240805625916,0
44.47269034385681,0
44.47288465499878,0
44.47290897369385,0
44.47292900085449,0
44.48346924781799,0
44.48351836204529,0
44.48356533050537,0
44.483713150024414,0
44.48377227783203,0
44.48378658294678,0
44.48380613327026,0
44.4863715171814,0
44.48661804199219,0
44.48678517341614,0
44.487520933151245,0
44.49046540260315,0
44.4904932975769,0
44.49053621292114,0
44.50536513328552,0
44.50538468360901,0
44.50540328025818,0
44.50577902793884,0
44.50795555114746,0
44.508097410202026,0
44.50853943824768,0
44.50944137573242,0
44.50947713851929,0
44.51020622253418,0
44.51023960113525,0
44.51029682159424,0
44.51780724525452,0
44.517929792404175,0
44.519980907440186,0
44.53038811683655,0
44.530457496643066,0
44.5305769443512,0
44.550230264663696,0
44.55026149749756,0
44.55028748512268,0
44.55037593841553,0
44.55148386955261,0
44.55318665504456,0
44.553372859954834,0
44.55375051498413,0
44.55378437042236,0
44.55623960494995,0
44.55633807182312,0
44.55667066574097,0
44.57250928878784,0
44.57301497459412,0
44.573054790496826,0
44.58215355873108,0
44.59099221229553,0
44.59103012084961,0
44.59243202209473,0
44.603435754776,0
44.60346007347107,0
44.6034734249115,0
44.60350465774536,0
44.60906195640564,0
44.60910940170288,0
44.60917210578919,0
44.60927844047546,0
44.609293699264526,0
44.61006426811218,0
44.610090255737305,0
44.6101016998291,0
44.62785220146179,0
44.62789583206177,0
44.63007068634033,0
44.6300950050354,0
44.63010621070862,0
44.63011908531189,0
44.63185453414917,0
44.63268804550171,0
44.64023470878601,0
44.64024996757507,0
44.64028596878052,0
44.64070534706116,0
44.6415069103241,0
44.64151906967163,0
44.64204812049866,0
44.65030264854431,0
44.650338888168335,0
44.650355100631714,0
44.6699059009552,0
44.669933557510376,0
44.66994619369507,0
44.67428255081177,0
44.67936658859253,0
44.6892397403717,0
44.69041585922241,0
44.69041895866394,0
44.69043564796448,0
44.693103313446045,0
44.69818663597107,0
44.69824481010437,0
44.6983425617218,0
44.70299696922302,0
44.7030234336853,0
44.70305919647217,0
44.70447111129761,0
44.7044997215271,0
44.70560479164124,0
44.705657958984375,0
44.70981955528259,0
44.7098445892334,0
44.709864139556885,0
44.723206996917725,0
44.723477602005005,0
44.7235050201416,0
44.72351598739624,0
44.72496914863586,0
44.72524380683899,0
44.72527623176575,0
44.72568488121033,0
44.73004341125488,0
44.73012113571167,0
44.730172872543335,0
44.75041913986206,0
44.7504665851593,0
44.75048828125,0
44.7517876625061,0
44.7518196105957,0
44.75183796882629,0
44.75197076797485,0
44.75295639038086,0
44.753029346466064,0
44.75319743156433,0
44.75753355026245,0
44.75865340232849,0
44.76844120025635,0
44.77018070220947,0
44.770267963409424,0
44.77032518386841,0
44.79010939598084,0
44.79010963439941,0
44.79017448425293,0
44.79632902145386,0
44.796342849731445,0
44.79635977745056,0
44.79637551307678,0
44.796433210372925,0
44.79644989967346,0
44.79651761054993,0
44.79653596878052,0
44.796600580215454,0
44.81031823158264,0
44.81035876274109,0
44.8103723526001,0
44.82557940483093,0
44.826336145401,0
44.827162981033325,0
44.82724666595459,0
44.82875990867615,0
44.83028531074524,0
44.83031368255615,0
44.84848690032959,0
44.84850263595581,0
44.84851503372192,0
44.85018968582153,0
44.85032653808594,0
44.85036659240723,0
44.85082292556763,0
44.85114860534668,0
44.85116481781006,0
44.851248025894165,0
44.86576509475708,0
44.87002277374268,0
44.87002515792847,0
44.870049476623535,0
44.8900043964386,0
44.8904173374176,0
44.89044499397278,0
44.89096903800965,0
44.89099478721619,0
44.8910083770752,0
44.89102101325989,0
44.89361929893494,0
44.89362955093384,0
44.89400935173035,0
44.89451193809509,0
44.89453768730164,0
44.89590930938721,0
44.89591193199158,0
44.90492582321167,0
44.90709543228149,0
44.90829944610596,0
44.9102885723114,0
44.91032361984253,0
44.910375356674194,0
44.91728520393372,0
44.91747570037842,0
44.91759395599365,0
44.91763353347778,0
44.92997670173645,0
44.930007219314575,0
44.9315869808197,0
44.94670033454895,0
44.94792342185974,0
44.94804191589356,0
44.949955463409424,0
44.95028829574585,0
44.95032739639282,0
44.95047783851624,0
44.95176982879639,0
44.951804637908936,0
44.95191383361816,0
44.953609466552734,0
44.9549446105957,0
44.95496511459351,0
44.97109651565552,0
44.97114562988281,0
44.971505641937256,0
44.971670627594,0
44.97953081130981,0
44.979572057724,0
44.98294448852539,0
44.98296236991882,0
44.98296999931336,0
44.98297739028931,0
44.98299241065979,0
44.983088970184326,0
44.983110427856445,0
44.98542642593384,0
44.98955535888672,0
44.98967719078064,0
44.99002408981323,0
44.99030470848084,0
44.99032402038574,0
44.994725942611694,0
44.99519467353821,0
45.010570764541626,0
45.01058745384216,0
45.01091027259827,0
45.01486611366272,0
45.03003931045532,0
45.030099391937256,0
45.03043365478516,0
45.04772710800171,0
45.04775071144104,0
45.04782152175903,0
45.04782962799072,0
45.04866671562195,0
45.04871129989624,0
45.04966473579407,0
45.05019640922546,0
45.050213098526,0
45.05040240287781,0
45.05109333992005,0
45.051780462265015,0
45.06603240966797,0
45.07013010978699,0
45.07017707824707,0
45.07254076004028,0
45.0796263217926,0
45.07967734336853,0
45.08035326004028,0
45.08037734031677,0
45.08244180679321,0
45.082468032836914,0
45.08320355415344,0
45.09015989303589,0
45.09018850326538,0
45.0901997089386,0
45.10356307029724,0
45.10359001159668,0
45.10502290725708,0
45.10507225990296,0
45.105900287628174,0
45.109925508499146,0
45.10999298095703,0
45.110010623931885,0
45.12106084823608,0
45.121089220047,0
45.121208906173706,0
45.12224507331848,0
45.12289476394653,0
45.12290906906128,0
45.123549938201904,0
45.13023090362549,0
45.13026142120361,0
45.13030028343201,0
45.13773107528687,0
45.15024328231812,0
45.15025663375855,0
45.1502788066864,0
45.17020893096924,0
45.17025828361511,0
45.17100429534912,0
45.18179750442505,0
45.18256855010986,0
45.191654920578,0
45.19306325912476,0
45.19307589530945,0
45.193450927734375,0
45.19345831871033,0
45.193466901779175,0
45.193573236465454,0
45.210110902786255,0
45.21014332771301,0
45.21021103858948,0
45.23017001152039,0
45.23021483421326,0
45.23039078712464,0
45.23613405227661,0
45.23619222640991,0
45.2362220287323,0
45.24041295051575,0
45.24073147773743,0
45.241657972335815,0
45.24171042442322,0
45.24464917182922,0
45.24501919746399,0
45.24505639076233,0
45.24745726585388,0
45.24751448631287,0
45.25028324127197,0
45.25030422210693,0
45.25032639503479,0
45.25110077857971,0
45.251142501831055,0
45.25311470031738,0
45.265130043029785,0
45.26515769958496,0
45.26517701148987,0
45.26520228385925,0
45.27028679847717,0
45.27036285400391,0
45.27037978172302,0
45.27283334732056,0
45.27326464653015,0
45.27328777313232,0
45.28060984611511,0
45.28066611289978,0
45.28068709373474,0
45.28073453903198,0
45.28605127334595,0
45.28606867790222,0
45.29154086112976,0
45.29155993461609,0
45.29168772697449,0
45.29175853729248,0
45.29180455207825,0
45.29455757141113,0
45.29567885398865,0
45.29570865631104,0
45.30203342437744,0
45.30207109451294,0
45.30987453460693,0
45.309911012649536,0
45.309988498687744,0
45.33045125007629,0
45.3304967880249,0
45.3308539390564,0
45.34904956817627,0
45.3510365486145,0
45.35114765167236,0
45.35124111175537,0
45.36447191238403,0
45.36449480056763,0
45.36451506614685,0
45.36609244346619,0
45.36612057685852,0
45.36620879173279,0
45.3708438873291,0
45.370887756347656,0
45.3709077835083,0
45.37304449081421,0
45.37308955192566,0
45.37317132949829,0
45.37362885475159,0
45.39032006263733,0
45.39032530784607,0
45.39034223556519,0
45.39402365684509,0
45.39413857460022,0
45.39419674873352,0
45.39426040649414,0
45.401715993881226,0
45.401808738708496,0
45.40237760543823,0
45.4026734828949,0
45.40367364883423,0
45.40674805641174,0
45.40693545341492,0
45.40695548057556,0
45.4069709777832,0
45.40836691856384,0
45.40838932991028,0
45.40869760513306,0
45.40992093086243,0
45.41002440452576,0
45.410032987594604,0
45.42154669761658,0
45.421581745147705,0
45.42168736457825,0
45.42171287536621,0
45.42447257041931,0
45.42481780052185,0
45.42506980895996,0
45.42556643486023,0
45.43046450614929,0
45.43051528930664,0
45.43053984642029,0
45.44391059875488,0
45.44423413276672,0
45.4443097114563,0
45.44439077377319,0
45.44880819320679,0
45.44890713691712,0
45.44893527030945,0
45.45043301582336,0
45.45047211647034,0
45.45056676864624,0
45.459349393844604,0
45.47024273872376,0
45.47031712532044,0
45.470337867736816,0
45.48957228660584,0
45.48972773551941,0
45.4897530078888,0
45.489903926849365,0
45.49256777763367,0
45.49331998825073,0
45.49381375312805,0
45.49600434303284,0
45.49617624282837,0
45.49669861793518,0
45.50505137443543,0
45.50507211685181,0
45.50802445411682,0
45.508278369903564,0
45.508806467056274,0
45.5101215839386,0
45.51012897491455,0
45.510491132736206,0
45.513399600982666,0
45.52408647537232,0
45.53028750419617,0
45.53031826019287,0
45.53037881851196,0
45.548064947128296,0
45.54816150665283,0
45.55154824256897,0
45.55161666870117,0
45.5516402721405,0
45.55184626579285,0
45.551857233047485,0
45.55186986923218,0
45.551881313323975,0
45.55529594421387,0
45.5553150177002,0
45.55628991127014,0
45.57007932662964,0
45.570120096206665,0
45.57014083862305,0
45.58661770820618,0
45.59057545661926,0
45.59061574935913,0
45.59066581726074,0
45.6062798500061,0
45.60665464401245,0
45.61181044578552,0
45.611830711364746,0
45.61189270019531,0
45.61243438720703,0
45.61245918273926,0
45.61309742927551,0
45.61312294006348,0
45.61319303512573,0
45.61444401741028,0
45.61448192596436,0
45.630291223526,0
45.630335330963135,0
45.6303551197052,0
45.6308536529541,0
45.63354277610779,0
45.63356184959412,0
45.634453773498535,0
45.6372127532959,0
45.64273977279663,0
45.6427628993988,0
45.64284110069275,0
45.6439950466156,0
45.64619207382202,0
45.646251916885376,0
45.64654278755188,0
45.649930000305176,0
45.64996218681336,0
45.64997339248657,0
45.670321464538574,0
45.67037010192871,0
45.67043495178223,0
45.674160957336426,0
45.67464518547058,0
45.674670457839966,0
45.6746883392334,0
45.67599987983704,0
45.67653918266296,0
45.6769106388092,0
45.67739295959473,0
45.69010639190674,0
45.6901433467865,0
45.69015884399414,0
45.691155195236206,0
45.69157886505127,0
45.6918215751648,0
45.69184923171997,0
45.69200015068054,0
45.69204807281494,0
45.69232034683228,0
45.700724840164185,0
45.70078539848328,0
45.70242166519165,0
45.702619314193726,0
45.71025824546814,0
45.71035790443421,0
45.71052193641663,0
45.73030614852905,0
45.730414152145386,0
45.73051404953003,0
45.74445080757141,0
45.75087475776672,0
45.75092101097107,0
45.7511625289917,0
45.752142906188965,0
45.752185583114624,0
45.760889768600464,0
45.763507604599,0
45.76351404190064,0
45.76356220245361,0
45.76528072357178,0
45.76531457901001,0
45.76542234420776,0
45.76936435699463,0
45.77049517631531,0
45.77053713798523,0
45.770556926727295,0
45.78222894668579,0
45.79064321517944,0
45.79067945480347,0
45.79072046279907,0
45.79815340042114,0
45.80483388900757,0
45.80485725402832,0
45.80489993095398,0
45.80577635765076,0
45.80728101730347,0
45.80774784088135,0
45.80776762962341,0
45.80993056297302,0
45.8099308013916,0
45.80995750427246,0
45.81196856498718,0
45.81211400032044,0
45.82060933113098,0
45.820621728897095,0
45.82294178009033,0
45.83005928993225,0
45.830092668533325,0
45.8301100730896,0
45.84192609786987,0
45.84195065498352,0
45.84200549125672,0
45.8422417640686,0
45.8442816734314,0
45.84430313110352,0
45.84437680244446,0
45.85023498535156,0
45.85026526451111,0
45.85027599334717,0
45.864859104156494,0
45.86512136459351,0
45.86513113975525,0
45.86514210700989,0
45.866865396499634,0
45.86722350120544,0
45.86738157272339,0
45.867923974990845,0
45.86979150772095,0
45.869812965393066,0
45.86985540390015,0
45.8876314163208,0
45.88794827461243,0
45.8880033493042,0
45.888152837753296,0
45.88939428329468,0
45.88979935646057,0
45.88982605934143,0
45.890636682510376,0
45.890663146972656,0
45.8906934261322,0
45.89082098007202,0
45.8908281326294,0
45.89420962333679,0
45.89427709579468,0
45.89651918411255,0
45.89826679229736,0
45.9099280834198,0
45.91001582145691,0
45.91003465652466,0
45.92996549606323,0
45.92999815940857,0
45.93001246452332,0
45.9501702785492,0
45.950217485427856,0
45.95023846626282,0
45.95657563209534,0
45.96238660812378,0
45.9624252319336,0
45.96423006057739,0
45.964534521102905,0
45.96457409858704,0
45.96464467048645,0
45.96769094467163,0
45.96774220466614,0
45.96779012680054,0
45.96780920028687,0
45.97025728225708,0
45.97025775909424,0
45.97029900550842,0
45.97564148902893,0
45.97585320472717,0
45.99033570289612,0
45.99060773849487,0
45.99072241783142,0
45.99595260620117,0
45.99597430229187,0
45.99620199203491,0
45.99624752998352,0
45.99815154075623,0
45.99820399284363,0
45.99899172782898,0
45.99982261657715,0
46.00073027610779,0
46.00076580047608,0
46.00230312347412,0
46.00231623649597,0
46.01029324531555,0
46.01045751571655,0
46.010687828063965,0
46.01667785644531,0
46.03003120422363,0
46.03005933761597,0
46.03018593788147,0
46.03670620918274,0
46.03691720962525,0
46.037024974823,0
46.03704762458801,0
46.05001020431519,0
46.050037145614624,0
46.05030345916748,0
46.06580090522766,0
46.06607913970947,0
46.06610298156738,0
46.06938076019287,0
46.0764594078064,0
46.07651281356812,0
46.07655215263367,0
46.07667899131775,0
46.076709508895874,0
46.076743364334106,0
46.076775550842285,0
46.081539154052734,0
46.08175611495972,0
46.08175802230835,0
46.081778049468994,0
46.08260607719421,0
46.08271479606629,0
46.08278203010559,0
46.08358550071716,0
46.08361029624939,0
46.09013509750366,0
46.09018611907959,0
46.09022665023804,0
46.09799766540527,0
46.09801602363586,0
46.09871983528137,0
46.10998892784119,0
46.11002278327942,0
46.11003756523132,0
46.12554407119751,0
46.1261932849884,0
46.12644767761231,0
46.12648177146912,0
46.1307258605957,0
46.13097381591797,0
46.13101029396057,0
46.13197159767151,0
46.13224101066589,0
46.13227939605713,0
46.15073466300965,0
46.15078616142273,0
46.150811195373535,0
46.16144633293152,0
46.170504331588745,0
46.17054605484009,0
46.17080307006836,0
46.19130754470825,0
46.19132566452026,0
46.192468881607056,0
46.19247603416443,0
46.192517042160034,0
46.196595668792725,0
46.19696235656738,0
46.19699549674988,0
46.19828987121582,0
46.19955539703369,0
46.200024127960205,0
46.20023441314697,0
46.20045232772827,0
46.2006413936615,0
46.2033429145813,0
46.20360207557678,0
46.206520557403564,0
46.20675182342529,0
46.20852756500244,0
46.2102906703949,0
46.21031951904297,0
46.21100044250488,0
46.23060321807861,0
46.23063087463379,0
46.23064160346985,0
46.23147368431091,0
46.23270654678345,0
46.2327184677124,0
46.23272967338562,0
46.23351907730103,0
46.233545780181885,0
46.233559370040894,0
46.23394656181336,0
46.23501515388489,0
46.24248671531677,0
46.24434399604797,0
46.25017309188843,0
46.25019764900208,0
46.25022506713867,0
46.2610776424408,0
46.26715397834778,0
46.26718592643738,0
46.26725101470947,0
46.26726794242859,0
46.27031707763672,0
46.27053332328797,0
46.27055597305298,0
46.29002809524536,0
46.29004049301148,0
46.290050745010376,0
46.29164147377014,0
46.29550361633301,0
46.29595375061035,0
46.29678773880005,0
46.29681158065796,0
46.29708433151245,0
46.29723691940308,0
46.29757356643677,0
46.30413222312927,0
46.30416202545166,0
46.304176807403564,0
46.304213523864746,0
46.30493688583374,0
46.305275201797485,0
46.30549025535584,0
46.31021666526794,0
46.31027698516846,0
46.31029152870178,0
46.329941749572754,0
46.33000469207764,0
46.330018281936646,0
46.35004448890686,0
46.35008597373962,0
46.3501045703888,0
46.3622043132782,0
46.36252427101135,0
46.36256170272827,0
46.362842321395874,0
46.36458659172058,0
46.36489915847778,0
46.36503195762634,0
46.36576795578003,0
46.37089395523071,0
46.37094259262085,0
46.370970487594604,0
46.39769864082336,0
46.39773893356323,0
46.39780282974243,0
46.39883637428284,0
46.39934015274048,0
46.40560555458069,0
46.405625343322754,0
46.40634727478027,0
46.406869888305664,0
46.40690779685974,0
46.40741205215454,0
46.40743160247803,0
46.40851807594299,0
46.4090735912323,0
46.40909147262573,0
46.411359548568726,0
46.41137099266052,0
46.41146469116211,0
46.41169095039368,0
46.411707162857056,0
46.4164776802063,0
46.43041276931763,0
46.4304404258728,0
46.43045330047608,0
46.438114404678345,0
46.4381251335144,0
46.43813705444336,0
46.43814945220947,0
46.44035196304321,0
46.44036865234375,0
46.44038081169128,0
46.44992733001709,0
46.44995164871216,0
46.44996237754822,0
46.456764221191406,0
46.47045922279358,0
46.47048473358154,0
46.47052621841431,0
46.48202466964722,0
46.48205423355103,0
46.48208475112915,0
46.48211812973023,0
46.482182264328,0
46.48221278190613,0
46.48224210739136,0
46.49002313613892,0
46.49017786979675,0
46.490232944488525,0
46.495749950408936,0
46.49578022956848,0
46.51005434989929,0
46.51008582115173,0
46.51009559631348,0
46.517860412597656,0
46.517882108688354,0
46.51880407333374,0
46.53006029129028,0
46.53010535240173,0
46.53021693229675,0
46.546637535095215,0
46.546753883361816,0
46.548054456710815,0
46.54807114601135,0
46.54813814163208,0
46.548280239105225,0
46.55044460296631,0
46.55044913291931,0
46.55045700073242,0
46.56725811958313,0
46.567660093307495,0
46.5676965713501,0
46.5703239440918,0
46.57035207748413,0
46.5711715221405,0
46.5714008808136,0
46.5719473361969,0
46.57203340530396,0
46.57215929031372,0
46.5732958316803,0
46.57348942756653,0
46.57351994514465,0
46.57472276687622,0
46.59031343460083,0
46.5903480052948,0
46.59041213989258,0
46.59761643409729,0
46.59764838218689,0
46.5993218421936,0
46.59934043884277,0
46.59938454627991,0
46.59944772720337,0
46.59945940971375,0
46.59947109222412,0
46.5995557308197,0
46.59979510307312,0
46.59982347488403,0
46.609959840774536,0
46.609986782073975,0
46.60999846458435,0
46.61461782455444,0
46.63004159927368,0
46.63006806373596,0
46.63009691238403,0
46.641244888305664,0
46.64155244827271,0
46.64177966117859,0
46.64191055297852,0
46.64279747009277,0
46.64281177520752,0
46.64297580718994,0
46.65008878707886,0
46.650115728378296,0
46.650221824646,0
46.67011308670044,0
46.67014503479004,0
46.67018389701843,0
46.67413234710693,0
46.67730283737183,0
46.67867827415466,0
46.682194232940674,0
46.68240642547608,0
46.68242835998535,0
46.68244028091431,0
46.685208559036255,0
46.68523073196411,0
46.68556308746338,0
46.6866512298584,0
46.687015771865845,0
46.69127106666565,0
46.691285848617554,0
46.69132924079895,0
46.70130157470703,0
46.70133829116821,0
46.703741788864136,0
46.705270528793335,0
46.70983028411865,0
46.709856271743774,0
46.70989298820496,0
46.72412467002869,0
46.73055791854858,0
46.73059153556824,0
46.73064064979553,0
46.74868607521057,0
46.74888205528259,0
46.750622272491455,0
46.75066137313843,0
46.75068092346192,0
46.75069975852966,0
46.75070118904114,0
46.75074028968811,0
46.750802993774414,0
46.755091190338135,0
46.75511193275452,0
46.75512504577637,0
46.76079893112183,0
46.77010178565979,0
46.7701404094696,0
46.77080416679382,0
46.79164934158325,0
46.79167580604553,0
46.791720390319824,0
46.802451848983765,0
46.80251812934876,0
46.80253601074219,0
46.80261421203613,0
46.803202867507935,0
46.80321645736694,0
46.80325651168823,0
46.80327558517456,0
46.80329060554504,0
46.80438375473023,0
46.80473589897156,0
46.810566425323486,0
46.81060433387756,0
46.81061768531799,0
46.811012744903564,0
46.811012983322144,0
46.8218936920166,0
46.82190299034119,0
46.82191324234009,0
46.82191586494446,0
46.82334733009338,0
46.823591470718384,0
46.823610067367554,0
46.82590126991272,0
46.82982850074768,0
46.8298544883728,0
46.82986664772034,0
46.840429067611694,0
46.84044575691223,0
46.843878984451294,0
46.84391570091248,0
46.84411692619324,0
46.84413695335388,0
46.84460520744324,0
46.85066199302673,0
46.85069489479065,0
46.85069966316223,0
46.87023973464966,0
46.8702449798584,0
46.8703191280365,0
46.890545129776,0
46.8909604549408,0
46.8916597366333,0
46.89967179298401,0
46.91044569015503,0
46.910484790802,0
46.91054010391235,0
46.92470288276672,0
46.92548966407776,0
46.92551898956299,0
46.925538301467896,0
46.92736005783081,0
46.92738199234009,0
46.92740678787232,0
46.930235385894775,0
46.930458545684814,0
46.93049383163452,0
46.950222969055176,0
46.95027112960816,0
46.950371742248535,0
46.96913957595825,0
46.96923875808716,0
46.9707612991333,0
46.97079753875733,0
46.97119688987732,0
46.973393201828,0
46.973427295684814,0
46.97484636306763,0
46.98108148574829,0
46.98119497299194,0
46.99059367179871,0
46.99064898490906,0
46.990649461746216,0
46.99955034255981,0
47.00020933151245,0
47.00415873527527,0
47.00418519973755,0
47.01049780845642,0
47.0105094909668,0
47.010679483413696,0
47.01069736480713,0
47.01121187210083,0
47.01516628265381,0
47.01652240753174,0
47.01857328414917,0
47.02544164657593,0
47.0254693031311,0
47.02650094032288,0
47.02652645111084,0
47.028754234313965,0
47.02998781204224,0
47.03001022338867,0
47.03004837036133,0
47.03091073036194,0
47.03177332878113,0
47.041282415390015,0
47.04130935668945,0
47.04176449775696,0
47.041863441467285,0
47.04290723800659,0
47.04329991340637,0
47.04387140274048,0
47.05019307136536,0
47.05022382736206,0
47.05029940605164,0
47.05980134010315,0
47.0600163936615,0
47.06003141403198,0
47.06169676780701,0
47.0705156326294,0
47.070539236068726,0
47.07055330276489,0
47.08034014701843,0
47.08035206794739,0
47.08036756515503,0
47.08121132850647,0
47.0898072719574,0
47.08983540534973,0
47.0898916721344,0
47.1053364276886,0
47.10536432266235,0
47.10536742210388,0
47.1053786277771,0
47.10557508468628,0
47.10558795928955,0
47.10756850242615,0
47.108121156692505,0
47.108155488967896,0
47.110111951828,0
47.11013984680176,0
47.11015200614929,0
47.1175103187561,0
47.11755704879761,0
47.11847186088562,0
47.12994575500488,0
47.12997961044312,0
47.12999415397644,0
47.15065860748291,0
47.15070056915283,0
47.15070152282715,0
47.159584283828735,0
47.15960717201233,0
47.16111135482788,0
47.16113638877869,0
47.16131138801575,0
47.16136240959168,0
47.16608595848084,0
47.166112184524536,0
47.1661331653595,0
47.16758823394776,0
47.17011189460754,0
47.17014718055725,0
47.17016577720642,0
47.17042279243469,0
47.17713451385498,0
47.18667316436768,0
47.18690633773804,0
47.187140226364136,0
47.187140703201294,0
47.19024729728699,0
47.19025373458862,0
47.19029092788696,0
47.20199465751648,0
47.20201802253723,0
47.2020845413208,0
47.20369029045105,0
47.20393443107605,0
47.20795726776123,0
47.20802569389343,0
47.21053218841553,0
47.2105667591095,0
47.21058678627014,0
47.216702699661255,0
47.23011803627014,0
47.23015642166138,0
47.23017263412476,0
47.24203157424927,0
47.24207329750061,0
47.242136001586914,0
47.242204904556274,0
47.24438786506653,0
47.24443101882935,0
47.245625019073486,0
47.245739698410034,0
47.24721622467041,0
47.25022912025452,0
47.25027108192444,0
47.25027561187744,0
47.25749158859253,0
47.27265739440918,0
47.272671699523926,0
47.27272439002991,0
47.27958846092224,0
47.279815673828125,0
47.27984142303467,0
47.27986097335816,0
47.2820999622345,0
47.2823212146759,0
47.28246831893921,0
47.29025745391846,0
47.29030108451843,0
47.29036712646485,0
47.31009840965271,0
47.31013941764832,0
47.31025505065918,0
47.31101632118225,0
47.31108379364014,0
47.31311345100403,0
47.31332302093506,0
47.32388257980347,0
47.324225425720215,0
47.32448482513428,0
47.32449984550476,0
47.32632994651794,0
47.32684564590454,0
47.32727575302124,0
47.328683376312256,0
47.330615758895874,0
47.330655336380005,0
47.33148455619812,0
47.35111618041992,0
47.35224509239197,0
47.35229182243347,0
47.35458469390869,0
47.35462522506714,0
47.35733509063721,0
47.357354402542114,0
47.35737371444702,0
47.3573944568634,0
47.36438226699829,0
47.36456799507141,0
47.364683389663696,0
47.370134592056274,0
47.37017250061035,0
47.37023615837097,0
47.37751388549805,0
47.39038348197937,0
47.39043164253235,0
47.39051032066345,0
47.40451169013977,0
47.404653549194336,0
47.40467596054077,0
47.40469574928284,0
47.40797448158264,0
47.40831255912781,0
47.4096269607544,0
47.41004586219788,0
47.41007971763611,0
47.41010355949402,0
47.41018486022949,0
47.41020679473877,0
47.42794966697693,0
47.42805242538452,0
47.42953181266785,0
47.43031239509583,0
47.43056511878967,0
47.430588483810425,0
47.43231248855591,0
47.43329429626465,0
47.44405126571655,0
47.44409012794495,0
47.44422245025635,0
47.444247245788574,0
47.44939231872559,0
47.44948410987854,0
47.44999623298645,0
47.45010304450989,0
47.45026779174805,0
47.45040416717529,0
47.45556116104126,0
47.47001338005066,0
47.47005534172058,0
47.47038841247559,0
47.49110174179077,0
47.49142217636109,0
47.49144625663757,0
47.4916672706604,0
47.49439740180969,0
47.49443984031677,0
47.4945273399353,0
47.49658679962158,0
47.49659848213196,0
47.49660992622376,0
47.49662184715271,0
47.49707388877869,0
47.49945569038391,0
47.49952363967896,0
47.510295152664185,0
47.51034045219421,0
47.516637086868286,0
47.52997446060181,0
47.53001952171326,0
47.53015947341919,0
47.54926300048828,0
47.54935264587402,0
47.55101132392883,0
47.55127477645874,0
47.55135703086853,0
47.55420398712158,0
47.555408239364624,0
47.5554313659668,0
47.555927991867065,0
47.56020927429199,0
47.561484813690186,0
47.56211256980896,0
47.56254172325134,0
47.56259083747864,0
47.56265044212341,0
47.56267213821411,0
47.567981004714966,0
47.56798553466797,0
47.5680091381073,0
47.57012391090393,0
47.57017779350281,0
47.57024812698364,0
47.585718393325806,0
47.59126687049866,0
47.59130334854126,0
47.591439962387085,0
47.59372019767761,0
47.59780144691467,0
47.59783601760864,0
47.59790992736816,0
47.606853723526,0
47.60686016082764,0
47.60761380195618,0
47.61080455780029,0
47.61088585853577,0
47.61090898513794,0
47.610971450805664,0
47.611140727996826,0
47.61114764213562,0
47.61122941970825,0
47.62295389175415,0
47.63147807121277,0
47.63148379325867,0
47.6315484046936,0
47.6498589515686,0
47.64988732337952,0
47.64991641044617,0
47.65306162834168,0
47.65315294265747,0
47.653167724609375,0
47.65321469306946,0
47.65550804138184,0
47.6555335521698,0
47.65585041046143,0
47.65719604492188,0
47.65866732597351,0
47.66936922073364,0
47.66994118690491,0
47.670053482055664,0
47.67005848884583,0
47.67766547203064,0
47.677687644958496,0
47.67772197723389,0
47.677735567092896,0
47.679956674575806,0
47.67996525764465,0
47.68049764633179,0
47.69017672538757,0
47.69020175933838,0
47.690258264541626,0
47.697908878326416,0
47.69791197776794,0
47.701035261154175,0
47.70108795166016,0
47.71014952659607,0
47.71018075942993,0
47.71023106575012,0
47.73011779785156,0
47.73015666007996,0
47.73023247718811,0
47.750235080718994,0
47.75030303001404,0
47.75130295753479,0
47.75604796409607,0
47.7624089717865,0
47.76243591308594,0
47.76397752761841,0
47.76399445533752,0
47.76401162147522,0
47.76402902603149,0
47.76822471618652,0
47.76830697059631,0
47.76837110519409,0
47.76970052719116,0
47.77012038230896,0
47.77016878128052,0
47.77018642425537,0
47.77643656730652,0
47.77735090255737,0
47.79082751274109,0
47.79088616371155,0
47.79274106025696,0
47.799959897995,0
47.799973011016846,0
47.79998540878296,0
47.80000185966492,0
47.80237078666687,0
47.80238890647888,0
47.80247902870178,0
47.80439209938049,0
47.80442094802856,0
47.80675721168518,0
47.80677032470703,0
47.809938192367554,0
47.809950828552246,0
47.80996513366699,0
47.81085109710693,0
47.810877561569214,0
47.8108868598938,0
47.812432289123535,0
47.81263613700867,0
47.812636375427246,0
47.830042600631714,0
47.830071210861206,0
47.830082654953,0
47.84478425979614,0
47.851306438446045,0
47.85132455825806,0
47.85133624076843,0
47.85134792327881,0
47.85154342651367,0
47.85155534744263,0
47.85156679153442,0
47.85310363769531,0
47.85311460494995,0
47.853413343429565,0
47.85805535316467,0
47.8600332736969,0
47.86099123954773,0
47.87006807327271,0
47.87006831169128,0
47.87010765075684,0
47.88985753059387,0
47.88985776901245,0
47.88989233970642,0
47.91014742851257,0
47.91015958786011,0
47.91125798225403,0
47.91137313842773,0
47.91138505935669,0
47.91164684295654,0
47.91168189048767,0
47.91168403625488,0
47.9117157459259,0
47.9141697883606,0
47.92332911491394,0
47.923425912857056,0
47.92510437965393,0
47.92511320114136,0
47.92579364776611,0
47.92991042137146,0
47.92994236946106,0
47.92995619773865,0
47.95031595230103,0
47.95038199424744,0
47.95040702819824,0
47.959837913513184,0
47.95992970466614,0
47.9658842086792,0
47.96591138839722,0
47.96598172187805,0
47.96603870391846,0
47.96619176864624,0
47.96624708175659,0
47.96636176109314,0
47.97025752067566,0
47.970298290252686,0
47.970316886901855,0
47.97580647468567,0
47.97943282127381,0
47.98063349723816,0
47.98204398155213,0
47.982370138168335,0
47.99041032791138,0
47.990448236465454,0
47.99050450325012,0
47.99534249305725,0
47.99559998512268,0
47.99591517448425,0
48.00789332389832,0
48.00839519500733,0
48.00885319709778,0
48.00941038131714,0
48.00943422317505,0
48.00990271568298,0
48.00991201400757,0
48.00991415977478,0
48.010990858078,0
48.01100516319275,0
48.01657438278198,0
48.03222823143005,0
48.03222846984863,0
48.03225564956665,0
48.04435038566589,0
48.04470610618591,0
48.04472661018372,0
48.044758319854736,0
48.04832196235657,0
48.04837560653687,0
48.048391342163086,0
48.04989194869995,0
48.05068302154541,0
48.05070447921753,0
48.05071425437927,0
48.05075693130493,0
48.0507709980011,0
48.05082988739014,0
48.05171775817871,0
48.0519859790802,0
48.05200242996216,0
48.0699405670166,0
48.06995797157288,0
48.07025146484375,0
48.07444024085999,0
48.07831048965454,0
48.07831573486328,0
48.07832217216492,0
48.07833385467529,0
48.08128547668457,0
48.08132767677307,0
48.08136010169983,0
48.08138155937195,0
48.08401393890381,0
48.0898015499115,0
48.08985781669617,0
48.089871883392334,0
48.102980613708496,0
48.10300731658936,0
48.10756492614746,0
48.10772252082825,0
48.10775065422058,0
48.10984992980957,0
48.10989189147949,0
48.10990905761719,0
48.12996435165405,0
48.12996530532837,0
48.12999963760376,0
48.14675807952881,0
48.146798610687256,0
48.14800262451172,0
48.148279428482056,0
48.148698806762695,0
48.14872670173645,0
48.150341272354126,0
48.150375843048096,0
48.15044784545898,0
48.15137028694153,0
48.15180516242981,0
48.1518623828888,0
48.15956139564514,0
48.17060375213623,0
48.17064309120178,0
48.170729875564575,0
48.19032382965088,0
48.19037652015686,0
48.19039916992188,0
48.2002546787262,0
48.2006618976593,0
48.20110273361206,0
48.20110297203064,0
48.20522665977478,0
48.205833196640015,0
48.206640005111694,0
48.20721173286438,0
48.21011710166931,0
48.21014904975891,0
48.21019148826599,0
48.22416424751282,0
48.22618770599365,0
48.22710418701172,0
48.227163314819336,0
48.22770309448242,0
48.22989249229431,0
48.22991681098938,0
48.22996807098389,0
48.23687362670898,0
48.23711657524109,0
48.238006830215454,0
48.23814129829407,0
48.25019145011902,0
48.2502179145813,0
48.250232458114624,0
48.25611090660095,0
48.2561252117157,0
48.25644493103027,0
48.270023584365845,0
48.27004885673523,0
48.27006030082703,0
48.283591747283936,0
48.28771662712097,0
48.28800129890442,0
48.2880163192749,0
48.28802585601807,0
48.290056467056274,0
48.29006624221802,0
48.29006695747376,0
48.3106415271759,0
48.3106701374054,0
48.31068253517151,0
48.31148600578308,0
48.311869621276855,0
48.312129974365234,0
48.31215023994446,0
48.31313228607178,0
48.31323170661926,0
48.31331825256348,0
48.314011335372925,0
48.314011573791504,0
48.31501007080078,0
48.31502079963684,0
48.315643548965454,0
48.322755098342896,0
48.32277870178223,0
48.322816133499146,0
48.323959827423096,0
48.32412314414978,0
48.32415986061096,0
48.324195861816406,0
48.3298077583313,0
48.329832553863525,0
48.329909563064575,0
48.34561920166016,0
48.34826731681824,0
48.3499391078949,0
48.34997224807739,0
48.35004544258118,0
48.35585689544678,0
48.370516300201416,0
48.37056255340576,0
48.370627641677856,0
48.39068412780762,0
48.390732526779175,0
48.390753507614136,0
48.39209699630737,0
48.39212083816528,0
48.39406847953797,0
48.394097089767456,0
48.39452910423279,0
48.394758224487305,0
48.39684462547302,0
48.39686441421509,0
48.39707493782044,0
48.41084027290344,0
48.410860538482666,0
48.41108298301697,0
48.41114974021912,0
48.41636276245117,0
48.41645407676697,0
48.41649508476257,0
48.41933083534241,0
48.430089712142944,0
48.43011736869812,0
48.430129051208496,0
48.45006346702576,0
48.45009112358093,0
48.45011782646179,0
48.45454406738281,0
48.454720973968506,0
48.45474123954773,0
48.454752922058105,0
48.45661568641663,0
48.45679259300232,0
48.45726585388184,0
48.45782208442688,0
48.45878458023071,0
48.459765911102295,0
48.46683263778687,0
48.4702537059784,0
48.47028088569641,0
48.47039818763733,0
48.47039842605591,0
48.47074341773987,0
48.47076630592346,0
48.4708411693573,0
48.47085642814636,0
48.47146129608154,0
48.49013543128967,0
48.49016237258911,0
48.490211963653564,0
48.49794745445252,0
48.497963190078735,0
48.49956250190735,0
48.49961638450623,0
48.51065397262573,0
48.51068210601807,0
48.51072025299072,0
48.52085494995117,0
48.52584385871887,0
48.5277886390686,0
48.53049087524414,0
48.530521869659424,0
48.53056955337525,0
48.55079436302185,0
48.550827741622925,0
48.550947189331055,0
48.55704665184021,0
48.55706381797791,0
48.557082176208496,0
48.55845093727112,0
48.5619580745697,0
48.56210279464722,0
48.56212639808655,0
48.56466770172119,0
48.56487059593201,0
48.56487154960632,0
48.5650053024292,0
48.56655192375183,0
48.56681609153748,0
48.5668408870697,0
48.56783938407898,0
48.57017254829407,0
48.57020568847656,0
48.57021927833557,0
48.57514500617981,0
48.575523138046265,0
48.57555389404297,0
48.576029777526855,0
48.581045627594,0
48.58106565475464,0
48.58130073547363,0
48.59552264213562,0
48.59557294845581,0
48.595648527145386,0
48.61057686805725,0
48.6108238697052,0
48.61100721359253,0
48.61121773719788,0
48.61139631271362,0
48.613693952560425,0
48.61468482017517,0
48.61501383781433,0
48.62847852706909,0
48.62859225273132,0
48.62869238853455,0
48.62878370285034,0
48.63071346282959,0
48.63131952285767,0
48.63135290145874,0
48.63177418708801,0
48.63187503814697,0
48.63199257850647,0
48.63434147834778,0
48.64986562728882,0
48.649922370910645,0
48.64994502067566,0
48.66596245765686,0
48.66598677635193,0
48.66608142852783,0
48.66721940040589,0
48.669402837753296,0
48.66941499710083,0
48.66942739486694,0
48.67002272605896,0
48.67032909393311,0
48.67035222053528,0
48.67109036445618,0
48.67196679115296,0
48.69025635719299,0
48.690284967422485,0
48.69031858444214,0
48.70572876930237,0
48.70579266548157,0
48.707268476486206,0
48.7075982093811,0
48.71139764785767,0
48.71143341064453,0
48.71151661872864,0
48.71235752105713,0
48.72999358177185,0
48.7300283908844,0
48.730042934417725,0
48.73199439048767,0
48.7320237159729,0
48.7320282459259,0
48.73203873634338,0
48.73517966270447,0
48.73528337478638,0
48.73531556129456,0
48.7364068031311,0
48.73823142051697,0
48.74632263183594,0
48.74885272979736,0
48.75025486946106,0
48.75038886070252,0
48.750433921813965,0
48.75590229034424,0
48.77042889595032,0
48.77046847343445,0
48.77055907249451,0
48.78969764709473,0
48.78971648216248,0
48.79161787033081,0
48.79164433479309,0
48.79172468185425,0
48.79182004928589,0
48.79262661933899,0
48.79275584220886,0
48.79399585723877,0
48.79410552978516,0
48.79418969154358,0
48.7945408821106,0
48.79817008972168,0
48.79842829704285,0
48.79846000671387,0
48.79850363731384,0
48.80829167366028,0
48.80874180793762,0
48.80876326560974,0
48.81014704704285,0
48.81016516685486,0
48.810221672058105,0
48.81023955345154,0
48.81037497520447,0
48.815513134002686,0
48.8155312538147,0
48.816978931427,0
48.828813552856445,0
48.82882523536682,0
48.82884120941162,0
48.8288688659668,0
48.83011794090271,0
48.83013105392456,0
48.83014273643494,0
48.83015275001526,0
48.83052921295166,0
48.83054709434509,0
48.84077548980713,0
48.85084867477417,0
48.8508768081665,0
48.85089039802551,0
48.85585165023804,0
48.855873346328735,0
48.85588550567627,0
48.85589694976807,0
48.87002205848694,0
48.8700487613678,0
48.87072610855103,0
48.87451982498169,0
48.8745322227478,0
48.87465643882752,0
48.89012265205383,0
48.89014983177185,0
48.89016270637512,0
48.90535569190979,0
48.90537452697754,0
48.9072208404541,0
48.90768766403198,0
48.90820527076721,0
48.91038227081299,0
48.9104163646698,0
48.91043281555176,0
48.920764207839966,0
48.92180371284485,0
48.92181658744812,0
48.921831130981445,0
48.92244625091553,0
48.92266178131104,0
48.92299151420593,0
48.92995238304138,0
48.92998385429382,0
48.92999815940857,0
48.950910329818726,0
48.95099663734436,0
48.951016426086426,0
48.965614795684814,0
48.97006154060364,0
48.97010374069214,0
48.984522581100464,0
48.98454356193543,0
48.98688983917236,0
48.98690938949585,0
48.98692917823792,0
48.986948013305664,0
48.99090814590454,0
48.990927934646606,0
48.99101066589356,0
49.01003408432007,0
49.010101318359375,0
49.0101170539856,0
49.01141309738159,0
49.011441230773926,0
49.01152753829956,0
49.012189626693726,0
49.01284718513489,0
49.013041973114014,0
49.01356101036072,0
49.01360750198364,0
49.02991557121277,0
49.029947996139526,0
49.02995944023132,0
49.03187394142151,0
49.03513479232788,0
49.03565096855164,0
49.035675048828125,0
49.03568959236145,0
49.03926348686218,0
49.03926610946655,0
49.03999137878418,0
49.04055905342102,0
49.04059290885925,0
49.040687084198,0
49.04126572608948,0
49.04199457168579,0
49.04221820831299,0
49.04235816001892,0
49.05021357536316,0
49.05023908615112,0
49.05025005340576,0
49.06534957885742,0
49.07021689414978,0
49.07024002075195,0
49.070536375045776,0
49.07172203063965,0
49.07177329063416,0
49.072009325027466,0
49.07206749916077,0
49.07376027107239,0
49.074015378952026,0
49.07408690452576,0
49.08086895942688,0
49.08266305923462,0
49.09017419815064,0
49.09020233154297,0
49.090496301651,0
49.10382437705994,0
49.10385084152222,0
49.10566139221192,0
49.10584115982056,0
49.10639643669128,0
49.11107110977173,0
49.1117045879364,0
49.1117308139801,0
49.12993383407593,0
49.12997269630432,0
49.13002753257752,0
49.13589143753052,0
49.13592004776001,0
49.13593482971192,0
49.13595175743103,0
49.141905546188354,0
49.14192461967468,0
49.14204025268555,0
49.14205718040466,0
49.143282890319824,0
49.14856123924256,0
49.15037226676941,0
49.15039157867432,0
49.15050387382507,0
49.15051484107971,0
49.15102028846741,0
49.16310620307922,0
49.16313052177429,0
49.16433477401733,0
49.16459894180298,0
49.16479253768921,0
49.16495585441589,0
49.16859793663025,0
49.16862177848816,0
49.168779134750366,0
49.17020845413208,0
49.1703531742096,0
49.170372009277344,0
49.19315218925476,0
49.19375872612,0
49.19380450248718,0
49.19873571395874,0
49.198840379714966,0
49.20596480369568,0
49.20598673820496,0
49.21028733253479,0
49.21034836769104,0
49.22545671463013,0
49.22983980178833,0
49.22995209693909,0
49.23000168800354,0
49.23314809799194,0
49.2331600189209,0
49.23401761054993,0
49.2341890335083,0
49.23487710952759,0
49.235098361968994,0
49.23552203178406,0
49.23704242706299,0
49.25008296966553,0
49.25011157989502,0
49.250150203704834,0
49.26928997039795,0
49.269325733184814,0
49.269338846206665,0
49.26936674118042,0
49.27021932601929,0
49.27030158042908,0
49.27032923698425,0
49.27178478240967,0
49.27179741859436,0
49.27210211753845,0
49.27265977859497,0
49.27283787727356,0
49.27285170555115,0
49.272865772247314,0
49.2745532989502,0
49.27458047866821,0
49.2746000289917,0
49.2909996509552,0
49.29102873802185,0
49.29110598564148,0
49.30260968208313,0
49.30415558815002,0
49.30416297912598,0
49.30649280548096,0
49.30805706977844,0
49.31024718284607,0
49.31024789810181,0
49.310394287109375,0
49.32333517074585,0
49.32334733009338,0
49.32339954376221,0
49.32353901863098,0
49.32524085044861,0
49.32525300979614,0
49.32529973983765,0
49.330442667007446,0
49.33047342300415,0
49.33048796653748,0
49.34681749343872,0
49.34926748275757,0
49.35015487670898,0
49.35018444061279,0
49.35023307800293,0
49.35059404373169,0
49.36574459075928,0
49.365779638290405,0
49.3668532371521,0
49.36730933189392,0
49.3673415184021,0
49.36736035346985,0
49.37009143829346,0
49.3701274394989,0
49.37014389038086,0
49.37075805664063,0
49.37077569961548,0
49.37079620361328,0
49.39057636260986,0
49.39061760902405,0
49.390660524368286,0
49.40065312385559,0
49.40071487426758,0
49.4102954864502,0
49.41069149971008,0
49.41072678565979,0
49.42077851295471,0
49.42079257965088,0
49.424479722976685,0
49.430036306381226,0
49.43006181716919,0
49.43012738227844,0
49.45056104660034,0
49.45061779022217,0
49.45062971115112,0
49.46602439880371,0
49.46603155136109,0
49.46606349945069,0
49.46610069274902,0
49.46879887580872,0
49.4689724445343,0
49.46948838233948,0
49.4698793888092,0
49.46989989280701,0
49.46991038322449,0
49.47056555747986,0
49.47271680831909,0
49.488895416259766,0
49.4898316860199,0
49.489840269088745,0
49.48985481262207,0
49.50530910491944,0
49.505521059036255,0
49.507389307022095,0
49.50758504867554,0
49.5084228515625,0
49.51001572608948,0
49.51004314422608,0
49.51005506515503,0
49.52641916275024,0
49.52732682228088,0
49.52734065055847,0
49.527480125427246,0
49.52839398384094,0
49.5284161567688,0
49.52846932411194,0
49.529595613479614,0
49.52976608276367,0
49.52977967262268,0
49.52978992462158,0
49.52991795539856,0
49.52992081642151,0
49.52993631362915,0
49.5426242351532,0
49.54278039932251,0
49.54279971122742,0
49.54385018348694,0
49.55008411407471,0
49.550198793411255,0
49.550217390060425,0
49.56227827072144,0
49.5623619556427,0
49.56392335891724,0
49.565635442733765,0
49.56726884841919,0
49.56730055809021,0
49.56782054901123,0
49.56784296035767,0
49.567906618118286,0
49.57010173797608,0
49.57013940811157,0
49.570207834243774,0
49.57446193695069,0
49.57561945915222,0
49.59006333351135,0
49.59009766578674,0
49.59011435508728,0
49.60334372520447,0
49.60366821289063,0
49.60482120513916,0
49.6102819442749,0
49.61060047149658,0
49.61062288284302,0
49.61069083213806,0
49.6196653842926,0
49.62398290634155,0
49.62406349182129,0
49.624151945114136,0
49.62436008453369,0
49.62886619567871,0
49.62889504432678,0
49.63152265548706,0
49.63154602050781,0
49.63160920143128,0
49.63242721557617,0
49.63421988487244,0
49.65007424354553,0
49.6501030921936,0
49.65011739730835,0
49.670185565948486,0
49.67022919654846,0
49.67024230957031,0
49.67272162437439,0
49.67292356491089,0
49.67294645309448,0
49.67295718193054,0
49.67399287223816,0
49.674004554748535,0
49.67401623725891,0
49.67539572715759,0
49.67670798301697,0
49.69011425971985,0
49.69012784957886,0
49.69013905525208,0
49.7054340839386,0
49.70556282997131,0
49.71949553489685,0
49.719510078430176,0
49.71973180770874,0
49.71973490715027,0
49.71974515914917,0
49.71975016593933,0
49.72997403144837,0
49.730008125305176,0
49.730013847351074,0
49.74995374679565,0
49.749961376190186,0
49.75001692771912,0
49.755778074264526,0
49.75579428672791,0
49.757081747055054,0
49.75775361061096,0
49.75777459144592,0
49.7577908039093,0
49.760459661483765,0
49.76048111915589,0
49.76102590560913,0
49.76142597198486,0
49.76517271995544,0
49.76726031303406,0
49.76733088493347,0
49.7673819065094,0
49.76873230934143,0
49.76874470710754,0
49.76944637298584,0
49.7706253528595,0
49.77062773704529,0
49.77066373825073,0
49.77102589607239,0
49.77135419845581,0
49.77152514457703,0
49.77155327796936,0
49.779595613479614,0
49.77991390228272,0
49.779949426651,0
49.77998208999634,0
49.77999806404114,0
49.79095721244812,0
49.790998220443726,0
49.79101896286011,0
49.7961790561676,0
49.79626488685608,0
49.79695391654968,0
49.813268184661865,0
49.81330418586731,0
49.81331753730774,0
49.82880067825317,0
49.82962107658386,0
49.82965040206909,0
49.82971620559693,0
49.83014631271362,0
49.83017158508301,0
49.83116412162781,0
49.83120846748352,0
49.83168435096741,0
49.832255125045776,0
49.83898878097534,0
49.84992551803589,0
49.84995484352112,0
49.84996962547302,0
49.87022686004639,0
49.87024092674256,0
49.87025475502014,0
49.87703800201416,0
49.87709355354309,0
49.877108097076416,0
49.87722063064575,0
49.880738258361816,0
49.88115906715393,0
49.88182067871094,0
49.88603162765503,0
49.88616490364075,0
49.89065408706665,0
49.89068102836609,0
49.8906946182251,0
49.90234160423279,0
49.90236735343933,0
49.904277086257935,0
49.90429711341858,0
49.906497955322266,0
49.910069704055786,0
49.91009473800659,0
49.910128355026245,0
49.92991304397583,0
49.92996525764465,0
49.948819398880005,0
49.9488217830658,0
49.94884085655213,0
49.949034214019775,0
49.952465534210205,0
49.95477366447449,0
49.95488977432251,0
49.95847821235657,0
49.95851445198059,0
49.95858097076416,0
49.95873260498047,0
49.95875287055969,0
49.96114897727966,0
49.97002005577088,0
49.97003650665283,0
49.97006559371948,0
49.99007105827332,0
49.99012136459351,0
49.99020004272461,0
49.99917507171631,0
49.99919152259827,0
50.01062560081482,0
50.01067495346069,0
50.01131081581116,0
50.02915811538696,0
50.03192448616028,0
50.03197836875916,0
50.031999588012695,0
50.03214597702026,0
50.03217029571533,0
50.032188177108765,0
50.03236627578735,0
50.03242301940918,0
50.032493591308594,0
50.04775261878967,0
50.05029773712158,0
50.051162004470825,0
50.05150890350342,0
50.051552534103394,0
50.05195045471192,0
50.060545206069946,0
50.061081647872925,0
50.06419110298157,0
50.072853088378906,0
50.072898387908936,0
50.07292079925537,0
50.091649293899536,0
50.09256410598755,0
50.09261989593506,0
50.09877896308899,0
50.09912395477295,0
50.09919714927673,0
50.09919762611389,0
50.10161209106445,0
50.10167407989502,0
50.10172915458679,0
50.10442924499512,0
50.10568594932556,0
50.10572552680969,0
50.10635161399841,0
50.10883975028992,0
50.10886311531067,0
50.11238098144531,0
50.11381435394287,0
50.11381554603577,0
50.11385416984558,0
50.11392045021057,0
50.1177294254303,0
50.1199905872345,0
50.12002944946289,0
50.12224245071411,0
50.12227368354797,0
50.1233446598053,0
50.130428075790405,0
50.13046932220459,0
50.13150429725647,0
50.14840507507324,0
50.148669958114624,0
50.151355266571045,0
50.15147423744202,0
50.15159893035889,0
50.1516387462616,0
50.15167856216431,0
50.15173530578613,0
50.15178155899048,0
50.15311288833618,0
50.15311574935913,0
50.15337657928467,0
50.15807127952576,0
50.16727924346924,0
50.16731286048889,0
50.16738057136536,0
50.16740274429321,0
50.16850733757019,0
50.16854691505432,0
50.16868567466736,0
50.17056918144226,0
50.17139506340027,0
50.17148518562317,0
50.18331170082092,0
50.18350243568421,0
50.18613743782044,0
50.1862473487854,0
50.19080305099487,0
50.19083261489868,0
50.1909065246582,0
50.192547082901,0
50.20347142219544,0
50.20351576805115,0
50.203537464141846,0
50.2035596370697,0
50.20645546913147,0
50.20648097991944,0
50.20710635185242,0
50.21054816246033,0
50.21059584617615,0
50.210618019104,0
50.21593427658081,0
50.2304208278656,0
50.23045873641968,0
50.23067045211792,0
50.2439866065979,0
50.24402070045471,0
50.24403500556946,0
50.24623990058899,0
50.246259927749634,0
50.246278047561646,0
50.24681854248047,0
50.25035786628723,0
50.250391483306885,0
50.25040555000305,0
50.26475644111633,0
50.26481080055237,0
50.26482319831848,0
50.26484799385071,0
50.26678681373596,0
50.26679253578186,0
50.266925573349,0
50.26797151565552,0
50.27008819580078,0
50.27012729644776,0
50.270968198776245,0
50.2829327583313,0
50.28297257423401,0
50.28318977355957,0
50.28319263458252,0
50.28501629829407,0
50.286094188690186,0
50.286176919937134,0
50.29061436653137,0
50.29064726829529,0
50.29071998596192,0
50.29876494407654,0
50.2987711429596,0
50.30061626434326,0
50.30065608024597,0
50.31021785736084,0
50.31026411056519,0
50.31852149963379,0
50.33042073249817,0
50.33046054840088,0
50.33047747612,0
50.33110928535461,0
50.333240032196045,0
50.33579206466675,0
50.34341526031494,0
50.343676805496216,0
50.35005855560303,0
50.35010027885437,0
50.35018539428711,0
50.363356590271,0
50.36368536949158,0
50.36372971534729,0
50.364033222198486,0
50.36784601211548,0
50.36789393424988,0
50.3679633140564,0
50.36909747123718,0
50.370851278305054,0
50.37089157104492,0
50.37097477912903,0
50.38879179954529,0
50.38905167579651,0
50.38908648490906,0
50.38917064666748,0
50.3905725479126,0
50.39061236381531,0
50.39070272445679,0
50.391860246658325,0
50.39219927787781,0
50.39224362373352,0
50.39348864555359,0
50.39379525184631,0
50.39779543876648,0
50.39790892601013,0
50.41051363945007,0
50.41055631637573,0
50.41055870056152,0
50.43024659156799,0
50.43028497695923,0
50.43028664588928,0
50.44822907447815,0
50.45056700706482,0
50.45060849189758,0
50.45068502426148,0
50.45518684387207,0
50.457178592681885,0
50.457205057144165,0
50.45729899406433,0
50.45948123931885,0
50.45950484275818,0
50.46080446243286,0
50.46115708351135,0
50.46540856361389,0
50.47042632102966,0
50.47047162055969,0
50.47055459022522,0
50.47878789901733,0
50.49069285392761,0
50.490739822387695,0
50.49076056480408,0
50.51089811325073,0
50.51096296310425,0
50.51147770881653,0
50.52432727813721,0
50.52441120147705,0
50.53089880943298,0
50.53090572357178,0
50.53096604347229,0
50.531095027923584,0
50.53112053871155,0
50.53389573097229,0
50.533942222595215,0
50.53396081924439,0
50.55031371116638,0
50.55039072036743,0
50.55039525032044,0
50.55781483650208,0
50.55791759490967,0
50.56070399284363,0
50.56075143814087,0
50.56268620491028,0
50.56316757202149,0
50.563215017318726,0
50.56323480606079,0
50.56456398963928,0
50.564971923828125,0
50.56537199020386,0
50.56570196151733,0
50.570406675338745,0
50.57050657272339,0
50.57075667381287,0
50.57603144645691,0
50.57609820365906,0
50.57801198959351,0
50.57819581031799,0
50.57847499847412,0
50.57873487472534,0
50.580544233322144,0
50.58055114746094,0
50.58075308799744,0
50.58157300949097,0
50.58254337310791,0
50.58385896682739,0
50.59014534950256,0
50.59019875526428,0
50.59021663665772,0
50.610328912734985,0
50.610381841659546,0
50.61059403419495,0
50.630247592926025,0
50.63029932975769,0
50.63041377067566,0
50.63328552246094,0
50.634828090667725,0
50.63997149467468,0
50.6400101184845,0
50.640100955963135,0
50.64014291763306,0
50.64021301269531,0
50.64184474945069,0
50.641883850097656,0
50.6452898979187,0
50.6453070640564,0
50.64538264274597,0
50.65110921859741,0
50.65112662315369,0
50.65114068984985,0
50.65257525444031,0
50.65276622772217,0
50.65296006202698,0
50.653093338012695,0
50.65623092651367,0
50.65627336502075,0
50.65695929527283,0
50.670321464538574,0
50.67036414146423,0
50.67038869857788,0
50.69061088562012,0
50.69064664840698,0
50.69071698188782,0
50.69223546981812,0
50.69948363304138,0
50.69972538948059,0
50.69992256164551,0
50.70014190673828,0
50.710182189941406,0
50.71023631095886,0
50.71025323867798,0
50.71670651435852,0
50.71693921089173,0
50.717249393463135,0
50.71810293197632,0
50.718346118927,0
50.720579862594604,0
50.72059440612793,0
50.72127604484558,0
50.72395300865173,0
50.73061156272888,0
50.73064827919006,0
50.73068404197693,0
50.75001692771912,0
50.75005841255188,0
50.75011897087097,0
50.754483461380005,0
50.7594006061554,0
50.759660959243774,0
50.75979542732239,0
50.76014351844788,0
50.76397609710693,0
50.76401090621948,0
50.76407623291016,0
50.76559662818909,0
50.76585340499878,0
50.76585674285889,0
50.76594424247742,0
50.76707553863525,0
50.76791548728943,0
50.76799559593201,0
50.77023434638977,0
50.770270586013794,0
50.770286321640015,0
50.77109622955322,0
50.77857422828674,0
50.78135108947754,0
50.790061235427856,0
50.79009938240051,0
50.790114641189575,0
50.79994821548462,0
50.79996657371521,0
50.80475354194641,0
50.80476832389832,0
50.80479431152344,0
50.80511784553528,0
50.807270765304565,0
50.80734372138977,0
50.8079936504364,0
50.811113119125366,0
50.81114625930786,0
50.811194896698,0
50.82459545135498,0
50.824628829956055,0
50.82687044143677,0
50.826904296875,0
50.82767057418823,0
50.83066892623901,0
50.83068513870239,0
50.83145189285278,0
50.84414315223694,0
50.84458827972412,0
50.8460099697113,0
50.84606981277466,0
50.84688973426819,0
50.84703230857849,0
50.84718108177185,0
50.84720158576965,0
50.84779953956604,0
50.85023641586304,0
50.85027003288269,0
50.85042190551758,0
50.856459856033325,0
50.87016248703003,0
50.87020635604858,0
50.87036490440369,0
50.886887073516846,0
50.89359951019287,0
50.89364695549011,0
50.89366745948792,0
50.8936882019043,0
50.89370894432068,0
50.89432549476624,0
50.89598655700684,0
50.89600682258606,0
50.89680743217468,0
50.8968448638916,0
50.89708709716797,0
50.90066957473755,0
50.90072107315064,0
50.910236835479736,0
50.9102795124054,0
50.910306453704834,0
50.93202233314514,0
50.93207144737244,0
50.93213891983032,0
50.95259642601013,0
50.95266270637512,0
50.95285034179688,0
50.95947885513306,0
50.968735218048096,0
50.96875834465027,0
50.97045803070069,0
50.970505475997925,0
50.97057008743286,0
50.972277879714966,0
50.97232675552368,0
50.97247362136841,0
50.9727463722229,0
50.977017402648926,0
50.97706913948059,0
50.97711992263794,0
50.977232217788696,0
50.989887952804565,0
50.990545988082886,0
50.99096703529358,0
50.99174165725708,0
50.99176335334778,0
50.99178409576416,0
50.99256062507629,0
50.99444699287415,0
50.99454998970032,0
50.99515175819397,0
51.0005259513855,0
51.00385069847107,0
51.00389552116394,0
51.00501775741577,0
51.00507545471192,0
51.01024580001831,0
51.0102915763855,0
51.01031541824341,0
51.02390456199646,0
51.02395248413086,0
51.0239646434784,0
51.02397298812866,0
51.0269877910614,0
51.027276039123535,0
51.02758693695069,0
51.028666973114014,0
51.03014159202576,0
51.03018355369568,0
51.0302677154541,0
51.040404319763184,0
51.04091644287109,0
51.04092264175415,0
51.041327476501465,0
51.04276061058045,0
51.042847633361816,0
51.04321575164795,0
51.05010104179382,0
51.05011606216431,0
51.05013465881348,0
51.06138277053833,0
51.06420254707336,0
51.07244277000427,0
51.07250714302063,0
51.07253575325012,0
51.07819724082947,0
51.09009575843811,0
51.09059453010559,0
51.09062552452088,0
51.11024761199951,0
51.11073803901672,0
51.1108295917511,0
51.116886138916016,0
51.11690831184387,0
51.11693048477173,0
51.11703038215637,0
51.1208086013794,0
51.12082958221436,0
51.12128758430481,0
51.12176966667175,0
51.121817111968994,0
51.12506031990051,0
51.12508964538574,0
51.125991344451904,0
51.12939596176148,0
51.131179332733154,0
51.13122582435608,0
51.131306886672974,0
51.14507508277893,0
51.15019774436951,0
51.15024137496948,0
51.150270223617554,0
51.166255474090576,0
51.16638612747192,0
51.16910982131958,0
51.16916990280152,0
51.1692271232605,0
51.16928553581238,0
51.170867681503296,0
51.1716034412384,0
51.17163181304932,0
51.17261528968811,0
51.172693967819214,0
51.17275857925415,0
51.18090295791626,0
51.18787932395935,0
51.18792176246643,0
51.18794298171997,0
51.18795895576477,0
51.19087839126587,0
51.19093990325928,0
51.19096755981445,0
51.195838928222656,0
51.19586658477783,0
51.19592046737671,0
51.21145367622376,0
51.211514711380005,0
51.211517333984375,0
51.22393298149109,0
51.224021434783936,0
51.2271044254303,0
51.22712564468384,0
51.23219466209412,0
51.23221707344055,0
51.23223066329956,0
51.24107789993286,0
51.24248600006104,0
51.24344539642334,0
51.24990081787109,0
51.24993824958801,0
51.24999666213989,0
51.271450996398926,0
51.27156209945679,0
51.27985787391663,0
51.28031826019287,0
51.28034067153931,0
51.28035068511963,0
51.284456968307495,0
51.28454661369324,0
51.2878737449646,0
51.28791046142578,0
51.287917375564575,0
51.28792667388916,0
51.28793001174927,0
51.29044675827026,0
51.29053354263306,0
51.2905478477478,0
51.29065108299256,0
51.29067015647888,0
51.290791511535645,0
51.29080867767334,0
51.299083948135376,0
51.29990077018738,0
51.29993438720703,0
51.30007839202881,0
51.30167818069458,0
51.301717042922974,0
51.30179691314697,0
51.30738019943237,0
51.30785870552063,0
51.309061765670776,0
51.30913925170898,0
51.310598373413086,0
51.310614347457886,0
51.31065320968628,0
51.31484866142273,0
51.33053326606751,0
51.330573081970215,0
51.330589056015015,0
51.350363969802856,0
51.350401401519775,0
51.35068821907044,0
51.35887551307678,0
51.358978271484375,0
51.36711239814758,0
51.36725568771362,0
51.36739635467529,0
51.36770296096802,0
51.36811184883118,0
51.368162631988525,0
51.368178606033325,0
51.36929106712341,0
51.37195086479187,0
51.37197470664978,0
51.372636795043945,0
51.37328243255615,0
51.37336468696594,0
51.39162707328797,0
51.39167428016663,0
51.39180898666382,0
51.39193797111511,0
51.39197945594788,0
51.3921058177948,0
51.39213299751282,0
51.39417481422424,0
51.39433097839356,0
51.39482665061951,0
51.40078282356262,0
51.401169538497925,0
51.40207743644714,0
51.402119159698486,0
51.40238571166992,0
51.41028547286987,0
51.41033315658569,0
51.41048169136048,0
51.42926812171936,0
51.43031096458435,0
51.43035078048706,0
51.43059968948364,0
51.43346428871155,0
51.43807339668274,0
51.43844223022461,0
51.43847417831421,0
51.43859887123108,0
51.44565272331238,0
51.44567131996155,0
51.44570589065552,0
51.450114488601685,0
51.45014882087708,0
51.45015239715576,0
51.47049689292908,0
51.47058081626892,0
51.47070074081421,0
51.4803466796875,0
51.49079036712647,0
51.490890979766846,0
51.49096369743347,0
51.50437092781067,0
51.504419803619385,0
51.50492525100708,0
51.50513529777527,0
51.51039814949036,0
51.51061534881592,0
51.51077938079834,0
51.51146745681763,0
51.511709690094,0
51.51173782348633,0
51.53145432472229,0
51.53149223327637,0
51.53155636787415,0
51.53317213058472,0
51.53524208068848,0
51.53787016868591,0
51.53793501853943,0
51.540656328201294,0
51.540674686431885,0
51.54068875312805,0
51.54068922996521,0
51.54231262207031,0
51.542348861694336,0
51.54235363006592,0
51.54247498512268,0
51.551008224487305,0
51.55103397369385,0
51.5510721206665,0
51.55735898017883,0
51.55742239952088,0
51.56146502494812,0
51.56150269508362,0
51.5615668296814,0
51.56158995628357,0
51.561739683151245,0
51.56178450584412,0
51.561848640441895,0
51.57039761543274,0
51.57043981552124,0
51.57045793533325,0
51.58096385002136,0
51.59013605117798,0
51.59018087387085,0
51.590293169021606,0
51.6054048538208,0
51.608320236206055,0
51.61037230491638,0
51.6104588508606,0
51.6110053062439,0
51.61110162734985,0
51.61110758781433,0
51.61112546920776,0
51.61118268966675,0
51.61130046844482,0
51.62301516532898,0
51.62312412261963,0
51.63242983818054,0
51.63245344161987,0
51.63252139091492,0
51.63273191452026,0
51.63273358345032,0
51.637810945510864,0
51.63901019096375,0
51.63921093940735,0
51.63923358917236,0
51.64188313484192,0
51.64989280700684,0
51.649924993515015,0
51.6500039100647,0
51.66326951980591,0
51.66328263282776,0
51.66381740570069,0
51.66514348983765,0
51.66792368888855,0
51.67006206512451,0
51.67009806632996,0
51.67017698287964,0
51.67664861679077,0
51.692546129226685,0
51.69258999824524,0
51.692670583724976,0
51.70998501777649,0
51.71001410484314,0
51.71007204055786,0
51.71492886543274,0
51.71829414367676,0
51.718346118927,0
51.71837139129639,0
51.71844673156738,0
51.718454122543335,0
51.71847081184387,0
51.723485231399536,0
51.72353672981262,0
51.72560691833496,0
51.72565150260925,0
51.725656032562256,0
51.73039960861206,0
51.73042035102844,0
51.7304368019104,0
51.73247265815735,0
51.74030303955078,0
51.75031089782715,0
51.75037240982056,0
51.75098514556885,0
51.770169734954834,0
51.770203828811646,0
51.77020716667175,0
51.77022576332092,0
51.770742893218994,0
51.77344179153442,0
51.7736029624939,0
51.77363586425781,0
51.77388286590576,0
51.77669525146485,0
51.77676606178284,0
51.77677297592163,0
51.7786238193512,0
51.77882742881775,0
51.77884936332703,0
51.77891111373901,0
51.78617548942566,0
51.78720235824585,0
51.78725266456604,0
51.79070329666138,0
51.79071116447449,0
51.79076361656189,0
51.79809188842773,0
51.81052875518799,0
51.81057333946228,0
51.810887575149536,0
51.83081364631653,0
51.83087396621704,0
51.83097529411316,0
51.84088373184204,0
51.84095907211304,0
51.840983390808105,0
51.8410804271698,0
51.841148138046265,0
51.84120559692383,0
51.841227769851685,0
51.847975730896,0
51.847999811172485,0
51.85078573226929,0
51.85101866722107,0
51.85107779502869,0
51.85123133659363,0
51.85125946998596,0
51.85131430625916,0
51.85528874397278,0
51.85903215408325,0
51.864723205566406,0
51.86479711532593,0
51.86481666564941,0
51.86488580703735,0
51.8665885925293,0
51.86694645881653,0
51.867348432540894,0
51.8702974319458,0
51.87052440643311,0
51.87297511100769,0
51.87300682067871,0
51.87872767448425,0
51.87888789176941,0
51.87890911102295,0
51.87892460823059,0
51.880878925323486,0
51.88091230392456,0
51.88093113899231,0
51.8905553817749,0
51.8906478881836,0
51.89066982269287,0
51.89739990234375,0
51.89755654335022,0
51.89937973022461,0
51.89945006370544,0
51.91041827201843,0
51.91046190261841,0
51.91054010391235,0
51.91663599014282,0
51.930310010910034,0
51.93075037002564,0
51.93078565597534,0
51.9514377117157,0
51.95147371292114,0
51.951536655426025,0
51.95156955718994,0
51.95160365104675,0
51.95163369178772,0
51.95167088508606,0
51.95169925689697,0
51.95174384117127,0
51.95182871818543,0
51.95186161994934,0
51.95189380645752,0
51.957190990448,0
51.971277475357056,0
51.97138285636902,0
51.97138452529907,0
51.99063944816589,0
51.99068999290466,0
51.99072074890137,0
51.998754262924194,0
51.99880766868591,0
51.99880814552307,0
52.000365257263184,0
52.00404500961304,0
52.00461602210999,0
52.0046648979187,0
52.00588798522949,0
52.01025390625,0
52.01027202606201,0
52.01096844673157,0
52.03288793563843,0
52.0329384803772,0
52.03303241729736,0
52.0353274345398,0
52.03572463989258,0
52.03654265403748,0
52.03690314292908,0
52.038164138793945,0
52.03872513771057,0
52.03876495361328,0
52.03903317451477,0
52.0418484210968,0
52.04232621192932,0
52.04236507415772,0
52.043386697769165,0
52.05004477500916,0
52.05008363723755,0
52.05096769332886,0
52.05099987983704,0
52.051313638687134,0
52.05223178863525,0
52.05250310897827,0
52.053691148757935,0
52.053930044174194,0
52.05415177345276,0
52.05468988418579,0
52.06371831893921,0
52.06467962265015,0
52.07023763656616,0
52.07033395767212,0
52.07035303115845,0
52.08282399177551,0
52.08284115791321,0
52.08322215080261,0
52.08323884010315,0
52.0848183631897,0
52.084837198257446,0
52.085620164871216,0
52.09014296531677,0
52.09018158912659,0
52.09274649620056,0
52.09877324104309,0
52.09880948066712,0
52.10120153427124,0
52.101290225982666,0
52.11039757728577,0
52.11044526100159,0
52.11077833175659,0
52.12207078933716,0
52.12972450256348,0
52.13040399551392,0
52.13044214248657,0
52.130581855773926,0
52.13374352455139,0
52.1539990901947,0
52.15400767326355,0
52.15415358543396,0
52.15417408943176,0
52.15419268608093,0
52.1542227268219,0
52.15429329872131,0
52.15444493293762,0
52.15457630157471,0
52.15648460388184,0
52.15649557113648,0
52.156856298446655,0
52.16732859611511,0
52.17067909240723,0
52.17067956924439,0
52.17072081565857,0
52.17072820663452,0
52.17441391944885,0
52.1905665397644,0
52.19058609008789,0
52.19060564041138,0
52.19062829017639,0
52.19101023674011,0
52.19107985496521,0
52.191627502441406,0
52.19453310966492,0
52.19455814361572,0
52.195136070251465,0
52.19600296020508,0
52.19628715515137,0
52.20240211486816,0
52.20280718803406,0
52.21026873588562,0
52.210320472717285,0
52.21034264564514,0
52.22510886192322,0
52.23073673248291,0
52.230774879455566,0
52.2308292388916,0
52.24626445770264,0
52.24628591537476,0
52.24656271934509,0
52.24659395217896,0
52.24871039390564,0
52.24893641471863,0
52.25035309791565,0
52.25040650367737,0
52.25085234642029,0
52.25091481208801,0
52.26401901245117,0
52.26418900489807,0
52.264211654663086,0
52.264294147491455,0
52.26844072341919,0
52.26846504211426,0
52.268686056137085,0
52.2691068649292,0
52.271090030670166,0
52.271225929260254,0
52.27124547958374,0
52.280826807022095,0
52.28150606155396,0
52.28257036209106,0
52.28259992599487,0
52.28261494636536,0
52.28262758255005,0
52.28329586982727,0
52.2898690700531,0
52.28989386558533,0
52.28997611999512,0
52.297590017318726,0
52.29764342308045,0
52.2997829914093,0
52.29984140396118,0
52.309897899627686,0
52.31004333496094,0
52.310070753097534,0
52.33011507987976,0
52.3301465511322,0
52.33017063140869,0
52.341572523117065,0
52.35009980201721,0
52.3502082824707,0
52.350215911865234,0
52.36937069892883,0
52.37150955200195,0
52.37175893783569,0
52.37177324295044,0
52.37180304527283,0
52.37251448631287,0
52.37295436859131,0
52.37298321723938,0
52.373061656951904,0
52.37927055358887,0
52.379313230514526,0
52.3793363571167,0
52.37991976737976,0
52.38832974433899,0
52.38939785957336,0
52.39083623886109,0
52.39088153839111,0
52.390953540802,0
52.40315127372742,0
52.403197288513184,0
52.40321755409241,0
52.40323805809021,0
52.41054511070252,0
52.41054892539978,0
52.41059851646423,0
52.4106605052948,0
52.41170859336853,0
52.41175079345703,0
52.4124710559845,0
52.41251277923584,0
52.41796398162842,0
52.41804790496826,0
52.41960000991821,0
52.431209325790405,0
52.43125939369202,0
52.43133306503296,0
52.442326068878174,0
52.44236350059509,0
52.44303178787232,0
52.44369459152222,0
52.4463837146759,0
52.44642210006714,0
52.44706344604492,0
52.45006275177002,0
52.45020771026611,0
52.45021438598633,0
52.457043409347534,0
52.47008895874024,0
52.47013425827026,0
52.47015404701233,0
52.48495674133301,0
52.484983682632446,0
52.48500061035156,0
52.48501896858215,0
52.485068559646606,0
52.48512363433838,0
52.48519515991211,0
52.49035215377808,0
52.49038743972778,0
52.49042367935181,0
52.49645614624024,0
52.49648451805115,0
52.51022791862488,0
52.51023077964783,0
52.51028513908386,0
52.51509475708008,0
52.51519155502319,0
52.53050112724304,0
52.53065443038941,0
52.53073143959045,0
52.550453901290894,0
52.550763845443726,0
52.55078434944153,0
52.563363790512085,0
52.56363224983215,0
52.56366586685181,0
52.56367182731629,0
52.56656789779663,0
52.56694841384888,0
52.56696391105652,0
52.56808614730835,0
52.57040166854858,0
52.57045531272888,0
52.57048606872559,0
52.59042763710022,0
52.59049129486084,0
52.59063911437988,0
52.59718894958496,0
52.59722375869751,0
52.6004159450531,0
52.6004695892334,0
52.60449004173279,0
52.60494732856751,0
52.605549335479736,0
52.60557985305786,0
52.60561680793762,0
52.60572695732117,0
52.61041831970215,0
52.61046624183655,0
52.61103749275208,0
52.61192750930786,0
52.61195397377014,0
52.617552757263184,0
52.61759305000305,0
52.6189501285553,0
52.6222198009491,0
52.63535785675049,0
52.63540697097778,0
52.63546323776245,0
52.63550853729248,0
52.64996528625488,0
52.64999413490296,0
52.65016961097717,0
52.67028379440308,0
52.67032480239868,0
52.67034912109375,0
52.67035436630249,0
52.67037081718445,0
52.67037916183472,0
52.67038893699646,0
52.67651176452637,0
52.6765353679657,0
52.67655515670776,0
52.67657661437988,0
52.67659568786621,0
52.67661380767822,0
52.68668484687805,0
52.6906681060791,0
52.69074511528015,0
52.69076490402222,0
52.69084286689758,0
52.70878291130066,0
52.708823680877686,0
52.71059036254883,0
52.71064686775208,0
52.71071767807007,0
52.71146869659424,0
52.71151804924011,0
52.71653199195862,0
52.723750829696655,0
52.72378754615784,0
52.72380638122559,0
52.724082231521606,0
52.72917699813843,0
52.73064112663269,0
52.7306718826294,0
52.73071527481079,0
52.731223821640015,0
52.732033014297485,0
52.73269009590149,0
52.73272395133972,0
52.73273301124573,0
52.73273992538452,0
52.73710942268372,0
52.73727703094482,0
52.73730969429016,0
52.75005626678467,0
52.75008726119995,0
52.75010085105896,0
52.76032471656799,0
52.765671491622925,0
52.76598644256592,0
52.77014708518982,0
52.77018928527832,0
52.77028441429138,0
52.78741264343262,0
52.78754425048828,0
52.78769850730896,0
52.787729263305664,0
52.79087424278259,0
52.79111838340759,0
52.79114580154419,0
52.792611837387085,0
52.79263639450073,0
52.79271364212036,0
52.79742956161499,0
52.79749321937561,0
52.79755163192749,0
52.7980842590332,0
52.810338497161865,0
52.81045246124268,0
52.81047582626343,0
52.81649708747864,0
52.83088707923889,0
52.83170509338379,0
52.83176159858704,0
52.84690546989441,0
52.84695506095886,0
52.84714674949646,0
52.84726881980896,0
52.85049867630005,0
52.85054230690002,0
52.85076522827149,0
52.85520696640015,0
52.85526585578919,0
52.85560822486877,0
52.855631589889526,0
52.867231130599976,0
52.86826682090759,0
52.869274854660034,0
52.86930513381958,0
52.87000775337219,0
52.87100076675415,0
52.871036529541016,0
52.87133455276489,0
52.871357679367065,0
52.871413469314575,0
52.89063310623169,0
52.89067053794861,0
52.89079284667969,0
52.90314722061157,0
52.90319085121155,0
52.90632772445679,0
52.90641212463379,0
52.90741515159607,0
52.91008830070496,0
52.9101312160492,0
52.91015124320984,0
52.925891399383545,0
52.92797923088074,0
52.9280219078064,0
52.92804718017578,0
52.93096899986267,0
52.93101644515991,0
52.93117547035217,0
52.93194556236267,0
52.931968450546265,0
52.9326114654541,0
52.95031118392944,0
52.950345277786255,0
52.95036506652832,0
52.95774602890015,0
52.970147132873535,0
52.97019052505493,0
52.97060513496399,0
52.99061560630798,0
52.990797996521,0
52.99087309837341,0
52.996746301651,0
52.99676322937012,0
52.9980092048645,0
52.99804735183716,0
52.99809956550598,0
52.9981849193573,0
53.00006794929504,0
53.00280404090881,0
53.00322413444519,0
53.00388050079346,0
53.004145860672,0
53.00416588783264,0
53.004180908203125,0
53.0049216747284,0
53.00500345230103,0
53.005285024642944,0
53.00533628463745,0
53.00852394104004,0
53.00855040550232,0
53.01007652282715,0
53.01011061668396,0
53.01012754440308,0
53.01348900794983,0
53.01357555389404,0
53.0136342048645,0
53.02398085594177,0
53.02534413337708,0
53.02558755874634,0
53.02583527565002,0
53.02648162841797,0
53.026742696762085,0
53.02713656425476,0
53.02852153778076,0
53.03061485290527,0
53.03064870834351,0
53.03072571754456,0
53.04482889175415,0
53.05139327049256,0
53.052512407302856,0
53.052525758743286,0
53.05259084701538,0
53.07027196884155,0
53.07031631469727,0
53.07062554359436,0
53.08724093437195,0
53.09021592140198,0
53.090259313583374,0
53.09032034873962,0
53.09035921096802,0
53.09037947654724,0
53.09050250053406,0
53.09074544906616,0
53.09077310562134,0
53.09079051017761,0
53.092479944229126,0
53.11027145385742,0
53.11032176017761,0
53.11043071746826,0
53.11805462837219,0
53.11934494972229,0
53.12294363975525,0
53.122992277145386,0
53.12480330467224,0
53.12487006187439,0
53.131707191467285,0
53.131760358810425,0
53.13221120834351,0
53.14149618148804,0
53.15233135223389,0
53.15236282348633,0
53.1523756980896,0
53.15812635421753,0
53.158225774765015,0
53.15925645828247,0
53.16087365150452,0
53.160873889923096,0
53.16202425956726,0
53.170138120651245,0
53.17018103599548,0
53.170199155807495,0
53.18345546722412,0
53.18354892730713,0
53.18407416343689,0
53.18567895889282,0
53.19022154808045,0
53.19026446342468,0
53.1904411315918,0
53.20215916633606,0
53.20461845397949,0
53.20470118522644,0
53.20473504066467,0
53.20524048805237,0
53.20527148246765,0
53.20792317390442,0
53.20803761482239,0
53.21020483970642,0
53.21022605895996,0
53.21026015281677,0
53.22320604324341,0
53.22363495826721,0
53.22397541999817,0
53.22422528266907,0
53.22791767120361,0
53.22889733314514,0
53.2289309501648,0
53.22975182533264,0
53.23255443572998,0
53.23260545730591,0
53.2327287197113,0
53.2426438331604,0
53.24422717094421,0
53.244264125823975,0
53.24428415298462,0
53.24606227874756,0
53.24637722969055,0
53.24659156799317,0
53.25004029273987,0
53.25007581710816,0
53.25011682510376,0
53.26211190223694,0
53.26212787628174,0
53.26308345794678,0
53.26999950408936,0
53.27003884315491,0
53.27005624771118,0
53.286630392074585,0
53.286670207977295,0
53.28671979904175,0
53.28677940368652,0
53.2891001701355,0
53.28933835029602,0
53.28936290740967,0
53.29177761077881,0
53.29226589202881,0
53.29237747192383,0
53.29348850250244,0
53.293495178222656,0
53.30222535133362,0
53.302292585372925,0
53.311694383621216,0
53.311734199523926,0
53.31181311607361,0
53.31677913665772,0
53.33011174201965,0
53.33015131950378,0
53.3301682472229,0
53.34147238731384,0
53.34183311462402,0
53.35030245780945,0
53.3503475189209,0
53.35041213035584,0
53.366636514663696,0
53.3666775226593,0
53.366981983184814,0
53.36699366569519,0
53.36700105667114,0
53.36703443527222,0
53.3684561252594,0
53.36860966682434,0
53.37021589279175,0
53.37022042274475,0
53.3702712059021,0
53.39025068283081,0
53.3903751373291,0
53.390403747558594,0
53.392204999923706,0
53.392253398895264,0
53.39279842376709,0
53.39283967018128,0
53.39768433570862,0
53.3977255821228,0
53.3981568813324,0
53.39951539039612,0
53.39956045150757,0
53.40171051025391,0
53.40181016921997,0
53.41055202484131,0
53.410826444625854,0
53.41085767745972,0
53.41684341430664,0
53.43035340309143,0
53.43041443824768,0
53.43044066429138,0
53.45060396194458,0
53.45064926147461,0
53.451828479766846,0
53.47121810913086,0
53.47146534919739,0
53.47151398658752,0
53.48065042495728,0
53.48312711715698,0
53.48524308204651,0
53.48542141914368,0
53.485440492630005,0
53.48557949066162,0
53.48560357093811,0
53.48802447319031,0
53.48830151557922,0
53.48832678794861,0
53.48834586143494,0
53.49047589302063,0
53.49049639701843,0
53.49051237106323,0
53.49058270454407,0
53.4915075302124,0
53.49190354347229,0
53.49222111701965,0
53.49978303909302,0
53.50046896934509,0
53.50050234794617,0
53.501394271850586,0
53.504443645477295,0
53.50448322296143,0
53.50456261634827,0
53.50555920600891,0
53.50658917427063,0
53.50699973106384,0
53.50710940361023,0
53.51044392585754,0
53.5105242729187,0
53.510571241378784,0
53.51965022087097,0
53.52244257926941,0
53.5304639339447,0
53.53051209449768,0
53.5306134223938,0
53.54357624053955,0
53.55012917518616,0
53.55016779899597,0
53.55023789405823,0
53.57037401199341,0
53.5704185962677,0
53.57044172286987,0
53.591161012649536,0
53.591192960739136,0
53.59122800827026,0
53.592395067214966,0
53.59328317642212,0
53.59699249267578,0
53.5981183052063,0
53.59848594665527,0
53.59892988204956,0
53.60044050216675,0
53.60046076774597,0
53.60055303573608,0
53.60204124450684,0
53.60448908805847,0
53.610238790512085,0
53.61026310920715,0
53.61028718948364,0
53.61394667625427,0
53.61875343322754,0
53.61879277229309,0
53.62381076812744,0
53.62391090393066,0
53.631170988082886,0
53.63121485710144,0
53.63126254081726,0
53.652724504470825,0
53.65289855003357,0
53.65292382240296,0
53.66489005088806,0
53.67082667350769,0
53.67087769508362,0
53.67095232009888,0
53.69217133522034,0
53.69336485862732,0
53.693421363830566,0
53.69570636749268,0
53.697160959243774,0
53.69720768928528,0
53.69723176956177,0
53.70252680778504,0
53.70255136489868,0
53.70259070396423,0
53.7036612033844,0
53.710367918014526,0
53.710444927215576,0
53.71047258377075,0
53.71348190307617,0
53.71388411521912,0
53.7166154384613,0
53.71672248840332,0
53.71866226196289,0
53.71869730949402,0
53.719566822052,0
53.71962118148804,0
53.72169256210327,0
53.722229957580566,0
53.72310090065002,0
53.72324442863464,0
53.725746870040894,0
53.72738456726074,0
53.73009443283081,0
53.73012590408325,0
53.73019814491272,0
53.74986720085144,0
53.74989557266235,0
53.74993515014648,0
53.75148844718933,0
53.75190854072571,0
53.75285434722901,0
53.75287961959839,0
53.75291252136231,0
53.7529525756836,0
53.75750350952149,0
53.75752925872803,0
53.757635831832886,0
53.75878667831421,0
53.76424813270569,0
53.76498198509216,0
53.77079510688782,0
53.77083683013916,0
53.77089262008667,0
53.7900230884552,0
53.79005885124207,0
53.79012322425842,0
53.79209661483765,0
53.79289126396179,0
53.792930364608765,0
53.79300951957703,0
53.79406118392944,0
53.79408836364746,0
53.794596433639526,0
53.79601216316223,0
53.7960479259491,0
53.79760217666626,0
53.79766869544983,0
53.80040526390076,0
53.8101818561554,0
53.81023049354553,0
53.81029963493347,0
53.83035826683045,0
53.83041310310364,0
53.83055543899536,0
53.8434739112854,0
53.84352421760559,0
53.84357476234436,0
53.84362721443176,0
53.843780279159546,0
53.8438732624054,0
53.84394001960754,0
53.84395885467529,0
53.84617495536804,0
53.850160360336304,0
53.85029625892639,0
53.85041117668152,0
53.85631012916565,0
53.87012720108032,0
53.870161294937134,0
53.87018156051636,0
53.8813419342041,0
53.88140559196472,0
53.88146924972534,0
53.88248491287232,0
53.88338565826416,0
53.88342189788818,0
53.88357281684876,0
53.89052367210388,0
53.89053273200989,0
53.890599727630615,0
53.90550923347473,0
53.90558242797852,0
53.90744233131409,0
53.907474517822266,0
53.90869307518005,0
53.9102463722229,0
53.910693645477295,0
53.91073250770569,0
53.92355108261109,0
53.923588037490845,0
53.92364478111267,0
53.92366290092468,0
53.92839026451111,0
53.9288957118988,0
53.92893266677856,0
53.92894268035889,0
53.929322719573975,0
53.92948055267334,0
53.92954659461975,0
53.93017721176148,0
53.9302146434784,0
53.93039608001709,0
53.94335603713989,0
53.94363045692444,0
53.94365906715393,0
53.94998741149902,0
53.95078372955322,0
53.95092606544495,0
53.95613431930542,0
53.97046852111816,0
53.970526456832886,0
53.97059607505798,0
53.990816831588745,0
53.99087309837341,0
53.99398422241211,0
54.0017523765564,0
54.001781940460205,0
54.002519369125366,0
54.00522255897522,0
54.00561857223511,0
54.00564742088318,0
54.00589179992676,0
54.00593209266663,0
54.00614881515503,0
54.0088837146759,0
54.01093626022339,0
54.010981798172,0
54.01100420951843,0
54.01672124862671,0
54.01709270477295,0
54.017175912857056,0
54.017239809036255,0
54.025436878204346,0
54.0302095413208,0
54.030242681503296,0
54.03026032447815,0
54.031005859375,0
54.03349256515503,0
54.034058570861816,0
54.034260272979736,0
54.0405695438385,0
54.04074549674988,0
54.04077100753784,0
54.0520977973938,0
54.05218696594238,0
54.05223608016968,0
54.07072687149048,0
54.07081317901611,0
54.07084155082703,0
54.07839155197144,0
54.086997270584106,0
54.08943319320679,0
54.09051823616028,0
54.0905396938324,0
54.09099078178406,0
54.09102725982666,0
54.09112858772278,0
54.09209942817688,0
54.09213304519653,0
54.094122648239136,0
54.09489941596985,0
54.09932613372803,0
54.10231065750122,0
54.10235285758972,0
54.10414004325867,0
54.10425019264221,0
54.1050341129303,0
54.11057496070862,0
54.11062026023865,0
54.110687255859375,0
54.129359006881714,0
54.12939834594727,0
54.12955951690674,0
54.12958717346192,0
54.13029265403748,0
54.13066148757935,0
54.130690813064575,0
54.132837533950806,0
54.1328661441803,0
54.134392499923706,0
54.13455891609192,0
54.13620018959045,0
54.139774560928345,0
54.15348553657532,0
54.15364933013916,0
54.15366888046265,0
54.16523456573486,0
54.165303230285645,0
54.169161319732666,0
54.16920375823975,0
54.16925287246704,0
54.16929650306702,0
54.1694438457489,0
54.16959929466248,0
54.16961932182312,0
54.17009544372559,0
54.1701283454895,0
54.17014384269714,0
54.177072525024414,0
54.17753720283508,0
54.17755889892578,0
54.17769384384155,0
54.17976903915405,0
54.179922580718994,0
54.18000555038452,0
54.19016003608704,0
54.19020462036133,0
54.1903886795044,0
54.19728946685791,0
54.197375535964966,0
54.19956183433533,0
54.1996283531189,0
54.210601568222046,0
54.21065258979797,0
54.21067500114441,0
54.230677127838135,0
54.23073124885559,0
54.23073840141296,0
54.24071288108826,0
54.25103735923767,0
54.25120615959168,0
54.25122714042664,0
54.27148771286011,0
54.27148866653442,0
54.27151560783386,0
54.27152037620544,0
54.27456521987915,0
54.27459025382996,0
54.27467179298401,0
54.2760283946991,0
54.27607870101929,0
54.27627778053284,0
54.278217792510986,0
54.28970050811768,0
54.28974270820618,0
54.29151725769043,0
54.29153037071228,0
54.2915518283844,0
54.29307961463928,0
54.29312872886658,0
54.297122955322266,0
54.30544996261597,0
54.30546712875366,0
54.30552220344544,0
54.305537939071655,0
54.30721354484558,0
54.30730581283569,0
54.30732202529907,0
54.31023359298706,0
54.31026244163513,0
54.310274839401245,0
54.32789945602417,0
54.33174562454224,0
54.33180093765259,0
54.331825733184814,0
54.3319206237793,0
54.33562517166138,0
54.349449634552,0
54.3495671749115,0
54.3505289554596,0
54.3505585193634,0
54.351277112960815,0
54.35281848907471,0
54.35284900665283,0
54.35288858413696,0
54.3529326915741,0
54.35432815551758,0
54.35436034202576,0
54.35539650917053,0
54.370415925979614,0
54.3704833984375,0
54.37053322792053,0
54.38024878501892,0
54.38632535934448,0
54.38636040687561,0
54.38638138771057,0
54.38676404953003,0
54.39203190803528,0
54.39206671714783,0
54.392215967178345,0
54.40916872024536,0
54.40929412841797,0
54.40933513641357,0
54.41049933433533,0
54.41094493865967,0
54.41099095344544,0
54.41232776641846,0
54.41237497329712,0
54.41445875167847,0
54.41474938392639,0
54.41644287109375,0
54.41681742668152,0
54.41689133644104,0
54.41718554496765,0
54.41840672492981,0
54.418720960617065,0
54.41898560523987,0
54.425140619277954,0
54.432480573654175,0
54.432509422302246,0
54.432950496673584,0
54.43357014656067,0
54.43532156944275,0
54.44655966758728,0
54.4466245174408,0
54.4466655254364,0
54.44671034812927,0
54.45230960845947,0
54.45234155654907,0
54.45235514640808,0
54.45242738723755,0
54.45246648788452,0
54.4525089263916,0
54.47018504142761,0
54.47022819519043,0
54.470247983932495,0
54.47730875015259,0
54.49069309234619,0
54.49076962471008,0
54.49084782600403,0
54.50436878204346,0
54.50440239906311,0
54.50449800491333,0
54.50456476211548,0
54.50471258163452,0
54.50473880767822,0
54.50487399101257,0
54.51137614250183,0
54.51142191886902,0
54.511728048324585,0
54.52586126327515,0
54.52627944946289,0
54.52907133102417,0
54.52916479110718,0
54.53007531166077,0
54.53093957901001,0
54.53098893165589,0
54.5311598777771,0
54.54260206222534,0
54.54260420799256,0
54.54660487174988,0
54.54963397979736,0
54.5498161315918,0
54.54986381530762,0
54.55168700218201,0
54.55187845230103,0
54.55190563201904,0
54.560004234313965,0
54.56022906303406,0
54.561110734939575,0
54.564777851104736,0
54.57010197639465,0
54.57014560699463,0
54.57023882865906,0
54.5923535823822,0
54.59283113479614,0
54.59285831451416,0
54.59288191795349,0
54.592989444732666,0
54.59300875663757,0
54.593754529953,0
54.597718715667725,0
54.59775137901306,0
54.59807944297791,0
54.59938645362854,0
54.59980511665344,0
54.60358142852783,0
54.60369658470154,0
54.61006808280945,0
54.61010766029358,0
54.61018395423889,0
54.61727714538574,0
54.61925911903381,0
54.620373010635376,0
54.63022375106812,0
54.630271434783936,0
54.63034105300903,0
54.64936852455139,0
54.65010094642639,0
54.65074157714844,0
54.65079045295715,0
54.65081286430359,0
54.65083742141724,0
54.65182590484619,0
54.65523886680603,0
54.65562987327576,0
54.65659427642822,0
54.65826463699341,0
54.65828680992127,0
54.65829992294312,0
54.65830636024475,0
54.66906404495239,0
54.66910338401794,0
54.66912221908569,0
54.669983863830566,0
54.670016050338745,0
54.67006158828735,0
54.67331600189209,0
54.68178296089173,0
54.68182134628296,0
54.68183994293213,0
54.68431043624878,0
54.684985399246216,0
54.68506503105164,0
54.6855685710907,0
54.690497159957886,0
54.69053506851196,0
54.69156575202942,0
54.697913646698,0
54.697919845581055,0
54.700406074523926,0
54.70047163963318,0
54.71029186248779,0
54.71030616760254,0
54.71033215522766,0
54.72949242591858,0
54.73114085197449,0
54.731191873550415,0
54.73119950294495,0
54.734890937805176,0
54.74059700965881,0
54.75007963180542,0
54.75083827972412,0
54.75102949142456,0
54.75347185134888,0
54.75377178192139,0
54.75570607185364,0
54.755735874176025,0
54.75575590133667,0
54.75756907463074,0
54.76144886016846,0
54.76146578788757,0
54.76173806190491,0
54.76500058174133,0
54.76717019081116,0
54.770713567733765,0
54.770920515060425,0
54.77093267440796,0
54.77794933319092,0
54.79036045074463,0
54.79036569595337,0
54.79056525230408,0
54.80188536643982,0
54.80189728736877,0
54.80514931678772,0
54.80593371391296,0
54.80596709251404,0
54.80598592758179,0
54.80600571632385,0
54.81009244918823,0
54.8101179599762,0
54.81019234657288,0
54.82464504241944,0
54.8246660232544,0
54.82730507850647,0
54.82798004150391,0
54.828797578811646,0
54.83020305633545,0
54.83024263381958,0
54.83091711997986,0
54.85352635383606,0
54.85392880439758,0
54.8539559841156,0
54.85397934913635,0
54.85399770736694,0
54.85401630401611,0
54.855774879455566,0
54.85603594779968,0
54.85708665847778,0
54.85717797279358,0
54.86673378944397,0
54.87012577056885,0
54.87018418312073,0
54.87023687362671,0
54.87981939315796,0
54.88046383857727,0
54.88069224357605,0
54.8835437297821,0
54.884490728378296,0
54.884570598602295,0
54.8847246170044,0
54.89037537574768,0
54.89041209220886,0
54.89042925834656,0
54.90374183654785,0
54.90396022796631,0
54.90561771392822,0
54.90567111968994,0
54.90682291984558,0
54.90698480606079,0
54.90699982643128,0
54.90701103210449,0
54.90915513038635,0
54.90935134887695,0
54.91036057472229,0
54.91038393974304,0
54.91044759750366,0
54.910467863082886,0
54.93035650253296,0
54.93036341667175,0
54.930408000946045,0
54.94723057746887,0
54.95041227340698,0
54.95041251182556,0
54.95173668861389,0
54.956116914749146,0
54.95611763000488,0
54.95894742012024,0
54.95976448059082,0
54.95980429649353,0
54.95986771583557,0
54.97035336494446,0
54.97055196762085,0
54.97056198120117,0
54.97637844085693,0
54.97653794288635,0
54.97654676437378,0
54.97807598114014,0
54.98320770263672,0
54.98329114913941,0
54.983558893203735,0
54.983579874038696,0
54.98670172691345,0
54.986730337142944,0
54.98688268661499,0
54.98729062080383,0
54.990527629852295,0
54.99057173728943,0
54.99058938026428,0
55.00574612617493,0
55.005805253982544,0
55.00670528411865,0
55.0068953037262,0
55.01041960716248,0
55.01055574417114,0
55.01063537597656,0
55.03071546554565,0
55.03077578544617,0
55.0308005809784,0
55.03939342498779,0
55.05090689659119,0
55.0509569644928,0
55.05098080635071,0
55.070881843566895,0
55.07095551490784,0
55.07097744941712,0
55.0715696811676,0
55.07158613204956,0
55.071606159210205,0
55.07169628143311,0
55.07492685317993,0
55.07508111000061,0
55.07510590553284,0
55.075439453125,0
55.08884382247925,0
55.08886790275574,0
55.0888888835907,0
55.0889196395874,0
55.093209981918335,0
55.09327793121338,0
55.09337639808655,0
55.10033798217773,0
55.10034656524658,0
55.10086703300476,0
55.10093712806702,0
55.102720499038696,0
55.10662913322449,0
55.10670137405396,0
55.10824489593506,0
55.110310792922974,0
55.11034870147705,0
55.11036801338196,0
55.1112847328186,0
55.11242604255676,0
55.11462664604187,0
55.13038682937622,0
55.130460023880005,0
55.13048267364502,0
55.138946533203125,0
55.15088868141174,0
55.15093755722046,0
55.15141844749451,0
55.17142295837402,0
55.17145991325378,0
55.171539068222046,0
55.176782846450806,0
55.17682838439941,0
55.18044686317444,0
55.18134188652039,0
55.182429790496826,0
55.18410277366638,0
55.18674898147583,0
55.18686652183533,0
55.18697547912598,0
55.18842339515686,0
55.18846321105957,0
55.18848252296448,0
55.18867754936218,0
55.190337896347046,0
55.190338134765625,0
55.19037652015686,0
55.19131135940552,0
55.191638469696045,0
55.19178771972656,0
55.19507622718811,0
55.1999397277832,0
55.19997525215149,0
55.202725648880005,0
55.202964305877686,0
55.20367479324341,0
55.20370817184448,0
55.20412564277649,0
55.20453882217407,0
55.20454144477844,0
55.20515966415405,0
55.20522284507752,0
55.210089445114136,0
55.21012759208679,0
55.21014475822449,0
55.21903038024902,0
55.22059631347656,0
55.22182202339173,0
55.23019790649414,0
55.23023796081543,0
55.23025727272034,0
55.24143886566162,0
55.24148678779602,0
55.24187159538269,0
55.24346685409546,0
55.24837350845337,0
55.24845480918884,0
55.24848604202271,0
55.25059604644776,0
55.25063872337341,0
55.25066804885864,0
55.256712913513184,0
55.27065300941467,0
55.27068376541138,0
55.27070164680481,0
55.28335666656494,0
55.2838339805603,0
55.283896684646606,0
55.28393793106079,0
55.28621530532837,0
55.2862446308136,0
55.286261320114136,0
55.29143166542053,0
55.29157495498657,0
55.29159379005432,0
55.30503082275391,0
55.30511474609375,0
55.3075954914093,0
55.30761361122131,0
55.31079053878784,0
55.310800075531006,0
55.31081295013428,0
55.33030867576599,0
55.33035349845886,0
55.33037614822388,0
55.35032081604004,0
55.350361585617065,0
55.35080742835999,0
55.35258102416992,0
55.35788917541504,0
55.35792112350464,0
55.359184980392456,0
55.359220027923584,0
55.35929608345032,0
55.35931897163391,0
55.36400389671326,0
55.36406755447388,0
55.364179611206055,0
55.3705153465271,0
55.37056255340576,0
55.370583057403564,0
55.3902702331543,0
55.3903169631958,0
55.3903648853302,0
55.3929238319397,0
55.39945864677429,0
55.40028882026672,0
55.40032696723938,0
55.40033173561096,0
55.40426635742188,0
55.404295682907104,0
55.40439462661743,0
55.4080228805542,0
55.40807056427002,0
55.41030263900757,0
55.410632610321045,0
55.41068768501282,0
55.41176271438599,0
55.412049531936646,0
55.417847633361816,0
55.41808319091797,0
55.41834616661072,0
55.418378829956055,0
55.420947790145874,0
55.421382427215576,0
55.42143058776856,0
55.43050456047058,0
55.43056201934815,0
55.43100714683533,0
55.4503116607666,0
55.45036721229553,0
55.45050311088562,0
55.47066640853882,0
55.47087836265564,0
55.47127294540405,0
55.47549796104431,0
55.484925746917725,0
55.48496580123901,0
55.48498702049256,0
55.48504686355591,0
55.48567390441895,0
55.48640894889832,0
55.486409425735474,0
55.486929416656494,0
55.49314284324646,0
55.49317526817322,0
55.49319124221802,0
55.4938907623291,0
55.49441170692444,0
55.49444317817688,0
55.49445843696594,0
55.49826693534851,0
55.4982967376709,0
55.49849510192871,0
55.50070810317993,0
55.50072240829468,0
55.50285172462464,0
55.503312826156616,0
55.51002359390259,0
55.510048627853394,0
55.5100679397583,0
55.52814769744873,0
55.53049302101135,0
55.53053998947144,0
55.53121042251587,0
55.53165936470032,0
55.53234028816223,0
55.54625844955444,0
55.54630613327026,0
55.553449392318726,0
55.5534782409668,0
55.55356025695801,0
55.55362629890442,0
55.55375051498413,0
55.55381608009338,0
55.55387568473816,0
55.553990840911865,0
55.55404472351074,0
55.554105043411255,0
55.56762719154358,0
55.570326805114746,0
55.57049608230591,0
55.57060623168945,0
55.57072305679321,0
55.57294511795044,0
55.58401608467102,0
55.58412027359009,0
55.58422923088074,0
55.58425045013428,0
55.58620500564575,0
55.5862283706665,0
55.58668231964111,0
55.58991527557373,0
55.589956760406494,0
55.589972734451294,0
55.59878182411194,0
55.59879183769226,0
55.598827600479126,0
55.59888052940369,0
55.610068559646606,0
55.61010718345642,0
55.61018657684326,0
55.61450004577637,0
55.6301896572113,0
55.63022756576538,0
55.63024616241455,0
55.64025640487671,0
55.64028453826904,0
55.64035153388977,0
55.64037680625916,0
55.65038204193115,0
55.65047860145569,0
55.65049147605896,0
55.669631481170654,0
55.66967368125916,0
55.66997504234314,0
55.67073464393616,0
55.67076826095581,0
55.6707763671875,0
55.67600321769714,0
55.67653775215149,0
55.6765673160553,0
55.67657852172852,0
55.68224048614502,0
55.682262897491455,0
55.68240118026733,0
55.68242835998535,0
55.69153261184693,0
55.69173502922058,0
55.69177842140198,0
55.69179725646973,0
55.69455146789551,0
55.69459319114685,0
55.69480776786804,0
55.69825482368469,0
55.69839930534363,0
55.69841814041138,0
55.70471405982971,0
55.70500946044922,0
55.710524797439575,0
55.7105438709259,0
55.7105610370636,0
55.71061944961548,0
55.71073937416077,0
55.71300292015076,0
55.716843128204346,0
55.71811461448669,0
55.731677770614624,0
55.73171782493591,0
55.73172450065613,0
55.74487328529358,0
55.744892597198486,0
55.74491024017334,0
55.7473087310791,0
55.75018882751465,0
55.75030279159546,0
55.750871896743774,0
55.75782942771912,0
55.75785160064697,0
55.75822234153748,0
55.761924028396606,0
55.77001333236694,0
55.77004432678223,0
55.77005815505981,0
55.781856536865234,0
55.78194069862366,0
55.78446793556213,0
55.784770011901855,0
55.78480172157288,0
55.78490591049194,0
55.79054021835327,0
55.79078912734985,0
55.79099774360657,0
55.795982837677,0
55.7962212562561,0
55.79647946357727,0
55.81117844581604,0
55.81121754646301,0
55.81123900413513,0
55.82847833633423,0
55.82856798171997,0
55.83056282997131,0
55.83062291145325,0
55.83064866065979,0
55.83327102661133,0
55.83336114883423,0
55.83936405181885,0
55.84015321731568,0
55.84472250938416,0
55.85653305053711,0
55.856576442718506,0
55.85663866996765,0
55.86365556716919,0
55.864145040512085,0
55.8642098903656,0
55.86431932449341,0
55.87124824523926,0
55.87127685546875,0
55.87133121490479,0
55.871500730514526,0
55.87151765823364,0
55.87159395217896,0
55.871679067611694,0
55.87838816642761,0
55.878419160842896,0
55.87843465805054,0
55.87844896316528,0
55.89078307151794,0
55.89081883430481,0
55.89119625091553,0
55.91150403022766,0
55.91155648231506,0
55.91157650947571,0
55.91163945198059,0
55.9116895198822,0
55.9117476940155,0
55.91291117668152,0
55.91294598579407,0
55.91476249694824,0
55.91478419303894,0
55.9173469543457,0
55.91760921478272,0
55.91763687133789,0
55.91763877868652,0
55.92296576499939,0
55.92335391044617,0
55.92338585853577,0
55.92403078079224,0
55.93039655685425,0
55.93047595024109,0
55.93056392669678,0
55.95068001747131,0
55.95102000236511,0
55.95159602165222,0
55.95955204963684,0
55.95995545387268,0
55.96339440345764,0
55.96582460403442,0
55.965850591659546,0
55.96587491035461,0
55.9659309387207,0
55.96747064590454,0
55.96751046180725,0
55.967737674713135,0
55.9705057144165,0
55.97054171562195,0
55.97080850601196,0
55.9720196723938,0
55.985063791275024,0
55.99040007591248,0
55.99043250083923,0
55.99049973487854,0
56.00740599632263,0
56.0074450969696,0
56.007505655288696,0
56.00755476951599,0
56.00771927833557,0
56.0077428817749,0
56.00834321975708,0
56.00854110717773,0
56.01070022583008,0
56.01096034049988,0
56.01098299026489,0
56.01110553741455,0
56.01119756698608,0
56.01669454574585,0
56.01671767234802,0
56.02325391769409,0
56.03090453147888,0
56.03098917007446,0
56.03101873397827,0
56.0521674156189,0
56.05222010612488,0
56.05229449272156,0
56.068291664123535,0
56.06833219528198,0
56.068400621414185,0
56.06851077079773,0
56.07344388961792,0
56.07347917556763,0
56.07355284690857,0
56.07415008544922,0
56.07416772842407,0
56.07418417930603,0
56.074445724487305,0
56.09120178222656,0
56.09124660491944,0
56.0912880897522,0
56.09132409095764,0
56.09140110015869,0
56.09141898155213,0
56.09145998954773,0
56.09154748916626,0
56.091620445251465,0
56.09218692779541,0
56.09224724769592,0
56.09226202964783,0
56.09515357017517,0
56.09517216682434,0
56.11183142662048,0
56.11188054084778,0
56.111942529678345,0
56.11684584617615,0
56.11795687675476,0
56.13038659095764,0
56.13052320480347,0
56.13058972358704,0
56.15116357803345,0
56.15122127532959,0
56.15177536010742,0
56.15751528739929,0
56.165119647979736,0
56.165597438812256,0
56.167404890060425,0
56.16743612289429,0
56.16763997077942,0
56.16766810417175,0
56.170424938201904,0
56.17042922973633,0
56.172983169555664,0
56.17617654800415,0
56.17624616622925,0
56.1770498752594,0
56.17764687538147,0
56.17773580551148,0
56.17781925201416,0
56.1778404712677,0
56.18435788154602,0
56.18437242507935,0
56.18446850776672,0
56.18454051017761,0
56.19090390205383,0
56.19103503227234,0
56.19109487533569,0
56.20055842399597,0
56.20060205459595,0
56.20062565803528,0
56.21020197868347,0
56.210243225097656,0
56.21026277542114,0
56.23029804229736,0
56.23032474517822,0
56.23035192489624,0
56.23417854309082,0
56.23443961143494,0
56.23450183868408,0
56.2402868270874,0
56.24033999443054,0
56.24117422103882,0
56.24181294441223,0
56.24251961708069,0
56.24533820152283,0
56.24923825263977,0
56.250627279281616,0
56.25067663192749,0
56.25075173377991,0
56.26508617401123,0
56.26540970802307,0
56.26560854911804,0
56.26579236984253,0
56.268298387527466,0
56.26861047744751,0
56.26954460144043,0
56.27003931999207,0
56.27005934715271,0
56.27007508277893,0
56.27173829078674,0
56.29029321670532,0
56.29077124595642,0
56.29081201553345,0
56.2990140914917,0
56.30117845535278,0
56.30121445655823,0
56.30126714706421,0
56.30142831802368,0
56.30147552490234,0
56.301493406295776,0
56.30158472061157,0
56.30160403251648,0
56.301669120788574,0
56.30168795585632,0
56.310136795043945,0
56.31018114089966,0
56.31026291847229,0
56.330341815948486,0
56.33037209510803,0
56.330381870269775,0
56.3438241481781,0
56.35208988189697,0
56.35213088989258,0
56.35567140579224,0
56.3556911945343,0
56.35593557357788,0
56.37027788162232,0
56.37031006813049,0
56.37032413482666,0
56.37533211708069,0
56.37535858154297,0
56.37540531158447,0
56.37567186355591,0
56.37861323356629,0
56.37863564491272,0
56.3787317276001,0
56.37966871261597,0
56.38146209716797,0
56.39077115058899,0
56.39084219932556,0
56.39195966720581,0
56.39670443534851,0
56.403467416763306,0
56.405402421951294,0
56.40556454658508,0
56.40557599067688,0
56.40898394584656,0
56.40918707847595,0
56.40991449356079,0
56.41040682792664,0
56.41043138504028,0
56.41044664382935,0
56.41132831573486,0
56.41153025627136,0
56.41154956817627,0
56.41156625747681,0
56.41454100608826,0
56.41487407684326,0
56.414904832839966,0
56.41491508483887,0
56.41663575172424,0
56.417004346847534,0
56.41705107688904,0
56.430260181427,0
56.43031573295593,0
56.430410861968994,0
56.44444489479065,0
56.45095872879028,0
56.45099401473999,0
56.45118045806885,0
56.45710015296936,0
56.45712661743164,0
56.45719933509827,0
56.457268476486206,0
56.46445918083191,0
56.46450352668762,0
56.46456146240234,0
56.4697642326355,0
56.47050786018372,0
56.47318291664124,0
56.47325229644776,0
56.48858380317688,0
56.48859930038452,0
56.48864316940308,0
56.48867821693421,0
56.4901978969574,0
56.49024152755737,0
56.49066257476807,0
56.49341177940369,0
56.4934561252594,0
56.49356102943421,0
56.49370956420898,0
56.495614767074585,0
56.49564409255981,0
56.49565815925598,0
56.51157093048096,0
56.51211738586426,0
56.51214456558228,0
56.52035450935364,0
56.52234101295471,0
56.53037023544312,0
56.53040909767151,0
56.53043103218079,0
56.55114054679871,0
56.55116534233093,0
56.55119156837464,0
56.55189156532288,0
56.55837893486023,0
56.558406591415405,0
56.558425426483154,0
56.55851316452026,0
56.56105446815491,0
56.56111907958984,0
56.56116986274719,0
56.57144236564636,0
56.57146406173706,0
56.57148313522339,0
56.59078860282898,0
56.590900897979736,0
56.59097766876221,0
56.59790277481079,0
56.60501170158386,0
56.60508108139038,0
56.606029987335205,0
56.60735750198364,0
56.607386350631714,0
56.6092095375061,0
56.61047911643982,0
56.610525369644165,0
56.6106333732605,0
56.61333918571472,0
56.613359451293945,0
56.613431215286255,0
56.61555194854736,0
56.61559724807739,0
56.61635398864746,0
56.6165292263031,0
56.61734580993652,0
56.61861848831177,0
56.630489110946655,0
56.63051271438599,0
56.63064408302307,0
56.65035557746887,0
56.65041399002075,0
56.65043640136719,0
56.67036771774292,0
56.67040944099426,0
56.67051529884338,0
56.680222272872925,0
56.6901969909668,0
56.69023442268372,0
56.69025373458862,0
56.71036529541016,0
56.71042013168335,0
56.710445404052734,0
56.71794247627258,0
56.717957735061646,0
56.71797156333923,0
56.717986822128296,0
56.73090362548828,0
56.73095226287842,0
56.73102116584778,0
56.75051403045654,0
56.750539779663086,0
56.75063180923462,0
56.75973582267761,0
56.7597758769989,0
56.75985503196716,0
56.76308798789978,0
56.76314330101013,0
56.763163805007935,0
56.76359033584595,0
56.77254962921143,0
56.77368664741516,0
56.77371287345886,0
56.77483296394348,0
56.775935888290405,0
56.77596545219421,0
56.77783679962158,0
56.779168128967285,0
56.7833263874054,0
56.783337354660034,0
56.78334307670593,0
56.79047226905823,0
56.79050374031067,0
56.79055833816528,0
56.79117774963379,0
56.79120826721192,0
56.79558539390564,0
56.79656171798706,0
56.797659158706665,0
56.7978458404541,0
56.7980535030365,0
56.79999041557312,0
56.80175924301148,0
56.81016039848328,0
56.81016540527344,0
56.810200691223145,0
56.81731033325195,0
56.81733298301697,0
56.81776475906372,0
56.818780183792114,0
56.81881618499756,0
56.82129168510437,0
56.82159185409546,0
56.82301902770996,0
56.82737112045288,0
56.828728437423706,0
56.830042600631714,0
56.83007788658142,0
56.8301727771759,0
56.83851671218872,0
56.83852195739746,0
56.83856511116028,0
56.83862900733948,0
56.85123491287232,0
56.85130286216736,0
56.85134363174439,0
56.86134004592896,0
56.861526012420654,0
56.861952781677246,0
56.86298441886902,0
56.8709454536438,0
56.8709888458252,0
56.87110924720764,0
56.892744302749634,0
56.89275884628296,0
56.89282536506653,0
56.89284563064575,0
56.89305639266968,0
56.89307355880737,0
56.89309430122376,0
56.89310932159424,0
56.893149852752686,0
56.89317870140076,0
56.89319634437561,0
56.893263816833496,0
56.89826130867005,0
56.89828133583069,0
56.91110801696777,0
56.91115880012512,0
56.91119980812073,0
56.918763160705566,0
56.918800592422485,0
56.91902279853821,0
56.91928005218506,0
56.92027997970581,0
56.92053437232971,0
56.92071461677551,0
56.9305465221405,0
56.93058490753174,0
56.930659532547,0
56.93941259384155,0
56.95031809806824,0
56.950361251831055,0
56.95071816444397,0
56.971022605896,0
56.97111034393311,0
56.9713306427002,0
56.97590208053589,0
56.976136207580566,0
56.98024845123291,0
56.98030424118042,0
56.98032546043396,0
56.98046970367432,0
56.98051929473877,0
56.98057794570923,0
56.98060154914856,0
56.98090314865112,0
56.98660922050476,0
56.986666202545166,0
56.98668527603149,0
56.98673486709595,0
56.99020147323608,0
56.99024200439453,0
56.99090313911438,0
56.99711036682129,0
56.997368574142456,0
56.997395038604736,0
57.00027847290039,0
57.002357721328735,0
57.00244069099426,0
57.00390911102295,0
57.00394916534424,0
57.01114583015442,0
57.01122951507568,0
57.01128482818604,0
57.03072237968445,0
57.03079032897949,0
57.03093338012695,0
57.036585569381714,0
57.050904750823975,0
57.05103659629822,0
57.051164388656616,0
57.07089900970459,0
57.07091927528381,0
57.07093691825867,0
57.07632064819336,0
57.07635760307312,0
57.07691955566406,0
57.07695651054382,0
57.07939171791077,0
57.07951617240906,0
57.08011102676392,0
57.08158040046692,0
57.08351993560791,0
57.08716320991516,0
57.09876775741577,0
57.0987823009491,0
57.09882974624634,0
57.101694107055664,0
57.101725339889526,0
57.10403776168823,0
57.10407471656799,0
57.10639429092407,0
57.10640740394592,0
57.10662984848023,0
57.11006474494934,0
57.110095262527466,0
57.110109090805054,0
57.11822986602783,0
57.11826252937317,0
57.11856436729431,0
57.1186158657074,0
57.12209153175354,0
57.12212491035461,0
57.12217545509338,0
57.1307213306427,0
57.13078022003174,0
57.13080167770386,0
57.150330781936646,0
57.15039706230164,0
57.15042448043823,0
57.15114879608154,0
57.1520140171051,0
57.15205812454224,0
57.15207815170288,0
57.15359687805176,0
57.155086040496826,0
57.15533256530762,0
57.16397976875305,0
57.16426181793213,0
57.16428065299988,0
57.166813135147095,0
57.16720128059387,0
57.16758131980896,0
57.16772413253784,0
57.17038178443909,0
57.17041373252869,0
57.17043161392212,0
57.17260408401489,0
57.17278552055359,0
57.17303919792175,0
57.173452854156494,0
57.18670320510864,0
57.186726331710815,0
57.18730187416077,0
57.19025421142578,0
57.19028997421265,0
57.190319538116455,0
57.19225358963013,0
57.19227361679077,0
57.21015167236328,0
57.21019744873047,0
57.23031783103943,0
57.23037075996399,0
57.23039197921753,0
57.23600649833679,0
57.25056767463684,0
57.2506160736084,0
57.25061845779419,0
57.26225996017456,0
57.26235580444336,0
57.26238179206848,0
57.26268434524536,0
57.26698279380798,0
57.2670259475708,0
57.26795911788941,0
57.27037191390991,0
57.2704029083252,0
57.27043628692627,0
57.288350343704224,0
57.2899820804596,0
57.29000639915466,0
57.29001712799072,0
57.29304552078247,0
57.29305815696716,0
57.294567584991455,0
57.29457998275757,0
57.295437812805176,0
57.302900314331055,0
57.303322315216064,0
57.30353713035584,0
57.30355763435364,0
57.30613470077515,0
57.30615186691284,0
57.306214570999146,0
57.30995059013367,0
57.30998086929321,0
57.32990097999573,0
57.329930543899536,0
57.330089807510376,0
57.34428000450134,0
57.35037970542908,0
57.350414991378784,0
57.35076332092285,0
57.35156178474426,0
57.35156226158142,0
57.36233997344971,0
57.36235761642456,0
57.36278200149536,0
57.36281871795654,0
57.36639213562012,0
57.36640930175781,0
57.36643147468567,0
57.37099719047546,0
57.37106442451477,0
57.37108540534973,0
57.37217164039612,0
57.37221002578735,0
57.37222385406494,0
57.37225103378296,0
57.390055418014526,0
57.3900625705719,0
57.390095472335815,0
57.39516925811768,0
57.39543962478638,0
57.39546155929565,0
57.40087819099426,0
57.40161037445069,0
57.40171408653259,0
57.40189838409424,0
57.40191125869751,0
57.405670166015625,0
57.40613484382629,0
57.40662407875061,0
57.40783190727234,0
57.407861948013306,0
57.41128158569336,0
57.41131925582886,0
57.41132402420044,0
57.41237139701843,0
57.41243553161621,0
57.42211174964905,0
57.430474042892456,0
57.4305112361908,0
57.4305522441864,0
57.44027280807495,0
57.4402961730957,0
57.44055509567261,0
57.44058132171631,0
57.44259262084961,0
57.44260215759277,0
57.4428277015686,0
57.45004105567932,0
57.45006585121155,0
57.45011568069458,0
57.47054719924927,0
57.470552921295166,0
57.47417426109314,0
57.4796724319458,0
57.48404097557068,0
57.4850389957428,0
57.48505258560181,0
57.48511028289795,0
57.4901659488678,0
57.4901909828186,0
57.49020290374756,0
57.50971460342407,0
57.51003694534302,0
57.51005411148071,0
57.51010465621948,0
57.5104706287384,0
57.51057648658752,0
57.512861251831055,0
57.51310992240906,0
57.51364850997925,0
57.5136513710022,0
57.51401162147522,0
57.52315020561218,0
57.52398419380188,0
57.529895067214966,0
57.52992177009583,0
57.52993440628052,0
57.541948318481445,0
57.541974782943726,0
57.54295873641968,0
57.54298639297485,0
57.54300332069397,0
57.54320621490479,0
57.55007028579712,0
57.55010390281677,0
57.55029082298279,0
57.56790852546692,0
57.56797552108765,0
57.56804013252258,0
57.56939721107483,0
57.57078313827515,0
57.57081747055054,0
57.57087206840515,0
57.571863412857056,0
57.57991337776184,0
57.58760333061218,0
57.587740421295166,0
57.58794498443604,0
57.587966203689575,0
57.59071111679077,0
57.59074139595032,0
57.590813398361206,0
57.60487174987793,0
57.60489559173584,0
57.60495924949646,0
57.60717511177063,0
57.60772395133972,0
57.61030888557434,0
57.61032438278198,0
57.61033868789673,0
57.61085057258606,0
57.6108717918396,0
57.61177182197571,0
57.61196994781494,0
57.61199116706848,0
57.6120023727417,0
57.618497371673584,0
57.61864709854126,0
57.61872625350952,0
57.62091374397278,0
57.63000702857971,0
57.63014364242554,0
57.63016152381897,0
57.64200949668884,0
57.64204144477844,0
57.64208507537842,0
57.64209961891174,0
57.64233493804932,0
57.64236211776733,0
57.64236235618591,0
57.65006685256958,0
57.65017986297608,0
57.65033125877381,0
57.65793800354004,0
57.65913057327271,0
57.67006516456604,0
57.67006540298462,0
57.670100927352905,0
57.670432329177856,0
57.69057822227478,0
57.690600633621216,0
57.69062852859497,0
57.69933891296387,0
57.69934916496277,0
57.69939279556274,0
57.6994059085846,0
57.70153379440308,0
57.70192360877991,0
57.70195174217224,0
57.70994019508362,0
57.71021103858948,0
57.710232734680176,0
57.716628551483154,0
57.71686410903931,0
57.73021149635315,0
57.73024010658264,0
57.730252265930176,0
57.74302124977112,0
57.74310469627381,0
57.74997425079346,0
57.75000047683716,0
57.750004053115845,0
57.77047109603882,0
57.77078628540039,0
57.77118253707886,0
57.78602385520935,0
57.79022169113159,0
57.79025912284851,0
57.79031467437744,0
57.79266095161438,0
57.7926926612854,0
57.80776619911194,0
57.807804107666016,0
57.80788326263428,0
57.81111717224121,0
57.81225824356079,0
57.81228303909302,0
57.81237101554871,0
57.81322264671326,0
57.813284158706665,0
57.81406760215759,0
57.81412625312805,0
57.8141496181488,0
57.81426954269409,0
57.81434726715088,0
57.81510162353516,0
57.83038091659546,0
57.83038115501404,0
57.83043193817139,0
57.8362352848053,0
57.83629131317139,0
57.84046030044556,0
57.84048414230347,0
57.840781450271606,0
57.840811252594,0
57.84333896636963,0
57.84338450431824,0
57.84367799758911,0
57.84566068649292,0
57.846057176589966,0
57.84607124328613,0
57.84608006477356,0
57.85227966308594,0
57.85230565071106,0
57.85231685638428,0
57.87001442909241,0
57.87003993988037,0
57.87005114555359,0
57.87047481536865,0
57.87048840522766,0
57.87109613418579,0
57.87114882469177,0
57.88248181343079,0
57.882482051849365,0
57.88343834877014,0
57.883439779281616,0
57.886446714401245,0
57.88647532463074,0
57.88715934753418,0
57.89163589477539,0
57.891637086868286,0
57.89168834686279,0
57.90433430671692,0
57.90435338020325,0
57.905484199523926,0
57.90550136566162,0
57.90876746177673,0
57.90878105163574,0
57.909934282302856,0
57.90994954109192,0
57.910090923309326,0
57.92984080314636,0
57.92986583709717,0
57.92990684509277,0
57.93831729888916,0
57.95034337043762,0
57.95037770271301,0
57.95045375823975,0
57.96680402755737,0
57.96694993972778,0
57.968175172805786,0
57.9683518409729,0
57.96849298477173,0
57.96852517127991,0
57.97052979469299,0
57.97055411338806,0
57.97057008743286,0
57.97200274467468,0
57.972017765045166,0
57.972031354904175,0
57.98320126533508,0
57.990474224090576,0
57.99050211906433,0
57.99051690101624,0
58.00296235084534,0
58.00299859046936,0
58.00318908691406,0
58.00320982933045,0
58.00575757026672,0
58.00737118721008,0
58.00774884223938,0
58.01098942756653,0
58.01102638244629,0
58.01108813285828,0
58.01110911369324,0
58.01116442680359,0
58.01360583305359,0
58.0186243057251,0
58.01991391181946,0
58.03047585487366,0
58.03050947189331,0
58.03057646751404,0
58.04921817779541,0
58.04924178123474,0
58.04975771903992,0
58.04978060722351,0
58.04985761642456,0
58.049870014190674,0
58.05057764053345,0
58.05163979530335,0
58.05199575424194,0
58.052364110946655,0
58.0538649559021,0
58.05477857589722,0
58.054805517196655,0
58.05500149726868,0
58.0554986000061,0
58.05572485923767,0
58.05574917793274,0
58.05730962753296,0
58.07001972198486,0
58.07004737854004,0
58.0700581073761,0
58.07908773422241,0
58.079116344451904,0
58.07912850379944,0
58.07938098907471,0
58.08102297782898,0
58.081048011779785,0
58.081385374069214,0
58.08995199203491,0
58.09015226364136,0
58.09017038345337,0
58.097434759140015,0
58.09745907783508,0
58.09896397590637,0
58.09896731376648,0
58.11006760597229,0
58.11009478569031,0
58.11013436317444,0
58.12460207939148,0
58.12618589401245,0
58.12709140777588,0
58.13002347946167,0
58.13005089759827,0
58.13006377220154,0
58.14860415458679,0
58.14868521690369,0
58.1504008769989,0
58.15041446685791,0
58.15042781829834,0
58.15044093132019,0
58.15045666694641,0
58.15049195289612,0
58.15052056312561,0
58.15153884887695,0
58.15181517601013,0
58.151973724365234,0
58.15422558784485,0
58.17023396492005,0
58.17026996612549,0
58.17030620574951,0
58.19057512283325,0
58.19058299064636,0
58.19062089920044,0
58.19272804260254,0
58.19276309013367,0
58.19278144836426,0
58.19386577606201,0
58.1963427066803,0
58.19643688201904,0
58.196850299835205,0
58.199700355529785,0
58.19971966743469,0
58.20056366920471,0
58.20073223114014,0
58.20998287200928,0
58.21003556251526,0
58.21004557609558,0
58.230332374572754,0
58.23038148880005,0
58.23038578033447,0
58.25006318092346,0
58.25006413459778,0
58.25009799003601,0
58.26060080528259,0
58.26481652259827,0
58.26490354537964,0
58.26490569114685,0
58.270638942718506,0
58.27066111564636,0
58.27070116996765,0
58.270734786987305,0
58.29103088378906,0
58.2910749912262,0
58.291090965271,0
58.29161214828491,0
58.29256510734558,0
58.29258298873901,0
58.292699337005615,0
58.29412388801575,0
58.30779695510864,0
58.31057953834534,0
58.31059193611145,0
58.31061387062073,0
58.31201219558716,0
58.31239128112793,0
58.3124144077301,0
58.31242632865906,0
58.31485629081726,0
58.31491589546204,0
58.31773376464844,0
58.31780481338501,0
58.3188738822937,0
58.31888389587402,0
58.3188853263855,0
58.318894386291504,0
58.32034158706665,0
58.32070207595825,0
58.32077407836914,0
58.3244571685791,0
58.32992219924927,0
58.32997083663941,0
58.33013916015625,0
58.34602546691895,0
58.34610319137573,0
58.34719753265381,0
58.34755778312683,0
58.34756946563721,0
58.34758543968201,0
58.348610401153564,0
58.348626136779785,0
58.35014152526856,0
58.350141763687134,0
58.3501615524292,0
58.350205183029175,0
58.35616374015808,0
58.36993622779846,0
58.36997008323669,0
58.37001943588257,0
58.38517785072327,0
58.38520479202271,0
58.38523578643799,0
58.38529253005981,0
58.38530468940735,0
58.38534426689148,0
58.38539910316467,0
58.389856815338135,0
58.38988757133484,0
58.38989090919495,0
58.39957404136658,0
58.39978003501892,0
58.401612520217896,0
58.40172529220581,0
58.4024121761322,0
58.41000747680664,0
58.410043478012085,0
58.41010522842407,0
58.42427611351013,0
58.425448179245,0
58.430092334747314,0
58.430129051208496,0
58.43017530441284,0
58.444936752319336,0
58.44500374794006,0
58.44505333900452,0
58.44509792327881,0
58.44519710540772,0
58.44524550437927,0
58.44529557228088,0
58.45017862319946,0
58.45021438598633,0
58.45023322105408,0
58.4698793888092,0
58.470003843307495,0
58.47001838684082,0
58.47787952423096,0
58.48989534378052,0
58.48992419242859,0
58.48995327949524,0
58.51010775566101,0
58.51013731956482,0
58.51015996932984,0
58.53028702735901,0
58.53031826019287,0
58.53032064437866,0
58.549991607666016,0
58.55002641677856,0
58.55022883415222,0
58.55523729324341,0
58.55531716346741,0
58.556955337524414,0
58.55698561668396,0
58.55788779258728,0
58.55791902542114,0
58.55909323692322,0
58.55912518501282,0
58.5597083568573,0
58.56007385253906,0
58.560104846954346,0
58.5612211227417,0
58.56125593185425,0
58.561861515045166,0
58.57091856002808,0
58.570964336395264,0
58.5709867477417,0
58.572295904159546,0
58.574328660964966,0
58.58021068572998,0
58.580331325531006,0
58.58034801483154,0
58.580365896224976,0
58.581223011016846,0
58.58137965202332,0
58.58150553703308,0
58.590240478515625,0
58.59028077125549,0
58.59034395217896,0
58.59429860115051,0
58.59967231750488,0
58.59984612464905,0
58.59987473487854,0
58.59989094734192,0
58.601462841033936,0
58.601470708847046,0
58.601491928100586,0
58.60266637802124,0
58.60274815559387,0
58.60469937324524,0
58.60477018356323,0
58.610042095184326,0
58.61031484603882,0
58.61034321784973,0
58.61653900146485,0
58.63021445274353,0
58.63024401664734,0
58.630258321762085,0
58.6409170627594,0
58.640944480896,0
58.64095878601074,0
58.64099812507629,0
58.64105224609375,0
58.64108276367188,0
58.64111137390137,0
58.64997005462647,0
58.64997029304504,0
58.650002002716064,0
58.6641697883606,0
58.67006659507752,0
58.67009234428406,0
58.670104026794434,0
58.67765736579895,0
58.67766857147217,0
58.67870879173279,0
58.678735971450806,0
58.68061995506287,0
58.68064713478088,0
58.6806960105896,0
58.690136432647705,0
58.6901638507843,0
58.69017767906189,0
58.71016788482666,0
58.71018409729004,0
58.71073341369629,0
58.71078538894653,0
58.71114635467529,0
58.71327686309815,0
58.71332335472107,0
58.71415615081787,0
58.71605825424194,0
58.730531454086304,0
58.73057174682617,0
58.73058605194092,0
58.75043606758118,0
58.75046181678772,0
58.75047826766968,0
58.76338863372803,0
58.76848673820496,0
58.76850605010986,0
58.77013158798218,0
58.770167112350464,0
58.770185708999634,0
58.77020955085754,0
58.77022862434387,0
58.77069616317749,0
58.77098608016968,0
58.791788816452026,0
58.79184484481812,0
58.79251551628113,0
58.79473090171814,0
58.79474854469299,0
58.79480576515198,0
58.79613924026489,0
58.797791719436646,0
58.79851675033569,0
58.8034074306488,0
58.80343818664551,0
58.80345439910889,0
58.80351877212525,0
58.81088709831238,0
58.81092357635498,0
58.81254816055298,0
58.82881808280945,0
58.82906913757324,0
58.83036661148071,0
58.83040308952332,0
58.8307204246521,0
58.83284139633179,0
58.83297967910767,0
58.83428168296814,0
58.83489871025085,0
58.83492422103882,0
58.8358964920044,0
58.83603477478027,0
58.83660101890564,0
58.83662271499634,0
58.83704614639282,0
58.85003256797791,0
58.85087990760803,0
58.850903272628784,0
58.85777831077576,0
58.8577995300293,0
58.85799956321716,0
58.85820007324219,0
58.87222981452942,0
58.87227010726929,0
58.87347102165222,0
58.88203430175781,0
58.88206195831299,0
58.88209581375122,0
58.88982272148132,0
58.89003920555115,0
58.8900671005249,0
58.909913301467896,0
58.91007995605469,0
58.91009473800659,0
58.92249393463135,0
58.93002271652222,0
58.930052280426025,0
58.93009924888611,0
58.9425835609436,0
58.94267463684082,0
58.94377112388611,0
58.94445300102234,0
58.9444534778595,0
58.94472527503967,0
58.95005202293396,0
58.95008492469788,0
58.95009970664978,0
58.97034215927124,0
58.97039008140564,0
58.97399854660034,0
58.97404193878174,0
58.97672986984253,0
58.97696185112,0
58.97874903678894,0
58.98505616188049,0
58.98576450347901,0
58.98580551147461,0
58.98582315444946,0
58.99192547798157,0
58.99195837974548,0
58.99197268486023,0
58.99936532974243,0
58.99939656257629,0
58.99941325187683,0
58.9994592666626,0
59.00041437149048,0
59.00044465065002,0
59.00047135353088,0
59.00154638290405,0
59.00534152984619,0
59.00537133216858,0
59.00801587104797,0
59.00804853439331,0
59.0100245475769,0
59.01002478599548,0
59.01006579399109,0
59.017566204071045,0
59.018937826156616,0
59.02008080482483,0
59.030372858047485,0
59.030407667160034,0
59.03044605255127,0
59.04218983650208,0
59.04252934455872,0
59.04255771636963,0
59.0428957939148,0
59.04452610015869,0
59.04460763931274,0
59.04510235786438,0
59.04996085166931,0
59.04998302459717,0
59.05008554458618,0
59.06211233139038,0
59.06230807304382,0
59.06233024597168,0
59.06246304512024,0
59.06478023529053,0
59.064987659454346,0
59.06512475013733,0
59.0662739276886,0
59.07007050514221,0
59.0700957775116,0
59.070106983184814,0
59.089993715286255,0
59.0900354385376,0
59.09005260467529,0
59.11027431488037,0
59.11031413078308,0
59.126206398010254,0
59.12621855735779,0
59.127824544906616,0
59.12870383262634,0
59.12889409065247,0
59.12890815734863,0
59.1293580532074,0
59.12938404083252,0
59.12940859794617,0
59.1299090385437,0
59.12992787361145,0
59.12993884086609,0
59.13101601600647,0
59.13112163543701,0
59.15046238899231,0
59.15049481391907,0
59.150574922561646,0
59.15549612045288,0
59.16067171096802,0
59.1607027053833,0
59.16199564933777,0
59.16214084625244,0
59.16216969490051,0
59.16221356391907,0
59.16366863250733,0
59.16387438774109,0
59.16391110420227,0
59.16460132598877,0
59.17017149925232,0
59.17021894454956,0
59.17025375366211,0
59.17103362083435,0
59.17258930206299,0
59.17962527275085,0
59.17964601516724,0
59.179646730422974,0
59.17975974082947,0
59.18991565704346,0
59.190032958984375,0
59.19008731842041,0
59.21343278884888,0
59.21347522735596,0
59.21404647827149,0
59.21503686904907,0
59.215277671813965,0
59.21562242507935,0
59.21958637237549,0
59.2196102142334,0
59.22846245765686,0
59.22865033149719,0
59.22872972488403,0
59.22875022888184,0
59.230040073394775,0
59.23032236099243,0
59.23036527633667,0
59.23633122444153,0
59.25018835067749,0
59.25021982192993,0
59.25044322013855,0
59.268420457839966,0
59.26873135566712,0
59.26875448226929,0
59.26895523071289,0
59.27398061752319,0
59.27400422096253,0
59.27401494979858,0
59.27546501159668,0
59.27593350410461,0
59.2769730091095,0
59.27753567695618,0
59.278470277786255,0
59.27873778343201,0
59.27903199195862,0
59.27910828590393,0
59.28993630409241,0
59.29051756858826,0
59.29054284095764,0
59.30859661102295,0
59.30884885787964,0
59.31015110015869,0
59.31063532829285,0
59.31066179275513,0
59.31106901168823,0
59.31122875213623,0
59.31132102012634,0
59.3118839263916,0
59.31202530860901,0
59.312912464141846,0
59.31299114227295,0
59.31307196617127,0
59.31315636634827,0
59.31483435630798,0
59.31514406204224,0
59.31516718864441,0
59.31884503364563,0
59.32984328269959,0
59.32986903190613,0
59.330341815948486,0
59.34414005279541,0
59.344157457351685,0
59.34547090530396,0
59.34555315971375,0
59.34570503234863,0
59.34572076797485,0
59.34700059890747,0
59.3477635383606,0
59.347980976104736,0
59.34995341300965,0
59.34998154640198,0
59.34998559951782,0
59.37004494667053,0
59.37008738517761,0
59.370107889175415,0
59.390053033828735,0
59.39017081260681,0
59.3938307762146,0
59.3979218006134,0
59.41003966331482,0
59.410076379776,0
59.41058325767517,0
59.43284177780152,0
59.43286108970642,0
59.4329571723938,0
59.4329833984375,0
59.43308877944946,0
59.43321990966797,0
59.4332389831543,0
59.43483543395996,0
59.43490815162659,0
59.43710803985596,0
59.43728303909302,0
59.437397480010986,0
59.43835687637329,0
59.43841743469238,0
59.43930792808533,0
59.440306663513184,0
59.44523525238037,0
59.44996428489685,0
59.449989795684814,0
59.45019006729126,0
59.45037841796875,0
59.45040345191956,0
59.4517183303833,0
59.45174837112427,0
59.45464634895325,0
59.45539259910584,0
59.455628871917725,0
59.46466755867005,0
59.46655416488648,0
59.4677963256836,0
59.4793746471405,0
59.47940230369568,0
59.47977924346924,0
59.49069929122925,0
59.49072313308716,0
59.49073553085327,0
59.49254131317139,0
59.49256491661072,0
59.492573499679565,0
59.49257659912109,0
59.49570155143738,0
59.49571371078491,0
59.49640369415283,0
59.4964439868927,0
59.49648213386536,0
59.49956393241882,0
59.49960446357727,0
59.50992965698242,0
59.50995469093323,0
59.50996661186218,0
59.5298924446106,0
59.529916763305664,0
59.5299289226532,0
59.53944087028504,0
59.549954891204834,0
59.5499906539917,0
59.55017161369324,0
59.57011222839356,0
59.57014751434326,0
59.57017421722412,0
59.577539920806885,0
59.5775945186615,0
59.5792715549469,0
59.57927346229553,0
59.58151268959045,0
59.58155059814453,0
59.58389616012573,0
59.58429789543152,0
59.58475589752197,0
59.58636665344238,0
59.58672761917114,0
59.58694243431091,0
59.58725643157959,0
59.589051485061646,0
59.58935332298279,0
59.59032869338989,0
59.590362548828125,0
59.590378761291504,0
59.59279227256775,0
59.5936803817749,0
59.59586071968079,0
59.59611296653748,0
59.596139669418335,0
59.59617042541504,0
59.59739947319031,0
59.59770703315735,0
59.59792351722717,0
59.59855341911316,0
59.5985803604126,0
59.600390911102295,0
59.60072302818298,0
59.61008405685425,0
59.610193490982056,0
59.61058473587036,0
59.61901783943176,0
59.62916564941406,0
59.62970519065857,0
59.630654096603394,0
59.63066029548645,0
59.63076853752136,0
59.63161587715149,0
59.63196015357971,0
59.64742779731751,0
59.64751434326172,0
59.64780569076538,0
59.64856290817261,0
59.65040302276611,0
59.650431871414185,0
59.65044713020325,0
59.65158796310425,0
59.66024661064148,0
59.66425538063049,0
59.66449689865112,0
59.66451835632324,0
59.66452956199646,0
59.67526054382324,0
59.67528533935547,0
59.67529916763306,0
59.675965309143066,0
59.67597889900208,0
59.67601799964905,0
59.69022488594055,0
59.69023752212525,0
59.69025015830994,0
59.70179224014282,0
59.7018141746521,0
59.70410251617432,0
59.704437255859375,0
59.710116147995,0
59.71014451980591,0
59.71017909049988,0
59.715450286865234,0
59.729963064193726,0
59.729989528656006,0
59.730024576187134,0
59.74831342697144,0
59.74834322929382,0
59.75036883354187,0
59.75040507316589,0
59.75042796134949,0
59.75044822692871,0
59.750630378723145,0
59.750651597976685,0
59.75066637992859,0
59.754372119903564,0
59.75440692901611,0
59.7557213306427,0
59.769965171813965,0
59.76999878883362,0
59.7701518535614,0
59.7887442111969,0
59.79048204421997,0
59.79051208496094,0
59.79052686691284,0
59.79575252532959,0
59.79578948020935,0
59.79582738876343,0
59.79588985443115,0
59.79590463638306,0
59.795958042144775,0
59.79597425460816,0
59.79763698577881,0
59.79766273498535,0
59.79767417907715,0
59.79768466949463,0
59.80011200904846,0
59.80034565925598,0
59.80051112174988,0
59.80116319656372,0
59.80119323730469,0
59.81002974510193,0
59.81006145477295,0
59.810063123703,0
59.83168315887451,0
59.83175277709961,0
59.83180356025696,0
59.83203601837158,0
59.83209419250488,0
59.83270335197449,0
59.83579993247986,0
59.836185693740845,0
59.83898854255676,0
59.839009284973145,0
59.8390097618103,0
59.8390257358551,0
59.83902716636658,0
59.840057611465454,0
59.84290838241577,0
59.84404802322388,0
59.850040912628174,0
59.85007166862488,0
59.85008478164673,0
59.86234164237976,0
59.86280083656311,0
59.86300492286682,0
59.86416292190552,0
59.86427164077759,0
59.86428570747376,0
59.86501598358154,0
59.86993312835693,0
59.87025213241577,0
59.8702757358551,0
59.88410711288452,0
59.88416409492493,0
59.889078855514526,0
59.88913869857788,0
59.88921594619751,0
59.89075326919556,0
59.89077830314636,0
59.89080953598023,0
59.90413093566895,0
59.90428280830383,0
59.90461492538452,0
59.90470862388611,0
59.905179262161255,0
59.90526795387268,0
59.905296087265015,0
59.909884214401245,0
59.90990805625916,0
59.90992021560669,0
59.92125821113586,0
59.92221283912659,0
59.92330718040466,0
59.92992877960205,0
59.92995834350586,0
59.93044137954712,0
59.93876910209656,0
59.93882918357849,0
59.94015455245972,0
59.94208002090454,0
59.94209885597229,0
59.94213819503784,0
59.95017623901367,0
59.95020604133606,0
59.95025324821472,0
59.96866679191589,0
59.96869206428528,0
59.968711614608765,0
59.97000455856323,0
59.9703586101532,0
59.97039270401001,0
59.97047638893128,0
59.97238636016846,0
59.9902400970459,0
59.99027466773987,0
59.99028897285461,0
59.99433779716492,0
59.99877142906189,0
59.9988112449646,0
59.99882698059082,0
59.999183893203735,0
60.00236678123474,0
60.00237464904785,0
60.00333595275879,0
60.00397181510925,0
60.007169246673584,0
60.007201194763184,0
60.0093297958374,0
60.00941872596741,0
60.01039218902588,0
60.01046347618103,0
60.01050662994385,0
60.02070641517639,0
60.02071976661682,0
60.02084875106812,0
60.02094864845276,0
60.02279186248779,0
60.023101568222046,0
60.02335524559021,0
60.02802133560181,0
60.030237913131714,0
60.03027033805847,0
60.03036642074585,0
60.04425525665283,0
60.04428148269653,0
60.04531669616699,0
60.04534411430359,0
60.04783272743225,0
60.04787039756775,0
60.04787492752075,0
60.0500545501709,0
60.05008339881897,0
60.05047130584717,0
60.070295095443726,0
60.07032370567322,0
60.07059669494629,0
60.08995199203491,0
60.09056520462036,0
60.09058690071106,0
60.11023950576782,0
60.11295795440674,0
60.11297631263733,0
60.1130211353302,0
60.1144962310791,0
60.114744424819946,0
60.114760875701904,0
60.11501908302307,0
60.11575531959534,0
60.11596632003784,0
60.11804246902466,0
60.11824059486389,0
60.11826467514038,0
60.1203191280365,0
60.12073469161987,0
60.12173414230347,0
60.12998056411743,0
60.13000559806824,0
60.130017042160034,0
60.1477735042572,0
60.147789478302,0
60.15062427520752,0
60.150763273239136,0
60.15080761909485,0
60.15085124969482,0
60.15096735954285,0
60.151076793670654,0
60.15113663673401,0
60.15123009681702,0
60.15125513076782,0
60.15126943588257,0
60.16712737083435,0
60.16955637931824,0
60.16998362541199,0
60.17001533508301,0
60.17033576965332,0
60.171449422836304,0
60.18838882446289,0
60.19591188430786,0
60.195945262908936,0
60.19596481323242,0
60.19616889953613,0
60.19617676734924,0
60.19618630409241,0
60.196505546569824,0
60.196521520614624,0
60.19656348228455,0
60.19659495353699,0
60.19662570953369,0
60.19684028625488,0
60.196911334991455,0
60.20997476577759,0
60.21001100540161,0
60.21006989479065,0
60.2147536277771,0
60.23163032531738,0
60.23166728019714,0
60.23175072669983,0
60.23998141288757,0
60.24000930786133,0
60.24002242088318,0
60.2419867515564,0
60.24451756477356,0
60.24453330039978,0
60.24459195137024,0
60.25025629997253,0
60.2503125667572,0
60.250335693359375,0
60.25839042663574,0
60.25841426849365,0
60.25866007804871,0
60.2599503993988,0
60.26992511749268,0
60.26993703842163,0
60.2716965675354,0
60.28163647651672,0
60.28166294097901,0
60.2818808555603,0
60.28212332725525,0
60.29041433334351,0
60.29044413566589,0
60.29056334495544,0
60.31000113487244,0
60.31003308296204,0
60.31050658226013,0
60.31985926628113,0
60.31989002227783,0
60.31994080543518,0
60.31995415687561,0
60.32268404960632,0
60.32269859313965,0
60.3228874206543,0
60.32984161376953,0
60.32986044883728,0
60.329890727996826,0
60.34554672241211,0
60.34556603431702,0
60.347028493881226,0
60.34717988967896,0
60.347846031188965,0
60.349929332733154,0
60.34995651245117,0
60.34996819496155,0
60.370230197906494,0
60.370267152786255,0
60.37032628059387,0
60.3901424407959,0
60.39018273353577,0
60.39022874832153,0
60.39790201187134,0
60.39833164215088,0
60.39941096305847,0
60.40217590332031,0
60.40571212768555,0
60.40575981140137,0
60.40576100349426,0
60.40613627433777,0
60.40615081787109,0
60.40629816055298,0
60.40643000602722,0
60.406508684158325,0
60.41003060340881,0
60.41006827354431,0
60.41016888618469,0
60.417022466659546,0
60.41711759567261,0
60.41877055168152,0
60.423752546310425,0
60.42606377601624,0
60.42610740661621,0
60.42612648010254,0
60.42721152305603,0
60.42723155021668,0
60.42782998085022,0
60.42832660675049,0
60.43028855323792,0
60.43032956123352,0
60.4303412437439,0
60.43779516220093,0
60.44105339050293,0
60.44179534912109,0
60.44261717796326,0
60.44764566421509,0
60.44816851615906,0
60.44838881492615,0
60.448556423187256,0
60.45007634162903,0
60.45012283325195,0
60.4501576423645,0
60.46830916404724,0
60.46895146369934,0
60.46909809112549,0
60.46988654136658,0
60.47031807899475,0
60.4703426361084,0
60.47203826904297,0
60.47231984138489,0
60.47232532501221,0
60.47251391410828,0
60.47497797012329,0
60.47578358650208,0
60.47581100463867,0
60.47583627700806,0
60.4901237487793,0
60.49015188217163,0
60.49018335342407,0
60.50062537193298,0
60.500903844833374,0
60.50095820426941,0
60.50141620635986,0
60.50416970252991,0
60.50419592857361,0
60.50556969642639,0
60.51007843017578,0
60.51010894775391,0
60.51012182235718,0
60.51197624206543,0
60.51214623451233,0
60.51454663276672,0
60.5159170627594,0
60.52395486831665,0
60.527841091156006,0
60.52785396575928,0
60.52987504005432,0
60.52989983558655,0
60.52991485595703,0
60.54788780212402,0
60.54790616035461,0
60.54917669296265,0
60.54921364784241,0
60.549227714538574,0
60.549240589141846,0
60.54993748664856,0
60.55016565322876,0
60.550333976745605,0
60.55231690406799,0
60.55233883857727,0
60.55250597000122,0
60.57048392295837,0
60.57053971290589,0
60.57058525085449,0
60.5906445980072,0
60.5906617641449,0
60.590720653533936,0
60.59335374832153,0
60.598809242248535,0
60.59981870651245,0
60.59985542297363,0
60.60049605369568,0
60.6005322933197,0
60.60072922706604,0
60.6008448600769,0
60.60346913337708,0
60.60352063179016,0
60.60519313812256,0
60.605382680892944,0
60.61027717590332,0
60.61036682128906,0
60.61043047904968,0
60.63023781776428,0
60.63026404380798,0
60.63027167320252,0
60.6471745967865,0
60.65045881271362,0
60.65049052238464,0
60.650503158569336,0
60.66299796104431,0
60.66355633735657,0
60.66357898712158,0
60.66501784324646,0
60.665034770965576,0
60.66503715515137,0
60.66504383087158,0
60.66996932029724,0
60.66999292373657,0
60.67000913619995,0
60.67484331130981,0
60.6899995803833,0
60.69002771377564,0
60.69008564949036,0
60.70626211166382,0
60.70780992507935,0
60.70783352851868,0
60.707871437072754,0
60.70846486091614,0
60.70851707458496,0
60.70871424674988,0
60.711134910583496,0
60.71116495132446,0
60.71117901802063,0
60.72991180419922,0
60.7299394607544,0
60.72995400428772,0
60.73072171211243,0
60.7307493686676,0
60.73255777359009,0
60.73541831970215,0
60.73570227622986,0
60.73572063446045,0
60.735727071762085,0
60.738075256347656,0
60.73809814453125,0
60.73812341690064,0
60.73863410949707,0
60.75004959106445,0
60.75006294250488,0
60.75010251998901,0
60.76741027832031,0
60.76742601394653,0
60.76857566833496,0
60.769659757614136,0
60.76967692375183,0
60.76969265937805,0
60.770291328430176,0
60.77139472961426,0
60.771628856658936,0
60.77164959907532,0
60.77170920372009,0
60.77176880836487,0
60.77400326728821,0
60.7830924987793,0
60.78312110900879,0
60.7831346988678,0
60.78314924240112,0
60.78417348861694,0
60.78421902656555,0
60.78488802909851,0
60.78989505767822,0
60.78991174697876,0
60.7901930809021,0
60.7953417301178,0
60.79535675048828,0
60.80990743637085,0
60.80994176864624,0
60.80995488166809,0
60.81776523590088,0
60.817832708358765,0
60.819002628326416,0
60.830312967300415,0
60.83035135269165,0
60.8303689956665,0
60.84691381454468,0
60.848551511764526,0
60.849266052246094,0
60.849292039871216,0
60.84933662414551,0
60.849347829818726,0
60.849382400512695,0
60.84940648078919,0
60.85005331039429,0
60.850077867507935,0
60.85008883476257,0
60.85178565979004,0
60.87398171424866,0
60.874014139175415,0
60.87402510643005,0
60.875922441482544,0
60.87767314910889,0
60.88657450675965,0
60.88680124282837,0
60.88681483268738,0
60.88686156272888,0
60.88825869560242,0
60.89089250564575,0
60.89100980758667,0
60.89102578163147,0
60.89644742012024,0
60.89646029472351,0
60.896472454071045,0
60.90271329879761,0
60.90359687805176,0
60.905712366104126,0
60.9057559967041,0
60.90577149391174,0
60.906646490097046,0
60.91024661064148,0
60.91027307510376,0
60.91028809547424,0
60.92988395690918,0
60.92991399765015,0
60.92992687225342,0
60.94992232322693,0
60.949952363967896,0
60.94996428489685,0
60.95546722412109,0
60.96132874488831,0
60.96154165267944,0
60.9631929397583,0
60.96348285675049,0
60.96350932121277,0
60.965293169021606,0
60.96710562705994,0
60.96714329719544,0
60.9672749042511,0
60.96801400184631,0
60.96850299835205,0
60.96874666213989,0
60.96877384185791,0
60.970179080963135,0
60.97021389007568,0
60.97062969207764,0
60.97164940834045,0
60.97250533103943,0
60.97252702713013,0
60.98362874984741,0
60.99253296852112,0
60.992589712142944,0
60.99262857437134,0
61.00611209869385,0
61.00613474845886,0
61.00637984275818,0
61.006422996521,0
61.00653910636902,0
61.00658988952637,0
61.006671667099,0
61.01035928726196,0
61.010416984558105,0
61.01052331924439,0
61.01054573059082,0
61.01056408882141,0
61.01062846183777,0
61.01327610015869,0
61.0133843421936,0
61.03093385696411,0
61.03097081184387,0
61.03101372718811,0
61.05028748512268,0
61.0503158569336,0
61.05039668083191,0
61.066144943237305,0
61.07162737846375,0
61.07174873352051,0
61.07179522514343,0
61.07180953025818,0
61.07186388969421,0
61.07194542884827,0
61.071959495544434,0
61.07221817970276,0
61.07298803329468,0
61.07301330566406,0
61.09016680717468,0
61.09019374847412,0
61.09020447731018,0
61.09196591377258,0
61.09595322608948,0
61.09598326683045,0
61.095996379852295,0
61.09600853919983,0
61.09863591194153,0
61.09866690635681,0
61.09953856468201,0
61.10195016860962,0
61.10222363471985,0
61.10358142852783,0
61.103607177734375,0
61.1100389957428,0
61.1100697517395,0
61.11008048057556,0
61.13003635406494,0
61.1300630569458,0
61.13008642196655,0
61.14992785453797,0
61.1499605178833,0
61.14997577667236,0
61.15627074241638,0
61.15997338294983,0
61.15998888015747,0
61.161057233810425,0
61.16107130050659,0
61.16108536720276,0
61.16109895706177,0
61.16348648071289,0
61.16354703903198,0
61.16357779502869,0
61.16990351676941,0
61.169917345047,0
61.16993689537048,0
61.1845772266388,0
61.19001650810242,0
61.19004940986633,0
61.19058847427368,0
61.193862199783325,0
61.19578433036804,0
61.19581580162048,0
61.19583201408386,0
61.21027994155884,0
61.21031665802002,0
61.21033382415772,0
61.23133420944214,0
61.23141264915466,0
61.2314350605011,0
61.232789039611816,0
61.23281216621399,0
61.23283362388611,0
61.2362585067749,0
61.23641085624695,0
61.24605178833008,0
61.24649953842163,0
61.246527910232544,0
61.24672222137451,0
61.24675059318543,0
61.24683403968811,0
61.24719524383545,0
61.247824907302856,0
61.24802303314209,0
61.24919152259827,0
61.24986720085144,0
61.2498950958252,0
61.250107526779175,0
61.27004337310791,0
61.27006530761719,0
61.27008056640625,0
61.27199506759644,0
61.271997690200806,0
61.27200651168823,0
61.27252411842346,0
61.273499488830566,0
61.27350449562073,0
61.27455997467041,0
61.27540707588196,0
61.276564598083496,0
61.28887963294983,0
61.290027141571045,0
61.29003620147705,0
61.29022073745728,0
61.29612040519714,0
61.29616165161133,0
61.29620146751404,0
61.29621624946594,0
61.29791641235352,0
61.29797053337097,0
61.29798698425293,0
61.29993748664856,0
61.299973487854,0
61.30424618721008,0
61.30426907539368,0
61.31017208099365,0
61.31019997596741,0
61.31021070480347,0
61.317378997802734,0
61.32989478111267,0
61.32992911338806,0
61.33129811286926,0
61.34513187408447,0
61.34517455101013,0
61.34649419784546,0
61.34651851654053,0
61.34651970863342,0
61.34653115272522,0
61.35008454322815,0
61.350104331970215,0
61.35014033317566,0
61.35017704963684,0
61.35021138191223,0
61.35100769996643,0
61.35548973083496,0
61.35741019248962,0
61.37004327774048,0
61.37007927894592,0
61.370095014572144,0
61.39005613327026,0
61.39005875587464,0
61.390281677246094,0
61.39795446395874,0
61.40260004997253,0
61.40519809722901,0
61.40549755096436,0
61.40552735328674,0
61.406283140182495,0
61.40631151199341,0
61.40632629394531,0
61.4071855545044,0
61.40740203857422,0
61.41040396690369,0
61.41042613983154,0
61.41047954559326,0
61.41051745414734,0
61.41152286529541,0
61.43001413345337,0
61.43005180358887,0
61.43021559715271,0
61.45045042037964,0
61.45050048828125,0
61.45053553581238,0
61.46722340583801,0
61.47072958946228,0
61.47080612182617,0
61.470855474472046,0
61.47486352920532,0
61.47521114349365,0
61.47540020942688,0
61.47540855407715,0
61.4780547618866,0
61.47808074951172,0
61.47828555107117,0
61.481528520584106,0
61.48158097267151,0
61.48159980773926,0
61.48162508010864,0
61.49046039581299,0
61.49067711830139,0
61.49074912071228,0
61.490776777267456,0
61.49097728729248,0
61.49155259132385,0
61.50991249084473,0
61.50993895530701,0
61.51004958152771,0
61.512473821640015,0
61.51688504219055,0
61.51838541030884,0
61.51839685440064,0
61.51840949058533,0
61.5184211730957,0
61.52005362510681,0
61.52005743980408,0
61.52016425132752,0
61.52017211914063,0
61.52226424217224,0
61.52229595184326,0
61.523874282836914,0
61.52480888366699,0
61.525946378707886,0
61.52983331680298,0
61.52986121177673,0
61.529953479766846,0
61.55011177062988,0
61.550121784210205,0
61.55016303062439,0
61.56228828430176,0
61.56256651878357,0
61.56509256362915,0
61.56513953208923,0
61.56516289710999,0
61.565245151519775,0
61.56749320030213,0
61.56752347946167,0
61.567583084106445,0
61.57010579109192,0
61.57012414932251,0
61.570148229599,0
61.57687544822693,0
61.590580224990845,0
61.59062957763672,0
61.59074330329895,0
61.61127471923828,0
61.61128497123718,0
61.61131811141968,0
61.61390566825867,0
61.613924741745,0
61.61396503448486,0
61.61467432975769,0
61.61615538597107,0
61.61617302894592,0
61.61618137359619,0
61.61781454086304,0
61.6178629398346,0
61.61961388587952,0
61.61964750289917,0
61.62038826942444,0
61.6240599155426,0
61.62531805038452,0
61.630290269851685,0
61.63033056259155,0
61.630348205566406,0
61.65019130706787,0
61.650235652923584,0
61.650272369384766,0
61.66136908531189,0
61.66163420677185,0
61.66165542602539,0
61.661662101745605,0
61.66578912734985,0
61.66582894325256,0
61.66614603996277,0
61.67048621177673,0
61.67053484916687,0
61.6705424785614,0
61.67623019218445,0
61.690980672836304,0
61.69103145599365,0
61.69128847122192,0
61.70913124084473,0
61.710336446762085,0
61.71039962768555,0
61.71040463447571,0
61.71635293960571,0
61.7288179397583,0
61.72885727882385,0
61.72890734672546,0
61.72895574569702,0
61.73219871520996,0
61.73223280906677,0
61.73225259780884,0
61.735835313797,0
61.735857009887695,0
61.73590135574341,0
61.737282514572144,0
61.73735523223877,0
61.750194787979126,0
61.750245809555054,0
61.750335693359375,0
61.75597047805786,0
61.755998373031616,0
61.75888752937317,0
61.75975012779236,0
61.75982022285461,0
61.7603976726532,0
61.7621910572052,0
61.762911319732666,0
61.76294159889221,0
61.77194356918335,0
61.771968364715576,0
61.77205729484558,0
61.77207922935486,0
61.77469992637634,0
61.77471733093262,0
61.77525591850281,0
61.7755286693573,0
61.77555704116821,0
61.77557063102722,0
61.77927899360657,0
61.77931237220764,0
61.7795627117157,0
61.78001856803894,0
61.78901839256287,0
61.79020714759827,0
61.790815114974976,0
61.79084920883179,0
61.79085230827332,0
61.79086709022522,0
61.79159712791443,0
61.79225039482117,0
61.79306769371033,0
61.7931022644043,0
61.80359363555908,0
61.80361890792847,0
61.80408501625061,0
61.805919885635376,0
61.809903383255005,0
61.81000804901123,0
61.8100221157074,0
61.83009457588196,0
61.83013701438904,0
61.83015275001526,0
61.846741914749146,0
61.85010814666748,0
61.85014748573303,0
61.85022950172424,0
61.87022852897644,0
61.870280265808105,0
61.870375871658325,0
61.87826585769653,0
61.87900733947754,0
61.879021406173706,0
61.879104137420654,0
61.881328105926514,0
61.88137626647949,0
61.88219714164734,0
61.882954359054565,0
61.89285731315613,0
61.892910957336426,0
61.89293026924133,0
61.89517140388489,0
61.89563536643982,0
61.907548666000366,0
61.90823483467102,0
61.91032791137695,0
61.91035747528076,0
61.91037559509277,0
61.91043424606323,0
61.91045045852661,0
61.91055011749268,0
61.91056609153748,0
61.91136026382446,0
61.911372423172,0
61.911383867263794,0
61.911396503448486,0
61.911458015441895,0
61.91845202445984,0
61.92094707489014,0
61.93006086349487,0
61.93009400367737,0
61.930108308792114,0
61.95009994506836,0
61.95016407966614,0
61.95021510124207,0
61.95873689651489,0
61.965043783187866,0
61.96515965461731,0
61.96684551239014,0
61.96997714042664,0
61.970027446746826,0
61.970059394836426,0
61.97077941894531,0
61.97102761268616,0
61.971088886260986,0
61.97196865081787,0
61.97199177742005,0
61.97232985496521,0
61.97325611114502,0
61.97353482246399,0
61.97357130050659,0
61.97360610961914,0
61.97533226013184,0
61.97569561004639,0
61.978336572647095,0
61.97991681098938,0
61.98690438270569,0
61.98692917823792,0
61.98694396018982,0
61.98699378967285,0
61.99008393287659,0
61.990280628204346,0
61.99034094810486,0
61.992653131484985,0
61.99268984794617,0
61.99371361732483,0
61.99473261833191,0
61.99617862701416,0
61.99621605873108,0
61.99737310409546,0
61.9977433681488,0
62.00997972488403,0
62.01003670692444,0
62.01006984710693,0
62.01810336112976,0
62.0302209854126,0
62.030274629592896,0
62.03077554702759,0
62.04433250427246,0
62.04440999031067,0
62.04513430595398,0
62.047648429870605,0
62.05040168762207,0
62.05042839050293,0
62.05044746398926,0
62.0520966053009,0
62.05216312408447,0
62.05221366882324,0
62.05223250389099,0
62.06970429420471,0
62.07124972343445,0
62.07128190994263,0
62.07137870788574,0
62.074331283569336,0
62.08359622955322,0
62.084957122802734,0
62.0850510597229,0
62.08510494232178,0
62.08675813674927,0
62.08678817749024,0
62.08741426467896,0
62.09014391899109,0
62.09018087387085,0
62.090240240097046,0
62.10238552093506,0
62.10267877578735,0
62.10735511779785,0
62.10741019248962,0
62.11609363555908,0
62.1186044216156,0
62.11863732337952,0
62.118698835372925,0
62.129948139190674,0
62.13000845909119,0
62.13003659248352,0
62.14006042480469,0
62.14045119285584,0
62.150331020355225,0
62.150452613830566,0
62.15047645568848,0
62.159122943878174,0
62.15977215766907,0
62.16028380393982,0
62.16036486625672,0
62.16526389122009,0
62.16529560089111,0
62.16599798202515,0
62.170719385147095,0
62.1708025932312,0
62.17085671424866,0
62.1778678894043,0
62.19079923629761,0
62.190799713134766,0
62.19085240364075,0
62.21011710166931,0
62.210155963897705,0
62.21086668968201,0
62.21823859214783,0
62.21851205825806,0
62.21855330467224,0
62.21865200996399,0
62.22289323806763,0
62.22291684150696,0
62.22397470474243,0
62.230175256729126,0
62.230244159698486,0
62.23026728630066,0
62.24925804138184,0
62.24930906295776,0
62.25037503242493,0
62.2504186630249,0
62.25057339668274,0
62.25604295730591,0
62.25690364837647,0
62.25748133659363,0
62.25780701637268,0
62.25785160064697,0
62.25845980644226,0
62.25850963592529,0
62.25889492034912,0
62.25924968719482,0
62.25963878631592,0
62.27103590965271,0
62.27114868164063,0
62.2716805934906,0
62.27334380149841,0
62.273656368255615,0
62.273701906204224,0
62.27414798736572,0
62.27668261528015,0
62.276734828948975,0
62.27762484550476,0
62.278544664382935,0
62.29018688201904,0
62.29021573066712,0
62.29117584228516,0
62.30025863647461,0
62.30030131340027,0
62.30033802986145,0
62.30037450790405,0
62.30086421966553,0
62.3012170791626,0
62.30149245262146,0
62.30151653289795,0
62.30153107643128,0
62.30154800415039,0
62.30159020423889,0
62.309213638305664,0
62.30994558334351,0
62.30995965003967,0
62.309974193573,0
62.31027626991272,0
62.31394863128662,0
62.32988739013672,0
62.32991886138916,0
62.32993388175965,0
62.35034894943237,0
62.35042095184326,0
62.35044574737549,0
62.367111921310425,0
62.3673894405365,0
62.37034845352173,0
62.37034893035889,0
62.3703875541687,0
62.370397090911865,0
62.371782064437866,0
62.37352252006531,0
62.3735990524292,0
62.37397813796997,0
62.37415528297424,0
62.37443780899048,0
62.3757221698761,0
62.388148069381714,0
62.389466285705566,0
62.391762495040894,0
62.39180326461792,0
62.39209342002869,0
62.39215087890625,0
62.39217162132263,0
62.394062995910645,0
62.394126176834106,0
62.3967821598053,0
62.41008949279785,0
62.41010069847107,0
62.410146951675415,0
62.42572188377381,0
62.42575979232788,0
62.42582058906555,0
62.42586874961853,0
62.43041729927063,0
62.43045830726624,0
62.43075942993164,0
62.43170976638794,0
62.43175792694092,0
62.43253612518311,0
62.43307948112488,0
62.43359422683716,0
62.43362593650818,0
62.43381929397583,0
62.44493246078491,0
62.44495916366577,0
62.445056438446045,0
62.44508457183838,0
62.45258760452271,0
62.45263195037842,0
62.45272612571716,0
62.47135949134827,0
62.471407413482666,0
62.47148609161377,0
62.4795024394989,0
62.47954773902893,0
62.47961974143982,0
62.48018932342529,0
62.48237204551697,0
62.48257851600647,0
62.48316025733948,0
62.48419618606568,0
62.48745536804199,0
62.49046897888184,0
62.4905059337616,0
62.49054884910584,0
62.51022624969482,0
62.51025700569153,0
62.51027202606201,0
62.52482295036316,0
62.52486276626587,0
62.52682542800903,0
62.52686548233032,0
62.52812814712525,0
62.5305438041687,0
62.53058314323425,0
62.53072214126587,0
62.54768371582031,0
62.54768633842468,0
62.55465269088745,0
62.55471205711365,0
62.55474066734314,0
62.55483174324036,0
62.55495858192444,0
62.55501937866211,0
62.555147886276245,0
62.555176973342896,0
62.555259227752686,0
62.55538320541382,0
62.55668830871582,0
62.57026720046997,0
62.57031893730164,0
62.57067632675171,0
62.59519863128662,0
62.5959792137146,0
62.59603214263916,0
62.59814476966858,0
62.59819555282593,0
62.59824466705322,0
62.59829545021057,0
62.598341941833496,0
62.598395586013794,0
62.59844303131104,0
62.59849214553833,0
62.59854030609131,0
62.60121083259583,0
62.6015989780426,0
62.60338020324707,0
62.61037230491638,0
62.61041569709778,0
62.61085104942322,0
62.6235408782959,0
62.623576164245605,0
62.62397527694702,0
62.62422704696655,0
62.62446141242981,0
62.6245334148407,0
62.62456917762756,0
62.62989687919617,0
62.629929542541504,0
62.63001298904419,0
62.63938617706299,0
62.64168930053711,0
62.65015387535095,0
62.65020155906677,0
62.65040254592896,0
62.66114330291748,0
62.6677680015564,0
62.66943693161011,0
62.6701717376709,0
62.67020630836487,0
62.670289039611816,0
62.67144465446472,0
62.67177724838257,0
62.68682193756104,0
62.68686938285828,0
62.68873715400696,0
62.69088816642761,0
62.69088959693909,0
62.69099187850952,0
62.69439435005188,0
62.69512128829956,0
62.695149421691895,0
62.69517970085144,0
62.69695830345154,0
62.69716906547546,0
62.69730544090271,0
62.707478761672974,0
62.70749831199646,0
62.70751547813416,0
62.707533836364746,0
62.70985817909241,0
62.71166658401489,0
62.71173453330994,0
62.71178698539734,0
62.71853566169739,0
62.7217333316803,0
62.72176456451416,0
62.721808195114136,0
62.73000693321228,0
62.73004937171936,0
62.73009824752808,0
62.74626660346985,0
62.746288776397705,0
62.74641299247742,0
62.7467029094696,0
62.75096225738525,0
62.75101161003113,0
62.75113797187805,0
62.77029204368591,0
62.770318269729614,0
62.77042293548584,0
62.79011511802673,0
62.79081106185913,0
62.790857553482056,0
62.79088258743286,0
62.79095101356506,0
62.79975438117981,0
62.801198959350586,0
62.80280137062073,0
62.80318856239319,0
62.803563356399536,0
62.8039858341217,0
62.80398893356323,0
62.81072545051575,0
62.81079459190369,0
62.81081795692444,0
62.81089425086975,0
62.81186103820801,0
62.81189846992493,0
62.81191515922546,0
62.81697654724121,0
62.830952405929565,0
62.83131194114685,0
62.83137273788452,0
62.84023404121399,0
62.84027647972107,0
62.84041357040405,0
62.84044289588928,0
62.84596538543701,0
62.846014738082886,0
62.84604024887085,0
62.85025644302368,0
62.85030722618103,0
62.85032844543457,0
62.86125063896179,0
62.87408018112183,0
62.87511730194092,0
62.875383615493774,0
62.875468015670776,0
62.87550091743469,0
62.87617921829224,0
62.87672090530396,0
62.88128876686096,0
62.88135600090027,0
62.88135766983032,0
62.88178300857544,0
62.88295292854309,0
62.895469188690186,0
62.89550852775574,0
62.89568138122559,0
62.90234851837158,0
62.90268659591675,0
62.90568161010742,0
62.90572190284729,0
62.90682554244995,0
62.910218954086304,0
62.91025495529175,0
62.910274505615234,0
62.9306902885437,0
62.93075323104858,0
62.93077564239502,0
62.93580889701843,0
62.93586778640747,0
62.9358913898468,0
62.93599557876587,0
62.93721127510071,0
62.93721675872803,0
62.93735361099243,0
62.93896865844727,0
62.93945407867432,0
62.93948841094971,0
62.939724922180176,0
62.94108319282532,0
62.94145822525024,0
62.94173812866211,0
62.950154542922974,0
62.950199365615845,0
62.95032906532288,0
62.95159292221069,0
62.953250885009766,0
62.95749831199646,0
62.97006607055664,0
62.97030282020569,0
62.97033929824829,0
62.978158712387085,0
62.9781858921051,0
62.97980213165283,0
62.98170471191406,0
62.98172450065613,0
62.981749057769775,0
62.98448729515076,0
62.98456573486328,0
62.98461985588074,0
62.98463797569275,0
62.99545383453369,0
62.995484352111816,0
63.00322866439819,0
63.00338983535767,0
63.00340390205383,0
63.00345993041992,0
63.00349164009094,0
63.00352025032044,0
63.00354814529419,0
63.01004934310913,0
63.01007699966431,0
63.01012086868286,0
63.02760362625122,0
63.03013634681702,0
63.03026700019837,0
63.030317544937134,0
63.03431272506714,0
63.03469586372376,0
63.03679656982422,0
63.0368549823761,0
63.036967754364014,0
63.03699278831482,0
63.03704690933228,0
63.05055618286133,0
63.05058789253235,0
63.050708532333374,0
63.0601122379303,0
63.06984353065491,0
63.06986927986145,0
63.07976651191712,0
63.08164191246033,0
63.08165454864502,0
63.08178901672363,0
63.08241629600525,0
63.0824408531189,0
63.08257985115051,0
63.08991169929504,0
63.08993625640869,0
63.08997344970703,0
63.1034300327301,0
63.10344409942627,0
63.108266830444336,0
63.1082878112793,0
63.1083025932312,0
63.110373735427856,0
63.110398292541504,0
63.110429525375366,0
63.11956644058228,0
63.11958932876587,0
63.1196026802063,0
63.11961555480957,0
63.13049507141113,0
63.130518436431885,0
63.13053226470947,0
63.14717221260071,0
63.14781451225281,0
63.148040771484375,0
63.148603439331055,0
63.14988136291504,0
63.14990758895874,0
63.14992117881775,0
63.15265369415283,0
63.15278792381287,0
63.16098570823669,0
63.16101503372192,0
63.16102910041809,0
63.16104292869568,0
63.16280174255371,0
63.16336536407471,0
63.163368940353394,0
63.1641948223114,0
63.16453289985657,0
63.164549112319946,0
63.16455721855164,0
63.16984128952026,0
63.169870138168335,0
63.1699333190918,0
63.174612045288086,0
63.17491936683655,0
63.17495083808899,0
63.18995666503906,0
63.189990520477295,0
63.19004559516907,0
63.20698165893555,0
63.20730805397034,0
63.21038341522217,0
63.21041607856751,0
63.21048927307129,0
63.21323752403259,0
63.21323847770691,0
63.21376919746399,0
63.22148108482361,0
63.22155499458313,0
63.22183918952942,0
63.221861124038696,0
63.22386431694031,0
63.223881483078,0
63.22396421432495,0
63.23049855232239,0
63.23056221008301,0
63.23058533668518,0
63.24022936820984,0
63.25006413459778,0
63.25010395050049,0
63.250224351882935,0
63.270447969436646,0
63.27047848701477,0
63.27049350738525,0
63.27919888496399,0
63.279377460479736,0
63.279401779174805,0
63.27944350242615,0
63.28136849403381,0
63.28208088874817,0
63.282652139663696,0
63.28356170654297,0
63.28541731834412,0
63.28986859321594,0
63.28989267349243,0
63.28990435600281,0
63.290719747543335,0
63.29211068153381,0
63.30359125137329,0
63.30360436439514,0
63.30558371543884,0
63.30559515953064,0
63.30640602111816,0
63.31070566177368,0
63.31070613861084,0
63.3107340335846,0
63.32201027870178,0
63.32395339012146,0
63.325016260147095,0
63.32505512237549,0
63.32509970664978,0
63.32513070106506,0
63.32516479492188,0
63.3337037563324,0
63.33373832702637,0
63.33376908302307,0
63.347739696502686,0
63.34930729866028,0
63.3501992225647,0
63.35023069381714,0
63.35024380683899,0
63.35029363632202,0
63.3644917011261,0
63.36449933052063,0
63.36575841903687,0
63.36579036712647,0
63.36587619781494,0
63.36682868003845,0
63.36874842643738,0
63.36877989768982,0
63.368815183639526,0
63.36996984481812,0
63.37000060081482,0
63.37004923820496,0
63.37582182884216,0
63.37584948539734,0
63.39015007019043,0
63.39033031463623,0
63.3903968334198,0
63.40361070632935,0
63.40374374389648,0
63.40388584136963,0
63.41038584709168,0
63.410435914993286,0
63.41045951843262,0
63.41879224777222,0
63.42028570175171,0
63.42173385620117,0
63.42177200317383,0
63.430596351623535,0
63.43063855171204,0
63.43070030212402,0
63.44638419151306,0
63.44680905342102,0
63.44722628593445,0
63.44848227500916,0
63.448996782302856,0
63.44913339614868,0
63.44998860359192,0
63.4500253200531,0
63.450039863586426,0
63.45005416870117,0
63.45367503166199,0
63.45387077331543,0
63.4538893699646,0
63.453925132751465,0
63.46983814239502,0
63.469881772995,0
63.46989583969116,0
63.47807550430298,0
63.47811412811279,0
63.47816443443298,0
63.47843670845032,0
63.48100018501282,0
63.48112416267395,0
63.48123097419739,0
63.49111700057984,0
63.49114608764648,0
63.49115777015686,0
63.497990131378174,0
63.49800229072571,0
63.51149916648865,0
63.51156306266785,0
63.51159167289734,0
63.516737937927246,0
63.516765117645264,0
63.5181987285614,0
63.52998042106629,0
63.53001260757446,0
63.53002405166626,0
63.54769778251648,0
63.54788446426392,0
63.54882550239563,0
63.548839807510376,0
63.54885363578797,0
63.54888796806336,0
63.55039954185486,0
63.5504162311554,0
63.550487995147705,0
63.55339860916138,0
63.55341839790344,0
63.55343461036682,0
63.56435108184815,0
63.56838321685791,0
63.56841444969177,0
63.5684700012207,0
63.56851196289063,0
63.57045865058899,0
63.57047986984253,0
63.57049584388733,0
63.57305574417114,0
63.57307505607605,0
63.573094606399536,0
63.59030055999756,0
63.59033989906311,0
63.590357065200806,0
63.60379266738892,0
63.60382056236267,0
63.60734009742737,0
63.60736155509949,0
63.61124515533447,0
63.61128497123718,0
63.61138582229614,0
63.613624811172485,0
63.63005018234253,0
63.63009023666382,0
63.63011431694031,0
63.64917755126953,0
63.64933514595032,0
63.649354457855225,0
63.64936661720276,0
63.65018701553345,0
63.65020966529846,0
63.650219678878784,0
63.65273022651672,0
63.65274786949158,0
63.65279603004456,0
63.65398812294006,0
63.67003417015076,0
63.67006850242615,0
63.67008113861084,0
63.674819469451904,0
63.677321672439575,0
63.67736053466797,0
63.67737436294556,0
63.67744755744934,0
63.67746043205261,0
63.67837119102478,0
63.67915225028992,0
63.67931818962097,0
63.6793360710144,0
63.679399490356445,0
63.681286573410034,0
63.68130826950073,0
63.68131256103516,0
63.68181109428406,0
63.68504571914673,0
63.6872673034668,0
63.68730521202088,0
63.69003081321716,0
63.69007658958435,0
63.69011330604553,0
63.69347405433655,0
63.69348740577698,0
63.70991349220276,0
63.709940671920776,0
63.709951877594,0
63.71594953536987,0
63.73015022277832,0
63.73078370094299,0
63.73117423057556,0
63.74521780014038,0
63.74523043632507,0
63.74620699882507,0
63.74726390838623,0
63.74728870391846,0
63.74733066558838,0
63.748087882995605,0
63.74813365936279,0
63.74814677238464,0
63.749817848205566,0
63.74983310699463,0
63.74984693527222,0
63.768988847732544,0
63.77000617980957,0
63.770049810409546,0
63.7700629234314,0
63.77216339111328,0
63.77451682090759,0
63.79013919830322,0
63.79015779495239,0
63.79017114639282,0
63.79021954536438,0
63.79025173187256,0
63.79055047035217,0
63.79110479354858,0
63.79291296005249,0
63.79296517372131,0
63.793232440948486,0
63.79410791397095,0
63.79549384117127,0
63.79664039611816,0
63.79668521881104,0
63.798081398010254,0
63.79812526702881,0
63.81002688407898,0
63.81005668640137,0
63.8100700378418,0
63.81590938568115,0
63.83003377914429,0
63.83007216453552,0
63.83014416694641,0
63.83786082267761,0
63.83924984931946,0
63.83928894996643,0
63.83942770957947,0
63.852163791656494,0
63.852198362350464,0
63.852277517318726,0
63.86159372329712,0
63.86171746253967,0
63.861865520477295,0
63.86339259147644,0
63.86991858482361,0
63.86994957923889,0
63.87035083770752,0
63.87688326835632,0
63.87689423561096,0
63.8769052028656,0
63.87722182273865,0
63.88996934890747,0
63.88997340202332,0
63.89000225067139,0
63.89554572105408,0
63.895573139190674,0
63.910024642944336,0
63.91005325317383,0
63.910086154937744,0
63.92392134666443,0
63.923948526382446,0
63.92549467086792,0
63.92912530899048,0
63.9291558265686,0
63.930110454559326,0
63.93013000488281,0
63.93014526367188,0
63.94991683959961,0
63.94992756843567,0
63.9499728679657,0
63.95565938949585,0
63.95569896697998,0
63.95573425292969,0
63.95577239990234,0
63.95793652534485,0
63.958035945892334,0
63.958054065704346,0
63.95868992805481,0
63.95881390571594,0
63.95882844924927,0
63.9588418006897,0
63.96009588241577,0
63.96024179458618,0
63.96029186248779,0
63.96118235588074,0
63.97019577026367,0
63.97025680541992,0
63.97028660774231,0
63.97790050506592,0
63.97795748710632,0
63.97797894477844,0
63.97803258895874,0
63.97992253303528,0
63.97997450828552,0
63.980010986328125,0
63.98201942443848,0
63.98491668701172,0
63.98589754104614,0
63.98714447021485,0
63.98717570304871,0
63.99040937423706,0
63.990424156188965,0
63.99043822288513,0
63.995537996292114,0
63.99585580825806,0
64.00023531913757,0
64.01010656356812,0
64.0101375579834,0
64.0101535320282,0
64.01901412010193,0
64.01938223838806,0
64.01958918571472,0
64.01987171173096,0
64.02079749107361,0
64.02083468437195,0
64.02086687088013,0
64.03010582923889,0
64.03012681007385,0
64.03013730049133,0
64.049959897995,0
64.04999113082886,0
64.05000424385071,0
64.06780862808228,0
64.06995630264282,0
64.0699565410614,0
64.06998682022095,0
64.07269477844238,0
64.07276511192322,0
64.07429361343384,0
64.07431864738464,0
64.07477045059204,0
64.07478642463684,0
64.07479953765869,0
64.07582116127014,0
64.0888614654541,0
64.09049010276794,0
64.0905168056488,0
64.09055280685425,0
64.0934796333313,0
64.09736514091492,0
64.09743523597717,0
64.09746789932251,0
64.09868144989014,0
64.11416339874268,0
64.11419558525085,0
64.11423349380493,0
64.11669301986694,0
64.11670589447021,0
64.11671996116638,0
64.11727643013,0
64.11733746528625,0
64.12275052070618,0
64.12276291847229,0
64.12997722625732,0
64.12999558448792,0
64.13000345230103,0
64.15005564689636,0
64.15008664131165,0
64.1501293182373,0
64.15219235420227,0
64.1551456451416,0
64.15535044670105,0
64.1700382232666,0
64.17017531394958,0
64.17019581794739,0
64.17026042938232,0
64.17027831077576,0
64.17034101486206,0
64.17249870300293,0
64.17320084571838,0
64.1732234954834,0
64.17328095436096,0
64.17421793937683,0
64.17437028884888,0
64.17438793182373,0
64.17440152168274,0
64.1756682395935,0
64.17590093612671,0
64.1759204864502,0
64.17644119262695,0
64.1902756690979,0
64.19027662277222,0
64.19032096862793,0
64.19426560401917,0
64.19699454307556,0
64.197030544281,0
64.19704747200012,0
64.19732284545898,0
64.19738721847534,0
64.19740772247314,0
64.19884014129639,0
64.19884490966797,0
64.2002124786377,0
64.20023989677429,0
64.2002592086792,0
64.20096111297607,0
64.20993089675903,0
64.20995903015137,0
64.20997142791748,0
64.2262134552002,0
64.23007726669312,0
64.23010087013245,0
64.23012399673462,0
64.23176407814026,0
64.23179149627686,0
64.23180818557739,0
64.23182129859924,0
64.2323648929596,0
64.23236727714539,0
64.2326774597168,0
64.23449850082397,0
64.24203658103943,0
64.24594497680664,0
64.25038695335388,0
64.25087094306946,0
64.25094294548035,0
64.26223802566528,0
64.26258850097656,0
64.26288747787476,0
64.26306867599487,0
64.26506400108337,0
64.26509046554565,0
64.26535391807556,0
64.26996922492981,0
64.26999473571777,0
64.27000880241394,0
64.29005336761475,0
64.29008269309998,0
64.29009509086609,0
64.30361604690552,0
64.30421257019043,0
64.3082275390625,0
64.30825734138489,0
64.30896878242493,0
64.31007170677185,0
64.31010293960571,0
64.31011009216309,0
64.32363724708557,0
64.32398557662964,0
64.32402443885803,0
64.32405757904053,0
64.32490921020508,0
64.32530450820923,0
64.32735061645508,0
64.33120965957642,0
64.33124947547913,0
64.33133840560913,0
64.34245014190674,0
64.34602665901184,0
64.34607863426208,0
64.34984254837036,0
64.34984278678894,0
64.34987473487854,0
64.35767245292664,0
64.3576877117157,0
64.35770106315613,0
64.35803699493408,0
64.36008524894714,0
64.3601016998291,0
64.36038947105408,0
64.36988067626953,0
64.36991262435913,0
64.37011909484863,0
64.37644410133362,0
64.37657189369202,0
64.37667441368103,0
64.3766884803772,0
64.37797498703003,0
64.37799263000488,0
64.3780026435852,0
64.38993859291077,0
64.38997626304626,0
64.39026355743408,0
64.3967216014862,0
64.39674758911133,0
64.40023994445801,0
64.40026021003723,0
64.4101574420929,0
64.41019463539124,0
64.41021180152893,0
64.41471910476685,0
64.43119549751282,0
64.43126630783081,0
64.43126678466797,0
64.45029878616333,0
64.4503014087677,0
64.45033669471741,0
64.46969819068909,0
64.46970987319946,0
64.46971201896667,0
64.46991777420044,0
64.47000241279602,0
64.47001624107361,0
64.47003555297852,0
64.47089791297913,0
64.47092342376709,0
64.471022605896,0
64.47638201713562,0
64.49051237106323,0
64.49060773849487,0
64.49078750610352,0
64.49184083938599,0
64.49455428123474,0
64.49761319160461,0
64.49763917922974,0
64.50052118301392,0
64.50053453445435,0
64.50997424125671,0
64.51000142097473,0
64.51001310348511,0
64.52051711082458,0
64.52483487129211,0
64.52487850189209,0
64.5248966217041,0
64.52539014816284,0
64.52995491027832,0
64.52998495101929,0
64.52999782562256,0
64.54361867904663,0
64.54365944862366,0
64.54367637634277,0
64.54437351226807,0
64.54997086524963,0
64.55048632621765,0
64.5505063533783,0
64.57009649276733,0
64.57011151313782,0
64.5701334476471,0
64.57654118537903,0
64.57656049728394,0
64.57808446884155,0
64.57811737060547,0
64.57823181152344,0
64.5782516002655,0
64.5810718536377,0
64.58108949661255,0
64.58110857009888,0
64.5818362236023,0
64.58746337890625,0
64.5901997089386,0
64.59040760993958,0
64.59042954444885,0
64.59044337272644,0
64.59190392494202,0
64.59251379966736,0
64.59257650375366,0
64.61009907722473,0
64.61014246940613,0
64.61017513275146,0
64.62712717056274,0
64.63006114959717,0
64.63009691238403,0
64.63016271591187,0
64.63232040405273,0
64.63235449790955,0
64.63240242004395,0
64.63245868682861,0
64.6340343952179,0
64.63409352302551,0
64.6341164112091,0
64.63551902770996,0
64.63573479652405,0
64.63575649261475,0
64.63576698303223,0
64.6479594707489,0
64.64813303947449,0
64.64815139770508,0
64.65041375160217,0
64.65044450759888,0
64.65049457550049,0
64.66825127601624,0
64.67018246650696,0
64.67020678520203,0
64.67021775245667,0
64.6735110282898,0
64.67357635498047,0
64.67370104789734,0
64.67372274398804,0
64.67644739151001,0
64.67660784721375,0
64.67726016044617,0
64.68143844604492,0
64.6821539402008,0
64.69031500816345,0
64.69033718109131,0
64.69035339355469,0
64.70465803146362,0
64.7047188282013,0
64.70473408699036,0
64.70477890968323,0
64.7050232887268,0
64.71067547798157,0
64.71070265769958,0
64.71074676513672,0
64.72991514205933,0
64.72996163368225,0
64.73065161705017,0
64.73066353797913,0
64.73067426681519,0
64.73070788383484,0
64.73075079917908,0
64.73078155517578,0
64.7315149307251,0
64.7347321510315,0
64.73481893539429,0
64.73483490943909,0
64.74983048439026,0
64.74985480308533,0
64.74986553192139,0
64.76084232330322,0
64.77003645896912,0
64.7700707912445,0
64.77008509635925,0
64.79000234603882,0
64.79003715515137,0
64.79005408287048,0
64.80162763595581,0
64.80239987373352,0
64.80243611335754,0
64.80248594284058,0
64.80419850349426,0
64.80555939674377,0
64.80559706687927,0
64.8059093952179,0
64.8059139251709,0
64.8102388381958,0
64.81026983261108,0
64.81031966209412,0
64.81171774864197,0
64.81232166290283,0
64.81333637237549,0
64.81339073181152,0
64.82568955421448,0
64.82992744445801,0
64.82995891571045,0
64.83004093170166,0
64.83055472373962,0
64.8311095237732,0
64.83150172233582,0
64.83153200149536,0
64.83281922340393,0
64.83297443389893,0
64.8332417011261,0
64.85018301010132,0
64.85022974014282,0
64.85027432441711,0
64.8577630519867,0
64.87000560760498,0
64.87003064155579,0
64.87005615234375,0
64.88995027542114,0
64.88995051383972,0
64.88998866081238,0
64.8948380947113,0
64.89596581459045,0
64.89599108695984,0
64.89599967002869,0
64.89717030525208,0
64.89719080924988,0
64.8971939086914,0
64.8983416557312,0
64.89846348762512,0
64.89847564697266,0
64.89848709106445,0
64.89960432052612,0
64.90055561065674,0
64.90058135986328,0
64.90063786506653,0
64.90065217018127,0
64.90758037567139,0
64.90762138366699,0
64.91041946411133,0
64.91044545173645,0
64.91047668457031,0
64.9164309501648,0
64.92991256713867,0
64.92993879318237,0
64.93004322052002,0
64.94933414459229,0
64.94938325881958,0
64.95031452178955,0
64.95034122467041,0
64.95039510726929,0
64.95145034790039,0
64.95149803161621,0
64.95151233673096,0
64.95156359672546,0
64.9515962600708,0
64.95163035392761,0
64.9521234035492,0
64.96519041061401,0
64.9675817489624,0
64.96859169006348,0
64.9701635837555,0
64.9701771736145,0
64.97019076347351,0
64.98876094818115,0
64.9887969493866,0
64.98899340629578,0
64.98899388313293,0
64.98930478096008,0
64.98932600021362,0
64.98962545394897,0
64.99022030830383,0
64.99025392532349,0
64.9903199672699,0
64.99817395210266,0
65.00041055679321,0
65.00046849250793,0
65.00785851478577,0
65.00787854194641,0
65.01118803024292,0
65.01125955581665,0
65.01135635375977,0
65.01538729667664,0
65.0299322605133,0
65.02996373176575,0
65.02997779846191,0
65.04498791694641,0
65.04502153396606,0
65.04507517814636,0
65.04553580284119,0
65.04651808738708,0
65.04658818244934,0
65.04661154747009,0
65.05048370361328,0
65.0505883693695,0
65.05064749717712,0
65.05076837539673,0
65.05797505378723,0
65.05799055099487,0
65.05806875228882,0
65.05808806419373,0
65.07025051116943,0
65.07027912139893,0
65.07034158706665,0
65.08303165435791,0
65.08312368392944,0
65.08321189880371,0
65.08494472503662,0
65.08577132225037,0
65.08693790435791,0
65.08696126937866,0
65.09043025970459,0
65.0904552936554,0
65.09048008918762,0
65.09775018692017,0
65.09778594970703,0
65.0996663570404,0
65.10992407798767,0
65.10993957519531,0
65.1103105545044,0
65.12486100196838,0
65.12488722801208,0
65.12489914894104,0
65.12491154670715,0
65.12680172920227,0
65.12681746482849,0
65.12760734558105,0
65.12998151779175,0
65.13000440597534,0
65.1300060749054,0
65.13002610206604,0
65.13003396987915,0
65.13003778457642,0
65.13004326820374,0
65.14077806472778,0
65.14079356193542,0
65.14081382751465,0
65.14101672172546,0
65.14997339248657,0
65.15000295639038,0
65.15001511573792,0
65.16474914550781,0
65.16475033760071,0
65.16566228866577,0
65.16581273078918,0
65.16585350036621,0
65.16589140892029,0
65.16895651817322,0
65.16903400421143,0
65.16905093193054,0
65.17034316062927,0
65.17034721374512,0
65.17037606239319,0
65.17744493484497,0
65.17747712135315,0
65.17894196510315,0
65.17895650863647,0
65.19012928009033,0
65.19016361236572,0
65.1904079914093,0
65.21078705787659,0
65.21082925796509,0
65.21090292930603,0
65.21477007865906,0
65.23072814941406,0
65.23102521896362,0
65.23116827011108,0
65.24909996986389,0
65.24919629096985,0
65.24924993515015,0
65.2493007183075,0
65.25012350082397,0
65.25016355514526,0
65.2501871585846,0
65.25690531730652,0
65.25705027580261,0
65.25707268714905,0
65.25812697410583,0
65.25994181632996,0
65.2684223651886,0
65.2702124118805,0
65.27024126052856,0
65.270254611969,0
65.28998041152954,0
65.29000806808472,0
65.2900242805481,0
65.29012989997864,0
65.2901439666748,0
65.29094123840332,0
65.29097056388855,0
65.29097175598145,0
65.29098200798035,0
65.29364085197449,0
65.29365420341492,0
65.29377603530884,0
65.30244445800781,0
65.30249285697937,0
65.31017184257507,0
65.31018686294556,0
65.31022095680237,0
65.3102457523346,0
65.31028485298157,0
65.31031775474548,0
65.32981586456299,0
65.329838514328,0
65.3300404548645,0
65.34584665298462,0
65.34597587585449,0
65.34602570533752,0
65.3460738658905,0
65.34990739822388,0
65.34991955757141,0
65.35023379325867,0
65.35025191307068,0
65.35036039352417,0
65.3503897190094,0
65.35146641731262,0
65.3596031665802,0
65.35961747169495,0
65.36316800117493,0
65.36318182945251,0
65.36334776878357,0
65.36341595649719,0
65.37014937400818,0
65.37019538879395,0
65.37021493911743,0
65.38926815986633,0
65.38928627967834,0
65.3893780708313,0
65.39042520523071,0
65.39045691490173,0
65.39058995246887,0
65.3918240070343,0
65.39199686050415,0
65.39202237129211,0
65.3920350074768,0
65.39406824111938,0
65.39431190490723,0
65.39452075958252,0
65.39510035514832,0
65.3951735496521,0
65.39624357223511,0
65.39629554748535,0
65.41011476516724,0
65.41046619415283,0
65.41049933433533,0
65.41601657867432,0
65.43022894859314,0
65.4302716255188,0
65.43030834197998,0
65.45102143287659,0
65.45108985900879,0
65.45151734352112,0
65.46419048309326,0
65.46422171592712,0
65.4643018245697,0
65.46431851387024,0
65.46838331222534,0
65.46841931343079,0
65.46849465370178,0
65.47177720069885,0
65.47177791595459,0
65.47181057929993,0
65.49059271812439,0
65.49059391021729,0
65.49063110351562,0
65.50187230110168,0
65.51002049446106,0
65.51020550727844,0
65.5103850364685,0
65.53153419494629,0
65.53158855438232,0
65.53161215782166,0
65.54661273956299,0
65.54664039611816,0
65.54816246032715,0
65.54819941520691,0
65.54870748519897,0
65.54987525939941,0
65.54988670349121,0
65.54989719390869,0
65.55568099021912,0
65.55575037002563,0
65.55653929710388,0
65.55672192573547,0
65.55673718452454,0
65.55675005912781,0
65.56985664367676,0
65.56991076469421,0
65.56992435455322,0
65.58761715888977,0
65.587646484375,0
65.58769702911377,0
65.58853793144226,0
65.59025740623474,0
65.59029579162598,0
65.59032821655273,0
65.59601211547852,0
65.59614849090576,0
65.59939885139465,0
65.59947991371155,0
65.61030983924866,0
65.61034631729126,0
65.610347032547,0
65.61767578125,0
65.6300356388092,0
65.63009190559387,0
65.63011312484741,0
65.64451026916504,0
65.64454317092896,0
65.64467787742615,0
65.64469790458679,0
65.64910459518433,0
65.64912557601929,0
65.64919805526733,0
65.6492235660553,0
65.64924383163452,0
65.64925718307495,0
65.64930057525635,0
65.6501579284668,0
65.65018963813782,0
65.65034079551697,0
65.65273809432983,0
65.65274357795715,0
65.65275812149048,0
65.67002964019775,0
65.67005157470703,0
65.67005968093872,0
65.67351150512695,0
65.68060994148254,0
65.68062806129456,0
65.68063998222351,0
65.68065214157104,0
65.68114638328552,0
65.68115735054016,0
65.68116998672485,0
65.68256044387817,0
65.69029188156128,0
65.69032740592957,0
65.6903383731842,0
65.6972005367279,0
65.69797587394714,0
65.69983124732971,0
65.70203828811646,0
65.70207285881042,0
65.709881067276,0
65.7099072933197,0
65.70992040634155,0
65.72789978981018,0
65.72793459892273,0
65.72796773910522,0
65.73066926002502,0
65.73068332672119,0
65.73069334030151,0
65.73070359230042,0
65.73071360588074,0
65.73072385787964,0
65.73073530197144,0
65.73517942428589,0
65.73521423339844,0
65.73523950576782,0
65.73526930809021,0
65.7352819442749,0
65.7498471736908,0
65.74987316131592,0
65.7504448890686,0
65.75540208816528,0
65.76987767219543,0
65.76987814903259,0
65.76991748809814,0
65.78990960121155,0
65.7899420261383,0
65.7899558544159,0
65.7947199344635,0
65.79474997520447,0
65.79594922065735,0
65.79628682136536,0
65.7963056564331,0
65.79632115364075,0
65.79758977890015,0
65.79760885238647,0
65.7976233959198,0
65.79891610145569,0
65.80255651473999,0
65.80258893966675,0
65.80712223052979,0
65.81011939048767,0
65.81015205383301,0
65.81017780303955,0
65.81538534164429,0
65.81896877288818,0
65.82308888435364,0
65.82319831848145,0
65.82332968711853,0
65.8254759311676,0
65.82991456985474,0
65.82994151115417,0
65.83003640174866,0
65.83823585510254,0
65.83826470375061,0
65.83857774734497,0
65.85011649131775,0
65.85037231445312,0
65.85039043426514,0
65.86325550079346,0
65.86326909065247,0
65.8632800579071,0
65.86329793930054,0
65.86498761177063,0
65.86499857902527,0
65.86801624298096,0
65.8680830001831,0
65.87003636360168,0
65.87019848823547,0
65.87125492095947,0
65.88452172279358,0
65.88495206832886,0
65.88495445251465,0
65.88531374931335,0
65.89025640487671,0
65.8902633190155,0
65.89029455184937,0
65.89119553565979,0
65.89122271537781,0
65.89126801490784,0
65.89678025245667,0
65.89682650566101,0
65.89683675765991,0
65.8968722820282,0
65.91010880470276,0
65.91013312339783,0
65.91013669967651,0
65.93006014823914,0
65.93007802963257,0
65.93009066581726,0
65.93771386146545,0
65.94981718063354,0
65.9498438835144,0
65.94993209838867,0
65.95755100250244,0
65.95783495903015,0
65.97007131576538,0
65.97009611129761,0
65.9707419872284,0
65.98355627059937,0
65.98359966278076,0
65.9836208820343,0
65.98391842842102,0
65.98715257644653,0
65.98820352554321,0
65.98827838897705,0
65.99038028717041,0
65.99042320251465,0
65.99044156074524,0
66.01092076301575,0
66.01097416877747,0
66.01103591918945,0
66.02540564537048,0
66.03044319152832,0
66.03047442436218,0
66.03048086166382,0
66.03084969520569,0
66.05169534683228,0
66.0517373085022,0
66.05175518989563,0
66.0553367137909,0
66.05545020103455,0
66.05780601501465,0
66.05840802192688,0
66.05982971191406,0
66.0630874633789,0
66.06406569480896,0
66.07004833221436,0
66.07007932662964,0
66.07009434700012,0
66.08329701423645,0
66.08528661727905,0
66.0853054523468,0
66.08531832695007,0
66.08535432815552,0
66.08538603782654,0
66.08549165725708,0
66.08632564544678,0
66.08997654914856,0
66.09000325202942,0
66.09001588821411,0
66.10227060317993,0
66.10229539871216,0
66.1035726070404,0
66.10386610031128,0
66.10501527786255,0
66.10524868965149,0
66.10537195205688,0
66.10539078712463,0
66.1108660697937,0
66.11093997955322,0
66.11097931861877,0
66.11864852905273,0
66.11880278587341,0
66.11881875991821,0
66.12040877342224,0
66.13457369804382,0
66.13461828231812,0
66.13465714454651,0
66.14988088607788,0
66.15013003349304,0
66.15015459060669,0
66.156977891922,0
66.156982421875,0
66.15797877311707,0
66.15800189971924,0
66.15801477432251,0
66.15802693367004,0
66.16074299812317,0
66.1607596874237,0
66.16077399253845,0
66.16155672073364,0
66.16341161727905,0
66.17053413391113,0
66.17056322097778,0
66.17060589790344,0
66.17610049247742,0
66.1899688243866,0
66.19002342224121,0
66.19003939628601,0
66.21059107780457,0
66.21100783348083,0
66.21109127998352,0
66.2111451625824,0
66.21114587783813,0
66.21132016181946,0
66.21134066581726,0
66.21989417076111,0
66.2199490070343,0
66.22005987167358,0
66.22125220298767,0
66.22131896018982,0
66.22148299217224,0
66.22151613235474,0
66.22207140922546,0
66.22207880020142,0
66.23017430305481,0
66.23021149635315,0
66.23022794723511,0
66.24370884895325,0
66.25064730644226,0
66.25068473815918,0
66.2507004737854,0
66.25300145149231,0
66.2530415058136,0
66.25317120552063,0
66.25319361686707,0
66.25322914123535,0
66.25325036048889,0
66.25331163406372,0
66.25827217102051,0
66.26990103721619,0
66.26992845535278,0
66.26997256278992,0
66.28434038162231,0
66.2847900390625,0
66.28480625152588,0
66.28481864929199,0
66.28537130355835,0
66.28544640541077,0
66.28586030006409,0
66.28853797912598,0
66.2885639667511,0
66.29013466835022,0
66.29016160964966,0
66.29018831253052,0
66.29177784919739,0
66.29214239120483,0
66.31525325775146,0
66.31528186798096,0
66.31531167030334,0
66.31540846824646,0
66.33019542694092,0
66.33022999763489,0
66.33027744293213,0
66.34981679916382,0
66.34984087944031,0
66.34987664222717,0
66.35837411880493,0
66.35846877098083,0
66.35847997665405,0
66.35849499702454,0
66.35850715637207,0
66.36039805412292,0
66.36080360412598,0
66.36083054542542,0
66.36110758781433,0
66.36188507080078,0
66.36214327812195,0
66.36216688156128,0
66.36229419708252,0
66.36316323280334,0
66.36339330673218,0
66.36347436904907,0
66.36408948898315,0
66.36994957923889,0
66.36998009681702,0
66.3699803352356,0
66.37973284721375,0
66.39012360572815,0
66.39014935493469,0
66.39022517204285,0
66.39146208763123,0
66.40890574455261,0
66.4089674949646,0
66.40898418426514,0
66.40900111198425,0
66.41559481620789,0
66.41566014289856,0
66.41570854187012,0
66.41574764251709,0
66.41578722000122,0
66.41583204269409,0
66.41589832305908,0
66.41592311859131,0
66.41594672203064,0
66.41600251197815,0
66.42744636535645,0
66.4294900894165,0
66.42991638183594,0
66.43016791343689,0
66.43036723136902,0
66.43172955513,0
66.44745779037476,0
66.44747018814087,0
66.44749331474304,0
66.44755434989929,0
66.44757461547852,0
66.44764876365662,0
66.44770431518555,0
66.45079827308655,0
66.45081353187561,0
66.45089507102966,0
66.45896506309509,0
66.47019410133362,0
66.47021961212158,0
66.47022700309753,0
66.48673343658447,0
66.48962450027466,0
66.48964881896973,0
66.4896628856659,0
66.48975110054016,0
66.48976397514343,0
66.4910638332367,0
66.49108958244324,0
66.49127531051636,0
66.49340081214905,0
66.49834108352661,0
66.49860405921936,0
66.50016164779663,0
66.50020742416382,0
66.5105791091919,0
66.51062846183777,0
66.51066851615906,0
66.5148766040802,0
66.51651620864868,0
66.5305917263031,0
66.53060936927795,0
66.53061842918396,0
66.53846192359924,0
66.54991865158081,0
66.5499324798584,0
66.5499472618103,0
66.56296920776367,0
66.56322765350342,0
66.56420302391052,0
66.56446957588196,0
66.56449317932129,0
66.56456661224365,0
66.56588315963745,0
66.56592917442322,0
66.56597352027893,0
66.56983423233032,0
66.5698790550232,0
66.56989526748657,0
66.57527685165405,0
66.59008479118347,0
66.59011936187744,0
66.59013652801514,0
66.6104257106781,0
66.61044883728027,0
66.61046981811523,0
66.6237895488739,0
66.62381982803345,0
66.62383556365967,0
66.62385249137878,0
66.62696862220764,0
66.62701272964478,0
66.62708234786987,0
66.6288902759552,0
66.62892580032349,0
66.63054966926575,0
66.63059139251709,0
66.65032577514648,0
66.65093922615051,0
66.65101957321167,0
66.6510214805603,0
66.65109324455261,0
66.65121746063232,0
66.65198516845703,0
66.65202498435974,0
66.65213012695312,0
66.6521544456482,0
66.65217328071594,0
66.65277314186096,0
66.65348362922668,0
66.67041563987732,0
66.67044472694397,0
66.6704580783844,0
66.67452049255371,0
66.67454051971436,0
66.67458701133728,0
66.67463445663452,0
66.67491793632507,0
66.67493414878845,0
66.67494034767151,0
66.67538690567017,0
66.68271732330322,0
66.68274164199829,0
66.68274235725403,0
66.68275451660156,0
66.6899163722992,0
66.68994235992432,0
66.68999552726746,0
66.71019554138184,0
66.71021890640259,0
66.7102301120758,0
66.72420454025269,0
66.72425127029419,0
66.72431826591492,0
66.72531533241272,0
66.72534894943237,0
66.72731518745422,0
66.72763347625732,0
66.72917246818542,0
66.72996664047241,0
66.72998476028442,0
66.73151302337646,0
66.7326021194458,0
66.74984335899353,0
66.74987292289734,0
66.74988985061646,0
66.75509023666382,0
66.75927710533142,0
66.75929379463196,0
66.76028490066528,0
66.7603075504303,0
66.76031589508057,0
66.76033139228821,0
66.76356315612793,0
66.76357436180115,0
66.76413321495056,0
66.7650375366211,0
66.76823544502258,0
66.7702693939209,0
66.77028250694275,0
66.77119183540344,0
66.7726731300354,0
66.784508228302,0
66.7846052646637,0
66.78476572036743,0
66.78480625152588,0
66.78994750976562,0
66.78996896743774,0
66.78998064994812,0
66.78999328613281,0
66.79044222831726,0
66.79054474830627,0
66.79650354385376,0
66.79653286933899,0
66.79794311523438,0
66.79799175262451,0
66.81011939048767,0
66.81014895439148,0
66.81014919281006,0
66.82988834381104,0
66.82992267608643,0
66.82996964454651,0
66.83503794670105,0
66.85032296180725,0
66.85040783882141,0
66.85057401657104,0
66.87083292007446,0
66.87085294723511,0
66.87089610099792,0
66.87092161178589,0
66.87098622322083,0
66.8710024356842,0
66.87109756469727,0
66.87205958366394,0
66.87207579612732,0
66.87308764457703,0
66.87406730651855,0
66.87408328056335,0
66.87408971786499,0
66.87409543991089,0
66.87477421760559,0
66.8754050731659,0
66.87542939186096,0
66.87578582763672,0
66.88835144042969,0
66.88836860656738,0
66.88840842247009,0
66.88842344284058,0
66.89029049873352,0
66.89030599594116,0
66.89036250114441,0
66.89037704467773,0
66.89042735099792,0
66.8911542892456,0
66.89203190803528,0
66.89203834533691,0
66.9028811454773,0
66.9029450416565,0
66.91003131866455,0
66.91023659706116,0
66.9102520942688,0
66.93003749847412,0
66.93006348609924,0
66.93007755279541,0
66.94994807243347,0
66.94998002052307,0
66.95003271102905,0
66.9500904083252,0
66.95391511917114,0
66.95409679412842,0
66.95702600479126,0
66.95704007148743,0
66.95707488059998,0
66.95711040496826,0
66.95721220970154,0
66.95724582672119,0
66.95727801322937,0
66.97022771835327,0
66.97026085853577,0
66.97027516365051,0
66.98076605796814,0
66.99003982543945,0
66.9900770187378,0
66.99009346961975,0
67.00308799743652,0
67.00455260276794,0
67.00482964515686,0
67.00504469871521,0
67.00756192207336,0
67.00756549835205,0
67.00773620605469,0
67.00776672363281,0
67.01052689552307,0
67.01056575775146,0
67.01061987876892,0
67.02096819877625,0
67.02128577232361,0
67.02601742744446,0
67.02606987953186,0
67.02808427810669,0
67.0296483039856,0
67.0392210483551,0
67.03925013542175,0
67.03929591178894,0
67.03983736038208,0
67.05015540122986,0
67.05015563964844,0
67.05019283294678,0
67.07058119773865,0
67.07061076164246,0
67.07064509391785,0
67.0755295753479,0
67.07555627822876,0
67.07556772232056,0
67.07558012008667,0
67.07653832435608,0
67.07655763626099,0
67.0765905380249,0
67.07665205001831,0
67.07809066772461,0
67.07884287834167,0
67.08594083786011,0
67.08597207069397,0
67.08598828315735,0
67.08606219291687,0
67.08692860603333,0
67.0873703956604,0
67.08771872520447,0
67.09006643295288,0
67.09009003639221,0
67.09010100364685,0
67.09889960289001,0
67.09909296035767,0
67.1001832485199,0
67.10047793388367,0
67.11046576499939,0
67.1104907989502,0
67.110515832901,0
67.11682271957397,0
67.11718535423279,0
67.11733269691467,0
67.11745357513428,0
67.11908864974976,0
67.12038803100586,0
67.12056684494019,0
67.13297748565674,0
67.13300561904907,0
67.13304710388184,0
67.13887214660645,0
67.14992880821228,0
67.1499547958374,0
67.14996600151062,0
67.16562056541443,0
67.16563630104065,0
67.16896796226501,0
67.16899371147156,0
67.16899633407593,0
67.16900634765625,0
67.16912341117859,0
67.16916012763977,0
67.16926002502441,0
67.16995000839233,0
67.16997480392456,0
67.1699857711792,0
67.1700484752655,0
67.18098211288452,0
67.18123865127563,0
67.18136787414551,0
67.18161749839783,0
67.18266725540161,0
67.18332886695862,0
67.18361639976501,0
67.1902859210968,0
67.19032049179077,0
67.1903703212738,0
67.19617366790771,0
67.19620633125305,0
67.19784212112427,0
67.19787073135376,0
67.21011662483215,0
67.21015191078186,0
67.21015858650208,0
67.227290391922,0
67.22730708122253,0
67.23070096969604,0
67.23074054718018,0
67.23075938224792,0
67.23438906669617,0
67.25005292892456,0
67.25008940696716,0
67.25011277198792,0
67.27180528640747,0
67.27261757850647,0
67.2726583480835,0
67.27442526817322,0
67.27444362640381,0
67.27452111244202,0
67.27454376220703,0
67.2796881198883,0
67.27972292900085,0
67.28343892097473,0
67.28420996665955,0
67.29032135009766,0
67.29054760932922,0
67.29057192802429,0
67.29469847679138,0
67.2947108745575,0
67.29472327232361,0
67.29482412338257,0
67.30021715164185,0
67.30038714408875,0
67.30044889450073,0
67.30051827430725,0
67.30055856704712,0
67.3008861541748,0
67.30993223190308,0
67.30996179580688,0
67.33061218261719,0
67.33063840866089,0
67.33069682121277,0
67.34042119979858,0
67.34992361068726,0
67.3499538898468,0
67.34996891021729,0
67.37010669708252,0
67.37014031410217,0
67.37015414237976,0
67.37515878677368,0
67.37534785270691,0
67.37642621994019,0
67.3780357837677,0
67.37803745269775,0
67.37805819511414,0
67.37805986404419,0
67.37807559967041,0
67.37809348106384,0
67.37989449501038,0
67.38031268119812,0
67.38055419921875,0
67.38058352470398,0
67.38162994384766,0
67.38180446624756,0
67.38189888000488,0
67.38300848007202,0
67.38999247550964,0
67.39001297950745,0
67.3903284072876,0
67.3939368724823,0
67.39444875717163,0
67.39447951316833,0
67.39453768730164,0
67.39901185035706,0
67.39907431602478,0
67.40064477920532,0
67.40080213546753,0
67.40082001686096,0
67.40228962898254,0
67.40231204032898,0
67.41041922569275,0
67.41046357154846,0
67.41055750846863,0
67.42556691169739,0
67.43231892585754,0
67.43235850334167,0
67.43237805366516,0
67.43559002876282,0
67.43586468696594,0
67.43588328361511,0
67.43593215942383,0
67.4375958442688,0
67.4376449584961,0
67.43807625770569,0
67.44099116325378,0
67.44377827644348,0
67.45005989074707,0
67.4500892162323,0
67.4501006603241,0
67.46594643592834,0
67.46949219703674,0
67.47054839134216,0
67.47058272361755,0
67.4705970287323,0
67.47133994102478,0
67.47135519981384,0
67.4713683128357,0
67.47295188903809,0
67.47297644615173,0
67.47323870658875,0
67.49000191688538,0
67.49002861976624,0
67.49003887176514,0
67.49681544303894,0
67.49684762954712,0
67.51037335395813,0
67.51039552688599,0
67.510409116745,0
67.51856637001038,0
67.51860451698303,0
67.52020597457886,0
67.53003525733948,0
67.53025603294373,0
67.5312328338623,0
67.54708337783813,0
67.54710674285889,0
67.5472047328949,0
67.54720687866211,0
67.5488395690918,0
67.54885268211365,0
67.54891204833984,0
67.55006623268127,0
67.55009865760803,0
67.55011081695557,0
67.55042600631714,0
67.56274843215942,0
67.5627989768982,0
67.56409478187561,0
67.5641233921051,0
67.56415438652039,0
67.5643527507782,0
67.5663332939148,0
67.56635022163391,0
67.56657314300537,0
67.56988978385925,0
67.56991767883301,0
67.56993341445923,0
67.58196783065796,0
67.58219265937805,0
67.5822103023529,0
67.58221459388733,0
67.58445811271667,0
67.58447742462158,0
67.5851218700409,0
67.58673548698425,0
67.5867669582367,0
67.58997011184692,0
67.59000301361084,0
67.59008860588074,0
67.59084796905518,0
67.59092116355896,0
67.61007928848267,0
67.61012983322144,0
67.61018681526184,0
67.63012933731079,0
67.63017129898071,0
67.63018941879272,0
67.64732336997986,0
67.65008568763733,0
67.65016317367554,0
67.65141224861145,0
67.65421152114868,0
67.65877342224121,0
67.65881204605103,0
67.65941095352173,0
67.65996623039246,0
67.66000366210938,0
67.6602828502655,0
67.66154885292053,0
67.66551089286804,0
67.66746950149536,0
67.67036151885986,0
67.6703896522522,0
67.67040872573853,0
67.69000792503357,0
67.69001960754395,0
67.69003438949585,0
67.69168043136597,0
67.6935179233551,0
67.69354438781738,0
67.69355630874634,0
67.69418978691101,0
67.69425106048584,0
67.69488978385925,0
67.69536352157593,0
67.69776368141174,0
67.70729494094849,0
67.70729899406433,0
67.71015882492065,0
67.71018481254578,0
67.71019911766052,0
67.710942029953,0
67.7109706401825,0
67.71245908737183,0
67.73031234741211,0
67.73033881187439,0
67.73037338256836,0
67.73119330406189,0
67.7320647239685,0
67.73278331756592,0
67.73285102844238,0
67.73305058479309,0
67.73313045501709,0
67.73318481445312,0
67.74999046325684,0
67.75007796287537,0
67.75008893013,0
67.75952506065369,0
67.76275157928467,0
67.76277780532837,0
67.77009868621826,0
67.77015089988708,0
67.77017951011658,0
67.78746795654297,0
67.7874846458435,0
67.7875485420227,0
67.78970766067505,0
67.7901873588562,0
67.7906641960144,0
67.79068398475647,0
67.79082727432251,0
67.79086256027222,0
67.79090571403503,0
67.7909140586853,0
67.79322409629822,0
67.80759334564209,0
67.80761456489563,0
67.80942511558533,0
67.81073045730591,0
67.81080174446106,0
67.8108184337616,0
67.81086802482605,0
67.81212258338928,0
67.82014465332031,0
67.8202006816864,0
67.82029747962952,0
67.82031869888306,0
67.8214979171753,0
67.82152199745178,0
67.82156443595886,0
67.8302652835846,0
67.83038663864136,0
67.83040261268616,0
67.83605146408081,0
67.836177110672,0
67.83619141578674,0
67.8362021446228,0
67.83917140960693,0
67.83934259414673,0
67.83939337730408,0
67.85010194778442,0
67.85017824172974,0
67.85019588470459,0
67.86575055122375,0
67.87131214141846,0
67.87138962745667,0
67.871408700943,0
67.87147378921509,0
67.87368655204773,0
67.87371397018433,0
67.87437391281128,0
67.87450528144836,0
67.87455677986145,0
67.87458968162537,0
67.88081049919128,0
67.88082599639893,0
67.88235998153687,0
67.88241624832153,0
67.88353323936462,0
67.8908531665802,0
67.89088273048401,0
67.89093136787415,0
67.89700388908386,0
67.89702248573303,0
67.89703297615051,0
67.89823317527771,0
67.91037964820862,0
67.91044569015503,0
67.91047167778015,0
67.91608142852783,0
67.91610860824585,0
67.9161217212677,0
67.92998766899109,0
67.93001341819763,0
67.93002414703369,0
67.9459593296051,0
67.94802212715149,0
67.94818902015686,0
67.94992017745972,0
67.94994497299194,0
67.949955701828,0
67.96722292900085,0
67.96724271774292,0
67.96725654602051,0
67.96727013587952,0
67.96883130073547,0
67.96888828277588,0
67.96892762184143,0
67.96951079368591,0
67.97013187408447,0
67.97015833854675,0
67.97017216682434,0
67.99030303955078,0
67.99033308029175,0
67.99034070968628,0
67.99085211753845,0
67.99086952209473,0
67.99093985557556,0
67.99360966682434,0
67.99364900588989,0
67.99377775192261,0
67.99380111694336,0
67.99419021606445,0
67.99849534034729,0
67.99854111671448,0
68.01023077964783,0
68.01064586639404,0
68.01072883605957,0
68.0235230922699,0
68.02356719970703,0
68.02598977088928,0
68.03028655052185,0
68.03031587600708,0
68.03052949905396,0
68.0444872379303,0
68.04456734657288,0
68.04458427429199,0
68.04469704627991,0
68.04544377326965,0
68.04576134681702,0
68.0460798740387,0
68.05184125900269,0
68.05187225341797,0
68.05188608169556,0
68.06348824501038,0
68.06364512443542,0
68.06369161605835,0
68.06385922431946,0
68.064608335495,0
68.06485152244568,0
68.06487083435059,0
68.06541466712952,0
68.07040476799011,0
68.07043099403381,0
68.07047438621521,0
68.0778501033783,0
68.07797431945801,0
68.07798886299133,0
68.07803964614868,0
68.07906556129456,0
68.07917141914368,0
68.07934308052063,0
68.09036135673523,0
68.09038734436035,0
68.09039998054504,0
68.0973448753357,0
68.09751319885254,0
68.09891319274902,0
68.09929966926575,0
68.11016273498535,0
68.11018967628479,0
68.1102409362793,0
68.12259006500244,0
68.12472009658813,0
68.13131403923035,0
68.13134455680847,0
68.1313841342926,0
68.13932156562805,0
68.14989829063416,0
68.14994311332703,0
68.15014863014221,0
68.16227579116821,0
68.16230416297913,0
68.16339159011841,0
68.16340756416321,0
68.16344785690308,0
68.16346073150635,0
68.16618585586548,0
68.16671538352966,0
68.16752886772156,0
68.16984796524048,0
68.1698830127716,0
68.16989517211914,0
68.17901539802551,0
68.1825475692749,0
68.1827597618103,0
68.18309140205383,0
68.18309569358826,0
68.18992590904236,0
68.1899561882019,0
68.1899721622467,0
68.20120573043823,0
68.20121455192566,0
68.20170211791992,0
68.2032949924469,0
68.20334839820862,0
68.20534181594849,0
68.20537233352661,0
68.20993518829346,0
68.20996594429016,0
68.21006321907043,0
68.22656965255737,0
68.2323887348175,0
68.232430934906,0
68.23245024681091,0
68.23292827606201,0
68.23295092582703,0
68.24204421043396,0
68.24207806587219,0
68.24216508865356,0
68.24227118492126,0
68.24397873878479,0
68.24445533752441,0
68.24533724784851,0
68.2454845905304,0
68.25030183792114,0
68.25033211708069,0
68.25034594535828,0
68.26178526878357,0
68.26413893699646,0
68.27017879486084,0
68.27022004127502,0
68.27023410797119,0
68.28996396064758,0
68.28999328613281,0
68.29000329971313,0
68.30530643463135,0
68.3053092956543,0
68.30532050132751,0
68.30539846420288,0
68.3067135810852,0
68.30730891227722,0
68.30733752250671,0
68.30792260169983,0
68.30797696113586,0
68.31040740013123,0
68.31043195724487,0
68.31044292449951,0
68.32412910461426,0
68.32413291931152,0
68.32652711868286,0
68.3267674446106,0
68.3269875049591,0
68.32708954811096,0
68.32997155189514,0
68.33000564575195,0
68.33002185821533,0
68.33837676048279,0
68.33839464187622,0
68.33840298652649,0
68.33840894699097,0
68.34508633613586,0
68.34513545036316,0
68.34590005874634,0
68.34610629081726,0
68.34612679481506,0
68.3473596572876,0
68.34982466697693,0
68.34988927841187,0
68.34990358352661,0
68.3499915599823,0
68.35001826286316,0
68.35003232955933,0
68.36994433403015,0
68.36999773979187,0
68.37000870704651,0
68.37670040130615,0
68.39002346992493,0
68.39006161689758,0
68.39014601707458,0
68.3924400806427,0
68.39247369766235,0
68.39497971534729,0
68.39535403251648,0
68.41017889976501,0
68.41021728515625,0
68.41023373603821,0
68.42802166938782,0
68.42805099487305,0
68.42807602882385,0
68.43092393875122,0
68.43098831176758,0
68.43101501464844,0
68.43288326263428,0
68.43304896354675,0
68.434654712677,0
68.43474769592285,0
68.45025992393494,0
68.45029544830322,0
68.45857000350952,0
68.46420741081238,0
68.47111654281616,0
68.47136878967285,0
68.47139358520508,0
68.49041485786438,0
68.49043989181519,0
68.49063277244568,0
68.49316000938416,0
68.49325728416443,0
68.49342322349548,0
68.49342465400696,0
68.4942033290863,0
68.49430084228516,0
68.4943277835846,0
68.49518394470215,0
68.49794602394104,0
68.49798655509949,0
68.49943089485168,0
68.49947047233582,0
68.51005029678345,0
68.51007866859436,0
68.51012539863586,0
68.53010106086731,0
68.53012943267822,0
68.53016948699951,0
68.53899264335632,0
68.55030751228333,0
68.55033707618713,0
68.55034875869751,0
68.56989073753357,0
68.56992363929749,0
68.56993675231934,0
68.59004426002502,0
68.59007334709167,0
68.590096950531,0
68.59651160240173,0
68.5965530872345,0
68.59750437736511,0
68.59752774238586,0
68.59753608703613,0
68.5978627204895,0
68.60176992416382,0
68.60180735588074,0
68.60216164588928,0
68.60364174842834,0
68.60394239425659,0
68.60394740104675,0
68.60396385192871,0
68.60410809516907,0
68.60442876815796,0
68.60445070266724,0
68.60510897636414,0
68.61012315750122,0
68.61016488075256,0
68.61018395423889,0
68.61353945732117,0
68.61357688903809,0
68.61502695083618,0
68.61512851715088,0
68.634441614151,0
68.63448214530945,0
68.63453912734985,0
68.63471913337708,0
68.63536024093628,0
68.63539838790894,0
68.64467906951904,0
68.64746117591858,0
68.64748549461365,0
68.64754033088684,0
68.64901423454285,0
68.64904475212097,0
68.6500256061554,0
68.650057554245,0
68.65029692649841,0
68.65032291412354,0
68.65846467018127,0
68.6619040966034,0
68.6700975894928,0
68.67012357711792,0
68.67038059234619,0
68.68316197395325,0
68.68992733955383,0
68.6899585723877,0
68.68996262550354,0
68.69951629638672,0
68.70079064369202,0
68.70181465148926,0
68.70183849334717,0
68.70215201377869,0
68.70247960090637,0
68.7025134563446,0
68.70994448661804,0
68.70996952056885,0
68.709969997406,0
68.72872829437256,0
68.72876262664795,0
68.73258304595947,0
68.73261427879333,0
68.73262572288513,0
68.73859310150146,0
68.73861980438232,0
68.73919701576233,0
68.75058317184448,0
68.75063037872314,0
68.75068640708923,0
68.75536012649536,0
68.75545024871826,0
68.75653433799744,0
68.75653600692749,0
68.75656318664551,0
68.75661659240723,0
68.75916337966919,0
68.75916695594788,0
68.75959849357605,0
68.7596230506897,0
68.76212430000305,0
68.76320958137512,0
68.77015829086304,0
68.77031111717224,0
68.7703537940979,0
68.78987407684326,0
68.78990316390991,0
68.78991627693176,0
68.79540753364563,0
68.7956645488739,0
68.79580020904541,0
68.79585671424866,0
68.79826617240906,0
68.79861259460449,0
68.7986421585083,0
68.79968476295471,0
68.79971265792847,0
68.80129837989807,0
68.80134701728821,0
68.80270290374756,0
68.80286645889282,0
68.80286884307861,0
68.80289340019226,0
68.80502271652222,0
68.80520057678223,0
68.80540943145752,0
68.8059675693512,0
68.81025648117065,0
68.81031537055969,0
68.81032133102417,0
68.8303713798523,0
68.83040690422058,0
68.83046388626099,0
68.83681225776672,0
68.83718132972717,0
68.83721017837524,0
68.83723950386047,0
68.84234976768494,0
68.84326958656311,0
68.84560966491699,0
68.84563970565796,0
68.84580683708191,0
68.85196375846863,0
68.85199642181396,0
68.85252737998962,0
68.87008213996887,0
68.87182807922363,0
68.87186813354492,0
68.87438869476318,0
68.87840151786804,0
68.87975192070007,0
68.87977337837219,0
68.87978458404541,0
68.88071823120117,0
68.88129043579102,0
68.8818531036377,0
68.88231205940247,0
68.88456463813782,0
68.88882994651794,0
68.88887405395508,0
68.89006018638611,0
68.89008855819702,0
68.89010310173035,0
68.8928074836731,0
68.89281845092773,0
68.91349363327026,0
68.91352033615112,0
68.91356253623962,0
68.91555738449097,0
68.93026661872864,0
68.93029475212097,0
68.93030643463135,0
68.95024394989014,0
68.95028018951416,0
68.9502956867218,0
68.95134711265564,0
68.95138239860535,0
68.9522647857666,0
68.95228600502014,0
68.9526150226593,0
68.95268678665161,0
68.95369982719421,0
68.95372462272644,0
68.95416808128357,0
68.95441722869873,0
68.96503901481628,0
68.96505689620972,0
68.96507096290588,0
68.96508574485779,0
68.96685528755188,0
68.96687912940979,0
68.96689081192017,0
68.96789336204529,0
68.96981978416443,0
68.96984720230103,0
68.97019386291504,0
68.98994088172913,0
68.9899411201477,0
68.99000072479248,0
69.01007080078125,0
69.01015090942383,0
69.01018977165222,0
69.02367353439331,0
69.02371191978455,0
69.02730989456177,0
69.02934551239014,0
69.03148531913757,0
69.03155708312988,0
69.03156065940857,0
69.03162360191345,0
69.04652452468872,0
69.04692554473877,0
69.04747486114502,0
69.04750680923462,0
69.04885196685791,0
69.04888319969177,0
69.050616979599,0
69.05065059661865,0
69.05070233345032,0
69.05151677131653,0
69.05689215660095,0
69.05690670013428,0
69.05732035636902,0
69.05734491348267,0
69.05736041069031,0
69.05737566947937,0
69.05739164352417,0
69.05948162078857,0
69.06990599632263,0
69.06993651390076,0
69.06998229026794,0
69.08108878135681,0
69.0825686454773,0
69.08259630203247,0
69.08260679244995,0
69.08618497848511,0
69.08725428581238,0
69.08727955818176,0
69.08727979660034,0
69.08991885185242,0
69.08994698524475,0
69.08998513221741,0
69.1033935546875,0
69.10460758209229,0
69.10462284088135,0
69.1057140827179,0
69.1060254573822,0
69.10665845870972,0
69.10985016822815,0
69.1098735332489,0
69.11013340950012,0
69.11798596382141,0
69.11800932884216,0
69.1180202960968,0
69.1180317401886,0
69.12994194030762,0
69.12996864318848,0
69.12999773025513,0
69.14883136749268,0
69.14884042739868,0
69.14893531799316,0
69.14990162849426,0
69.14992785453796,0
69.14996910095215,0
69.15021991729736,0
69.15193319320679,0
69.15614819526672,0
69.17005681991577,0
69.17008638381958,0
69.1700987815857,0
69.1800901889801,0
69.18021869659424,0
69.18146634101868,0
69.18283200263977,0
69.1838014125824,0
69.18389177322388,0
69.1898946762085,0
69.18992209434509,0
69.1899402141571,0
69.2016589641571,0
69.2019293308258,0
69.20227861404419,0
69.20309519767761,0
69.20332217216492,0
69.20586824417114,0
69.20588850975037,0
69.21028327941895,0
69.21031904220581,0
69.21037483215332,0
69.23032832145691,0
69.23038077354431,0
69.23040223121643,0
69.23314952850342,0
69.24282574653625,0
69.24330568313599,0
69.24337673187256,0
69.24339556694031,0
69.24795389175415,0
69.24803042411804,0
69.25047588348389,0
69.25052666664124,0
69.2505476474762,0
69.25155782699585,0
69.25157928466797,0
69.25235176086426,0
69.27002930641174,0
69.27005863189697,0
69.27007293701172,0
69.27439427375793,0
69.27932095527649,0
69.27954363822937,0
69.27974033355713,0
69.28111147880554,0
69.28794312477112,0
69.28796362876892,0
69.28797841072083,0
69.28798270225525,0
69.28800296783447,0
69.28858828544617,0
69.28860211372375,0
69.28867769241333,0
69.28879070281982,0
69.28880977630615,0
69.29028749465942,0
69.29076051712036,0
69.29184103012085,0
69.29186797142029,0
69.29194164276123,0
69.29479026794434,0
69.2948305606842,0
69.29681634902954,0
69.30394315719604,0
69.30395698547363,0
69.30570244789124,0
69.30587911605835,0
69.31007099151611,0
69.31009840965271,0
69.31011199951172,0
69.31971907615662,0
69.31974244117737,0
69.31977486610413,0
69.33009076118469,0
69.33026647567749,0
69.33030652999878,0
69.34995436668396,0
69.35049724578857,0
69.35052156448364,0
69.35953712463379,0
69.36443591117859,0
69.36446166038513,0
69.36980390548706,0
69.36982655525208,0
69.36983752250671,0
69.39102721214294,0
69.39113569259644,0
69.39115571975708,0
69.39498019218445,0
69.3949990272522,0
69.39503598213196,0
69.39520025253296,0
69.39797019958496,0
69.39805603027344,0
69.39841485023499,0
69.39945912361145,0
69.40131330490112,0
69.40208649635315,0
69.40847969055176,0
69.40851545333862,0
69.41007471084595,0
69.41021513938904,0
69.41050028800964,0
69.41097044944763,0
69.41108703613281,0
69.41538429260254,0
69.43110632896423,0
69.43118500709534,0
69.43124866485596,0
69.44025111198425,0
69.44028425216675,0
69.44030213356018,0
69.44055819511414,0
69.44181561470032,0
69.44265007972717,0
69.44282841682434,0
69.45029830932617,0
69.45030117034912,0
69.45033478736877,0
69.45597982406616,0
69.45666360855103,0
69.47052454948425,0
69.47057151794434,0
69.47057604789734,0
69.47629618644714,0
69.49005675315857,0
69.49008440971375,0
69.49009704589844,0
69.5076060295105,0
69.50762701034546,0
69.50765204429626,0
69.50992178916931,0
69.51002836227417,0
69.51007986068726,0
69.51048684120178,0
69.51084089279175,0
69.51150870323181,0
69.51174449920654,0
69.51464033126831,0
69.5146951675415,0
69.51476001739502,0
69.51481366157532,0
69.5222053527832,0
69.522390127182,0
69.5224130153656,0
69.52242302894592,0
69.52419471740723,0
69.5242223739624,0
69.52423620223999,0
69.5247585773468,0
69.53003287315369,0
69.53006052970886,0
69.5300714969635,0
69.55015134811401,0
69.55017161369324,0
69.55023646354675,0
69.55710411071777,0
69.55717778205872,0
69.55879640579224,0
69.55880737304688,0
69.5588493347168,0
69.55889296531677,0
69.56282353401184,0
69.56283807754517,0
69.56288504600525,0
69.5628969669342,0
69.56297159194946,0
69.5698471069336,0
69.5698754787445,0
69.56993222236633,0
69.57545709609985,0
69.58995032310486,0
69.5899817943573,0
69.58999609947205,0
69.61016368865967,0
69.61020159721375,0
69.61088371276855,0
69.63042950630188,0
69.63060140609741,0
69.63062930107117,0
69.63343453407288,0
69.63346552848816,0
69.63348817825317,0
69.63356351852417,0
69.64092755317688,0
69.64095067977905,0
69.64108920097351,0
69.64112162590027,0
69.6431713104248,0
69.64414477348328,0
69.64433336257935,0
69.64922976493835,0
69.65010023117065,0
69.65013575553894,0
69.65020537376404,0
69.65499496459961,0
69.65686535835266,0
69.65688610076904,0
69.65803003311157,0
69.65810370445251,0
69.65812468528748,0
69.65938353538513,0
69.66987085342407,0
69.669921875,0
69.66999506950378,0
69.69052791595459,0
69.69056272506714,0
69.69057536125183,0
69.69712734222412,0
69.69779801368713,0
69.69826769828796,0
69.70570683479309,0
69.70572972297668,0
69.70575141906738,0
69.70626497268677,0
69.70701146125793,0
69.70814156532288,0
69.70931363105774,0
69.7098536491394,0
69.70987462997437,0
69.709885597229,0
69.71042084693909,0
69.71183586120605,0
69.71186590194702,0
69.7300877571106,0
69.7301025390625,0
69.73011445999146,0
69.7428548336029,0
69.75289726257324,0
69.7529091835022,0
69.75299143791199,0
69.75303101539612,0
69.75306463241577,0
69.76198244094849,0
69.76199316978455,0
69.76200413703918,0
69.7631208896637,0
69.76314997673035,0
69.7639992237091,0
69.76423621177673,0
69.7646656036377,0
69.7647933959961,0
69.76486682891846,0
69.76487874984741,0
69.76988887786865,0
69.76993584632874,0
69.76997208595276,0
69.78998589515686,0
69.79011416435242,0
69.79013466835022,0
69.79413843154907,0
69.79446792602539,0
69.7944986820221,0
69.79478597640991,0
69.79889011383057,0
69.80052614212036,0
69.80054140090942,0
69.80055522918701,0
69.80174708366394,0
69.80176568031311,0
69.80181288719177,0
69.80273723602295,0
69.80277919769287,0
69.8051028251648,0
69.80514883995056,0
69.80992150306702,0
69.80994987487793,0
69.81001234054565,0
69.8285322189331,0
69.83024406433105,0
69.83027410507202,0
69.83029055595398,0
69.8427357673645,0
69.84344506263733,0
69.84388470649719,0
69.84437465667725,0
69.84687232971191,0
69.84696817398071,0
69.84760284423828,0
69.85037994384766,0
69.85038018226624,0
69.85041189193726,0
69.85533165931702,0
69.87022256851196,0
69.87024807929993,0
69.87029790878296,0
69.88656377792358,0
69.88683938980103,0
69.88686466217041,0
69.88692569732666,0
69.88854026794434,0
69.88856172561646,0
69.888840675354,0
69.88969135284424,0
69.88970685005188,0
69.89007782936096,0
69.8901014328003,0
69.89014554023743,0
69.89483118057251,0
69.8948540687561,0
69.89547991752625,0
69.89644932746887,0
69.91164541244507,0
69.91170501708984,0
69.91240882873535,0
69.91614961624146,0
69.93004512786865,0
69.93007183074951,0
69.93008494377136,0
69.94154620170593,0
69.94155859947205,0
69.950186252594,0
69.95021963119507,0
69.97018957138062,0
69.97021985054016,0
69.97030520439148,0
69.97499179840088,0
69.97553515434265,0
69.97555232048035,0
69.97673869132996,0
69.97694396972656,0
69.97722744941711,0
69.97727584838867,0
69.9794659614563,0
69.98127913475037,0
69.98540949821472,0
69.99042463302612,0
69.99045920372009,0
69.990473985672,0
69.9904887676239,0
69.99144244194031,0
69.99273800849915,0
69.99277663230896,0
69.99625563621521,0
69.99625849723816,0
69.99645018577576,0
69.99786758422852,0
70.01005458831787,0
70.0100929737091,0
70.01047158241272,0
70.03023433685303,0
70.03028416633606,0
70.03030490875244,0
70.03336524963379,0
70.03341174125671,0
70.03645730018616,0
70.03682661056519,0
70.05026054382324,0
70.05029630661011,0
70.05031132698059,0
70.05186319351196,0
70.05225443840027,0
70.05304408073425,0
70.05316543579102,0
70.0533459186554,0
70.05369210243225,0
70.05393624305725,0
70.05628275871277,0
70.05629897117615,0
70.0563485622406,0
70.05638432502747,0
70.05641865730286,0
70.05645823478699,0
70.05653095245361,0
70.05657482147217,0
70.06819319725037,0
70.07074522972107,0
70.07081508636475,0
70.0708544254303,0
70.07089972496033,0
70.07093477249146,0
70.07519459724426,0
70.07723331451416,0
70.07725191116333,0
70.07729506492615,0
70.09021377563477,0
70.09031081199646,0
70.09033203125,0
70.11025762557983,0
70.11032772064209,0
70.1103527545929,0
70.13004899024963,0
70.13008570671082,0
70.13122248649597,0
70.1312792301178,0
70.13130688667297,0
70.13532948493958,0
70.13540148735046,0
70.14105892181396,0
70.14414048194885,0
70.14431405067444,0
70.14756274223328,0
70.15396928787231,0
70.15398836135864,0
70.1541359424591,0
70.15500450134277,0
70.15503406524658,0
70.15832948684692,0
70.15835189819336,0
70.15840268135071,0
70.15844178199768,0
70.16043400764465,0
70.16048192977905,0
70.16147565841675,0
70.17026448249817,0
70.17030763626099,0
70.17036986351013,0
70.17634272575378,0
70.19116926193237,0
70.19121527671814,0
70.19123935699463,0
70.19725489616394,0
70.19741415977478,0
70.19744229316711,0
70.19783926010132,0
70.20276403427124,0
70.20277881622314,0
70.20282244682312,0
70.21028733253479,0
70.21034145355225,0
70.21041107177734,0
70.22432780265808,0
70.22443151473999,0
70.22737312316895,0
70.22787952423096,0
70.22906541824341,0
70.23111081123352,0
70.23137068748474,0
70.23140597343445,0
70.24736309051514,0
70.24746632575989,0
70.24750423431396,0
70.24762105941772,0
70.25665330886841,0
70.25668907165527,0
70.25679564476013,0
70.260995388031,0
70.26101922988892,0
70.26103901863098,0
70.26365184783936,0
70.26391768455505,0
70.26394724845886,0
70.26408004760742,0
70.2705020904541,0
70.27053761482239,0
70.27055144309998,0
70.29017448425293,0
70.29023957252502,0
70.29026436805725,0
70.31166124343872,0
70.3117094039917,0
70.31173038482666,0
70.31973505020142,0
70.32011413574219,0
70.32016229629517,0
70.3213894367218,0
70.33023762702942,0
70.33029079437256,0
70.33043336868286,0
70.35097217559814,0
70.35099172592163,0
70.35102272033691,0
70.35975313186646,0
70.36022090911865,0
70.36140489578247,0
70.36278748512268,0
70.36280918121338,0
70.36287951469421,0
70.36452174186707,0
70.36454606056213,0
70.36456370353699,0
70.36547088623047,0
70.36550498008728,0
70.36719965934753,0
70.36729598045349,0
70.37047457695007,0
70.37051224708557,0
70.37075853347778,0
70.3720862865448,0
70.38311052322388,0
70.39022731781006,0
70.39027118682861,0
70.39067673683167,0
70.40947222709656,0
70.40954518318176,0
70.40964198112488,0
70.409663438797,0
70.41046380996704,0
70.41115045547485,0
70.4112458229065,0
70.4138708114624,0
70.4145679473877,0
70.41459441184998,0
70.41558313369751,0
70.41561031341553,0
70.41711640357971,0
70.4172294139862,0
70.42590022087097,0
70.42920184135437,0
70.43050289154053,0
70.43053436279297,0
70.43059825897217,0
70.4317078590393,0
70.44177842140198,0
70.44225192070007,0
70.44227862358093,0
70.44314360618591,0
70.4473226070404,0
70.44738388061523,0
70.44809913635254,0
70.44818067550659,0
70.45027494430542,0
70.45031595230103,0
70.45033740997314,0
70.47008275985718,0
70.4701144695282,0
70.47018098831177,0
70.47453880310059,0
70.47754096984863,0
70.48128986358643,0
70.48242902755737,0
70.48260760307312,0
70.48263549804688,0
70.48516726493835,0
70.48519849777222,0
70.48568081855774,0
70.48700332641602,0
70.48707723617554,0
70.48905944824219,0
70.4891209602356,0
70.49003887176514,0
70.49006485939026,0
70.4900815486908,0
70.51023483276367,0
70.51028156280518,0
70.51047945022583,0
70.53116917610168,0
70.53147172927856,0
70.53229594230652,0
70.55122804641724,0
70.55127191543579,0
70.5512900352478,0
70.55276775360107,0
70.55301356315613,0
70.55578589439392,0
70.55581164360046,0
70.55699372291565,0
70.55702018737793,0
70.55704069137573,0
70.5683126449585,0
70.57035565376282,0
70.57038640975952,0
70.57042193412781,0
70.57393264770508,0
70.57393550872803,0
70.5747172832489,0
70.57474732398987,0
70.57480335235596,0
70.57482123374939,0
70.57702279090881,0
70.57703518867493,0
70.57706689834595,0
70.5771152973175,0
70.57795786857605,0
70.5807785987854,0
70.58517742156982,0
70.58673906326294,0
70.58675503730774,0
70.5867989063263,0
70.59016346931458,0
70.59019565582275,0
70.59020900726318,0
70.601078748703,0
70.60120177268982,0
70.60121369361877,0
70.60403275489807,0
70.60406804084778,0
70.60516262054443,0
70.60521411895752,0
70.61007761955261,0
70.61011838912964,0
70.61013650894165,0
70.61639261245728,0
70.63021636009216,0
70.63026118278503,0
70.63035655021667,0
70.65050482749939,0
70.650563955307,0
70.65071058273315,0
70.66665744781494,0
70.6668291091919,0
70.66686630249023,0
70.66693234443665,0
70.66798734664917,0
70.66802716255188,0
70.66860008239746,0
70.66922974586487,0
70.6710205078125,0
70.6710832118988,0
70.6712212562561,0
70.67719531059265,0
70.67761063575745,0
70.67762923240662,0
70.67763996124268,0
70.69064545631409,0
70.69071340560913,0
70.69073557853699,0
70.71029853820801,0
70.71034455299377,0
70.71039843559265,0
70.71668863296509,0
70.71678066253662,0
70.71740698814392,0
70.71885633468628,0
70.71890354156494,0
70.7219398021698,0
70.72203350067139,0
70.72303795814514,0
70.72504043579102,0
70.72859001159668,0
70.73027849197388,0
70.73033094406128,0
70.73063230514526,0
70.74822211265564,0
70.7482476234436,0
70.75917792320251,0
70.75923156738281,0
70.75925421714783,0
70.75973272323608,0
70.75977897644043,0
70.75983572006226,0
70.75985836982727,0
70.7600269317627,0
70.76004552841187,0
70.76005911827087,0
70.76336598396301,0
70.76340532302856,0
70.76341915130615,0
70.76343393325806,0
70.76444816589355,0
70.76464700698853,0
70.76467442512512,0
70.76564168930054,0
70.77044582366943,0
70.77047562599182,0
70.77068448066711,0
70.79006171226501,0
70.79009652137756,0
70.79011130332947,0
70.79569482803345,0
70.79765224456787,0
70.79767179489136,0
70.79769039154053,0
70.7984082698822,0
70.798415184021,0
70.79845523834229,0
70.80035138130188,0
70.80037307739258,0
70.80085563659668,0
70.80087327957153,0
70.80484414100647,0
70.80484819412231,0
70.81008529663086,0
70.81011414527893,0
70.81014633178711,0
70.81267762184143,0
70.82124400138855,0
70.82126474380493,0
70.8213517665863,0
70.82245182991028,0
70.82518076896667,0
70.82520294189453,0
70.82521867752075,0
70.83020353317261,0
70.83023500442505,0
70.8302903175354,0
70.850332736969,0
70.85037660598755,0
70.85039520263672,0
70.85753512382507,0
70.87222957611084,0
70.87226223945618,0
70.87231612205505,0
70.89039421081543,0
70.89043712615967,0
70.89045596122742,0
70.89047360420227,0
70.89096140861511,0
70.89120411872864,0
70.89398097991943,0
70.89442777633667,0
70.89447259902954,0
70.89456748962402,0
70.89588642120361,0
70.89933347702026,0
70.89935541152954,0
70.89942049980164,0
70.90086579322815,0
70.90093564987183,0
70.90443563461304,0
70.91062998771667,0
70.91071820259094,0
70.91074228286743,0
70.93215012550354,0
70.93220233917236,0
70.93227767944336,0
70.93234348297119,0
70.932608127594,0
70.93266677856445,0
70.93273258209229,0
70.93304872512817,0
70.93307185173035,0
70.93309617042542,0
70.95061564445496,0
70.9513783454895,0
70.95142579078674,0
70.97113156318665,0
70.97117733955383,0
70.97124552726746,0
70.97389221191406,0
70.97895455360413,0
70.97922253608704,0
70.98285388946533,0
70.98288941383362,0
70.98293781280518,0
70.98298573493958,0
70.98352026939392,0
70.98355531692505,0
70.9835741519928,0
70.98590755462646,0
70.98594951629639,0
70.98596501350403,0
70.98597955703735,0
70.9909782409668,0
70.9910957813263,0
70.99118089675903,0
70.99150729179382,0
70.99208974838257,0
70.99213147163391,0
70.99790668487549,0
71.00096297264099,0
71.00263738632202,0
71.00263810157776,0
71.00391006469727,0
71.00393462181091,0
71.0102481842041,0
71.01028251647949,0
71.01030015945435,0
71.02910017967224,0
71.03044438362122,0
71.03044605255127,0
71.03049325942993,0
71.0332465171814,0
71.03459692001343,0
71.04017043113708,0
71.04334449768066,0
71.04341435432434,0
71.04341959953308,0
71.04467558860779,0
71.04525899887085,0
71.04530572891235,0
71.05071830749512,0
71.05076837539673,0
71.05227136611938,0
71.0569806098938,0
71.06988739967346,0
71.06991767883301,0
71.06997895240784,0
71.08230376243591,0
71.08233404159546,0
71.08237838745117,0
71.08243656158447,0
71.0856282711029,0
71.08564829826355,0
71.08601307868958,0
71.08997106552124,0
71.09000420570374,0
71.09001922607422,0
71.09759473800659,0
71.09770822525024,0
71.09989333152771,0
71.09995627403259,0
71.11087250709534,0
71.11091995239258,0
71.11094331741333,0
71.13063859939575,0
71.1313271522522,0
71.13137102127075,0
71.14371681213379,0
71.15026044845581,0
71.15033435821533,0
71.15063500404358,0
71.15749931335449,0
71.15757346153259,0
71.17039322853088,0
71.17043375968933,0
71.17045187950134,0
71.19030928611755,0
71.19036078453064,0
71.19048929214478,0
71.19371604919434,0
71.1940176486969,0
71.19406294822693,0
71.19413113594055,0
71.1977801322937,0
71.19780731201172,0
71.19781017303467,0
71.20006513595581,0
71.20405459403992,0
71.21062016487122,0
71.21066737174988,0
71.2107355594635,0
71.21600699424744,0
71.22213530540466,0
71.22218084335327,0
71.2239830493927,0
71.22405338287354,0
71.22583627700806,0
71.22617864608765,0
71.22621011734009,0
71.22626757621765,0
71.22850012779236,0
71.22873306274414,0
71.22898745536804,0
71.22943305969238,0
71.23032188415527,0
71.23037576675415,0
71.23039937019348,0
71.24500060081482,0
71.24504780769348,0
71.24575281143188,0
71.24599123001099,0
71.25072526931763,0
71.25099587440491,0
71.25101828575134,0
71.25275087356567,0
71.25277781486511,0
71.25306487083435,0
71.25666189193726,0
71.27052044868469,0
71.27056121826172,0
71.27067589759827,0
71.29047179222107,0
71.29050254821777,0
71.29051613807678,0
71.2905330657959,0
71.29238820075989,0
71.2926857471466,0
71.29272127151489,0
71.29279899597168,0
71.29281306266785,0
71.2928249835968,0
71.2928364276886,0
71.29516673088074,0
71.29545092582703,0
71.29545640945435,0
71.29654598236084,0
71.30379509925842,0
71.30480432510376,0
71.3100757598877,0
71.3101122379303,0
71.31015920639038,0
71.32653069496155,0
71.32653737068176,0
71.32690334320068,0
71.32722330093384,0
71.33092927932739,0
71.33096933364868,0
71.33098840713501,0
71.3336546421051,0
71.3342707157135,0
71.33427095413208,0
71.33433127403259,0
71.33812952041626,0
71.35075116157532,0
71.35079312324524,0
71.35086226463318,0
71.36544346809387,0
71.37021994590759,0
71.37025690078735,0
71.37031602859497,0
71.38285112380981,0
71.38296413421631,0
71.38509202003479,0
71.38539624214172,0
71.38572120666504,0
71.38598823547363,0
71.39019250869751,0
71.3902370929718,0
71.39095497131348,0
71.39145469665527,0
71.39149641990662,0
71.39156413078308,0
71.39708375930786,0
71.3971197605133,0
71.40001058578491,0
71.40004825592041,0
71.41023468971252,0
71.41027855873108,0
71.4109115600586,0
71.42012763023376,0
71.42810368537903,0
71.42872905731201,0
71.4290599822998,0
71.42930197715759,0
71.4309241771698,0
71.43094944953918,0
71.43096995353699,0
71.44132971763611,0
71.44140124320984,0
71.44235324859619,0
71.44497299194336,0
71.44534730911255,0
71.44537544250488,0
71.44539880752563,0
71.45087456703186,0
71.45092391967773,0
71.45095443725586,0
71.45545411109924,0
71.45550179481506,0
71.4555242061615,0
71.47201013565063,0
71.47204279899597,0
71.4720504283905,0
71.47476863861084,0
71.48036122322083,0
71.48060631752014,0
71.4806261062622,0
71.48067808151245,0
71.48321652412415,0
71.48323464393616,0
71.48363614082336,0
71.48400163650513,0
71.48518419265747,0
71.49041700363159,0
71.49046421051025,0
71.49048638343811,0
71.49855661392212,0
71.49901962280273,0
71.50036096572876,0
71.50044012069702,0
71.50229382514954,0
71.51060318946838,0
71.5106840133667,0
71.5107192993164,0
71.5118761062622,0
71.51341772079468,0
71.51483678817749,0
71.5152177810669,0
71.51527237892151,0
71.51532125473022,0
71.515389919281,0
71.53022885322571,0
71.5302722454071,0
71.53035092353821,0
71.550368309021,0
71.55100440979004,0
71.55103611946106,0
71.56030917167664,0
71.56265234947205,0
71.56296730041504,0
71.57142806053162,0
71.5714840888977,0
71.57150554656982,0
71.59023237228394,0
71.59027290344238,0
71.59050178527832,0
71.5923445224762,0
71.59250903129578,0
71.59252595901489,0
71.5959689617157,0
71.59608387947083,0
71.59626197814941,0
71.59628796577454,0
71.5974063873291,0
71.60833859443665,0
71.60842037200928,0
71.60843825340271,0
71.60849261283875,0
71.61017227172852,0
71.61021184921265,0
71.61023259162903,0
71.62296795845032,0
71.62594413757324,0
71.62756609916687,0
71.63085126876831,0
71.63125205039978,0
71.63129615783691,0
71.6431188583374,0
71.64655256271362,0
71.64689445495605,0
71.64755010604858,0
71.64760065078735,0
71.64778232574463,0
71.65532612800598,0
71.6553807258606,0
71.65540313720703,0
71.65547585487366,0
71.67006993293762,0
71.67014145851135,0
71.67033290863037,0
71.67619752883911,0
71.67637395858765,0
71.67646312713623,0
71.67648148536682,0
71.67867040634155,0
71.67893934249878,0
71.67897462844849,0
71.69050598144531,0
71.6905529499054,0
71.69061732292175,0
71.69688868522644,0
71.71045398712158,0
71.71051168441772,0
71.71061754226685,0
71.73090100288391,0
71.7309775352478,0
71.73120331764221,0
71.7466950416565,0
71.74678802490234,0
71.74681949615479,0
71.7471752166748,0
71.74719667434692,0
71.74722123146057,0
71.74732279777527,0
71.75058650970459,0
71.75060820579529,0
71.75770878791809,0
71.7577645778656,0
71.75779628753662,0
71.76363039016724,0
71.76366424560547,0
71.76646780967712,0
71.76661825180054,0
71.76663565635681,0
71.76667952537537,0
71.76671981811523,0
71.76675868034363,0
71.76679611206055,0
71.7731339931488,0
71.77316927909851,0
71.77318215370178,0
71.7732195854187,0
71.77323174476624,0
71.7732458114624,0
71.78659963607788,0
71.79015731811523,0
71.7901840209961,0
71.7902135848999,0
71.7925934791565,0
71.79289412498474,0
71.79291248321533,0
71.79292893409729,0
71.79438591003418,0
71.79447865486145,0
71.7946138381958,0
71.7993700504303,0
71.79987525939941,0
71.80263137817383,0
71.80268979072571,0
71.80271124839783,0
71.80387377738953,0
71.81000351905823,0
71.81003880500793,0
71.81005430221558,0
71.81467032432556,0
71.83007049560547,0
71.83011293411255,0
71.8304922580719,0
71.85037755966187,0
71.8506715297699,0
71.85070013999939,0
71.85596656799316,0
71.85601472854614,0
71.85603737831116,0
71.85653734207153,0
71.85783910751343,0
71.85791373252869,0
71.85800433158875,0
71.8599534034729,0
71.86620831489563,0
71.87071967124939,0
71.87075519561768,0
71.87081336975098,0
71.87218236923218,0
71.88132786750793,0
71.88134789466858,0
71.88189363479614,0
71.88192677497864,0
71.88582420349121,0
71.8860194683075,0
71.88646268844604,0
71.8900077342987,0
71.89031147956848,0
71.89036583900452,0
71.89849710464478,0
71.89861559867859,0
71.89942860603333,0
71.89949822425842,0
71.91022396087646,0
71.91049218177795,0
71.91058373451233,0
71.91881084442139,0
71.91883611679077,0
71.91885352134705,0
71.91893935203552,0
71.92050266265869,0
71.92058610916138,0
71.92076373100281,0
71.93005609512329,0
71.93025350570679,0
71.9303982257843,0
71.94338274002075,0
71.9511570930481,0
71.95119500160217,0
71.95194268226624,0
71.951988697052,0
71.95207571983337,0
71.9701497554779,0
71.97020816802979,0
71.97047138214111,0
71.9741141796112,0
71.97446584701538,0
71.97450184822083,0
71.97452473640442,0
71.97857189178467,0
71.97899603843689,0
71.97903490066528,0
71.9800808429718,0
71.98215532302856,0
71.98350095748901,0
71.99011898040771,0
71.99016404151917,0
71.99034905433655,0
71.99943542480469,0
72.00064039230347,0
72.00067949295044,0
72.00070309638977,0
72.0100634098053,0
72.0106110572815,0
72.01102018356323,0
72.0111026763916,0
72.0118956565857,0
72.01386737823486,0
72.01389193534851,0
72.01396083831787,0
72.01403784751892,0
72.014089345932,0
72.01413893699646,0
72.01788258552551,0
72.0323338508606,0
72.03247928619385,0
72.03268647193909,0
72.0426504611969,0
72.04298210144043,0
72.04333758354187,0
72.04355812072754,0
72.04811716079712,0
72.04847955703735,0
72.0489604473114,0
72.05044436454773,0
72.05051755905151,0
72.05054426193237,0
72.07096910476685,0
72.070969581604,0
72.0710232257843,0
72.09070014953613,0
72.0907518863678,0
72.09088683128357,0
72.09573793411255,0
72.1020655632019,0
72.10404849052429,0
72.10423016548157,0
72.1042799949646,0
72.10821747779846,0
72.10831427574158,0
72.10876226425171,0
72.10881972312927,0
72.10882377624512,0
72.11070919036865,0
72.11075615882874,0
72.11082005500793,0
72.11160922050476,0
72.11170220375061,0
72.11616849899292,0
72.1308069229126,0
72.13085556030273,0
72.13091897964478,0
72.15228199958801,0
72.15233850479126,0
72.15236568450928,0
72.1655113697052,0
72.16556859016418,0
72.17089009284973,0
72.17093348503113,0
72.17099785804749,0
72.17117476463318,0
72.17132616043091,0
72.17141819000244,0
72.17144465446472,0
72.17157793045044,0
72.17162656784058,0
72.17168092727661,0
72.18340682983398,0
72.18589186668396,0
72.18591356277466,0
72.185955286026,0
72.18627190589905,0
72.18710374832153,0
72.187331199646,0
72.18740653991699,0
72.19018816947937,0
72.19019412994385,0
72.19023013114929,0
72.20436263084412,0
72.2054283618927,0
72.20599269866943,0
72.20626711845398,0
72.21030831336975,0
72.21114921569824,0
72.21129369735718,0
72.2113287448883,0
72.21146726608276,0
72.21149253845215,0
72.2240777015686,0
72.22412467002869,0
72.22654414176941,0
72.22664999961853,0
72.22782850265503,0
72.23040103912354,0
72.23044204711914,0
72.23062896728516,0
72.24182295799255,0
72.24186611175537,0
72.24194264411926,0
72.24253630638123,0
72.24711871147156,0
72.24728274345398,0
72.24731516838074,0
72.24771428108215,0
72.25053977966309,0
72.25057172775269,0
72.25063490867615,0
72.25970602035522,0
72.2612612247467,0
72.27012610435486,0
72.27015662193298,0
72.27016091346741,0
72.28446316719055,0
72.28477096557617,0
72.2850227355957,0
72.28519773483276,0
72.28536415100098,0
72.285404920578,0
72.28554010391235,0
72.28803968429565,0
72.2880642414093,0
72.28995275497437,0
72.28997468948364,0
72.2899899482727,0
72.29233384132385,0
72.2923493385315,0
72.31026554107666,0
72.31032705307007,0
72.31034588813782,0
72.32658505439758,0
72.32916474342346,0
72.33112001419067,0
72.33117485046387,0
72.33117985725403,0
72.33147501945496,0
72.35075259208679,0
72.35150718688965,0
72.35195708274841,0
72.35205078125,0
72.35211038589478,0
72.35375547409058,0
72.35482597351074,0
72.35485124588013,0
72.35487127304077,0
72.35916113853455,0
72.35932874679565,0
72.35958862304688,0
72.36056613922119,0
72.36634516716003,0
72.36922717094421,0
72.37102580070496,0
72.37107491493225,0
72.37111163139343,0
72.39008474349976,0
72.39012479782104,0
72.39014458656311,0
72.39490389823914,0
72.39492177963257,0
72.39599323272705,0
72.39601874351501,0
72.40019822120667,0
72.40036845207214,0
72.40126180648804,0
72.4015326499939,0
72.40192031860352,0
72.4028148651123,0
72.40311288833618,0
72.4075231552124,0
72.40819835662842,0
72.40825128555298,0
72.40825700759888,0
72.40948057174683,0
72.41059303283691,0
72.41062831878662,0
72.41064739227295,0
72.4106650352478,0
72.41070437431335,0
72.41860723495483,0
72.42428398132324,0
72.42432117462158,0
72.42437386512756,0
72.42441964149475,0
72.43033289909363,0
72.43066692352295,0
72.43069291114807,0
72.43579816818237,0
72.43615961074829,0
72.43634104728699,0
72.45025253295898,0
72.45077657699585,0
72.45082187652588,0
72.45766425132751,0
72.47143959999084,0
72.47147917747498,0
72.47148537635803,0
72.47956395149231,0
72.47996020317078,0
72.48000407218933,0
72.48041224479675,0
72.48452138900757,0
72.48455166816711,0
72.48493385314941,0
72.49022221565247,0
72.49026083946228,0
72.49027729034424,0
72.49875688552856,0
72.49880409240723,0
72.50121736526489,0
72.50129771232605,0
72.51090621948242,0
72.5110125541687,0
72.51119232177734,0
72.51688814163208,0
72.53077292442322,0
72.53082942962646,0
72.53085541725159,0
72.55097103118896,0
72.55177021026611,0
72.55248355865479,0
72.56094622612,0
72.5610191822052,0
72.56543946266174,0
72.56566596031189,0
72.56569266319275,0
72.56571578979492,0
72.57086777687073,0
72.57092499732971,0
72.57094669342041,0
72.57388091087341,0
72.57395243644714,0
72.5740373134613,0
72.57591271400452,0
72.58199262619019,0
72.58201003074646,0
72.58465266227722,0
72.58469581604004,0
72.58993268013,0
72.5899658203125,0
72.59000253677368,0
72.59128332138062,0
72.59131336212158,0
72.5914134979248,0
72.59146475791931,0
72.59367728233337,0
72.59373354911804,0
72.59374690055847,0
72.59379744529724,0
72.60074663162231,0
72.6009156703949,0
72.60099267959595,0
72.60115051269531,0
72.6033194065094,0
72.60343718528748,0
72.60372614860535,0
72.6099853515625,0
72.61001801490784,0
72.61064791679382,0
72.62324523925781,0
72.62368726730347,0
72.62390542030334,0
72.62410354614258,0
72.62612795829773,0
72.6261715888977,0
72.62626504898071,0
72.62759399414062,0
72.63146948814392,0
72.63148951530457,0
72.63160133361816,0
72.64289402961731,0
72.6429283618927,0
72.64294505119324,0
72.64626145362854,0
72.64633274078369,0
72.64638209342957,0
72.64711952209473,0
72.64861822128296,0
72.65122556686401,0
72.65126776695251,0
72.6513180732727,0
72.66464042663574,0
72.66574764251709,0
72.67055177688599,0
72.67058992385864,0
72.67061519622803,0
72.68480491638184,0
72.68482685089111,0
72.68484282493591,0
72.68485975265503,0
72.68875193595886,0
72.68904948234558,0
72.6894359588623,0
72.6899824142456,0
72.6900110244751,0
72.69006776809692,0
72.7107183933258,0
72.7107765674591,0
72.71090912818909,0
72.73034405708313,0
72.73054933547974,0
72.7305839061737,0
72.75047492980957,0
72.75152015686035,0
72.75157475471497,0
72.75201988220215,0
72.75524592399597,0
72.75950527191162,0
72.75960564613342,0
72.77026176452637,0
72.77053356170654,0
72.77055382728577,0
72.77056908607483,0
72.79027915000916,0
72.79031825065613,0
72.7903368473053,0
72.7915551662445,0
72.79164743423462,0
72.7937843799591,0
72.79415917396545,0
72.79419493675232,0
72.79424095153809,0
72.79693651199341,0
72.79701447486877,0
72.79703640937805,0
72.79852104187012,0
72.80445051193237,0
72.80451512336731,0
72.8065824508667,0
72.80663776397705,0
72.81018471717834,0
72.81018495559692,0
72.8102445602417,0
72.8270034790039,0
72.83077311515808,0
72.83126854896545,0
72.83131122589111,0
72.83131337165833,0
72.83651304244995,0
72.8491690158844,0
72.84921193122864,0
72.8495934009552,0
72.84966564178467,0
72.85026860237122,0
72.85031795501709,0
72.85033965110779,0
72.85178089141846,0
72.85181427001953,0
72.85193300247192,0
72.85399174690247,0
72.85488176345825,0
72.85489797592163,0
72.85496783256531,0
72.85979175567627,0
72.86057090759277,0
72.86108374595642,0
72.86229300498962,0
72.86429858207703,0
72.86534881591797,0
72.87056612968445,0
72.87060761451721,0
72.87074422836304,0
72.88515591621399,0
72.88542771339417,0
72.88567566871643,0
72.88573241233826,0
72.8877067565918,0
72.88772320747375,0
72.89064025878906,0
72.89067459106445,0
72.89068603515625,0
72.89069867134094,0
72.89368200302124,0
72.89370393753052,0
72.89865255355835,0
72.89871740341187,0
72.9100170135498,0
72.91005277633667,0
72.91012001037598,0
72.93033528327942,0
72.93037843704224,0
72.93088150024414,0
72.95156574249268,0
72.95162749290466,0
72.95833206176758,0
72.9610321521759,0
72.96716737747192,0
72.96719264984131,0
72.96911334991455,0
72.97002983093262,0
72.97006940841675,0
72.97007060050964,0
72.97073173522949,0
72.97078895568848,0
72.97080612182617,0
72.97311854362488,0
72.97327923774719,0
72.973304271698,0
72.97424602508545,0
72.98252081871033,0
72.98258352279663,0
72.99246072769165,0
72.99261689186096,0
72.99272084236145,0
72.99292182922363,0
72.9932005405426,0
72.9933214187622,0
72.9934618473053,0
72.99446296691895,0
72.99453091621399,0
72.99471688270569,0
72.99473595619202,0
72.99674773216248,0
72.9967839717865,0
73.00105714797974,0
73.00116991996765,0
73.01191830635071,0
73.01196575164795,0
73.01198744773865,0
73.03025794029236,0
73.03030776977539,0
73.03053569793701,0
73.03650403022766,0
73.05360960960388,0
73.05365896224976,0
73.0538022518158,0
73.06949186325073,0
73.06979608535767,0
73.07046604156494,0
73.07051372528076,0
73.07356429100037,0
73.0735924243927,0
73.07360982894897,0
73.07873868942261,0
73.07878518104553,0
73.07973265647888,0
73.08004379272461,0
73.09046697616577,0
73.0905327796936,0
73.09059166908264,0
73.09603929519653,0
73.09630560874939,0
73.09632349014282,0
73.09640312194824,0
73.10392236709595,0
73.10393595695496,0
73.10399508476257,0
73.10767340660095,0
73.10806393623352,0
73.1090440750122,0
73.10921311378479,0
73.11029553413391,0
73.11094760894775,0
73.11098384857178,0
73.1110053062439,0
73.1110942363739,0
73.11111116409302,0
73.1111273765564,0
73.11125540733337,0
73.11127877235413,0
73.11127924919128,0
73.11172270774841,0
73.12434411048889,0
73.12438631057739,0
73.1244056224823,0
73.12442374229431,0
73.12859535217285,0
73.12865495681763,0
73.12899661064148,0
73.13011026382446,0
73.13014960289001,0
73.13028001785278,0
73.15103316307068,0
73.15113115310669,0
73.151207447052,0
73.1564998626709,0
73.17052578926086,0
73.17057538032532,0
73.17059659957886,0
73.1847026348114,0
73.18472480773926,0
73.18551182746887,0
73.18686413764954,0
73.18711519241333,0
73.18717312812805,0
73.18839001655579,0
73.18842697143555,0
73.18883800506592,0
73.19051599502563,0
73.19055461883545,0
73.19057297706604,0
73.19951820373535,0
73.20054507255554,0
73.21127033233643,0
73.21127676963806,0
73.21131134033203,0
73.23136448860168,0
73.23142409324646,0
73.23142695426941,0
73.23484182357788,0
73.23492288589478,0
73.2384922504425,0
73.238600730896,0
73.24017882347107,0
73.24851107597351,0
73.24916219711304,0
73.24920415878296,0
73.24922680854797,0
73.25042986869812,0
73.25047516822815,0
73.25049686431885,0
73.27048873901367,0
73.27051210403442,0
73.27052783966064,0
73.27238368988037,0
73.27241063117981,0
73.27243208885193,0
73.27250599861145,0
73.29000544548035,0
73.2900276184082,0
73.29003405570984,0
73.2904577255249,0
73.29047179222107,0
73.29050302505493,0
73.29055285453796,0
73.29068875312805,0
73.29069662094116,0
73.2927668094635,0
73.29278349876404,0
73.30460596084595,0
73.31103301048279,0
73.31109714508057,0
73.31111669540405,0
73.31113338470459,0
73.31114912033081,0
73.31116485595703,0
73.3120322227478,0
73.31593108177185,0
73.31613397598267,0
73.31615805625916,0
73.32545518875122,0
73.32547998428345,0
73.32553291320801,0
73.32561230659485,0
73.3279881477356,0
73.32800769805908,0
73.32802677154541,0
73.32812094688416,0
73.33059191703796,0
73.33062481880188,0
73.33072471618652,0
73.3414957523346,0
73.34161710739136,0
73.35069608688354,0
73.35074019432068,0
73.35076189041138,0
73.36424994468689,0
73.36427640914917,0
73.36429953575134,0
73.36432099342346,0
73.36562991142273,0
73.36567902565002,0
73.3656964302063,0
73.3682804107666,0
73.37039256095886,0
73.37045216560364,0
73.37047624588013,0
73.3900420665741,0
73.39006853103638,0
73.39008569717407,0
73.39634966850281,0
73.39759564399719,0
73.4019455909729,0
73.40460896492004,0
73.40465879440308,0
73.40468215942383,0
73.40485334396362,0
73.40489363670349,0
73.40493202209473,0
73.40734148025513,0
73.40735483169556,0
73.41037678718567,0
73.41059398651123,0
73.41072654724121,0
73.4112560749054,0
73.41128206253052,0
73.41806745529175,0
73.41976928710938,0
73.4208471775055,0
73.43040156364441,0
73.43044209480286,0
73.43045163154602,0
73.44896197319031,0
73.44900941848755,0
73.44907760620117,0
73.44913578033447,0
73.45190501213074,0
73.45199298858643,0
73.45205521583557,0
73.45365476608276,0
73.45368099212646,0
73.45375037193298,0
73.47087121009827,0
73.47096514701843,0
73.47097420692444,0
73.48408460617065,0
73.49152088165283,0
73.49162769317627,0
73.49166250228882,0
73.49171686172485,0
73.4917345046997,0
73.49177551269531,0
73.49181199073792,0
73.4937207698822,0
73.49382042884827,0
73.49418354034424,0
73.49708223342896,0
73.49722290039062,0
73.51032876968384,0
73.51037120819092,0
73.51046681404114,0
73.51764702796936,0
73.51773524284363,0
73.51965355873108,0
73.53082132339478,0
73.53177857398987,0
73.53242015838623,0
73.55161905288696,0
73.55167746543884,0
73.55174779891968,0
73.56721830368042,0
73.56736326217651,0
73.57112550735474,0
73.57117938995361,0
73.57121682167053,0
73.57198667526245,0
73.57270288467407,0
73.57300972938538,0
73.57330369949341,0
73.58082294464111,0
73.582772731781,0
73.58299016952515,0
73.58326530456543,0
73.58349323272705,0
73.58351993560791,0
73.58378052711487,0
73.59042072296143,0
73.59045934677124,0
73.59047436714172,0
73.59658074378967,0
73.59723544120789,0
73.5974190235138,0
73.59761190414429,0
73.60253119468689,0
73.60453748703003,0
73.60573983192444,0
73.60589456558228,0
73.60603833198547,0
73.60608339309692,0
73.60617899894714,0
73.60624194145203,0
73.60627436637878,0
73.60906958580017,0
73.60909223556519,0
73.6104257106781,0
73.61049437522888,0
73.61054182052612,0
73.61396908760071,0
73.6302011013031,0
73.63024306297302,0
73.63025784492493,0
73.6384687423706,0
73.6388373374939,0
73.63901543617249,0
73.63915610313416,0
73.65035581588745,0
73.65040421485901,0
73.65045619010925,0
73.66968655586243,0
73.6697325706482,0
73.6698305606842,0
73.6711220741272,0
73.67117214202881,0
73.6711778640747,0
73.67335534095764,0
73.67664289474487,0
73.69181323051453,0
73.69186496734619,0
73.69188189506531,0
73.69543480873108,0
73.69958567619324,0
73.70062136650085,0
73.70236945152283,0
73.70254516601562,0
73.70256686210632,0
73.70263671875,0
73.70274019241333,0
73.70277690887451,0
73.7037000656128,0
73.70590996742249,0
73.70597791671753,0
73.70904326438904,0
73.71006298065186,0
73.71014595031738,0
73.71016359329224,0
73.71109104156494,0
73.7303237915039,0
73.73038363456726,0
73.73041152954102,0
73.73788642883301,0
73.75095653533936,0
73.75096487998962,0
73.7515504360199,0
73.77182149887085,0
73.77184009552002,0
73.77194881439209,0
73.77236008644104,0
73.77244448661804,0
73.77290773391724,0
73.77327179908752,0
73.77329349517822,0
73.77426338195801,0
73.77605724334717,0
73.7765417098999,0
73.77696895599365,0
73.7777943611145,0
73.79020166397095,0
73.79020833969116,0
73.79023790359497,0
73.79290175437927,0
73.79330945014954,0
73.79333281517029,0
73.79357886314392,0
73.81000566482544,0
73.81004166603088,0
73.81006097793579,0
73.83001279830933,0
73.8300130367279,0
73.83007168769836,0
73.8351538181305,0
73.8353624343872,0
73.83663487434387,0
73.83667635917664,0
73.83713388442993,0
73.84060311317444,0
73.84066915512085,0
73.84241461753845,0
73.84287858009338,0
73.84290313720703,0
73.84290766716003,0
73.84488081932068,0
73.84533953666687,0
73.84539675712585,0
73.84567904472351,0
73.85025024414062,0
73.85028409957886,0
73.8502995967865,0
73.85237765312195,0
73.85240697860718,0
73.85241460800171,0
73.85249519348145,0
73.8539526462555,0
73.85400438308716,0
73.85458612442017,0
73.85538649559021,0
73.85618495941162,0
73.85880827903748,0
73.8705244064331,0
73.8707070350647,0
73.87077784538269,0
73.8773603439331,0
73.87764978408813,0
73.87809324264526,0
73.87838935852051,0
73.88055515289307,0
73.88080072402954,0
73.8809084892273,0
73.89027452468872,0
73.89030742645264,0
73.89031338691711,0
73.89874243736267,0
73.89875912666321,0
73.90120029449463,0
73.90124106407166,0
73.91021990776062,0
73.91026139259338,0
73.91027855873108,0
73.91613245010376,0
73.93138313293457,0
73.93138909339905,0
73.93143820762634,0
73.95144748687744,0
73.95148968696594,0
73.9515483379364,0
73.96681785583496,0
73.96696329116821,0
73.9705216884613,0
73.97061419487,0
73.97063875198364,0
73.97066283226013,0
73.9708240032196,0
73.9708480834961,0
73.97384786605835,0
73.97736501693726,0
73.97739887237549,0
73.97808575630188,0
73.97948980331421,0
73.9814019203186,0
73.99005317687988,0
73.99005484580994,0
73.99009203910828,0
74.01033902168274,0
74.01039052009583,0
74.01041960716248,0
74.03097772598267,0
74.03110003471375,0
74.03113079071045,0
74.03763604164124,0
74.05121922492981,0
74.05129480361938,0
74.05134677886963,0
74.07387781143188,0
74.07429599761963,0
74.07434725761414,0
74.0772967338562,0
74.0852165222168,0
74.0869972705841,0
74.08718371391296,0
74.08928513526917,0
74.08930969238281,0
74.08932948112488,0
74.08939290046692,0
74.08941197395325,0
74.08946371078491,0
74.09158372879028,0
74.09167194366455,0
74.09172677993774,0
74.09174871444702,0
74.09181237220764,0
74.09314274787903,0
74.10157132148743,0
74.10397028923035,0
74.10400605201721,0
74.10401964187622,0
74.10404467582703,0
74.10494184494019,0
74.10512161254883,0
74.10515117645264,0
74.10577774047852,0
74.11030340194702,0
74.11033129692078,0
74.1103618144989,0
74.11172819137573,0
74.11174464225769,0
74.1117582321167,0
74.11231637001038,0
74.11235237121582,0
74.11241865158081,0
74.11311054229736,0
74.12238335609436,0
74.12241888046265,0
74.12544059753418,0
74.12560606002808,0
74.12650465965271,0
74.12997031211853,0
74.13000082969666,0
74.13004851341248,0
74.14133882522583,0
74.14151263237,0
74.14448261260986,0
74.14448881149292,0
74.14451146125793,0
74.14460635185242,0
74.15021848678589,0
74.15031671524048,0
74.15262818336487,0
74.15998363494873,0
74.16003775596619,0
74.16019296646118,0
74.16199779510498,0
74.17015361785889,0
74.17019963264465,0
74.17027807235718,0
74.18941712379456,0
74.19048309326172,0
74.19050288200378,0
74.19126653671265,0
74.19252634048462,0
74.19290471076965,0
74.19308614730835,0
74.19450783729553,0
74.19458746910095,0
74.1948401927948,0
74.1957757472992,0
74.19580745697021,0
74.19729971885681,0
74.19734954833984,0
74.21015954017639,0
74.21020293235779,0
74.21022176742554,0
74.21560096740723,0
74.23033571243286,0
74.23037481307983,0
74.2304139137268,0
74.24215388298035,0
74.24232387542725,0
74.24235725402832,0
74.24251055717468,0
74.25057530403137,0
74.2506628036499,0
74.25068998336792,0
74.26695466041565,0
74.26720547676086,0
74.2672529220581,0
74.27044987678528,0
74.27050852775574,0
74.27067732810974,0
74.27197098731995,0
74.27202701568604,0
74.27347373962402,0
74.29081511497498,0
74.29086971282959,0
74.291335105896,0
74.30219912528992,0
74.30222964286804,0
74.30224514007568,0
74.30229592323303,0
74.30687665939331,0
74.30690169334412,0
74.30692386627197,0
74.31017351150513,0
74.31017470359802,0
74.3102195262909,0
74.31612586975098,0
74.31617569923401,0
74.3302526473999,0
74.33030581474304,0
74.33048462867737,0
74.34032440185547,0
74.34043622016907,0
74.34270930290222,0
74.34356021881104,0
74.34412264823914,0
74.34416842460632,0
74.34517526626587,0
74.3455638885498,0
74.3458924293518,0
74.3505871295929,0
74.3506383895874,0
74.35097408294678,0
74.36325693130493,0
74.37069535255432,0
74.37077736854553,0
74.37124013900757,0
74.37272024154663,0
74.3733139038086,0
74.37497639656067,0
74.37502765655518,0
74.3751962184906,0
74.37706851959229,0
74.38514733314514,0
74.38519668579102,0
74.38605308532715,0
74.38655090332031,0
74.39369630813599,0
74.39375472068787,0
74.39379405975342,0
74.40071868896484,0
74.40084743499756,0
74.40086936950684,0
74.4012758731842,0
74.40287446975708,0
74.40289664268494,0
74.40542435646057,0
74.40546298027039,0
74.4098768234253,0
74.4099063873291,0
74.40991830825806,0
74.42340517044067,0
74.4257984161377,0
74.42680764198303,0
74.4303867816925,0
74.4305272102356,0
74.43054962158203,0
74.44641709327698,0
74.4465172290802,0
74.4465491771698,0
74.44663763046265,0
74.44689226150513,0
74.44695687294006,0
74.44701385498047,0
74.45067358016968,0
74.45222330093384,0
74.45226764678955,0
74.47121453285217,0
74.47127079963684,0
74.4714765548706,0
74.47460722923279,0
74.47851133346558,0
74.48464798927307,0
74.4913227558136,0
74.49134802818298,0
74.49157881736755,0
74.49690747261047,0
74.49694395065308,0
74.4970440864563,0
74.49716210365295,0
74.4985020160675,0
74.49860572814941,0
74.49954748153687,0
74.49959421157837,0
74.49965810775757,0
74.50017356872559,0
74.50020265579224,0
74.51060366630554,0
74.51066279411316,0
74.51068425178528,0
74.5159239768982,0
74.53046488761902,0
74.53051519393921,0
74.53053736686707,0
74.550940990448,0
74.55098271369934,0
74.55162000656128,0
74.55477166175842,0
74.55517649650574,0
74.55687689781189,0
74.55689597129822,0
74.55691385269165,0
74.55693173408508,0
74.56163477897644,0
74.56165266036987,0
74.56283664703369,0
74.56565260887146,0
74.56665086746216,0
74.56697821617126,0
74.56700944900513,0
74.56848359107971,0
74.5686981678009,0
74.56872487068176,0
74.56983780860901,0
74.57049584388733,0
74.57052397727966,0
74.57238984107971,0
74.58998227119446,0
74.59018802642822,0
74.59024381637573,0
74.61014318466187,0
74.61016082763672,0
74.61020421981812,0
74.62562203407288,0
74.62567019462585,0
74.62576508522034,0
74.6258282661438,0
74.62603402137756,0
74.6260941028595,0
74.6261522769928,0
74.63026070594788,0
74.63031220436096,0
74.63033437728882,0
74.63820290565491,0
74.63874840736389,0
74.64074277877808,0
74.64078640937805,0
74.65050196647644,0
74.65056324005127,0
74.65058994293213,0
74.67131972312927,0
74.6721179485321,0
74.67230892181396,0
74.67725086212158,0
74.69060277938843,0
74.69089555740356,0
74.69110584259033,0
74.69172358512878,0
74.69191074371338,0
74.69207954406738,0
74.69290804862976,0
74.69330787658691,0
74.69388604164124,0
74.70013642311096,0
74.70479369163513,0
74.71002292633057,0
74.7100236415863,0
74.71113324165344,0
74.73081755638123,0
74.73088479042053,0
74.73126935958862,0
74.7312982082367,0
74.73175024986267,0
74.73183083534241,0
74.73188781738281,0
74.74172782897949,0
74.74181032180786,0
74.74183940887451,0
74.74191498756409,0
74.74196863174438,0
74.74321556091309,0
74.74326181411743,0
74.75010657310486,0
74.75014638900757,0
74.75023794174194,0
74.75706315040588,0
74.7637894153595,0
74.76393151283264,0
74.7652359008789,0
74.76667737960815,0
74.76669359207153,0
74.76681351661682,0
74.76836705207825,0
74.76837515830994,0
74.76838994026184,0
74.7714593410492,0
74.7715392112732,0
74.77516865730286,0
74.77555513381958,0
74.77662491798401,0
74.7792592048645,0
74.79020762443542,0
74.79023742675781,0
74.79028463363647,0
74.80999851226807,0
74.81006813049316,0
74.81032419204712,0
74.81208181381226,0
74.81213021278381,0
74.81213474273682,0
74.81215143203735,0
74.81542205810547,0
74.81544542312622,0
74.81749653816223,0
74.8176851272583,0
74.81770348548889,0
74.82103252410889,0
74.82178974151611,0
74.82273554801941,0
74.82289910316467,0
74.8231246471405,0
74.82328176498413,0
74.82442164421082,0
74.82465171813965,0
74.82471227645874,0
74.82716941833496,0
74.83055019378662,0
74.83068656921387,0
74.83070611953735,0
74.84040760993958,0
74.84043383598328,0
74.84044981002808,0
74.84051704406738,0
74.85095286369324,0
74.85131764411926,0
74.85136795043945,0
74.85973286628723,0
74.8599328994751,0
74.86041712760925,0
74.86131739616394,0
74.86262512207031,0
74.87014079093933,0
74.87030482292175,0
74.87037348747253,0
74.88684940338135,0
74.89019823074341,0
74.89021182060242,0
74.89022159576416,0
74.89220118522644,0
74.89249014854431,0
74.89251232147217,0
74.89257645606995,0
74.89548420906067,0
74.89550471305847,0
74.89584231376648,0
74.90153169631958,0
74.90160727500916,0
74.90387439727783,0
74.90390515327454,0
74.90491151809692,0
74.91079711914062,0
74.91086721420288,0
74.91091418266296,0
74.91966223716736,0
74.93032574653625,0
74.93037557601929,0
74.9303970336914,0
74.95108699798584,0
74.95114803314209,0
74.9513463973999,0
74.95658493041992,0
74.96541810035706,0
74.96544408798218,0
74.96713471412659,0
74.96716499328613,0
74.97199892997742,0
74.97246170043945,0
74.9724953174591,0
74.97251725196838,0
74.97253751754761,0
74.97269368171692,0
74.9728753566742,0
74.97290349006653,0
74.97464060783386,0
74.99071478843689,0
74.99074745178223,0
74.9908196926117,0
74.99605798721313,0
74.99741506576538,0
74.99852347373962,0
74.99855852127075,0
74.99867963790894,0
74.99870014190674,0
74.99880242347717,0
74.99880456924438,0
74.9993736743927,0
74.99938678741455,0
74.99940061569214,0
74.99941611289978,0
75.01017451286316,0
75.0102014541626,0
75.01023054122925,0
75.01928234100342,0
75.02474761009216,0
75.02477383613586,0
75.02478837966919,0
75.0251955986023,0
75.03032445907593,0
75.03035855293274,0
75.03039765357971,0
75.04711294174194,0
75.04717564582825,0
75.04763841629028,0
75.04889464378357,0
75.0491054058075,0
75.04912662506104,0
75.04914355278015,0
75.05035448074341,0
75.05038070678711,0
75.05038404464722,0
75.05231761932373,0
75.05266737937927,0
75.05285620689392,0
75.0532066822052,0
75.06692719459534,0
75.06731367111206,0
75.06739211082458,0
75.0676600933075,0
75.07053184509277,0
75.0705795288086,0
75.07060527801514,0
75.0734052658081,0
75.07364988327026,0
75.07402491569519,0
75.07453894615173,0
75.08996677398682,0
75.0900821685791,0
75.09009194374084,0
75.09182786941528,0
75.09516334533691,0
75.09521532058716,0
75.1019515991211,0
75.10199475288391,0
75.10203385353088,0
75.11025714874268,0
75.11029863357544,0
75.11030197143555,0
75.13072109222412,0
75.13078761100769,0
75.1308126449585,0
75.15085291862488,0
75.15091109275818,0
75.15091252326965,0
75.15828204154968,0
75.15830421447754,0
75.15833854675293,0
75.15834927558899,0
75.16184639930725,0
75.16206169128418,0
75.16207432746887,0
75.1655011177063,0
75.1701991558075,0
75.1702332496643,0
75.1702892780304,0
75.17161297798157,0
75.17163228988647,0
75.18720006942749,0
75.1901912689209,0
75.19022822380066,0
75.19024634361267,0
75.20599269866943,0
75.20615935325623,0
75.20619368553162,0
75.20627021789551,0
75.2083032131195,0
75.20832633972168,0
75.20840883255005,0
75.21056032180786,0
75.2105963230133,0
75.2106065750122,0
75.21085047721863,0
75.21090340614319,0
75.22435593605042,0
75.22444534301758,0
75.22604584693909,0
75.22906494140625,0
75.23053741455078,0
75.23058605194092,0
75.23060774803162,0
75.23545050621033,0
75.25055027008057,0
75.25129294395447,0
75.25129866600037,0
75.27133226394653,0
75.27138686180115,0
75.271413564682,0
75.28393149375916,0
75.28449702262878,0
75.28453803062439,0
75.28460025787354,0
75.28465175628662,0
75.28470921516418,0
75.28476357460022,0
75.28541588783264,0
75.28546047210693,0
75.28547668457031,0
75.28549242019653,0
75.287917137146,0
75.2881133556366,0
75.28841876983643,0
75.29034686088562,0
75.29086685180664,0
75.29090213775635,0
75.29093074798584,0
75.29981327056885,0
75.29981756210327,0
75.29984188079834,0
75.29984426498413,0
75.30311226844788,0
75.30312633514404,0
75.30338430404663,0
75.3099901676178,0
75.30999445915222,0
75.31020641326904,0
75.3184506893158,0
75.31848049163818,0
75.31992936134338,0
75.31996750831604,0
75.32046842575073,0
75.33021092414856,0
75.33024597167969,0
75.33026933670044,0
75.34729409217834,0
75.3490355014801,0
75.3502368927002,0
75.35023951530457,0
75.3502905368805,0
75.35631918907166,0
75.35635995864868,0
75.35965251922607,0
75.35967636108398,0
75.35974049568176,0
75.35978674888611,0
75.36259341239929,0
75.36261987686157,0
75.36272430419922,0
75.3654248714447,0
75.37239742279053,0
75.37243700027466,0
75.37246179580688,0
75.38282465934753,0
75.3834080696106,0
75.3834331035614,0
75.3858048915863,0
75.38619232177734,0
75.38677501678467,0
75.38682007789612,0
75.39110469818115,0
75.39118695259094,0
75.39124178886414,0
75.4005491733551,0
75.40068173408508,0
75.40414834022522,0
75.40419340133667,0
75.40492105484009,0
75.41024684906006,0
75.41024708747864,0
75.41073775291443,0
75.42249488830566,0
75.42387986183167,0
75.43030381202698,0
75.4304027557373,0
75.43077754974365,0
75.43769001960754,0
75.43786787986755,0
75.4380259513855,0
75.43808221817017,0
75.4502465724945,0
75.45029497146606,0
75.45031666755676,0
75.4632203578949,0
75.4632453918457,0
75.46412372589111,0
75.46589541435242,0
75.47124814987183,0
75.47129988670349,0
75.47132635116577,0
75.4830162525177,0
75.48318767547607,0
75.48467206954956,0
75.48474073410034,0
75.48832941055298,0
75.488365650177,0
75.48897361755371,0
75.49142789840698,0
75.49147820472717,0
75.49149823188782,0
75.4921088218689,0
75.49220490455627,0
75.49842429161072,0
75.49850559234619,0
75.51028656959534,0
75.51034903526306,0
75.51036930084229,0
75.51793456077576,0
75.51798367500305,0
75.51800394058228,0
75.51802134513855,0
75.52144742012024,0
75.5215003490448,0
75.52165365219116,0
75.53021574020386,0
75.53056836128235,0
75.53061127662659,0
75.53924298286438,0
75.55115866661072,0
75.55149364471436,0
75.55152606964111,0
75.57073163986206,0
75.57077074050903,0
75.57078766822815,0
75.57218074798584,0
75.57221102714539,0
75.57367587089539,0
75.57370901107788,0
75.57372498512268,0
75.57374238967896,0
75.5825424194336,0
75.58261966705322,0
75.58298420906067,0
75.58393406867981,0
75.59032249450684,0
75.590327501297,0
75.59036898612976,0
75.59312963485718,0
75.59321546554565,0
75.59325408935547,0
75.59329724311829,0
75.5946295261383,0
75.59471130371094,0
75.59472799301147,0
75.59603953361511,0
75.59605956077576,0
75.59750771522522,0
75.59778475761414,0
75.6003110408783,0
75.61025190353394,0
75.61028027534485,0
75.61036205291748,0
75.62024545669556,0
75.62049603462219,0
75.62055110931396,0
75.6205723285675,0
75.62280607223511,0
75.62294554710388,0
75.62296652793884,0
75.62996554374695,0
75.63039326667786,0
75.63047671318054,0
75.65100264549255,0
75.6512086391449,0
75.65139245986938,0
75.66965365409851,0
75.67039394378662,0
75.67045044898987,0
75.67058420181274,0
75.68188881874084,0
75.68624472618103,0
75.68775343894958,0
75.68805861473083,0
75.69128799438477,0
75.69149613380432,0
75.6917474269867,0
75.69205975532532,0
75.69214367866516,0
75.693354845047,0
75.69397330284119,0
75.69640970230103,0
75.70351481437683,0
75.70367074012756,0
75.70385837554932,0
75.71111679077148,0
75.71113681793213,0
75.71265006065369,0
75.71265196800232,0
75.71682476997375,0
75.72556114196777,0
75.72558307647705,0
75.72575283050537,0
75.72576713562012,0
75.72879576683044,0
75.7288179397583,0
75.72887206077576,0
75.73021149635315,0
75.73024034500122,0
75.73025512695312,0
75.73170804977417,0
75.73172235488892,0
75.73173713684082,0
75.73181247711182,0
75.74218225479126,0
75.74235415458679,0
75.74243402481079,0
75.74433732032776,0
75.75027179718018,0
75.75030875205994,0
75.75140070915222,0
75.76671147346497,0
75.76675295829773,0
75.76858854293823,0
75.76878762245178,0
75.76881170272827,0
75.77016282081604,0
75.7708945274353,0
75.77121925354004,0
75.7712562084198,0
75.77298879623413,0
75.77317643165588,0
75.77317667007446,0
75.77654385566711,0
75.79082751274109,0
75.79084134101868,0
75.79086232185364,0
75.79276013374329,0
75.79390335083008,0
75.79392600059509,0
75.7955470085144,0
75.795578956604,0
75.7966685295105,0
75.80264592170715,0
75.80410480499268,0
75.80653715133667,0
75.80664086341858,0
75.80672764778137,0
75.80684161186218,0
75.80686521530151,0
75.80998158454895,0
75.81000804901123,0
75.8100209236145,0
75.8300211429596,0
75.83005857467651,0
75.83036637306213,0
75.85028171539307,0
75.85031747817993,0
75.85037517547607,0
75.87048268318176,0
75.8705382347107,0
75.87055730819702,0
75.87636685371399,0
75.89042353630066,0
75.89046740531921,0
75.89048647880554,0
75.91033935546875,0
75.91039562225342,0
75.91048264503479,0
75.91352915763855,0
75.91371297836304,0
75.91390562057495,0
75.91412353515625,0
75.91980862617493,0
75.91997694969177,0
75.92101502418518,0
75.92105388641357,0
75.92289781570435,0
75.92449116706848,0
75.9245228767395,0
75.92763304710388,0
75.92779731750488,0
75.9302909374237,0
75.93058633804321,0
75.93061685562134,0
75.94362568855286,0
75.95151948928833,0
75.95153093338013,0
75.95167398452759,0
75.9517011642456,0
75.95180940628052,0
75.97097849845886,0
75.97103691101074,0
75.9711058139801,0
75.97242283821106,0
75.97250175476074,0
75.97258877754211,0
75.97297930717468,0
75.97768115997314,0
75.97775983810425,0
75.97835302352905,0
75.97943925857544,0
75.97973299026489,0
75.97975730895996,0
75.97983455657959,0
75.98187971115112,0
75.98204946517944,0
75.982093334198,0
75.98347043991089,0
75.99321389198303,0
75.99325370788574,0
75.9933249950409,0
75.9948661327362,0
75.99490070343018,0
75.99491691589355,0
75.99500489234924,0
75.9973578453064,0
75.99804306030273,0
75.99817204475403,0
76.00405168533325,0
76.00860404968262,0
76.00868391990662,0
76.00869846343994,0
76.00871682167053,0
76.01019763946533,0
76.01028656959534,0
76.01030087471008,0
76.01425266265869,0
76.03027653694153,0
76.03032636642456,0
76.03034591674805,0
76.04078221321106,0
76.04080820083618,0
76.04088640213013,0
76.04099106788635,0
76.04314398765564,0
76.04323625564575,0
76.04374718666077,0
76.05052447319031,0
76.05057406425476,0
76.05059504508972,0
76.06544351577759,0
76.06865406036377,0
76.07000946998596,0
76.07089877128601,0
76.07112383842468,0
76.07139873504639,0
76.08377122879028,0
76.08505344390869,0
76.08516573905945,0
76.08528256416321,0
76.08893632888794,0
76.0890302658081,0
76.08910465240479,0
76.09094333648682,0
76.09100842475891,0
76.09112501144409,0
76.11072254180908,0
76.11073875427246,0
76.11107134819031,0
76.11109232902527,0
76.11110639572144,0
76.11590456962585,0
76.11593079566956,0
76.11679172515869,0
76.11881184577942,0
76.12312507629395,0
76.13016533851624,0
76.13021087646484,0
76.1302490234375,0
76.1417305469513,0
76.14176344871521,0
76.15040469169617,0
76.15044522285461,0
76.15854692459106,0
76.15856552124023,0
76.15858387947083,0
76.15860223770142,0
76.16453909873962,0
76.16455745697021,0
76.1645770072937,0
76.17024087905884,0
76.17027425765991,0
76.17032933235168,0
76.17644882202148,0
76.1903030872345,0
76.19062495231628,0
76.19067430496216,0
76.21020460128784,0
76.21022653579712,0
76.21031379699707,0
76.21056342124939,0
76.21058893203735,0
76.21061062812805,0
76.21063041687012,0
76.21539783477783,0
76.21541857719421,0
76.21620225906372,0
76.21668791770935,0
76.2167284488678,0
76.21968960762024,0
76.2197334766388,0
76.22551918029785,0
76.22555899620056,0
76.2255859375,0
76.22560834884644,0
76.22765851020813,0
76.22814178466797,0
76.22835397720337,0
76.22850823402405,0
76.2312228679657,0
76.23125624656677,0
76.23127317428589,0
76.23768734931946,0
76.23773789405823,0
76.23778009414673,0
76.23783278465271,0
76.25020408630371,0
76.25020551681519,0
76.25026798248291,0
76.26772832870483,0
76.26775908470154,0
76.2677915096283,0
76.27024722099304,0
76.27586579322815,0
76.27607131004333,0
76.27609062194824,0
76.2807195186615,0
76.28085160255432,0
76.28087615966797,0
76.28095531463623,0
76.28699111938477,0
76.28720045089722,0
76.28727579116821,0
76.29066753387451,0
76.2907166481018,0
76.29073524475098,0
76.29075694084167,0
76.29102873802185,0
76.30073118209839,0
76.30077075958252,0
76.30327892303467,0
76.30330514907837,0
76.30330967903137,0
76.31033992767334,0
76.31036567687988,0
76.31037783622742,0
76.32027792930603,0
76.32051396369934,0
76.32053732872009,0
76.32058954238892,0
76.32410001754761,0
76.32412242889404,0
76.32419323921204,0
76.33092594146729,0
76.3310124874115,0
76.33147859573364,0
76.35130620002747,0
76.351313829422,0
76.35139346122742,0
76.3635241985321,0
76.370765209198,0
76.37089967727661,0
76.37092924118042,0
76.37151503562927,0
76.37158465385437,0
76.37323331832886,0
76.37359976768494,0
76.37363982200623,0
76.3737063407898,0
76.39032649993896,0
76.39037585258484,0
76.39045572280884,0
76.39621186256409,0
76.39624238014221,0
76.39651370048523,0
76.39921236038208,0
76.40176391601562,0
76.40347504615784,0
76.40355658531189,0
76.40559315681458,0
76.40563011169434,0
76.41011166572571,0
76.41012668609619,0
76.41017413139343,0
76.41080117225647,0
76.4265832901001,0
76.42661809921265,0
76.42664289474487,0
76.42671418190002,0
76.42905592918396,0
76.42909002304077,0
76.42917704582214,0
76.42999601364136,0
76.43000149726868,0
76.43003535270691,0
76.43677639961243,0
76.43718385696411,0
76.43720817565918,0
76.4372193813324,0
76.43913316726685,0
76.43946385383606,0
76.43949842453003,0
76.45201349258423,0
76.45213150978088,0
76.45220613479614,0
76.45822763442993,0
76.47035384178162,0
76.47040319442749,0
76.47042417526245,0
76.48633575439453,0
76.48636031150818,0
76.48638129234314,0
76.48641276359558,0
76.48824262619019,0
76.48832821846008,0
76.48842167854309,0
76.49028372764587,0
76.49030470848083,0
76.49032592773438,0
76.51131916046143,0
76.51136612892151,0
76.51138138771057,0
76.53037691116333,0
76.53042268753052,0
76.53058505058289,0
76.5468909740448,0
76.54909753799438,0
76.5505621433258,0
76.55058884620667,0
76.5508279800415,0
76.55086064338684,0
76.55108666419983,0
76.552889585495,0
76.57036018371582,0
76.57038068771362,0
76.57224917411804,0
76.57230639457703,0
76.57265830039978,0
76.57939028739929,0
76.57944416999817,0
76.57945084571838,0
76.57947158813477,0
76.57947182655334,0
76.57954597473145,0
76.57960247993469,0
76.57965922355652,0
76.59129214286804,0
76.5921778678894,0
76.59219455718994,0
76.59379744529724,0
76.59730219841003,0
76.60233807563782,0
76.60247731208801,0
76.6035463809967,0
76.60361218452454,0
76.61053848266602,0
76.61057567596436,0
76.61059308052063,0
76.61459636688232,0
76.63036155700684,0
76.63092994689941,0
76.63121604919434,0
76.63993310928345,0
76.6404492855072,0
76.64048528671265,0
76.64059829711914,0
76.64590311050415,0
76.64596438407898,0
76.64598631858826,0
76.65009021759033,0
76.65013313293457,0
76.65023040771484,0
76.67084074020386,0
76.67089676856995,0
76.67131352424622,0
76.67137813568115,0
76.68598508834839,0
76.68603730201721,0
76.68872499465942,0
76.6887698173523,0
76.6900200843811,0
76.69193053245544,0
76.69200921058655,0
76.69205904006958,0
76.69212055206299,0
76.692214012146,0
76.69315910339355,0
76.69367814064026,0
76.69368100166321,0
76.6937050819397,0
76.69471597671509,0
76.6951220035553,0
76.69553899765015,0
76.70552110671997,0
76.70561790466309,0
76.70723533630371,0
76.70756101608276,0
76.71032691001892,0
76.7103624343872,0
76.71036434173584,0
76.71517205238342,0
76.7308874130249,0
76.7309365272522,0
76.73095798492432,0
76.75048756599426,0
76.75060963630676,0
76.7506103515625,0
76.75185251235962,0
76.7521243095398,0
76.75380325317383,0
76.75384998321533,0
76.75432872772217,0
76.75437092781067,0
76.75836896896362,0
76.75841522216797,0
76.75891852378845,0
76.7591986656189,0
76.77148532867432,0
76.77152824401855,0
76.77152967453003,0
76.77577471733093,0
76.77628135681152,0
76.77663493156433,0
76.77666926383972,0
76.77849268913269,0
76.77856969833374,0
76.77993822097778,0
76.77998685836792,0
76.78165245056152,0
76.7824878692627,0
76.78368973731995,0
76.79025506973267,0
76.79029726982117,0
76.79033970832825,0
76.80102491378784,0
76.80106925964355,0
76.81059765815735,0
76.81063079833984,0
76.81067156791687,0
76.82616448402405,0
76.82623219490051,0
76.827223777771,0
76.83014559745789,0
76.83065462112427,0
76.83073139190674,0
76.83238935470581,0
76.83284854888916,0
76.83288621902466,0
76.8329689502716,0
76.83496880531311,0
76.83518409729004,0
76.8352644443512,0
76.85056591033936,0
76.85061311721802,0
76.8506772518158,0
76.87132143974304,0
76.87150454521179,0
76.87154030799866,0
76.87713623046875,0
76.89046382904053,0
76.8904640674591,0
76.89060258865356,0
76.91040825843811,0
76.91046619415283,0
76.91049289703369,0
76.91189193725586,0
76.91294884681702,0
76.91304302215576,0
76.9131133556366,0
76.91387295722961,0
76.91389679908752,0
76.91571712493896,0
76.91633343696594,0
76.91637563705444,0
76.92352533340454,0
76.92360854148865,0
76.92579698562622,0
76.93044209480286,0
76.93060398101807,0
76.93062496185303,0
76.9328932762146,0
76.93297410011292,0
76.94560766220093,0
76.94562888145447,0
76.94564843177795,0
76.94567012786865,0
76.95133304595947,0
76.95135831832886,0
76.95143818855286,0
76.95154786109924,0
76.95157265663147,0
76.95179080963135,0
76.95383501052856,0
76.95421123504639,0
76.95425653457642,0
76.95427680015564,0
76.97043108940125,0
76.970529794693,0
76.97055840492249,0
76.9822108745575,0
76.98259234428406,0
76.98261713981628,0
76.98261785507202,0
76.9846522808075,0
76.9861707687378,0
76.98629570007324,0
76.9863121509552,0
76.98753356933594,0
76.9875648021698,0
76.98756527900696,0
76.98795676231384,0
76.99010276794434,0
76.9908595085144,0
76.99094486236572,0
76.99612283706665,0
77.00015807151794,0
77.00161409378052,0
77.00164651870728,0
77.00297236442566,0
77.00300550460815,0
77.0102310180664,0
77.01026630401611,0
77.01028108596802,0
77.0195848941803,0
77.02991390228271,0
77.03003716468811,0
77.03008460998535,0
77.04638957977295,0
77.0467038154602,0
77.04674649238586,0
77.0467882156372,0
77.05035352706909,0
77.05039072036743,0
77.05078268051147,0
77.05302238464355,0
77.0530800819397,0
77.05346155166626,0
77.05347990989685,0
77.05916237831116,0
77.05956506729126,0
77.05959582328796,0
77.05987453460693,0
77.07028412818909,0
77.07032871246338,0
77.07037806510925,0
77.08094882965088,0
77.08099842071533,0
77.08168387413025,0
77.0901312828064,0
77.09017443656921,0
77.09028482437134,0
77.1094880104065,0
77.10984325408936,0
77.11017632484436,0
77.11021566390991,0
77.1104998588562,0
77.11197400093079,0
77.11207056045532,0
77.11713528633118,0
77.13049268722534,0
77.13054013252258,0
77.13056302070618,0
77.14388251304626,0
77.1439106464386,0
77.14639616012573,0
77.14643549919128,0
77.14644169807434,0
77.14645504951477,0
77.1504602432251,0
77.15049815177917,0
77.1505184173584,0
77.16215515136719,0
77.16219282150269,0
77.16274929046631,0
77.16494631767273,0
77.17045450210571,0
77.17049598693848,0
77.1705105304718,0
77.18715023994446,0
77.1871747970581,0
77.18719244003296,0
77.18731236457825,0
77.19063377380371,0
77.19068312644958,0
77.19070100784302,0
77.19071388244629,0
77.19072318077087,0
77.19073605537415,0
77.1918294429779,0
77.19356799125671,0
77.19390392303467,0
77.19427371025085,0
77.19623470306396,0
77.1963107585907,0
77.1977117061615,0
77.19778895378113,0
77.20154547691345,0
77.21023750305176,0
77.21026802062988,0
77.21029424667358,0
77.22914099693298,0
77.22917699813843,0
77.22919297218323,0
77.22924399375916,0
77.2306318283081,0
77.23121643066406,0
77.23167705535889,0
77.23297190666199,0
77.23300886154175,0
77.23306560516357,0
77.23308444023132,0
77.23551917076111,0
77.23849892616272,0
77.25016736984253,0
77.25021243095398,0
77.25023055076599,0
77.26580166816711,0
77.26606297492981,0
77.26608991622925,0
77.26875829696655,0
77.26881170272827,0
77.26881742477417,0
77.26884984970093,0
77.27032518386841,0
77.27039813995361,0
77.27043962478638,0
77.27085018157959,0
77.29059052467346,0
77.29061722755432,0
77.29063725471497,0
77.30674076080322,0
77.30703616142273,0
77.30716943740845,0
77.30798196792603,0
77.31083273887634,0
77.31087970733643,0
77.31094980239868,0
77.32013583183289,0
77.32019829750061,0
77.3211715221405,0
77.32120513916016,0
77.32155466079712,0
77.32159185409546,0
77.32161164283752,0
77.32162976264954,0
77.3221206665039,0
77.33048176765442,0
77.33051657676697,0
77.3305594921112,0
77.33236289024353,0
77.33556699752808,0
77.33704471588135,0
77.3370635509491,0
77.3373692035675,0
77.33976578712463,0
77.33979821205139,0
77.33985209465027,0
77.33986759185791,0
77.3411054611206,0
77.34853100776672,0
77.35005688667297,0
77.35009217262268,0
77.3501079082489,0
77.36209034919739,0
77.36212730407715,0
77.36604642868042,0
77.3661367893219,0
77.36621522903442,0
77.36630296707153,0
77.36761140823364,0
77.36765885353088,0
77.36795210838318,0
77.3701422214508,0
77.37019157409668,0
77.37020659446716,0
77.38266944885254,0
77.38298606872559,0
77.3830177783966,0
77.38341188430786,0
77.38522744178772,0
77.38556146621704,0
77.3856680393219,0
77.38684105873108,0
77.38687896728516,0
77.3899838924408,0
77.39002060890198,0
77.39003658294678,0
77.39548325538635,0
77.39549589157104,0
77.39703893661499,0
77.41033339500427,0
77.41041302680969,0
77.41043901443481,0
77.42204260826111,0
77.4234447479248,0
77.42493963241577,0
77.42501187324524,0
77.4250328540802,0
77.42542028427124,0
77.42545175552368,0
77.42989659309387,0
77.4299304485321,0
77.43003296852112,0
77.450514793396,0
77.45059275627136,0
77.45059370994568,0
77.45726656913757,0
77.47066712379456,0
77.47066879272461,0
77.47069549560547,0
77.47790002822876,0
77.47808074951172,0
77.47812223434448,0
77.47820019721985,0
77.48161125183105,0
77.48169994354248,0
77.48185300827026,0
77.49030756950378,0
77.49035882949829,0
77.49036455154419,0
77.50380277633667,0
77.50404810905457,0
77.50969243049622,0
77.51071810722351,0
77.51076436042786,0
77.51078581809998,0
77.51207184791565,0
77.51293611526489,0
77.52361702919006,0
77.52403378486633,0
77.52428436279297,0
77.52434849739075,0
77.52646946907043,0
77.52666187286377,0
77.52673316001892,0
77.53067517280579,0
77.53071880340576,0
77.53073167800903,0
77.55082702636719,0
77.55088543891907,0
77.55096936225891,0
77.55253314971924,0
77.56211018562317,0
77.56213593482971,0
77.58064079284668,0
77.58068513870239,0
77.58072566986084,0
77.58077073097229,0
77.58080887794495,0
77.58084774017334,0
77.580885887146,0
77.58096170425415,0
77.58100199699402,0
77.58104085922241,0
77.58111310005188,0
77.58116221427917,0
77.58204078674316,0
77.58210849761963,0
77.58448338508606,0
77.58460235595703,0
77.58545422554016,0
77.59044289588928,0
77.59070158004761,0
77.59072256088257,0
77.61070561408997,0
77.61129522323608,0
77.61229062080383,0
77.61229157447815,0
77.61327147483826,0
77.6133074760437,0
77.61363530158997,0
77.61369800567627,0
77.61371612548828,0
77.61626505851746,0
77.61760306358337,0
77.61861824989319,0
77.61891531944275,0
77.61918234825134,0
77.62334823608398,0
77.62346410751343,0
77.62353110313416,0
77.62577557563782,0
77.63026523590088,0
77.63030219078064,0
77.63031315803528,0
77.63296103477478,0
77.63325667381287,0
77.63421845436096,0
77.6342363357544,0
77.63571405410767,0
77.63573408126831,0
77.63671135902405,0
77.65007400512695,0
77.65011548995972,0
77.6501350402832,0
77.67023181915283,0
77.67059016227722,0
77.6706120967865,0
77.6904661655426,0
77.69050788879395,0
77.69054102897644,0
77.71044397354126,0
77.71048164367676,0
77.71060609817505,0
77.7106339931488,0
77.7259635925293,0
77.72775411605835,0
77.72809362411499,0
77.72834038734436,0
77.73069548606873,0
77.73075270652771,0
77.73109173774719,0
77.7324538230896,0
77.73245644569397,0
77.73247170448303,0
77.73836398124695,0
77.73837757110596,0
77.73910307884216,0
77.73911547660828,0
77.74791073799133,0
77.74990773200989,0
77.74993419647217,0
77.74994587898254,0
77.77019000053406,0
77.77030515670776,0
77.77032804489136,0
77.77552914619446,0
77.77553105354309,0
77.77880048751831,0
77.77881836891174,0
77.77883625030518,0
77.77892875671387,0
77.78167486190796,0
77.78185367584229,0
77.78230500221252,0
77.7827582359314,0
77.7837266921997,0
77.79027581214905,0
77.79031205177307,0
77.79032945632935,0
77.7993016242981,0
77.80231547355652,0
77.80268859863281,0
77.80287718772888,0
77.80321931838989,0
77.80521178245544,0
77.80527138710022,0
77.80794739723206,0
77.80811071395874,0
77.80823135375977,0
77.8106963634491,0
77.81072616577148,0
77.81073117256165,0
77.81077909469604,0
77.81081891059875,0
77.82482695579529,0
77.82619261741638,0
77.82695031166077,0
77.83022212982178,0
77.83024382591248,0
77.83029770851135,0
77.83720755577087,0
77.83745574951172,0
77.83764147758484,0
77.83782172203064,0
77.83990216255188,0
77.8399338722229,0
77.84000277519226,0
77.85007405281067,0
77.85011553764343,0
77.85013246536255,0
77.85839319229126,0
77.85839343070984,0
77.85844731330872,0
77.85865139961243,0
77.85976147651672,0
77.8600721359253,0
77.86008644104004,0
77.87034273147583,0
77.87038111686707,0
77.87045979499817,0
77.89064621925354,0
77.89069867134094,0
77.89084696769714,0
77.91043162345886,0
77.91045188903809,0
77.91049671173096,0
77.91059684753418,0
77.91844511032104,0
77.91866683959961,0
77.91903066635132,0
77.91922783851624,0
77.9207239151001,0
77.92103409767151,0
77.92183661460876,0
77.92242050170898,0
77.92258858680725,0
77.92886328697205,0
77.92888307571411,0
77.93019580841064,0
77.93022918701172,0
77.93024277687073,0
77.93164539337158,0
77.93165731430054,0
77.9327757358551,0
77.94503116607666,0
77.94523000717163,0
77.94654536247253,0
77.94692015647888,0
77.94697952270508,0
77.94710159301758,0
77.94969153404236,0
77.9497184753418,0
77.95091724395752,0
77.95094347000122,0
77.95101547241211,0
77.95255923271179,0
77.95596289634705,0
77.97010564804077,0
77.97013521194458,0
77.97020149230957,0
77.9924464225769,0
77.99244689941406,0
77.99251341819763,0
77.9983320236206,0
77.9983742237091,0
77.99842071533203,0
77.9984941482544,0
78.00035405158997,0
78.00050926208496,0
78.00053310394287,0
78.00119042396545,0
78.00280833244324,0
78.0028166770935,0
78.00898170471191,0
78.01048994064331,0
78.01059031486511,0
78.0106098651886,0
78.01062536239624,0
78.01490831375122,0
78.03013896942139,0
78.03019118309021,0
78.03077435493469,0
78.044513463974,0
78.04455256462097,0
78.04460763931274,0
78.04466032981873,0
78.04550099372864,0
78.04553723335266,0
78.04626607894897,0
78.05015087127686,0
78.05019521713257,0
78.05021405220032,0
78.06911039352417,0
78.07026481628418,0
78.07031321525574,0
78.07083225250244,0
78.07598948478699,0
78.0764148235321,0
78.08142018318176,0
78.08179759979248,0
78.08193135261536,0
78.0819525718689,0
78.0819718837738,0
78.08448696136475,0
78.08464241027832,0
78.08466815948486,0
78.08467388153076,0
78.08521389961243,0
78.08553051948547,0
78.08556461334229,0
78.09023308753967,0
78.09027814865112,0
78.09034085273743,0
78.0952672958374,0
78.09554481506348,0
78.11387038230896,0
78.11406207084656,0
78.11409020423889,0
78.12366604804993,0
78.12376832962036,0
78.12477970123291,0
78.13021779060364,0
78.1302649974823,0
78.13028717041016,0
78.13191747665405,0
78.1319432258606,0
78.13196277618408,0
78.13200497627258,0
78.15424585342407,0
78.15430450439453,0
78.15451407432556,0
78.16123509407043,0
78.16165804862976,0
78.1616861820221,0
78.1665256023407,0
78.16835761070251,0
78.16861581802368,0
78.1702311038971,0
78.17055749893188,0
78.1705949306488,0
78.17502093315125,0
78.17514300346375,0
78.18049645423889,0
78.18111157417297,0
78.18267822265625,0
78.18546891212463,0
78.18558955192566,0
78.18577456474304,0
78.18580198287964,0
78.18584990501404,0
78.18679571151733,0
78.19000339508057,0
78.19003438949585,0
78.19004988670349,0
78.1996521949768,0
78.19972109794617,0
78.20198702812195,0
78.2020115852356,0
78.20302963256836,0
78.21034574508667,0
78.21039032936096,0
78.2103967666626,0
78.22208833694458,0
78.2223310470581,0
78.22236204147339,0
78.22245717048645,0
78.22617316246033,0
78.2262053489685,0
78.22673034667969,0
78.23012185096741,0
78.23016309738159,0
78.23018002510071,0
78.23730516433716,0
78.25007653236389,0
78.25011467933655,0
78.25013136863708,0
78.27032232284546,0
78.27037501335144,0
78.27038788795471,0
78.27733278274536,0
78.27737855911255,0
78.27830243110657,0
78.27835440635681,0
78.27837753295898,0
78.27848076820374,0
78.27978563308716,0
78.27983903884888,0
78.28016638755798,0
78.29065370559692,0
78.29066681861877,0
78.29120564460754,0
78.31063771247864,0
78.3106894493103,0
78.3107361793518,0
78.3303575515747,0
78.33039093017578,0
78.33041906356812,0
78.35018277168274,0
78.3502299785614,0
78.35038828849792,0
78.3574628829956,0
78.35750412940979,0
78.36162638664246,0
78.3616898059845,0
78.37085270881653,0
78.37090611457825,0
78.37092781066895,0
78.37647461891174,0
78.39256381988525,0
78.39261198043823,0
78.39263606071472,0
78.41090559959412,0
78.4109673500061,0
78.41126441955566,0
78.43284702301025,0
78.4329137802124,0
78.43294858932495,0
78.43397498130798,0
78.434157371521,0
78.43629121780396,0
78.43632364273071,0
78.43657374382019,0
78.43686604499817,0
78.4387059211731,0
78.43879389762878,0
78.43929195404053,0
78.44908380508423,0
78.45046377182007,0
78.45126533508301,0
78.4513053894043,0
78.451327085495,0
78.45134782791138,0
78.4514229297638,0
78.4515597820282,0
78.4523024559021,0
78.45235204696655,0
78.45533585548401,0
78.45536041259766,0
78.45676922798157,0
78.45706868171692,0
78.45805931091309,0
78.46326994895935,0
78.46551871299744,0
78.46854400634766,0
78.4701759815216,0
78.47021651268005,0
78.47029852867126,0
78.47444677352905,0
78.47476887702942,0
78.47489333152771,0
78.47745752334595,0
78.47757053375244,0
78.47809147834778,0
78.47945308685303,0
78.49027681350708,0
78.49033689498901,0
78.49048566818237,0
78.50421142578125,0
78.50433397293091,0
78.50733089447021,0
78.50741195678711,0
78.5090537071228,0
78.51077079772949,0
78.51081657409668,0
78.51088452339172,0
78.52194380760193,0
78.52207326889038,0
78.52209234237671,0
78.52231049537659,0
78.52523756027222,0
78.52527523040771,0
78.52616143226624,0
78.53027606010437,0
78.5304365158081,0
78.53045964241028,0
78.53756833076477,0
78.55096292495728,0
78.55114245414734,0
78.55117011070251,0
78.57145714759827,0
78.5714910030365,0
78.57170677185059,0
78.57173871994019,0
78.57187724113464,0
78.57599997520447,0
78.57603573799133,0
78.57605266571045,0
78.57611393928528,0
78.57788252830505,0
78.57793736457825,0
78.57806277275085,0
78.57977676391602,0
78.58007550239563,0
78.58084297180176,0
78.58087682723999,0
78.59111881256104,0
78.59113836288452,0
78.59120059013367,0
78.59130501747131,0
78.59134483337402,0
78.5913655757904,0
78.59146237373352,0
78.59316897392273,0
78.59320712089539,0
78.5932457447052,0
78.61112332344055,0
78.61117029190063,0
78.61124038696289,0
78.61656665802002,0
78.6301805973053,0
78.63021945953369,0
78.63022541999817,0
78.65060019493103,0
78.6506597995758,0
78.65074062347412,0
78.6536283493042,0
78.65368294715881,0
78.65370774269104,0
78.65373682975769,0
78.657790184021,0
78.65782141685486,0
78.65783548355103,0
78.659987449646,0
78.66303253173828,0
78.6702823638916,0
78.67054867744446,0
78.6705629825592,0
78.67138719558716,0
78.6782009601593,0
78.67824649810791,0
78.67852926254272,0
78.67853999137878,0
78.6810655593872,0
78.68108296394348,0
78.68166613578796,0
78.68886017799377,0
78.68890285491943,0
78.69018769264221,0
78.69040012359619,0
78.69054985046387,0
78.69140148162842,0
78.69156742095947,0
78.69212937355042,0
78.7105987071991,0
78.71068787574768,0
78.71117639541626,0
78.72864389419556,0
78.73017764091492,0
78.73021030426025,0
78.73022747039795,0
78.73029351234436,0
78.73031234741211,0
78.73038649559021,0
78.75002694129944,0
78.75006127357483,0
78.75006699562073,0
78.75593376159668,0
78.75598120689392,0
78.75618505477905,0
78.75866532325745,0
78.76393365859985,0
78.76412630081177,0
78.76606321334839,0
78.76770401000977,0
78.76773571968079,0
78.76773810386658,0
78.77287769317627,0
78.77291512489319,0
78.77295327186584,0
78.77314162254333,0
78.77315640449524,0
78.79122114181519,0
78.79123520851135,0
78.79128742218018,0
78.79341578483582,0
78.79843235015869,0
78.79991626739502,0
78.80181694030762,0
78.80188512802124,0
78.80250763893127,0
78.80262732505798,0
78.80265045166016,0
78.80310440063477,0
78.80353140830994,0
78.80483675003052,0
78.80488157272339,0
78.80988764762878,0
78.81071472167969,0
78.81073331832886,0
78.81080412864685,0
78.81082034111023,0
78.81087970733643,0
78.81118202209473,0
78.81286716461182,0
78.8133544921875,0
78.81348466873169,0
78.8239016532898,0
78.83045196533203,0
78.83063864707947,0
78.83097529411316,0
78.83107233047485,0
78.83163380622864,0
78.83166241645813,0
78.83167767524719,0
78.8334310054779,0
78.83345651626587,0
78.83352708816528,0
78.85022735595703,0
78.85048699378967,0
78.85050630569458,0
78.85668802261353,0
78.87008213996887,0
78.87012004852295,0
78.87013936042786,0
78.88627791404724,0
78.88632130622864,0
78.88634252548218,0
78.88636469841003,0
78.88851833343506,0
78.88935041427612,0
78.88935923576355,0
78.8903226852417,0
78.8905680179596,0
78.89060258865356,0
78.89062118530273,0
78.89156126976013,0
78.89778971672058,0
78.89783906936646,0
78.9115297794342,0
78.91209173202515,0
78.91221022605896,0
78.93040871620178,0
78.93045806884766,0
78.93048000335693,0
78.93882989883423,0
78.93920564651489,0
78.94043636322021,0
78.950679063797,0
78.95069551467896,0
78.95074248313904,0
78.97138023376465,0
78.97262287139893,0
78.9726312160492,0
78.97473049163818,0
78.97475481033325,0
78.9777238368988,0
78.97776985168457,0
78.97787380218506,0
78.9779486656189,0
78.98291420936584,0
78.98403668403625,0
78.98442649841309,0
78.99014401435852,0
78.99019384384155,0
78.99021291732788,0
79.00094389915466,0
79.00631523132324,0
79.00890302658081,0
79.01114535331726,0
79.01117968559265,0
79.01118683815002,0
79.02298188209534,0
79.0244472026825,0
79.02448463439941,0
79.02545261383057,0
79.02584218978882,0
79.0264310836792,0
79.03177237510681,0
79.03180360794067,0
79.03181600570679,0
79.0380642414093,0
79.03874516487122,0
79.03926348686218,0
79.03926420211792,0
79.03927731513977,0
79.03932452201843,0
79.03937244415283,0
79.04225730895996,0
79.04226779937744,0
79.04227995872498,0
79.04312062263489,0
79.04350280761719,0
79.04351305961609,0
79.04419541358948,0
79.05003690719604,0
79.05029487609863,0
79.05032634735107,0
79.06019258499146,0
79.06201171875,0
79.06352543830872,0
79.06404781341553,0
79.06408071517944,0
79.06408357620239,0
79.06421709060669,0
79.07048106193542,0
79.07051658630371,0
79.07053279876709,0
79.07625889778137,0
79.07629919052124,0
79.07840752601624,0
79.07848811149597,0
79.09018063545227,0
79.09022283554077,0
79.09040331840515,0
79.09660816192627,0
79.11133480072021,0
79.11140131950378,0
79.1114296913147,0
79.13216614723206,0
79.13223099708557,0
79.13545155525208,0
79.135498046875,0
79.13554072380066,0
79.13559770584106,0
79.1356155872345,0
79.13568067550659,0
79.13569855690002,0
79.13575553894043,0
79.13592076301575,0
79.14942955970764,0
79.14945197105408,0
79.15231084823608,0
79.1523540019989,0
79.15253973007202,0
79.15263080596924,0
79.15739154815674,0
79.15742897987366,0
79.15746784210205,0
79.15753102302551,0
79.15761518478394,0
79.15768671035767,0
79.16537141799927,0
79.1653962135315,0
79.17033243179321,0
79.17037272453308,0
79.17065787315369,0
79.17555785179138,0
79.19030499458313,0
79.19035530090332,0
79.19037652015686,0
79.20687413215637,0
79.2073004245758,0
79.20778274536133,0
79.20778632164001,0
79.21188139915466,0
79.21191382408142,0
79.21216130256653,0
79.21704030036926,0
79.21704649925232,0
79.21790194511414,0
79.21797370910645,0
79.22125029563904,0
79.22146034240723,0
79.22156095504761,0
79.22351813316345,0
79.23034262657166,0
79.23038673400879,0
79.23040175437927,0
79.24292206764221,0
79.2466676235199,0
79.24670481681824,0
79.2468147277832,0
79.24693441390991,0
79.24699640274048,0
79.24805283546448,0
79.24807286262512,0
79.24813747406006,0
79.24815797805786,0
79.24822759628296,0
79.24915647506714,0
79.24923849105835,0
79.24934458732605,0
79.25007820129395,0
79.25013589859009,0
79.25014543533325,0
79.25588393211365,0
79.27015852928162,0
79.27020645141602,0
79.27022576332092,0
79.28425240516663,0
79.28429865837097,0
79.28450584411621,0
79.2845356464386,0
79.28635954856873,0
79.28638505935669,0
79.2868549823761,0
79.29023814201355,0
79.29028010368347,0
79.29038166999817,0
79.29834246635437,0
79.29838132858276,0
79.3006956577301,0
79.30070066452026,0
79.31305694580078,0
79.3131115436554,0
79.31317043304443,0
79.32146716117859,0
79.3232421875,0
79.33053994178772,0
79.33058047294617,0
79.33059334754944,0
79.35023331642151,0
79.35029554367065,0
79.35089659690857,0
79.35681200027466,0
79.36433339118958,0
79.36436319351196,0
79.37033653259277,0
79.37035417556763,0
79.37038159370422,0
79.37445211410522,0
79.37449622154236,0
79.37452030181885,0
79.37454199790955,0
79.37456059455872,0
79.37458443641663,0
79.37460374832153,0
79.37462997436523,0
79.38357853889465,0
79.38396763801575,0
79.38399982452393,0
79.38405656814575,0
79.38697004318237,0
79.38712215423584,0
79.38729333877563,0
79.39003849029541,0
79.39007687568665,0
79.3902428150177,0
79.39575219154358,0
79.39579796791077,0
79.39806747436523,0
79.39818572998047,0
79.41088819503784,0
79.4109365940094,0
79.41135907173157,0
79.43084621429443,0
79.43091225624084,0
79.43093776702881,0
79.44762682914734,0
79.45140957832336,0
79.45169138908386,0
79.45174360275269,0
79.45723414421082,0
79.45994353294373,0
79.47013211250305,0
79.4701828956604,0
79.47020506858826,0
79.4799530506134,0
79.48000121116638,0
79.48005080223083,0
79.48069286346436,0
79.4829032421112,0
79.48292803764343,0
79.48351955413818,0
79.48450756072998,0
79.48728680610657,0
79.49027490615845,0
79.49032211303711,0
79.49044513702393,0
79.4928240776062,0
79.50691771507263,0
79.50696659088135,0
79.5073595046997,0
79.50740265846252,0
79.5106611251831,0
79.51927328109741,0
79.51931977272034,0
79.5195996761322,0
79.51964664459229,0
79.51969480514526,0
79.51978898048401,0
79.51983642578125,0
79.51987624168396,0
79.51992177963257,0
79.5213794708252,0
79.52189373970032,0
79.52193331718445,0
79.52194929122925,0
79.52401328086853,0
79.52405524253845,0
79.5244357585907,0
79.5283133983612,0
79.53038740158081,0
79.5304217338562,0
79.53048753738403,0
79.54815912246704,0
79.54852557182312,0
79.55045866966248,0
79.55049729347229,0
79.55051493644714,0
79.55237197875977,0
79.55286026000977,0
79.55323457717896,0
79.55344676971436,0
79.55368256568909,0
79.553701877594,0
79.55402159690857,0
79.56225347518921,0
79.57120776176453,0
79.57125186920166,0
79.57127261161804,0
79.5836546421051,0
79.58369040489197,0
79.58371210098267,0
79.58377981185913,0
79.58812069892883,0
79.58814573287964,0
79.58822202682495,0
79.59050965309143,0
79.59053707122803,0
79.59061288833618,0
79.5999550819397,0
79.60082244873047,0
79.60289454460144,0
79.60293745994568,0
79.61016845703125,0
79.61021089553833,0
79.61023497581482,0
79.63060975074768,0
79.63093733787537,0
79.6313157081604,0
79.64431762695312,0
79.65282917022705,0
79.65287518501282,0
79.65372776985168,0
79.66390538215637,0
79.66448450088501,0
79.66513299942017,0
79.66570949554443,0
79.66657519340515,0
79.66658687591553,0
79.6675980091095,0
79.66885876655579,0
79.67023611068726,0
79.67028403282166,0
79.670414686203,0
79.68819999694824,0
79.69030165672302,0
79.69035077095032,0
79.69082546234131,0
79.69125080108643,0
79.6938784122467,0
79.69418907165527,0
79.69475531578064,0
79.69527578353882,0
79.69537472724915,0
79.69788551330566,0
79.69791746139526,0
79.71116399765015,0
79.7112205028534,0
79.7112455368042,0
79.72593665122986,0
79.72602224349976,0
79.72936344146729,0
79.73038411140442,0
79.73042678833008,0
79.73042893409729,0
79.74740552902222,0
79.74743843078613,0
79.75221872329712,0
79.75248146057129,0
79.75253701210022,0
79.75437951087952,0
79.75458645820618,0
79.75461435317993,0
79.7547128200531,0
79.75531649589539,0
79.7553448677063,0
79.75535988807678,0
79.7559700012207,0
79.75610494613647,0
79.75610589981079,0
79.75613975524902,0
79.75657272338867,0
79.7566728591919,0
79.75668692588806,0
79.75812005996704,0
79.77134323120117,0
79.77138876914978,0
79.77156376838684,0
79.7793231010437,0
79.7793869972229,0
79.77942848205566,0
79.77946925163269,0
79.78335762023926,0
79.78339409828186,0
79.78341388702393,0
79.79187631607056,0
79.79191255569458,0
79.79192972183228,0
79.79887080192566,0
79.79891753196716,0
79.80081677436829,0
79.80088448524475,0
79.80377507209778,0
79.81058597564697,0
79.81060862541199,0
79.81062602996826,0
79.822674036026,0
79.82382035255432,0
79.83038973808289,0
79.83042931556702,0
79.83048868179321,0
79.84113764762878,0
79.84128069877625,0
79.84139609336853,0
79.84141874313354,0
79.8428966999054,0
79.8429160118103,0
79.84302067756653,0
79.85019111633301,0
79.85023403167725,0
79.85025811195374,0
79.8693277835846,0
79.8706886768341,0
79.87073373794556,0
79.8708508014679,0
79.87332797050476,0
79.87780833244324,0
79.89051818847656,0
79.89059209823608,0
79.89124393463135,0
79.8982982635498,0
79.89833974838257,0
79.89845705032349,0
79.89847922325134,0
79.90125513076782,0
79.90140128135681,0
79.90142822265625,0
79.90278887748718,0
79.90280055999756,0
79.90435647964478,0
79.90442132949829,0
79.9053909778595,0
79.90638613700867,0
79.91010880470276,0
79.91013956069946,0
79.91015434265137,0
79.91752696037292,0
79.93039560317993,0
79.93043088912964,0
79.93043208122253,0
79.9415602684021,0
79.94162440299988,0
79.95003008842468,0
79.95007109642029,0
79.95015239715576,0
79.9727873802185,0
79.97283363342285,0
79.97286343574524,0
79.97865414619446,0
79.97949719429016,0
79.9801893234253,0
79.98084497451782,0
79.98465728759766,0
79.98806858062744,0
79.98812365531921,0
79.98935317993164,0
79.9905195236206,0
79.99057507514954,0
79.99059891700745,0
79.99587655067444,0
79.99613428115845,0
79.99616551399231,0
79.99618220329285,0
79.9975700378418,0
79.99772310256958,0
79.99779987335205,0
80.0078456401825,0
80.01015615463257,0
80.01019072532654,0
80.01024723052979,0
80.01178812980652,0
80.01182270050049,0
80.01646876335144,0
80.01661396026611,0
80.02499318122864,0
80.02980852127075,0
80.02983379364014,0
80.02984642982483,0
80.02988696098328,0
80.03122615814209,0
80.03240633010864,0
80.03243231773376,0
80.03275752067566,0
80.03278183937073,0
80.03280067443848,0
80.04690265655518,0
80.05023050308228,0
80.05111575126648,0
80.05114078521729,0
80.05139112472534,0
80.05184721946716,0
80.06110787391663,0
80.06187129020691,0
80.06191229820251,0
80.06278014183044,0
80.0656304359436,0
80.06563973426819,0
80.0661096572876,0
80.06999373435974,0
80.07003235816956,0
80.07011699676514,0
80.08194327354431,0
80.08252930641174,0
80.08471417427063,0
80.08482336997986,0
80.08702874183655,0
80.09064650535583,0
80.09108257293701,0
80.09116506576538,0
80.10560607910156,0
80.1060721874237,0
80.10608959197998,0
80.10930299758911,0
80.1093807220459,0
80.1096088886261,0
80.10975360870361,0
80.11089420318604,0
80.11094331741333,0
80.11097121238708,0
80.11655521392822,0
80.13018083572388,0
80.13021492958069,0
80.13023734092712,0
80.14573907852173,0
80.14576745033264,0
80.14669704437256,0
80.14795684814453,0
80.14808106422424,0
80.14811277389526,0
80.14877581596375,0
80.14879322052002,0
80.14881110191345,0
80.14997553825378,0
80.14997577667236,0
80.15001487731934,0
80.16231989860535,0
80.1652398109436,0
80.17058753967285,0
80.17059707641602,0
80.17062759399414,0
80.19025731086731,0
80.19029545783997,0
80.19041848182678,0
80.19216561317444,0
80.19822406768799,0
80.19825911521912,0
80.19881677627563,0
80.19882297515869,0
80.20233750343323,0
80.20237398147583,0
80.20246005058289,0
80.20336389541626,0
80.20336580276489,0
80.20394444465637,0
80.20399117469788,0
80.21071982383728,0
80.2107584476471,0
80.21080040931702,0
80.21630072593689,0
80.21635317802429,0
80.21637487411499,0
80.2164216041565,0
80.21859312057495,0
80.21887302398682,0
80.21891498565674,0
80.23112654685974,0
80.23117470741272,0
80.23119878768921,0
80.23787903785706,0
80.2502052783966,0
80.25025057792664,0
80.25027227401733,0
80.26460480690002,0
80.26708674430847,0
80.26717185974121,0
80.26724433898926,0
80.27031660079956,0
80.2703685760498,0
80.27047991752625,0
80.27174305915833,0
80.27281665802002,0
80.27411794662476,0
80.2764687538147,0
80.28936719894409,0
80.29027533531189,0
80.29027700424194,0
80.29031896591187,0
80.29126286506653,0
80.29208326339722,0
80.2921769618988,0
80.29294657707214,0
80.29301595687866,0
80.29466819763184,0
80.29818081855774,0
80.29853796958923,0
80.30344676971436,0
80.30355501174927,0
80.31010484695435,0
80.31020665168762,0
80.31028437614441,0
80.3187165260315,0
80.32132625579834,0
80.32349395751953,0
80.33052349090576,0
80.33056664466858,0
80.33063554763794,0
80.34082198143005,0
80.34111499786377,0
80.34348273277283,0
80.34350991249084,0
80.34352326393127,0
80.34353518486023,0
80.34994387626648,0
80.34997963905334,0
80.34999561309814,0
80.36456346511841,0
80.36456966400146,0
80.36459183692932,0
80.36743640899658,0
80.37027335166931,0
80.37031388282776,0
80.37033700942993,0
80.37463116645813,0
80.39013242721558,0
80.39018201828003,0
80.39024782180786,0
80.39227628707886,0
80.3982994556427,0
80.39850878715515,0
80.39854383468628,0
80.39856505393982,0
80.40039873123169,0
80.40041875839233,0
80.40124869346619,0
80.40203809738159,0
80.40207862854004,0
80.4037938117981,0
80.40385293960571,0
80.41032481193542,0
80.41041469573975,0
80.41044044494629,0
80.43148136138916,0
80.4315459728241,0
80.43195843696594,0
80.437002658844,0
80.44996786117554,0
80.44999861717224,0
80.45001769065857,0
80.47018003463745,0
80.47022914886475,0
80.47061014175415,0
80.4917311668396,0
80.49180817604065,0
80.49183702468872,0
80.49405217170715,0
80.49410247802734,0
80.49426603317261,0
80.49705743789673,0
80.49713921546936,0
80.49716782569885,0
80.4974193572998,0
80.50005865097046,0
80.50027537345886,0
80.5003752708435,0
80.50043773651123,0
80.5029923915863,0
80.50309419631958,0
80.50324511528015,0
80.50407600402832,0
80.51161599159241,0
80.51214981079102,0
80.51219248771667,0
80.5122127532959,0
80.51301503181458,0
80.51756620407104,0
80.51785182952881,0
80.52572011947632,0
80.53024339675903,0
80.53027868270874,0
80.53056693077087,0
80.55024099349976,0
80.5502700805664,0
80.55077528953552,0
80.55410885810852,0
80.55422043800354,0
80.55688738822937,0
80.55691194534302,0
80.55691814422607,0
80.55694460868835,0
80.56318998336792,0
80.56319379806519,0
80.5632095336914,0
80.56401038169861,0
80.56718254089355,0
80.56951141357422,0
80.57026100158691,0
80.5708270072937,0
80.57181978225708,0
80.58997964859009,0
80.59000945091248,0
80.59053897857666,0
80.59135270118713,0
80.5926992893219,0
80.59283399581909,0
80.59289407730103,0
80.5943455696106,0
80.59436345100403,0
80.59456014633179,0
80.59498238563538,0
80.5950276851654,0
80.59628033638,0
80.59631013870239,0
80.61021542549133,0
80.6102523803711,0
80.61029005050659,0
80.63008117675781,0
80.63012742996216,0
80.63019251823425,0
80.64503264427185,0
80.65017867088318,0
80.65022206306458,0
80.65024185180664,0
80.67031574249268,0
80.67036318778992,0
80.67045521736145,0
80.67226052284241,0
80.67261743545532,0
80.67277526855469,0
80.67279887199402,0
80.6756181716919,0
80.67566299438477,0
80.67680597305298,0
80.67739772796631,0
80.67973113059998,0
80.69033908843994,0
80.6903886795044,0
80.69041061401367,0
80.69303584098816,0
80.70062446594238,0
80.702463388443,0
80.70415258407593,0
80.70431685447693,0
80.7046115398407,0
80.70463681221008,0
80.70526242256165,0
80.7069947719574,0
80.70722532272339,0
80.7074236869812,0
80.70751881599426,0
80.71058106422424,0
80.71061825752258,0
80.71063470840454,0
80.71336674690247,0
80.71338987350464,0
80.71340918540955,0
80.71342635154724,0
80.73043823242188,0
80.73045516014099,0
80.73048496246338,0
80.73524618148804,0
80.73602271080017,0
80.73607039451599,0
80.74333095550537,0
80.75015211105347,0
80.75042939186096,0
80.75044751167297,0
80.75156760215759,0
80.7519474029541,0
80.7701027393341,0
80.77022624015808,0
80.77024269104004,0
80.77499103546143,0
80.77527451515198,0
80.7752959728241,0
80.77551484107971,0
80.78994536399841,0
80.78996920585632,0
80.79005074501038,0
80.81007266044617,0
80.81012225151062,0
80.81029534339905,0
80.82181572914124,0
80.82186579704285,0
80.82194471359253,0
80.82632446289062,0
80.83062219619751,0
80.83067226409912,0
80.83070063591003,0
80.84352493286133,0
80.8435869216919,0
80.84744954109192,0
80.84760189056396,0
80.84945344924927,0
80.8516685962677,0
80.85172414779663,0
80.85179424285889,0
80.86333847045898,0
80.86336588859558,0
80.86339139938354,0
80.86343169212341,0
80.87143087387085,0
80.87149024009705,0
80.8716049194336,0
80.87284445762634,0
80.87291240692139,0
80.87299299240112,0
80.87301778793335,0
80.87312412261963,0
80.87962913513184,0
80.88835978507996,0
80.89134168624878,0
80.8913938999176,0
80.89158177375793,0
80.89160704612732,0
80.89162945747375,0
80.89304804801941,0
80.90328311920166,0
80.90329480171204,0
80.90379786491394,0
80.90553069114685,0
80.90557646751404,0
80.90809941291809,0
80.90838599205017,0
80.91021919250488,0
80.91026830673218,0
80.9102897644043,0
80.91595888137817,0
80.93008279800415,0
80.93014407157898,0
80.93023252487183,0
80.95073366165161,0
80.95077133178711,0
80.9507896900177,0
80.95090365409851,0
80.95092058181763,0
80.95224595069885,0
80.95414853096008,0
80.95414876937866,0
80.95473456382751,0
80.95624232292175,0
80.95628094673157,0
80.95636343955994,0
80.9574203491211,0
80.95765233039856,0
80.95768237113953,0
80.95768642425537,0
80.96127510070801,0
80.96152186393738,0
80.96186470985413,0
80.97084903717041,0
80.97088742256165,0
80.97095060348511,0
80.98436784744263,0
80.9942376613617,0
80.99442315101624,0
80.99459099769592,0
80.99499654769897,0
80.99520778656006,0
80.99521613121033,0
80.99525499343872,0
81.00311946868896,0
81.00334882736206,0
81.00386142730713,0
81.00575923919678,0
81.00906324386597,0
81.009197473526,0
81.01023483276367,0
81.01025390625,0
81.01027250289917,0
81.01140809059143,0
81.01146578788757,0
81.02233719825745,0
81.02544641494751,0
81.03067922592163,0
81.03072667121887,0
81.03078699111938,0
81.05126595497131,0
81.05130624771118,0
81.05140900611877,0
81.0532455444336,0
81.05888319015503,0
81.05890440940857,0
81.05890679359436,0
81.05892324447632,0
81.06111669540405,0
81.06115317344666,0
81.06140327453613,0
81.06252431869507,0
81.06719946861267,0
81.07019710540771,0
81.07053565979004,0
81.07054424285889,0
81.0705623626709,0
81.09037256240845,0
81.09042453765869,0
81.09081315994263,0
81.10825228691101,0
81.10828995704651,0
81.10829949378967,0
81.10847043991089,0
81.11216235160828,0
81.11219048500061,0
81.11221408843994,0
81.11430859565735,0
81.11435866355896,0
81.1144495010376,0
81.11622357368469,0
81.11627078056335,0
81.12087535858154,0
81.12115240097046,0
81.12268090248108,0
81.13084197044373,0
81.13119840621948,0
81.1312243938446,0
81.14680075645447,0
81.146812915802,0
81.14811515808105,0
81.14821720123291,0
81.14822721481323,0
81.1506597995758,0
81.15082001686096,0
81.15083527565002,0
81.15165686607361,0
81.15263628959656,0
81.15264368057251,0
81.15327477455139,0
81.17168545722961,0
81.17172598838806,0
81.17223024368286,0
81.17730188369751,0
81.1901695728302,0
81.19021606445312,0
81.19038248062134,0
81.19698143005371,0
81.19701957702637,0
81.19703912734985,0
81.19709515571594,0
81.20051383972168,0
81.20055079460144,0
81.20095300674438,0
81.20165085792542,0
81.20168566703796,0
81.20311379432678,0
81.20316767692566,0
81.20480251312256,0
81.2050392627716,0
81.20505666732788,0
81.20506978034973,0
81.20947551727295,0
81.20966458320618,0
81.20989513397217,0
81.21060299873352,0
81.21064591407776,0
81.21068358421326,0
81.22453427314758,0
81.23040533065796,0
81.23043417930603,0
81.23045516014099,0
81.2345073223114,0
81.23489618301392,0
81.23517966270447,0
81.23856329917908,0
81.23897576332092,0
81.23958039283752,0
81.2396183013916,0
81.24158787727356,0
81.24271988868713,0
81.24420213699341,0
81.25033855438232,0
81.25038170814514,0
81.25040125846863,0
81.26037335395813,0
81.26064801216125,0
81.2611403465271,0
81.26116728782654,0
81.2632007598877,0
81.26324963569641,0
81.2632999420166,0
81.26988005638123,0
81.26991009712219,0
81.2707109451294,0
81.28699827194214,0
81.2901918888092,0
81.29023480415344,0
81.29043292999268,0
81.29238176345825,0
81.29545640945435,0
81.29548978805542,0
81.2985291481018,0
81.29859805107117,0
81.3102011680603,0
81.31023931503296,0
81.3102958202362,0
81.31725406646729,0
81.33043599128723,0
81.33048295974731,0
81.33048391342163,0
81.33587598800659,0
81.33588361740112,0
81.35025143623352,0
81.35046339035034,0
81.35046577453613,0
81.37114906311035,0
81.37118721008301,0
81.37120461463928,0
81.37519764900208,0
81.375736951828,0
81.3757688999176,0
81.3757712841034,0
81.37729811668396,0
81.37731647491455,0
81.3773353099823,0
81.37983727455139,0
81.3858048915863,0
81.39053845405579,0
81.39056706428528,0
81.3905839920044,0
81.39171695709229,0
81.39337134361267,0
81.39340949058533,0
81.4101779460907,0
81.41022419929504,0
81.41039180755615,0
81.41783261299133,0
81.41792821884155,0
81.4195568561554,0
81.43132734298706,0
81.43137764930725,0
81.43146252632141,0
81.44764590263367,0
81.44768142700195,0
81.44777345657349,0
81.44779205322266,0
81.4497880935669,0
81.44979500770569,0
81.44981479644775,0
81.45026302337646,0
81.45037651062012,0
81.4504029750824,0
81.45211625099182,0
81.4521586894989,0
81.45217084884644,0
81.45217704772949,0
81.45372271537781,0
81.45396018028259,0
81.45405840873718,0
81.4571180343628,0
81.47143316268921,0
81.47160911560059,0
81.47164607048035,0
81.47989273071289,0
81.47993540763855,0
81.47995710372925,0
81.47997784614563,0
81.48200106620789,0
81.48244524002075,0
81.48247790336609,0
81.49055552482605,0
81.49096250534058,0
81.49123954772949,0
81.51070642471313,0
81.51074504852295,0
81.51080369949341,0
81.52994513511658,0
81.52997469902039,0
81.53065395355225,0
81.55004167556763,0
81.55006623268127,0
81.55009293556213,0
81.55782079696655,0
81.5578453540802,0
81.55831289291382,0
81.55833673477173,0
81.55954241752625,0
81.56354808807373,0
81.56355142593384,0
81.5675630569458,0
81.56756401062012,0
81.56757616996765,0
81.56757831573486,0
81.57029604911804,0
81.57032132148743,0
81.57033252716064,0
81.57125234603882,0
81.57149958610535,0
81.57213592529297,0
81.57224130630493,0
81.59036612510681,0
81.5903856754303,0
81.5903959274292,0
81.59593605995178,0
81.59595847129822,0
81.59742593765259,0
81.5974657535553,0
81.61050128936768,0
81.61052751541138,0
81.610586643219,0
81.6163101196289,0
81.63007402420044,0
81.6301097869873,0
81.63012504577637,0
81.6364860534668,0
81.63671231269836,0
81.63673996925354,0
81.63675737380981,0
81.63991904258728,0
81.6399233341217,0
81.63995862007141,0
81.65012168884277,0
81.65015363693237,0
81.6501669883728,0
81.66824984550476,0
81.67045450210571,0
81.67045521736145,0
81.67049050331116,0
81.67443370819092,0
81.67446494102478,0
81.67448258399963,0
81.67449927330017,0
81.67783617973328,0
81.67790174484253,0
81.67795252799988,0
81.67797422409058,0
81.67812180519104,0
81.6781370639801,0
81.67815065383911,0
81.68147659301758,0
81.68148708343506,0
81.68150782585144,0
81.69014191627502,0
81.690185546875,0
81.6902985572815,0
81.70132803916931,0
81.70135855674744,0
81.70346426963806,0
81.70351791381836,0
81.70461583137512,0
81.71033906936646,0
81.71038031578064,0
81.71038842201233,0
81.73403286933899,0
81.73407816886902,0
81.73409056663513,0
81.7430853843689,0
81.7433168888092,0
81.74487805366516,0
81.74490404129028,0
81.74517869949341,0
81.74615240097046,0
81.7464587688446,0
81.7469494342804,0
81.75107979774475,0
81.75111031532288,0
81.75128507614136,0
81.75149011611938,0
81.75362777709961,0
81.75373387336731,0
81.77030491828918,0
81.7704017162323,0
81.7705659866333,0
81.77232122421265,0
81.78103280067444,0
81.78106164932251,0
81.7827959060669,0
81.78279852867126,0
81.78280687332153,0
81.78281259536743,0
81.78500270843506,0
81.78500413894653,0
81.7853147983551,0
81.78717565536499,0
81.79001569747925,0
81.79003024101257,0
81.79004096984863,0
81.79276895523071,0
81.8026978969574,0
81.8035933971405,0
81.80985879898071,0
81.8098874092102,0
81.80990028381348,0
81.81591796875,0
81.8159692287445,0
81.81689238548279,0
81.83241820335388,0
81.83245134353638,0
81.83246088027954,0
81.84910750389099,0
81.84913873672485,0
81.84922337532043,0
81.84923696517944,0
81.85063982009888,0
81.85067629814148,0
81.85067892074585,0
81.85183000564575,0
81.8518590927124,0
81.8518705368042,0
81.851881980896,0
81.86395597457886,0
81.86493968963623,0
81.86498188972473,0
81.86499691009521,0
81.8650951385498,0
81.86512780189514,0
81.86517667770386,0
81.86994004249573,0
81.86998271942139,0
81.86999797821045,0
81.89001178741455,0
81.89004731178284,0
81.89006304740906,0
81.90194392204285,0
81.90246033668518,0
81.90435361862183,0
81.90438866615295,0
81.90523505210876,0
81.91034436225891,0
81.9103753566742,0
81.91039061546326,0
81.92904782295227,0
81.92933058738708,0
81.93030118942261,0
81.93031597137451,0
81.93034291267395,0
81.93366980552673,0
81.9336998462677,0
81.93416333198547,0
81.93545174598694,0
81.9356837272644,0
81.93645024299622,0
81.93675184249878,0
81.9368166923523,0
81.93682885169983,0
81.93841934204102,0
81.9389271736145,0
81.93936586380005,0
81.94087886810303,0
81.95036435127258,0
81.95040011405945,0
81.95041298866272,0
81.96994423866272,0
81.96997427940369,0
81.97058629989624,0
81.97557306289673,0
81.97560405731201,0
81.97656202316284,0
81.9769914150238,0
81.97699427604675,0
81.97701716423035,0
81.97843432426453,0
81.97845697402954,0
81.97846865653992,0
81.97902202606201,0
81.98045873641968,0
81.98547029495239,0
81.98645901679993,0
81.98809814453125,0
81.99040031433105,0
81.99042987823486,0
81.99044108390808,0
82.0100564956665,0
82.01008558273315,0
82.01010012626648,0
82.02169942855835,0
82.02197408676147,0
82.02322101593018,0
82.02324914932251,0
82.02403116226196,0
82.03013801574707,0
82.03026056289673,0
82.030277967453,0
82.04349780082703,0
82.04368019104004,0
82.04370427131653,0
82.0437524318695,0
82.0452241897583,0
82.04524970054626,0
82.04877996444702,0
82.04888892173767,0
82.05012273788452,0
82.05016279220581,0
82.0503876209259,0
82.06454372406006,0
82.06544971466064,0
82.07027840614319,0
82.07031559944153,0
82.07042455673218,0
82.07909941673279,0
82.07913589477539,0
82.07945203781128,0
82.07948303222656,0
82.08170795440674,0
82.08172416687012,0
82.08196830749512,0
82.09011316299438,0
82.09015464782715,0
82.09027099609375,0
82.1027238368988,0
82.10293650627136,0
82.10605883598328,0
82.10611319541931,0
82.10883808135986,0
82.11119437217712,0
82.11124420166016,0
82.11132764816284,0
82.12563252449036,0
82.12564063072205,0
82.12566065788269,0
82.1260576248169,0
82.12819385528564,0
82.12820982933044,0
82.1282594203949,0
82.13018202781677,0
82.13020491600037,0
82.13025665283203,0
82.14985466003418,0
82.14988017082214,0
82.14993166923523,0
82.17156386375427,0
82.17158031463623,0
82.17161893844604,0
82.17548680305481,0
82.1786789894104,0
82.17884731292725,0
82.17963075637817,0
82.18041634559631,0
82.1804404258728,0
82.18070697784424,0
82.18347430229187,0
82.18349575996399,0
82.18350768089294,0
82.18516564369202,0
82.18540048599243,0
82.18554997444153,0
82.1855821609497,0
82.18714356422424,0
82.18747329711914,0
82.1875479221344,0
82.1903281211853,0
82.190354347229,0
82.19038105010986,0
82.19560194015503,0
82.19567513465881,0
82.19797611236572,0
82.1980447769165,0
82.2098171710968,0
82.20984315872192,0
82.2098548412323,0
82.21474242210388,0
82.23013257980347,0
82.23030686378479,0
82.23032546043396,0
82.24282455444336,0
82.24342823028564,0
82.24344038963318,0
82.24374747276306,0
82.24522042274475,0
82.24527192115784,0
82.245290517807,0
82.24629092216492,0
82.25056576728821,0
82.2506628036499,0
82.2506902217865,0
82.26984643936157,0
82.26991724967957,0
82.26998090744019,0
82.27002358436584,0
82.27009868621826,0
82.27013230323792,0
82.27017331123352,0
82.27024936676025,0
82.27028179168701,0
82.27031517028809,0
82.28140950202942,0
82.2821273803711,0
82.28461599349976,0
82.28465986251831,0
82.28467917442322,0
82.28993511199951,0
82.28996634483337,0
82.2899808883667,0
82.3035900592804,0
82.3036253452301,0
82.30375289916992,0
82.30411577224731,0
82.30700635910034,0
82.30700778961182,0
82.30761480331421,0
82.31027674674988,0
82.31030750274658,0
82.31032466888428,0
82.3153624534607,0
82.32987713813782,0
82.32990384101868,0
82.33002305030823,0
82.34518575668335,0
82.34519934654236,0
82.34706926345825,0
82.3470983505249,0
82.34718179702759,0
82.348792552948,0
82.34917902946472,0
82.34920263290405,0
82.34923100471497,0
82.35023355484009,0
82.3502688407898,0
82.35853862762451,0
82.35986280441284,0
82.36995673179626,0
82.36998438835144,0
82.36999535560608,0
82.38985776901245,0
82.38988614082336,0
82.38999843597412,0
82.39416098594666,0
82.3976218700409,0
82.39768695831299,0
82.39783239364624,0
82.39784812927246,0
82.39974665641785,0
82.39991021156311,0
82.40057754516602,0
82.4024305343628,0
82.40245795249939,0
82.40292119979858,0
82.40298199653625,0
82.40977478027344,0
82.40979671478271,0
82.40987181663513,0
82.42056488990784,0
82.42077040672302,0
82.42099022865295,0
82.42101311683655,0
82.42201924324036,0
82.422372341156,0
82.4223895072937,0
82.42284893989563,0
82.42993927001953,0
82.42996835708618,0
82.42998504638672,0
82.4505865573883,0
82.4505980014801,0
82.45061874389648,0
82.4514479637146,0
82.45355296134949,0
82.4535779953003,0
82.45364665985107,0
82.45528197288513,0
82.45547246932983,0
82.45610165596008,0
82.45641684532166,0
82.4574887752533,0
82.46415162086487,0
82.47009420394897,0
82.47017550468445,0
82.47022819519043,0
82.48419761657715,0
82.48422336578369,0
82.48424220085144,0
82.48437285423279,0
82.48621201515198,0
82.48625445365906,0
82.48636937141418,0
82.49121117591858,0
82.49124813079834,0
82.49129605293274,0
82.5111985206604,0
82.51128840446472,0
82.51168990135193,0
82.51180458068848,0
82.51181268692017,0
82.51292014122009,0
82.51294255256653,0
82.51792597770691,0
82.53018450737,0
82.53020882606506,0
82.53023409843445,0
82.54778861999512,0
82.54783034324646,0
82.55087971687317,0
82.55088591575623,0
82.5509123802185,0
82.55092477798462,0
82.55162024497986,0
82.55237197875977,0
82.55249619483948,0
82.55252861976624,0
82.55255961418152,0
82.55259132385254,0
82.55804371833801,0
82.55929660797119,0
82.56038069725037,0
82.56998705863953,0
82.5700159072876,0
82.57004570960999,0
82.58998155593872,0
82.59057569503784,0
82.60270357131958,0
82.60290575027466,0
82.60292220115662,0
82.60412859916687,0
82.60452651977539,0
82.60454416275024,0
82.60458302497864,0
82.60611939430237,0
82.60615730285645,0
82.60998916625977,0
82.61001873016357,0
82.6100389957428,0
82.61167359352112,0
82.61168909072876,0
82.63025116920471,0
82.63028979301453,0
82.63030457496643,0
82.65004181861877,0
82.650714635849,0
82.65074682235718,0
82.6507921218872,0
82.65540194511414,0
82.65541458129883,0
82.65543055534363,0
82.65550565719604,0
82.6580548286438,0
82.65806889533997,0
82.65808367729187,0
82.65822052955627,0
82.65823650360107,0
82.6582465171814,0
82.65852308273315,0
82.65951633453369,0
82.65972423553467,0
82.6597547531128,0
82.66997623443604,0
82.67000412940979,0
82.67002367973328,0
82.68851470947266,0
82.69083094596863,0
82.69087362289429,0
82.6909077167511,0
82.69546413421631,0
82.69579195976257,0
82.69580507278442,0
82.69582676887512,0
82.70309591293335,0
82.70312547683716,0
82.70323514938354,0
82.70326137542725,0
82.70333409309387,0
82.70625853538513,0
82.70628142356873,0
82.71008896827698,0
82.71015691757202,0
82.71027660369873,0
82.71074509620667,0
82.71274542808533,0
82.73019289970398,0
82.73021793365479,0
82.7302463054657,0
82.74827170372009,0
82.75175333023071,0
82.75182867050171,0
82.75371026992798,0
82.76227021217346,0
82.76228213310242,0
82.76342868804932,0
82.76344013214111,0
82.7636353969574,0
82.76364946365356,0
82.76651787757874,0
82.76654195785522,0
82.76744365692139,0
82.77021074295044,0
82.77023649215698,0
82.77028942108154,0
82.7901713848114,0
82.79019713401794,0
82.79058980941772,0
82.79496264457703,0
82.79789090156555,0
82.79789233207703,0
82.79790496826172,0
82.79790735244751,0
82.80069184303284,0
82.80111074447632,0
82.80113458633423,0
82.80212211608887,0
82.80213522911072,0
82.80217218399048,0
82.80219578742981,0
82.80463004112244,0
82.80643939971924,0
82.8098042011261,0
82.80983233451843,0
82.80989241600037,0
82.8299331665039,0
82.83000063896179,0
82.83003163337708,0
82.8477430343628,0
82.85052609443665,0
82.85056066513062,0
82.85062384605408,0
82.85365223884583,0
82.8543119430542,0
82.85434222221375,0
82.85435748100281,0
82.85592484474182,0
82.85657835006714,0
82.8612003326416,0
82.86476230621338,0
82.86477613449097,0
82.8648419380188,0
82.87100553512573,0
82.87103533744812,0
82.87109684944153,0
82.87829422950745,0
82.87991547584534,0
82.87994456291199,0
82.87998294830322,0
82.88058686256409,0
82.88060569763184,0
82.88085269927979,0
82.88993668556213,0
82.89003682136536,0
82.89004254341125,0
82.89693474769592,0
82.89699602127075,0
82.89885330200195,0
82.89888858795166,0
82.91040301322937,0
82.9106068611145,0
82.91063857078552,0
82.91789531707764,0
82.91793370246887,0
82.91833877563477,0
82.91858458518982,0
82.91945767402649,0
82.91960787773132,0
82.91976714134216,0
82.9300525188446,0
82.93005394935608,0
82.93055963516235,0
82.94356417655945,0
82.950204372406,0
82.9502682685852,0
82.95029950141907,0
82.9702639579773,0
82.97029137611389,0
82.97030210494995,0
82.9738118648529,0
82.97404146194458,0
82.9760217666626,0
82.97605395317078,0
82.97607779502869,0
82.97614765167236,0
82.98007988929749,0
82.98049736022949,0
82.9805076122284,0
82.98110175132751,0
82.98540234565735,0
82.98543906211853,0
82.98545217514038,0
82.98550176620483,0
82.99080896377563,0
82.9908299446106,0
82.99083590507507,0
82.99488186836243,0
82.99489378929138,0
82.99495553970337,0
82.99534249305725,0
82.99805355072021,0
82.99824810028076,0
82.9996075630188,0
82.99961256980896,0
83.00982117652893,0
83.01005220413208,0
83.0100769996643,0
83.01881814002991,0
83.02276992797852,0
83.02278852462769,0
83.0228443145752,0
83.02286171913147,0
83.03028678894043,0
83.03032183647156,0
83.03033638000488,0
83.03429126739502,0
83.03430843353271,0
83.03431105613708,0
83.04999136924744,0
83.05002403259277,0
83.05007553100586,0
83.05667424201965,0
83.06986856460571,0
83.06989598274231,0
83.06993174552917,0
83.09047746658325,0
83.09052109718323,0
83.0905396938324,0
83.0927402973175,0
83.09277510643005,0
83.09279346466064,0
83.09290480613708,0
83.10798406600952,0
83.10801196098328,0
83.10807061195374,0
83.10875630378723,0
83.1110143661499,0
83.11114621162415,0
83.11116552352905,0
83.11118245124817,0
83.11123514175415,0
83.11206388473511,0
83.11261701583862,0
83.1126549243927,0
83.11312818527222,0
83.13013958930969,0
83.13016843795776,0
83.13018155097961,0
83.1334171295166,0
83.13435196876526,0
83.13564801216125,0
83.13568615913391,0
83.13574934005737,0
83.13579154014587,0
83.13580560684204,0
83.1431725025177,0
83.14774370193481,0
83.14776372909546,0
83.1477735042572,0
83.1480541229248,0
83.1483747959137,0
83.14838719367981,0
83.1519365310669,0
83.15196418762207,0
83.15198755264282,0
83.16930222511292,0
83.1705482006073,0
83.17057347297668,0
83.17058110237122,0
83.17351984977722,0
83.17352104187012,0
83.17442798614502,0
83.17549586296082,0
83.17550754547119,0
83.17551851272583,0
83.1767795085907,0
83.17679166793823,0
83.17680525779724,0
83.18999552726746,0
83.19002389907837,0
83.19006681442261,0
83.19391584396362,0
83.19593453407288,0
83.19828009605408,0
83.19833183288574,0
83.19958257675171,0
83.19959926605225,0
83.20189785957336,0
83.20997500419617,0
83.2100031375885,0
83.2100145816803,0
83.21495294570923,0
83.21498847007751,0
83.21500253677368,0
83.21503710746765,0
83.23023128509521,0
83.23026013374329,0
83.2303261756897,0
83.24346613883972,0
83.24351215362549,0
83.24351501464844,0
83.24593877792358,0
83.25042700767517,0
83.25045728683472,0
83.25047445297241,0
83.25547742843628,0
83.25550270080566,0
83.25576853752136,0
83.25579237937927,0
83.26989889144897,0
83.26994466781616,0
83.26996207237244,0
83.27835965156555,0
83.28374218940735,0
83.28400731086731,0
83.2840325832367,0
83.28407049179077,0
83.29033160209656,0
83.29036402702332,0
83.29039907455444,0
83.30176520347595,0
83.3017909526825,0
83.3021981716156,0
83.30763220787048,0
83.30767679214478,0
83.30772256851196,0
83.30780553817749,0
83.31018805503845,0
83.31022930145264,0
83.3103039264679,0
83.32432293891907,0
83.32541298866272,0
83.32632517814636,0
83.33017468452454,0
83.33020544052124,0
83.33021807670593,0
83.33110022544861,0
83.3315064907074,0
83.35068202018738,0
83.35130739212036,0
83.3513343334198,0
83.35241889953613,0
83.3526337146759,0
83.35265016555786,0
83.35285878181458,0
83.35405397415161,0
83.35407972335815,0
83.35409092903137,0
83.36440420150757,0
83.36443901062012,0
83.3644425868988,0
83.36614632606506,0
83.36640071868896,0
83.36642909049988,0
83.36679911613464,0
83.37030720710754,0
83.37033700942993,0
83.370352268219,0
83.37966918945312,0
83.37969708442688,0
83.38007926940918,0
83.38010621070862,0
83.38150644302368,0
83.3815221786499,0
83.38176274299622,0
83.39025259017944,0
83.39028596878052,0
83.39030170440674,0
83.4101791381836,0
83.41021275520325,0
83.41022992134094,0
83.41117882728577,0
83.41127753257751,0
83.41199970245361,0
83.41206312179565,0
83.41364240646362,0
83.41541743278503,0
83.43013715744019,0
83.43016815185547,0
83.43019556999207,0
83.43551182746887,0
83.45046377182007,0
83.45077800750732,0
83.45081377029419,0
83.46102690696716,0
83.46106553077698,0
83.46133804321289,0
83.46138095855713,0
83.46993207931519,0
83.4700837135315,0
83.47010540962219,0
83.49066710472107,0
83.49072289466858,0
83.49072408676147,0
83.4935302734375,0
83.49353957176208,0
83.4935655593872,0
83.49694061279297,0
83.50542616844177,0
83.50824022293091,0
83.50826811790466,0
83.50828719139099,0
83.50830793380737,0
83.50831151008606,0
83.51103472709656,0
83.51103615760803,0
83.51111578941345,0
83.51141381263733,0
83.51233100891113,0
83.52683091163635,0
83.5311930179596,0
83.53122019767761,0
83.53131866455078,0
83.53161716461182,0
83.53480458259583,0
83.54621720314026,0
83.54642248153687,0
83.54645037651062,0
83.54684090614319,0
83.55377697944641,0
83.55405855178833,0
83.55418610572815,0
83.55589079856873,0
83.5559401512146,0
83.5566098690033,0
83.57036995887756,0
83.57040119171143,0
83.57041716575623,0
83.57981276512146,0
83.59043717384338,0
83.59048104286194,0
83.59055972099304,0
83.59656286239624,0
83.5970709323883,0
83.61070895195007,0
83.61077332496643,0
83.61124229431152,0
83.62606358528137,0
83.62609791755676,0
83.62620425224304,0
83.6265959739685,0
83.63059425354004,0
83.63065457344055,0
83.63067054748535,0
83.63068318367004,0
83.6309494972229,0
83.6309826374054,0
83.63360333442688,0
83.63368320465088,0
83.63466930389404,0
83.6352047920227,0
83.65129470825195,0
83.65137910842896,0
83.65149140357971,0
83.65523934364319,0
83.6556146144867,0
83.6558768749237,0
83.65590023994446,0
83.65828967094421,0
83.65867209434509,0
83.65903401374817,0
83.66017007827759,0
83.66869449615479,0
83.66872644424438,0
83.66903495788574,0
83.66905999183655,0
83.67844605445862,0
83.67851042747498,0
83.67854332923889,0
83.67859649658203,0
83.6786139011383,0
83.67865037918091,0
83.68687272071838,0
83.69086623191833,0
83.69088792800903,0
83.69112086296082,0
83.69301247596741,0
83.69304180145264,0
83.69304823875427,0
83.69314455986023,0
83.7013647556305,0
83.70143628120422,0
83.70190000534058,0
83.7040228843689,0
83.70407915115356,0
83.70911240577698,0
83.70914053916931,0
83.71022868156433,0
83.71024513244629,0
83.71026849746704,0
83.7297511100769,0
83.7304539680481,0
83.73051142692566,0
83.73053789138794,0
83.73792123794556,0
83.7385630607605,0
83.7457070350647,0
83.74574422836304,0
83.74576354026794,0
83.74633741378784,0
83.75031352043152,0
83.75035905838013,0
83.75045204162598,0
83.75172114372253,0
83.75174593925476,0
83.7517478466034,0
83.76525712013245,0
83.76588177680969,0
83.76740717887878,0
83.77042150497437,0
83.7704222202301,0
83.77044773101807,0
83.77285981178284,0
83.77315521240234,0
83.78362250328064,0
83.78365421295166,0
83.7836663722992,0
83.78378033638,0
83.78407549858093,0
83.78475403785706,0
83.78498554229736,0
83.7935266494751,0
83.79354977607727,0
83.79356479644775,0
83.79675912857056,0
83.79678678512573,0
83.79854559898376,0
83.79859685897827,0
83.80996441841125,0
83.80998253822327,0
83.81006026268005,0
83.81497931480408,0
83.83033776283264,0
83.83040571212769,0
83.83043074607849,0
83.83999967575073,0
83.84231472015381,0
83.84235978126526,0
83.84307265281677,0
83.84389805793762,0
83.84407687187195,0
83.84409832954407,0
83.8506395816803,0
83.85067939758301,0
83.8507170677185,0
83.86282181739807,0
83.86282229423523,0
83.86284399032593,0
83.86287546157837,0
83.86578869819641,0
83.86593651771545,0
83.86634421348572,0
83.86646676063538,0
83.86991834640503,0
83.86994576454163,0
83.87000870704651,0
83.89014315605164,0
83.89016222953796,0
83.89026236534119,0
83.89034080505371,0
83.89182138442993,0
83.89253687858582,0
83.89258360862732,0
83.89570617675781,0
83.89590549468994,0
83.89664340019226,0
83.89672136306763,0
83.89679336547852,0
83.89757513999939,0
83.89766144752502,0
83.89895629882812,0
83.9034812450409,0
83.91030049324036,0
83.9103524684906,0
83.92450547218323,0
83.9304211139679,0
83.93043375015259,0
83.9304747581482,0
83.93279027938843,0
83.93282651901245,0
83.9329674243927,0
83.93298745155334,0
83.93433332443237,0
83.93440985679626,0
83.93510437011719,0
83.93813133239746,0
83.95088648796082,0
83.95092105865479,0
83.95093774795532,0
83.96997213363647,0
83.96997666358948,0
83.97000193595886,0
83.97382473945618,0
83.97383737564087,0
83.97539258003235,0
83.97565174102783,0
83.97712731361389,0
83.97781014442444,0
83.97784113883972,0
83.97789406776428,0
83.97900176048279,0
83.98088192939758,0
83.98265147209167,0
83.99024605751038,0
83.99027109146118,0
83.99027752876282,0
83.99527549743652,0
83.99536442756653,0
83.99661540985107,0
83.99695634841919,0
84.01072430610657,0
84.01076579093933,0
84.01078701019287,0
84.01473188400269,0
84.03000378608704,0
84.03003883361816,0
84.03013467788696,0
84.0503523349762,0
84.05040717124939,0
84.0504322052002,0
84.05161738395691,0
84.05165934562683,0
84.05167818069458,0
84.05169796943665,0
84.05652499198914,0
84.05654859542847,0
84.05657601356506,0
84.05663347244263,0
84.06621432304382,0
84.06624507904053,0
84.06628775596619,0
84.0663332939148,0
84.07021594047546,0
84.07059025764465,0
84.07067394256592,0
84.0707483291626,0
84.07077836990356,0
84.07221364974976,0
84.07325267791748,0
84.07348585128784,0
84.07351160049438,0
84.073557138443,0
84.07387065887451,0
84.07397770881653,0
84.07421112060547,0
84.07581615447998,0
84.07593894004822,0
84.0902738571167,0
84.0905601978302,0
84.09075713157654,0
84.09316372871399,0
84.09396028518677,0
84.11164474487305,0
84.11168956756592,0
84.11213231086731,0
84.13092541694641,0
84.1309654712677,0
84.13098430633545,0
84.13890647888184,0
84.1499879360199,0
84.15001630783081,0
84.15001940727234,0
84.170893907547,0
84.17091274261475,0
84.17092275619507,0
84.17261362075806,0
84.17262172698975,0
84.17432761192322,0
84.17436003684998,0
84.17446112632751,0
84.17447566986084,0
84.17649221420288,0
84.17650771141052,0
84.17655086517334,0
84.1779568195343,0
84.19032049179077,0
84.19034719467163,0
84.19055652618408,0
84.19581437110901,0
84.19702959060669,0
84.19832444190979,0
84.1983413696289,0
84.20042657852173,0
84.20044922828674,0
84.2008900642395,0
84.20635533332825,0
84.20638251304626,0
84.20639991760254,0
84.20652723312378,0
84.20863199234009,0
84.2086455821991,0
84.20865774154663,0
84.20993208885193,0
84.20995450019836,0
84.21008777618408,0
84.22116327285767,0
84.2231674194336,0
84.22991895675659,0
84.22994565963745,0
84.22995829582214,0
84.2502658367157,0
84.25031304359436,0
84.25033259391785,0
84.25209355354309,0
84.25751566886902,0
84.25948715209961,0
84.2610011100769,0
84.26148343086243,0
84.26151895523071,0
84.26268124580383,0
84.26271939277649,0
84.26464486122131,0
84.2665445804596,0
84.27008724212646,0
84.27011632919312,0
84.27012920379639,0
84.27847290039062,0
84.28982448577881,0
84.28984928131104,0
84.28988075256348,0
84.30950617790222,0
84.30953097343445,0
84.30959725379944,0
84.30961751937866,0
84.31128263473511,0
84.31140089035034,0
84.31142067909241,0
84.31170392036438,0
84.31172204017639,0
84.3119113445282,0
84.31331539154053,0
84.3133475780487,0
84.31349778175354,0
84.31354594230652,0
84.32901668548584,0
84.3290901184082,0
84.32931876182556,0
84.3293399810791,0
84.33008456230164,0
84.33010983467102,0
84.33012080192566,0
84.33146810531616,0
84.33193302154541,0
84.33216738700867,0
84.33219385147095,0
84.35006880760193,0
84.35009551048279,0
84.35010981559753,0
84.35588717460632,0
84.35590291023254,0
84.35597705841064,0
84.35601496696472,0
84.35608983039856,0
84.35610580444336,0
84.35611772537231,0
84.35616302490234,0
84.35620331764221,0
84.36580729484558,0
84.37192225456238,0
84.37195181846619,0
84.37196207046509,0
84.38746356964111,0
84.38747477531433,0
84.38781070709229,0
84.38783359527588,0
84.39185690879822,0
84.39188981056213,0
84.39273953437805,0
84.39297676086426,0
84.39313387870789,0
84.39322471618652,0
84.393230676651,0
84.39398503303528,0
84.39401745796204,0
84.39655542373657,0
84.40992045402527,0
84.40996503829956,0
84.40997576713562,0
84.41814517974854,0
84.41818189620972,0
84.41818332672119,0
84.41819930076599,0
84.41929650306702,0
84.41931176185608,0
84.41973638534546,0
84.42989301681519,0
84.42992448806763,0
84.43054628372192,0
84.43503451347351,0
84.45015215873718,0
84.45019364356995,0
84.45027732849121,0
84.4579496383667,0
84.45796966552734,0
84.45798563957214,0
84.45811176300049,0
84.46095943450928,0
84.46102023124695,0
84.46104121208191,0
84.47134232521057,0
84.47137904167175,0
84.47145748138428,0
84.47631168365479,0
84.47631669044495,0
84.47798347473145,0
84.47803664207458,0
84.49061989784241,0
84.49069237709045,0
84.49071216583252,0
84.51040005683899,0
84.5104467868805,0
84.51046824455261,0
84.51704478263855,0
84.53029751777649,0
84.53033709526062,0
84.53209686279297,0
84.54322910308838,0
84.54371905326843,0
84.54439616203308,0
84.54502844810486,0
84.5450611114502,0
84.54507374763489,0
84.55005764961243,0
84.5500738620758,0
84.55013012886047,0
84.55135321617126,0
84.55191659927368,0
84.55193376541138,0
84.56613349914551,0
84.56629467010498,0
84.56630897521973,0
84.56631922721863,0
84.56764268875122,0
84.5676703453064,0
84.56767249107361,0
84.56840538978577,0
84.56987571716309,0
84.56990480422974,0
84.5722484588623,0
84.57274556159973,0
84.57275390625,0
84.57276797294617,0
84.5868730545044,0
84.58688616752625,0
84.58808398246765,0
84.58888745307922,0
84.59077501296997,0
84.59080481529236,0
84.59081625938416,0
84.59206008911133,0
84.60984587669373,0
84.60987544059753,0
84.60988640785217,0
84.62089109420776,0
84.6209065914154,0
84.62288737297058,0
84.62331581115723,0
84.62352013587952,0
84.62992930412292,0
84.62995934486389,0
84.62997317314148,0
84.65015172958374,0
84.65018725395203,0
84.65020275115967,0
84.65527582168579,0
84.65531134605408,0
84.65533089637756,0
84.65533256530762,0
84.66987895965576,0
84.66990613937378,0
84.66992330551147,0
84.69022679328918,0
84.69028425216675,0
84.69030427932739,0
84.6954619884491,0
84.69548916816711,0
84.69551157951355,0
84.69732809066772,0
84.70125555992126,0
84.7022807598114,0
84.70984745025635,0
84.70987439155579,0
84.71045327186584,0
84.71047902107239,0
84.71048974990845,0
84.71299624443054,0
84.71301770210266,0
84.72005224227905,0
84.72531461715698,0
84.72564435005188,0
84.729975938797,0
84.73000645637512,0
84.73004794120789,0
84.75017714500427,0
84.75020289421082,0
84.750235080719,0
84.76448559761047,0
84.76449751853943,0
84.76450943946838,0
84.7647922039032,0
84.76812934875488,0
84.76865434646606,0
84.76905989646912,0
84.76966834068298,0
84.77032542228699,0
84.77035212516785,0
84.77099895477295,0
84.77384233474731,0
84.77971625328064,0
84.77989530563354,0
84.77989912033081,0
84.78007817268372,0
84.78352785110474,0
84.78392362594604,0
84.78439426422119,0
84.78699469566345,0
84.7870261669159,0
84.78737664222717,0
84.78784656524658,0
84.7878680229187,0
84.78787326812744,0
84.78788590431213,0
84.79017281532288,0
84.79019951820374,0
84.79021048545837,0
84.80121159553528,0
84.8014075756073,0
84.80396580696106,0
84.80399441719055,0
84.80420756340027,0
84.80995035171509,0
84.81008863449097,0
84.81011939048767,0
84.81912684440613,0
84.81932091712952,0
84.81934356689453,0
84.81937575340271,0
84.82154202461243,0
84.82191562652588,0
84.82215929031372,0
84.82998061180115,0
84.83001732826233,0
84.83003377914429,0
84.85034561157227,0
84.85038328170776,0
84.85043454170227,0
84.87035083770752,0
84.87036681175232,0
84.87038445472717,0
84.8768093585968,0
84.89013004302979,0
84.89017057418823,0
84.89021849632263,0
84.91029214859009,0
84.91113114356995,0
84.91127061843872,0
84.91612958908081,0
84.91615009307861,0
84.91617178916931,0
84.91626644134521,0
84.91952466964722,0
84.91954612731934,0
84.91956496238708,0
84.92139554023743,0
84.92143988609314,0
84.92209005355835,0
84.92239475250244,0
84.92316699028015,0
84.93068671226501,0
84.9309253692627,0
84.93095469474792,0
84.93634867668152,0
84.93644785881042,0
84.93646335601807,0
84.93659734725952,0
84.93847942352295,0
84.93851089477539,0
84.93903493881226,0
84.94025707244873,0
84.94189262390137,0
84.94472932815552,0
84.94664359092712,0
84.95023012161255,0
84.95025444030762,0
84.95025634765625,0
84.96278524398804,0
84.9697892665863,0
84.96979832649231,0
84.97024631500244,0
84.97107601165771,0
84.9712643623352,0
84.97259902954102,0
84.97380352020264,0
84.97382688522339,0
84.97386145591736,0
84.99017333984375,0
84.99019956588745,0
84.99023580551147,0
84.99434685707092,0
84.99438691139221,0
84.99689531326294,0
84.99710488319397,0
85.00017404556274,0
85.00020170211792,0
85.00301146507263,0
85.00308895111084,0
85.00998640060425,0
85.0100405216217,0
85.01006436347961,0
85.01488828659058,0
85.0190052986145,0
85.01902222633362,0
85.01903533935547,0
85.01911616325378,0
85.02294397354126,0
85.02314233779907,0
85.02331781387329,0
85.02436470985413,0
85.02446603775024,0
85.02451872825623,0
85.02455019950867,0
85.02580285072327,0
85.02610683441162,0
85.0261287689209,0
85.02614188194275,0
85.02677178382874,0
85.03035020828247,0
85.03039288520813,0
85.03041172027588,0
85.03776168823242,0
85.04146099090576,0
85.04321885108948,0
85.04324460029602,0
85.04328560829163,0
85.05013275146484,0
85.05016326904297,0
85.0501766204834,0
85.05510878562927,0
85.05517888069153,0
85.05651998519897,0
85.0700466632843,0
85.07007431983948,0
85.07018733024597,0
85.08998823165894,0
85.09002637863159,0
85.09004139900208,0
85.09445810317993,0
85.11030316352844,0
85.1103663444519,0
85.11079454421997,0
85.13016128540039,0
85.13020062446594,0
85.13024568557739,0
85.15003752708435,0
85.15003800392151,0
85.15007185935974,0
85.15979075431824,0
85.160085439682,0
85.16107869148254,0
85.16110515594482,0
85.16114449501038,0
85.16287612915039,0
85.16982769966125,0
85.16985487937927,0
85.16986608505249,0
85.18647861480713,0
85.18649125099182,0
85.18650484085083,0
85.18866443634033,0
85.1886956691742,0
85.1898353099823,0
85.18986105918884,0
85.189932346344,0
85.1928870677948,0
85.1928927898407,0
85.19419836997986,0
85.20573210716248,0
85.2144513130188,0
85.2144832611084,0
85.2145037651062,0
85.21463871002197,0
85.21466970443726,0
85.21469807624817,0
85.21472263336182,0
85.21475410461426,0
85.21477818489075,0
85.2148048877716,0
85.22222018241882,0
85.2239842414856,0
85.22460627555847,0
85.2298231124878,0
85.22985172271729,0
85.22993659973145,0
85.25057291984558,0
85.25066137313843,0
85.25080013275146,0
85.25103521347046,0
85.25110578536987,0
85.25120687484741,0
85.2523512840271,0
85.25281262397766,0
85.25283026695251,0
85.25283169746399,0
85.25424861907959,0
85.25433468818665,0
85.25435328483582,0
85.25593519210815,0
85.26081657409668,0
85.26084780693054,0
85.26086473464966,0
85.26087999343872,0
85.26591944694519,0
85.26973628997803,0
85.27034878730774,0
85.270503282547,0
85.2705192565918,0
85.28639101982117,0
85.28660845756531,0
85.28693556785583,0
85.28698015213013,0
85.28886842727661,0
85.28891682624817,0
85.28908681869507,0
85.28982329368591,0
85.28984880447388,0
85.28986048698425,0
85.29052209854126,0
85.29057097434998,0
85.29436206817627,0
85.29441428184509,0
85.31041502952576,0
85.31045246124268,0
85.31046652793884,0
85.33027815818787,0
85.3302845954895,0
85.33031105995178,0
85.33436441421509,0
85.34524273872375,0
85.34527587890625,0
85.34627437591553,0
85.34771537780762,0
85.34773755073547,0
85.34775233268738,0
85.34877586364746,0
85.34881782531738,0
85.34885382652283,0
85.34982514381409,0
85.34987282752991,0
85.3498842716217,0
85.35986423492432,0
85.36385679244995,0
85.36481714248657,0
85.36483144760132,0
85.36484146118164,0
85.36992526054382,0
85.36995244026184,0
85.36996555328369,0
85.37404918670654,0
85.37408375740051,0
85.37447714805603,0
85.39050126075745,0
85.3905336856842,0
85.39054465293884,0
85.396315574646,0
85.39655685424805,0
85.39750456809998,0
85.39768958091736,0
85.40980911254883,0
85.40983438491821,0
85.40984606742859,0
85.41406893730164,0
85.42984914779663,0
85.42988204956055,0
85.42990112304688,0
85.44299268722534,0
85.44302678108215,0
85.44314312934875,0
85.44315791130066,0
85.44426727294922,0
85.44431138038635,0
85.44462847709656,0
85.44525909423828,0
85.44607996940613,0
85.45009875297546,0
85.4501314163208,0
85.45014595985413,0
85.45544242858887,0
85.47002410888672,0
85.47017621994019,0
85.47019076347351,0
85.49067807197571,0
85.49071860313416,0
85.49073958396912,0
85.4926586151123,0
85.49269509315491,0
85.49275732040405,0
85.49280571937561,0
85.49681878089905,0
85.49683785438538,0
85.49769973754883,0
85.49840307235718,0
85.4984622001648,0
85.50005030632019,0
85.50011610984802,0
85.5014500617981,0
85.5017158985138,0
85.50174617767334,0
85.50196027755737,0
85.50450468063354,0
85.50481224060059,0
85.50484442710876,0
85.51061916351318,0
85.5106635093689,0
85.51068353652954,0
85.51730561256409,0
85.53043603897095,0
85.53047204017639,0
85.53048706054688,0
85.54555916786194,0
85.54556059837341,0
85.54784846305847,0
85.5478823184967,0
85.54808592796326,0
85.548086643219,0
85.55037879943848,0
85.55040431022644,0
85.5504162311554,0
85.55073595046997,0
85.5513083934784,0
85.55186057090759,0
85.56358289718628,0
85.56416583061218,0
85.57057046890259,0
85.5705726146698,0
85.57060217857361,0
85.57840394973755,0
85.58312249183655,0
85.58314752578735,0
85.58460235595703,0
85.58462023735046,0
85.59034276008606,0
85.5903673171997,0
85.59037804603577,0
85.60770630836487,0
85.60822677612305,0
85.60848498344421,0
85.60935187339783,0
85.61043405532837,0
85.61043429374695,0
85.61046433448792,0
85.61072278022766,0
85.61087226867676,0
85.610915184021,0
85.61126613616943,0
85.62057042121887,0
85.62145519256592,0
85.62148261070251,0
85.62156939506531,0
85.62247848510742,0
85.6225175857544,0
85.62253165245056,0
85.62990641593933,0
85.62993550300598,0
85.62995481491089,0
85.63423109054565,0
85.63609576225281,0
85.65031456947327,0
85.65040063858032,0
85.65041661262512,0
85.66997718811035,0
85.6700119972229,0
85.67002630233765,0
85.69019603729248,0
85.69043564796448,0
85.69046998023987,0
85.69559907913208,0
85.70348381996155,0
85.70352053642273,0
85.70353746414185,0
85.70355439186096,0
85.71189856529236,0
85.7119128704071,0
85.71192765235901,0
85.71203517913818,0
85.71205449104309,0
85.71210193634033,0
85.7121365070343,0
85.71220088005066,0
85.7122323513031,0
85.71226739883423,0
85.71631097793579,0
85.73007154464722,0
85.73010754585266,0
85.74865412712097,0
85.74865460395813,0
85.74960136413574,0
85.74981307983398,0
85.74983549118042,0
85.74984741210938,0
85.75042510032654,0
85.7504620552063,0
85.7504951953888,0
85.75293040275574,0
85.75295400619507,0
85.75317120552063,0
85.76338601112366,0
85.76339507102966,0
85.76339888572693,0
85.76340579986572,0
85.76460766792297,0
85.7646312713623,0
85.76464533805847,0
85.76529240608215,0
85.76993823051453,0
85.76996302604675,0
85.77022290229797,0
85.78689479827881,0
85.78691911697388,0
85.78694581985474,0
85.78768467903137,0
85.79023027420044,0
85.7902581691742,0
85.79027128219604,0
85.79192447662354,0
85.79203653335571,0
85.79209899902344,0
85.7943844795227,0
85.79439997673035,0
85.80028629302979,0
85.80032086372375,0
85.80110335350037,0
85.80491590499878,0
85.80524468421936,0
85.8052670955658,0
85.80527853965759,0
85.80986380577087,0
85.809889793396,0
85.80989718437195,0
85.82064032554626,0
85.82067823410034,0
85.82084250450134,0
85.8298590183258,0
85.82988667488098,0
85.82989883422852,0
85.84249901771545,0
85.85005521774292,0
85.8502311706543,0
85.85031008720398,0
85.85580706596375,0
85.85591697692871,0
85.8563175201416,0
85.8563506603241,0
85.87042045593262,0
85.87045359611511,0
85.87050747871399,0
85.8901059627533,0
85.89020276069641,0
85.89026594161987,0
85.89032745361328,0
85.89037990570068,0
85.89043545722961,0
85.89212155342102,0
85.89449787139893,0
85.89605617523193,0
85.89628863334656,0
85.90567469596863,0
85.9057457447052,0
85.91492247581482,0
85.91498494148254,0
85.91527104377747,0
85.91577816009521,0
85.91925406455994,0
85.91927695274353,0
85.91941022872925,0
85.9194324016571,0
85.9195544719696,0
85.9195785522461,0
85.91966438293457,0
85.92374730110168,0
85.93030452728271,0
85.93034172058105,0
85.93035578727722,0
85.9437165260315,0
85.94398403167725,0
85.94419813156128,0
85.94421911239624,0
85.94500017166138,0
85.94506812095642,0
85.9450831413269,0
85.950430393219,0
85.95045518875122,0
85.95052933692932,0
85.96746921539307,0
85.96756529808044,0
85.96770811080933,0
85.96780395507812,0
85.97014451026917,0
85.97023582458496,0
85.97025060653687,0
85.97095370292664,0
85.97331976890564,0
85.97332453727722,0
85.97564744949341,0
85.98462343215942,0
85.98463892936707,0
85.98604416847229,0
85.98606371879578,0
85.98607087135315,0
85.986328125,0
85.989994764328,0
85.99002122879028,0
85.9900324344635,0
86.00336480140686,0
86.00344944000244,0
86.00362610816956,0
86.00408840179443,0
86.00540399551392,0
86.0056471824646,0
86.0100257396698,0
86.0100486278534,0
86.01006436347961,0
86.01951909065247,0
86.01953434944153,0
86.02010917663574,0
86.0298535823822,0
86.02988123893738,0
86.02991461753845,0
86.04478406906128,0
86.04481220245361,0
86.04512453079224,0
86.04514789581299,0
86.04609107971191,0
86.04655289649963,0
86.04655313491821,0
86.04689192771912,0
86.04786729812622,0
86.04981851577759,0
86.0498423576355,0
86.05026006698608,0
86.07001185417175,0
86.07025647163391,0
86.07028245925903,0
86.09007167816162,0
86.09062600135803,0
86.0907142162323,0
86.09347438812256,0
86.09821677207947,0
86.09824752807617,0
86.09826111793518,0
86.09844613075256,0
86.09989619255066,0
86.09995627403259,0
86.10015892982483,0
86.10147666931152,0
86.10151267051697,0
86.10318207740784,0
86.1032350063324,0
86.11010932922363,0
86.11014795303345,0
86.11017036437988,0
86.12873721122742,0
86.13030099868774,0
86.13066983222961,0
86.13069486618042,0
86.13074254989624,0
86.132981300354,0
86.13879227638245,0
86.13881301879883,0
86.15034914016724,0
86.15037608146667,0
86.15038919448853,0
86.17000436782837,0
86.17002940177917,0
86.17004990577698,0
86.18271780014038,0
86.18273305892944,0
86.18273377418518,0
86.18274593353271,0
86.1888210773468,0
86.1888370513916,0
86.1890070438385,0
86.18947005271912,0
86.19044399261475,0
86.19045448303223,0
86.19052457809448,0
86.20270872116089,0
86.20271825790405,0
86.20375537872314,0
86.20379185676575,0
86.20501804351807,0
86.20525360107422,0
86.20526838302612,0
86.20527863502502,0
86.21046471595764,0
86.21049189567566,0
86.21051979064941,0
86.21782517433167,0
86.21785402297974,0
86.21787476539612,0
86.21832728385925,0
86.2298378944397,0
86.22986507415771,0
86.22987818717957,0
86.23808908462524,0
86.23812007904053,0
86.23813605308533,0
86.2381796836853,0
86.24096202850342,0
86.24099206924438,0
86.24125695228577,0
86.25010991096497,0
86.25014114379883,0
86.2501585483551,0
86.26443195343018,0
86.26647448539734,0
86.26798939704895,0
86.27004837989807,0
86.27039241790771,0
86.2704541683197,0
86.27962946891785,0
86.27966713905334,0
86.27976155281067,0
86.27982687950134,0
86.29051041603088,0
86.29052114486694,0
86.29058313369751,0
86.30267596244812,0
86.30269455909729,0
86.30275273323059,0
86.3049967288971,0
86.30506229400635,0
86.30731010437012,0
86.30732917785645,0
86.31089854240417,0
86.31093668937683,0
86.31095385551453,0
86.31601428985596,0
86.33001232147217,0
86.33003902435303,0
86.33005094528198,0
86.33960509300232,0
86.33960676193237,0
86.34999084472656,0
86.3499984741211,0
86.35002613067627,0
86.36815810203552,0
86.36816954612732,0
86.36818027496338,0
86.36819171905518,0
86.36854243278503,0
86.36856532096863,0
86.3685998916626,0
86.37069773674011,0
86.37072253227234,0
86.37073349952698,0
86.37745594978333,0
86.38984417915344,0
86.3898675441742,0
86.38989639282227,0
86.40529990196228,0
86.40531206130981,0
86.40532350540161,0
86.40546011924744,0
86.40609836578369,0
86.40611171722412,0
86.4061279296875,0
86.40748143196106,0
86.4075038433075,0
86.40889525413513,0
86.40893769264221,0
86.40989184379578,0
86.40991687774658,0
86.41005778312683,0
86.42992043495178,0
86.42994904518127,0
86.43163514137268,0
86.44360423088074,0
86.44992661476135,0
86.44994783401489,0
86.44999170303345,0
86.47078132629395,0
86.47081589698792,0
86.47083020210266,0
86.47472858428955,0
86.47475576400757,0
86.47476983070374,0
86.4747838973999,0
86.47712445259094,0
86.47714161872864,0
86.47745776176453,0
86.47876262664795,0
86.47887635231018,0
86.47899031639099,0
86.47900438308716,0
86.48022699356079,0
86.48038482666016,0
86.48042297363281,0
86.48093724250793,0
86.48687243461609,0
86.48688983917236,0
86.4869372844696,0
86.48698616027832,0
86.48892664909363,0
86.48894786834717,0
86.48898458480835,0
86.48998594284058,0
86.49026322364807,0
86.49028134346008,0
86.49044847488403,0
86.4906873703003,0
86.49257707595825,0
86.49275493621826,0
86.51003432273865,0
86.51007533073425,0
86.51012349128723,0
86.51562476158142,0
86.53150796890259,0
86.53151726722717,0
86.53156733512878,0
86.5504424571991,0
86.55046677589417,0
86.55048155784607,0
86.55679368972778,0
86.55696678161621,0
86.55746078491211,0
86.55748414993286,0
86.55749607086182,0
86.55754828453064,0
86.55960369110107,0
86.5596055984497,0
86.55961561203003,0
86.55962610244751,0
86.56387567520142,0
86.56638503074646,0
86.57008743286133,0
86.57011532783508,0
86.5701675415039,0
86.5906720161438,0
86.59070014953613,0
86.59074854850769,0
86.59319996833801,0
86.59321069717407,0
86.59324383735657,0
86.59328246116638,0
86.59514212608337,0
86.5951578617096,0
86.5958480834961,0
86.59586310386658,0
86.59591221809387,0
86.59755373001099,0
86.59756922721863,0
86.61081528663635,0
86.61084389686584,0
86.61088633537292,0
86.61412930488586,0
86.6303174495697,0
86.63037371635437,0
86.63041567802429,0
86.65082812309265,0
86.65084314346313,0
86.65085768699646,0
86.65109515190125,0
86.65114665031433,0
86.65114974975586,0
86.65116286277771,0
86.65554690361023,0
86.65569400787354,0
86.65592646598816,0
86.65598440170288,0
86.658358335495,0
86.66181540489197,0
86.66417407989502,0
86.670729637146,0
86.6707615852356,0
86.67083716392517,0
86.67790627479553,0
86.69000792503357,0
86.69002771377563,0
86.69004678726196,0
86.69484186172485,0
86.69484663009644,0
86.69485998153687,0
86.69486856460571,0
86.71031641960144,0
86.71036148071289,0
86.71038055419922,0
86.72145223617554,0
86.72147297859192,0
86.72148513793945,0
86.72395133972168,0
86.72398853302002,0
86.72606611251831,0
86.72607421875,0
86.7302258014679,0
86.73025965690613,0
86.7303102016449,0
86.74427342414856,0
86.74437284469604,0
86.74490070343018,0
86.74493551254272,0
86.74798512458801,0
86.74879741668701,0
86.7488055229187,0
86.74939680099487,0
86.75029516220093,0
86.7503228187561,0
86.75035452842712,0
86.76994109153748,0
86.76994132995605,0
86.76998782157898,0
86.7808346748352,0
86.78084754943848,0
86.78157234191895,0
86.7816801071167,0
86.78169131278992,0
86.78171896934509,0
86.78617930412292,0
86.78618144989014,0
86.78619480133057,0
86.78619623184204,0
86.79150867462158,0
86.79169631004333,0
86.79170894622803,0
86.7931318283081,0
86.79518055915833,0
86.79520916938782,0
86.79522466659546,0
86.79738283157349,0
86.79739427566528,0
86.79739832878113,0
86.79830765724182,0
86.79833197593689,0
86.8005690574646,0
86.80060029029846,0
86.81001138687134,0
86.81003069877625,0
86.81007623672485,0
86.82987475395203,0
86.82992744445801,0
86.82994389533997,0
86.8345251083374,0
86.84991526603699,0
86.8499481678009,0
86.85000872612,0
86.86180686950684,0
86.86183333396912,0
86.86190533638,0
86.86192727088928,0
86.86440372467041,0
86.86442279815674,0
86.86444091796875,0
86.87016987800598,0
86.87020325660706,0
86.87027502059937,0
86.87762975692749,0
86.88182950019836,0
86.88227772712708,0
86.8822968006134,0
86.88238453865051,0
86.89006567001343,0
86.89010119438171,0
86.89015913009644,0
86.90807318687439,0
86.90815353393555,0
86.90820455551147,0
86.91075444221497,0
86.91082072257996,0
86.91166305541992,0
86.91700315475464,0
86.91704320907593,0
86.91706895828247,0
86.9171085357666,0
86.91726565361023,0
86.91728901863098,0
86.92777967453003,0
86.92991805076599,0
86.92995262145996,0
86.9299623966217,0
86.9495153427124,0
86.94964146614075,0
86.9510931968689,0
86.95114231109619,0
86.95126700401306,0
86.95368790626526,0
86.95373558998108,0
86.95433712005615,0
86.95436835289001,0
86.9580590724945,0
86.95809173583984,0
86.95814323425293,0
86.95979022979736,0
86.95982480049133,0
86.95986342430115,0
86.96011996269226,0
86.96747493743896,0
86.96769499778748,0
86.96772718429565,0
86.97014284133911,0
86.97017073631287,0
86.97033047676086,0
86.99045515060425,0
86.99048161506653,0
86.99049592018127,0
86.99273443222046,0
86.99711060523987,0
86.99713397026062,0
86.99714756011963,0
86.99716019630432,0
86.99975085258484,0
86.99978733062744,0
87.00004506111145,0
87.00091314315796,0
87.00173759460449,0
87.00176405906677,0
87.0050745010376,0
87.00535821914673,0
87.00988388061523,0
87.00996446609497,0
87.01015782356262,0
87.01260375976562,0
87.02984595298767,0
87.02987098693848,0
87.02988171577454,0
87.04214215278625,0
87.04285883903503,0
87.0499894618988,0
87.05002188682556,0
87.05032753944397,0
87.06646585464478,0
87.06657934188843,0
87.06660628318787,0
87.06668710708618,0
87.06671357154846,0
87.06681561470032,0
87.06686210632324,0
87.07030129432678,0
87.07031226158142,0
87.07075428962708,0
87.09109425544739,0
87.09171080589294,0
87.09175109863281,0
87.09190034866333,0
87.10140872001648,0
87.1017382144928,0
87.10180401802063,0
87.1018579006195,0
87.10348892211914,0
87.10354280471802,0
87.10397124290466,0
87.11022615432739,0
87.11024332046509,0
87.11026763916016,0
87.12657141685486,0
87.12659192085266,0
87.12921738624573,0
87.12930202484131,0
87.13035249710083,0
87.13035559654236,0
87.13035893440247,0
87.13041734695435,0
87.13203573226929,0
87.13301062583923,0
87.15069890022278,0
87.15072774887085,0
87.15076208114624,0
87.15941190719604,0
87.15942215919495,0
87.16104388237,0
87.16105031967163,0
87.16106009483337,0
87.16106224060059,0
87.1676857471466,0
87.1676983833313,0
87.16771411895752,0
87.17007088661194,0
87.17009687423706,0
87.17010736465454,0
87.17599534988403,0
87.1901707649231,0
87.19019627571106,0
87.19020771980286,0
87.20620369911194,0
87.20623326301575,0
87.20624923706055,0
87.20630431175232,0
87.21020174026489,0
87.21022844314575,0
87.21035623550415,0
87.21037220954895,0
87.2105233669281,0
87.21054148674011,0
87.22235178947449,0
87.22237634658813,0
87.22350907325745,0
87.22358417510986,0
87.22463274002075,0
87.22481369972229,0
87.22482562065125,0
87.22483539581299,0
87.22566962242126,0
87.22576808929443,0
87.22592258453369,0
87.23090887069702,0
87.23092103004456,0
87.23093962669373,0
87.2375864982605,0
87.24147009849548,0
87.24166321754456,0
87.2418041229248,0
87.24182081222534,0
87.24994969367981,0
87.24999380111694,0
87.25000834465027,0
87.25492143630981,0
87.25495219230652,0
87.25558137893677,0
87.27012729644775,0
87.27016258239746,0
87.27066993713379,0
87.291020154953,0
87.2910885810852,0
87.2911319732666,0
87.29306697845459,0
87.29708242416382,0
87.29714035987854,0
87.29716229438782,0
87.29732322692871,0
87.30111742019653,0
87.30113911628723,0
87.30121302604675,0
87.30394792556763,0
87.3039882183075,0
87.30525803565979,0
87.30543208122253,0
87.31006503105164,0
87.3100996017456,0
87.31012058258057,0
87.31433606147766,0
87.33028030395508,0
87.33032202720642,0
87.33037114143372,0
87.35054349899292,0
87.35059404373169,0
87.35067939758301,0
87.35849738121033,0
87.3585057258606,0
87.36040019989014,0
87.36346244812012,0
87.36349630355835,0
87.36357617378235,0
87.36558794975281,0
87.36561036109924,0
87.36571526527405,0
87.36669993400574,0
87.36832165718079,0
87.37064504623413,0
87.37069582939148,0
87.37080597877502,0
87.3722517490387,0
87.37569403648376,0
87.38346672058105,0
87.39034962654114,0
87.39053082466125,0
87.39056134223938,0
87.40093970298767,0
87.40116500854492,0
87.40129041671753,0
87.40130758285522,0
87.4059567451477,0
87.40615582466125,0
87.40654301643372,0
87.40725612640381,0
87.40728759765625,0
87.4102098941803,0
87.41024327278137,0
87.4102566242218,0
87.41490268707275,0
87.4149398803711,0
87.41623950004578,0
87.43015313148499,0
87.43019556999207,0
87.43021035194397,0
87.44576835632324,0
87.44579291343689,0
87.44661474227905,0
87.44695544242859,0
87.45286345481873,0
87.45627617835999,0
87.45630359649658,0
87.46340680122375,0
87.46343469619751,0
87.46345043182373,0
87.4634656906128,0
87.46351051330566,0
87.46367383003235,0
87.46369957923889,0
87.46383285522461,0
87.46388792991638,0
87.46396780014038,0
87.470694065094,0
87.47073292732239,0
87.47075176239014,0
87.47562193870544,0
87.49031066894531,0
87.49056196212769,0
87.49075770378113,0
87.51053023338318,0
87.51135540008545,0
87.51152777671814,0
87.51155495643616,0
87.51164555549622,0
87.51174283027649,0
87.5145308971405,0
87.51644349098206,0
87.5165183544159,0
87.51653981208801,0
87.51673722267151,0
87.51676964759827,0
87.51771402359009,0
87.51812934875488,0
87.52055191993713,0
87.53036451339722,0
87.53037714958191,0
87.53044533729553,0
87.54607963562012,0
87.54608631134033,0
87.55101323127747,0
87.55108523368835,0
87.551105260849,0
87.55118894577026,0
87.55147051811218,0
87.55153203010559,0
87.5516004562378,0
87.55181288719177,0
87.55181312561035,0
87.55183744430542,0
87.57227492332458,0
87.5723352432251,0
87.5724413394928,0
87.58455848693848,0
87.59179496765137,0
87.59195399284363,0
87.59197306632996,0
87.5935685634613,0
87.59371852874756,0
87.59373736381531,0
87.59375524520874,0
87.59758305549622,0
87.59760236740112,0
87.5976676940918,0
87.60669779777527,0
87.6067407131195,0
87.60872602462769,0
87.60882711410522,0
87.61212515830994,0
87.61215043067932,0
87.61223769187927,0
87.61226844787598,0
87.6136953830719,0
87.6247193813324,0
87.63018012046814,0
87.63021183013916,0
87.63023138046265,0
87.64114713668823,0
87.64400744438171,0
87.64403009414673,0
87.64408326148987,0
87.64414811134338,0
87.64422178268433,0
87.64424467086792,0
87.65041041374207,0
87.65045356750488,0
87.65047144889832,0
87.67054915428162,0
87.67059993743896,0
87.67062139511108,0
87.69228315353394,0
87.69231867790222,0
87.69479489326477,0
87.69845747947693,0
87.70368528366089,0
87.70401883125305,0
87.70405268669128,0
87.70431852340698,0
87.7103259563446,0
87.71072363853455,0
87.71074962615967,0
87.72968363761902,0
87.7297101020813,0
87.72971320152283,0
87.73135280609131,0
87.73171281814575,0
87.73173427581787,0
87.73542165756226,0
87.73547339439392,0
87.73792433738708,0
87.73801970481873,0
87.73970150947571,0
87.73986053466797,0
87.73987984657288,0
87.74008250236511,0
87.7464656829834,0
87.74702525138855,0
87.74712657928467,0
87.7491524219513,0
87.7512686252594,0
87.75268030166626,0
87.75270771980286,0
87.75918531417847,0
87.75926399230957,0
87.76883435249329,0
87.76892185211182,0
87.76898241043091,0
87.76904773712158,0
87.76924681663513,0
87.76931285858154,0
87.76937508583069,0
87.76939606666565,0
87.77102065086365,0
87.77121639251709,0
87.77130007743835,0
87.80111694335938,0
87.80112981796265,0
87.80114316940308,0
87.80115556716919,0
87.80116701126099,0
87.81323409080505,0
87.81327176094055,0
87.81329393386841,0
87.81374001502991,0
87.81445574760437,0
87.81449007987976,0
87.81620264053345,0
87.81623125076294,0
87.81623339653015,0
87.81691455841064,0
87.81727600097656,0
87.81729555130005,0
87.81790113449097,0
87.81799221038818,0
87.82762432098389,0
87.83014965057373,0
87.83018517494202,0
87.83019924163818,0
87.83070039749146,0
87.83361864089966,0
87.84032034873962,0
87.84035277366638,0
87.84036827087402,0
87.84057283401489,0
87.84723234176636,0
87.84803700447083,0
87.84807205200195,0
87.85083270072937,0
87.85090231895447,0
87.85092854499817,0
87.87062931060791,0
87.87083673477173,0
87.87086725234985,0
87.89053082466125,0
87.89086413383484,0
87.89215230941772,0
87.8941593170166,0
87.89632725715637,0
87.89749145507812,0
87.8987123966217,0
87.90011143684387,0
87.90016317367554,0
87.90023112297058,0
87.90024971961975,0
87.90033864974976,0
87.90035653114319,0
87.90315675735474,0
87.90318965911865,0
87.91068124771118,0
87.910719871521,0
87.91079807281494,0
87.91519403457642,0
87.93025088310242,0
87.93029570579529,0
87.93031859397888,0
87.94264626502991,0
87.94328880310059,0
87.94790387153625,0
87.94795393943787,0
87.94802498817444,0
87.94805598258972,0
87.95015692710876,0
87.95019960403442,0
87.95034670829773,0
87.9714891910553,0
87.9716866016388,0
87.97172331809998,0
87.9730122089386,0
87.97304368019104,0
87.97403311729431,0
87.9751992225647,0
87.97586297988892,0
87.97589802742004,0
87.97593069076538,0
87.97911787033081,0
87.9793701171875,0
87.98003315925598,0
87.98136615753174,0
87.99086809158325,0
87.99090790748596,0
87.99096035957336,0
88.00325131416321,0
88.0032651424408,0
88.00331330299377,0
88.00334739685059,0
88.00337886810303,0
88.00341963768005,0
88.0034568309784,0
88.00346994400024,0
88.00476956367493,0
88.00481700897217,0
88.00695633888245,0
88.00701379776001,0
88.01029253005981,0
88.01032209396362,0
88.01038241386414,0
88.01458048820496,0
88.03071713447571,0
88.03076028823853,0
88.03082466125488,0
88.05069923400879,0
88.05071473121643,0
88.05077910423279,0
88.06567692756653,0
88.06568384170532,0
88.06589007377625,0
88.06591391563416,0
88.06600642204285,0
88.06618046760559,0
88.06620335578918,0
88.06622266769409,0
88.06801891326904,0
88.06880378723145,0
88.07026720046997,0
88.07030725479126,0
88.07032871246338,0
88.07161402702332,0
88.09032845497131,0
88.09037017822266,0
88.09038591384888,0
88.09361124038696,0
88.09892320632935,0
88.09894251823425,0
88.10223984718323,0
88.10231947898865,0
88.10234045982361,0
88.10240030288696,0
88.10244393348694,0
88.10329556465149,0
88.10333347320557,0
88.10905694961548,0
88.10914492607117,0
88.11027812957764,0
88.11031436920166,0
88.11035346984863,0
88.11091113090515,0
88.11332082748413,0
88.11765623092651,0
88.13022303581238,0
88.13026237487793,0
88.13028192520142,0
88.14419722557068,0
88.14429044723511,0
88.14435148239136,0
88.14441132545471,0
88.14572787284851,0
88.14577603340149,0
88.14594650268555,0
88.15037274360657,0
88.15044808387756,0
88.15050721168518,0
88.15733432769775,0
88.17092180252075,0
88.17097997665405,0
88.17110252380371,0
88.18275856971741,0
88.1827802658081,0
88.19253849983215,0
88.19256496429443,0
88.19258189201355,0
88.1926019191742,0
88.19266247749329,0
88.19271659851074,0
88.19413805007935,0
88.20875000953674,0
88.20883512496948,0
88.20895218849182,0
88.20997333526611,0
88.20999383926392,0
88.21000814437866,0
88.21454668045044,0
88.21486496925354,0
88.21492600440979,0
88.21500539779663,0
88.21512460708618,0
88.21523785591125,0
88.21528053283691,0
88.21539878845215,0
88.21541476249695,0
88.21572470664978,0
88.21600794792175,0
88.23007607460022,0
88.23011541366577,0
88.23017644882202,0
88.24370336532593,0
88.25024724006653,0
88.25028729438782,0
88.25030708312988,0
88.25080800056458,0
88.25083661079407,0
88.25085425376892,0
88.25087094306946,0
88.25338768959045,0
88.2534396648407,0
88.2535970211029,0
88.27048397064209,0
88.2705237865448,0
88.27055382728577,0
88.2796483039856,0
88.28899025917053,0
88.29002928733826,0
88.29006910324097,0
88.29009342193604,0
88.29009747505188,0
88.2901120185852,0
88.29012107849121,0
88.30267381668091,0
88.30268812179565,0
88.30270266532898,0
88.30678820610046,0
88.30684113502502,0
88.30809688568115,0
88.30815196037292,0
88.30995774269104,0
88.30998110771179,0
88.31003308296204,0
88.31407928466797,0
88.33016014099121,0
88.33020353317261,0
88.33067083358765,0
88.35067987442017,0
88.35179495811462,0
88.35183811187744,0
88.35189247131348,0
88.35344815254211,0
88.35390210151672,0
88.35393953323364,0
88.35414457321167,0
88.3541808128357,0
88.35934853553772,0
88.35978817939758,0
88.35981321334839,0
88.36205959320068,0
88.36581945419312,0
88.37043714523315,0
88.3704764842987,0
88.37050080299377,0
88.37555599212646,0
88.39021921157837,0
88.39025163650513,0
88.39027047157288,0
88.39695882797241,0
88.39722990989685,0
88.39743208885193,0
88.39750289916992,0
88.39877223968506,0
88.39882469177246,0
88.40007424354553,0
88.41053223609924,0
88.4105749130249,0
88.41058301925659,0
88.42265248298645,0
88.42265725135803,0
88.425616979599,0
88.42566156387329,0
88.42739415168762,0
88.4307234287262,0
88.43075323104858,0
88.43085956573486,0
88.44739294052124,0
88.45062804222107,0
88.45067238807678,0
88.45074987411499,0
88.45085573196411,0
88.45298552513123,0
88.45309734344482,0
88.45377945899963,0
88.4538803100586,0
88.45390629768372,0
88.45392513275146,0
88.45465779304504,0
88.45470118522644,0
88.45477676391602,0
88.45709133148193,0
88.45716834068298,0
88.45719885826111,0
88.45954632759094,0
88.46254515647888,0
88.47041535377502,0
88.47046732902527,0
88.47048926353455,0
88.47559690475464,0
88.49073266983032,0
88.49078059196472,0
88.49086332321167,0
88.5052273273468,0
88.5058045387268,0
88.50583910942078,0
88.50659441947937,0
88.51020216941833,0
88.51024436950684,0
88.51026725769043,0
88.51315379142761,0
88.51319217681885,0
88.51361894607544,0
88.5140233039856,0
88.51427388191223,0
88.51624751091003,0
88.51632356643677,0
88.5303258895874,0
88.53157496452332,0
88.53166913986206,0
88.53418231010437,0
88.5372006893158,0
88.54051208496094,0
88.54892683029175,0
88.54895424842834,0
88.55240082740784,0
88.55515813827515,0
88.55679225921631,0
88.55773973464966,0
88.55786085128784,0
88.55796217918396,0
88.55801272392273,0
88.55805778503418,0
88.55811381340027,0
88.55817723274231,0
88.57018208503723,0
88.57027912139893,0
88.57030963897705,0
88.58580040931702,0
88.59036707878113,0
88.59040927886963,0
88.59051203727722,0
88.60232734680176,0
88.60234904289246,0
88.60240983963013,0
88.60247135162354,0
88.61072945594788,0
88.61077761650085,0
88.61114501953125,0
88.62856793403625,0
88.62859177589417,0
88.63002610206604,0
88.63118982315063,0
88.63122081756592,0
88.63123989105225,0
88.63282632827759,0
88.63287997245789,0
88.63600444793701,0
88.63619565963745,0
88.63636589050293,0
88.65098810195923,0
88.65110754966736,0
88.65117359161377,0
88.65242505073547,0
88.65282464027405,0
88.65284729003906,0
88.65287160873413,0
88.6592378616333,0
88.6592652797699,0
88.65969944000244,0
88.6608636379242,0
88.66388726234436,0
88.67051863670349,0
88.6705219745636,0
88.67057228088379,0
88.69073033332825,0
88.69076561927795,0
88.69091248512268,0
88.69147610664368,0
88.69812083244324,0
88.69828987121582,0
88.69831323623657,0
88.69833183288574,0
88.70018577575684,0
88.70061564445496,0
88.70115995407104,0
88.70249581336975,0
88.70253300666809,0
88.70588970184326,0
88.70590782165527,0
88.71100354194641,0
88.71103191375732,0
88.71115326881409,0
88.72320246696472,0
88.72353267669678,0
88.72359132766724,0
88.72359848022461,0
88.72582244873047,0
88.72624945640564,0
88.72661805152893,0
88.7269299030304,0
88.73018169403076,0
88.73022818565369,0
88.73038053512573,0
88.7393901348114,0
88.73943829536438,0
88.75030422210693,0
88.75035572052002,0
88.75037741661072,0
88.762704372406,0
88.76356530189514,0
88.76361632347107,0
88.76384162902832,0
88.76975870132446,0
88.76981234550476,0
88.77060985565186,0
88.77067112922668,0
88.77069592475891,0
88.77585434913635,0
88.77789759635925,0
88.78907632827759,0
88.78940081596375,0
88.78984546661377,0
88.78987860679626,0
88.78990054130554,0
88.79005241394043,0
88.79048275947571,0
88.8129312992096,0
88.81296992301941,0
88.81302380561829,0
88.8130464553833,0
88.81308174133301,0
88.81311130523682,0
88.81314325332642,0
88.81317186355591,0
88.81320190429688,0
88.81323289871216,0
88.81324505805969,0
88.81416893005371,0
88.82999181747437,0
88.83004474639893,0
88.83016514778137,0
88.84562397003174,0
88.85010576248169,0
88.85018801689148,0
88.8502209186554,0
88.86339783668518,0
88.8634762763977,0
88.86354851722717,0
88.8637797832489,0
88.86778354644775,0
88.86822080612183,0
88.86825251579285,0
88.86940336227417,0
88.8709089756012,0
88.87091732025146,0
88.87096190452576,0
88.87156081199646,0
88.89025163650513,0
88.89028716087341,0
88.89031648635864,0
88.89778470993042,0
88.90317630767822,0
88.903235912323,0
88.90326499938965,0
88.90328788757324,0
88.90886187553406,0
88.90890431404114,0
88.90905404090881,0
88.90907526016235,0
88.90909337997437,0
88.9101071357727,0
88.9121630191803,0
88.91220998764038,0
88.91223406791687,0
88.91233348846436,0
88.91797924041748,0
88.93027687072754,0
88.93030881881714,0
88.93124103546143,0
88.93302989006042,0
88.93333745002747,0
88.93337440490723,0
88.93347406387329,0
88.93518137931824,0
88.93522882461548,0
88.93605923652649,0
88.93785119056702,0
88.93817973136902,0
88.93819904327393,0
88.93821310997009,0
88.93869423866272,0
88.93873429298401,0
88.93907427787781,0
88.93960070610046,0
88.94795250892639,0
88.95094299316406,0
88.95103001594543,0
88.95108556747437,0
88.9511091709137,0
88.96818113327026,0
88.96834087371826,0
88.97010898590088,0
88.97028803825378,0
88.97030973434448,0
88.97156882286072,0
88.97196078300476,0
88.9721884727478,0
88.97243094444275,0
88.97692584991455,0
88.97734427452087,0
88.9778573513031,0
88.99302577972412,0
88.99306273460388,0
88.99308276176453,0
88.99571228027344,0
89.00171709060669,0
89.00174903869629,0
89.00216841697693,0
89.00219559669495,0
89.01015305519104,0
89.01018476486206,0
89.01019930839539,0
89.01432132720947,0
89.030690908432,0
89.03078508377075,0
89.03081011772156,0
89.05160212516785,0
89.05164790153503,0
89.05192708969116,0
89.05199122428894,0
89.0528359413147,0
89.05287384986877,0
89.05340695381165,0
89.05391359329224,0
89.05410838127136,0
89.05427122116089,0
89.05521845817566,0
89.06395602226257,0
89.06398129463196,0
89.06400394439697,0
89.06402683258057,0
89.0698459148407,0
89.06986880302429,0
89.06989192962646,0
89.07158160209656,0
89.0716495513916,0
89.07199692726135,0
89.08839058876038,0
89.09093070030212,0
89.09117984771729,0
89.09133195877075,0
89.09516882896423,0
89.10252523422241,0
89.10295677185059,0
89.10337495803833,0
89.10339760780334,0
89.11041688919067,0
89.11045861244202,0
89.11048626899719,0
89.11511516571045,0
89.1308422088623,0
89.13084745407104,0
89.13103199005127,0
89.15088486671448,0
89.15093970298767,0
89.1510329246521,0
89.16193866729736,0
89.16201114654541,0
89.16404104232788,0
89.16409349441528,0
89.16447257995605,0
89.16452836990356,0
89.16839361190796,0
89.16842675209045,0
89.16929244995117,0
89.17263054847717,0
89.17272233963013,0
89.1728162765503,0
89.18599009513855,0
89.19057273864746,0
89.19059944152832,0
89.1979718208313,0
89.19799828529358,0
89.19828391075134,0
89.19831562042236,0
89.19840598106384,0
89.20368647575378,0
89.20376873016357,0
89.20416116714478,0
89.20421862602234,0
89.20425963401794,0
89.20482206344604,0
89.20488834381104,0
89.21057081222534,0
89.210684299469,0
89.21080327033997,0
89.21693181991577,0
89.23020672798157,0
89.23024296760559,0
89.23032283782959,0
89.24887418746948,0
89.24890303611755,0
89.2492208480835,0
89.24925804138184,0
89.25072383880615,0
89.25097727775574,0
89.25118017196655,0
89.25198721885681,0
89.25199317932129,0
89.25209140777588,0
89.2566077709198,0
89.26620197296143,0
89.26634335517883,0
89.26654195785522,0
89.26888990402222,0
89.26905846595764,0
89.2690863609314,0
89.27126169204712,0
89.27128744125366,0
89.27136135101318,0
89.2781240940094,0
89.2816150188446,0
89.29073214530945,0
89.29076766967773,0
89.29078364372253,0
89.30133938789368,0
89.30134153366089,0
89.30405116081238,0
89.30416297912598,0
89.30521750450134,0
89.31030535697937,0
89.3103289604187,0
89.31034970283508,0
89.32779812812805,0
89.33147883415222,0
89.33152937889099,0
89.33155035972595,0
89.33157205581665,0
89.33348083496094,0
89.33424305915833,0
89.33429551124573,0
89.33432412147522,0
89.33442091941833,0
89.33460474014282,0
89.3346118927002,0
89.35049104690552,0
89.35055160522461,0
89.350576877594,0
89.35939526557922,0
89.37054586410522,0
89.37059426307678,0
89.37064385414124,0
89.38531827926636,0
89.38571071624756,0
89.38701224327087,0
89.38959383964539,0
89.38961172103882,0
89.39010405540466,0
89.39068913459778,0
89.39071369171143,0
89.39072608947754,0
89.39593124389648,0
89.3960018157959,0
89.39667248725891,0
89.41315007209778,0
89.41319918632507,0
89.41351437568665,0
89.41781497001648,0
89.41785407066345,0
89.4189293384552,0
89.41899919509888,0
89.43009519577026,0
89.43027091026306,0
89.43030858039856,0
89.45034503936768,0
89.45040154457092,0
89.45086121559143,0
89.45161700248718,0
89.45810508728027,0
89.4581527709961,0
89.45856952667236,0
89.45871782302856,0
89.46056747436523,0
89.46074223518372,0
89.46077036857605,0
89.46391224861145,0
89.4639585018158,0
89.4641387462616,0
89.46415877342224,0
89.46624732017517,0
89.46627616882324,0
89.46632480621338,0
89.4689633846283,0
89.47024512290955,0
89.47029852867126,0
89.47038292884827,0
89.477121591568,0
89.47715783119202,0
89.48110818862915,0
89.48115658760071,0
89.48120832443237,0
89.4812970161438,0
89.48132681846619,0
89.49053311347961,0
89.49057817459106,0
89.49059700965881,0
89.50242471694946,0
89.50246024131775,0
89.50665402412415,0
89.50670051574707,0
89.50674366950989,0
89.50997352600098,0
89.51000547409058,0
89.51001954078674,0
89.52499723434448,0
89.52505326271057,0
89.52559423446655,0
89.52594184875488,0
89.52751994132996,0
89.52760791778564,0
89.52763509750366,0
89.52855110168457,0
89.53017115592957,0
89.53021121025085,0
89.53024792671204,0
89.54395747184753,0
89.54397940635681,0
89.54602599143982,0
89.54602980613708,0
89.546071767807,0
89.54608726501465,0
89.54867339134216,0
89.54872727394104,0
89.54880213737488,0
89.55012035369873,0
89.55016160011292,0
89.55019545555115,0
89.56225419044495,0
89.56555199623108,0
89.57045555114746,0
89.57050132751465,0
89.5705623626709,0
89.59023094177246,0
89.59028100967407,0
89.59050869941711,0
89.60583591461182,0
89.61191129684448,0
89.61193919181824,0
89.61194109916687,0
89.61204838752747,0
89.61217546463013,0
89.61219096183777,0
89.6122043132782,0
89.61221599578857,0
89.61222958564758,0
89.61227536201477,0
89.61366415023804,0
89.61369037628174,0
89.61561250686646,0
89.6156587600708,0
89.61808133125305,0
89.6228415966034,0
89.63005256652832,0
89.63008546829224,0
89.63009881973267,0
89.64730429649353,0
89.6504635810852,0
89.65056085586548,0
89.65074706077576,0
89.6565809249878,0
89.65665817260742,0
89.65668559074402,0
89.65723633766174,0
89.65821242332458,0
89.6583640575409,0
89.65841031074524,0
89.65853476524353,0
89.65867853164673,0
89.65891671180725,0
89.65895342826843,0
89.66296172142029,0
89.66331481933594,0
89.66358518600464,0
89.66362643241882,0
89.67100262641907,0
89.67107462882996,0
89.67124724388123,0
89.67775249481201,0
89.67851829528809,0
89.67855548858643,0
89.67872071266174,0
89.69022011756897,0
89.69023942947388,0
89.69026231765747,0
89.70369005203247,0
89.70372891426086,0
89.7038221359253,0
89.70592379570007,0
89.70596694946289,0
89.70902705192566,0
89.7091109752655,0
89.71056818962097,0
89.71063160896301,0
89.71065425872803,0
89.72371697425842,0
89.72909593582153,0
89.72951102256775,0
89.73028445243835,0
89.73032212257385,0
89.73034024238586,0
89.73036098480225,0
89.73157715797424,0
89.73621273040771,0
89.73625707626343,0
89.73656296730042,0
89.75027179718018,0
89.75032138824463,0
89.75049042701721,0
89.76050186157227,0
89.7621443271637,0
89.76361346244812,0
89.77046251296997,0
89.77051949501038,0
89.77139019966125,0
89.78292322158813,0
89.78298091888428,0
89.79044961929321,0
89.79052996635437,0
89.79100012779236,0
89.80727124214172,0
89.80867195129395,0
89.80870246887207,0
89.80871629714966,0
89.81055617332458,0
89.81058287620544,0
89.81064343452454,0
89.81392121315002,0
89.81393790245056,0
89.81398177146912,0
89.81716012954712,0
89.81718564033508,0
89.82047629356384,0
89.82049822807312,0
89.83013129234314,0
89.83020806312561,0
89.8303337097168,0
89.83507871627808,0
89.8502733707428,0
89.85028028488159,0
89.85032558441162,0
89.87085628509521,0
89.87127876281738,0
89.87131142616272,0
89.87459206581116,0
89.87486457824707,0
89.87490010261536,0
89.87521147727966,0
89.87859892845154,0
89.87865900993347,0
89.8786838054657,0
89.88123083114624,0
89.88523435592651,0
89.89089226722717,0
89.89093852043152,0
89.89096260070801,0
89.89258623123169,0
89.91450238227844,0
89.91453123092651,0
89.9145781993866,0
89.9147219657898,0
89.9147732257843,0
89.91480588912964,0
89.91484355926514,0
89.9151394367218,0
89.91516518592834,0
89.91522932052612,0
89.91524600982666,0
89.91525459289551,0
89.91763687133789,0
89.91767644882202,0
89.91884016990662,0
89.91899991035461,0
89.91901516914368,0
89.9191210269928,0
89.92031002044678,0
89.92077422142029,0
89.92090630531311,0
89.92289209365845,0
89.92508840560913,0
89.9324038028717,0
89.93244504928589,0
89.93246150016785,0
89.94203591346741,0
89.94761037826538,0
89.9476866722107,0
89.95012021064758,0
89.95016145706177,0
89.9501805305481,0
89.95814323425293,0
89.95962238311768,0
89.95966696739197,0
89.96030974388123,0
89.96531057357788,0
89.96535730361938,0
89.96542429924011,0
89.97025752067566,0
89.9703061580658,0
89.9703528881073,0
89.9818274974823,0
89.99111986160278,0
89.99116015434265,0
89.9914665222168,0
90.00753211975098,0
90.00755262374878,0
90.00760984420776,0
90.00762939453125,0
90.0087480545044,0
90.00875282287598,0
90.00910711288452,0
90.01030707359314,0
90.01033759117126,0
90.01035118103027,0
90.01162624359131,0
90.01257634162903,0
90.01275634765625,0
90.01400399208069,0
90.01405358314514,0
90.03016114234924,0
90.03020143508911,0
90.03022027015686,0
90.04006624221802,0
90.04571843147278,0
90.04615306854248,0
90.0461778640747,0
90.0462384223938,0
90.05199766159058,0
90.05262327194214,0
90.05265045166016,0
90.0599262714386,0
90.05999374389648,0
90.06017708778381,0
90.06185865402222,0
90.07012367248535,0
90.07016801834106,0
90.07022881507874,0
90.0780999660492,0
90.07983946800232,0
90.08137917518616,0
90.08156085014345,0
90.09051299095154,0
90.09056162834167,0
90.09057998657228,0
90.10144281387328,0
90.1016194820404,0
90.10189652442932,0
90.10313081741332,0
90.10316014289856,0
90.10493969917296,0
90.105327129364,0
90.10993790626526,0
90.1099739074707,0
90.1100332736969,0
90.1302773952484,0
90.13032341003418,0
90.13034272193909,0
90.13617992401124,0
90.15056943893433,0
90.15061283111572,0
90.150616645813,0
90.17062973976137,0
90.17071509361269,0
90.17087149620056,0
90.18288064002992,0
90.18294858932497,0
90.19061946868896,0
90.19067645072936,0
90.19072556495668,0
90.1979444026947,0
90.19801473617554,0
90.19804334640504,0
90.1980686187744,0
90.2014536857605,0
90.20149087905884,0
90.20150232315063,0
90.20226168632507,0
90.20268774032591,0
90.2027153968811,0
90.20272779464722,0
90.20616674423218,0
90.2065782546997,0
90.20661091804504,0
90.20818638801576,0
90.21216678619383,0
90.2126762866974,0
90.21294593811037,0
90.21572518348694,0
90.2163417339325,0
90.21668481826782,0
90.21702599525452,0
90.21890878677368,0
90.21892523765564,0
90.21958541870116,0
90.22041845321657,0
90.22044563293456,0
90.22195482254028,0
90.22197985649107,0
90.22490549087524,0
90.22559142112732,0
90.22646164894104,0
90.22986125946044,0
90.22989702224731,0
90.2301332950592,0
90.23993587493896,0
90.2407684326172,0
90.24083399772644,0
90.24085545539856,0
90.24145841598512,0
90.24149441719057,0
90.241797208786,0
90.25006318092346,0
90.25010371208192,0
90.25012063980104,0
90.2552056312561,0
90.2704620361328,0
90.2705101966858,0
90.27068090438844,0
90.28596305847168,0
90.28867816925047,0
90.29038524627686,0
90.2908492088318,0
90.29164719581604,0
90.30796241760254,0
90.30797410011292,0
90.30806827545166,0
90.30808663368224,0
90.30928540229796,0
90.3092896938324,0
90.3092999458313,0
90.30930352211,0
90.30931401252748,0
90.3102674484253,0
90.31082677841188,0
90.31085205078124,0
90.33075547218324,0
90.33080744743349,0
90.33150100708008,0
90.33156418800354,0
90.33172988891602,0
90.33293271064758,0
90.33800959587096,0
90.34178638458252,0
90.35061693191528,0
90.35062217712402,0
90.350683927536,0
90.35305500030518,0
90.35331320762634,0
90.35601997375488,0
90.35810804367064,0
90.35815238952635,0
90.35832285881042,0
90.3627381324768,0
90.36323499679564,0
90.36378073692322,0
90.37066292762756,0
90.37072038650513,0
90.3707480430603,0
90.3913233280182,0
90.39138579368591,0
90.39148569107056,0
90.40123057365416,0
90.40907597541808,0
90.40908813476562,0
90.40909695625304,0
90.40910649299622,0
90.4146089553833,0
90.4146773815155,0
90.41470313072205,0
90.4159483909607,0
90.41637444496156,0
90.41655135154724,0
90.41665077209473,0
90.41699314117432,0
90.42028903961182,0
90.42030715942384,0
90.42398381233215,0
90.42400741577148,0
90.4240152835846,0
90.42402386665344,0
90.42506003379822,0
90.42525696754456,0
90.425279378891,0
90.42656970024107,0
90.43002200126648,0
90.43005514144896,0
90.4300708770752,0
90.43828749656676,0
90.43834066390993,0
90.4383671283722,0
90.44145560264587,0
90.44166994094849,0
90.44181537628174,0
90.44182109832764,0
90.45058798789978,0
90.45063257217409,0
90.4506778717041,0
90.45698881149292,0
90.4702775478363,0
90.4703254699707,0
90.47037124633788,0
90.49819231033324,0
90.49820685386658,0
90.4982168674469,0
90.4982283115387,0
90.49834442138672,0
90.4983901977539,0
90.49846291542052,0
90.498539686203,0
90.49862360954285,0
90.49872589111328,0
90.50134539604188,0
90.5013976097107,0
90.50141525268556,0
90.50150513648988,0
90.51011848449708,0
90.510155916214,0
90.51041960716248,0
90.5165560245514,0
90.53019714355467,0
90.5302391052246,0
90.53025817871094,0
90.54510951042175,0
90.5451316833496,0
90.54515337944032,0
90.54526257514954,0
90.54778170585632,0
90.54783368110655,0
90.54819989204408,0
90.5505588054657,0
90.5506055355072,0
90.55074048042296,0
90.55246353149414,0
90.5717272758484,0
90.57177996635436,0
90.57183814048769,0
90.5749363899231,0
90.57493782043456,0
90.57725739479064,0
90.57969164848328,0
90.57979488372804,0
90.582129240036,0
90.58292531967165,0
90.58313703536987,0
90.5831708908081,0
90.5833773612976,0
90.5906744003296,0
90.59138751029968,0
90.59142851829527,0
90.60205602645874,0
90.6107144355774,0
90.6107268333435,0
90.61073660850523,0
90.61442065238953,0
90.61442518234252,0
90.61572265625,0
90.61595153808594,0
90.61651706695557,0
90.61814427375792,0
90.61825251579285,0
90.6182701587677,0
90.61828446388245,0
90.62538290023804,0
90.62540698051453,0
90.62546801567078,0
90.62828826904295,0
90.62868285179138,0
90.6286895275116,0
90.6287326812744,0
90.63117814064026,0
90.63121628761292,0
90.63128304481506,0
90.63218832015993,0
90.63243770599364,0
90.63260865211488,0
90.63338708877563,0
90.64256191253662,0
90.6438331604004,0
90.64395594596864,0
90.64396262168884,0
90.64429450035097,0
90.64659714698792,0
90.64750504493712,0
90.65092015266418,0
90.65095615386964,0
90.6510100364685,0
90.6702241897583,0
90.67027735710144,0
90.6704399585724,0
90.68019318580627,0
90.6909248828888,0
90.69099879264832,0
90.69102811813354,0
90.70553517341614,0
90.70607614517212,0
90.7064769268036,0
90.70685887336732,0
90.71020936965942,0
90.71024417877196,0
90.71025919914246,0
90.71223711967468,0
90.71227264404295,0
90.71283841133118,0
90.71322727203368,0
90.71329545974731,0
90.7233681678772,0
90.72347927093506,0
90.73153710365295,0
90.73158550262453,0
90.73161363601685,0
90.75047278404236,0
90.7505156993866,0
90.7505362033844,0
90.75729608535768,0
90.77050399780272,0
90.77055311203004,0
90.77060747146606,0
90.7919738292694,0
90.79200196266174,0
90.79205799102785,0
90.81233716011047,0
90.81235933303832,0
90.81406497955322,0
90.81408429145812,0
90.81410360336304,0
90.81412315368652,0
90.8174214363098,0
90.81744027137756,0
90.8179967403412,0
90.818745136261,0
90.81876683235168,0
90.81878304481506,0
90.81953644752502,0
90.82208800315856,0
90.8273537158966,0
90.83039808273315,0
90.83044147491456,0
90.83046317100523,0
90.83089089393616,0
90.83103060722352,0
90.83244442939758,0
90.8325126171112,0
90.8506886959076,0
90.85073566436768,0
90.85080599784852,0
90.85235404968262,0
90.8543450832367,0
90.85621643066406,0
90.8626811504364,0
90.86291289329527,0
90.86292505264282,0
90.86293816566469,0
90.86452317237854,0
90.8645477294922,0
90.86483693122864,0
90.86659789085388,0
90.86697030067444,0
90.86699938774107,0
90.86701583862305,0
90.87054204940796,0
90.8705825805664,0
90.8706030845642,0
90.87166380882265,0
90.87199640274048,0
90.87201833724976,0
90.87229681015016,0
90.89055943489076,0
90.89079546928406,0
90.89082312583923,0
90.90139555931091,0
90.90269684791564,0
90.9027647972107,0
90.90313720703124,0
90.90911173820496,0
90.90921711921692,0
90.91016817092896,0
90.91045260429382,0
90.91047143936156,0
90.91101288795473,0
90.91451740264893,0
90.91467046737672,0
90.91485548019408,0
90.9149055480957,0
90.9149227142334,0
90.91873264312744,0
90.91946196556091,0
90.92994475364684,0
90.92997574806212,0
90.9300320148468,0
90.9460883140564,0
90.94623756408691,0
90.94796204566956,0
90.94827032089232,0
90.94829440116882,0
90.94849109649658,0
90.95023012161256,0
90.95025587081908,0
90.95071458816528,0
90.95223116874696,0
90.95231771469116,0
90.9530313014984,0
90.97088146209715,0
90.97098541259766,0
90.97103643417358,0
90.97686862945557,0
90.98813796043396,0
90.98819041252136,0
90.98847126960754,0
90.98848867416382,0
90.9889976978302,0
90.9890160560608,0
90.99009108543396,0
90.99153304100037,0
90.99157547950745,0
90.99159026145936,0
90.99258089065552,0
90.9951753616333,0
91.00601029396056,0
91.01035499572754,0
91.01037669181824,0
91.01039052009584,0
91.01046800613403,0
91.0115931034088,0
91.01712369918825,0
91.01713967323305,0
91.01718235015868,0
91.01772141456604,0
91.02002263069151,0
91.0200490951538,0
91.02076721191406,0
91.02419376373292,0
91.02420926094057,0
91.0242509841919,0
91.02428078651428,0
91.03022384643556,0
91.03026223182678,0
91.03062772750854,0
91.05018067359924,0
91.05025005340576,0
91.0502758026123,0
91.06326079368591,0
91.06331276893616,0
91.06347131729126,0
91.06356954574584,0
91.07676649093628,0
91.07688021659852,0
91.07689023017883,0
91.07702231407166,0
91.07710242271423,0
91.0771188735962,0
91.07715630531312,0
91.07723379135132,0
91.07725620269775,0
91.07733154296876,0
91.09132862091064,0
91.09167766571044,0
91.0917158126831,0
91.09193682670592,0
91.09196591377258,0
91.09209060668944,0
91.09272813796996,0
91.10404896736144,0
91.10408687591551,0
91.10410594940186,0
91.1041648387909,0
91.10435342788696,0
91.10435700416564,0
91.10441541671752,0
91.10665154457092,0
91.10686349868774,0
91.1092357635498,0
91.11030340194702,0
91.11038970947266,0
91.11043000221252,0
91.11046862602234,0
91.11446213722228,0
91.1163923740387,0
91.13033127784728,0
91.13042521476746,0
91.13046884536745,0
91.13919615745544,0
91.15028429031372,0
91.15033483505248,0
91.1503574848175,0
91.1707751750946,0
91.1707935333252,0
91.1708483695984,0
91.1733944416046,0
91.17378354072572,0
91.17669582366943,0
91.17674589157104,0
91.17677330970764,0
91.17688155174255,0
91.18078756332396,0
91.1809015274048,0
91.18154072761536,0
91.1835000514984,0
91.1901876926422,0
91.19023418426514,0
91.19380640983582,0
91.19407057762146,0
91.19415616989136,0
91.19427919387816,0
91.19595742225648,0
91.20444965362547,0
91.2103443145752,0
91.2104024887085,0
91.21328473091124,0
91.21341800689696,0
91.2134382724762,0
91.21346664428712,0
91.2134883403778,0
91.21355390548706,0
91.21360540390016,0
91.21777701377869,0
91.22149682044984,0
91.23022603988647,0
91.23026919364928,0
91.23028779029846,0
91.23651576042175,0
91.2505042552948,0
91.2505476474762,0
91.25063109397888,0
91.26502919197084,0
91.26510190963744,0
91.26513051986694,0
91.26525139808656,0
91.2682056427002,0
91.26826620101927,0
91.2684326171875,0
91.27195072174072,0
91.2719988822937,0
91.27200102806091,0
91.29044723510742,0
91.29049611091614,0
91.29056215286256,0
91.29813313484192,0
91.31044912338255,0
91.31046390533449,0
91.31048440933228,0
91.32888197898863,0
91.3289086818695,0
91.33066058158876,0
91.33090710639954,0
91.33116745948792,0
91.3319330215454,0
91.33194589614868,0
91.33197236061096,0
91.33231711387634,0
91.33496952056883,0
91.33516311645508,0
91.33530378341676,0
91.3380365371704,0
91.3382396697998,0
91.34197568893433,0
91.34207248687744,0
91.34738826751708,0
91.34773445129396,0
91.3477566242218,0
91.34775686264038,0
91.35094022750854,0
91.3509922027588,0
91.35101437568665,0
91.35944271087646,0
91.35999369621275,0
91.36037349700928,0
91.36053895950316,0
91.37064838409424,0
91.37074089050292,0
91.37087368965148,0
91.38637828826904,0
91.38639974594116,0
91.38642120361328,0
91.38644313812256,0
91.39058876037598,0
91.39063143730164,0
91.39065527915956,0
91.3928289413452,0
91.39308166503906,0
91.3936038017273,0
91.39996027946472,0
91.4089696407318,0
91.40902519226074,0
91.40907955169678,0
91.40912652015686,0
91.41041803359984,0
91.41045236587524,0
91.41046261787416,0
91.41046690940856,0
91.41048526763916,0
91.43001079559326,0
91.43004846572876,0
91.43006348609924,0
91.4353847503662,0
91.45050072669984,0
91.4505443572998,0
91.45062828063963,0
91.46394681930542,0
91.46398830413818,0
91.464013338089,0
91.4640429019928,0
91.4693398475647,0
91.46936774253844,0
91.46939325332642,0
91.47036790847778,0
91.4705696105957,0
91.47059750556946,0
91.47194314002992,0
91.4933876991272,0
91.49344825744627,0
91.49346733093262,0
91.4934787750244,0
91.493647813797,0
91.49412798881532,0
91.49422860145567,0
91.4943437576294,0
91.49453902244568,0
91.49549007415771,0
91.49703788757324,0
91.49766755104064,0
91.4981119632721,0
91.49848866462708,0
91.51068115234376,0
91.51075339317322,0
91.51077890396118,0
91.53035616874696,0
91.53040528297424,0
91.53042197227478,0
91.5502622127533,0
91.55031728744508,0
91.5504105091095,0
91.55973649024963,0
91.56721591949464,0
91.56724691390993,0
91.5706570148468,0
91.57072043418884,0
91.57209658622742,0
91.59038996696472,0
91.59047627449036,0
91.59055733680724,0
91.59281730651855,0
91.5928807258606,0
91.59290838241576,0
91.5929353237152,0
91.61531138420104,0
91.61542010307312,0
91.61553239822388,0
91.61555171012878,0
91.61562871932983,0
91.61573100090028,0
91.61574792861938,0
91.6159553527832,0
91.61595630645752,0
91.61605978012084,0
91.61638188362122,0
91.61640310287476,0
91.61774897575378,0
91.61802983283997,0
91.6186501979828,0
91.61868500709534,0
91.61908674240112,0
91.61911225318909,0
91.62024760246275,0
91.62575101852416,0
91.62580966949464,0
91.630108833313,0
91.63014459609984,0
91.63035821914671,0
91.63913583755492,0
91.63956260681152,0
91.63968062400818,0
91.63996267318726,0
91.64415550231934,0
91.64456820487976,0
91.64493322372437,0
91.65016412734984,0
91.65020942687988,0
91.65040731430054,0
91.65644645690918,0
91.6624174118042,0
91.67114901542664,0
91.6712245941162,0
91.67176055908205,0
91.69264125823976,0
91.69335746765135,0
91.69379568099976,0
91.69710230827332,0
91.70845651626588,0
91.70911836624146,0
91.70940589904784,0
91.70945715904236,0
91.71061849594116,0
91.71086835861206,0
91.71090579032898,0
91.71148586273192,0
91.7121250629425,0
91.71226477622986,0
91.71242356300354,0
91.71245408058168,0
91.71267223358154,0
91.71281456947328,0
91.71654272079468,0
91.73092532157898,0
91.73100924491882,0
91.73114967346191,0
91.74944353103638,0
91.74955487251282,0
91.751624584198,0
91.75166988372804,0
91.7516906261444,0
91.75173592567444,0
91.75183320045473,0
91.75186109542848,0
91.7519302368164,0
91.75759673118591,0
91.7576277256012,0
91.75821542739868,0
91.75982308387756,0
91.76517748832704,0
91.77082824707033,0
91.77087116241456,0
91.7709367275238,0
91.77590322494508,0
91.79061603546144,0
91.79066562652588,0
91.79068994522096,0
91.81467700004578,0
91.81482434272766,0
91.81484293937685,0
91.814857006073,0
91.81961679458618,0
91.81969165802002,0
91.81975603103638,0
91.83004713058472,0
91.83008313179016,0
91.83009886741638,0
91.85042428970335,0
91.85047912597656,0
91.85059571266174,0
91.85410475730896,0
91.85413813591003,0
91.85470771789552,0
91.85758137702942,0
91.85763096809389,0
91.8594720363617,0
91.85955238342284,0
91.86113047599792,0
91.86143589019775,0
91.86146664619446,0
91.8614890575409,0
91.86390590667725,0
91.86400032043456,0
91.86414003372192,0
91.86477732658386,0
91.87051320075987,0
91.870539188385,0
91.87063789367676,0
91.87426447868349,0
91.87429237365724,0
91.8743143081665,0
91.8743977546692,0
91.88798022270204,0
91.89062809944151,0
91.8906524181366,0
91.89069747924805,0
91.9103147983551,0
91.91033625602722,0
91.91087603569032,0
91.91479182243349,0
91.91607165336607,0
91.91617798805235,0
91.91651344299316,0
91.91777300834656,0
91.91779160499571,0
91.91780614852904,0
91.91782212257384,0
91.91788625717165,0
91.91941833496094,0
91.91944599151611,0
91.91983652114868,0
91.92536783218384,0
91.92655181884766,0
91.9300618171692,0
91.9300937652588,0
91.9301085472107,0
91.9430320262909,0
91.94312977790833,0
91.9501781463623,0
91.95022583007812,0
91.95031189918518,0
91.97046661376952,0
91.97051954269408,0
91.97065925598145,0
91.97658205032349,0
91.97719860076904,0
91.97759819030762,0
91.977632522583,0
91.98008966445924,0
91.9804196357727,0
91.98066186904909,0
91.98099660873412,0
91.9858672618866,0
91.98767971992493,0
91.9876992702484,0
91.98927783966064,0
91.99058842658997,0
91.99060583114624,0
91.99062252044678,0
91.9916307926178,0
91.99165987968443,0
91.9920527935028,0
91.99292707443236,0
92.00534677505492,0
92.00552344322205,0
92.00555610656738,0
92.0055718421936,0
92.01079535484314,0
92.0108482837677,0
92.01120281219482,0
92.01498126983644,0
92.0307412147522,0
92.030784368515,0
92.0308003425598,0
92.05034112930298,0
92.05039262771606,0
92.05047869682312,0
92.05237889289856,0
92.05241131782532,0
92.052485704422,0
92.05266547203064,0
92.05473279953004,0
92.0547330379486,0
92.05520749092102,0
92.05700635910034,0
92.05719780921936,0
92.05982065200806,0
92.0598669052124,0
92.06009221076964,0
92.06179332733154,0
92.06184792518616,0
92.06261706352234,0
92.06264185905457,0
92.07050156593324,0
92.07054924964903,0
92.0705714225769,0
92.07595491409302,0
92.09055304527284,0
92.0906343460083,0
92.0906627178192,0
92.11205792427064,0
92.11209797859192,0
92.11212134361269,0
92.112140417099,0
92.1121814250946,0
92.1121838092804,0
92.11226153373718,0
92.1154932975769,0
92.1155059337616,0
92.11625170707704,0
92.11764478683472,0
92.11766529083252,0
92.13051128387453,0
92.130553483963,0
92.13057136535645,0
92.13148665428162,0
92.13157677650452,0
92.13380169868468,0
92.13719773292542,0
92.1402072906494,0
92.14702892303468,0
92.14733719825745,0
92.14958715438844,0
92.1517367362976,0
92.15175199508668,0
92.15176391601562,0
92.1517777442932,0
92.1517813205719,0
92.15179514884947,0
92.15388894081116,0
92.15395712852478,0
92.15425086021423,0
92.1584722995758,0
92.16123366355896,0
92.1707775592804,0
92.17087841033936,0
92.17090559005736,0
92.19075512886047,0
92.19081163406372,0
92.19083714485168,0
92.19458413124084,0
92.20906591415404,0
92.211270570755,0
92.21130776405334,0
92.21131372451782,0
92.2114429473877,0
92.21151447296144,0
92.2125289440155,0
92.21524429321288,0
92.2152614593506,0
92.21530675888062,0
92.21723246574402,0
92.2182834148407,0
92.21926474571228,0
92.21928453445436,0
92.22247838974,0
92.22714042663574,0
92.22716331481934,0
92.22717523574828,0
92.22725486755373,0
92.2298982143402,0
92.22991180419922,0
92.22992539405824,0
92.23000049591064,0
92.2300145626068,0
92.23006296157835,0
92.23467493057252,0
92.25110697746275,0
92.2511429786682,0
92.25406265258788,0
92.26213955879211,0
92.26250338554382,0
92.2626965045929,0
92.2629005908966,0
92.2666928768158,0
92.2671377658844,0
92.26721477508544,0
92.27059316635132,0
92.27063512802124,0
92.27068448066711,0
92.28168654441832,0
92.2820634841919,0
92.2820885181427,0
92.28260159492493,0
92.28522491455078,0
92.28524494171144,0
92.28524899482728,0
92.2858340740204,0
92.28587818145752,0
92.29016637802124,0
92.29020977020264,0
92.29027676582336,0
92.29429006576538,0
92.2943663597107,0
92.31022667884828,0
92.31026291847228,0
92.3102855682373,0
92.31765151023863,0
92.33057951927184,0
92.33062481880188,0
92.33064651489258,0
92.35053062438963,0
92.3505334854126,0
92.35067534446716,0
92.3712089061737,0
92.37231278419496,0
92.37238693237305,0
92.37682485580444,0
92.37685561180116,0
92.37834286689758,0
92.3817150592804,0
92.38178062438963,0
92.38340163230896,0
92.38452243804932,0
92.38473105430604,0
92.38511967658997,0
92.38539171218872,0
92.39131259918211,0
92.39203643798828,0
92.39208936691284,0
92.41342091560364,0
92.41349935531616,0
92.41364932060242,0
92.41367149353027,0
92.41368889808656,0
92.41995930671692,0
92.42003512382507,0
92.42641186714172,0
92.4302179813385,0
92.430278301239,0
92.43029499053956,0
92.43841195106506,0
92.438453912735,0
92.438538312912,0
92.43865752220154,0
92.43988943099976,0
92.43993139266968,0
92.44022679328918,0
92.45039296150208,0
92.45044016838074,0
92.45054459571838,0
92.45658779144289,0
92.47034072875977,0
92.47042679786682,0
92.470449924469,0
92.49133777618408,0
92.49140071868896,0
92.49209308624268,0
92.50391411781312,0
92.50399255752563,0
92.50404167175292,0
92.50414037704468,0
92.5059049129486,0
92.50594925880432,0
92.50597429275513,0
92.50635576248168,0
92.50900769233704,0
92.51058578491212,0
92.5106258392334,0
92.51112532615662,0
92.5156819820404,0
92.51576781272888,0
92.51805901527403,0
92.5183289051056,0
92.52327156066896,0
92.52906847000122,0
92.52913308143616,0
92.5291783809662,0
92.52922439575195,0
92.52927231788637,0
92.52931761741638,0
92.52936339378356,0
92.53250670433044,0
92.53298783302309,0
92.53302335739136,0
92.53312397003174,0
92.53314661979675,0
92.5331609249115,0
92.53321361541748,0
92.538236618042,0
92.5382525920868,0
92.53829026222228,0
92.5420744419098,0
92.5496027469635,0
92.54962635040285,0
92.55182480812071,0
92.55186891555786,0
92.55188655853271,0
92.553688287735,0
92.55374813079834,0
92.55398154258728,0
92.55400609970091,0
92.55762434005736,0
92.55785632133484,0
92.55851197242735,0
92.558580160141,0
92.55967402458192,0
92.57013058662416,0
92.57016825675964,0
92.57065796852112,0
92.57611131668092,0
92.59125351905824,0
92.5913543701172,0
92.59148716926576,0
92.6071753501892,0
92.60807394981384,0
92.60864877700806,0
92.60919404029846,0
92.61342358589172,0
92.61364078521729,0
92.61410140991212,0
92.6194908618927,0
92.61953115463255,0
92.62372374534608,0
92.62375020980836,0
92.62376809120178,0
92.62757110595705,0
92.62760281562804,0
92.62820410728456,0
92.62868404388428,0
92.62910866737366,0
92.63000893592834,0
92.63039231300354,0
92.63048243522644,0
92.63962316513062,0
92.64075350761414,0
92.640793800354,0
92.64080882072447,0
92.64301300048828,0
92.64325284957886,0
92.6438205242157,0
92.64999723434448,0
92.64999794960022,0
92.65002846717834,0
92.6542513370514,0
92.67019128799438,0
92.670254945755,0
92.67035579681396,0
92.68609952926636,0
92.68637657165527,0
92.68639278411864,0
92.68640518188477,0
92.68887996673584,0
92.68891716003418,0
92.68936133384705,0
92.6901354789734,0
92.69030475616456,0
92.69032788276672,0
92.6977767944336,0
92.6978120803833,0
92.70398569107056,0
92.70406079292296,0
92.71038126945496,0
92.71042990684508,0
92.71051812171936,0
92.71578764915466,0
92.73036980628969,0
92.7304220199585,0
92.73044919967651,0
92.74364185333252,0
92.74409294128418,0
92.74413633346558,0
92.74416399002077,0
92.74935626983644,0
92.74940490722656,0
92.7494306564331,0
92.75034546852112,0
92.75039577484132,0
92.75064826011658,0
92.75310897827148,0
92.75328707695007,0
92.75330948829652,0
92.75358271598816,0
92.75978183746338,0
92.759863615036,0
92.76019787788393,0
92.76101493835448,0
92.77030277252196,0
92.77035236358644,0
92.77052879333496,0
92.78887820243835,0
92.78925681114195,0
92.78982782363892,0
92.7898542881012,0
92.79079294204712,0
92.79086136817932,0
92.79088926315308,0
92.7915952205658,0
92.79519462585448,0
92.79524564743042,0
92.79536032676695,0
92.7953929901123,0
92.81050634384157,0
92.81054162979126,0
92.81055521965028,0
92.8113124370575,0
92.81135272979736,0
92.81229710578918,0
92.81231665611269,0
92.82263660430908,0
92.82591128349304,0
92.82761883735655,0
92.83099794387816,0
92.8310296535492,0
92.83111143112184,0
92.8502197265625,0
92.850257396698,0
92.85027599334715,0
92.86240434646606,0
92.86288785934448,0
92.86307835578918,0
92.8635733127594,0
92.86571168899536,0
92.86578369140624,0
92.86655712127686,0
92.87021327018738,0
92.87028098106384,0
92.87029218673706,0
92.87811970710754,0
92.88342785835266,0
92.88522124290466,0
92.8867826461792,0
92.88687014579772,0
92.890469789505,0
92.8907709121704,0
92.89119219779968,0
92.90050172805786,0
92.90053415298462,0
92.9016387462616,0
92.903737783432,0
92.9037880897522,0
92.91085243225098,0
92.91089272499084,0
92.91091728210448,0
92.9179630279541,0
92.91821146011353,0
92.9241111278534,0
92.93029475212096,0
92.9303297996521,0
92.9304542541504,0
92.9508180618286,0
92.95087790489195,0
92.95099091529846,0
92.95484018325806,0
92.95497441291808,0
92.96493291854858,0
92.96589517593384,0
92.96594667434692,0
92.96597290039062,0
92.96759343147278,0
92.9676158428192,0
92.96763944625854,0
92.9676592350006,0
92.97098541259766,0
92.97103238105774,0
92.97136068344116,0
92.97234892845154,0
92.975750207901,0
92.98536705970764,0
92.98540139198305,0
92.98541736602785,0
92.98779654502869,0
92.98781609535216,0
92.9878306388855,0
92.98784732818604,0
92.98786067962646,0
92.99000811576845,0
92.99004125595091,0
92.9901065826416,0
92.99628734588624,0
92.99633049964903,0
92.99830961227416,0
92.99857091903688,0
93.01128387451172,0
93.0113275051117,0
93.01978874206544,0
93.02173638343812,0
93.02178001403809,0
93.0217957496643,0
93.0218095779419,0
93.02454042434692,0
93.02458143234252,0
93.0246012210846,0
93.03011798858644,0
93.0301549434662,0
93.03017139434814,0
93.05017709732056,0
93.05017828941344,0
93.0502359867096,0
93.05650782585144,0
93.0708520412445,0
93.0709068775177,0
93.07101464271544,0
93.08555841445924,0
93.0858392715454,0
93.08587980270386,0
93.09096789360046,0
93.0914454460144,0
93.09405326843262,0
93.09453177452087,0
93.09478235244752,0
93.09487462043762,0
93.0949387550354,0
93.11038303375244,0
93.11043000221252,0
93.1105136871338,0
93.11671090126038,0
93.13038039207458,0
93.13042831420898,0
93.13045001029968,0
93.14917540550232,0
93.1493513584137,0
93.15052723884584,0
93.15061116218568,0
93.15064120292664,0
93.1532928943634,0
93.15341305732728,0
93.1541826725006,0
93.15663003921507,0
93.15822410583496,0
93.1713809967041,0
93.17152261734007,0
93.17155694961548,0
93.17524528503418,0
93.17540788650513,0
93.17831420898438,0
93.17837691307068,0
93.17880725860596,0
93.18007278442384,0
93.1828510761261,0
93.1828911304474,0
93.18296647071838,0
93.18382239341736,0
93.18806433677672,0
93.18975925445557,0
93.19015192985536,0
93.19046902656557,0
93.1905755996704,0
93.20402216911316,0
93.2049412727356,0
93.21161341667175,0
93.21166920661926,0
93.21441626548769,0
93.21479749679564,0
93.21488380432127,0
93.21670293807983,0
93.21672463417052,0
93.2173833847046,0
93.21935272216795,0
93.21971321105956,0
93.2208354473114,0
93.22123551368712,0
93.23022532463074,0
93.2302598953247,0
93.23030042648315,0
93.2434983253479,0
93.25046014785768,0
93.25048923492432,0
93.25053524971008,0
93.25067639350893,0
93.25070118904114,0
93.2507221698761,0
93.25136280059814,0
93.257000207901,0
93.25701546669006,0
93.25759387016296,0
93.2631983757019,0
93.26322889328004,0
93.26323199272156,0
93.26394081115724,0
93.2659204006195,0
93.26630878448486,0
93.26646566390993,0
93.2683482170105,0
93.27013969421388,0
93.27015519142152,0
93.27017283439636,0
93.28135585784912,0
93.28178811073305,0
93.28182005882265,0
93.28205847740172,0
93.28214073181152,0
93.2821958065033,0
93.28234434127808,0
93.29038906097412,0
93.29042601585388,0
93.29047417640686,0
93.29873490333556,0
93.29942059516908,0
93.30078411102296,0
93.30099081993104,0
93.31024217605592,0
93.31027913093568,0
93.31029725074768,0
93.33020448684692,0
93.33025288581848,0
93.33027243614195,0
93.33712315559389,0
93.35037803649902,0
93.35043287277222,0
93.35045099258424,0
93.37047386169434,0
93.3704903125763,0
93.37091088294984,0
93.377614736557,0
93.3776183128357,0
93.38217520713806,0
93.38223314285278,0
93.38359355926514,0
93.38443732261658,0
93.38447308540344,0
93.38458919525146,0
93.38467812538148,0
93.3866798877716,0
93.39042830467224,0
93.39047074317932,0
93.39058876037598,0
93.3916790485382,0
93.4004065990448,0
93.41570520401,0
93.4157145023346,0
93.41573452949524,0
93.42806315422058,0
93.42808294296265,0
93.42821192741394,0
93.43036270141602,0
93.43059182167052,0
93.43061017990112,0
93.4306252002716,0
93.43064188957214,0
93.43065762519836,0
93.43067026138306,0
93.43068337440492,0
93.432115316391,0
93.4321630001068,0
93.432208776474,0
93.43633723258972,0
93.45015454292296,0
93.45015859603882,0
93.450266122818,0
93.46742486953735,0
93.46746921539308,0
93.46759271621704,0
93.46770644187929,0
93.47056293487547,0
93.47059059143066,0
93.47097301483154,0
93.47246026992798,0
93.47248220443726,0
93.47250652313232,0
93.475115776062,0
93.4773452281952,0
93.4897997379303,0
93.4908607006073,0
93.49090600013731,0
93.49102354049684,0
93.49673867225648,0
93.49676537513731,0
93.4969835281372,0
93.49705171585084,0
93.49944472312929,0
93.4996886253357,0
93.50153827667236,0
93.50163102149963,0
93.50171041488647,0
93.50615048408508,0
93.50618886947632,0
93.51097512245178,0
93.51110005378725,0
93.51117706298828,0
93.52238893508913,0
93.52259683609007,0
93.52261543273926,0
93.5226309299469,0
93.525737285614,0
93.52654099464417,0
93.5265769958496,0
93.52680325508118,0
93.53014159202576,0
93.5301628112793,0
93.5301787853241,0
93.54606223106384,0
93.5460844039917,0
93.54985189437866,0
93.54990005493164,0
93.55027174949646,0
93.55031442642212,0
93.55102825164796,0
93.55301880836488,0
93.55302667617798,0
93.55378031730652,0
93.5538206100464,0
93.55444717407228,0
93.57095050811768,0
93.57101368904114,0
93.57114458084106,0
93.57849311828612,0
93.59036779403688,0
93.59042429924013,0
93.59048175811768,0
93.59690976142883,0
93.59872484207152,0
93.60273098945618,0
93.6027808189392,0
93.60358881950378,0
93.60375690460204,0
93.60385704040527,0
93.61045169830322,0
93.61049890518188,0
93.61052179336548,0
93.62095808982848,0
93.62102484703064,0
93.62390756607056,0
93.62396740913393,0
93.6239869594574,0
93.63059115409852,0
93.6306357383728,0
93.63070225715636,0
93.63780164718628,0
93.63780426979064,0
93.65022921562196,0
93.65027832984924,0
93.65028238296507,0
93.66586351394652,0
93.66789269447328,0
93.6700189113617,0
93.67013955116272,0
93.67086052894592,0
93.6708688735962,0
93.67089414596558,0
93.67103600502014,0
93.67111778259276,0
93.67193293571472,0
93.69130063056946,0
93.69157934188844,0
93.6916115283966,0
93.7042465209961,0
93.71157717704772,0
93.71162223815918,0
93.71163749694824,0
93.72210550308228,0
93.7221224308014,0
93.72216415405272,0
93.72222852706908,0
93.72252130508424,0
93.72413754463196,0
93.72417712211607,0
93.7244589328766,0
93.7244794368744,0
93.72449684143066,0
93.72479939460754,0
93.72910261154176,0
93.73047351837158,0
93.73051619529724,0
93.7305338382721,0
93.73251342773438,0
93.73638606071472,0
93.7503924369812,0
93.750426530838,0
93.75044083595276,0
93.75403094291688,0
93.75404500961304,0
93.75433897972108,0
93.75661993026732,0
93.75667905807497,0
93.756737947464,0
93.75948357582092,0
93.75952100753784,0
93.76001477241516,0
93.7610034942627,0
93.76116061210632,0
93.76118922233582,0
93.76125168800354,0
93.7643973827362,0
93.76465725898744,0
93.76487302780151,0
93.76548957824708,0
93.77003264427184,0
93.77003407478333,0
93.7700560092926,0
93.78357005119324,0
93.78440117836,0
93.78490877151488,0
93.7852463722229,0
93.78618025779724,0
93.78631067276,0
93.78770065307616,0
93.7891948223114,0
93.78923296928406,0
93.7925899028778,0
93.7926516532898,0
93.7926721572876,0
93.7949333190918,0
93.79495310783386,0
93.81045293807983,0
93.81046175956726,0
93.81050610542296,0
93.82487940788268,0
93.82800579071044,0
93.82830381393433,0
93.82995080947876,0
93.8299844264984,0
93.83008527755736,0
93.83896780014038,0
93.84293031692503,0
93.84294080734252,0
93.84296917915344,0
93.84337759017944,0
93.84340715408324,0
93.84345698356628,0
93.8504078388214,0
93.85044312477112,0
93.85050010681152,0
93.8705039024353,0
93.87058472633362,0
93.87058806419373,0
93.87553143501282,0
93.8903295993805,0
93.89037466049194,0
93.89039731025696,0
93.91166496276855,0
93.91172456741332,0
93.91188740730286,0
93.92563605308531,0
93.9290497303009,0
93.92938041687012,0
93.92973232269289,0
93.93033146858215,0
93.930730342865,0
93.9314284324646,0
93.93147158622742,0
93.93175148963928,0
93.93178009986876,0
93.9318311214447,0
93.93259477615356,0
93.94386434555054,0
93.94388747215272,0
93.94403576850893,0
93.94733810424805,0
93.94845271110536,0
93.9498257637024,0
93.9499328136444,0
93.94995379447936,0
93.94997000694276,0
93.95003890991212,0
93.97089910507202,0
93.97095036506651,0
93.97118186950684,0
93.97743368148804,0
93.97748017311096,0
93.9779040813446,0
93.98002886772156,0
93.98676133155824,0
93.98687863349916,0
93.98889207839966,0
93.99026036262512,0
93.99030566215517,0
93.990327835083,0
93.99295830726624,0
93.99324417114258,0
93.9934573173523,0
94.00252151489258,0
94.00257992744446,0
94.00263714790344,0
94.00282168388368,0
94.00524997711182,0
94.01111483573914,0
94.01118564605711,0
94.01129460334778,0
94.01135730743408,0
94.0113763809204,0
94.0114312171936,0
94.02530312538148,0
94.02569198608398,0
94.02609419822691,0
94.02612614631651,0
94.02894926071168,0
94.02920651435852,0
94.0293493270874,0
94.03418946266174,0
94.03439545631409,0
94.03441739082336,0
94.04336190223694,0
94.0482656955719,0
94.0489592552185,0
94.04899096488953,0
94.0490071773529,0
94.05030488967896,0
94.05033588409424,0
94.05035185813904,0
94.0511028766632,0
94.05119442939758,0
94.0512866973877,0
94.05443239212036,0
94.07013821601868,0
94.07018566131592,0
94.07029294967651,0
94.08743047714232,0
94.08827233314514,0
94.08832502365112,0
94.08863306045532,0
94.09039640426636,0
94.09043216705322,0
94.09092831611632,0
94.09825658798218,0
94.09882092475893,0
94.0993356704712,0
94.102064371109,0
94.10208368301392,0
94.10697770118712,0
94.10713315010072,0
94.11058521270752,0
94.11066770553587,0
94.11073398590088,0
94.11811423301695,0
94.12127494812012,0
94.12634921073914,0
94.13100385665894,0
94.1311492919922,0
94.13170456886292,0
94.1508014202118,0
94.15085864067078,0
94.150883436203,0
94.15094113349916,0
94.15101933479308,0
94.15346884727478,0
94.15520668029784,0
94.15721678733826,0
94.1572241783142,0
94.15790915489195,0
94.15793251991272,0
94.15854358673096,0
94.15978765487672,0
94.1702916622162,0
94.17033886909483,0
94.17035698890686,0
94.19064736366272,0
94.19113063812256,0
94.19117879867554,0
94.20377111434937,0
94.20394349098206,0
94.2041130065918,0
94.20412850379944,0
94.20877695083618,0
94.20887970924376,0
94.20899868011476,0
94.21161413192748,0
94.2116150856018,0
94.21166443824768,0
94.2181167602539,0
94.21814274787904,0
94.22616362571716,0
94.22624158859252,0
94.22626543045044,0
94.2295093536377,0
94.23069214820862,0
94.2307472229004,0
94.23093008995056,0
94.2436182498932,0
94.25101041793825,0
94.25111389160156,0
94.2512276172638,0
94.25379014015198,0
94.25537371635436,0
94.25576376914978,0
94.25649881362916,0
94.25707650184631,0
94.25721311569214,0
94.25794863700868,0
94.262868642807,0
94.26291275024414,0
94.26390886306764,0
94.26395416259766,0
94.26591873168944,0
94.26642084121704,0
94.26672554016112,0
94.2682807445526,0
94.2703697681427,0
94.27097010612488,0
94.27098393440248,0
94.29015278816225,0
94.2901644706726,0
94.29224109649658,0
94.2933840751648,0
94.29379796981812,0
94.29436922073364,0
94.29458904266356,0
94.2964050769806,0
94.2964141368866,0
94.29720091819765,0
94.29769086837769,0
94.29778957366943,0
94.2993745803833,0
94.29942059516908,0
94.30091547966003,0
94.30448985099792,0
94.30918598175047,0
94.31042242050172,0
94.31048130989076,0
94.3105285167694,0
94.330233335495,0
94.3302607536316,0
94.33032631874084,0
94.34366464614868,0
94.34370732307434,0
94.34579253196716,0
94.34613084793092,0
94.3461527824402,0
94.34618163108826,0
94.34872460365295,0
94.34891152381896,0
94.34891295433044,0
94.3500599861145,0
94.35009670257568,0
94.35011386871338,0
94.36432766914368,0
94.371173620224,0
94.3715398311615,0
94.37223362922668,0
94.37225914001463,0
94.37227535247804,0
94.37229108810423,0
94.37234497070312,0
94.37555837631226,0
94.3758738040924,0
94.3761842250824,0
94.3902416229248,0
94.39029240608215,0
94.39039778709412,0
94.41020083427428,0
94.41023540496826,0
94.41032576560974,0
94.42994737625122,0
94.43001103401184,0
94.430011510849,0
94.4342484474182,0
94.4344789981842,0
94.43540024757384,0
94.43545579910278,0
94.43673658370972,0
94.4501211643219,0
94.45015954971312,0
94.45021915435792,0
94.46901655197144,0
94.47060322761536,0
94.47061157226562,0
94.47070121765135,0
94.47073149681091,0
94.4708216190338,0
94.47256088256836,0
94.47404980659483,0
94.47408747673036,0
94.47410655021667,0
94.47447538375854,0
94.49273657798769,0
94.49274444580078,0
94.49278259277344,0
94.49365401268004,0
94.49448704719543,0
94.49460005760191,0
94.49517035484314,0
94.4976794719696,0
94.4983093738556,0
94.49835896492004,0
94.49996709823608,0
94.50003051757812,0
94.50179409980774,0
94.50191068649292,0
94.5032730102539,0
94.51047539711,0
94.51215434074402,0
94.512193441391,0
94.52569007873537,0
94.52638363838196,0
94.52643132209778,0
94.5269067287445,0
94.52747917175292,0
94.52750611305235,0
94.5280261039734,0
94.52806639671326,0
94.53094935417175,0
94.53095483779909,0
94.53097581863403,0
94.55046105384828,0
94.55061984062196,0
94.55063891410828,0
94.55125880241394,0
94.55129790306091,0
94.55393075942992,0
94.55399703979492,0
94.5540144443512,0
94.5540328025818,0
94.55789589881896,0
94.55798888206482,0
94.5580117702484,0
94.5633385181427,0
94.56686401367188,0
94.5677134990692,0
94.56999468803406,0
94.57002377510072,0
94.57026600837708,0
94.58992218971252,0
94.5907096862793,0
94.5907347202301,0
94.5907518863678,0
94.5926160812378,0
94.59308910369872,0
94.5932002067566,0
94.5933096408844,0
94.59333753585815,0
94.59369683265686,0
94.59530568122864,0
94.59538388252258,0
94.59839510917664,0
94.59847950935364,0
94.61019372940063,0
94.61023712158205,0
94.61034774780272,0
94.62063550949097,0
94.63052678108215,0
94.63073587417604,0
94.63075804710388,0
94.64048027992249,0
94.64140558242798,0
94.64218163490295,0
94.64221405982973,0
94.64443111419678,0
94.64444828033449,0
94.6444926261902,0
94.65034747123718,0
94.65038871765135,0
94.65044903755188,0
94.66381311416626,0
94.66664433479308,0
94.67043471336363,0
94.67047548294067,0
94.67049789428712,0
94.69081735610962,0
94.69087839126588,0
94.69090986251832,0
94.69591689109802,0
94.7103946208954,0
94.71051025390624,0
94.7105791568756,0
94.71066784858704,0
94.71069598197936,0
94.7108085155487,0
94.710862159729,0
94.7131416797638,0
94.71316242218018,0
94.71318459510805,0
94.7208080291748,0
94.72107434272766,0
94.72479701042175,0
94.72483086586,0
94.72696232795715,0
94.72723412513731,0
94.72725510597228,0
94.72732591629028,0
94.72848701477052,0
94.7287051677704,0
94.72927808761597,0
94.73065280914308,0
94.73068571090698,0
94.73070669174194,0
94.73233389854433,0
94.7407612800598,0
94.74084091186523,0
94.74356937408449,0
94.74366879463196,0
94.74368834495544,0
94.7438144683838,0
94.74445676803587,0
94.74448776245116,0
94.74470496177672,0
94.74609708786012,0
94.7471833229065,0
94.747905254364,0
94.7498698234558,0
94.7499029636383,0
94.76133179664612,0
94.76159358024596,0
94.76419496536256,0
94.76453161239624,0
94.76471257209778,0
94.76473569869997,0
94.76518654823305,0
94.77003645896912,0
94.7700695991516,0
94.77008819580078,0
94.790137052536,0
94.790180683136,0
94.79019975662231,0
94.79563283920288,0
94.79563999176024,0
94.8102216720581,0
94.81026935577393,0
94.81043410301208,0
94.82314705848694,0
94.82317733764648,0
94.82770442962646,0
94.83304595947266,0
94.83308339118958,0
94.83384943008424,0
94.83526229858398,0
94.83540225028992,0
94.8355197906494,0
94.83553957939148,0
94.84961366653442,0
94.84966564178468,0
94.849782705307,0
94.84995007514954,0
94.84996891021729,0
94.850004196167,0
94.85158371925354,0
94.85653710365295,0
94.85669255256651,0
94.86391258239746,0
94.86395001411438,0
94.86396765708923,0
94.86437487602234,0
94.86491513252258,0
94.86494064331056,0
94.86517190933228,0
94.87005758285522,0
94.87009501457214,0
94.87010908126832,0
94.89041376113892,0
94.89041447639464,0
94.89046621322632,0
94.89636254310608,0
94.89656615257265,0
94.91118454933168,0
94.91123962402344,0
94.91136980056764,0
94.92008900642396,0
94.9202070236206,0
94.92364120483398,0
94.93042731285097,0
94.9305338859558,0
94.93055582046507,0
94.94476532936096,0
94.94482040405272,0
94.94729614257812,0
94.94736123085022,0
94.9474196434021,0
94.94748044013976,0
94.9526708126068,0
94.9527349472046,0
94.95280885696413,0
94.95447206497192,0
94.95451188087463,0
94.95457315444946,0
94.9705686569214,0
94.97062921524048,0
94.9708526134491,0
94.97438502311708,0
94.9746925830841,0
94.9747233390808,0
94.97479557991028,0
94.97787046432497,0
94.97816348075868,0
94.97843027114868,0
94.97962379455566,0
94.99117398262024,0
94.99117493629456,0
94.99126815795898,0
94.9941873550415,0
94.99470210075378,0
94.99470233917236,0
94.99476194381714,0
94.99517154693604,0
94.99520325660706,0
94.99682545661926,0
95.01166272163393,0
95.01168203353882,0
95.01170110702516,0
95.02439165115356,0
95.03966116905212,0
95.03967928886414,0
95.03974342346191,0
95.03978037834167,0
95.03982973098756,0
95.03986048698424,0
95.03991723060608,0
95.04000878334044,0
95.040025472641,0
95.04281640052795,0
95.04287099838255,0
95.04289174079896,0
95.0437605381012,0
95.04377770423888,0
95.04411005973816,0
95.06433057785034,0
95.06436681747437,0
95.0644121170044,0
95.06467604637146,0
95.0718080997467,0
95.0718514919281,0
95.07198405265808,0
95.07511138916016,0
95.07521963119508,0
95.07528686523438,0
95.07533407211304,0
95.0851707458496,0
95.08519911766052,0
95.08521246910097,0
95.0865273475647,0
95.08857011795044,0
95.09098720550536,0
95.0909914970398,0
95.09579801559448,0
95.09584784507751,0
95.09673500061037,0
95.10202217102052,0
95.10205411911012,0
95.10206866264345,0
95.1214325428009,0
95.12448954582214,0
95.12451171875,0
95.12452578544617,0
95.1245710849762,0
95.12458515167236,0
95.12459778785706,0
95.12634491920473,0
95.1273272037506,0
95.12736654281616,0
95.14332318305968,0
95.14335370063782,0
95.14336037635805,0
95.15428733825684,0
95.1605339050293,0
95.16056394577026,0
95.16057682037354,0
95.18213772773744,0
95.18216848373412,0
95.18222975730896,0
95.18406176567078,0
95.18442368507384,0
95.18527960777284,0
95.18547010421752,0
95.18553566932678,0
95.18555331230164,0
95.18813228607178,0
95.18815994262695,0
95.18817663192748,0
95.2013292312622,0
95.20136332511902,0
95.201420545578,0
95.20663690567017,0
95.2066719532013,0
95.20678186416626,0
95.2067894935608,0
95.20882034301758,0
95.20899534225464,0
95.20910120010376,0
95.20971155166626,0
95.20974516868591,0
95.21383857727052,0
95.21388936042786,0
95.21836376190186,0
95.22241377830504,0
95.2243025302887,0
95.22433614730836,0
95.23069739341736,0
95.23074889183044,0
95.23075032234192,0
95.25415873527528,0
95.25419235229492,0
95.2541995048523,0
95.25421380996704,0
95.25820088386536,0
95.25822019577026,0
95.25823593139648,0
95.2582528591156,0
95.25924801826476,0
95.26223635673524,0
95.26491403579712,0
95.26503920555116,0
95.26505756378174,0
95.26739120483398,0
95.26745104789734,0
95.2678496837616,0
95.26788592338562,0
95.27010035514832,0
95.27015995979308,0
95.27028107643127,0
95.27186632156372,0
95.28452801704408,0
95.28455781936646,0
95.28457355499268,0
95.2889039516449,0
95.29426431655884,0
95.29432344436646,0
95.2944037914276,0
95.2945477962494,0
95.29465746879578,0
95.30627918243408,0
95.3063051700592,0
95.3063576221466,0
95.31986474990843,0
95.31989645957948,0
95.3199074268341,0
95.32160496711732,0
95.3216290473938,0
95.32183527946472,0
95.32185006141664,0
95.3236758708954,0
95.3237075805664,0
95.32414650917052,0
95.3250105381012,0
95.33895301818848,0
95.3391056060791,0
95.33920216560364,0
95.34064269065856,0
95.3406536579132,0
95.36022520065308,0
95.360289812088,0
95.36030721664427,0
95.36216473579408,0
95.36440324783324,0
95.36443829536438,0
95.36445832252502,0
95.3646113872528,0
95.36463046073914,0
95.36479592323305,0
95.36587429046632,0
95.38270568847656,0
95.3827543258667,0
95.3827702999115,0
95.4020779132843,0
95.40208959579468,0
95.40210294723512,0
95.42478489875792,0
95.424818277359,0
95.4248354434967,0
95.426353931427,0
95.42655301094057,0
95.42729902267456,0
95.427325963974,0
95.43329095840454,0
95.43364453315736,0
95.43400073051453,0
95.44029569625854,0
95.44031023979188,0
95.44165420532228,0
95.44168162345886,0
95.44169330596924,0
95.45038795471191,0
95.45043015480042,0
95.45257377624512,0
95.45274949073792,0
95.45276403427124,0
95.45277452468872,0
95.45914340019226,0
95.45918488502502,0
95.45921683311462,0
95.46682691574097,0
95.4670901298523,0
95.46709775924684,0
95.4678030014038,0
95.47445774078368,0
95.47622394561768,0
95.4763777256012,0
95.4764530658722,0
95.476539850235,0
95.47657942771912,0
95.47662138938904,0
95.48433470726012,0
95.48436522483826,0
95.48437762260436,0
95.49001836776732,0
95.49005055427553,0
95.49006533622742,0
95.49180793762208,0
95.49656319618224,0
95.49697017669678,0
95.49712920188904,0
95.49729013442992,0
95.50086188316344,0
95.50088334083556,0
95.50136756896973,0
95.50271344184875,0
95.5027482509613,0
95.50460863113403,0
95.50461483001708,0
95.50771594047546,0
95.51024580001832,0
95.51062417030334,0
95.5106589794159,0
95.51067638397215,0
95.53050446510316,0
95.53053617477416,0
95.5305552482605,0
95.53580474853516,0
95.54566287994383,0
95.5456817150116,0
95.54689598083496,0
95.54716062545776,0
95.54735279083252,0
95.54754900932312,0
95.54922318458556,0
95.5492467880249,0
95.55037927627563,0
95.55039715766908,0
95.55044913291933,0
95.55081367492676,0
95.55118370056152,0
95.5568869113922,0
95.57103228569032,0
95.57103729248048,0
95.57111525535583,0
95.5759813785553,0
95.5802834033966,0
95.58048129081726,0
95.5807843208313,0
95.58079552650452,0
95.58185744285583,0
95.58188557624815,0
95.58231449127196,0
95.58463382720949,0
95.58469557762146,0
95.58891177177428,0
95.58899164199828,0
95.59015202522278,0
95.59019017219543,0
95.59034657478333,0
95.61014747619627,0
95.61019039154051,0
95.61028146743774,0
95.62942504882812,0
95.6325798034668,0
95.6326379776001,0
95.6329357624054,0
95.64184665679932,0
95.6427059173584,0
95.6427652835846,0
95.64301419258118,0
95.64520788192748,0
95.64523696899414,0
95.64524149894714,0
95.64657473564148,0
95.64673495292664,0
95.64675068855286,0
95.6467626094818,0
95.64829754829408,0
95.64833188056946,0
95.64834761619568,0
95.6497151851654,0
95.65032696723938,0
95.65038514137268,0
95.66479682922365,0
95.66483116149902,0
95.66484832763672,0
95.66486525535583,0
95.66773867607117,0
95.66783690452576,0
95.66786217689514,0
95.67023181915285,0
95.67026829719543,0
95.67028498649596,0
95.68492913246156,0
95.6870288848877,0
95.68949723243712,0
95.6903440952301,0
95.69254612922668,0
95.6942458152771,0
95.69429349899292,0
95.69455695152284,0
95.69456005096436,0
95.69488954544067,0
95.7035675048828,0
95.70358896255492,0
95.70360469818117,0
95.70573925971983,0
95.70695281028748,0
95.7071659564972,0
95.70717453956604,0
95.71039700508118,0
95.71043062210084,0
95.7106637954712,0
95.71468663215636,0
95.73013210296632,0
95.7301471233368,0
95.73016786575316,0
95.75543165206908,0
95.7554488182068,0
95.75546526908876,0
95.75551652908324,0
95.75556015968324,0
95.75606679916382,0
95.75608658790588,0
95.75653433799744,0
95.757226228714,0
95.7572500705719,0
95.75726675987244,0
95.7572853565216,0
95.75730395317078,0
95.77022337913512,0
95.77026462554932,0
95.77028322219849,0
95.78213691711426,0
95.78228068351746,0
95.78245806694032,0
95.7826645374298,0
95.7831575870514,0
95.78318452835084,0
95.78359723091124,0
95.79156804084778,0
95.79160618782043,0
95.79165983200072,0
95.79614424705504,0
95.79614853858948,0
95.79799389839172,0
95.7980613708496,0
95.8140320777893,0
95.81407928466795,0
95.81412029266356,0
95.8274908065796,0
95.82754468917848,0
95.83078932762146,0
95.83083581924438,0
95.83085250854492,0
95.84657549858092,0
95.85084581375122,0
95.85089111328124,0
95.8518054485321,0
95.85348844528198,0
95.85378837585448,0
95.85381984710692,0
95.85387706756592,0
95.85758900642396,0
95.85765409469604,0
95.8577139377594,0
95.8602011203766,0
95.86023664474487,0
95.8602466583252,0
95.86142301559448,0
95.86440634727478,0
95.86483597755432,0
95.86487078666688,0
95.86516189575195,0
95.87026166915894,0
95.8702929019928,0
95.87049078941344,0
95.89078116416933,0
95.89086627960204,0
95.89092564582825,0
95.89236569404602,0
95.89258289337158,0
95.89288258552553,0
95.8930206298828,0
95.89774203300476,0
95.89782500267027,0
95.8979194164276,0
95.89954447746275,0
95.89961528778076,0
95.90348434448242,0
95.90353417396544,0
95.90369772911072,0
95.90777277946472,0
95.92452025413512,0
95.92468667030334,0
95.92469382286072,0
95.93953037261964,0
95.94312500953674,0
95.94313836097716,0
95.94315314292908,0
95.9648506641388,0
95.96488666534424,0
95.96496367454527,0
95.96827006340028,0
95.96829843521118,0
95.96947979927064,0
95.9696934223175,0
95.96971535682678,0
95.9697847366333,0
95.97457814216614,0
95.97469806671144,0
95.97470498085022,0
95.97684049606325,0
95.9822554588318,0
95.983580827713,0
95.98370337486269,0
95.98390340805054,0
95.9840977191925,0
95.98575448989868,0
95.98795771598816,0
95.98820519447328,0
95.99180555343628,0
95.9918224811554,0
96.00049757957458,0
96.00053119659424,0
96.00054407119752,0
96.01699829101562,0
96.0240399837494,0
96.02407312393188,0
96.02408933639526,0
96.03976774215698,0
96.03979396820068,0
96.0397970676422,0
96.04554533958436,0
96.04556965827942,0
96.04562497138976,0
96.04563999176024,0
96.04722237586977,0
96.04722428321838,0
96.04724359512328,0
96.06094002723694,0
96.06096744537354,0
96.06102991104126,0
96.06287479400636,0
96.08151769638062,0
96.08154606819151,0
96.08156299591064,0
96.08787989616394,0
96.08833503723145,0
96.08894157409668,0
96.08894968032835,0
96.09055495262146,0
96.090970993042,0
96.09117126464844,0
96.09497380256651,0
96.09532737731934,0
96.09533739089966,0
96.095356464386,0
96.09765601158142,0
96.09768629074097,0
96.09788537025452,0
96.09982013702393,0
96.09982633590698,0
96.101140499115,0
96.10139656066896,0
96.10210704803468,0
96.10215377807616,0
96.10219812393188,0
96.12214493751526,0
96.12218070030212,0
96.12224173545836,0
96.12662601470949,0
96.1308207511902,0
96.130854845047,0
96.13100504875185,0
96.13494229316711,0
96.1349687576294,0
96.13500499725342,0
96.1351490020752,0
96.135178565979,0
96.13519477844238,0
96.13581895828248,0
96.13669300079346,0
96.1479833126068,0
96.15020036697388,0
96.15053129196168,0
96.15059089660645,0
96.15162754058838,0
96.1664867401123,0
96.16657781600952,0
96.16944813728333,0
96.16947150230408,0
96.16954946517944,0
96.16956973075868,0
96.17075800895692,0
96.17079091072084,0
96.1708402633667,0
96.17088651657104,0
96.1709349155426,0
96.17102551460266,0
96.17172026634216,0
96.18314170837402,0
96.18499803543092,0
96.18529319763184,0
96.19008922576904,0
96.19012928009032,0
96.19015002250671,0
96.19434785842896,0
96.1944375038147,0
96.21093368530272,0
96.21132850646973,0
96.21135067939758,0
96.21862888336182,0
96.23101925849916,0
96.23117327690125,0
96.23119854927064,0
96.2314636707306,0
96.23147869110107,0
96.23148798942566,0
96.23150253295898,0
96.24366545677184,0
96.24370622634888,0
96.24447989463806,0
96.24508166313171,0
96.2505395412445,0
96.25057101249696,0
96.2511854171753,0
96.25797724723816,0
96.25811553001404,0
96.2581422328949,0
96.25817465782166,0
96.26297163963318,0
96.26299476623537,0
96.2630100250244,0
96.27067017555235,0
96.27077531814577,0
96.27088236808775,0
96.28021597862244,0
96.2802505493164,0
96.28327775001526,0
96.28375601768494,0
96.28460884094238,0
96.29213261604308,0
96.29216837882996,0
96.30271768569946,0
96.30276536941528,0
96.3027880191803,0
96.30288290977478,0
96.30990529060364,0
96.3099467754364,0
96.31028413772584,0
96.31077933311462,0
96.3108229637146,0
96.3108561038971,0
96.32148504257202,0
96.32193732261658,0
96.32195258140564,0
96.32197880744934,0
96.32946634292604,0
96.33041048049928,0
96.33045792579652,0
96.33076000213624,0
96.33278799057008,0
96.33284878730774,0
96.33288478851318,0
96.34286665916444,0
96.34288692474364,0
96.3502161502838,0
96.35025262832642,0
96.3502688407898,0
96.36269354820251,0
96.36273503303528,0
96.3627541065216,0
96.36277437210084,0
96.36796116828918,0
96.36800241470335,0
96.36835241317748,0
96.36928510665894,0
96.37061309814452,0
96.37066316604614,0
96.37068247795104,0
96.38579320907591,0
96.3858277797699,0
96.38605332374571,0
96.38607788085938,0
96.38906693458556,0
96.389262676239,0
96.389643907547,0
96.39016962051392,0
96.39022874832152,0
96.39024782180786,0
96.39218473434448,0
96.39247679710388,0
96.39880228042604,0
96.3992326259613,0
96.4101574420929,0
96.4101996421814,0
96.41031575202942,0
96.41202974319458,0
96.41350841522215,0
96.43428134918211,0
96.43432641029358,0
96.43434572219849,0
96.4502091407776,0
96.45025849342346,0
96.4508249759674,0
96.47048807144164,0
96.47053599357604,0
96.47056651115416,0
96.47334098815918,0
96.48063015937804,0
96.48068237304688,0
96.48116540908812,0
96.48120927810668,0
96.4858512878418,0
96.48604106903076,0
96.48607110977171,0
96.48698258399963,0
96.49055314064026,0
96.49060010910034,0
96.49067640304564,0
96.49624252319336,0
96.4995367527008,0
96.4995653629303,0
96.4996302127838,0
96.50117659568788,0
96.50122356414796,0
96.50129985809326,0
96.5026466846466,0
96.5026912689209,0
96.504540681839,0
96.50478768348694,0
96.5102677345276,0
96.51031160354614,0
96.51031422615053,0
96.5201382637024,0
96.52410340309144,0
96.53199863433838,0
96.53229570388794,0
96.53234553337096,0
96.5502383708954,0
96.55035090446472,0
96.55054593086244,0
96.55941081047058,0
96.56525325775146,0
96.56557083129884,0
96.57125115394592,0
96.5713140964508,0
96.57134056091309,0
96.5907654762268,0
96.59084129333496,0
96.5908637046814,0
96.59385585784912,0
96.59400939941406,0
96.59408712387084,0
96.59416699409483,0
96.59797978401184,0
96.5980179309845,0
96.59812307357788,0
96.60069608688354,0
96.60090374946594,0
96.60129976272584,0
96.60132217407228,0
96.60385203361513,0
96.60385251045228,0
96.60389971733092,0
96.6047728061676,0
96.61233520507812,0
96.612375497818,0
96.6124312877655,0
96.61367654800416,0
96.61368322372437,0
96.61600971221924,0
96.61606788635254,0
96.61776542663574,0
96.6202962398529,0
96.63064074516296,0
96.63067936897278,0
96.63100600242616,0
96.63760733604433,0
96.64439821243286,0
96.64448308944702,0
96.64449954032898,0
96.64492702484132,0
96.64999389648438,0
96.6501531600952,0
96.65017080307008,0
96.66196060180664,0
96.66199374198914,0
96.6625440120697,0
96.67049074172974,0
96.67052936553956,0
96.67084074020386,0
96.6812584400177,0
96.69005870819092,0
96.69011759757996,0
96.69013714790344,0
96.71021723747252,0
96.71026062965392,0
96.71069598197936,0
96.73079109191896,0
96.73083710670473,0
96.73095154762268,0
96.73764896392822,0
96.7376663684845,0
96.7376823425293,0
96.73784351348876,0
96.73786497116087,0
96.73799204826356,0
96.73874926567078,0
96.74066066741943,0
96.7406861782074,0
96.74561476707458,0
96.74629068374634,0
96.74726271629332,0
96.75308895111084,0
96.75340390205383,0
96.75352454185486,0
96.75696563720705,0
96.75726342201231,0
96.75728845596312,0
96.75734090805054,0
96.75917744636536,0
96.7596755027771,0
96.75970697402954,0
96.76336812973022,0
96.76686716079712,0
96.76689863204956,0
96.7699716091156,0
96.7700333595276,0
96.7700490951538,0
96.77681016921996,0
96.77682280540466,0
96.77753853797913,0
96.77757358551024,0
96.77875089645386,0
96.77888655662537,0
96.77995538711548,0
96.7899398803711,0
96.78997087478638,0
96.79000568389893,0
96.80207920074464,0
96.80217838287354,0
96.80370950698853,0
96.80377078056335,0
96.8050467967987,0
96.8052213191986,0
96.80535578727722,0
96.80536389350893,0
96.80685186386108,0
96.80687689781188,0
96.80688858032228,0
96.81005311012268,0
96.81009483337402,0
96.81011366844176,0
96.8144805431366,0
96.83076095581056,0
96.8308002948761,0
96.83081698417664,0
96.84073090553284,0
96.84155750274658,0
96.84176921844482,0
96.8418266773224,0
96.84298992156982,0
96.8430790901184,0
96.84360361099245,0
96.8591811656952,0
96.8606686592102,0
96.86102819442748,0
96.86107897758484,0
96.8625135421753,0
96.87712574005128,0
96.8841941356659,0
96.88424444198608,0
96.884254693985,0
96.88635277748108,0
96.88636708259584,0
96.8864402770996,0
96.889324426651,0
96.90203189849854,0
96.90206670761108,0
96.90216946601868,0
96.903306722641,0
96.90337610244752,0
96.90339636802672,0
96.9038028717041,0
96.90384912490843,0
96.90634250640868,0
96.90636205673218,0
96.9184923171997,0
96.91991806030272,0
96.92157649993896,0
96.92376804351808,0
96.92380285263062,0
96.92406439781188,0
96.94044089317322,0
96.94044709205627,0
96.94173812866212,0
96.94176816940308,0
96.94180226325987,0
96.95426630973816,0
96.95430374145508,0
96.95432257652284,0
96.95437932014464,0
96.96195721626282,0
96.96201372146606,0
96.9620304107666,0
96.98370814323424,0
96.98374629020692,0
96.98383784294128,0
96.98833298683168,0
96.98837614059448,0
96.98875188827516,0
96.99025106430054,0
96.9929187297821,0
97.00423979759216,0
97.00427484512328,0
97.004292011261,0
97.01118564605711,0
97.0175166130066,0
97.01754665374756,0
97.0178861618042,0
97.01791501045228,0
97.02387595176695,0
97.02389550209044,0
97.02397894859314,0
97.02399396896362,0
97.02403354644775,0
97.02407598495483,0
97.02627182006836,0
97.02632021903992,0
97.03740787506104,0
97.04291582107544,0
97.042946100235,0
97.04295134544373,0
97.05962896347046,0
97.05966281890868,0
97.0597321987152,0
97.06419205665588,0
97.06423759460448,0
97.06424188613892,0
97.0642957687378,0
97.06440210342409,0
97.0644509792328,0
97.06450009346008,0
97.06585025787354,0
97.06598830223083,0
97.06600308418274,0
97.06604051589966,0
97.07769656181335,0
97.07824468612672,0
97.0783531665802,0
97.07880592346191,0
97.0792636871338,0
97.0792911052704,0
97.07930612564088,0
97.1001079082489,0
97.10014081001282,0
97.10020899772644,0
97.10953330993652,0
97.10956335067748,0
97.10961103439332,0
97.1096305847168,0
97.11124348640442,0
97.11128640174866,0
97.11259484291077,0
97.11263012886047,0
97.11264562606812,0
97.1126675605774,0
97.11319041252136,0
97.11326956748962,0
97.11447715759276,0
97.1145839691162,0
97.11781287193298,0
97.14627647399902,0
97.14631342887878,0
97.14635252952576,0
97.14967393875122,0
97.14969563484192,0
97.14975881576538,0
97.14980101585388,0
97.14984440803528,0
97.1498839855194,0
97.15369153022766,0
97.15390300750732,0
97.1540195941925,0
97.15590023994446,0
97.16094064712524,0
97.1609752178192,0
97.1609878540039,0
97.1788260936737,0
97.17899966239928,0
97.17911672592165,0
97.17942214012146,0
97.1808741092682,0
97.18090295791626,0
97.18112468719482,0
97.18333745002748,0
97.1834020614624,0
97.18342208862305,0
97.2006573677063,0
97.20069193840028,0
97.20270490646362,0
97.20273995399477,0
97.2029993534088,0
97.22026348114014,0
97.22030901908876,0
97.22125434875488,0
97.22291779518127,0
97.2229516506195,0
97.22300004959106,0
97.22389316558838,0
97.24231386184692,0
97.24234747886658,0
97.2424771785736,0
97.262104511261,0
97.26210474967957,0
97.26215124130248,0
97.2667784690857,0
97.2721471786499,0
97.27216291427612,0
97.2721781730652,0
97.27224683761597,0
97.2753839492798,0
97.27542448043825,0
97.27545309066772,0
97.28285884857178,0
97.28315496444702,0
97.28318119049072,0
97.30151224136353,0
97.30154061317444,0
97.30160140991212,0
97.302179813385,0
97.32270622253418,0
97.3227677345276,0
97.32291388511658,0
97.33573985099792,0
97.33575820922852,0
97.33610701560974,0
97.33629488945007,0
97.33632445335388,0
97.33655071258544,0
97.33674383163452,0
97.33699560165404,0
97.33702278137208,0
97.3373212814331,0
97.3384850025177,0
97.34667015075684,0
97.346697807312,0
97.34671139717102,0
97.34793972969057,0
97.34795475006104,0
97.34968781471252,0
97.34971952438354,0
97.3497314453125,0
97.34974813461304,0
97.35116529464722,0
97.35119342803956,0
97.35120677947998,0
97.35175108909608,0
97.3602192401886,0
97.36183333396912,0
97.36185121536256,0
97.36197781562804,0
97.36204385757446,0
97.36249494552612,0
97.36250853538512,0
97.36352372169496,0
97.36355018615724,0
97.36357522010805,0
97.3701057434082,0
97.37013697624208,0
97.37013721466064,0
97.38354158401488,0
97.388831615448,0
97.38914728164671,0
97.38918328285216,0
97.38968205451964,0
97.39295530319214,0
97.39345288276672,0
97.39407110214232,0
97.39657926559448,0
97.39689755439758,0
97.39885330200195,0
97.39889121055604,0
97.40374374389648,0
97.40374422073364,0
97.4037868976593,0
97.42255306243896,0
97.42256474494934,0
97.42260408401488,0
97.44402933120728,0
97.44422245025636,0
97.44424057006836,0
97.44876670837402,0
97.45726037025452,0
97.45727443695068,0
97.45728516578674,0
97.45729756355286,0
97.45920372009276,0
97.45921659469604,0
97.4592628479004,0
97.45992755889893,0
97.4600203037262,0
97.4605016708374,0
97.46051669120789,0
97.46263527870178,0
97.4781448841095,0
97.47816777229308,0
97.47818326950072,0
97.49085927009584,0
97.4948673248291,0
97.49488377571106,0
97.4954595565796,0
97.49549102783205,0
97.50250720977785,0
97.5025758743286,0
97.50259518623352,0
97.502676486969,0
97.5027437210083,0
97.50280356407166,0
97.50282096862792,0
97.50288772583008,0
97.502907037735,0
97.5029821395874,0
97.51884055137634,0
97.52002811431883,0
97.52087950706482,0
97.52110290527344,0
97.52113032341003,0
97.52138662338255,0
97.54274582862854,0
97.54278182983398,0
97.54282879829408,0
97.54992461204527,0
97.54993295669556,0
97.55130910873412,0
97.5517554283142,0
97.55178213119508,0
97.55183100700378,0
97.55492210388184,0
97.55499053001404,0
97.55500841140748,0
97.55682516098022,0
97.55683493614195,0
97.55683708190918,0
97.55687499046326,0
97.5632483959198,0
97.56356167793274,0
97.56356287002563,0
97.56363224983215,0
97.56633257865906,0
97.5663595199585,0
97.5663993358612,0
97.57831621170044,0
97.5783417224884,0
97.57880544662476,0
97.58998727798462,0
97.59002113342284,0
97.5900580883026,0
97.59572434425354,0
97.59594249725342,0
97.5959734916687,0
97.59602427482604,0
97.600821018219,0
97.60084128379822,0
97.60090517997742,0
97.60173153877258,0
97.60179257392883,0
97.60391783714294,0
97.60394811630248,0
97.604749917984,0
97.60916233062744,0
97.61435174942017,0
97.62287735939026,0
97.62291622161864,0
97.62293028831482,0
97.64276266098022,0
97.64279699325562,0
97.6428542137146,0
97.6493935585022,0
97.64943861961363,0
97.64945888519289,0
97.64952063560486,0
97.6536934375763,0
97.65373396873474,0
97.653831243515,0
97.6538472175598,0
97.66015982627869,0
97.66017627716064,0
97.66021060943604,0
97.66074872016908,0
97.66376543045044,0
97.6638205051422,0
97.66386032104492,0
97.664053440094,0
97.66485595703124,0
97.66488671302795,0
97.68130445480348,0
97.68133974075316,0
97.68275594711304,0
97.69750499725342,0
97.6975474357605,0
97.7000608444214,0
97.70006132125854,0
97.70381021499634,0
97.7038414478302,0
97.70385551452635,0
97.71637058258057,0
97.725102186203,0
97.72510242462158,0
97.72520279884338,0
97.74197030067444,0
97.7419867515564,0
97.742005109787,0
97.74805879592896,0
97.7480742931366,0
97.7582676410675,0
97.75828981399536,0
97.75830340385436,0
97.76203966140748,0
97.7621202468872,0
97.76225447654724,0
97.7622709274292,0
97.7642810344696,0
97.76439499855042,0
97.7644054889679,0
97.76569294929504,0
97.78120946884157,0
97.7812385559082,0
97.78180956840517,0
97.7839617729187,0
97.78398633003236,0
97.7839994430542,0
97.78401255607604,0
97.79740858078004,0
97.7974636554718,0
97.7974796295166,0
97.79755854606628,0
97.7975742816925,0
97.79760670661926,0
97.79760789871216,0
97.80157017707825,0
97.8016004562378,0
97.8017029762268,0
97.81319570541382,0
97.82308340072632,0
97.82315874099731,0
97.82317471504211,0
97.83092331886292,0
97.83095788955688,0
97.83099937438963,0
97.84223699569702,0
97.84377598762512,0
97.84378981590272,0
97.84380722045898,0
97.84450626373292,0
97.84452056884766,0
97.84458994865416,0
97.84989738464355,0
97.84992790222168,0
97.84997272491456,0
97.87059736251832,0
97.87063670158386,0
97.87065243721008,0
97.87205457687378,0
97.87261438369752,0
97.87686538696288,0
97.88881087303162,0
97.88885045051576,0
97.88895678520204,0
97.8893105983734,0
97.89039015769958,0
97.89039421081544,0
97.89043807983398,0
97.89537978172302,0
97.8953948020935,0
97.89569330215454,0
97.91018629074097,0
97.9102292060852,0
97.9102475643158,0
97.92328095436096,0
97.92332887649536,0
97.92551946640016,0
97.92558169364928,0
97.92642331123352,0
97.93095231056212,0
97.930992603302,0
97.93101286888124,0
97.943500995636,0
97.9438705444336,0
97.94507193565369,0
97.94767999649048,0
97.94771027565002,0
97.94848799705504,0
97.95017623901369,0
97.95022439956664,0
97.9502444267273,0
97.96949076652528,0
97.96952939033508,0
97.969952583313,0
97.97048902511597,0
97.97067832946776,0
97.97069907188416,0
97.971773147583,0
97.97636079788208,0
97.9779646396637,0
97.98047375679016,0
97.98053741455078,0
97.98086500167848,0
97.98646450042725,0
97.98803329467772,0
97.99034309387208,0
97.9903826713562,0
97.9904100894928,0
98.01010155677795,0
98.01018238067628,0
98.01020693778992,0
98.01745414733888,0
98.01785159111024,0
98.03083992004396,0
98.03088903427124,0
98.0309190750122,0
98.0423092842102,0
98.04239320755003,0
98.04484581947328,0
98.05108046531676,0
98.05114197731018,0
98.0511884689331,0
98.07027888298036,0
98.0703272819519,0
98.07038021087646,0
98.0735821723938,0
98.07362699508668,0
98.07365012168884,0
98.07366847991943,0
98.07820081710815,0
98.07823181152344,0
98.07825589179993,0
98.07997179031372,0
98.08073258399963,0
98.08077335357666,0
98.08077669143675,0
98.08144450187685,0
98.08174085617064,0
98.08177828788756,0
98.08224654197691,0
98.09010696411131,0
98.09012627601624,0
98.09012913703918,0
98.09055757522584,0
98.09249639511108,0
98.09472250938416,0
98.0947675704956,0
98.0969066619873,0
98.0969305038452,0
98.09752702713013,0
98.10498809814452,0
98.1069152355194,0
98.10873532295228,0
98.10881567001344,0
98.11027455329896,0
98.1103196144104,0
98.11039113998412,0
98.12551164627077,0
98.12558078765868,0
98.12565159797668,0
98.12571692466736,0
98.14620637893675,0
98.14625811576845,0
98.15202832221983,0
98.15204334259032,0
98.15622901916504,0
98.15847635269164,0
98.15850472450256,0
98.15851759910583,0
98.16073060035706,0
98.16077184677124,0
98.1607859134674,0
98.16329956054688,0
98.16332507133484,0
98.16339707374571,0
98.1658627986908,0
98.18101596832275,0
98.18104338645936,0
98.18105483055116,0
98.18594312667848,0
98.18596482276917,0
98.18813920021056,0
98.18845462799072,0
98.18887972831726,0
98.18889212608336,0
98.18922233581544,0
98.19164562225342,0
98.19168305397034,0
98.19317054748537,0
98.19320845603944,0
98.19654870033264,0
98.19657301902772,0
98.19660210609436,0
98.21444153785706,0
98.21708297729492,0
98.2170832157135,0
98.21710872650146,0
98.23648595809937,0
98.23651385307312,0
98.236558675766,0
98.25005078315736,0
98.25013947486876,0
98.25015950202942,0
98.25029945373537,0
98.25160002708436,0
98.25163078308104,0
98.2518105506897,0
98.25335574150084,0
98.2535252571106,0
98.2535436153412,0
98.25354409217834,0
98.25429725646973,0
98.25450944900513,0
98.25453400611876,0
98.2548840045929,0
98.25746393203735,0
98.2574861049652,0
98.25753545761108,0
98.2613275051117,0
98.26179575920104,0
98.26181411743164,0
98.2622447013855,0
98.2622754573822,0
98.26262974739076,0
98.26283717155457,0
98.27444291114809,1
98.2780442237854,1
98.27805709838869,1
98.27806973457336,1
98.28198742866516,1
98.28467416763306,1
98.2899477481842,1
98.28997015953064,1
98.29004096984865,1
98.30243706703186,1
98.30246686935423,1
98.30369639396667,1
98.30396938323976,1
98.30448341369627,1
98.31574773788452,1
98.31584239006042,1
98.31593918800354,1
98.31666207313538,1
98.31681752204896,1
98.316969871521,1
98.31737852096558,1
98.33628392219543,1
98.33639001846312,1
98.33642387390135,1
98.34662628173828,1
98.3466522693634,1
98.3481991291046,1
98.3482117652893,1
98.3559718132019,1
98.3560118675232,1
98.3560185432434,1
98.36769151687622,1
98.36791634559631,1
98.36843252182008,1
98.36869025230408,1
98.3687789440155,1
98.36975574493408,1
98.37048840522766,1
98.37056517601012,1
98.37524938583374,1
98.37527465820312,1
98.37687015533449,1
98.37755823135376,1
98.37759685516356,1
98.37761163711548,1
98.39595580101012,1
98.3959939479828,1
98.40496158599854,1
98.40499567985536,1
98.40662479400636,1
98.40662670135498,1
98.41313242912292,1
98.41314268112184,1
98.41315412521362,1
98.41316390037537,1
98.41317534446716,1
98.41561532020567,1
98.41563248634338,1
98.41587090492249,1
98.4220187664032,1
98.42368936538696,1
98.42370700836182,1
98.43543004989624,1
98.43545770645142,1
98.43546891212463,1
98.45460391044617,1
98.45463037490843,1
98.45591473579408,1
98.456218957901,1
98.47468996047974,1
98.47470593452454,1
98.47476387023926,1
98.48979711532591,1
98.4898271560669,1
98.49204349517822,1
98.49207663536072,1
98.4922173023224,1
98.49223470687866,1
98.49318552017212,1
98.49374437332152,1
98.4939739704132,1
98.49416279792786,1
98.4941792488098,1
98.4954125881195,1
98.49544668197632,1
98.49546074867249,1
98.49547839164734,1
98.49575090408324,1
98.49681210517883,1
98.4969518184662,1
98.49697041511536,1
98.49939441680908,1
98.4995288848877,1
98.50998449325562,1
98.51001620292664,1
98.51008248329164,1
98.51591801643372,1
98.530024766922,1
98.53006505966188,1
98.53013324737547,1
98.55031514167786,1
98.55131649971008,1
98.5513527393341,1
98.57062816619872,1
98.5706708431244,1
98.57075595855711,1
98.58709335327148,1
98.58710956573486,1
98.58885407447816,1
98.58887362480164,1
98.588885307312,1
98.5889859199524,1
98.59036684036256,1
98.59038305282591,1
98.59039902687071,1
98.5919120311737,1
98.59201955795288,1
98.59204006195068,1
98.59341502189636,1
98.60329413414,1
98.60420846939088,1
98.60675477981567,1
98.60676646232604,1
98.60882830619812,1
98.6088285446167,1
98.60913515090942,1
98.60989475250244,1
98.60994863510132,1
98.60999131202698,1
98.62388324737547,1
98.6239070892334,1
98.6239652633667,1
98.6242814064026,1
98.6263427734375,1
98.6267547607422,1
98.6271870136261,1
98.63006663322447,1
98.6301975250244,1
98.63027143478394,1
98.65036034584044,1
98.65093970298769,1
98.65099096298218,1
98.66990661621094,1
98.66993355751038,1
98.66994619369508,1
98.69025993347168,1
98.69030117988586,1
98.69067430496216,1
98.69391202926636,1
98.69976043701172,1
98.69984602928162,1
98.69986295700072,1
98.7006299495697,1
98.70331072807312,1
98.70338654518127,1
98.70340895652772,1
98.70545887947084,1
98.70852613449097,1
98.70886635780334,1
98.7089204788208,1
98.7111279964447,1
98.71114182472228,1
98.71116256713869,1
98.71162796020508,1
98.71166849136353,1
98.72258138656616,1
98.72708582878111,1
98.72744512557983,1
98.72757053375244,1
98.72759008407591,1
98.73032689094543,1
98.7303454875946,1
98.73036217689514,1
98.73084497451782,1
98.73089122772215,1
98.73095059394836,1
98.73740530014038,1
98.73764657974245,1
98.73766660690308,1
98.73768162727356,1
98.7404396533966,1
98.74072980880736,1
98.74082279205322,1
98.7502601146698,1
98.75029611587524,1
98.75032424926758,1
98.7643427848816,1
98.76797795295715,1
98.76813840866087,1
98.76888465881348,1
98.76915979385376,1
98.769677400589,1
98.76969909667967,1
98.77017593383788,1
98.7701985836029,1
98.77023196220398,1
98.77450633049013,1
98.7900664806366,1
98.79009819030762,1
98.79108929634094,1
98.7931351661682,1
98.79314732551576,1
98.79320120811462,1
98.79462337493896,1
98.79657673835754,1
98.79998898506165,1
98.8000192642212,1
98.80468916893004,1
98.80472445487976,1
98.8055899143219,1
98.81007385253906,1
98.81010293960573,1
98.81021690368652,1
98.81342267990112,1
98.81373286247252,1
98.81375002861024,1
98.81439661979675,1
98.82083201408386,1
98.82117772102356,1
98.821204662323,1
98.83009719848631,1
98.8301293849945,1
98.83014059066772,1
98.8499674797058,1
98.84999418258668,1
98.85000586509705,1
98.8553431034088,1
98.86990547180176,1
98.86994910240172,1
98.86995697021484,1
98.89018774032591,1
98.89022397994997,1
98.89023971557616,1
98.89291167259216,1
98.89311361312866,1
98.89313292503356,1
98.89314985275269,1
98.89669799804688,1
98.89675688743591,1
98.8968095779419,1
98.89813923835754,1
98.89817190170288,1
98.90031003952026,1
98.90032839775084,1
98.90096426010132,1
98.90807867050172,1
98.91057515144348,1
98.910626411438,1
98.91064500808716,1
98.91076040267944,1
98.91082072257996,1
98.91086316108704,1
98.9118790626526,1
98.9118947982788,1
98.91200590133668,1
98.91465520858765,1
98.93018817901611,1
98.93021249771118,1
98.93022680282591,1
98.94236063957214,1
98.94236254692078,1
98.950204372406,1
98.95023989677428,1
98.95025610923769,1
98.96988487243652,1
98.9698929786682,1
98.96992659568788,1
98.97401881217957,1
98.97426056861876,1
98.97428274154665,1
98.97431826591492,1
98.97645163536072,1
98.97645950317384,1
98.97650527954102,1
98.97832822799684,1
98.97847771644592,1
98.9784779548645,1
98.97849798202516,1
98.97989749908449,1
98.97990536689758,1
98.97991394996644,1
98.9806764125824,1
98.990061044693,1
98.99008750915527,1
98.99011731147766,1
98.994398355484,1
98.99441599845886,1
98.99441647529602,1
98.99442958831789,1
98.99684834480286,1
98.9968605041504,1
98.99754977226256,1
98.99796891212463,1
98.9992971420288,1
98.99931645393372,1
99.00124859809875,1
99.00162982940674,1
99.010094165802,1
99.0101237297058,1
99.01013493537904,1
99.01235866546632,1
99.02993988990784,1
99.02996802330016,1
99.02997875213624,1
99.04313921928406,1
99.04316139221191,1
99.0431740283966,1
99.04590010643004,1
99.04990887641908,1
99.04993224143982,1
99.04994440078735,1
99.05926847457886,1
99.0592713356018,1
99.05935668945312,1
99.05995225906372,1
99.06999254226685,1
99.0700068473816,1
99.0700180530548,1
99.08034944534302,1
99.08097076416016,1
99.09004974365234,1
99.09006786346436,1
99.09014391899107,1
99.11003303527832,1
99.11006784439088,1
99.11019229888916,1
99.11454963684082,1
99.1146194934845,1
99.13034057617188,1
99.13039207458496,1
99.13041353225708,1
99.14989638328552,1
99.15011048316956,1
99.15013813972472,1
99.15016198158264,1
99.1505160331726,1
99.15060019493104,1
99.15245246887208,1
99.15308690071106,1
99.15311789512634,1
99.15311932563782,1
99.16662383079527,1
99.16666030883788,1
99.17006659507751,1
99.17088532447816,1
99.17091488838196,1
99.17192316055298,1
99.17195153236388,1
99.17230439186096,1
99.17602396011353,1
99.19278240203856,1
99.19282031059264,1
99.19282269477844,1
99.19283771514893,1
99.19329857826231,1
99.19776320457458,1
99.19888854026794,1
99.19892573356628,1
99.19893312454224,1
99.20166039466858,1
99.20167779922484,1
99.20192742347716,1
99.20287990570068,1
99.20290517807008,1
99.20614171028136,1
99.20618081092834,1
99.20777940750122,1
99.20796799659728,1
99.20797920227052,1
99.20798850059508,1
99.2092273235321,1
99.20925378799438,1
99.2094748020172,1
99.21023392677309,1
99.21026825904846,1
99.21028351783752,1
99.21476984024048,1
99.22989296913148,1
99.2299349308014,1
99.22997665405272,1
99.25414609909058,1
99.25417351722716,1
99.25418496131896,1
99.25517535209656,1
99.25657606124878,1
99.2566089630127,1
99.25663352012634,1
99.25844192504884,1
99.25845408439636,1
99.25851225852966,1
99.2595717906952,1
99.26307964324953,1
99.26655101776124,1
99.269433259964,1
99.27067494392396,1
99.27071213722228,1
99.27072858810423,1
99.27215623855592,1
99.27217197418211,1
99.27218127250671,1
99.2728395462036,1
99.2730631828308,1
99.27308964729308,1
99.27537131309508,1
99.2899386882782,1
99.28996729850768,1
99.2899932861328,1
99.2974636554718,1
99.29751777648926,1
99.29844641685486,1
99.29846501350404,1
99.31311273574828,1
99.31314969062804,1
99.3131685256958,1
99.3299834728241,1
99.33001804351808,1
99.33012056350708,1
99.3319399356842,1
99.33677697181702,1
99.33835935592651,1
99.33836460113524,1
99.33838176727296,1
99.34221482276917,1
99.34223532676695,1
99.3438766002655,1
99.35090112686156,1
99.35093688964844,1
99.3512840270996,1
99.35139179229736,1
99.36398077011108,1
99.36415553092957,1
99.37284326553343,1
99.37286829948424,1
99.37313151359558,1
99.38365006446838,1
99.38515710830688,1
99.38525867462158,1
99.38527369499208,1
99.38592600822447,1
99.38593649864195,1
99.38664388656616,1
99.38699197769164,1
99.38701677322388,1
99.3902325630188,1
99.39024901390076,1
99.39036083221436,1
99.39060020446776,1
99.390771150589,1
99.4102144241333,1
99.4102394580841,1
99.4103102684021,1
99.43018102645874,1
99.43033027648926,1
99.43034839630128,1
99.43223762512208,1
99.43786072731018,1
99.43809485435486,1
99.43947458267212,1
99.4400990009308,1
99.44012761116028,1
99.44021105766296,1
99.44052863121031,1
99.45175528526306,1
99.45181918144226,1
99.45183038711548,1
99.45183968544006,1
99.45187950134276,1
99.45189332962036,1
99.4518985748291,1
99.4519338607788,1
99.4519453048706,1
99.4520547389984,1
99.45208096504211,1
99.45211005210876,1
99.47000312805176,1
99.4700334072113,1
99.47004628181458,1
99.48318886756896,1
99.48667931556702,1
99.48697328567503,1
99.48700046539308,1
99.48708891868591,1
99.4883885383606,1
99.48840737342834,1
99.4884548187256,1
99.49023962020874,1
99.49025464057922,1
99.4965043067932,1
99.49653792381288,1
99.49916410446168,1
99.49919843673706,1
99.51006269454956,1
99.51009702682497,1
99.51014876365662,1
99.51579308509828,1
99.53009486198424,1
99.53015542030334,1
99.53018116950987,1
99.55029153823853,1
99.55041074752808,1
99.55062222480774,1
99.56925749778748,1
99.56961703300476,1
99.57015919685364,1
99.57018756866456,1
99.5702075958252,1
99.57165431976318,1
99.57169818878174,1
99.57230401039124,1
99.57233595848083,1
99.57251381874084,1
99.57252907752992,1
99.57312965393066,1
99.57672548294067,1
99.5800323486328,1
99.58005475997923,1
99.58006644248962,1
99.5804660320282,1
99.58996653556824,1
99.58999609947205,1
99.59011721611024,1
99.59153509140016,1
99.59157347679138,1
99.59218788146973,1
99.59304666519164,1
99.59642839431764,1
99.59894704818726,1
99.59915161132812,1
99.6023120880127,1
99.602623462677,1
99.60993218421936,1
99.60995268821716,1
99.60995483398438,1
99.61535501480104,1
99.6299958229065,1
99.63002324104308,1
99.63003301620483,1
99.64281153678894,1
99.64288783073424,1
99.64290261268616,1
99.64291453361513,1
99.64342546463013,1
99.64349174499512,1
99.64805769920348,1
99.64867806434631,1
99.65095400810242,1
99.6509654521942,1
99.65098190307616,1
99.66982078552246,1
99.66983938217165,1
99.66986799240112,1
99.6745228767395,1
99.67454361915588,1
99.67455410957336,1
99.674631357193,1
99.67639374732973,1
99.67640781402588,1
99.6764199733734,1
99.67970705032349,1
99.67977976799013,1
99.679869890213,1
99.67988228797913,1
99.680561542511,1
99.68065547943117,1
99.68071055412292,1
99.68107724189758,1
99.6837100982666,1
99.68505716323853,1
99.6851019859314,1
99.69014263153076,1
99.69016790390016,1
99.69142270088196,1
99.69149088859558,1
99.69150471687315,1
99.7099506855011,1
99.70998311042786,1
99.7099962234497,1
99.7299828529358,1
99.73002195358276,1
99.73003673553468,1
99.73730158805849,1
99.7501220703125,1
99.75016522407532,1
99.75019431114195,1
99.7702419757843,1
99.7702898979187,1
99.77030682563782,1
99.77476215362547,1
99.79033279418944,1
99.79033303260805,1
99.7903332710266,1
99.79269909858704,1
99.79270005226137,1
99.79358315467834,1
99.79416179656982,1
99.7941825389862,1
99.79429459571838,1
99.79673433303832,1
99.79691338539124,1
99.7973461151123,1
99.79766345024107,1
99.8009045124054,1
99.8099308013916,1
99.8099615573883,1
99.80997562408449,1
99.81336879730225,1
99.81658482551576,1
99.81662154197691,1
99.81774401664734,1
99.81805872917175,1
99.81864953041077,1
99.8220009803772,1
99.82372856140135,1
99.8240315914154,1
99.82408022880554,1
99.8283417224884,1
99.82839131355286,1
99.82840752601624,1
99.83118867874146,1
99.83138275146484,1
99.83140993118286,1
99.8364279270172,1
99.85009789466858,1
99.85012555122375,1
99.85015296936037,1
99.86744713783264,1
99.86910772323608,1
99.86914467811584,1
99.86916184425354,1
99.87039375305176,1
99.87042355537416,1
99.87046265602112,1
99.8704755306244,1
99.87052536010742,1
99.8706545829773,1
99.88122415542604,1
99.88125371932983,1
99.88994407653809,1
99.89000296592712,1
99.89001727104188,1
99.899555683136,1
99.89957451820374,1
99.90124917030334,1
99.90995907783508,1
99.90999364852904,1
99.91000866889954,1
99.92197155952454,1
99.92500376701356,1
99.92508339881896,1
99.92508602142334,1
99.92613053321838,1
99.92617344856262,1
99.92622756958008,1
99.93015885353088,1
99.9302008152008,1
99.9306824207306,1
99.94453167915344,1
99.94480633735655,1
99.9448459148407,1
99.94485926628111,1
99.95119142532349,1
99.95134663581848,1
99.95163583755492,1
99.95486950874329,1
99.95550322532654,1
99.95550990104675,1
99.95553398132324,1
99.97014713287354,1
99.97054243087769,1
99.97057676315308,1
99.97401881217957,1
99.97414898872375,1
99.9759783744812,1
99.97600483894348,1
99.97813057899477,1
99.97819185256958,1
99.97825169563292,1
99.97829937934875,1
99.97917461395264,1
99.97993397712708,1
99.98401045799255,1
99.99023771286012,1
99.99026584625244,1
99.99030566215517,1
99.9910123348236,1
99.9919295310974,1
99.9920573234558,1
99.99586629867554,1
99.9959237575531,1
100.01003623008728,1
100.01006126403809,1
100.01010417938232,1
100.0154857635498,1
100.02992224693298,1
100.02995204925536,1
100.0299665927887,1
100.04992270469666,1
100.04994869232178,1
100.04996013641356,1
100.05517721176147,1
100.05610847473145,1
100.05613279342651,1
100.05614471435548,1
100.05615496635436,1
100.056165933609,1
100.05617570877077,1
100.05618500709534,1
100.05619597434998,1
100.06197881698608,1
100.0661597251892,1
100.06618452072144,1
100.06619596481325,1
100.06620717048644,1
100.06982088088988,1
100.0698447227478,1
100.0698585510254,1
100.07590317726137,1
100.07592296600342,1
100.07754445075987,1
100.0900251865387,1
100.09005188941956,1
100.09006905555724,1
100.10114765167236,1
100.10119104385376,1
100.1024088859558,1
100.102463722229,1
100.1031892299652,1
100.10996794700624,1
100.10999822616576,1
100.1100115776062,1
100.12406849861144,1
100.12423729896544,1
100.12622666358948,1
100.12733244895936,1
100.12733960151672,1
100.12788009643556,1
100.12799501419067,1
100.12800216674805,1
100.13008713722228,1
100.13010048866272,1
100.1301202774048,1
100.13401770591736,1
100.15016603469849,1
100.15020489692688,1
100.1502206325531,1
100.16221332550047,1
100.1677544116974,1
100.16777849197388,1
100.17046284675598,1
100.17049407958984,1
100.17050862312315,1
100.17088723182678,1
100.17162466049194,1
100.1731526851654,1
100.17316818237305,1
100.19003200531006,1
100.19006323814392,1
100.1900691986084,1
100.19184041023254,1
100.1922459602356,1
100.19253826141356,1
100.1934893131256,1
100.19380617141724,1
100.19386005401611,1
100.19425940513612,1
100.19512367248537,1
100.19562196731567,1
100.19590830802916,1
100.19614839553832,1
100.19615840911864,1
100.19661259651184,1
100.19692540168762,1
100.1974232196808,1
100.20986771583556,1
100.2099027633667,1
100.20991659164427,1
100.22250938415527,1
100.22296738624571,1
100.22355461120604,1
100.22394919395448,1
100.22596621513368,1
100.22611236572266,1
100.22733521461488,1
100.2281904220581,1
100.23054695129396,1
100.23055458068848,1
100.23058032989502,1
100.23923540115356,1
100.24068284034728,1
100.24080276489258,1
100.24084615707396,1
100.2411777973175,1
100.24119877815248,1
100.24155807495116,1
100.2500822544098,1
100.25011277198792,1
100.25012445449828,1
100.26980185508728,1
100.26984286308289,1
100.2698576450348,1
100.2734580039978,1
100.27813053131104,1
100.28980016708374,1
100.28982734680176,1
100.28989100456238,1
100.30604362487792,1
100.30607652664185,1
100.3061456680298,1
100.30857825279236,1
100.30884194374084,1
100.30885100364684,1
100.30887460708618,1
100.30997490882874,1
100.3100221157074,1
100.31076645851137,1
100.31079626083374,1
100.31087493896484,1
100.31274962425232,1
100.31279611587524,1
100.31706285476685,1
100.3302836418152,1
100.33032131195068,1
100.33034110069276,1
100.35103797912598,1
100.35115075111388,1
100.35117101669312,1
100.36880707740784,1
100.3688144683838,1
100.37006425857544,1
100.37009310722352,1
100.37010550498962,1
100.37131071090698,1
100.37258076667786,1
100.37260603904724,1
100.37266659736632,1
100.37376523017883,1
100.37378191947936,1
100.37378454208374,1
100.3746886253357,1
100.3813066482544,1
100.38172578811646,1
100.38855981826782,1
100.38859534263612,1
100.38862323760986,1
100.38865494728088,1
100.38988494873048,1
100.38990879058838,1
100.38992047309875,1
100.40829253196716,1
100.40832734107973,1
100.4085636138916,1
100.40976524353027,1
100.41001200675964,1
100.41083884239195,1
100.41086411476137,1
100.41090869903564,1
100.41231083869934,1
100.41232323646544,1
100.41394901275636,1
100.413982629776,1
100.41399335861206,1
100.41401076316832,1
100.41772174835204,1
100.41773796081544,1
100.4177520275116,1
100.4177632331848,1
100.4233615398407,1
100.42595148086548,1
100.43008518218994,1
100.43010997772215,1
100.43015575408936,1
100.442444562912,1
100.44281959533691,1
100.44284272193909,1
100.4428563117981,1
100.4431414604187,1
100.44315528869627,1
100.44319987297058,1
100.45026302337646,1
100.45029425621031,1
100.4503049850464,1
100.46995878219604,1
100.469988822937,1
100.47004961967468,1
100.4739179611206,1
100.48992085456848,1
100.48995566368104,1
100.48999047279358,1
100.49886918067932,1
100.49890065193176,1
100.49896001815796,1
100.49899935722352,1
100.50257849693298,1
100.50262022018433,1
100.50307726860046,1
100.5103189945221,1
100.51039433479308,1
100.51041460037231,1
100.52416944503784,1
100.5242509841919,1
100.52630424499512,1
100.52637767791748,1
100.53000712394714,1
100.53004264831544,1
100.53006076812744,1
100.550683259964,1
100.55073499679564,1
100.55076026916504,1
100.55468559265135,1
100.5711395740509,1
100.57117676734924,1
100.57119154930116,1
100.58993816375732,1
100.58997106552124,1
100.59015655517578,1
100.60205173492432,1
100.60226655006409,1
100.60740065574646,1
100.60742592811584,1
100.60774612426758,1
100.60778856277466,1
100.607892036438,1
100.60794615745544,1
100.60838294029236,1
100.61013555526732,1
100.6101622581482,1
100.61017298698424,1
100.6165030002594,1
100.61744928359984,1
100.61825180053712,1
100.62995910644533,1
100.629985332489,1
100.63017559051514,1
100.65016722679138,1
100.65042448043825,1
100.65044951438904,1
100.65168309211732,1
100.6516969203949,1
100.65632796287537,1
100.65634202957152,1
100.660218000412,1
100.66056799888612,1
100.66111969947816,1
100.66981983184814,1
100.66986966133118,1
100.66989994049072,1
100.69032168388368,1
100.69035410881042,1
100.69036960601808,1
100.69152760505676,1
100.6915488243103,1
100.6921660900116,1
100.69534707069396,1
100.6953649520874,1
100.69542360305786,1
100.69653248786926,1
100.69673037528992,1
100.69673085212708,1
100.69688367843628,1
100.69842791557312,1
100.69843077659608,1
100.69879293441772,1
100.69943857192992,1
100.70789194107056,1
100.7079255580902,1
100.7092502117157,1
100.70931124687196,1
100.71001744270325,1
100.71005082130432,1
100.71006751060486,1
100.7109317779541,1
100.73015904426576,1
100.73018765449524,1
100.73019695281982,1
100.73719000816344,1
100.7378420829773,1
100.7381100654602,1
100.7381513118744,1
100.7405858039856,1
100.74064683914185,1
100.74069213867188,1
100.74174880981444,1
100.74312949180604,1
100.74748706817628,1
100.7502417564392,1
100.75027656555176,1
100.75047755241394,1
100.77004742622375,1
100.77004814147948,1
100.77007603645325,1
100.7741231918335,1
100.77415752410889,1
100.77512001991272,1
100.77544641494752,1
100.77547144889832,1
100.77552843093872,1
100.77726912498474,1
100.7772958278656,1
100.77756786346436,1
100.77998566627502,1
100.78712248802184,1
100.78747510910034,1
100.79131817817688,1
100.79134798049928,1
100.79140424728394,1
100.79279279708862,1
100.7928032875061,1
100.79396605491638,1
100.79830598831175,1
100.79915499687196,1
100.7992777824402,1
100.79939198493958,1
100.81046867370604,1
100.81049251556396,1
100.81050610542296,1
100.81820845603944,1
100.81822180747986,1
100.81826901435852,1
100.81975865364076,1
100.83004903793336,1
100.83008885383606,1
100.83010625839232,1
100.8535361289978,1
100.85357975959778,1
100.85366249084473,1
100.85367703437804,1
100.85368728637695,1
100.85369753837584,1
100.85374355316162,1
100.85386061668396,1
100.8539035320282,1
100.85391759872437,1
100.85397291183472,1
100.85401320457458,1
100.85402321815492,1
100.85403299331664,1
100.85546088218688,1
100.85549283027648,1
100.8555145263672,1
100.85552644729614,1
100.8589506149292,1
100.8700635433197,1
100.87009000778198,1
100.8701012134552,1
100.87728667259216,1
100.88281846046448,1
100.88314771652222,1
100.88316774368286,1
100.88318991661072,1
100.88981294631958,1
100.88981318473816,1
100.88985562324524,1
100.90394425392152,1
100.9039740562439,1
100.90401935577393,1
100.90552616119383,1
100.90555691719057,1
100.90766334533691,1
100.9076783657074,1
100.90901708602904,1
100.9100775718689,1
100.91011190414427,1
100.91074800491332,1
100.91165375709534,1
100.93017673492432,1
100.93020033836363,1
100.93022036552428,1
100.93779063224792,1
100.95015740394592,1
100.95026969909668,1
100.9506528377533,1
100.97125697135924,1
100.9713215827942,1
100.97132802009584,1
100.9740538597107,1
100.9744131565094,1
100.97602105140686,1
100.97608494758606,1
100.97610521316528,1
100.97631239891052,1
100.978191614151,1
100.97823691368104,1
100.97828698158264,1
100.97923827171326,1
100.9831838607788,1
100.98370718955994,1
100.98373579978944,1
100.98375034332275,1
100.9897484779358,1
100.99021077156068,1
100.99185919761658,1
100.99188017845154,1
100.99354434013368,1
100.99360537528992,1
100.99366855621338,1
101.010746717453,1
101.01078820228577,1
101.01081109046936,1
101.0163507461548,1
101.01638746261597,1
101.01813793182372,1
101.0182240009308,1
101.0305323600769,1
101.03053498268127,1
101.03132462501526,1
101.05053186416626,1
101.05077528953552,1
101.0508029460907,1
101.06642842292786,1
101.070725440979,1
101.0707302093506,1
101.07076239585876,1
101.08421516418456,1
101.08451294898988,1
101.08451676368712,1
101.08453297615053,1
101.08610200881958,1
101.08612251281738,1
101.08632254600523,1
101.0870234966278,1
101.0892858505249,1
101.09003686904909,1
101.09007668495178,1
101.09009337425232,1
101.11015176773073,1
101.11024928092957,1
101.11032104492188,1
101.13129353523254,1
101.13135647773744,1
101.13143301010132,1
101.14077663421632,1
101.1436004638672,1
101.14382743835448,1
101.14760065078735,1
101.14764380455016,1
101.1505331993103,1
101.1505777835846,1
101.15180611610413,1
101.15185379981996,1
101.15187692642212,1
101.15306401252748,1
101.15309810638428,1
101.16316533088684,1
101.16333866119383,1
101.16361689567566,1
101.1639928817749,1
101.16843605041504,1
101.16845536231996,1
101.17092633247375,1
101.17094731330872,1
101.17100262641908,1
101.17464756965636,1
101.17468023300172,1
101.1746952533722,1
101.17471027374268,1
101.1756236553192,1
101.17593359947205,1
101.17595362663268,1
101.18316864967346,1
101.18939518928528,1
101.18947839736938,1
101.1894919872284,1
101.18950295448305,1
101.18961143493652,1
101.19041109085084,1
101.19043016433716,1
101.19044089317322,1
101.19047236442566,1
101.19051694869997,1
101.19143748283386,1
101.19145369529724,1
101.19440174102785,1
101.19442462921144,1
101.21007657051086,1
101.2101047039032,1
101.21013736724854,1
101.22538304328918,1
101.22684812545776,1
101.22755098342896,1
101.2298550605774,1
101.22988104820251,1
101.23011112213136,1
101.23632431030272,1
101.23733162879944,1
101.23745346069336,1
101.23746705055235,1
101.23850774765016,1
101.23851251602171,1
101.23934626579285,1
101.2501175403595,1
101.25014305114746,1
101.25015473365784,1
101.25567579269408,1
101.27002763748168,1
101.2700650691986,1
101.27009415626526,1
101.27639198303224,1
101.28633403778076,1
101.2864315509796,1
101.28691220283508,1
101.28693747520448,1
101.28808188438416,1
101.28812909126282,1
101.28831434249878,1
101.28913450241087,1
101.28915977478027,1
101.2898941040039,1
101.28991794586182,1
101.28992700576782,1
101.29143810272215,1
101.29148387908936,1
101.3099684715271,1
101.30997681617735,1
101.3100209236145,1
101.3300530910492,1
101.33009505271912,1
101.33011150360107,1
101.33430457115172,1
101.34062075614928,1
101.3406536579132,1
101.34193325042725,1
101.34232687950134,1
101.34264492988586,1
101.34268021583556,1
101.3452377319336,1
101.3456597328186,1
101.34570002555849,1
101.3471212387085,1
101.34740567207336,1
101.34743070602416,1
101.34743690490724,1
101.3501844406128,1
101.35021257400513,1
101.3502287864685,1
101.35029315948486,1
101.35031390190125,1
101.35100269317628,1
101.35139727592468,1
101.35318398475648,1
101.36356520652772,1
101.37226796150208,1
101.37230682373048,1
101.372328042984,1
101.3783404827118,1
101.38002920150755,1
101.38006353378296,1
101.3800811767578,1
101.38117957115172,1
101.38119053840636,1
101.38154125213624,1
101.38868951797484,1
101.3906638622284,1
101.39066505432127,1
101.39126825332642,1
101.39243173599245,1
101.39732670783997,1
101.397399187088,1
101.39916515350342,1
101.399183511734,1
101.40998077392578,1
101.41000866889954,1
101.41006803512572,1
101.4180507659912,1
101.42268133163452,1
101.42381644248962,1
101.4238965511322,1
101.42474913597108,1
101.4299705028534,1
101.4299955368042,1
101.4300606250763,1
101.44834685325624,1
101.44835925102234,1
101.4484031200409,1
101.44994354248048,1
101.44996976852416,1
101.44998049736024,1
101.4527337551117,1
101.45274949073792,1
101.45432662963869,1
101.47003746032716,1
101.47006320953368,1
101.47007846832275,1
101.48859214782716,1
101.4886190891266,1
101.48863577842712,1
101.48935055732728,1
101.49128985404968,1
101.4913091659546,1
101.49131965637208,1
101.49323582649232,1
101.4932506084442,1
101.4932632446289,1
101.49479174613953,1
101.4948353767395,1
101.49698519706726,1
101.49699854850768,1
101.49785804748537,1
101.51063871383668,1
101.5106716156006,1
101.51073813438416,1
101.5132293701172,1
101.51326870918274,1
101.51330423355104,1
101.51331925392152,1
101.5300908088684,1
101.53012871742249,1
101.53014516830444,1
101.55052065849304,1
101.5505633354187,1
101.55059027671814,1
101.56113004684448,1
101.5677981376648,1
101.56800866127014,1
101.5689182281494,1
101.5701458454132,1
101.57016801834106,1
101.57025384902954,1
101.59031748771667,1
101.59035277366638,1
101.59037017822266,1
101.59345149993896,1
101.5934693813324,1
101.5947642326355,1
101.59477710723876,1
101.59478759765624,1
101.59532523155212,1
101.59743452072144,1
101.5974624156952,1
101.59747242927553,1
101.59748697280884,1
101.59829235076904,1
101.59849381446838,1
101.59851694107056,1
101.59903073310852,1
101.60461235046388,1
101.6048822402954,1
101.6049828529358,1
101.60560631752014,1
101.60565900802612,1
101.60697174072266,1
101.60700130462646,1
101.60998249053956,1
101.6100082397461,1
101.610018491745,1
101.6304440498352,1
101.63046956062315,1
101.63049530982973,1
101.64990711212158,1
101.64995908737184,1
101.65017533302309,1
101.66993403434752,1
101.67000770568848,1
101.67004299163818,1
101.67482018470764,1
101.68996787071228,1
101.68999910354614,1
101.6900119781494,1
101.70771098136902,1
101.70774912834167,1
101.70778632164,1
101.70784616470335,1
101.70792984962463,1
101.70802092552184,1
101.7080807685852,1
101.70920705795288,1
101.70923328399658,1
101.7101776599884,1
101.71021103858948,1
101.71027660369872,1
101.72299361228944,1
101.72316694259644,1
101.72676467895508,1
101.73009991645812,1
101.7301127910614,1
101.73022484779358,1
101.75056385993958,1
101.75063967704772,1
101.7506663799286,1
101.75272536277772,1
101.7528395652771,1
101.7543168067932,1
101.75627207756042,1
101.7582070827484,1
101.75822854042052,1
101.76537942886353,1
101.76542854309082,1
101.76545357704164,1
101.76606559753418,1
101.77020001411438,1
101.77024340629578,1
101.77062606811523,1
101.77761840820312,1
101.77971982955933,1
101.78284096717834,1
101.78400039672852,1
101.78890299797058,1
101.79120922088624,1
101.7912392616272,1
101.79129695892334,1
101.80417704582214,1
101.80420184135436,1
101.80462670326231,1
101.80511331558228,1
101.8051371574402,1
101.80574679374696,1
101.80599927902222,1
101.80658030509947,1
101.806627035141,1
101.81010389328004,1
101.81012773513794,1
101.81016778945924,1
101.81050491333008,1
101.81107783317566,1
101.81215047836304,1
101.81253981590272,1
101.81260085105896,1
101.8128583431244,1
101.81445670127869,1
101.8157205581665,1
101.81599879264832,1
101.81640601158142,1
101.81641459465028,1
101.829913854599,1
101.82994079589844,1
101.8299436569214,1
101.83401989936829,1
101.84998512268066,1
101.8500349521637,1
101.86687707901,1
101.86690545082092,1
101.86691617965698,1
101.8669979572296,1
101.86889719963074,1
101.8691475391388,1
101.86937284469604,1
101.87570977211,1
101.87573981285097,1
101.87578821182252,1
101.87616896629332,1
101.88685369491576,1
101.8868808746338,1
101.88690733909608,1
101.88692092895508,1
101.88694524765016,1
101.88696885108948,1
101.88698291778564,1
101.88938045501708,1
101.88940834999084,1
101.88982272148132,1
101.8898229598999,1
101.88985109329224,1
101.89133024215698,1
101.89137697219849,1
101.91055965423584,1
101.91061329841614,1
101.91062879562378,1
101.9166910648346,1
101.92996883392334,1
101.93002772331238,1
101.93002915382384,1
101.95031023025513,1
101.95033597946168,1
101.950350522995,1
101.95623803138731,1
101.9563057422638,1
101.9577476978302,1
101.9582941532135,1
101.958327293396,1
101.95834374427795,1
101.96949434280396,1
101.96951341629028,1
101.96994042396544,1
101.96998858451845,1
101.97004532814026,1
101.9714982509613,1
101.98413681983948,1
101.98547601699828,1
101.98551917076112,1
101.9857246875763,1
101.98574924468994,1
101.9885115623474,1
101.98886013031006,1
101.98888278007507,1
101.98990297317503,1
101.9899468421936,1
101.98996496200562,1
101.99110436439514,1
102.00062012672424,1
102.00253558158876,1
102.00299167633057,1
102.00579118728638,1
102.00691890716551,1
102.00694227218628,1
102.01101112365724,1
102.01122617721558,1
102.01125192642212,1
102.0114803314209,1
102.0125093460083,1
102.01679944992064,1
102.0300121307373,1
102.03001403808594,1
102.03003883361816,1
102.04990434646606,1
102.0499186515808,1
102.04999089241028,1
102.05000853538512,1
102.05008220672607,1
102.0501000881195,1
102.05051159858704,1
102.0507562160492,1
102.05097484588624,1
102.05265831947328,1
102.05269718170166,1
102.05283951759338,1
102.05285239219666,1
102.05303931236269,1
102.05580639839172,1
102.05585598945618,1
102.05586552619934,1
102.0559651851654,1
102.06435346603394,1
102.0643789768219,1
102.0645923614502,1
102.06482028961182,1
102.06641459465028,1
102.06643104553224,1
102.06667041778564,1
102.0701985359192,1
102.07022619247437,1
102.07023739814758,1
102.07336902618408,1
102.07349014282228,1
102.0899269580841,1
102.08995580673218,1
102.08998227119446,1
102.09661293029784,1
102.0966386795044,1
102.0978982448578,1
102.09794688224792,1
102.11025166511536,1
102.1102831363678,1
102.11029767990112,1
102.12423181533812,1
102.12884879112244,1
102.13025164604188,1
102.13043069839478,1
102.13044810295104,1
102.13090753555298,1
102.13092350959778,1
102.130934715271,1
102.13459753990172,1
102.13464188575745,1
102.1346950531006,1
102.1364152431488,1
102.15005040168762,1
102.15008926391602,1
102.1500918865204,1
102.17089867591858,1
102.17094159126282,1
102.17095828056335,1
102.17957258224487,1
102.17958784103394,1
102.1796007156372,1
102.1805830001831,1
102.18060827255248,1
102.1808307170868,1
102.18083453178406,1
102.18085551261902,1
102.18141412734984,1
102.1912043094635,1
102.19123530387878,1
102.191246509552,1
102.1964898109436,1
102.19651436805724,1
102.20998811721802,1
102.21001410484314,1
102.21005368232728,1
102.23000526428224,1
102.23000812530518,1
102.23003315925598,1
102.23747968673706,1
102.23748254776,1
102.23818469047546,1
102.2499327659607,1
102.25031399726868,1
102.25039267539978,1
102.2622401714325,1
102.26350116729736,1
102.26352858543396,1
102.26362752914427,1
102.2651915550232,1
102.2652027606964,1
102.26550507545473,1
102.26554155349731,1
102.26983880996704,1
102.26985430717468,1
102.26989793777466,1
102.27401041984558,1
102.28828024864195,1
102.28838348388672,1
102.28839206695557,1
102.28839802742004,1
102.28958439826964,1
102.28961324691772,1
102.2899329662323,1
102.28993892669678,1
102.28995537757874,1
102.28995656967165,1
102.29174184799194,1
102.29177522659302,1
102.29296517372131,1
102.29297304153442,1
102.31016874313354,1
102.31020426750185,1
102.31047582626344,1
102.3227550983429,1
102.32819366455078,1
102.32821464538574,1
102.3294415473938,1
102.33023238182068,1
102.33026361465454,1
102.33027935028076,1
102.33029699325562,1
102.33031129837036,1
102.33039093017578,1
102.34328389167786,1
102.34332370758057,1
102.34402918815611,1
102.34544944763184,1
102.35055327415466,1
102.35059189796448,1
102.35064649581908,1
102.35970616340636,1
102.36018323898315,1
102.36018919944765,1
102.36053991317748,1
102.37117886543274,1
102.37121367454527,1
102.37122893333436,1
102.37463569641112,1
102.374666929245,1
102.3755226135254,1
102.37602543830872,1
102.3899405002594,1
102.389967918396,1
102.39027786254884,1
102.39202070236206,1
102.39311146736144,1
102.39314532279968,1
102.39423441886902,1
102.39437747001648,1
102.39485549926758,1
102.41040921211244,1
102.41043853759766,1
102.41047167778017,1
102.4216935634613,1
102.42171025276184,1
102.42172312736513,1
102.42173457145692,1
102.4230809211731,1
102.423095703125,1
102.42310833930968,1
102.42472124099731,1
102.42667436599731,1
102.43016743659972,1
102.43019127845764,1
102.43023109436037,1
102.45004034042358,1
102.4500653743744,1
102.4500765800476,1
102.45359754562378,1
102.45774579048155,1
102.458345413208,1
102.45936799049376,1
102.45939660072328,1
102.45945477485655,1
102.45959234237672,1
102.45960927009584,1
102.46989965438844,1
102.469899892807,1
102.47199988365172,1
102.48081803321838,1
102.48998761177064,1
102.48999118804932,1
102.49001407623292,1
102.50010919570924,1
102.50013589859007,1
102.50035667419434,1
102.50038194656372,1
102.50357961654665,1
102.5036120414734,1
102.50369381904602,1
102.50996494293211,1
102.50998497009276,1
102.51009893417358,1
102.52388906478882,1
102.52392387390135,1
102.5256531238556,1
102.52571606636047,1
102.52708768844604,1
102.52746057510376,1
102.52749609947205,1
102.52749729156494,1
102.52885794639587,1
102.52901887893675,1
102.5291793346405,1
102.52990531921388,1
102.52997159957886,1
102.53003072738647,1
102.54179549217224,1
102.54699468612672,1
102.54709434509276,1
102.55111598968506,1
102.55119490623474,1
102.55122232437134,1
102.5701801776886,1
102.57023453712463,1
102.57026267051695,1
102.57153344154358,1
102.5718514919281,1
102.57187342643738,1
102.5720009803772,1
102.57202053070068,1
102.5720443725586,1
102.57209873199464,1
102.57245540618896,1
102.57319521903992,1
102.57468509674072,1
102.58768224716188,1
102.58812499046326,1
102.58815050125122,1
102.58819603919984,1
102.5922429561615,1
102.5925476551056,1
102.59257125854492,1
102.59736824035645,1
102.59745621681212,1
102.5974714756012,1
102.59748435020448,1
102.59751892089844,1
102.5975534915924,1
102.59758734703064,1
102.6099419593811,1
102.60996627807616,1
102.60999488830566,1
102.63017773628236,1
102.63020491600037,1
102.63025140762328,1
102.6363935470581,1
102.64999866485596,1
102.65002655982973,1
102.65003800392152,1
102.67000794410706,1
102.67003393173218,1
102.67004537582396,1
102.67123174667358,1
102.67125988006592,1
102.6712727546692,1
102.67130661010742,1
102.67255783081056,1
102.67255902290344,1
102.67297887802124,1
102.67385458946228,1
102.67567753791808,1
102.68044590950012,1
102.69053840637208,1
102.69060039520264,1
102.690660238266,1
102.71011066436768,1
102.71015357971191,1
102.71016883850098,1
102.7268612384796,1
102.72688841819765,1
102.72727608680724,1
102.72731733322144,1
102.7299451828003,1
102.7299644947052,1
102.73004412651062,1
102.73125767707825,1
102.73134398460388,1
102.73140501976012,1
102.73175239562988,1
102.73177313804626,1
102.7398805618286,1
102.73994088172913,1
102.74098587036131,1
102.75117635726927,1
102.75121092796326,1
102.75126004219057,1
102.75754690170288,1
102.75777292251588,1
102.75877285003662,1
102.76034879684448,1
102.76041340827942,1
102.7604353427887,1
102.7706344127655,1
102.77063512802124,1
102.77067255973816,1
102.7780373096466,1
102.78932738304138,1
102.78934121131896,1
102.7893762588501,1
102.79122948646544,1
102.79125595092772,1
102.79126763343812,1
102.79135847091676,1
102.7913761138916,1
102.7913875579834,1
102.79139733314514,1
102.79365062713624,1
102.7936646938324,1
102.79368996620178,1
102.79374051094057,1
102.80227088928224,1
102.80254888534546,1
102.80264139175416,1
102.8026568889618,1
102.80267095565796,1
102.80268287658691,1
102.8050570487976,1
102.8051085472107,1
102.81017112731934,1
102.8101773262024,1
102.81020259857178,1
102.81537652015686,1
102.81824469566344,1
102.82990169525146,1
102.82992935180664,1
102.83042073249815,1
102.84190249443054,1
102.8502230644226,1
102.85026812553406,1
102.85027241706848,1
102.86625123023988,1
102.86627411842346,1
102.86628723144533,1
102.86629915237428,1
102.8681046962738,1
102.86811518669128,1
102.86814498901369,1
102.87093997001648,1
102.87187933921814,1
102.87190508842468,1
102.8719413280487,1
102.88699865341188,1
102.8880259990692,1
102.888037443161,1
102.8880660533905,1
102.88942122459412,1
102.8894350528717,1
102.88948583602904,1
102.88994479179382,1
102.88996887207033,1
102.88998103141785,1
102.89093279838562,1
102.89096188545228,1
102.89134883880617,1
102.89138746261597,1
102.90990161895752,1
102.90992450714111,1
102.90994453430176,1
102.91587471961977,1
102.9312505722046,1
102.93130850791933,1
102.9313259124756,1
102.9491138458252,1
102.94915056228638,1
102.95015621185304,1
102.95019817352296,1
102.95021677017212,1
102.95181441307068,1
102.95185732841492,1
102.95544505119324,1
102.95548796653748,1
102.95585346221924,1
102.95602679252625,1
102.95605158805849,1
102.95717453956604,1
102.97418808937071,1
102.9754490852356,1
102.9754991531372,1
102.97553157806396,1
102.97555136680604,1
102.97574925422668,1
102.9757719039917,1
102.97578930854796,1
102.97722029685974,1
102.9772584438324,1
102.97812914848328,1
102.97929048538208,1
102.97932076454164,1
102.97932124137878,1
102.97934246063232,1
102.97988796234132,1
102.97989869117735,1
102.97991704940796,1
102.9842095375061,1
102.9842290878296,1
102.99048590660097,1
102.99049878120422,1
102.99076271057127,1
102.990788936615,1
102.9909119606018,1
103.01048588752748,1
103.01055073738098,1
103.01058650016785,1
103.0154197216034,1
103.03001999855042,1
103.03004860877992,1
103.03006052970886,1
103.05001735687256,1
103.05004167556764,1
103.05005311965942,1
103.05365324020386,1
103.05367136001588,1
103.0536732673645,1
103.05368375778198,1
103.056165933609,1
103.05618023872375,1
103.0566427707672,1
103.05808973312378,1
103.06013703346252,1
103.06090021133424,1
103.06993508338928,1
103.06998085975648,1
103.0700135231018,1
103.0825252532959,1
103.08253812789916,1
103.08254861831664,1
103.08256149291992,1
103.08257246017456,1
103.08258438110352,1
103.0826346874237,1
103.08287167549132,1
103.08289623260498,1
103.0880410671234,1
103.08806157112122,1
103.09015917778017,1
103.09018874168396,1
103.09019684791564,1
103.09171676635742,1
103.0917580127716,1
103.10992622375488,1
103.109961271286,1
103.10997366905212,1
103.11537337303162,1
103.12990498542786,1
103.12993860244752,1
103.13003873825072,1
103.14636754989624,1
103.1463701725006,1
103.14793157577516,1
103.14796447753906,1
103.1479766368866,1
103.14849472045898,1
103.15010595321657,1
103.15028214454652,1
103.15030264854433,1
103.15290403366087,1
103.15292763710022,1
103.15298843383788,1
103.16590332984924,1
103.17136931419373,1
103.1714413166046,1
103.17150139808656,1
103.17632865905762,1
103.17669725418092,1
103.17672967910768,1
103.17700338363647,1
103.17805361747742,1
103.1782956123352,1
103.17895865440369,1
103.18018746376038,1
103.18671178817748,1
103.1902129650116,1
103.19023847579956,1
103.19025135040285,1
103.20040798187256,1
103.20046734809875,1
103.20431661605836,1
103.2043251991272,1
103.20452427864076,1
103.21013975143433,1
103.2102553844452,1
103.21081137657166,1
103.22048807144164,1
103.22052025794984,1
103.2205319404602,1
103.22057676315308,1
103.22203159332275,1
103.22211265563963,1
103.222163438797,1
103.2305817604065,1
103.23063588142396,1
103.23076057434082,1
103.24171876907349,1
103.24232840538023,1
103.24235773086548,1
103.24236154556274,1
103.24442458152772,1
103.24482369422913,1
103.24491286277772,1
103.24763107299805,1
103.2522828578949,1
103.25232195854188,1
103.25234127044678,1
103.2702226638794,1
103.27026772499084,1
103.27035880088806,1
103.27676773071288,1
103.27797031402588,1
103.27865505218506,1
103.27869772911072,1
103.27880382537842,1
103.28175616264345,1
103.28238797187804,1
103.28314518928528,1
103.2901840209961,1
103.2902204990387,1
103.29039692878725,1
103.30395698547365,1
103.30404019355774,1
103.30411076545715,1
103.3041582107544,1
103.30493497848512,1
103.30998635292052,1
103.31002354621889,1
103.31009101867676,1
103.32525086402892,1
103.3252866268158,1
103.32535028457642,1
103.3254017829895,1
103.3302721977234,1
103.33035326004028,1
103.3304316997528,1
103.33045029640198,1
103.33206486701964,1
103.3321249485016,1
103.33214712142944,1
103.34589529037476,1
103.347350358963,1
103.35487699508668,1
103.35495948791504,1
103.35497903823853,1
103.3622817993164,1
103.3624267578125,1
103.36382126808168,1
103.36434054374696,1
103.3664984703064,1
103.3671555519104,1
103.36720299720764,1
103.3672206401825,1
103.36723709106444,1
103.37052536010742,1
103.37060618400574,1
103.3706681728363,1
103.38145637512208,1
103.38205933570862,1
103.38354754447936,1
103.3839361667633,1
103.38664388656616,1
103.39012694358826,1
103.39016079902648,1
103.39079284667967,1
103.41027283668518,1
103.410320520401,1
103.41053795814514,1
103.43092370033264,1
103.43099236488342,1
103.43203401565552,1
103.44355034828186,1
103.44409608840942,1
103.44413352012634,1
103.4441614151001,1
103.45086145401,1
103.45090341567992,1
103.45092344284058,1
103.4536361694336,1
103.45365715026855,1
103.45826959609984,1
103.45861268043518,1
103.4646294116974,1
103.46493434906006,1
103.46496772766112,1
103.46498847007751,1
103.46660208702087,1
103.46691370010376,1
103.46711802482604,1
103.47033047676086,1
103.47045612335204,1
103.47063422203064,1
103.47274136543274,1
103.48678064346312,1
103.48886442184448,1
103.48889636993408,1
103.48891234397888,1
103.48996496200562,1
103.4899764060974,1
103.49022603034972,1
103.49046206474304,1
103.4904797077179,1
103.49053835868835,1
103.49632692337036,1
103.49637770652772,1
103.49750256538393,1
103.4976065158844,1
103.51288199424744,1
103.51292300224304,1
103.51373529434204,1
103.52011227607728,1
103.5266456604004,1
103.52666544914246,1
103.53046822547913,1
103.53050804138184,1
103.53058671951294,1
103.5414297580719,1
103.54145073890686,1
103.54174280166626,1
103.54589509963988,1
103.54604411125185,1
103.5461847782135,1
103.54695439338684,1
103.55111455917358,1
103.55117177963255,1
103.551198720932,1
103.56232857704164,1
103.56400918960573,1
103.56557655334473,1
103.57572674751282,1
103.57577610015868,1
103.57592606544496,1
103.57662320137024,1
103.57697367668152,1
103.57718539237976,1
103.57722735404968,1
103.58237934112547,1
103.5831973552704,1
103.58382439613342,1
103.5901460647583,1
103.59018301963806,1
103.5902726650238,1
103.5973846912384,1
103.59739351272584,1
103.6002447605133,1
103.60025644302368,1
103.6010763645172,1
103.61028742790222,1
103.61031126976012,1
103.61033821105956,1
103.61910724639893,1
103.63008999824524,1
103.6301167011261,1
103.63012647628784,1
103.65122151374815,1
103.6512701511383,1
103.65131449699402,1
103.65287399291992,1
103.65729570388794,1
103.65778350830078,1
103.65888714790344,1
103.65896081924438,1
103.6592149734497,1
103.65922617912292,1
103.65939807891846,1
103.6613380908966,1
103.66459083557127,1
103.670312166214,1
103.67033767700195,1
103.67035126686096,1
103.68997359275818,1
103.69000267982484,1
103.69020318984984,1
103.69279551506042,1
103.69816565513612,1
103.69940567016602,1
103.69941473007202,1
103.69970989227296,1
103.69972205162048,1
103.69973540306091,1
103.69974851608276,1
103.7009859085083,1
103.70102620124815,1
103.70214295387268,1
103.70219039916992,1
103.7099151611328,1
103.70992994308472,1
103.70994901657104,1
103.7221462726593,1
103.72247004508972,1
103.72247076034546,1
103.7225067615509,1
103.7246687412262,1
103.7248468399048,1
103.72504162788393,1
103.72785925865172,1
103.73030829429626,1
103.73031759262084,1
103.73041272163393,1
103.74193048477171,1
103.7420370578766,1
103.75009536743164,1
103.75013208389282,1
103.7501585483551,1
103.75789594650269,1
103.75792050361632,1
103.75799226760864,1
103.75804400444032,1
103.760977268219,1
103.76158046722412,1
103.76162242889404,1
103.7713053226471,1
103.77138137817384,1
103.77140593528748,1
103.77578830718994,1
103.79194259643556,1
103.79290819168092,1
103.79293608665466,1
103.79295015335084,1
103.8083667755127,1
103.80970001220705,1
103.80972599983215,1
103.80973839759828,1
103.81116938591003,1
103.81119394302368,1
103.81119513511658,1
103.81292176246644,1
103.81294655799866,1
103.81367826461792,1
103.81411123275755,1
103.814133644104,1
103.81454372406006,1
103.81459832191469,1
103.82991886138916,1
103.82994484901428,1
103.82995581626892,1
103.83354020118712,1
103.85000205039978,1
103.8500316143036,1
103.85134315490724,1
103.87120223045348,1
103.8712396621704,1
103.87133884429932,1
103.89038133621216,1
103.89040923118591,1
103.89044189453124,1
103.89135193824768,1
103.89136981964111,1
103.89138412475586,1
103.89187669754028,1
103.8919961452484,1
103.8919997215271,1
103.89201521873474,1
103.8933539390564,1
103.89783191680908,1
103.89786052703856,1
103.89909625053406,1
103.8991231918335,1
103.91030597686768,1
103.9117443561554,1
103.91180276870728,1
103.9293270111084,1
103.93061017990112,1
103.93064284324646,1
103.93069338798524,1
103.9329388141632,1
103.93543219566344,1
103.95001649856567,1
103.9506254196167,1
103.95066666603088,1
103.95067310333252,1
103.95108222961426,1
103.95606184005736,1
103.95610189437866,1
103.95642566680908,1
103.95646119117735,1
103.95663833618164,1
103.95671224594116,1
103.95687580108644,1
103.9578742980957,1
103.95802688598631,1
103.95811700820924,1
103.9581344127655,1
103.9636254310608,1
103.96366238594057,1
103.96368956565856,1
103.964528799057,1
103.9792959690094,1
103.9793381690979,1
103.97948384284972,1
103.98718857765198,1
103.98726844787598,1
103.98753547668456,1
103.9876673221588,1
103.98968052864076,1
103.98970437049866,1
103.98977971076964,1
103.99059295654295,1
103.99061393737792,1
103.99123454093932,1
103.99259209632874,1
104.0098786354065,1
104.00990676879884,1
104.0099515914917,1
104.02986764907835,1
104.02989506721497,1
104.02990794181824,1
104.04532098770142,1
104.04532718658449,1
104.04694604873656,1
104.04695677757265,1
104.0477569103241,1
104.0493745803833,1
104.05002570152284,1
104.0500259399414,1
104.05003213882446,1
104.05946660041808,1
104.06442928314208,1
104.06487894058228,1
104.06489443778992,1
104.06494760513306,1
104.0703272819519,1
104.07032942771912,1
104.07035493850708,1
104.08206248283386,1
104.08207869529724,1
104.08216524124146,1
104.08340787887572,1
104.08435034751892,1
104.08500075340272,1
104.09045219421388,1
104.0904803276062,1
104.09052395820618,1
104.10142827033997,1
104.10261011123656,1
104.10262274742126,1
104.10265946388245,1
104.10348725318909,1
104.10351634025574,1
104.10433268547058,1
104.10434937477112,1
104.1099727153778,1
104.1100161075592,1
104.11021089553832,1
104.11524605751038,1
104.13034534454346,1
104.13036775588988,1
104.13047957420348,1
104.14277267456056,1
104.14312958717346,1
104.14489912986755,1
104.1450264453888,1
104.14530754089355,1
104.14533019065856,1
104.15161538124084,1
104.15168738365172,1
104.15168786048888,1
104.15173435211182,1
104.15179514884947,1
104.15182185173036,1
104.15702700614928,1
104.17082357406616,1
104.17086386680604,1
104.17086839675903,1
104.17781901359558,1
104.17784690856934,1
104.17862749099731,1
104.17866468429564,1
104.18160510063171,1
104.18160796165466,1
104.1816234588623,1
104.19027137756348,1
104.19031190872192,1
104.19032335281372,1
104.19637608528136,1
104.19638800621031,1
104.1995611190796,1
104.1995656490326,1
104.2101526260376,1
104.21018719673155,1
104.21487426757812,1
104.21488809585573,1
104.21489787101746,1
104.21492290496826,1
104.21686148643494,1
104.2170271873474,1
104.21705865859984,1
104.23006439208984,1
104.23009061813354,1
104.23014211654665,1
104.23457956314088,1
104.25048756599426,1
104.25051975250244,1
104.25053143501282,1
104.26162600517272,1
104.26162981987,1
104.26163697242735,1
104.26164412498474,1
104.26557421684264,1
104.2656261920929,1
104.26563572883606,1
104.26990151405334,1
104.26992702484132,1
104.26998138427734,1
104.2804515361786,1
104.2850546836853,1
104.28978085517883,1
104.28982615470886,1
104.29028797149658,1
104.30669403076172,1
104.307302236557,1
104.30733180046082,1
104.30746006965636,1
104.3085732460022,1
104.30858993530272,1
104.30870461463928,1
104.31015801429749,1
104.31018590927124,1
104.31019878387453,1
104.3111650943756,1
104.311194896698,1
104.3131983280182,1
104.31332659721376,1
104.3300166130066,1
104.33003616333008,1
104.33004951477052,1
104.34120154380798,1
104.34633445739746,1
104.34640455245972,1
104.3500235080719,1
104.35006165504456,1
104.35028123855592,1
104.3571274280548,1
104.35739874839784,1
104.35743427276611,1
104.35750794410706,1
104.36020064353944,1
104.36033749580383,1
104.36040306091309,1
104.37020826339722,1
104.37025547027588,1
104.37033200263976,1
104.39045310020448,1
104.3904938697815,1
104.39057230949402,1
104.39241862297058,1
104.39562368392944,1
104.4100890159607,1
104.4101014137268,1
104.4101264476776,1
104.41021132469176,1
104.41022372245789,1
104.41023468971252,1
104.41024565696716,1
104.41028881072998,1
104.41032719612122,1
104.41035580635072,1
104.4143042564392,1
104.41556906700134,1
104.41679692268372,1
104.41821146011353,1
104.4182424545288,1
104.42991614341736,1
104.42994403839111,1
104.42995548248292,1
104.43558597564696,1
104.44994926452635,1
104.44997692108154,1
104.4499888420105,1
104.47004079818726,1
104.47007060050964,1
104.47016620635986,1
104.49065351486206,1
104.49068021774292,1
104.49069952964784,1
104.49070525169373,1
104.49070715904236,1
104.49071550369264,1
104.49123907089232,1
104.49275255203248,1
104.49278473854064,1
104.49280261993408,1
104.49464321136476,1
104.49484825134276,1
104.49486875534058,1
104.49487805366516,1
104.496337890625,1
104.4964475631714,1
104.49647045135498,1
104.4989848136902,1
104.50997710227966,1
104.51000714302064,1
104.51000928878784,1
104.51364827156068,1
104.51367783546448,1
104.5152997970581,1
104.51531195640564,1
104.51660561561584,1
104.5181257724762,1
104.521870136261,1
104.53026843070984,1
104.53028512001038,1
104.53031301498412,1
104.54516553878784,1
104.5454888343811,1
104.54798650741576,1
104.5481629371643,1
104.548193693161,1
104.54820847511292,1
104.54935598373412,1
104.54940676689148,1
104.5496735572815,1
104.55006742477416,1
104.55009603500366,1
104.55017638206482,1
104.56755208969116,1
104.5703387260437,1
104.57037687301636,1
104.57040667533876,1
104.58763813972472,1
104.58898162841795,1
104.58901500701904,1
104.5911946296692,1
104.59129881858826,1
104.59139609336852,1
104.5915174484253,1
104.59153270721436,1
104.5916464328766,1
104.59166264533997,1
104.59167742729188,1
104.5916781425476,1
104.59663319587708,1
104.59665560722352,1
104.5983533859253,1
104.59855937957764,1
104.61037921905518,1
104.6104061603546,1
104.61041688919067,1
104.61413145065308,1
104.62994575500488,1
104.63011693954468,1
104.63957500457764,1
104.63972902297974,1
104.63975238800047,1
104.63975429534912,1
104.64069509506226,1
104.64072561264038,1
104.64076685905457,1
104.65066289901732,1
104.65069031715392,1
104.6507008075714,1
104.65845799446106,1
104.66228818893433,1
104.66392469406128,1
104.66405773162842,1
104.66409635543825,1
104.67005729675292,1
104.67008423805235,1
104.6701135635376,1
104.68790054321288,1
104.68810391426086,1
104.6881937980652,1
104.68964433670044,1
104.6896800994873,1
104.6896915435791,1
104.68996667861938,1
104.69014596939088,1
104.69016361236572,1
104.69133257865906,1
104.69136166572572,1
104.69136786460876,1
104.69230651855467,1
104.6923372745514,1
104.69391226768494,1
104.6939446926117,1
104.69898891448976,1
104.71008467674255,1
104.71011424064636,1
104.710129737854,1
104.72267365455627,1
104.72272324562071,1
104.72501468658449,1
104.72509360313416,1
104.72521948814392,1
104.72526383399963,1
104.72592496871948,1
104.72618293762208,1
104.7299952507019,1
104.73006224632265,1
104.73007488250732,1
104.74369597434998,1
104.7437334060669,1
104.7448308467865,1
104.744863986969,1
104.74488139152528,1
104.74514436721802,1
104.7507107257843,1
104.75075435638428,1
104.75077271461488,1
104.75581860542296,1
104.755845785141,1
104.75602269172668,1
104.77027440071106,1
104.77031993865968,1
104.77045845985413,1
104.78077960014345,1
104.78432059288023,1
104.79012656211852,1
104.79025149345398,1
104.79027056694032,1
104.79219269752502,1
104.79263925552368,1
104.80227327346802,1
104.80418300628662,1
104.80421924591064,1
104.80421996116638,1
104.81039142608644,1
104.81039834022522,1
104.81039905548096,1
104.82345914840698,1
104.82348299026488,1
104.82349419593812,1
104.82522344589232,1
104.8254964351654,1
104.82752919197084,1
104.82754158973694,1
104.83050727844238,1
104.83053255081175,1
104.8305597305298,1
104.84554028511047,1
104.84985208511353,1
104.8498785495758,1
104.84992909431458,1
104.86329770088196,1
104.86332511901855,1
104.86333775520325,1
104.86335039138794,1
104.86394882202148,1
104.86407232284546,1
104.86448907852171,1
104.87011313438416,1
104.8701286315918,1
104.87014150619508,1
104.88988399505617,1
104.8899176120758,1
104.88994479179382,1
104.90608429908752,1
104.90839767456056,1
104.9100399017334,1
104.91038584709167,1
104.9106786251068,1
104.91130232810974,1
104.93041610717772,1
104.93046236038208,1
104.93054056167604,1
104.93901109695436,1
104.93918228149414,1
104.93920850753784,1
104.9400417804718,1
104.94519281387328,1
104.94521236419678,1
104.94528198242188,1
104.9463107585907,1
104.94634675979614,1
104.94708251953124,1
104.94712090492249,1
104.94824934005736,1
104.94871640205383,1
104.9487166404724,1
104.94872331619264,1
104.9507336616516,1
104.95076894760132,1
104.95078420639038,1
104.95172262191772,1
104.95201253890993,1
104.95203733444214,1
104.95230054855348,1
104.97030901908876,1
104.9703426361084,1
104.97055387496948,1
104.98091340065002,1
104.98093485832214,1
104.98276805877686,1
104.98352932929993,1
104.98356318473816,1
104.98358035087584,1
104.99009466171265,1
104.99030923843384,1
104.99033284187315,1
104.99035048484802,1
104.99047064781188,1
104.99050402641296,1
104.99216556549072,1
105.00033473968506,1
105.00190711021423,1
105.00193428993224,1
105.0020821094513,1
105.00398707389832,1
105.00400066375732,1
105.00493049621582,1
105.00593185424805,1
105.00797986984252,1
105.00832867622375,1
105.00936961174013,1
105.0093846321106,1
105.01013135910034,1
105.01015615463255,1
105.01016807556152,1
105.01364541053772,1
105.03000044822691,1
105.03000545501708,1
105.03003358840942,1
105.03965735435486,1
105.0400230884552,1
105.04004287719728,1
105.04011034965517,1
105.04274773597716,1
105.04277324676514,1
105.04334139823914,1
105.05015087127686,1
105.050190448761,1
105.05020380020142,1
105.06378293037416,1
105.06553101539612,1
105.0664999485016,1
105.07037568092346,1
105.07038378715517,1
105.07039070129396,1
105.08750224113464,1
105.089049577713,1
105.0890772342682,1
105.08910655975342,1
105.08984971046448,1
105.08987307548524,1
105.08990955352785,1
105.09062790870668,1
105.09064888954164,1
105.0914225578308,1
105.0981752872467,1
105.09819960594176,1
105.09959769248962,1
105.0996744632721,1
105.10026335716248,1
105.1101529598236,1
105.11018085479736,1
105.11019372940063,1
105.114825963974,1
105.11584520339966,1
105.13002824783324,1
105.13006448745728,1
105.13007950782776,1
105.15075659751892,1
105.15082573890686,1
105.15083122253418,1
105.15266156196594,1
105.1532928943634,1
105.15332961082458,1
105.15338611602785,1
105.15600728988647,1
105.15631890296936,1
105.15646362304688,1
105.15653896331789,1
105.15721702575684,1
105.15816164016724,1
105.15863966941832,1
105.15867280960084,1
105.15869140625,1
105.15901517868042,1
105.15932416915894,1
105.15948033332825,1
105.17043495178224,1
105.1704761981964,1
105.17048239707948,1
105.17982983589172,1
105.19070744514464,1
105.19074535369872,1
105.19081044197084,1
105.21000957489014,1
105.21003532409668,1
105.2100441455841,1
105.2161877155304,1
105.21622824668884,1
105.216698884964,1
105.21671891212463,1
105.21941685676576,1
105.21942281723022,1
105.2199845314026,1
105.23006200790404,1
105.23008847236632,1
105.23013758659364,1
105.2405767440796,1
105.24081349372864,1
105.24262523651124,1
105.24288201332092,1
105.243807554245,1
105.25003480911256,1
105.2500593662262,1
105.25007009506226,1
105.25666975975037,1
105.25695729255676,1
105.25697231292725,1
105.25712776184082,1
105.2700617313385,1
105.27008986473083,1
105.27012276649477,1
105.27412486076356,1
105.29006099700928,1
105.29011416435242,1
105.29013156890868,1
105.29139709472656,1
105.29142236709596,1
105.2914354801178,1
105.29147720336914,1
105.29361319541933,1
105.29639792442322,1
105.30456614494324,1
105.3062620162964,1
105.3062949180603,1
105.3063259124756,1
105.30730199813844,1
105.30759000778198,1
105.30831122398376,1
105.30833554267883,1
105.30991458892822,1
105.309983253479,1
105.3100016117096,1
105.31344270706175,1
105.3309051990509,1
105.33091592788696,1
105.33093786239624,1
105.34839487075806,1
105.34841775894164,1
105.34980487823486,1
105.35009336471558,1
105.35111260414124,1
105.35115146636964,1
105.35222816467284,1
105.35226488113403,1
105.35228157043456,1
105.35433959960938,1
105.35435938835144,1
105.35442543029784,1
105.35939240455627,1
105.37026906013487,1
105.37048482894896,1
105.37050795555116,1
105.3813750743866,1
105.38140487670898,1
105.38145184516908,1
105.38243556022644,1
105.38340759277344,1
105.3834478855133,1
105.3843870162964,1
105.3908190727234,1
105.39124274253844,1
105.3912672996521,1
105.3957986831665,1
105.39583086967468,1
105.41066026687622,1
105.4106855392456,1
105.4107186794281,1
105.41745901107788,1
105.417471408844,1
105.42098927497864,1
105.42111110687256,1
105.421311378479,1
105.42133498191832,1
105.4300422668457,1
105.43006873130798,1
105.43008017539978,1
105.43953275680542,1
105.43953680992126,1
105.43956208229064,1
105.44225764274596,1
105.45010113716124,1
105.4501142501831,1
105.45077633857728,1
105.46738028526306,1
105.46739649772644,1
105.46740937232973,1
105.46742153167725,1
105.46995425224304,1
105.46996665000916,1
105.47009921073914,1
105.4701132774353,1
105.47012376785278,1
105.47062683105467,1
105.47211003303528,1
105.4738471508026,1
105.48302674293518,1
105.48772644996644,1
105.48887014389038,1
105.48888301849364,1
105.48889350891112,1
105.4908196926117,1
105.49084568023682,1
105.49090099334715,1
105.49093961715698,1
105.49097204208374,1
105.491468667984,1
105.49559307098389,1
105.4956226348877,1
105.49675750732422,1
105.49691152572632,1
105.51007986068726,1
105.51011180877686,1
105.51012635231018,1
105.53014183044434,1
105.5301718711853,1
105.53024244308472,1
105.53141355514526,1
105.53873825073242,1
105.53875303268433,1
105.54998445510864,1
105.55002117156982,1
105.55013823509216,1
105.55669045448305,1
105.55898690223694,1
105.5590271949768,1
105.5590832233429,1
105.55922651290894,1
105.55925345420836,1
105.55934143066406,1
105.57057809829712,1
105.57064652442932,1
105.57066655158997,1
105.57902240753174,1
105.59021258354188,1
105.59026217460632,1
105.5906298160553,1
105.59077906608582,1
105.5923035144806,1
105.5927278995514,1
105.59273099899292,1
105.60579347610474,1
105.60580778121948,1
105.60582160949708,1
105.60956287384032,1
105.60957598686218,1
105.60991072654724,1
105.60992741584778,1
105.60993552207948,1
105.61582565307616,1
105.61588168144226,1
105.61589884757996,1
105.61593508720398,1
105.61742067337036,1
105.63162398338318,1
105.63165283203124,1
105.63166451454164,1
105.63683533668518,1
105.63744139671326,1
105.63746428489684,1
105.63747596740724,1
105.64064264297484,1
105.64091086387634,1
105.6409342288971,1
105.6504888534546,1
105.6505160331726,1
105.65052604675292,1
105.6617214679718,1
105.66174936294556,1
105.66175985336304,1
105.66176891326904,1
105.66347479820251,1
105.66363048553468,1
105.66364669799805,1
105.67005562782288,1
105.67008352279665,1
105.67036533355711,1
105.6775860786438,1
105.68151235580444,1
105.68153262138368,1
105.6815586090088,1
105.68169665336607,1
105.69010043144226,1
105.6901240348816,1
105.69012761116028,1
105.70994591712952,1
105.7099711894989,1
105.7100350856781,1
105.71458840370178,1
105.71496391296388,1
105.71542024612428,1
105.71751022338869,1
105.7175121307373,1
105.72947454452516,1
105.72948288917542,1
105.72948837280272,1
105.73022079467772,1
105.73024559020996,1
105.73024845123292,1
105.73026704788208,1
105.73061776161194,1
105.74482774734496,1
105.7449505329132,1
105.74611616134644,1
105.7463719844818,1
105.74643278121948,1
105.74661445617676,1
105.749370098114,1
105.7493929862976,1
105.7494158744812,1
105.75022196769714,1
105.75025677680968,1
105.75029397010805,1
105.75840544700624,1
105.76112747192384,1
105.77005052566528,1
105.7700879573822,1
105.77023315429688,1
105.7793800830841,1
105.78017044067384,1
105.790917634964,1
105.79091835021973,1
105.79095697402954,1
105.79999256134032,1
105.80007934570312,1
105.80009818077087,1
105.80011200904846,1
105.80994629859924,1
105.80997490882874,1
105.80998682975768,1
105.81801533699036,1
105.81834006309508,1
105.81850028038023,1
105.82995676994324,1
105.8299810886383,1
105.82999229431152,1
105.85143899917604,1
105.85146999359132,1
105.85161304473876,1
105.85172128677368,1
105.85173678398132,1
105.85174822807312,1
105.85175848007202,1
105.85176920890808,1
105.86611104011536,1
105.86708235740662,1
105.86711072921752,1
105.86712408065796,1
105.86852264404295,1
105.86855459213255,1
105.86858987808228,1
105.87093734741212,1
105.87096500396729,1
105.8712923526764,1
105.87132668495178,1
105.89135909080504,1
105.89139366149902,1
105.8914279937744,1
105.89147281646729,1
105.89159345626832,1
105.89159870147704,1
105.89167022705078,1
105.89170455932616,1
105.89173936843872,1
105.8917670249939,1
105.89180278778076,1
105.8918764591217,1
105.89189100265504,1
105.89190149307252,1
105.90997290611269,1
105.91000437736513,1
105.91002035140993,1
105.9168016910553,1
105.91695880889893,1
105.91697573661804,1
105.91697716712952,1
105.91867256164552,1
105.91890263557434,1
105.91893291473389,1
105.93003153800964,1
105.93008041381836,1
105.93010091781616,1
105.9424524307251,1
105.94811511039734,1
105.94820165634157,1
105.95005202293396,1
105.95008850097656,1
105.95015048980711,1
105.97085881233215,1
105.97092771530151,1
105.97116923332214,1
105.97454881668092,1
105.9745626449585,1
105.97458910942078,1
105.97459173202516,1
105.9826295375824,1
105.98867774009705,1
105.98871874809264,1
105.98878598213196,1
105.99168586730956,1
105.99172115325928,1
105.9917631149292,1
105.99187636375429,1
105.9921042919159,1
105.9921236038208,1
105.99216985702516,1
105.99665474891664,1
105.99668884277344,1
105.99670219421388,1
106.00140357017516,1
106.00158762931824,1
106.00164985656738,1
106.00417160987854,1
106.00424003601074,1
106.00995540618896,1
106.00998187065125,1
106.01007342338562,1
106.0321319103241,1
106.0321559906006,1
106.03221249580383,1
106.03767848014832,1
106.04996252059937,1
106.0499894618988,1
106.05000138282776,1
106.0690016746521,1
106.06901812553406,1
106.06904768943788,1
106.06906127929688,1
106.07024097442628,1
106.07026290893556,1
106.07054233551024,1
106.07271838188171,1
106.0727334022522,1
106.07289934158324,1
106.07372450828552,1
106.07471871376038,1
106.07542490959167,1
106.07997727394104,1
106.08154153823853,1
106.09845876693726,1
106.09848475456238,1
106.0985119342804,1
106.10051584243774,1
106.10055303573608,1
106.10060095787048,1
106.10061764717102,1
106.10998821258544,1
106.11001634597778,1
106.11133074760436,1
106.11643171310423,1
106.12987875938416,1
106.12990832328796,1
106.13009834289552,1
106.14838552474976,1
106.14844584465028,1
106.14995884895325,1
106.1499800682068,1
106.1499969959259,1
106.150324344635,1
106.15035390853882,1
106.15302562713624,1
106.15305495262146,1
106.15306997299194,1
106.15308666229248,1
106.153151512146,1
106.15626573562622,1
106.15649056434631,1
106.15649151802064,1
106.15650987625122,1
106.17021560668944,1
106.17025446891785,1
106.17028045654295,1
106.17353940010072,1
106.17376279830933,1
106.17395758628844,1
106.17458772659302,1
106.1793773174286,1
106.18188333511353,1
106.18190431594849,1
106.1819188594818,1
106.18300914764404,1
106.18375706672668,1
106.18378710746764,1
106.18487238883972,1
106.18606090545654,1
106.1933252811432,1
106.19336009025574,1
106.1934335231781,1
106.2122871875763,1
106.21231484413148,1
106.21231603622437,1
106.22273683547974,1
106.22317838668825,1
106.22376084327698,1
106.22425818443298,1
106.22480654716492,1
106.23140072822572,1
106.23141193389893,1
106.2314236164093,1
106.23839831352234,1
106.23955035209656,1
106.2395646572113,1
106.24046087265016,1
106.2409815788269,1
106.2411608695984,1
106.24131727218628,1
106.25007915496826,1
106.2501094341278,1
106.25012135505676,1
106.258647441864,1
106.26247143745422,1
106.262672662735,1
106.26278305053712,1
106.26279711723328,1
106.27000665664671,1
106.27003359794617,1
106.27004480361938,1
106.27466535568236,1
106.27861166000366,1
106.27864027023315,1
106.27865266799928,1
106.28984212875366,1
106.28989458084106,1
106.28990077972412,1
106.30057692527772,1
106.30061650276184,1
106.30182981491087,1
106.30184698104858,1
106.31002736091614,1
106.3100311756134,1
106.3102321624756,1
106.31488394737244,1
106.329913854599,1
106.32993173599245,1
106.32994771003725,1
106.3458375930786,1
106.345849275589,1
106.34783673286438,1
106.34787559509276,1
106.34799814224245,1
106.34802317619324,1
106.34984493255617,1
106.34989404678343,1
106.34991550445557,1
106.3520712852478,1
106.35211038589478,1
106.35218167304993,1
106.36330842971802,1
106.37056946754456,1
106.3723690509796,1
106.37245512008668,1
106.3734805583954,1
106.3743941783905,1
106.37442064285278,1
106.3744411468506,1
106.37668800354004,1
106.3768093585968,1
106.3777277469635,1
106.38232254981996,1
106.38282299041748,1
106.38288974761964,1
106.38296413421632,1
106.38578200340272,1
106.38595795631409,1
106.38620448112488,1
106.39023661613464,1
106.39028191566469,1
106.39034509658812,1
106.40136313438416,1
106.40141320228577,1
106.41007804870604,1
106.41010761260986,1
106.41012120246889,1
106.43168258666992,1
106.43171215057372,1
106.43171763420104,1
106.43453049659728,1
106.43454241752625,1
106.43543362617493,1
106.450124502182,1
106.4501543045044,1
106.45018744468688,1
106.46760249137878,1
106.46761298179626,1
106.46762323379517,1
106.46808218955994,1
106.47672486305235,1
106.4767563343048,1
106.47680115699768,1
106.47692680358888,1
106.47695899009705,1
106.47699213027954,1
106.47758841514587,1
106.48988628387453,1
106.4899160861969,1
106.49054265022278,1
106.49064898490906,1
106.49797177314758,1
106.49806261062622,1
106.49817514419556,1
106.49820160865784,1
106.49918508529665,1
106.49959230422974,1
106.5100030899048,1
106.51002073287964,1
106.51003456115724,1
106.52344822883606,1
106.52347350120544,1
106.52348613739014,1
106.5237135887146,1
106.52630496025084,1
106.5265600681305,1
106.52661418914796,1
106.52673363685608,1
106.5298023223877,1
106.52982568740843,1
106.52987432479858,1
106.54631495475768,1
106.54654312133788,1
106.54777431488036,1
106.55053758621216,1
106.55059599876404,1
106.5506191253662,1
106.55071234703064,1
106.55078959465028,1
106.5508861541748,1
106.55090856552124,1
106.55097842216492,1
106.55102920532228,1
106.55671262741087,1
106.55788087844849,1
106.55875205993652,1
106.57015562057497,1
106.57019925117493,1
106.57030534744264,1
106.59094262123108,1
106.59099459648132,1
106.59102964401244,1
106.6105854511261,1
106.61061882972716,1
106.6106219291687,1
106.6106343269348,1
106.61073398590088,1
106.61076641082764,1
106.61080384254456,1
106.62166261672974,1
106.62184524536131,1
106.6218593120575,1
106.62187957763672,1
106.6218922138214,1
106.62288784980774,1
106.62294292449953,1
106.62363696098328,1
106.62366580963136,1
106.6236822605133,1
106.62369418144226,1
106.6301805973053,1
106.6302134990692,1
106.63022685050964,1
106.63160037994383,1
106.63161301612854,1
106.63162660598756,1
106.6316375732422,1
106.63344597816469,1
106.6356122493744,1
106.64648509025574,1
106.64649844169617,1
106.64651083946228,1
106.64849066734314,1
106.64879202842712,1
106.65028929710388,1
106.6504566669464,1
106.65052962303162,1
106.65056467056274,1
106.65060830116272,1
106.661128282547,1
106.67034888267516,1
106.67035150527954,1
106.6703760623932,1
106.68004417419434,1
106.68006944656372,1
106.68008089065552,1
106.68013906478882,1
106.68344855308531,1
106.68349385261536,1
106.68349742889404,1
106.68993282318117,1
106.68996143341064,1
106.68998312950134,1
106.69739508628844,1
106.69742465019226,1
106.70994997024536,1
106.70995807647704,1
106.70998215675354,1
106.7157106399536,1
106.71572756767272,1
106.7173309326172,1
106.73000240325928,1
106.7300317287445,1
106.73004794120789,1
106.74148392677309,1
106.74185538291933,1
106.74188303947447,1
106.74190425872804,1
106.74373126029968,1
106.74378633499146,1
106.74513268470764,1
106.75024700164796,1
106.7502794265747,1
106.75028395652772,1
106.75669622421265,1
106.77032160758972,1
106.77035999298096,1
106.77037644386292,1
106.77582693099976,1
106.78353786468506,1
106.78365564346312,1
106.78469347953796,1
106.78543829917908,1
106.78547286987305,1
106.78568816184998,1
106.7866349220276,1
106.78713464736938,1
106.78727769851685,1
106.79076886177064,1
106.79080319404602,1
106.79084634780884,1
106.79537296295166,1
106.79566645622252,1
106.79791378974916,1
106.79797267913818,1
106.810120344162,1
106.81014442443848,1
106.8101863861084,1
106.81785893440248,1
106.82004427909852,1
106.83013725280762,1
106.83016514778136,1
106.8301773071289,1
106.84567523002625,1
106.85042142868042,1
106.8504524230957,1
106.85046410560608,1
106.85118412971497,1
106.8512086868286,1
106.85127305984496,1
106.85130143165588,1
106.85303950309752,1
106.8535590171814,1
106.85417127609252,1
106.8551173210144,1
106.85542631149292,1
106.85543155670166,1
106.85544991493224,1
106.85772681236269,1
106.8581178188324,1
106.85812878608704,1
106.85852146148682,1
106.86990642547607,1
106.86993193626404,1
106.87012910842896,1
106.87879061698914,1
106.87880086898804,1
106.87880182266235,1
106.87881588935852,1
106.8804759979248,1
106.88070678710938,1
106.8809130191803,1
106.89020490646362,1
106.8902063369751,1
106.89023065567017,1
106.90402221679688,1
106.9040505886078,1
106.9041109085083,1
106.904137134552,1
106.90983152389526,1
106.90985918045044,1
106.91012024879456,1
106.91411876678468,1
106.9299771785736,1
106.93001246452332,1
106.93002772331238,1
106.94649171829224,1
106.94658756256104,1
106.94778609275818,1
106.94797945022584,1
106.94809651374815,1
106.9480984210968,1
106.95301985740662,1
106.95302653312685,1
106.95306515693665,1
106.95328545570374,1
106.95334911346436,1
106.9533920288086,1
106.96520590782166,1
106.97045373916626,1
106.97049045562744,1
106.9705092906952,1
106.97129225730896,1
106.9713122844696,1
106.97153782844543,1
106.9715883731842,1
106.9754238128662,1
106.97604060173036,1
106.97605037689208,1
106.9770770072937,1
106.98568081855774,1
106.98574829101562,1
106.98879718780518,1
106.9888038635254,1
106.9906153678894,1
106.9906611442566,1
106.99070978164671,1
107.0113651752472,1
107.01424026489258,1
107.01432490348816,1
107.02124834060668,1
107.02318096160889,1
107.03036332130432,1
107.0303955078125,1
107.03040599822998,1
107.03514623641968,1
107.05038404464722,1
107.05054807662964,1
107.05068516731262,1
107.0591676235199,1
107.05919003486632,1
107.05935907363892,1
107.05944728851318,1
107.06192231178284,1
107.06196069717409,1
107.06199765205383,1
107.06996965408324,1
107.07021403312685,1
107.07030510902403,1
107.09011125564577,1
107.09022450447084,1
107.09030866622923,1
107.09032797813416,1
107.09413862228394,1
107.09418892860413,1
107.09423780441284,1
107.09425330162048,1
107.09765315055849,1
107.09820580482484,1
107.09837174415588,1
107.0990183353424,1
107.0992820262909,1
107.10083532333374,1
107.10104894638062,1
107.11004662513731,1
107.11007070541382,1
107.11011838912964,1
107.11576986312866,1
107.11584424972534,1
107.11590790748596,1
107.11592268943788,1
107.11714267730711,1
107.11716389656068,1
107.11733722686768,1
107.13064813613892,1
107.13069128990172,1
107.13179063796996,1
107.1502010822296,1
107.15066838264464,1
107.15070295333862,1
107.15553212165833,1
107.15999841690063,1
107.16002368927002,1
107.16344046592712,1
107.16347479820251,1
107.16372203826904,1
107.16394639015198,1
107.16437029838562,1
107.1644139289856,1
107.16445922851562,1
107.16459202766418,1
107.1655843257904,1
107.16895294189452,1
107.17197799682616,1
107.17202591896056,1
107.17204928398132,1
107.18532180786131,1
107.18545985221864,1
107.1855401992798,1
107.18559646606444,1
107.18914651870728,1
107.18923783302309,1
107.18936467170715,1
107.19142699241638,1
107.19149112701416,1
107.19151186943054,1
107.19175672531128,1
107.1918158531189,1
107.20867586135864,1
107.20869493484496,1
107.20877504348756,1
107.2087905406952,1
107.21074604988098,1
107.21078824996948,1
107.21089339256288,1
107.23044085502625,1
107.23107504844666,1
107.23113083839417,1
107.24942588806152,1
107.2507872581482,1
107.2508111000061,1
107.25081419944765,1
107.25337886810304,1
107.25339269638062,1
107.25340533256532,1
107.25341796875,1
107.25571298599245,1
107.2557246685028,1
107.25577640533449,1
107.27008056640624,1
107.27010726928712,1
107.27011823654176,1
107.27579188346864,1
107.27701210975648,1
107.28327989578248,1
107.28352403640748,1
107.28352904319765,1
107.28355073928832,1
107.28997778892516,1
107.29000401496889,1
107.290016412735,1
107.30123901367188,1
107.3012557029724,1
107.30128455162048,1
107.30287766456604,1
107.30290508270264,1
107.3039047718048,1
107.30395531654358,1
107.31016254425047,1
107.31019592285156,1
107.310209274292,1
107.32998847961426,1
107.33003115653992,1
107.33072781562804,1
107.33694958686829,1
107.35046100616456,1
107.35049486160278,1
107.350510597229,1
107.37058115005492,1
107.3706350326538,1
107.37070751190186,1
107.37448978424072,1
107.37458825111388,1
107.37969756126404,1
107.37972974777222,1
107.37982392311096,1
107.37985491752625,1
107.38008856773376,1
107.38011145591736,1
107.38019037246704,1
107.38660740852356,1
107.38663506507874,1
107.38666820526124,1
107.38669729232788,1
107.38746881484984,1
107.3875539302826,1
107.38828706741332,1
107.38987851142883,1
107.39125418663023,1
107.39130401611328,1
107.39132070541382,1
107.40247797966003,1
107.40250754356384,1
107.40270829200745,1
107.40272760391235,1
107.4029984474182,1
107.40301322937012,1
107.40510630607604,1
107.40512466430664,1
107.40531873703004,1
107.4055552482605,1
107.40569043159483,1
107.40607118606567,1
107.41235876083374,1
107.41237330436708,1
107.4124653339386,1
107.41309428215028,1
107.4172351360321,1
107.4302659034729,1
107.43028378486632,1
107.43043208122252,1
107.43888354301453,1
107.4390742778778,1
107.43912053108215,1
107.43943643569946,1
107.43972158432008,1
107.4400475025177,1
107.4406144618988,1
107.45052433013916,1
107.45055437088013,1
107.4505786895752,1
107.45668387413023,1
107.45752573013306,1
107.45825123786926,1
107.4699318408966,1
107.46996307373048,1
107.46997857093812,1
107.48534393310548,1
107.48872017860413,1
107.48874020576476,1
107.48877573013306,1
107.4889361858368,1
107.48897576332092,1
107.4890115261078,1
107.48904919624329,1
107.4890842437744,1
107.49016404151917,1
107.49018692970276,1
107.49020433425903,1
107.4917004108429,1
107.49171447753906,1
107.5099070072174,1
107.50993394851685,1
107.50994682312012,1
107.5253221988678,1
107.52779579162598,1
107.52916502952576,1
107.53141736984252,1
107.53143215179443,1
107.53217005729675,1
107.5450565814972,1
107.54507374763487,1
107.5463411808014,1
107.54635739326476,1
107.54635953903198,1
107.54643392562866,1
107.5490505695343,1
107.54907846450806,1
107.54973530769348,1
107.55076622962952,1
107.55080318450928,1
107.55082130432127,1
107.57039642333984,1
107.5704391002655,1
107.57049465179443,1
107.5840139389038,1
107.59054470062256,1
107.59057259559631,1
107.59059882164,1
107.59264254570007,1
107.59328818321228,1
107.59369158744812,1
107.59373140335084,1
107.59483194351196,1
107.59486985206604,1
107.59496927261353,1
107.60026669502258,1
107.6003122329712,1
107.61065554618835,1
107.61068868637084,1
107.6107017993927,1
107.6133668422699,1
107.61365294456482,1
107.62044477462769,1
107.62047457695007,1
107.62053966522215,1
107.62055206298828,1
107.6221535205841,1
107.62231254577635,1
107.6224274635315,1
107.62381601333618,1
107.63034868240356,1
107.63037586212158,1
107.63038802146912,1
107.64100861549376,1
107.64103293418884,1
107.64127922058104,1
107.64130091667175,1
107.6438672542572,1
107.6438844203949,1
107.64428544044496,1
107.65009260177612,1
107.6501202583313,1
107.6501317024231,1
107.67021870613098,1
107.67024612426758,1
107.67025709152222,1
107.6900384426117,1
107.69006776809692,1
107.69008040428162,1
107.69052267074584,1
107.695410490036,1
107.69577217102052,1
107.695787191391,1
107.69579911231996,1
107.69721508026124,1
107.69721865653992,1
107.69829607009888,1
107.69832611083984,1
107.69834280014038,1
107.70159959793092,1
107.70161175727844,1
107.7107765674591,1
107.71080422401428,1
107.71085119247437,1
107.71488833427428,1
107.73011016845705,1
107.73012065887453,1
107.73015999794006,1
107.74412798881532,1
107.74552202224731,1
107.74698305130003,1
107.74731278419496,1
107.74733519554138,1
107.7473533153534,1
107.74764132499696,1
107.75054907798769,1
107.75056481361388,1
107.7505784034729,1
107.7681577205658,1
107.7701005935669,1
107.77014136314392,1
107.770489692688,1
107.77592492103577,1
107.78956127166748,1
107.79030227661131,1
107.79033374786376,1
107.79034042358398,1
107.79037475585938,1
107.79042744636536,1
107.79309463500977,1
107.79313445091248,1
107.79328727722168,1
107.79330372810364,1
107.79330968856812,1
107.7933201789856,1
107.79988408088684,1
107.80030918121338,1
107.80460596084596,1
107.81046724319458,1
107.81049466133118,1
107.81050658226012,1
107.81336379051208,1
107.82665538787842,1
107.82857823371889,1
107.83016443252563,1
107.83018708229064,1
107.8302402496338,1
107.83130860328674,1
107.8431317806244,1
107.8432445526123,1
107.84325766563416,1
107.8433313369751,1
107.84396314620972,1
107.8439757823944,1
107.84423661231996,1
107.85044574737547,1
107.85047006607056,1
107.8504991531372,1
107.86063575744627,1
107.8607726097107,1
107.86084175109865,1
107.8608775138855,1
107.86268711090088,1
107.86300873756409,1
107.86328148841858,1
107.86396431922913,1
107.86987638473512,1
107.86990141868591,1
107.86992835998537,1
107.88763546943665,1
107.88765144348145,1
107.88766407966614,1
107.88770246505736,1
107.88992381095886,1
107.88994908332825,1
107.89002418518066,1
107.89094519615172,1
107.8909945487976,1
107.89101004600523,1
107.8918595314026,1
107.89190626144408,1
107.89573574066162,1
107.895751953125,1
107.91027069091795,1
107.91029691696168,1
107.9103012084961,1
107.92360305786131,1
107.92504119873048,1
107.92590832710266,1
107.93006372451782,1
107.93009495735168,1
107.93010759353638,1
107.93946933746338,1
107.93949270248412,1
107.93950939178468,1
107.93955850601196,1
107.94143557548524,1
107.94149255752563,1
107.94153571128844,1
107.95004081726074,1
107.9500720500946,1
107.95007252693176,1
107.96959924697876,1
107.9708240032196,1
107.97086453437804,1
107.97094345092772,1
107.9759910106659,1
107.97627544403076,1
107.977516412735,1
107.9775414466858,1
107.977703332901,1
107.97771573066711,1
107.97990703582764,1
107.9799783229828,1
107.98040390014648,1
107.9830358028412,1
107.98563718795776,1
107.98567914962769,1
107.99049472808838,1
107.99052953720091,1
107.9905469417572,1
107.99154019355774,1
107.99162220954896,1
108.010493516922,1
108.01052689552309,1
108.01058101654051,1
108.01493215560912,1
108.029958486557,1
108.02996563911438,1
108.02999258041382,1
108.04381608963013,1
108.0446436405182,1
108.04468369483948,1
108.04593420028688,1
108.04668307304382,1
108.04711055755617,1
108.04713940620422,1
108.04807138442992,1
108.05047512054443,1
108.05050349235536,1
108.05055117607117,1
108.05591917037964,1
108.05599546432497,1
108.0700023174286,1
108.07002854347228,1
108.07004952430724,1
108.0859124660492,1
108.08593463897704,1
108.08597373962402,1
108.08621168136597,1
108.08905243873596,1
108.08907508850098,1
108.08912181854248,1
108.0898745059967,1
108.08987641334534,1
108.08990263938904,1
108.09132504463196,1
108.09134221076964,1
108.09474444389345,1
108.09476947784424,1
108.1101188659668,1
108.1101508140564,1
108.11016511917114,1
108.12916302680968,1
108.12931442260742,1
108.1293444633484,1
108.1297492980957,1
108.13010120391846,1
108.130131483078,1
108.1302421092987,1
108.13096356391908,1
108.13146758079527,1
108.13166904449464,1
108.1318519115448,1
108.13576316833496,1
108.13585686683656,1
108.13733744621275,1
108.13736724853516,1
108.1374101638794,1
108.13745141029358,1
108.1405427455902,1
108.14058828353882,1
108.14063048362732,1
108.15044116973876,1
108.15047788619997,1
108.15053749084473,1
108.15466475486755,1
108.17113494873048,1
108.17116713523863,1
108.17126226425172,1
108.18097448349,1
108.1810142993927,1
108.18135643005373,1
108.18139004707336,1
108.18396472930908,1
108.1846752166748,1
108.18471932411194,1
108.19060277938844,1
108.19064545631409,1
108.19069719314577,1
108.21059703826904,1
108.21061301231384,1
108.21067094802856,1
108.21590852737428,1
108.21592831611632,1
108.22180795669556,1
108.22185444831848,1
108.23006176948547,1
108.23009371757507,1
108.2301058769226,1
108.25046229362488,1
108.25048971176147,1
108.250501871109,1
108.25095677375792,1
108.25473856925964,1
108.25473880767822,1
108.25476622581482,1
108.25476694107056,1
108.2563135623932,1
108.25635719299316,1
108.25638842582704,1
108.25733256340028,1
108.27062916755676,1
108.2706470489502,1
108.2706699371338,1
108.27390456199646,1
108.27525782585144,1
108.27783846855164,1
108.27839994430542,1
108.28268575668336,1
108.29023265838624,1
108.29024600982666,1
108.29029655456544,1
108.29343175888062,1
108.2936339378357,1
108.29364776611328,1
108.293879032135,1
108.3008201122284,1
108.30086517333984,1
108.30114555358888,1
108.3028416633606,1
108.30287146568298,1
108.3045654296875,1
108.30458641052246,1
108.31003069877625,1
108.31003403663637,1
108.31005907058716,1
108.33002018928528,1
108.33005332946776,1
108.3300666809082,1
108.3500566482544,1
108.35009121894836,1
108.35032939910889,1
108.35791325569151,1
108.37022972106934,1
108.37027287483215,1
108.37030410766602,1
108.38356757164,1
108.3836076259613,1
108.38742256164552,1
108.38747429847716,1
108.38767385482788,1
108.3877019882202,1
108.39016151428224,1
108.39021825790404,1
108.39199352264404,1
108.39552450180054,1
108.39568996429443,1
108.39571952819824,1
108.39642190933228,1
108.39658451080322,1
108.39660477638245,1
108.39673686027528,1
108.4110221862793,1
108.41108655929564,1
108.41112065315248,1
108.42057394981384,1
108.4205892086029,1
108.42060685157776,1
108.4206395149231,1
108.42918968200684,1
108.42920565605164,1
108.42929172515868,1
108.4293088912964,1
108.4301872253418,1
108.43021321296692,1
108.43025016784668,1
108.4414381980896,1
108.45044326782228,1
108.4504702091217,1
108.45052123069765,1
108.46122121810912,1
108.4612317085266,1
108.46140623092651,1
108.4614725112915,1
108.46438145637512,1
108.46441507339478,1
108.46470069885254,1
108.46543169021606,1
108.46650743484496,1
108.47043323516846,1
108.47045803070068,1
108.47049474716188,1
108.48494601249696,1
108.4921088218689,1
108.49214625358582,1
108.49217128753662,1
108.4922251701355,1
108.49223899841309,1
108.49228811264038,1
108.49234104156494,1
108.4923906326294,1
108.49240112304688,1
108.4924292564392,1
108.49618792533876,1
108.49621105194092,1
108.49774432182312,1
108.49776601791382,1
108.5099515914917,1
108.51042985916138,1
108.5104603767395,1
108.51369404792786,1
108.52991676330566,1
108.52994775772096,1
108.53014874458312,1
108.53779864311218,1
108.53781962394714,1
108.55028486251832,1
108.55035591125488,1
108.55044078826904,1
108.56774663925172,1
108.5677661895752,1
108.56781220436096,1
108.56790041923524,1
108.57018995285034,1
108.57023215293884,1
108.5709035396576,1
108.5733802318573,1
108.57342076301576,1
108.5734884738922,1
108.57500720024107,1
108.58209943771362,1
108.58309292793274,1
108.59034276008606,1
108.59038376808168,1
108.59040451049805,1
108.61063480377196,1
108.61067652702332,1
108.61069583892822,1
108.61621427536012,1
108.61623239517212,1
108.61624598503111,1
108.61833667755128,1
108.61873292922974,1
108.61931228637695,1
108.62014579772948,1
108.62372040748596,1
108.62440085411072,1
108.6248528957367,1
108.62491464614868,1
108.62576246261597,1
108.62586069107056,1
108.6259982585907,1
108.62601113319396,1
108.62800288200378,1
108.62801456451416,1
108.6280288696289,1
108.62942934036256,1
108.63027548789978,1
108.63030004501344,1
108.63032126426695,1
108.63324284553528,1
108.649973154068,1
108.65000343322754,1
108.65003490447998,1
108.66039443016052,1
108.66471362113953,1
108.66473698616028,1
108.66654062271118,1
108.66656804084778,1
108.67190217971802,1
108.67268085479736,1
108.672682762146,1
108.68995118141174,1
108.6901285648346,1
108.69027781486513,1
108.6907651424408,1
108.69079089164734,1
108.6908242702484,1
108.69290947914124,1
108.69686555862428,1
108.6977219581604,1
108.69864773750304,1
108.69870615005492,1
108.69871783256532,1
108.69873905181883,1
108.69981527328493,1
108.69986414909364,1
108.71019792556764,1
108.71023607254028,1
108.71025609970091,1
108.71530342102052,1
108.73190927505492,1
108.73194479942322,1
108.7319793701172,1
108.74331903457642,1
108.74336791038512,1
108.74338555336,1
108.74342918395996,1
108.7435426712036,1
108.74358105659483,1
108.74361896514893,1
108.74991941452026,1
108.75005841255188,1
108.75011014938354,1
108.75471472740172,1
108.75599431991576,1
108.7700617313385,1
108.77010655403136,1
108.77043890953064,1
108.77543687820436,1
108.77638816833496,1
108.79300856590272,1
108.7930474281311,1
108.7930600643158,1
108.81013107299805,1
108.81015872955322,1
108.81019115447998,1
108.81258535385132,1
108.81266069412231,1
108.81486654281616,1
108.8148980140686,1
108.81490850448608,1
108.8149118423462,1
108.8167610168457,1
108.81677508354188,1
108.81678891181946,1
108.81857562065125,1
108.81872844696044,1
108.82777762413023,1
108.82788348197936,1
108.83096671104433,1
108.83122372627258,1
108.831467628479,1
108.83207726478577,1
108.83461308479308,1
108.84991192817688,1
108.84993982315063,1
108.85000205039978,1
108.8546097278595,1
108.85473108291626,1
108.85474562644958,1
108.85475754737854,1
108.87004971504211,1
108.87007570266724,1
108.87008881568909,1
108.88737916946413,1
108.88760995864868,1
108.8879132270813,1
108.88850021362305,1
108.8886785507202,1
108.88869857788086,1
108.8887062072754,1
108.88949871063232,1
108.88967084884644,1
108.88968777656557,1
108.88987278938292,1
108.88988733291626,1
108.8899700641632,1
108.8906753063202,1
108.91036915779114,1
108.9103729724884,1
108.9106695652008,1
108.9300148487091,1
108.93005228042604,1
108.93019986152648,1
108.9408609867096,1
108.94089007377625,1
108.94091606140135,1
108.9411461353302,1
108.9478108882904,1
108.94795393943788,1
108.9499921798706,1
108.9500081539154,1
108.95002508163452,1
108.95008063316344,1
108.9612352848053,1
108.96643948554993,1
108.96667289733888,1
108.9701235294342,1
108.97016501426695,1
108.97018480300903,1
108.9873867034912,1
108.98746538162231,1
108.98809576034546,1
108.9904842376709,1
108.9905276298523,1
108.99216842651369,1
109.00289392471312,1
109.01572179794312,1
109.01575326919556,1
109.01651406288148,1
109.03016114234924,1
109.03138828277588,1
109.03141736984252,1
109.0314564704895,1
109.0356674194336,1
109.0363028049469,1
109.03651332855225,1
109.03713345527648,1
109.04230666160583,1
109.042457818985,1
109.04258275032043,1
109.04268908500671,1
109.04360795021056,1
109.0467619895935,1
109.0490221977234,1
109.0498878955841,1
109.04991340637208,1
109.04996490478516,1
109.0619134902954,1
109.06191611289978,1
109.0619421005249,1
109.06208777427672,1
109.06401634216309,1
109.06406164169312,1
109.06458497047424,1
109.07139086723328,1
109.07141709327698,1
109.07142972946168,1
109.08240461349487,1
109.09083366394044,1
109.09086275100708,1
109.09087681770325,1
109.09091472625732,1
109.0910050868988,1
109.09103417396544,1
109.09110879898073,1
109.091144323349,1
109.09116768836977,1
109.09120488166808,1
109.10073161125185,1
109.10074615478516,1
109.10079526901244,1
109.10081124305724,1
109.11123156547546,1
109.111261844635,1
109.11127591133118,1
109.12157869338988,1
109.12190508842468,1
109.12192583084106,1
109.12199783325195,1
109.12307739257812,1
109.12341141700745,1
109.12379026412964,1
109.1241455078125,1
109.13012957572936,1
109.13015842437744,1
109.13017153739928,1
109.13830995559692,1
109.13842868804932,1
109.15007328987122,1
109.15010619163512,1
109.15016174316406,1
109.16288709640504,1
109.1629056930542,1
109.16292142868042,1
109.16502356529236,1
109.16631126403809,1
109.16634511947632,1
109.1667377948761,1
109.16775798797607,1
109.17083191871644,1
109.170880317688,1
109.17089700698853,1
109.18546104431152,1
109.18558049201964,1
109.18655443191528,1
109.18658351898192,1
109.1892499923706,1
109.18927597999571,1
109.189382314682,1
109.19075036048888,1
109.19077825546265,1
109.19093728065492,1
109.19573640823364,1
109.1957859992981,1
109.19671034812929,1
109.1967442035675,1
109.20997762680054,1
109.21000695228577,1
109.21001529693604,1
109.22071194648744,1
109.2312319278717,1
109.23128032684326,1
109.23134660720824,1
109.2367069721222,1
109.23689794540404,1
109.23691940307616,1
109.23883438110352,1
109.23884844779968,1
109.23886060714722,1
109.25005221366882,1
109.2500524520874,1
109.250084400177,1
109.26487016677856,1
109.26697778701782,1
109.26803994178772,1
109.2698745727539,1
109.26990938186646,1
109.27027988433838,1
109.2740581035614,1
109.28839468955994,1
109.28841972351074,1
109.2884328365326,1
109.2884440422058,1
109.28913259506226,1
109.2891719341278,1
109.28933143615724,1
109.29017996788023,1
109.29020690917967,1
109.2902445793152,1
109.29068851470949,1
109.2907328605652,1
109.29240942001344,1
109.2924165725708,1
109.31006002426147,1
109.31009149551392,1
109.31014680862428,1
109.3274598121643,1
109.3299880027771,1
109.33000826835632,1
109.33030271530151,1
109.33202004432678,1
109.3320333957672,1
109.33204317092896,1
109.33407378196716,1
109.33411812782288,1
109.33413314819336,1
109.33414149284364,1
109.33569955825806,1
109.3357207775116,1
109.3357274532318,1
109.3357367515564,1
109.3414134979248,1
109.34159684181212,1
109.34168338775636,1
109.34266185760498,1
109.34998917579652,1
109.35002160072328,1
109.35044503211977,1
109.36265897750854,1
109.3627438545227,1
109.36459064483644,1
109.36471033096312,1
109.36473178863524,1
109.3648099899292,1
109.36880564689636,1
109.36894798278809,1
109.36894941329956,1
109.3704116344452,1
109.37044405937196,1
109.3704595565796,1
109.37097692489624,1
109.37151098251344,1
109.39028906822205,1
109.39033555984496,1
109.39035892486572,1
109.41008734703064,1
109.4101254940033,1
109.41019988059998,1
109.43009614944458,1
109.43014240264893,1
109.43015623092651,1
109.44235253334044,1
109.44238018989564,1
109.4439299106598,1
109.44409441947936,1
109.4445779323578,1
109.45013165473938,1
109.45018291473389,1
109.45018744468688,1
109.4703381061554,1
109.4703767299652,1
109.470397233963,1
109.49194598197936,1
109.49198651313782,1
109.4925618171692,1
109.49697375297546,1
109.49704313278198,1
109.49706768989564,1
109.49713516235352,1
109.50005984306335,1
109.50096082687378,1
109.50116205215454,1
109.50129699707033,1
109.50391054153442,1
109.5092453956604,1
109.51063084602356,1
109.51067757606506,1
109.51069903373718,1
109.51360821723938,1
109.51368021965028,1
109.52182579040527,1
109.52188634872437,1
109.52343463897704,1
109.52629399299622,1
109.52632117271423,1
109.5299746990204,1
109.53002524375916,1
109.53008604049684,1
109.54639482498168,1
109.5464141368866,1
109.54747891426086,1
109.54751539230348,1
109.54988121986388,1
109.54990482330322,1
109.5499873161316,1
109.5501582622528,1
109.55023765563963,1
109.55028653144836,1
109.56129384040833,1
109.5702064037323,1
109.57027077674866,1
109.57027578353882,1
109.59142398834229,1
109.59157276153564,1
109.59208369255066,1
109.59844732284546,1
109.5984947681427,1
109.59851741790771,1
109.60150384902954,1
109.60177087783812,1
109.60230493545532,1
109.60376572608948,1
109.60400032997131,1
109.6040256023407,1
109.60403847694396,1
109.6040518283844,1
109.60494780540466,1
109.60551238059998,1
109.60554957389832,1
109.60571384429932,1
109.60577917099,1
109.61107659339903,1
109.61112141609192,1
109.61118507385254,1
109.6112060546875,1
109.61133813858032,1
109.61326622962952,1
109.63236808776855,1
109.63240456581116,1
109.63245677947998,1
109.6387267112732,1
109.6394534111023,1
109.63948559761047,1
109.6395435333252,1
109.65094089508057,1
109.65103220939636,1
109.6511754989624,1
109.67073440551758,1
109.67084908485413,1
109.67090249061584,1
109.67401456832886,1
109.67423677444458,1
109.67428088188171,1
109.67637515068054,1
109.67929244041444,1
109.68092608451845,1
109.69025039672852,1
109.6904113292694,1
109.69043135643004,1
109.70474410057068,1
109.70480155944824,1
109.70482993125916,1
109.70490741729736,1
109.70876407623292,1
109.7088553905487,1
109.71094703674316,1
109.71097803115843,1
109.71125674247742,1
109.71308612823486,1
109.7133047580719,1
109.71379232406616,1
109.72653651237488,1
109.7274398803711,1
109.72758436203004,1
109.72760677337646,1
109.72823596000671,1
109.72829818725586,1
109.72849678993224,1
109.73008370399477,1
109.73011875152588,1
109.73013997077942,1
109.73541617393494,1
109.75016856193542,1
109.75020623207092,1
109.75033187866212,1
109.76563620567322,1
109.7659432888031,1
109.76741695404051,1
109.7709138393402,1
109.77095770835876,1
109.77097606658936,1
109.77098321914671,1
109.77113723754884,1
109.7711980342865,1
109.77123975753784,1
109.7712824344635,1
109.7748637199402,1
109.77661299705504,1
109.776615858078,1
109.78684377670288,1
109.78688049316406,1
109.7905683517456,1
109.79060745239258,1
109.7906301021576,1
109.8104567527771,1
109.81049585342409,1
109.81056880950928,1
109.82381820678712,1
109.8289110660553,1
109.8323872089386,1
109.83246207237244,1
109.832515001297,1
109.83265995979308,1
109.83271503448486,1
109.83273553848268,1
109.83280539512634,1
109.83285117149352,1
109.83289575576782,1
109.83581042289734,1
109.83600974082948,1
109.83614945411682,1
109.83617162704468,1
109.83871412277222,1
109.84068059921265,1
109.84072923660278,1
109.85035967826845,1
109.85041379928587,1
109.85112190246582,1
109.8567910194397,1
109.87083292007446,1
109.87088537216188,1
109.8709511756897,1
109.89099788665771,1
109.89142918586732,1
109.89146661758424,1
109.89160466194151,1
109.89169764518738,1
109.8918435573578,1
109.89186882972716,1
109.89634156227112,1
109.89636206626892,1
109.89638304710388,1
109.89824056625366,1
109.90324711799622,1
109.90732955932616,1
109.9081733226776,1
109.91030430793762,1
109.91034126281738,1
109.91035532951356,1
109.93084526062012,1
109.9308865070343,1
109.93090319633484,1
109.94327926635742,1
109.94335103034972,1
109.94485068321228,1
109.95018076896667,1
109.95022130012512,1
109.9502251148224,1
109.97037863731384,1
109.97043132781982,1
109.97045373916626,1
109.97585105895996,1
109.97598171234132,1
109.97799515724182,1
109.9782304763794,1
109.97846460342409,1
109.97865653038023,1
109.98127627372742,1
109.98129630088806,1
109.98138165473938,1
109.98272585868835,1
109.98531651496889,1
109.9910078048706,1
109.99115061759947,1
109.99119520187378,1
109.99860882759094,1
110.00616598129272,1
110.0074872970581,1
110.00869417190552,1
110.01016116142272,1
110.01137828826904,1
110.01175022125244,1
110.01205468177795,1
110.01210284233092,1
110.01366186141968,1
110.0137424468994,1
110.020747423172,1
110.03302836418152,1
110.03306746482848,1
110.0330843925476,1
110.04450535774232,1
110.044531583786,1
110.04453682899477,1
110.04455089569092,1
110.04466080665588,1
110.04467344284058,1
110.0446879863739,1
110.04473614692688,1
110.04481148719788,1
110.04482936859132,1
110.04484510421752,1
110.04488182067873,1
110.04674792289734,1
110.04677057266235,1
110.04678916931152,1
110.05043697357178,1
110.0504720211029,1
110.05048608779909,1
110.06016898155212,1
110.06039381027222,1
110.06041550636292,1
110.06044673919678,1
110.06259489059448,1
110.06341171264648,1
110.06344437599182,1
110.06353902816772,1
110.07036805152892,1
110.0703980922699,1
110.0704140663147,1
110.0902225971222,1
110.0902636051178,1
110.0902819633484,1
110.11095905303956,1
110.11096262931824,1
110.11124300956726,1
110.1151819229126,1
110.1152045726776,1
110.11522674560548,1
110.1153359413147,1
110.11995768547058,1
110.1200966835022,1
110.1202301979065,1
110.12212538719176,1
110.12224102020264,1
110.12406587600708,1
110.12411665916444,1
110.1303415298462,1
110.13047432899477,1
110.13049387931824,1
110.1330099105835,1
110.15027499198914,1
110.15031623840332,1
110.15102553367616,1
110.15111470222472,1
110.15164923667908,1
110.15185713768004,1
110.15188026428224,1
110.15190005302428,1
110.15436029434204,1
110.15526628494264,1
110.15529251098631,1
110.15543627738953,1
110.15779757499696,1
110.1701319217682,1
110.17020297050476,1
110.17022657394408,1
110.19038033485413,1
110.19038462638856,1
110.19043827056883,1
110.1951026916504,1
110.19513273239136,1
110.19515585899352,1
110.1953067779541,1
110.19894766807556,1
110.19898867607117,1
110.20015573501588,1
110.20175528526306,1
110.20181012153624,1
110.20289325714111,1
110.20292949676514,1
110.20393681526184,1
110.21057653427124,1
110.21065402030943,1
110.21072554588318,1
110.21845841407776,1
110.22110652923584,1
110.22439408302309,1
110.22860765457152,1
110.2303614616394,1
110.2306661605835,1
110.23068928718568,1
110.24201440811156,1
110.24202966690063,1
110.24207282066344,1
110.24207663536072,1
110.24219918251038,1
110.24221920967102,1
110.2422366142273,1
110.2502019405365,1
110.25027418136597,1
110.25031685829164,1
110.27032995224,1
110.27033042907716,1
110.27034020423888,1
110.27361416816711,1
110.28163862228394,1
110.28217792510986,1
110.28269004821776,1
110.28313517570496,1
110.2840735912323,1
110.28638696670532,1
110.28640031814577,1
110.2864158153534,1
110.2864580154419,1
110.28647541999815,1
110.2865195274353,1
110.28653717041016,1
110.28730964660645,1
110.2875270843506,1
110.2883973121643,1
110.29019403457642,1
110.29022789001463,1
110.2908010482788,1
110.2919020652771,1
110.29192209243774,1
110.29238390922546,1
110.29241061210632,1
110.30107712745668,1
110.30109214782716,1
110.3011085987091,1
110.31022644042967,1
110.31026363372804,1
110.31026554107666,1
110.3196439743042,1
110.3196611404419,1
110.32074999809264,1
110.32148599624634,1
110.32422971725464,1
110.32430267333984,1
110.32468008995056,1
110.33036136627196,1
110.33039498329164,1
110.3304524421692,1
110.35005378723145,1
110.35009121894836,1
110.35017251968384,1
110.36775064468384,1
110.37050080299376,1
110.37055015563963,1
110.3707160949707,1
110.37549448013306,1
110.37569880485536,1
110.37710499763487,1
110.37736511230467,1
110.37752723693848,1
110.37770247459412,1
110.38238406181335,1
110.38241195678712,1
110.38285207748412,1
110.38605070114136,1
110.3863377571106,1
110.38877248764038,1
110.38886380195618,1
110.39164328575134,1
110.39168548583984,1
110.39170241355896,1
110.39414834976196,1
110.40246272087096,1
110.4025046825409,1
110.40257596969604,1
110.40263676643372,1
110.40648651123048,1
110.40652108192444,1
110.40672421455383,1
110.40791487693788,1
110.4100730419159,1
110.41013383865356,1
110.41015458106996,1
110.416357755661,1
110.43025612831116,1
110.43032693862916,1
110.43032717704772,1
110.45052695274352,1
110.45055103302002,1
110.45056915283205,1
110.45656180381776,1
110.47133922576904,1
110.4714241027832,1
110.47166180610655,1
110.49022650718688,1
110.4902606010437,1
110.49029803276062,1
110.49241042137146,1
110.49241089820862,1
110.49241375923155,1
110.49272894859314,1
110.49468994140624,1
110.49469637870789,1
110.49558544158936,1
110.49616765975952,1
110.49828720092772,1
110.50335001945496,1
110.50725293159483,1
110.5072865486145,1
110.5084991455078,1
110.50854229927064,1
110.50992250442503,1
110.5099229812622,1
110.50995802879332,1
110.52804803848268,1
110.52821493148804,1
110.52891683578493,1
110.5289318561554,1
110.52919363975523,1
110.52921724319458,1
110.529296875,1
110.53013443946838,1
110.53019618988036,1
110.53100204467772,1
110.5310673713684,1
110.5499985218048,1
110.55003142356873,1
110.55004811286926,1
110.5500626564026,1
110.55062627792358,1
110.5519814491272,1
110.55201172828674,1
110.55202412605286,1
110.55304598808289,1
110.55362248420715,1
110.55369758605956,1
110.553781747818,1
110.57019186019896,1
110.57023668289185,1
110.5702579021454,1
110.59077739715576,1
110.590833902359,1
110.5908408164978,1
110.59417462348938,1
110.60103392601012,1
110.6012885570526,1
110.60135650634766,1
110.6013822555542,1
110.60656595230104,1
110.60658288002014,1
110.606760263443,1
110.60776567459106,1
110.60786843299866,1
110.6109528541565,1
110.61116647720335,1
110.61160922050476,1
110.61354804039,1
110.61367774009705,1
110.62193202972412,1
110.6300916671753,1
110.63013052940369,1
110.63028979301453,1
110.6382360458374,1
110.63826417922974,1
110.63837122917175,1
110.63838934898376,1
110.63930654525755,1
110.63935112953186,1
110.6393871307373,1
110.6502697467804,1
110.65030646324158,1
110.65032863616943,1
110.67056202888487,1
110.67061257362366,1
110.67063570022584,1
110.6773521900177,1
110.69072651863098,1
110.69088888168336,1
110.69095540046692,1
110.7105495929718,1
110.7110846042633,1
110.71112275123596,1
110.71726942062378,1
110.71730422973631,1
110.71740508079527,1
110.71749019622804,1
110.72066593170166,1
110.72089743614195,1
110.720951795578,1
110.7294659614563,1
110.72959733009338,1
110.73216581344604,1
110.73219776153564,1
110.73225092887878,1
110.73371005058289,1
110.73382091522215,1
110.7351303100586,1
110.7368893623352,1
110.73861169815063,1
110.75047206878662,1
110.75068593025208,1
110.75068736076356,1
110.7506959438324,1
110.75096940994264,1
110.75098466873168,1
110.75100207328796,1
110.75102090835573,1
110.75103735923769,1
110.7510950565338,1
110.75111413002014,1
110.75115132331848,1
110.7525327205658,1
110.75281858444214,1
110.75509572029114,1
110.7553768157959,1
110.75540137290956,1
110.77019119262695,1
110.77030754089355,1
110.77033829689026,1
110.77621626853944,1
110.79082536697388,1
110.79086685180664,1
110.79112696647644,1
110.79364609718324,1
110.80211973190308,1
110.80265188217165,1
110.80590796470642,1
110.80593419075012,1
110.80599856376648,1
110.80601906776428,1
110.80616474151611,1
110.80618715286256,1
110.80631995201112,1
110.80760288238524,1
110.8076741695404,1
110.81005382537842,1
110.81008625030518,1
110.81010150909424,1
110.8135347366333,1
110.8135814666748,1
110.82357335090636,1
110.82487392425536,1
110.82571506500244,1
110.8298671245575,1
110.8298921585083,1
110.82992935180664,1
110.83801460266112,1
110.8380572795868,1
110.83807396888731,1
110.83810901641846,1
110.83849143981934,1
110.83853125572205,1
110.83867073059082,1
110.849999666214,1
110.85003542900084,1
110.85008025169373,1
110.8700520992279,1
110.8700785636902,1
110.8701069355011,1
110.88415360450745,1
110.88862824440002,1
110.88863921165466,1
110.88866472244264,1
110.88912177085876,1
110.89003133773804,1
110.89005255699158,1
110.89006352424622,1
110.89134073257446,1
110.89134740829468,1
110.89188504219057,1
110.9023015499115,1
110.90232515335084,1
110.90420031547546,1
110.90422987937929,1
110.90562105178832,1
110.9101071357727,1
110.91016125679016,1
110.9101746082306,1
110.91890954971312,1
110.9305419921875,1
110.93056845664978,1
110.930602312088,1
110.94993209838869,1
110.94996786117554,1
110.9500732421875,1
110.96715927124023,1
110.97128462791444,1
110.97132277488708,1
110.97134351730348,1
110.97458505630492,1
110.97461652755736,1
110.97594332695007,1
110.97634387016296,1
110.9766526222229,1
110.97667241096497,1
110.9785223007202,1
110.97856426239014,1
110.97888684272766,1
110.98084878921507,1
110.99015378952026,1
110.99025416374208,1
110.99027466773988,1
110.99207949638368,1
111.0114200115204,1
111.01151442527772,1
111.0115396976471,1
111.0322241783142,1
111.0322732925415,1
111.03232097625732,1
111.03233647346497,1
111.03241872787476,1
111.03721070289612,1
111.03743267059326,1
111.04045629501344,1
111.04086232185364,1
111.04099225997923,1
111.04141354560852,1
111.04519867897034,1
111.04534769058228,1
111.04542660713196,1
111.04595875740053,1
111.04996347427368,1
111.0499758720398,1
111.04999995231628,1
111.0515820980072,1
111.05301904678343,1
111.05305337905884,1
111.05306887626648,1
111.05826687812804,1
111.05870699882507,1
111.05886816978456,1
111.06098437309264,1
111.07021188735962,1
111.07023811340332,1
111.07024955749512,1
111.08006167411804,1
111.08008456230164,1
111.080260515213,1
111.08174729347228,1
111.08405351638794,1
111.08407640457152,1
111.08441233634947,1
111.0901575088501,1
111.09018635749815,1
111.0903856754303,1
111.10521221160889,1
111.1054503917694,1
111.10650753974916,1
111.10652375221252,1
111.1070911884308,1
111.10835886001588,1
111.11038327217102,1
111.11040878295898,1
111.11043429374696,1
111.13018751144408,1
111.1302206516266,1
111.13073706626892,1
111.137770652771,1
111.14991641044617,1
111.1499502658844,1
111.15001010894775,1
111.16154932975768,1
111.161612033844,1
111.16301107406616,1
111.163094997406,1
111.16311311721802,1
111.16312980651855,1
111.1700668334961,1
111.170104265213,1
111.17012572288512,1
111.18361043930054,1
111.1836359500885,1
111.18366384506226,1
111.18470311164856,1
111.18694806098938,1
111.1875205039978,1
111.19006323814392,1
111.19009685516356,1
111.19018054008484,1
111.21019530296326,1
111.21054363250732,1
111.21062922477722,1
111.2196283340454,1
111.21965646743774,1
111.21970653533936,1
111.22177839279176,1
111.2226266860962,1
111.22266864776611,1
111.23013067245483,1
111.23014903068542,1
111.23016047477722,1
111.23416638374329,1
111.23419117927553,1
111.23558020591736,1
111.25045776367188,1
111.25049686431883,1
111.25051045417786,1
111.255304813385,1
111.25570774078368,1
111.2557303905487,1
111.25590801239014,1
111.27048778533936,1
111.27067589759828,1
111.27080392837524,1
111.27967500686646,1
111.28463649749756,1
111.28465008735655,1
111.28470158576964,1
111.2868514060974,1
111.28713703155518,1
111.28730010986328,1
111.2879512310028,1
111.29009199142456,1
111.29011797904968,1
111.29013133049013,1
111.29016828536987,1
111.290376663208,1
111.2904007434845,1
111.2987756729126,1
111.30197048187256,1
111.30199408531188,1
111.30200600624084,1
111.3020179271698,1
111.31010627746582,1
111.3101315498352,1
111.31018948554993,1
111.31945872306824,1
111.31948590278624,1
111.32075715065002,1
111.32079911231996,1
111.3213279247284,1
111.33019948005676,1
111.33023118972778,1
111.33027410507202,1
111.34719562530518,1
111.3502345085144,1
111.35026335716248,1
111.35027742385864,1
111.3506338596344,1
111.36115288734436,1
111.3614912033081,1
111.36225295066832,1
111.36250114440918,1
111.36252760887146,1
111.36355662345886,1
111.36472177505492,1
111.36474800109865,1
111.36485052108765,1
111.37021374702454,1
111.37021923065186,1
111.37024998664856,1
111.39007687568665,1
111.39011597633362,1
111.3908715248108,1
111.39270758628844,1
111.40018701553343,1
111.4006998538971,1
111.40112638473512,1
111.40148949623108,1
111.40185046195984,1
111.40211391448976,1
111.40235590934752,1
111.41017699241638,1
111.4102110862732,1
111.41022634506226,1
111.41281175613403,1
111.41304135322572,1
111.4147253036499,1
111.41475462913512,1
111.41753768920898,1
111.43090510368349,1
111.43107438087463,1
111.43144702911376,1
111.4364297389984,1
111.43750476837158,1
111.43750548362732,1
111.43852472305298,1
111.4404685497284,1
111.44059467315674,1
111.44121551513672,1
111.45024919509888,1
111.45027565956116,1
111.45028734207152,1
111.45876479148863,1
111.46164870262146,1
111.47014331817628,1
111.47023248672484,1
111.47024536132812,1
111.47395992279051,1
111.4900357723236,1
111.49006271362305,1
111.49011754989624,1
111.51004552841188,1
111.51007199287416,1
111.51013851165771,1
111.5259292125702,1
111.52594637870789,1
111.52595806121826,1
111.52597117424013,1
111.53044724464417,1
111.53103423118591,1
111.53113865852356,1
111.5318067073822,1
111.53183054924013,1
111.53187584877014,1
111.53189325332642,1
111.53212904930116,1
111.53241109848022,1
111.53797888755798,1
111.54417443275452,1
111.5446639060974,1
111.54467725753784,1
111.5446879863739,1
111.54602599143982,1
111.54621124267578,1
111.5462167263031,1
111.54675722122192,1
111.55089688301086,1
111.55094289779665,1
111.5509603023529,1
111.56171941757202,1
111.56191277503969,1
111.5629768371582,1
111.5629951953888,1
111.56358361244202,1
111.5636112689972,1
111.5663833618164,1
111.5664427280426,1
111.56653046607973,1
111.5703468322754,1
111.57041025161745,1
111.57045769691469,1
111.57425141334534,1
111.59040093421936,1
111.5904414653778,1
111.59050416946413,1
111.60475873947144,1
111.60487961769104,1
111.60493683815002,1
111.60499811172484,1
111.61013674736024,1
111.61016273498537,1
111.61418056488036,1
111.61424279212952,1
111.61446738243104,1
111.61447978019714,1
111.6145725250244,1
111.61458086967468,1
111.61747670173644,1
111.61774921417236,1
111.61999320983888,1
111.63038325309752,1
111.63041710853577,1
111.63043069839478,1
111.63919353485107,1
111.64073777198792,1
111.64076447486876,1
111.64143776893616,1
111.64541816711426,1
111.64543104171752,1
111.64687752723694,1
111.65019369125366,1
111.65022301673888,1
111.65031027793884,1
111.66557669639587,1
111.66909885406494,1
111.66911697387695,1
111.66915917396544,1
111.66919231414796,1
111.67004609107973,1
111.6700656414032,1
111.67007660865784,1
111.6809241771698,1
111.68094086647034,1
111.68100118637084,1
111.6841983795166,1
111.684232711792,1
111.6894142627716,1
111.68956136703493,1
111.6902072429657,1
111.6902232170105,1
111.69026017189026,1
111.70988416671752,1
111.70991039276124,1
111.70992159843443,1
111.7273132801056,1
111.73012900352478,1
111.73019075393675,1
111.73023962974548,1
111.73100996017456,1
111.73233032226562,1
111.74602484703064,1
111.74602675437929,1
111.7483971118927,1
111.7484097480774,1
111.7487404346466,1
111.74885964393616,1
111.75122857093812,1
111.75125980377196,1
111.75127673149107,1
111.75198483467102,1
111.75199961662292,1
111.7521629333496,1
111.7546157836914,1
111.7548484802246,1
111.75486707687378,1
111.75486946105956,1
111.75630688667296,1
111.7565860748291,1
111.75660037994383,1
111.77024126052856,1
111.77027320861816,1
111.77066016197205,1
111.77564096450806,1
111.77952146530151,1
111.79047846794128,1
111.79051756858826,1
111.79060626029968,1
111.81068229675292,1
111.81072616577148,1
111.81076717376708,1
111.81730127334596,1
111.81732869148254,1
111.8177330493927,1
111.8179931640625,1
111.83661842346191,1
111.83664798736572,1
111.83666038513184,1
111.84515643119812,1
111.84521079063416,1
111.8456392288208,1
111.84640288352966,1
111.8466455936432,1
111.84777998924255,1
111.8478262424469,1
111.84990453720091,1
111.85013389587402,1
111.85014939308168,1
111.85838747024536,1
111.85967063903809,1
111.86082124710084,1
111.86988639831544,1
111.86991357803343,1
111.8699381351471,1
111.89081072807312,1
111.89082956314088,1
111.89084553718568,1
111.89221096038818,1
111.8922152519226,1
111.89222240447998,1
111.89223098754884,1
111.89357542991638,1
111.90189337730408,1
111.90201711654665,1
111.90203285217284,1
111.90244722366332,1
111.90256714820862,1
111.90258860588074,1
111.90270853042604,1
111.91126704216003,1
111.91136360168456,1
111.91139340400696,1
111.92342448234558,1
111.925199508667,1
111.92598795890808,1
111.93076515197754,1
111.9307734966278,1
111.93082904815674,1
111.94992804527284,1
111.94995856285097,1
111.95003294944765,1
111.95567154884338,1
111.95588994026184,1
111.95787501335144,1
111.95789170265198,1
111.9579074382782,1
111.957946062088,1
111.96025657653809,1
111.960280418396,1
111.96044754981996,1
111.96940326690674,1
111.97046041488647,1
111.97068309783936,1
111.97071027755736,1
111.98678064346312,1
111.98685908317566,1
111.98690533638,1
111.98695254325868,1
111.98703002929688,1
111.98724889755248,1
111.9872977733612,1
111.9910924434662,1
111.9912691116333,1
111.99133563041688,1
111.9914538860321,1
112.01034498214722,1
112.01045680046082,1
112.01047921180724,1
112.02726697921752,1
112.0279459953308,1
112.02873945236206,1
112.03180742263794,1
112.03183484077454,1
112.03891968727112,1
112.03951168060304,1
112.04000210762024,1
112.0400242805481,1
112.04003429412842,1
112.04003763198853,1
112.04004907608032,1
112.04007577896118,1
112.0400824546814,1
112.04015970230104,1
112.04182004928587,1
112.041846036911,1
112.04185366630554,1
112.04401397705078,1
112.0566611289978,1
112.05668592453004,1
112.05672216415404,1
112.05684685707092,1
112.05686450004578,1
112.0569624900818,1
112.070326089859,1
112.07035207748412,1
112.0703911781311,1
112.07411241531372,1
112.08994936943054,1
112.08997583389282,1
112.090008020401,1
112.10578846931458,1
112.10580110549928,1
112.10581278800964,1
112.10585594177246,1
112.10781002044678,1
112.10783839225768,1
112.10789275169373,1
112.11004090309144,1
112.11005592346191,1
112.11007070541382,1
112.11342120170592,1
112.11344957351685,1
112.1138195991516,1
112.11385941505432,1
112.12997436523438,1
112.13043141365053,1
112.13046312332152,1
112.14711451530457,1
112.14901876449584,1
112.1491105556488,1
112.15025854110718,1
112.15028429031372,1
112.15038466453552,1
112.15140080451964,1
112.15142107009888,1
112.15143704414368,1
112.1514835357666,1
112.15439176559448,1
112.15442180633544,1
112.154438495636,1
112.17034125328064,1
112.17038297653198,1
112.170428276062,1
112.18350577354433,1
112.18896389007568,1
112.18922591209412,1
112.18926000595091,1
112.19082975387572,1
112.19138431549072,1
112.19142413139345,1
112.19144177436829,1
112.19223046302795,1
112.19225811958312,1
112.19265842437744,1
112.1954505443573,1
112.19548988342284,1
112.1981556415558,1
112.1981964111328,1
112.21088147163393,1
112.2108826637268,1
112.21100187301636,1
112.2245044708252,1
112.22631788253784,1
112.22846245765686,1
112.23076701164246,1
112.23078489303587,1
112.2308316230774,1
112.24225902557372,1
112.24357628822328,1
112.24358892440796,1
112.2436010837555,1
112.24663949012756,1
112.2466526031494,1
112.24670386314392,1
112.25064206123352,1
112.25067019462584,1
112.2506821155548,1
112.26357412338255,1
112.26358795166016,1
112.26359724998474,1
112.26360654830933,1
112.26365780830383,1
112.26487755775452,1
112.264906167984,1
112.26745843887328,1
112.27038073539734,1
112.27040696144104,1
112.27041721343994,1
112.27385592460632,1
112.28432011604308,1
112.28441095352171,1
112.28442668914796,1
112.28444838523863,1
112.28556084632874,1
112.28562021255492,1
112.28568148612976,1
112.2882251739502,1
112.2883276939392,1
112.29008316993712,1
112.29009342193604,1
112.29034209251404,1
112.2988338470459,1
112.29928612709044,1
112.30032014846802,1
112.30135679244997,1
112.31028127670288,1
112.31031131744383,1
112.3103415966034,1
112.3299765586853,1
112.33000993728638,1
112.33002972602844,1
112.34141898155212,1
112.34737133979796,1
112.34770464897156,1
112.35013008117676,1
112.35015511512756,1
112.35015892982484,1
112.36035680770874,1
112.36103653907776,1
112.36106991767883,1
112.36108660697936,1
112.36243772506714,1
112.3630347251892,1
112.36397385597228,1
112.36435675621031,1
112.36521553993224,1
112.36997699737547,1
112.37001037597656,1
112.37007284164427,1
112.3747386932373,1
112.3902907371521,1
112.39036822319032,1
112.390394449234,1
112.41032481193542,1
112.41038131713869,1
112.410462141037,1
112.43150401115416,1
112.43190383911131,1
112.43245911598206,1
112.43894243240356,1
112.4389944076538,1
112.4389989376068,1
112.43903350830078,1
112.44838571548462,1
112.44843196868896,1
112.4484453201294,1
112.45048069953918,1
112.45048570632936,1
112.45052933692932,1
112.4529333114624,1
112.45302772521973,1
112.45523142814636,1
112.45525360107422,1
112.45618867874146,1
112.4638969898224,1
112.46392774581908,1
112.46396684646606,1
112.4640121459961,1
112.4675395488739,1
112.46759510040285,1
112.46761441230774,1
112.47008275985718,1
112.4700939655304,1
112.47011160850523,1
112.474750995636,1
112.49029111862184,1
112.49033045768738,1
112.49034881591795,1
112.50644445419312,1
112.50648665428162,1
112.50653862953186,1
112.50661516189577,1
112.50861048698424,1
112.508930683136,1
112.50897026062012,1
112.51044845581056,1
112.51049947738647,1
112.51052236557008,1
112.51280450820924,1
112.51284527778624,1
112.51735138893127,1
112.51743388175964,1
112.52346801757812,1
112.523512840271,1
112.52353167533876,1
112.52354788780212,1
112.5260910987854,1
112.52632403373718,1
112.52636408805849,1
112.52694869041444,1
112.52998185157776,1
112.53073310852052,1
112.53077173233032,1
112.55130982398988,1
112.55134606361388,1
112.55194544792175,1
112.55834007263184,1
112.55841612815856,1
112.55984091758728,1
112.56168031692503,1
112.56170797348022,1
112.56182169914246,1
112.56316065788268,1
112.56328177452087,1
112.56375455856325,1
112.57025861740112,1
112.57029294967651,1
112.57030868530272,1
112.57708168029784,1
112.5900101661682,1
112.59004426002502,1
112.59006142616272,1
112.6095757484436,1
112.60962319374084,1
112.60964441299438,1
112.61048674583436,1
112.6107976436615,1
112.61085939407349,1
112.61093306541444,1
112.61425161361694,1
112.6142761707306,1
112.61556315422058,1
112.61706042289734,1
112.61708664894104,1
112.61832308769226,1
112.6184422969818,1
112.61955761909483,1
112.62216353416444,1
112.6306767463684,1
112.6307361125946,1
112.63086271286012,1
112.63869762420654,1
112.6477394104004,1
112.64776468276978,1
112.64852523803712,1
112.6485641002655,1
112.65048933029176,1
112.65052723884584,1
112.65073585510254,1
112.66524124145508,1
112.66526126861572,1
112.66588068008424,1
112.66725707054138,1
112.66997408866882,1
112.67016172409058,1
112.67029070854188,1
112.67205214500429,1
112.67856693267822,1
112.69006609916688,1
112.69072222709656,1
112.69179582595824,1
112.70195698738098,1
112.7035264968872,1
112.70357418060304,1
112.70523715019226,1
112.7054431438446,1
112.70547103881836,1
112.70631122589111,1
112.70692300796507,1
112.70719408988953,1
112.7106592655182,1
112.71070861816406,1
112.71078276634216,1
112.72097110748292,1
112.72162079811096,1
112.72300815582275,1
112.73019337654114,1
112.73025226593018,1
112.73025345802309,1
112.7506206035614,1
112.75064635276794,1
112.75066208839417,1
112.7549684047699,1
112.75542092323305,1
112.7595670223236,1
112.75965666770936,1
112.75973391532898,1
112.75975322723389,1
112.7626495361328,1
112.76270985603333,1
112.7627820968628,1
112.76479029655457,1
112.76531672477722,1
112.76536965370178,1
112.76537609100342,1
112.766765832901,1
112.76701402664185,1
112.76708221435548,1
112.77006077766418,1
112.77010250091551,1
112.77017545700072,1
112.77552032470705,1
112.77832341194151,1
112.78903889656068,1
112.7891435623169,1
112.78916573524477,1
112.78923416137695,1
112.78988742828368,1
112.78991603851318,1
112.78996634483336,1
112.80069947242735,1
112.8007266521454,1
112.80082035064696,1
112.80393958091736,1
112.80398201942444,1
112.80539083480836,1
112.80546069145204,1
112.81060910224916,1
112.81067371368408,1
112.81073498725893,1
112.81275415420532,1
112.83041262626648,1
112.83041548728944,1
112.8304681777954,1
112.85075354576112,1
112.8507981300354,1
112.85084795951845,1
112.8611171245575,1
112.86156153678894,1
112.8615996837616,1
112.86412024497986,1
112.86609983444214,1
112.86647915840148,1
112.86651253700256,1
112.86662077903748,1
112.86905550956726,1
112.8713698387146,1
112.8714084625244,1
112.8715431690216,1
112.87697315216064,1
112.8905701637268,1
112.8906192779541,1
112.89064717292786,1
112.9081540107727,1
112.90817666053772,1
112.90818095207214,1
112.9082419872284,1
112.91183924674988,1
112.91186356544496,1
112.91224908828735,1
112.91260647773744,1
112.9126522541046,1
112.91523456573486,1
112.91537952423096,1
112.91612648963928,1
112.91647362709044,1
112.91653966903688,1
112.91930913925172,1
112.93056273460388,1
112.9306104183197,1
112.93069624900818,1
112.95055508613586,1
112.95083284378052,1
112.95121836662292,1
112.97056198120116,1
112.970609664917,1
112.97063279151917,1
112.97540283203124,1
112.97545862197876,1
112.97768139839172,1
112.9777340888977,1
112.97776222229004,1
112.97830009460448,1
112.98506307601927,1
112.9851303100586,1
112.9851598739624,1
112.98668432235718,1
112.99037170410156,1
112.99042081832886,1
112.99044013023376,1
112.99172139167786,1
112.99388241767883,1
113.00339484214784,1
113.00380969047546,1
113.00398993492126,1
113.0045018196106,1
113.00873184204102,1
113.01006484031676,1
113.0101010799408,1
113.01017427444458,1
113.01019167900084,1
113.01045107841492,1
113.01685810089111,1
113.0169186592102,1
113.0191957950592,1
113.01934361457825,1
113.01945734024048,1
113.0194764137268,1
113.02172255516052,1
113.0218722820282,1
113.02202796936037,1
113.0302939414978,1
113.03039789199828,1
113.0304946899414,1
113.03878998756409,1
113.0501651763916,1
113.05047631263731,1
113.0505154132843,1
113.06384348869324,1
113.06424856185912,1
113.06428098678587,1
113.06433987617493,1
113.06780099868774,1
113.06827807426453,1
113.06851315498352,1
113.06893754005432,1
113.0706708431244,1
113.07070565223694,1
113.07072281837463,1
113.07871007919312,1
113.08062052726746,1
113.08134841918944,1
113.08138990402222,1
113.08186292648315,1
113.08188319206238,1
113.08201217651369,1
113.09058737754822,1
113.0907862186432,1
113.09084248542786,1
113.10035824775696,1
113.10045099258424,1
113.10098958015442,1
113.10127186775208,1
113.10234689712524,1
113.1099488735199,1
113.10998392105104,1
113.1101095676422,1
113.12681984901428,1
113.13068318367004,1
113.13143873214722,1
113.13170886039734,1
113.1320869922638,1
113.1557800769806,1
113.15585279464722,1
113.15589904785156,1
113.15829420089722,1
113.15831565856934,1
113.16054964065552,1
113.16058611869812,1
113.16060400009157,1
113.16065526008606,1
113.16069340705872,1
113.16073632240295,1
113.16077637672424,1
113.16081595420836,1
113.17046785354614,1
113.17054438591003,1
113.17056655883788,1
113.18030309677124,1
113.18160891532898,1
113.18470859527588,1
113.18475604057312,1
113.18506669998168,1
113.18513917922974,1
113.1855001449585,1
113.19009304046632,1
113.19013214111328,1
113.19021129608154,1
113.19948768615724,1
113.19953036308289,1
113.2013177871704,1
113.20140600204468,1
113.21011471748352,1
113.21015548706056,1
113.21017408370972,1
113.22895193099976,1
113.23056602478027,1
113.23060393333436,1
113.23064851760864,1
113.23825740814208,1
113.23881220817566,1
113.23963141441344,1
113.23966121673584,1
113.25043272972108,1
113.25166153907776,1
113.2517478466034,1
113.26906681060792,1
113.26909565925598,1
113.27052474021912,1
113.27058291435242,1
113.27066493034364,1
113.27284693717957,1
113.27583646774292,1
113.27618741989136,1
113.27636384963988,1
113.27654647827148,1
113.28156566619872,1
113.28160881996156,1
113.28163313865662,1
113.28431534767152,1
113.290363073349,1
113.29043912887572,1
113.29046988487244,1
113.29487562179564,1
113.2960410118103,1
113.29641699790956,1
113.296550989151,1
113.29678320884705,1
113.29916739463806,1
113.29921746253969,1
113.2995629310608,1
113.30646014213562,1
113.30744934082033,1
113.3100757598877,1
113.31010818481444,1
113.310120344162,1
113.31013989448547,1
113.31061673164368,1
113.3129506111145,1
113.33018183708192,1
113.33022737503052,1
113.33024644851685,1
113.35033917427064,1
113.3503804206848,1
113.35040211677553,1
113.35809183120728,1
113.35817623138428,1
113.35997080802916,1
113.3600082397461,1
113.36004900932312,1
113.36005568504332,1
113.36182188987732,1
113.36185693740843,1
113.36187648773192,1
113.3637990951538,1
113.37054824829102,1
113.37093663215636,1
113.37097120285034,1
113.3710343837738,1
113.37239599227904,1
113.3733274936676,1
113.3760061264038,1
113.39011931419373,1
113.39016151428224,1
113.390230178833,1
113.40261435508728,1
113.40325093269348,1
113.40329670906068,1
113.40329957008362,1
113.4091968536377,1
113.40922212600708,1
113.4093737602234,1
113.41058039665222,1
113.41062521934508,1
113.4106469154358,1
113.41366696357728,1
113.41369366645812,1
113.43044519424438,1
113.43050408363342,1
113.43059182167052,1
113.43589901924132,1
113.4359290599823,1
113.4385597705841,1
113.45109629631042,1
113.45114707946776,1
113.45124292373656,1
113.45552802085876,1
113.46276712417604,1
113.47115969657898,1
113.47119212150574,1
113.4712462425232,1
113.4754991531372,1
113.47552061080933,1
113.47556591033936,1
113.47560000419617,1
113.47671961784364,1
113.47674298286438,1
113.47674655914308,1
113.47840094566344,1
113.48054671287537,1
113.48056960105896,1
113.48742771148682,1
113.48747086524963,1
113.48750162124634,1
113.48752784729004,1
113.48756408691406,1
113.49145865440369,1
113.49149084091188,1
113.49150395393372,1
113.49556946754456,1
113.49559617042542,1
113.4968647956848,1
113.4968798160553,1
113.51004695892334,1
113.5100827217102,1
113.510098695755,1
113.52166724205016,1
113.52197360992432,1
113.5220034122467,1
113.52201223373412,1
113.52461504936218,1
113.52517008781432,1
113.52555108070374,1
113.5261733531952,1
113.530371427536,1
113.53041458129884,1
113.53046441078186,1
113.54302906990053,1
113.54379773139954,1
113.54382705688477,1
113.54391813278198,1
113.5490744113922,1
113.5491178035736,1
113.54913973808289,1
113.5511085987091,1
113.55116033554076,1
113.55124497413637,1
113.57010650634766,1
113.570157289505,1
113.57026433944702,1
113.5760898590088,1
113.5929114818573,1
113.59300065040588,1
113.5930073261261,1
113.59729862213136,1
113.59787631034852,1
113.61082196235655,1
113.61086893081664,1
113.61097049713136,1
113.63052940368652,1
113.63060450553894,1
113.63183259963988,1
113.6341199874878,1
113.63423919677734,1
113.6345145702362,1
113.63469791412354,1
113.6375732421875,1
113.63761043548584,1
113.6377477645874,1
113.64050674438477,1
113.64060974121094,1
113.64380836486816,1
113.64391565322876,1
113.65045142173769,1
113.65052604675292,1
113.65060830116272,1
113.65812015533449,1
113.66332697868349,1
113.66584014892578,1
113.66587662696838,1
113.66597580909728,1
113.6669430732727,1
113.66698265075684,1
113.6682312488556,1
113.66868114471436,1
113.66997408866882,1
113.67000770568848,1
113.67002272605896,1
113.6744029521942,1
113.68784594535828,1
113.69536995887756,1
113.6954402923584,1
113.6955020427704,1
113.70050978660583,1
113.70051097869872,1
113.70055103302002,1
113.7006413936615,1
113.7049276828766,1
113.70595979690552,1
113.70777630805968,1
113.71044921875,1
113.71049165725708,1
113.71080875396729,1
113.73087787628174,1
113.7309274673462,1
113.73122787475586,1
113.73938536643982,1
113.74216747283936,1
113.74347400665285,1
113.74350810050964,1
113.74356198310852,1
113.74376153945924,1
113.75292563438416,1
113.75308203697205,1
113.75321316719057,1
113.7533473968506,1
113.75790309906006,1
113.7579185962677,1
113.75946927070618,1
113.76033878326416,1
113.76042652130128,1
113.76055717468262,1
113.77056002616882,1
113.77059650421144,1
113.7706344127655,1
113.77160882949828,1
113.77212882041933,1
113.77264451980592,1
113.77499294281006,1
113.77570700645448,1
113.77595090866087,1
113.7759735584259,1
113.7759838104248,1
113.77702689170836,1
113.77705717086792,1
113.77709007263184,1
113.77754974365234,1
113.78580331802368,1
113.78618478775024,1
113.78621220588684,1
113.78631496429443,1
113.78634119033812,1
113.78638958930968,1
113.78640532493591,1
113.79035329818726,1
113.79035592079164,1
113.7903881072998,1
113.7999255657196,1
113.79998636245728,1
113.80134057998656,1
113.80140280723572,1
113.80198049545288,1
113.802711725235,1
113.809983253479,1
113.81001353263856,1
113.8101885318756,1
113.81457018852234,1
113.830397605896,1
113.83044338226318,1
113.8305356502533,1
113.8385100364685,1
113.83854818344116,1
113.83856678009032,1
113.83935236930849,1
113.8504810333252,1
113.85052967071532,1
113.8505494594574,1
113.8605625629425,1
113.86061191558838,1
113.8619785308838,1
113.86367702484132,1
113.87041640281676,1
113.87041664123537,1
113.87045860290527,1
113.88597321510316,1
113.88604474067688,1
113.88768219947816,1
113.8878846168518,1
113.8906388282776,1
113.890643119812,1
113.8906774520874,1
113.8933172225952,1
113.89333510398863,1
113.89335203170776,1
113.89352321624756,1
113.89454531669617,1
113.89855098724364,1
113.89859986305235,1
113.91009736061096,1
113.91013526916504,1
113.91014885902403,1
113.91333270072936,1
113.9308660030365,1
113.93090772628784,1
113.93127393722534,1
113.94268608093262,1
113.94324803352356,1
113.94328808784483,1
113.94343852996826,1
113.9488217830658,1
113.94887328147888,1
113.9494092464447,1
113.95041084289552,1
113.95045804977416,1
113.95048141479492,1
113.9638261795044,1
113.970397233963,1
113.97047448158264,1
113.97101998329164,1
113.97110795974731,1
113.97112774848938,1
113.99029088020325,1
113.99074864387512,1
113.99082016944884,1
113.99350500106812,1
113.9935266971588,1
113.99355053901672,1
113.99357390403748,1
114.0000023841858,1
114.0000331401825,1
114.0005419254303,1
114.00160431861876,1
114.0043637752533,1
114.00441074371338,1
114.00617980957033,1
114.00630593299866,1
114.01173090934752,1
114.01333498954772,1
114.01339530944824,1
114.01776933670044,1
114.0178234577179,1
114.01784300804138,1
114.01786208152772,1
114.0224747657776,1
114.02276563644408,1
114.02290201187134,1
114.02577757835388,1
114.03200244903564,1
114.03204011917114,1
114.03205680847168,1
114.03225111961363,1
114.03226828575134,1
114.0334403514862,1
114.03368306159972,1
114.03436422348022,1
114.0347158908844,1
114.03502321243286,1
114.04260635375977,1
114.04571342468262,1
114.0505018234253,1
114.05055570602416,1
114.05129671096802,1
114.05983519554138,1
114.0647566318512,1
114.0647988319397,1
114.06489038467409,1
114.06491303443909,1
114.06590986251832,1
114.0659670829773,1
114.06598901748656,1
114.07005643844604,1
114.07009100914,1
114.0702760219574,1
114.07481503486632,1
114.07483506202698,1
114.09042739868164,1
114.09047031402588,1
114.09054231643675,1
114.09617638587952,1
114.09647870063782,1
114.09746432304382,1
114.11011028289796,1
114.11040377616882,1
114.11041355133057,1
114.12287950515748,1
114.12292218208312,1
114.122980594635,1
114.1230969429016,1
114.12513089179993,1
114.12517642974854,1
114.12545490264893,1
114.1301727294922,1
114.13021922111513,1
114.1303493976593,1
114.14984607696532,1
114.15111899375916,1
114.15116357803343,1
114.15117192268372,1
114.15604567527772,1
114.1616518497467,1
114.16908884048462,1
114.1691117286682,1
114.17063117027284,1
114.17067456245422,1
114.1707673072815,1
114.17299938201904,1
114.17637801170348,1
114.177148103714,1
114.1771833896637,1
114.17773771286012,1
114.1777937412262,1
114.1778917312622,1
114.19028520584106,1
114.1903383731842,1
114.19037914276124,1
114.1956353187561,1
114.19670486450195,1
114.2102403640747,1
114.21029448509216,1
114.21031737327576,1
114.21647024154665,1
114.21656060218812,1
114.2179126739502,1
114.23065853118896,1
114.23071646690369,1
114.23079586029051,1
114.24823212623596,1
114.248281955719,1
114.2483913898468,1
114.24852967262268,1
114.24887776374815,1
114.24890661239624,1
114.24893832206726,1
114.25119829177856,1
114.25122547149658,1
114.25129699707033,1
114.2522678375244,1
114.25232243537904,1
114.25234365463255,1
114.25236225128174,1
114.268709897995,1
114.26909971237184,1
114.26936745643616,1
114.2703766822815,1
114.27040934562685,1
114.2704381942749,1
114.27165198326112,1
114.2759063243866,1
114.27592062950134,1
114.27593469619752,1
114.2759494781494,1
114.27691173553468,1
114.27801990509032,1
114.27805018424988,1
114.27831029891968,1
114.29314994812012,1
114.2931718826294,1
114.29320073127748,1
114.29443955421448,1
114.29456329345705,1
114.29458284378052,1
114.29459595680235,1
114.29463362693788,1
114.30918955802916,1
114.30922245979308,1
114.3092634677887,1
114.30928111076356,1
114.30933928489684,1
114.30937099456789,1
114.3094093799591,1
114.30942296981812,1
114.3094882965088,1
114.3102285861969,1
114.31027054786682,1
114.31031131744383,1
114.3142900466919,1
114.33005809783936,1
114.33009600639345,1
114.3301558494568,1
114.35075116157532,1
114.35079050064088,1
114.3507993221283,1
114.3604793548584,1
114.36049938201904,1
114.36208724975586,1
114.36387944221497,1
114.3638951778412,1
114.36390280723572,1
114.36616492271423,1
114.36618709564208,1
114.3661892414093,1
114.36622166633606,1
114.37034702301024,1
114.37041330337524,1
114.37042021751404,1
114.37193155288696,1
114.3904857635498,1
114.39053010940552,1
114.39055490493774,1
114.39173531532288,1
114.39680051803587,1
114.39887475967409,1
114.39889407157898,1
114.39890885353088,1
114.40105366706848,1
114.40116310119627,1
114.4017493724823,1
114.4021737575531,1
114.40221691131592,1
114.4047031402588,1
114.40496230125429,1
114.41036367416382,1
114.41040968894958,1
114.41043043136597,1
114.4228241443634,1
114.43031549453735,1
114.43039727211,1
114.43042397499084,1
114.43044686317444,1
114.43443036079408,1
114.43494057655334,1
114.4352605342865,1
114.4356083869934,1
114.43581438064577,1
114.43590140342712,1
114.44281101226808,1
114.44324326515198,1
114.44331240653992,1
114.44356751441956,1
114.44582056999208,1
114.44623684883118,1
114.44669222831726,1
114.44719791412354,1
114.45055270195007,1
114.45058488845824,1
114.450590133667,1
114.46299433708192,1
114.46331787109376,1
114.46334791183472,1
114.46361660957336,1
114.4648928642273,1
114.4658977985382,1
114.46594262123108,1
114.4729483127594,1
114.47297954559326,1
114.47299194335938,1
114.4863429069519,1
114.48904871940611,1
114.4905605316162,1
114.4905948638916,1
114.49064922332764,1
114.49258971214294,1
114.49269366264345,1
114.49665904045104,1
114.49668955802916,1
114.51007461547852,1
114.51012301445007,1
114.510192155838,1
114.51490092277528,1
114.53071665763856,1
114.53076362609865,1
114.53081464767456,1
114.55040836334229,1
114.5504105091095,1
114.55049419403076,1
114.55377984046936,1
114.55438041687012,1
114.55619597434998,1
114.55738282203674,1
114.55743551254272,1
114.55754542350768,1
114.56472849845886,1
114.56485843658449,1
114.56563091278076,1
114.568368434906,1
114.57036805152892,1
114.570396900177,1
114.57049798965454,1
114.57786417007446,1
114.57814359664916,1
114.57873511314392,1
114.5790343284607,1
114.58381056785583,1
114.58385968208312,1
114.58390760421752,1
114.59046530723572,1
114.59050607681274,1
114.5905225276947,1
114.61035752296448,1
114.6107394695282,1
114.61075448989868,1
114.6216413974762,1
114.62173080444336,1
114.6250159740448,1
114.62512421607973,1
114.62859392166138,1
114.6308250427246,1
114.63090062141418,1
114.63092613220216,1
114.64676690101624,1
114.6472029685974,1
114.64723443984984,1
114.65327501296996,1
114.65352082252502,1
114.65355110168456,1
114.65365695953368,1
114.6538155078888,1
114.65398025512695,1
114.65412545204164,1
114.65465307235718,1
114.67043471336363,1
114.6704761981964,1
114.67062187194824,1
114.67640161514282,1
114.6764702796936,1
114.67652249336244,1
114.67654180526732,1
114.67864227294922,1
114.67922925949097,1
114.67928838729858,1
114.68201851844788,1
114.68204545974731,1
114.68205547332764,1
114.68207097053528,1
114.68211007118224,1
114.6825075149536,1
114.68277192115784,1
114.69132208824158,1
114.69134521484376,1
114.6913604736328,1
114.69241523742676,1
114.6924319267273,1
114.69247555732728,1
114.69258213043211,1
114.69454216957092,1
114.6945822238922,1
114.69819045066832,1
114.70994448661804,1
114.7100224494934,1
114.71002840995789,1
114.7246208190918,1
114.72474527359007,1
114.7250111103058,1
114.72502589225768,1
114.72795844078064,1
114.7279887199402,1
114.7284095287323,1
114.72980666160583,1
114.73330688476562,1
114.75007724761964,1
114.7501220703125,1
114.75013852119446,1
114.76059079170228,1
114.76062488555908,1
114.76135635375977,1
114.76445269584656,1
114.76945877075195,1
114.76995873451231,1
114.77052807807922,1
114.77092146873474,1
114.77094888687134,1
114.7709846496582,1
114.77873015403748,1
114.78378438949584,1
114.78381037712096,1
114.78384304046632,1
114.78886651992798,1
114.7888810634613,1
114.7891936302185,1
114.7900698184967,1
114.79008412361144,1
114.79139685630798,1
114.79143857955933,1
114.7921588420868,1
114.79767608642578,1
114.79767847061156,1
114.79770231246948,1
114.79924631118774,1
114.79939270019533,1
114.79951167106628,1
114.7995274066925,1
114.80066418647766,1
114.800936460495,1
114.80096244812012,1
114.82005643844604,1
114.82007622718812,1
114.82009601593018,1
114.83765029907228,1
114.84233164787292,1
114.84234738349916,1
114.84236216545104,1
114.84337711334229,1
114.8441071510315,1
114.84436583518982,1
114.84438562393188,1
114.86054968833923,1
114.8605773448944,1
114.86072993278503,1
114.87289595603944,1
114.87899851799013,1
114.87902665138245,1
114.88109540939332,1
114.8833990097046,1
114.88343048095705,1
114.88445496559144,1
114.88462662696838,1
114.89571046829224,1
114.89592361450195,1
114.89593815803528,1
114.8959505558014,1
114.89596247673036,1
114.9020698070526,1
114.90232467651369,1
114.90234708786012,1
114.90690064430235,1
114.906920671463,1
114.90754580497742,1
114.90886187553406,1
114.9088852405548,1
114.91082286834715,1
114.91086602211,1
114.9126124382019,1
114.91264271736144,1
114.91265511512756,1
114.91266632080078,1
114.91357064247131,1
114.91421484947205,1
114.9142439365387,1
114.91947078704834,1
114.91949892044067,1
114.91951251029968,1
114.92998671531676,1
114.93001866340636,1
114.93003273010254,1
114.95011281967165,1
114.95015931129456,1
114.95042872428894,1
114.95724511146544,1
114.9650309085846,1
114.96504735946657,1
114.96506214141846,1
114.96506261825562,1
114.96507954597472,1
114.9650855064392,1
114.97087907791138,1
114.9708812236786,1
114.97092008590698,1
114.9767997264862,1
114.97682523727416,1
114.9768409729004,1
114.97847628593443,1
114.98060417175292,1
114.9815514087677,1
114.98634147644044,1
114.986469745636,1
114.9864854812622,1
114.9867618083954,1
114.98989534378052,1
114.98992681503296,1
115.00262212753296,1
115.0028247833252,1
115.00329995155334,1
115.0048496723175,1
115.00767254829408,1
115.00767302513124,1
115.00976276397704,1
115.00978684425354,1
115.0112099647522,1
115.01124477386476,1
115.0112714767456,1
115.0300931930542,1
115.03013634681702,1
115.03025364875792,1
115.0348460674286,1
115.05018877983092,1
115.0502336025238,1
115.05033493041992,1
115.06757116317748,1
115.06924867630003,1
115.07144737243652,1
115.07149147987366,1
115.07245397567748,1
115.07370829582214,1
115.07375144958496,1
115.07474327087402,1
115.07482409477234,1
115.0755398273468,1
115.07557821273804,1
115.08079767227171,1
115.08235836029051,1
115.08362746238708,1
115.0844268798828,1
115.090354681015,1
115.09038949012756,1
115.0927209854126,1
115.09825325012208,1
115.0982735157013,1
115.09851908683775,1
115.10005640983582,1
115.1000587940216,1
115.11014699935912,1
115.11019039154051,1
115.11026191711426,1
115.11538338661194,1
115.11544823646544,1
115.11700105667114,1
115.11855673789978,1
115.130286693573,1
115.13060736656188,1
115.1306459903717,1
115.13844466209412,1
115.15114712715148,1
115.15131950378418,1
115.1513285636902,1
115.16842198371889,1
115.16902709007265,1
115.17134952545166,1
115.1713981628418,1
115.17155647277832,1
115.17315435409546,1
115.17320084571838,1
115.17329049110413,1
115.17354488372804,1
115.18058824539185,1
115.1808488368988,1
115.1811022758484,1
115.18207263946532,1
115.18211221694946,1
115.18238568305968,1
115.18239879608154,1
115.18286538124084,1
115.183025598526,1
115.18319249153136,1
115.19028615951538,1
115.19099760055542,1
115.19130754470824,1
115.19293999671936,1
115.20038509368896,1
115.2004210948944,1
115.20072388648988,1
115.20076060295104,1
115.2012209892273,1
115.20127391815186,1
115.20136785507202,1
115.20163893699646,1
115.20167326927184,1
115.20267701148988,1
115.20271110534668,1
115.20640063285828,1
115.22004795074464,1
115.22009325027466,1
115.22113108634947,1
115.22116041183472,1
115.22136116027832,1
115.23455548286438,1
115.23526811599731,1
115.23530864715576,1
115.2356023788452,1
115.24396657943726,1
115.24400639533997,1
115.24402475357056,1
115.2619059085846,1
115.26192092895508,1
115.26349067687988,1
115.26359176635742,1
115.26361107826231,1
115.263685464859,1
115.2637071609497,1
115.2727828025818,1
115.27299094200134,1
115.2730634212494,1
115.27358531951904,1
115.28376650810242,1
115.28379988670348,1
115.2838134765625,1
115.28684282302856,1
115.29656171798706,1
115.2971215248108,1
115.2979965209961,1
115.29802536964417,1
115.30407929420473,1
115.30410194396973,1
115.30412793159483,1
115.32049465179443,1
115.32050848007202,1
115.32052183151244,1
115.32270336151124,1
115.32484698295592,1
115.32643365859984,1
115.32646656036376,1
115.32655787467957,1
115.33943200111388,1
115.33970713615416,1
115.33973121643066,1
115.35417628288268,1
115.35441303253174,1
115.35444259643556,1
115.35544013977052,1
115.35715746879578,1
115.35799264907835,1
115.36089158058168,1
115.3611662387848,1
115.36119747161864,1
115.36548209190369,1
115.36594772338869,1
115.36677575111388,1
115.36700081825256,1
115.36743640899658,1
115.3677408695221,1
115.37867712974548,1
115.37870573997498,1
115.37893748283386,1
115.3922336101532,1
115.3922529220581,1
115.3923089504242,1
115.39534878730774,1
115.39539003372192,1
115.3953926563263,1
115.39540219306946,1
115.39716529846191,1
115.39741730690002,1
115.39744997024536,1
115.39845061302184,1
115.39849400520325,1
115.39994668960573,1
115.4003005027771,1
115.40075635910034,1
115.40352749824524,1
115.40355038642883,1
115.40356802940369,1
115.40997767448424,1
115.40999722480774,1
115.41002035140993,1
115.42459964752196,1
115.4246096611023,1
115.42475843429564,1
115.42595314979552,1
115.42597031593324,1
115.42598795890808,1
115.42645502090454,1
115.42650842666626,1
115.442852973938,1
115.44371938705444,1
115.44375014305116,1
115.44392108917236,1
115.44393968582152,1
115.44522976875304,1
115.4463701248169,1
115.4467840194702,1
115.44680833816528,1
115.44689202308656,1
115.46351957321168,1
115.46379494667052,1
115.4639856815338,1
115.48250913619997,1
115.48501563072205,1
115.48504328727722,1
115.48508334159852,1
115.49832439422607,1
115.49834895133972,1
115.49836015701294,1
115.50432300567628,1
115.50434851646423,1
115.50436091423036,1
115.50441122055054,1
115.50651121139526,1
115.50652694702148,1
115.5065779685974,1
115.50669407844543,1
115.50672674179076,1
115.51137042045592,1
115.51138687133788,1
115.51897644996644,1
115.51900672912598,1
115.51900792121889,1
115.5404281616211,1
115.5404634475708,1
115.54075360298155,1
115.560471534729,1
115.56050682067873,1
115.56052136421204,1
115.56655764579772,1
115.5721333026886,1
115.57216668128969,1
115.57278943061829,1
115.57353568077087,1
115.573566198349,1
115.57367444038393,1
115.5779676437378,1
115.57798910140993,1
115.57805323600768,1
115.58521580696106,1
115.585218667984,1
115.58524703979492,1
115.59090089797974,1
115.5993971824646,1
115.5994291305542,1
115.5994472503662,1
115.59949779510498,1
115.60277557373048,1
115.60278153419496,1
115.60279154777528,1
115.60280728340148,1
115.60284519195557,1
115.60295534133913,1
115.60297346115112,1
115.6040096282959,1
115.60454392433168,1
115.60457348823547,1
115.61914157867432,1
115.61917972564696,1
115.61919617652892,1
115.6233458518982,1
115.62338972091676,1
115.62340140342712,1
115.62385988235474,1
115.62637305259705,1
115.62707829475404,1
115.62712168693542,1
115.62725234031676,1
115.6361367702484,1
115.63643193244934,1
115.63646507263184,1
115.63653588294984,1
115.6401891708374,1
115.64020109176636,1
115.64020848274232,1
115.64596271514893,1
115.6459629535675,1
115.64621257781982,1
115.65014100074768,1
115.65017485618591,1
115.65018820762634,1
115.67078828811646,1
115.67078852653503,1
115.67083716392516,1
115.67371654510498,1
115.67656517028809,1
115.68400692939758,1
115.68906354904176,1
115.68958592414856,1
115.69001269340517,1
115.69001317024232,1
115.690105676651,1
115.69211959838869,1
115.69214200973512,1
115.69531416893004,1
115.69564938545228,1
115.6956672668457,1
115.6978042125702,1
115.69783186912537,1
115.70359921455383,1
115.70375180244446,1
115.70377779006958,1
115.70616054534912,1
115.70993089675903,1
115.7099597454071,1
115.70997166633606,1
115.71670055389404,1
115.71770071983336,1
115.71849822998048,1
115.73034882545473,1
115.7303545475006,1
115.7303900718689,1
115.74014377593994,1
115.74014496803284,1
115.75008606910706,1
115.75012350082396,1
115.75014114379884,1
115.76248717308044,1
115.76250886917114,1
115.76252841949464,1
115.76579213142396,1
115.76581501960754,1
115.76583433151244,1
115.76589322090148,1
115.76720547676086,1
115.77084612846376,1
115.7708818912506,1
115.77089715003969,1
115.77548813819884,1
115.78903532028198,1
115.7890522480011,1
115.78931093215942,1
115.78932809829712,1
115.79007148742676,1
115.79009890556335,1
115.79011106491087,1
115.79214477539062,1
115.792160987854,1
115.79216504096983,1
115.79496645927428,1
115.79499292373656,1
115.79627871513368,1
115.79633903503418,1
115.8103506565094,1
115.810391664505,1
115.81040835380554,1
115.8196144104004,1
115.8304078578949,1
115.83042168617249,1
115.8304591178894,1
115.83700299263,1
115.83703231811523,1
115.83704686164856,1
115.83706164360046,1
115.84056520462036,1
115.8405945301056,1
115.84109783172607,1
115.85007309913637,1
115.85010766983032,1
115.85012197494508,1
115.86999034881592,1
115.870019197464,1
115.8700351715088,1
115.87064933776855,1
115.87074184417725,1
115.87295532226562,1
115.87305402755736,1
115.8765013217926,1
115.87688517570496,1
115.87697792053224,1
115.87882995605467,1
115.88780403137208,1
115.88981008529665,1
115.88983702659608,1
115.88984942436218,1
115.88995361328124,1
115.88996863365172,1
115.88998079299928,1
115.89019513130188,1
115.89020538330078,1
115.89116954803468,1
115.89953827857973,1
115.89957880973816,1
115.90097856521606,1
115.90098667144775,1
115.90157198905943,1
115.91695141792296,1
115.91699242591858,1
115.91706538200378,1
115.92288637161256,1
115.92323684692384,1
115.92327117919922,1
115.92328572273254,1
115.92445278167725,1
115.92449760437012,1
115.92451310157776,1
115.93751931190492,1
115.93755221366882,1
115.93774056434631,1
115.95646023750304,1
115.95896077156068,1
115.96041440963744,1
115.9604425430298,1
115.96050524711607,1
115.96274971961977,1
115.9687798023224,1
115.96878480911256,1
115.97022199630736,1
115.97073602676392,1
115.97075867652892,1
115.97095584869383,1
115.97369146347046,1
115.9739077091217,1
115.9768385887146,1
115.97685313224792,1
115.97996783256532,1
115.979998588562,1
115.9800386428833,1
115.99703359603882,1
115.99705958366394,1
115.99917030334473,1
115.99919867515564,1
115.99920082092284,1
115.9999976158142,1
116.00003027915956,1
116.00399804115295,1
116.00401067733765,1
116.00446963310242,1
116.0192539691925,1
116.01928782463074,1
116.01930356025696,1
116.02268242836,1
116.02279472351074,1
116.02280926704408,1
116.02288222312929,1
116.02474451065063,1
116.0247871875763,1
116.02485823631288,1
116.03810501098631,1
116.03814339637756,1
116.03894329071044,1
116.05689883232117,1
116.0569303035736,1
116.05694317817688,1
116.05833101272584,1
116.06220769882202,1
116.06249356269836,1
116.06764125823976,1
116.06767511367798,1
116.07721519470216,1
116.07724356651306,1
116.07727456092834,1
116.08164262771606,1
116.0816559791565,1
116.0817403793335,1
116.08355355262756,1
116.0836763381958,1
116.0837345123291,1
116.08396220207214,1
116.08592939376832,1
116.08594131469728,1
116.08595943450928,1
116.09655547142027,1
116.09657621383668,1
116.0965895652771,1
116.09974217414856,1
116.10379886627196,1
116.10390520095824,1
116.10394072532654,1
116.1039719581604,1
116.10981273651124,1
116.10983896255492,1
116.10987877845764,1
116.11956667900084,1
116.11959266662598,1
116.12118530273438,1
116.12123775482178,1
116.12222242355348,1
116.1230309009552,1
116.13016843795776,1
116.13034296035768,1
116.13035988807678,1
116.13707852363586,1
116.14990305900574,1
116.14993238449097,1
116.14994645118712,1
116.16351413726808,1
116.16353154182434,1
116.16580533981325,1
116.16728091239928,1
116.16843962669373,1
116.16856408119202,1
116.16876149177553,1
116.16888403892516,1
116.16910457611084,1
116.170405626297,1
116.170414686203,1
116.17043542861938,1
116.19229984283449,1
116.19238471984865,1
116.1924500465393,1
116.19259238243104,1
116.19710302352904,1
116.19737386703493,1
116.19739723205566,1
116.1974925994873,1
116.19948697090148,1
116.19952034950256,1
116.19952297210692,1
116.20031476020812,1
116.20048928260805,1
116.20176768302916,1
116.20183181762695,1
116.20440173149107,1
116.2107424736023,1
116.21077871322632,1
116.21079897880554,1
116.21377444267272,1
116.21493244171144,1
116.21648693084715,1
116.21650671958923,1
116.23000383377077,1
116.23013710975648,1
116.23074650764464,1
116.23435592651369,1
116.23441624641418,1
116.23480415344238,1
116.2501711845398,1
116.25019550323486,1
116.25020742416382,1
116.25857067108154,1
116.27002930641174,1
116.27005505561829,1
116.27006793022156,1
116.27621078491212,1
116.28996658325195,1
116.29004073143004,1
116.2900538444519,1
116.29218363761902,1
116.2923972606659,1
116.29240107536316,1
116.29254460334778,1
116.29625868797302,1
116.29626560211182,1
116.29635286331175,1
116.29635858535768,1
116.29715847969057,1
116.29717922210692,1
116.2971920967102,1
116.2984218597412,1
116.29872584342957,1
116.29899740219116,1
116.29901385307312,1
116.29901933670044,1
116.29975652694702,1
116.29975962638856,1
116.3112564086914,1
116.31129503250122,1
116.31130933761597,1
116.3143618106842,1
116.31812143325806,1
116.31850719451904,1
116.3186047077179,1
116.31873035430908,1
116.31945610046388,1
116.31962323188782,1
116.32010555267334,1
116.3210563659668,1
116.32649397850037,1
116.32766795158386,1
116.32931756973268,1
116.32983946800232,1
116.32983994483948,1
116.33042454719543,1
116.33643221855164,1
116.35027956962584,1
116.35031628608704,1
116.35054969787598,1
116.36181378364564,1
116.3620228767395,1
116.36321306228638,1
116.363685131073,1
116.3639314174652,1
116.36419749259947,1
116.3680455684662,1
116.368426322937,1
116.37007975578308,1
116.37011814117432,1
116.37015795707704,1
116.37546443939208,1
116.39015126228333,1
116.3902792930603,1
116.39030170440674,1
116.40350580215454,1
116.40389227867126,1
116.4039056301117,1
116.40422487258913,1
116.40643429756165,1
116.4064552783966,1
116.40653800964355,1
116.41007900238036,1
116.41009855270386,1
116.41026544570924,1
116.41163969039916,1
116.4116668701172,1
116.41178822517396,1
116.41186165809631,1
116.42038130760191,1
116.43021368980408,1
116.43032765388487,1
116.43036890029909,1
116.43788242340088,1
116.43962979316711,1
116.4396607875824,1
116.43970274925232,1
116.4399962425232,1
116.44016599655151,1
116.44018650054932,1
116.45058369636536,1
116.4506151676178,1
116.45065784454346,1
116.4540364742279,1
116.47003602981567,1
116.47006130218506,1
116.47007131576538,1
116.47870445251463,1
116.47873830795288,1
116.47873854637146,1
116.48025631904602,1
116.48183798789978,1
116.48183846473694,1
116.48246216773988,1
116.49031591415404,1
116.49033904075624,1
116.49037075042725,1
116.49383234977722,1
116.4938645362854,1
116.51013827323914,1
116.51013851165771,1
116.51017689704896,1
116.5173568725586,1
116.51737427711488,1
116.51967883110046,1
116.51993179321288,1
116.51994729042052,1
116.5199580192566,1
116.52046775817873,1
116.52056908607484,1
116.52069997787476,1
116.5301923751831,1
116.53022360801695,1
116.53028345108032,1
116.54413628578186,1
116.54897141456604,1
116.54899263381958,1
116.55019903182983,1
116.55023264884947,1
116.55023336410522,1
116.55135536193848,1
116.55334258079527,1
116.5533857345581,1
116.55340886116028,1
116.56213879585266,1
116.56218338012695,1
116.5622537136078,1
116.56357383728027,1
116.56517672538756,1
116.57652401924132,1
116.58373260498048,1
116.5837676525116,1
116.5838222503662,1
116.59674787521362,1
116.59676337242126,1
116.59686613082886,1
116.59688639640808,1
116.59911155700684,1
116.59914326667786,1
116.59916090965272,1
116.60121011734007,1
116.60124397277832,1
116.60264134407043,1
116.60267233848572,1
116.6027328968048,1
116.60280513763428,1
116.60285902023315,1
116.62078094482422,1
116.62080788612366,1
116.62084102630617,1
116.63262271881104,1
116.6377055644989,1
116.637766122818,1
116.6378095149994,1
116.66103553771973,1
116.66108918190002,1
116.66111540794373,1
116.67921710014345,1
116.67925310134888,1
116.67930388450624,1
116.68832492828368,1
116.6887879371643,1
116.68880486488342,1
116.68884301185608,1
116.69012928009032,1
116.69019770622252,1
116.69020462036131,1
116.69116544723512,1
116.6927614212036,1
116.69924116134644,1
116.69926857948305,1
116.69935011863708,1
116.70282745361328,1
116.70578050613403,1
116.7058367729187,1
116.71831846237184,1
116.7183735370636,1
116.71843671798706,1
116.71845078468324,1
116.7184920310974,1
116.71857810020448,1
116.73807334899902,1
116.73807716369627,1
116.73844695091248,1
116.74996948242188,1
116.75028443336488,1
116.75029826164246,1
116.75031352043152,1
116.75434470176695,1
116.75441026687622,1
116.75442934036256,1
116.75669074058531,1
116.7567081451416,1
116.75675320625304,1
116.75676846504211,1
116.7586476802826,1
116.75880002975464,1
116.75882816314696,1
116.75957417488098,1
116.76301598548888,1
116.76310539245604,1
116.76312351226808,1
116.7681655883789,1
116.76820230484007,1
116.76988577842712,1
116.77281165122986,1
116.77324295043944,1
116.7738869190216,1
116.77412223815918,1
116.77412986755373,1
116.77430319786072,1
116.77435684204102,1
116.77440571784972,1
116.7745258808136,1
116.77534294128418,1
116.780175447464,1
116.78636717796326,1
116.79129028320312,1
116.79131817817688,1
116.79580283164978,1
116.79596710205078,1
116.7988908290863,1
116.79895639419556,1
116.79897236824036,1
116.81759309768675,1
116.8191533088684,1
116.8191819190979,1
116.8191945552826,1
116.82230186462402,1
116.82354688644408,1
116.82361912727356,1
116.8251326084137,1
116.83275771141052,1
116.83280801773073,1
116.83284902572632,1
116.8382956981659,1
116.83832359313963,1
116.83833456039427,1
116.85636234283449,1
116.85640501976012,1
116.8564190864563,1
116.85823917388916,1
116.86206245422365,1
116.86208319664,1
116.86209416389464,1
116.86210560798644,1
116.87818813323976,1
116.8783028125763,1
116.87862133979796,1
116.880868434906,1
116.88088345527648,1
116.88088512420654,1
116.88210654258728,1
116.88213062286376,1
116.8945951461792,1
116.89461946487428,1
116.89511728286745,1
116.9015531539917,1
116.90159225463869,1
116.9016261100769,1
116.9147882461548,1
116.91489505767822,1
116.91490817070007,1
116.9215133190155,1
116.92187213897704,1
116.92191958427428,1
116.92193508148192,1
116.9239580631256,1
116.92397689819336,1
116.9239900112152,1
116.9360053539276,1
116.93603467941284,1
116.93604707717896,1
116.937513589859,1
116.95944404602052,1
116.9594566822052,1
116.95951962471008,1
116.9653468132019,1
116.96536493301392,1
116.96675968170166,1
116.96677899360655,1
116.96684455871582,1
116.96691179275513,1
116.97614860534668,1
116.9761712551117,1
116.97619009017944,1
116.9769048690796,1
116.97693157196044,1
116.9769320487976,1
116.97696137428284,1
116.98112535476685,1
116.9811553955078,1
116.9812834262848,1
116.99305486679076,1
116.99329447746275,1
116.9933261871338,1
116.99334025382996,1
116.9950032234192,1
116.99502301216124,1
116.9975516796112,1
116.9981791973114,1
116.99826574325562,1
117.00128865242004,1
117.00131821632384,1
117.0013337135315,1
117.00676655769348,1
117.00691270828248,1
117.00699877738953,1
117.00762152671814,1
117.00974893569946,1
117.00976300239564,1
117.00981378555298,1
117.01012587547302,1
117.0109839439392,1
117.01101541519164,1
117.01121854782104,1
117.02427792549132,1
117.02567100524902,1
117.0309066772461,1
117.030944108963,1
117.03112936019896,1
117.03846430778503,1
117.0384919643402,1
117.03852605819702,1
117.03858280181883,1
117.04119396209715,1
117.04138374328612,1
117.04209733009338,1
117.04246044158936,1
117.05066776275636,1
117.05193734169006,1
117.05196714401244,1
117.05265593528748,1
117.0705020427704,1
117.07052969932556,1
117.07056450843812,1
117.07338523864746,1
117.09079027175903,1
117.09091901779176,1
117.09093260765076,1
117.10965466499329,1
117.10966515541077,1
117.10967636108398,1
117.1097719669342,1
117.11024451255798,1
117.11118483543396,1
117.11180686950684,1
117.11207056045532,1
117.11209416389464,1
117.11337304115295,1
117.11338472366332,1
117.11342024803162,1
117.11346101760864,1
117.11363196372986,1
117.12165427207948,1
117.12336802482604,1
117.12986636161804,1
117.12989377975464,1
117.129905462265,1
117.14471411705016,1
117.14930295944214,1
117.14931988716124,1
117.15023469924928,1
117.15026807785034,1
117.1503074169159,1
117.15111947059631,1
117.15135264396667,1
117.1514015197754,1
117.15144371986388,1
117.17037916183472,1
117.17044687271118,1
117.17074751853944,1
117.18347883224487,1
117.18363213539124,1
117.1838047504425,1
117.18576431274414,1
117.19021773338318,1
117.19029235839844,1
117.19031000137328,1
117.19774866104126,1
117.19776940345764,1
117.19975662231444,1
117.19976258277892,1
117.19978380203248,1
117.1997971534729,1
117.20158100128174,1
117.20162510871889,1
117.2101378440857,1
117.21017861366272,1
117.210196018219,1
117.22038578987122,1
117.22056794166564,1
117.22058749198914,1
117.22060203552246,1
117.22231650352478,1
117.2225091457367,1
117.22301197052002,1
117.2237901687622,1
117.23030996322632,1
117.23031449317932,1
117.2303545475006,1
117.2440676689148,1
117.2442979812622,1
117.24433660507202,1
117.24469447135924,1
117.24710607528688,1
117.24750590324402,1
117.2480673789978,1
117.24988889694214,1
117.2499258518219,1
117.24997758865356,1
117.27580094337463,1
117.2840096950531,1
117.2860598564148,1
117.28747415542604,1
117.29953384399414,1
117.29956102371216,1
117.3006021976471,1
117.31920194625854,1
117.3192286491394,1
117.31927371025084,1
117.31933641433716,1
117.3217475414276,1
117.32219576835632,1
117.33705401420592,1
117.33708572387695,1
117.33708596229552,1
117.35356998443604,1
117.35358738899232,1
117.3541452884674,1
117.35417199134828,1
117.3573272228241,1
117.35737824440002,1
117.35739731788637,1
117.35846281051636,1
117.35851192474364,1
117.3593807220459,1
117.35941338539124,1
117.3594229221344,1
117.3602237701416,1
117.36024117469788,1
117.3640193939209,1
117.37963509559631,1
117.37966465950012,1
117.37970519065856,1
117.39285016059875,1
117.39527630805968,1
117.39671874046326,1
117.39985132217409,1
117.39988780021667,1
117.4014494419098,1
117.40169930458067,1
117.40361189842224,1
117.40365386009216,1
117.40441846847534,1
117.40452480316162,1
117.40454053878784,1
117.40455269813538,1
117.40618753433228,1
117.40621328353882,1
117.4082133769989,1
117.40826439857484,1
117.41228222846983,1
117.41768789291382,1
117.41770911216736,1
117.41775345802309,1
117.437739610672,1
117.43776893615724,1
117.43787169456482,1
117.44316363334656,1
117.44435548782349,1
117.44451904296876,1
117.44453525543211,1
117.44620537757874,1
117.4471559524536,1
117.44814348220824,1
117.45666027069092,1
117.45690250396729,1
117.45692563056946,1
117.45693349838255,1
117.45847630500792,1
117.45850348472597,1
117.45854306221008,1
117.45855402946472,1
117.4586284160614,1
117.45864486694336,1
117.4699137210846,1
117.4699399471283,1
117.46995139122008,1
117.48262333869934,1
117.4893159866333,1
117.489355802536,1
117.48936581611632,1
117.4894199371338,1
117.49250364303587,1
117.49254870414734,1
117.49256587028503,1
117.49608278274536,1
117.49609541893004,1
117.49717235565186,1
117.49721336364746,1
117.49721384048462,1
117.49826669692992,1
117.49827241897584,1
117.51677322387695,1
117.5168001651764,1
117.51741409301758,1
117.51765441894533,1
117.53725504875185,1
117.53728556632996,1
117.5372884273529,1
117.54845309257507,1
117.54854106903076,1
117.55074548721312,1
117.5507743358612,1
117.55078983306883,1
117.55080533027648,1
117.55537629127502,1
117.55543756484984,1
117.55545973777772,1
117.55651831626892,1
117.55875897407532,1
117.56133985519408,1
117.56162071228027,1
117.5621485710144,1
117.57941603660583,1
117.57944941520692,1
117.5795066356659,1
117.5919861793518,1
117.59658122062685,1
117.59748721122742,1
117.59750604629517,1
117.59750843048096,1
117.5975251197815,1
117.59753441810608,1
117.59753656387328,1
117.5989100933075,1
117.59896612167358,1
117.6011815071106,1
117.60119390487672,1
117.6021637916565,1
117.60219597816469,1
117.6022605895996,1
117.60478138923644,1
117.60702133178712,1
117.61228108406068,1
117.62048649787904,1
117.6205234527588,1
117.62072229385376,1
117.64061069488524,1
117.64066433906557,1
117.64071989059448,1
117.6551456451416,1
117.6554033756256,1
117.65542459487916,1
117.65545725822447,1
117.65894508361816,1
117.65897035598756,1
117.6590132713318,1
117.67732214927672,1
117.67750263214111,1
117.67752385139464,1
117.67985010147096,1
117.68084597587584,1
117.68087315559389,1
117.6818437576294,1
117.69913339614868,1
117.69916224479675,1
117.69917464256288,1
117.70012831687929,1
117.71573972702026,1
117.71680927276611,1
117.71685266494752,1
117.71685338020325,1
117.73724579811096,1
117.7372841835022,1
117.737286567688,1
117.74217343330383,1
117.74231362342834,1
117.74360156059264,1
117.74361276626588,1
117.7436249256134,1
117.74363613128662,1
117.7463231086731,1
117.74634981155396,1
117.75789833068848,1
117.7579264640808,1
117.75797986984252,1
117.76200222969057,1
117.7620530128479,1
117.76384973526,1
117.76399421691896,1
117.7640097141266,1
117.7640221118927,1
117.76517868041992,1
117.76527523994446,1
117.76535153388976,1
117.76593494415285,1
117.77451610565186,1
117.7784140110016,1
117.77843856811523,1
117.77853798866272,1
117.79003858566284,1
117.79384231567384,1
117.79419136047365,1
117.79419732093812,1
117.79472088813782,1
117.79483413696288,1
117.796644449234,1
117.79890608787537,1
117.8006076812744,1
117.80064177513124,1
117.8006443977356,1
117.8008427619934,1
117.80085301399232,1
117.8019597530365,1
117.8019847869873,1
117.8195059299469,1
117.8197250366211,1
117.81974124908449,1
117.82755279541016,1
117.83743071556091,1
117.83745765686037,1
117.83748722076416,1
117.83920192718506,1
117.83923077583312,1
117.83925676345824,1
117.83929300308228,1
