t,anomaly_label
0.0,0
5.817413330078125e-05,0
0.016214370727539,0
0.0162320137023925,0
0.0162389278411865,0
0.0162484645843505,0
0.0197467803955078,0
0.0197758674621582,0
0.0241312980651855,0
0.0241453647613525,0
0.0242469310760498,0
0.0250611305236816,0
0.0270643234252929,0
0.0360124111175537,0
0.0360643863677978,0
0.0394449234008789,0
0.0394892692565918,0
0.0621840953826904,0
0.0622315406799316,0
0.0623359680175781,0
0.0735816955566406,0
0.0736076831817627,0
0.0736277103424072,0
0.0736968517303466,0
0.0821406841278076,0
0.0821726322174072,0
0.0821864604949951,0
0.0879669189453125,0
0.0891404151916503,0
0.0892050266265869,0
0.0892465114593505,0
0.0893309116363525,0
0.0898089408874511,0
0.0899362564086914,0
0.0900113582611084,0
0.0902225971221923,0
0.0912294387817382,0
0.0912654399871826,0
0.0912814140319824,0
0.0913045406341552,0
0.0913202762603759,0
0.1000072956085205,0
0.1000409126281738,0
0.1000542640686035,0
0.1094582080841064,0
0.1111414432525634,0
0.1111586093902587,0
0.1112170219421386,0
0.1112315654754638,0
0.114164113998413,0
0.1141893863677978,0
0.1142082214355468,0
0.1253502368927002,0
0.1253812313079834,0
0.1254265308380127,0
0.1255936622619629,0
0.1416113376617431,0
0.1416425704956054,0
0.1478023529052734,0
0.1478304862976074,0
0.147841215133667,0
0.1478493213653564,0
0.1527724266052246,0
0.1528329849243164,0
0.1528515815734863,0
0.1529469490051269,0
0.1529641151428222,0
0.1597843170166015,0
0.1598384380340576,0
0.1618964672088623,0
0.1620197296142578,0
0.162118911743164,0
0.1625165939331054,0
0.1677281856536865,0
0.1679532527923584,0
0.1686186790466308,0
0.1686558723449707,0
0.1824758052825927,0
0.1824903488159179,0
0.1825058460235595,0
0.1834058761596679,0
0.1834387779235839,0
0.1834557056427002,0
0.2049078941345214,0
0.2049081325531005,0
0.2049534320831298,0
0.2223634719848632,0
0.2229399681091308,0
0.2229704856872558,0
0.229459524154663,0
0.2347409725189209,0
0.2347733974456787,0
0.2357168197631836,0
0.2357439994812011,0
0.2358074188232422,0
0.2358639240264892,0
0.2396771907806396,0
0.2396941184997558,0
0.2399065494537353,0
0.2419397830963134,0
0.241969347000122,0
0.2421956062316894,0
0.2451467514038086,0
0.2452023029327392,0
0.2452178001403808,0
0.2452681064605713,0
0.2630538940429687,0
0.2630615234375,0
0.2631030082702636,0
0.2843656539916992,0
0.2844078540802002,0
0.2844724655151367,0
0.2896432876586914,0
0.295116662979126,0
0.2951529026031494,0
0.295231819152832,0
0.2952547073364258,0
0.298025369644165,0
0.2982490062713623,0
0.3001980781555176,0
0.313922643661499,0
0.3139269351959228,0
0.3162589073181152,0
0.3162927627563476,0
0.3194777965545654,0
0.3195154666900635,0
0.3198399543762207,0
0.3200726509094238,0
0.3203227519989013,0
0.3203532695770263,0
0.3203675746917724,0
0.3254611492156982,0
0.3254656791687011,0
0.3254928588867187,0
0.3255023956298828,0
0.3267638683319092,0
0.3273351192474365,0
0.3280067443847656,0
0.3294477462768554,0
0.3295307159423828,0
0.329573392868042,0
0.3371672630310058,0
0.3371839523315429,0
0.3430936336517334,0
0.3431038856506347,0
0.3431055545806885,0
0.3625850677490234,0
0.3626308441162109,0
0.3700439929962158,0
0.3701901435852051,0
0.373537540435791,0
0.3756766319274902,0
0.3771264553070068,0
0.3836400508880615,0
0.383885383605957,0
0.3838987350463867,0
0.3909516334533691,0
0.3909981250762939,0
0.3910505771636963,0
0.3910698890686035,0
0.3926167488098144,0
0.3926510810852051,0
0.392864465713501,0
0.4026262760162353,0
0.4027938842773437,0
0.4029285907745361,0
0.4053153991699219,0
0.4213142395019531,0
0.421339750289917,0
0.4213523864746094,0
0.4304938316345215,0
0.4304966926574707,0
0.4321818351745605,0
0.4321975708007812,0
0.43221116065979,0
0.432295560836792,0
0.4350984096527099,0
0.4352245330810547,0
0.4357907772064209,0
0.43581223487854,0
0.435866117477417,0
0.4389617443084717,0
0.439016580581665,0
0.4431357383728027,0
0.4441258907318115,0
0.4441583156585693,0
0.444169282913208,0
0.4639945030212402,0
0.4674935340881347,0
0.4675331115722656,0
0.4676098823547363,0
0.4837841987609863,0
0.4838175773620605,0
0.4839141368865967,0
0.4899311065673828,0
0.4950745105743408,0
0.4950990676879883,0
0.4952511787414551,0
0.4952783584594726,0
0.4969007968902588,0
0.4969160556793213,0
0.4971137046813965,0
0.503305196762085,0
0.503340482711792,0
0.5033690929412842,0
0.5033822059631348,0
0.5069375038146973,0
0.5073392391204834,0
0.5191259384155273,0
0.5191762447357178,0
0.5192160606384277,0
0.5194356441497803,0
0.5289554595947266,0
0.529181718826294,0
0.529212474822998,0
0.5334043502807617,0
0.5334172248840332,0
0.5334992408752441,0
0.539513111114502,0
0.5395596027374268,0
0.5417819023132324,0
0.5418379306793213,0
0.5420899391174316,0
0.5421173572540283,0
0.5427613258361816,0
0.5631566047668457,0
0.563183069229126,0
0.5631892681121826,0
0.5649857521057129,0
0.5650081634521484,0
0.5650143623352051,0
0.5650277137756348,0
0.5665593147277832,0
0.5665919780731201,0
0.5667126178741455,0
0.5671017169952393,0
0.5797996520996094,0
0.5798013210296631,0
0.57987380027771,0
0.5915484428405762,0
0.5915839672088623,0
0.5916457176208496,0
0.5917665958404541,0
0.596106767654419,0
0.5961503982543945,0
0.5961942672729492,0
0.6012938022613525,0
0.6033685207366943,0
0.6034560203552246,0
0.6034717559814453,0
0.6218645572662354,0
0.6224324703216553,0
0.6224629878997803,0
0.6249964237213135,0
0.6251881122589111,0
0.6265337467193604,0
0.6265528202056885,0
0.6265673637390137,0
0.6265833377838135,0
0.6292233467102051,0
0.6292431354522705,0
0.6293494701385498,0
0.6427650451660156,0
0.6428108215332031,0
0.6429901123046875,0
0.6629049777984619,0
0.662940263748169,0
0.6630110740661621,0
0.683516263961792,0
0.6835591793060303,0
0.683586597442627,0
0.6889195442199707,0
0.6889543533325195,0
0.691166877746582,0
0.6912426948547363,0
0.6929008960723877,0
0.7031195163726807,0
0.7034101486206055,0
0.7034440040588379,0
0.719221830368042,0
0.7203307151794434,0
0.7203600406646729,0
0.720374345779419,0
0.7208390235900879,0
0.7214920520782471,0
0.7216415405273438,0
0.7223680019378662,0
0.7234451770782471,0
0.7255468368530273,0
0.7255744934082031,0
0.7284531593322754,0
0.7284688949584961,0
0.7426400184631348,0
0.7427322864532471,0
0.7427527904510498,0
0.7574408054351807,0
0.7574727535247803,0
0.7575280666351318,0
0.7578604221343994,0
0.7598738670349121,0
0.7598998546600342,0
0.7599215507507324,0
0.7630612850189209,0
0.7631387710571289,0
0.7652249336242676,0
0.7652599811553955,0
0.7653234004974365,0
0.7679989337921143,0
0.7680153846740723,0
0.7831010818481445,0
0.7831535339355469,0
0.7831730842590332,0
0.8013830184936523,0
0.8088908195495605,0
0.8089313507080078,0
0.8089554309844971,0
0.8227379322052002,0
0.8227934837341309,0
0.8228104114532471,0
0.8364636898040771,0
0.8365612030029297,0
0.838097333908081,0
0.8383631706237793,0
0.8383636474609375,0
0.8384041786193848,0
0.841477632522583,0
0.8414978981018066,0
0.8415219783782959,0
0.8441760540008545,0
0.8441951274871826,0
0.8442089557647705,0
0.8442220687866211,0
0.8465602397918701,0
0.8465948104858398,0
0.8467018604278564,0
0.8467230796813965,0
0.8467400074005127,0
0.8467574119567871,0
0.8467962741851807,0
0.8521392345428467,0
0.852144718170166,0
0.8535654544830322,0
0.853632926940918,0
0.8583364486694336,0
0.8599872589111328,0
0.8600444793701172,0
0.860121488571167,0
0.8837528228759766,0
0.8837888240814209,0
0.8838045597076416,0
0.889073371887207,0
0.8890900611877441,0
0.8891043663024902,0
0.8891210556030273,0
0.8894946575164795,0
0.8895235061645508,0
0.892754316329956,0
0.8980929851531982,0
0.9039161205291748,0
0.903949499130249,0
0.9039645195007324,0
0.9214076995849608,0
0.9214327335357666,0
0.9214446544647216,0
0.9221973419189452,0
0.9257948398590088,0
0.9258217811584472,0
0.9258673191070556,0
0.927426815032959,0
0.9274520874023438,0
0.9274935722351074,0
0.9449937343597412,0
0.9450371265411376,0
0.945094108581543,0
0.9451100826263428,0
0.9451255798339844,0
0.9484543800354004,0
0.948554277420044,0
0.9493675231933594,0
0.962416648864746,0
0.9624505043029784,0
0.9624648094177246,0
0.9681708812713624,0
0.9707851409912108,0
0.9836370944976808,0
0.9836761951446532,0
0.9836928844451904,0
0.994264841079712,0
0.9942867755889891,0
0.9947545528411864,0
0.9952080249786376,0
0.9998378753662108,0
0.9999439716339112,0
1.0002655982971191,0
1.004096269607544,0
1.004162073135376,0
1.004202127456665,0
1.004245042800903,0
1.0084633827209473,0
1.0213401317596436,0
1.0213665962219238,0
1.0213806629180908,0
1.0269529819488523,0
1.0270092487335205,0
1.0279440879821775,0
1.0279593467712402,0
1.0280370712280271,0
1.0280535221099854,0
1.030282497406006,0
1.030513048171997,0
1.0305323600769043,0
1.044731616973877,0
1.0449912548065186,0
1.0450260639190674,0
1.0463614463806152,0
1.046391487121582,0
1.0491375923156738,0
1.049210548400879,0
1.0506272315979004,0
1.0506627559661863,0
1.0507323741912842,0
1.050750732421875,0
1.063570261001587,0
1.0667157173156738,0
1.0667946338653564,0
1.0668120384216309,0
1.066831111907959,0
1.0674054622650146,0
1.0677924156188965,0
1.0799150466918943,0
1.0799152851104736,0
1.0799498558044434,0
1.0968542098999023,0
1.096863031387329,0
1.0968859195709229,0
1.096888780593872,0
1.100438117980957,0
1.1004602909088137,0
1.102123498916626,0
1.1022469997406006,0
1.1112654209136963,0
1.1113896369934082,0
1.111403226852417,0
1.1114623546600342,0
1.1120824813842771,0
1.1134932041168213,0
1.1167161464691162,0
1.1223225593566897,0
1.1223478317260742,0
1.1227152347564695,0
1.1244266033172607,0
1.1244380474090576,0
1.1244637966156006,0
1.124474048614502,0
1.1263551712036133,0
1.1268012523651123,0
1.1270599365234375,0
1.1382477283477783,0
1.1388494968414309,0
1.141845941543579,0
1.142160177230835,0
1.142747402191162,0
1.142777919769287,0
1.14284086227417,0
1.1635215282440186,0
1.163560390472412,0
1.163609743118286,0
1.1824297904968262,0
1.1824698448181152,0
1.1825931072235107,0
1.1868693828582764,0
1.1940579414367676,0
1.1941025257110596,0
1.194140911102295,0
1.1941828727722168,0
1.2047278881072998,0
1.2049880027770996,0
1.2050111293792725,0
1.2074663639068604,0
1.2075364589691162,0
1.2079062461853027,0
1.2080304622650146,0
1.2223212718963623,0
1.222351312637329,0
1.2223632335662842,0
1.2329368591308594,0
1.232940435409546,0
1.2339277267456057,0
1.2339344024658203,0
1.233942985534668,0
1.2340149879455566,0
1.2362864017486572,0
1.2363131046295166,0
1.2366876602172852,0
1.2378435134887695,0
1.2378668785095217,0
1.2410731315612793,0
1.2411229610443115,0
1.2423155307769775,0
1.2423408031463623,0
1.2423532009124756,0
1.262842893600464,0
1.2628798484802246,0
1.2629358768463137,0
1.2841036319732666,0
1.2841486930847168,0
1.284168004989624,0
1.3070590496063232,0
1.3070592880249023,0
1.307215452194214,0
1.315690279006958,0
1.32511568069458,0
1.325131893157959,0
1.3251478672027588,0
1.3266880512237549,0
1.3288605213165283,0
1.329038381576538,0
1.3297038078308103,0
1.3297593593597412,0
1.329775094985962,0
1.3310270309448242,0
1.3310911655426023,0
1.3311219215393066,0
1.3311271667480469,0
1.3311395645141602,0
1.3311562538146973,0
1.3311915397644043,0
1.3312113285064695,0
1.332906723022461,0
1.3393776416778564,0
1.3394126892089844,0
1.3394289016723633,0
1.3483362197875977,0
1.3483500480651855,0
1.3483598232269287,0
1.348372220993042,0
1.3538668155670166,0
1.354299783706665,0
1.354447364807129,0
1.3564538955688477,0
1.3573391437530518,0
1.35888671875,0
1.358926773071289,0
1.3646228313446045,0
1.3646621704101562,0
1.3647065162658691,0
1.3654098510742188,0
1.3694660663604736,0
1.388798713684082,0
1.3888278007507324,0
1.3888401985168457,0
1.4003331661224363,0
1.4029200077056885,0
1.4032142162322998,0
1.40338134765625,0
1.4109578132629397,0
1.4110398292541504,0
1.411606788635254,0
1.4141716957092283,0
1.4142818450927734,0
1.4143249988555908,0
1.4145042896270752,0
1.4145176410675049,0
1.4145708084106443,0
1.422361135482788,0
1.4223871231079102,0
1.4223995208740234,0
1.429044246673584,0
1.4324140548706057,0
1.4324383735656738,0
1.4324491024017334,0
1.4324612617492676,0
1.4454467296600342,0
1.4454758167266846,0
1.4456751346588137,0
1.4475255012512207,0
1.4475679397583008,0
1.447987079620361,0
1.4496800899505615,0
1.4497108459472656,0
1.4511685371398926,0
1.4511947631835938,0
1.4516794681549072,0
1.4589273929595947,0
1.462148904800415,0
1.462211847305298,0
1.4622857570648191,0
1.4815342426300049,0
1.4834544658660889,0
1.4834916591644287,0
1.4835636615753174,0
1.5042386054992676,0
1.504283428192139,0
1.504302978515625,0
1.5068154335021973,0
1.5069315433502195,0
1.5069572925567627,0
1.5070195198059082,0
1.5118741989135742,0
1.5120937824249268,0
1.513357162475586,0
1.5149590969085691,0
1.5261831283569336,0
1.5262610912322998,0
1.5263404846191406,0
1.5428459644317627,0
1.5428862571716309,0
1.5432193279266355,0
1.5535273551940918,0
1.5535590648651123,0
1.5536324977874756,0
1.5536940097808838,0
1.5566654205322266,0
1.5569653511047363,0
1.5570015907287598,0
1.557988166809082,0
1.5580236911773682,0
1.565721035003662,0
1.5657446384429932,0
1.5657598972320557,0
1.5666053295135498,0
1.566626787185669,0
1.5666406154632568,0
1.5666749477386477,0
1.56673002243042,0
1.5667779445648191,0
1.566795825958252,0
1.566831350326538,0
1.5668699741363523,0
1.571162223815918,0
1.5796890258789062,0
1.579725980758667,0
1.5797483921051023,0
1.5974524021148682,0
1.5981073379516602,0
1.5981671810150146,0
1.59824538230896,0
1.600271224975586,0
1.600632667541504,0
1.601750135421753,0
1.602208137512207,0
1.605499029159546,0
1.6055362224578855,0
1.6055529117584229,0
1.6061265468597412,0
1.6208977699279783,0
1.621598243713379,0
1.621629238128662,0
1.6216707229614258,0
1.6271858215332031,0
1.627208232879639,0
1.6391708850860596,0
1.639317750930786,0
1.639387130737305,0
1.6394100189208984,0
1.6430375576019287,0
1.6431100368499756,0
1.6431658267974854,0
1.6447646617889404,0
1.6448602676391602,0
1.6469941139221191,0
1.6642394065856934,0
1.6642677783966064,0
1.6643109321594238,0
1.665773630142212,0
1.6658270359039309,0
1.6674985885620115,0
1.6675829887390137,0
1.6680941581726074,0
1.6844487190246582,0
1.6844887733459473,0
1.6845965385437012,0
1.6875300407409668,0
1.687547206878662,0
1.6876158714294434,0
1.6876366138458252,0
1.691356897354126,0
1.691359043121338,0
1.691758155822754,0
1.7027454376220703,0
1.7027828693389893,0
1.703052997589111,0
1.7239627838134766,0
1.7244880199432373,0
1.7245020866394043,0
1.724564790725708,0
1.727338790893555,0
1.7307627201080322,0
1.7352945804595947,0
1.7353203296661377,0
1.7353310585021973,0
1.7353434562683103,0
1.7413320541381836,0
1.7413573265075684,0
1.7413644790649414,0
1.7438645362854004,0
1.7439000606536863,0
1.7448208332061768,0
1.750706434249878,0
1.7507312297821045,0
1.7511978149414062,0
1.7512199878692627,0
1.7626404762268066,0
1.7626752853393557,0
1.7626924514770508,0
1.7836360931396484,0
1.7836730480194092,0
1.783735275268555,0
1.7998182773590088,0
1.802682638168335,0
1.8027129173278809,0
1.802790641784668,0
1.8217558860778809,0
1.8217909336090088,0
1.821847915649414,0
1.8369977474212649,0
1.837047815322876,0
1.8431081771850584,0
1.8431458473205569,0
1.8431618213653564,0
1.8635196685791016,0
1.863570213317871,0
1.863576412200928,0
1.8723695278167725,0
1.8723883628845213,0
1.8724064826965328,0
1.872429370880127,0
1.875671148300171,0
1.87567138671875,0
1.8756916522979736,0
1.878344774246216,0
1.878387212753296,0
1.8784019947052,0
1.8784174919128416,0
1.880725383758545,0
1.8815762996673584,0
1.8816893100738523,0
1.8817102909088133,0
1.8853392601013184,0
1.8853702545166016,0
1.885385274887085,0
1.8864514827728271,0
1.8864572048187256,0
1.8891844749450684,0
1.8892385959625244,0
1.8914828300476076,0
1.9028897285461424,0
1.902923822402954,0
1.9029653072357176,0
1.9069902896881104,0
1.9079389572143557,0
1.922154426574707,0
1.92218279838562,0
1.9221961498260496,0
1.9293653964996336,0
1.929384469985962,0
1.9293887615203855,0
1.9293975830078125,0
1.92940354347229,0
1.9294509887695312,0
1.9295299053192136,0
1.9320318698883057,0
1.93782639503479,0
1.9378442764282229,0
1.9418549537658687,0
1.941884994506836,0
1.9422826766967771,0
1.9650421142578125,0
1.96509051322937,0
1.9650955200195312,0
1.9651145935058596,0
1.9651226997375488,0
1.982969045639038,0
1.983010053634644,0
1.9830267429351809,0
1.9957354068756104,0
2.002995491027832,0
2.0030324459075928,0
2.00344467163086,0
2.015084981918335,0
2.0155739784240723,0
2.01636815071106,0
2.0164132118225098,0
2.016430139541626,0
2.019583940505981,0
2.019960403442383,0
2.020442247390747,0
2.020462274551392,0
2.0238537788391118,0
2.0256543159484863,0
2.026470899581909,0
2.0264968872070312,0
2.027419090270996,0
2.0412564277648926,0
2.041257619857788,0
2.041306972503662,0
2.047505140304565,0
2.0475382804870605,0
2.047649621963501,0
2.047666072845459,0
2.055091857910156,0
2.055134057998657,0
2.0551819801330566,0
2.0552258491516118,0
2.055269479751587,0
2.0578622817993164,0
2.0578885078430176,0
2.0591328144073486,0
2.059223890304565,0
2.0592362880706787,0
2.059286117553711,0
2.062122106552124,0
2.06213903427124,0
2.0621860027313232,0
2.083578109741211,0
2.0836217403411865,0
2.0836377143859863,0
2.0898876190185547,0
2.089926719665528,0
2.0899479389190674,0
2.0908334255218506,0
2.10462498664856,0
2.10475754737854,0
2.1049132347106934,0
2.1052045822143555,0
2.1052637100219727,0
2.1052825450897217,0
2.105417013168335,0
2.110691785812378,0
2.110729932785034,0
2.110935926437378,0
2.116818904876709,0
2.123520851135254,0
2.1235482692718506,0
2.12361216545105,0
2.1303391456604004,0
2.1311206817626958,0
2.1311464309692383,0
2.131159543991089,0
2.131181001663208,0
2.131308078765869,0
2.131385326385498,0
2.137518405914306,0
2.1375811100006104,0
2.140877723693848,0
2.141050100326538,0
2.1422135829925537,0
2.1422464847564697,0
2.142454147338867,0
2.143028974533081,0
2.1437108516693115,0
2.162436962127685,0
2.16247034072876,0
2.162548542022705,0
2.182706117630005,0
2.182758331298828,0
2.1827826499938965,0
2.1915884017944336,0
2.197726011276245,0
2.1977431774139404,0
2.1978228092193604,0
2.197844982147217,0
2.2043399810791016,0
2.204398393630981,0
2.204460859298706,0
2.2054622173309326,0
2.2057223320007324,0
2.205772399902344,0
2.210089921951294,0
2.2130823135375977,0
2.2143709659576416,0
2.223346948623657,0
2.223607301712036,0
2.2256176471710205,0
2.2267110347747803,0
2.22673773765564,0
2.226749897003174,0
2.227103471755981,0
2.227120876312256,0
2.227220296859741,0
2.241452932357788,0
2.241475820541382,0
2.24151873588562,0
2.254613876342773,0
2.2546627521514893,0
2.254915475845337,0
2.2561287879943848,0
2.2561593055725098,0
2.2575342655181885,0
2.2575879096984863,0
2.2583706378936768,0
2.260744571685791,0
2.2621405124664307,0
2.262169122695923,0
2.2621824741363525,0
2.265153646469116,0
2.284287452697754,0
2.2843422889709477,0
2.2844252586364746,0
2.28444766998291,0
2.2851099967956543,0
2.285130739212036,0
2.28515100479126,0
2.288868904113769,0
2.28890323638916,0
2.2898178100585938,0
2.3030014038085938,0
2.3030405044555664,0
2.303093910217285,0
2.305760383605957,0
2.3057971000671387,0
2.3059115409851074,0
2.305927276611328,0
2.313895463943481,0
2.31391716003418,0
2.313934564590454,0
2.313936471939087,0
2.321987628936768,0
2.322014808654785,0
2.322202682495117,0
2.3402130603790283,0
2.3402488231658936,0
2.340265989303589,0
2.363154888153076,0
2.363200664520264,0
2.3634941577911377,0
2.385180711746216,0
2.385296583175659,0
2.385317325592041,0
2.393057107925415,0
2.3947482109069824,0
2.3948745727539062,0
2.3949785232543945,0
2.3980562686920166,0
2.3980588912963867,0
2.398071527481079,0
2.4004921913146973,0
2.400635242462158,0
2.401798963546753,0
2.4018383026123047,0
2.4056100845336914,0
2.408043384552002,0
2.408236265182495,0
2.408269166946411,0
2.4207117557525635,0
2.420821189880371,0
2.422094345092773,0
2.422127485275269,0
2.422142505645752,0
2.4228410720825195,0
2.442579746246338,0
2.442621946334839,0
2.442697525024414,0
2.447537899017334,0
2.447549343109131,0
2.447558879852295,0
2.447840452194214,0
2.452887296676636,0
2.452911138534546,0
2.4530630111694336,0
2.454206943511963,0
2.4542267322540283,0
2.455848455429077,0
2.455918788909912,0
2.4626998901367188,0
2.4627273082733154,0
2.462749481201172,0
2.483428239822388,0
2.483468770980835,0
2.483487367630005,0
2.497105360031128,0
2.503730535507202,0
2.503730773925781,0
2.5037834644317627,0
2.522515296936035,0
2.5225515365600586,0
2.522596836090088,0
2.531379222869873,0
2.5316121578216557,0
2.5337064266204834,0
2.533735036849976,0
2.5354554653167725,0
2.535498857498169,0
2.535722255706787,0
2.537139415740967,0
2.542022943496704,0
2.5420515537261963,0
2.5420658588409424,0
2.54543685913086,0
2.545658588409424,0
2.547497272491455,0
2.547511577606201,0
2.5506820678710938,0
2.550697326660156,0
2.550706148147583,0
2.55095648765564,0
2.550978422164917,0
2.550992727279663,0
2.551024436950684,0
2.559570074081421,0
2.559931516647339,0
2.5599660873413086,0
2.561905860900879,0
2.5640697479248047,0
2.583920478820801,0
2.5839602947235107,0
2.583980083465576,0
2.5910933017730717,0
2.603098154067993,0
2.603119134902954,0
2.60316014289856,0
2.6031723022460938,0
2.6039838790893555,0
2.606120347976685,0
2.6065666675567627,0
2.6067185401916504,0
2.606757879257202,0
2.617504596710205,0
2.617520332336426,0
2.617537498474121,0
2.617573976516724,0
2.622173309326172,0
2.622542142868042,0
2.6225600242614746,0
2.6226229667663574,0
2.6239802837371826,0
2.641721487045288,0
2.641724109649658,0
2.641765832901001,0
2.6546099185943604,0
2.65464186668396,0
2.654713630676269,0
2.654736280441284,0
2.6574764251708984,0
2.657477617263794,0
2.657503366470337,0
2.658747434616089,0
2.658806085586548,0
2.661429643630981,0
2.661508560180664,0
2.662311792373657,0
2.663883924484253,0
2.6639175415039062,0
2.6639533042907715,0
2.6677134037017822,0
2.669652223587036,0
2.683845043182373,0
2.6838858127593994,0
2.683929204940796,0
2.6891331672668457,0
2.689171075820923,0
2.6892611980438232,0
2.692858457565308,0
2.692875385284424,0
2.692890882492065,0
2.692959308624268,0
2.7029922008514404,0
2.703047275543213,0
2.7033307552337646,0
2.718329429626465,0
2.724013566970825,0
2.7240688800811768,0
2.724086046218872,0
2.742449283599853,0
2.742478609085083,0
2.742498874664306,0
2.7494113445281982,0
2.74988317489624,0
2.7499704360961914,0
2.749992847442627,0
2.751899242401123,0
2.751914978027344,0
2.75276255607605,0
2.753069877624512,0
2.7530903816223145,0
2.7552473545074463,0
2.7552804946899414,0
2.7576916217803955,0
2.761593580245972,0
2.7616217136383057,0
2.7616353034973145,0
2.7832632064819336,0
2.7835612297058105,0
2.7835853099823,0
2.796926021575928,0
2.7970211505889893,0
2.799600124359131,0
2.7996456623077397,0
2.802032470703125,0
2.803532361984253,0
2.804112911224365,0
2.8041326999664307,0
2.8041486740112305,0
2.804150342941284,0
2.8052046298980717,0
2.8090479373931885,0
2.809113025665283,0
2.8091652393341064,0
2.8102564811706543,0
2.810293436050415,0
2.810310840606689,0
2.8116977214813232,0
2.8117516040802,0
2.821406841278076,0
2.8214452266693115,0
2.821460485458374,0
2.842101573944092,0
2.8421757221221924,0
2.842179536819458,0
2.86298942565918,0
2.863233089447021,0
2.863256931304932,0
2.8632800579071045,0
2.8723950386047363,0
2.872419595718384,0
2.883005380630493,0
2.8830437660217285,0
2.8831629753112797,0
2.883188009262085,0
2.883209705352783,0
2.8832943439483643,0
2.8833167552948,0
2.8870131969451904,0
2.887051820755005,0
2.887241840362549,0
2.8997275829315186,0
2.899765968322754,0
2.9054765701293945,0
2.9055418968200684,0
2.905579090118408,0
2.90576434135437,0
2.90578556060791,0
2.920827865600586,0
2.92712664604187,0
2.9271602630615234,0
2.9271743297576904,0
2.9418959617614746,0
2.9421963691711426,0
2.9422593116760254,0
2.947641611099243,0
2.947678565979004,0
2.947730302810669,0
2.9477527141571045,0
2.951202630996704,0
2.951231002807617,0
2.9517300128936768,0
2.9560084342956543,0
2.9560344219207764,0
2.957936286926269,0
2.957989454269409,0
2.9623982906341557,0
2.962427854537964,0
2.962441682815552,0
2.98274827003479,0
2.9827888011932373,0
2.9828670024871826,0
3.0015485286712646,0
3.003361940383911,0
3.003367185592652,0
3.0034072399139404,0
3.0079188346862797,0
3.007944345474243,0
3.009373426437378,0
3.009408950805664,0
3.0095362663269043,0
3.0095560550689697,0
3.015751838684082,0
3.015799760818481,0
3.015821933746338,0
3.0158934593200684,0
3.0178492069244385,0
3.0225486755371094,0
3.022957801818848,0
3.0231616497039795,0
3.0356321334838867,0
3.036844253540039,0
3.042598962783813,0
3.042634963989258,0
3.042671203613281,0
3.043084144592285,0
3.0435142517089844,0
3.043575525283813,0
3.0435853004455566,0
3.0466396808624268,0
3.0466530323028564,0
3.0470924377441406,0
3.049544095993042,0
3.0495598316192627,0
3.051882743835449,0
3.0519258975982666,0
3.0599145889282227,0
3.059999227523804,0
3.06009578704834,0
3.0601205825805664,0
3.0614728927612305,0
3.0618231296539307,0
3.061907768249512,0
3.06227970123291,0
3.0623106956481934,0
3.0623693466186523,0
3.080009698867798,0
3.080018281936645,0
3.080080270767212,0
3.089301109313965,0
3.100109815597534,0
3.100175380706787,0
3.1068739891052246,0
3.1069586277008057,0
3.1072123050689697,0
3.1072511672973637,0
3.1072540283203125,0
3.10727858543396,0
3.107327461242676,0
3.107457160949707,0
3.107457637786865,0
3.1207730770111084,0
3.1225829124450684,0
3.1226131916046143,0
3.1228365898132324,0
3.140711069107056,0
3.1421494483947754,0
3.1421749591827397,0
3.1421902179718018,0
3.1620240211486816,0
3.162060260772705,0
3.1621220111846924,0
3.170861959457397,0
3.1708967685699463,0
3.1710352897644043,0
3.17104434967041,0
3.173508644104004,0
3.17360782623291,0
3.173630475997925,0
3.176203727722168,0
3.1762502193450928,0
3.1776368618011475,0
3.177708387374878,0
3.1822850704193115,0
3.182322263717652,0
3.1824021339416504,0
3.1926493644714355,0
3.1966590881347656,0
3.203181266784668,0
3.203880548477173,0
3.2042369842529297,0
3.2042698860168457,0
3.209959030151367,0
3.2099626064300537,0
3.210226535797119,0
3.210243225097656,0
3.210314512252808,0
3.210362434387207,0
3.215819358825684,0
3.215864419937134,0
3.2158820629119877,0
3.221468210220337,0
3.221510410308838,0
3.221529483795166,0
3.2339653968811035,0
3.2394227981567383,0
3.2396833896636963,0
3.2397029399871826,0
3.239776611328125,0
3.2437875270843506,0
3.243818759918213,0
3.243831157684326,0
3.246551990509033,0
3.2467191219329834,0
3.2468130588531494,0
3.248001337051392,0
3.248248815536499,0
3.2499783039093018,0
3.2500088214874268,0
3.2638728618621826,0
3.263906717300415,0
3.2639715671539307,0
3.281334638595581,0
3.283367872238159,0
3.2834033966064453,0
3.283447265625,0
3.3022496700286865,0
3.302290201187134,0
3.302405834197998,0
3.311509609222412,0
3.311532020568848,0
3.311583995819092,0
3.311628818511963,0
3.322425127029419,0
3.3226983547210693,0
3.322759866714477,0
3.330427408218384,0
3.330452680587769,0
3.3304648399353027,0
3.334800958633423,0
3.3348207473754883,0
3.3348283767700195,0
3.33483362197876,0
3.337233543395996,0
3.337247133255005,0
3.337261915206909,0
3.337317943572998,0
3.341723918914795,0
3.3417510986328125,0
3.3418102264404297,0
3.3459632396698,0
3.3460123538970947,0
3.346052408218384,0
3.3460819721221924,0
3.3477025032043457,0
3.347705125808716,0
3.3487584590911865,0
3.3498377799987797,0
3.350039005279541,0
3.359477996826172,0
3.3595097064971924,0
3.3595681190490723,0
3.3828017711639404,0
3.3828375339508057,0
3.382931470870972,0
3.387308359146118,0
3.3873438835144043,0
3.3945906162261963,0
3.401963233947754,0
3.4020028114318848,0
3.40258264541626,0
3.42264986038208,0
3.422834873199463,0
3.422858715057373,0
3.42287826538086,0
3.4229469299316406,0
3.4229695796966557,0
3.424279928207397,0
3.4243156909942627,0
3.4243319034576416,0
3.4268839359283447,0
3.427767515182495,0
3.4280028343200684,0
3.428410291671753,0
3.436265230178833,0
3.4362902641296387,0
3.4364230632781982,0
3.437874317169189,0
3.441200494766236,0
3.44214129447937,0
3.442164421081543,0
3.4422740936279297,0
3.442608118057251,0
3.442635059356689,0
3.4426989555358887,0
3.4430105686187744,0
3.4468510150909424,0
3.4468936920166016,0
3.462129592895508,0
3.4621622562408447,0
3.462177276611328,0
3.4695065021514893,0
3.4723124504089355,0
3.474705457687378,0
3.4822723865509038,0
3.482311964035034,0
3.482326030731201,0
3.485869884490967,0
3.48601508140564,0
3.4861502647399902,0
3.486195802688598,0
3.489823341369629,0
3.489884853363037,0
3.490010976791382,0
3.4956698417663574,0
3.5016887187957764,0
3.5017199516296387,0
3.5017735958099365,0
3.522194623947144,0
3.5222902297973637,0
3.5223186016082764,0
3.5299463272094727,0
3.529978036880493,0
3.5299904346466064,0
3.53000283241272,0
3.5328993797302246,0
3.5329160690307617,0
3.53706169128418,0
3.5371155738830566,0
3.537132501602173,0
3.5432043075561523,0
3.5436925888061523,0
3.5449929237365723,0
3.545017719268799,0
3.546027421951294,0
3.5465617179870605,0
3.5465829372406006,0
3.5465850830078125,0
3.546595573425293,0
3.5475993156433105,0
3.5476162433624268,0
3.5477395057678223,0
3.5593926906585693,0
3.559423446655273,0
3.5594677925109863,0
3.5628750324249268,0
3.564326524734497,0
3.58182144165039,0
3.581855773925781,0
3.581931829452514,0
3.5943877696990967,0
3.604409456253052,0
3.604470729827881,0
3.6044936180114746,0
3.604661703109741,0
3.604680776596069,0
3.6046977043151855,0
3.60473370552063,0
3.6048026084899902,0
3.60482120513916,0
3.6059939861297607,0
3.62251091003418,0
3.622553825378418,0
3.622559547424317,0
3.635162115097046,0
3.640112161636353,0
3.6401331424713135,0
3.642343044281006,0
3.642355680465698,0
3.642368316650391,0
3.642414808273315,0
3.6431517601013184,0
3.643202066421509,0
3.643218994140625,0
3.644865512847901,0
3.644886016845703,0
3.644901990890503,0
3.646376132965088,0
3.646411895751953,0
3.648374795913696,0
3.648386001586914,0
3.649094581604004,0
3.655482053756714,0
3.6615517139434814,0
3.6616055965423584,0
3.661656141281128,0
3.6811819076538086,0
3.681211709976196,0
3.6813151836395264,0
3.690538883209229,0
3.698902368545532,0
3.699162244796753,0
3.6991817951202393,0
3.6992146968841553,0
3.7022552490234375,0
3.7022604942321777,0
3.702271938323975,0
3.7023792266845694,0
3.702791452407837,0
3.7215018272399902,0
3.7215287685394287,0
3.72162127494812,0
3.741090297698975,0
3.741117000579834,0
3.741126775741577,0
3.7611470222473145,0
3.761179208755493,0
3.762362957000733,0
3.76406455039978,0
3.781903982162476,0
3.78195071220398,0
3.7819712162017822,0
3.795087575912476,0
3.7951059341430655,0
3.797206878662109,0
3.797240734100342,0
3.7985081672668457,0
3.798560857772827,0
3.798610210418701,0
3.801949977874756,0
3.801983594894409,0
3.80219316482544,0
3.8022844791412354,0
3.802337169647217,0
3.8090391159057617,0
3.8090591430664062,0
3.8091166019439697,0
3.8156754970550537,0
3.8156967163085938,0
3.8159146308898926,0
3.816297292709351,0
3.817263603210449,0
3.8215503692626953,0
3.8221614360809326,0
3.822161912918091,0
3.822186946868897,0
3.822286367416382,0
3.823469400405884,0
3.829075574874878,0
3.829089879989624,0
3.839771270751953,0
3.8398027420043945,0
3.840168476104736,0
3.8519887924194336,0
3.852036476135254,0
3.852072715759277,0
3.852111577987671,0
3.852301359176636,0
3.8523340225219727,0
3.852367877960205,0
3.852439641952514,0
3.852473735809326,0
3.852505922317505,0
3.8525989055633545,0
3.85644268989563,0
3.861490249633789,0
3.8615317344665527,0
3.8615331649780273,0
3.881089210510254,0
3.8819286823272714,0
3.881953239440918,0
3.9011197090148926,0
3.901145696640015,0
3.901156187057495,0
3.910074234008789,0
3.910088539123535,0
3.910168170928955,0
3.910180568695069,0
3.914563417434693,0
3.914572477340698,0
3.914576530456543,0
3.91644024848938,0
3.919633626937866,0
3.92167592048645,0
3.921706438064575,0
3.921716928482056,0
3.932243585586548,0
3.939690589904785,0
3.93975281715393,0
3.939764976501465,0
3.939777851104736,0
3.939838409423828,0
3.939851999282837,0
3.939892053604126,0
3.9399471282958975,0
3.939974069595337,0
3.942992210388184,0
3.9431793689727774,0
3.9433085918426514,0
3.950017213821411,0
3.950028896331787,0
3.9517436027526855,0
3.9537174701690674,0
3.961066246032715,0
3.961095809936523,0
3.9611074924468994,0
3.981584072113037,0
3.9816176891326895,0
3.981619358062744,0
4.0003955364227295,0
4.003362417221069,0
4.003401756286621,0
4.00375509262085,0
4.006132364273071,0
4.006137371063232,0
4.007579326629639,0
4.007580518722534,0
4.007598161697388,0
4.008606195449829,0
4.009560108184815,0
4.009604454040527,0
4.009616851806641,0
4.013131380081177,0
4.024779796600342,0
4.024816274642944,0
4.024863243103027,0
4.034210920333862,0
4.04195237159729,0
4.042462348937988,0
4.042670011520386,0
4.0435404777526855,0
4.043679475784302,0
4.043705940246582,0
4.043734073638916,0
4.043766260147095,0
4.043792724609375,0
4.043851137161255,0
4.043876647949219,0
4.043907642364502,0
4.043955087661743,0
4.043980360031128,0
4.047844648361206,0
4.047845125198364,0
4.047922372817993,0
4.047950029373169,0
4.057770252227783,0
4.057799816131592,0
4.057815074920654,0
4.061064720153809,0
4.0612633228302,0
4.061294794082642,0
4.061385869979858,0
4.065143823623657,0
4.065428972244263,0
4.06564211845398,0
4.065661191940308,0
4.080134868621826,0
4.080170869827271,0
4.080182790756226,0
4.084029674530029,0
4.084052085876465,0
4.084065675735474,0
4.086123466491699,0
4.10112738609314,0
4.101156949996948,0
4.101601839065552,0
4.106897592544556,0
4.106913805007935,0
4.106959342956543,0
4.10934329032898,0
4.109439373016357,0
4.1094725131988525,0
4.110234260559082,0
4.11030125617981,0
4.111161231994629,0
4.126534700393677,0
4.12656307220459,0
4.12657356262207,0
4.141031980514526,0
4.141064405441284,0
4.141107559204102,0
4.148288726806641,0
4.148342847824097,0
4.151540279388428,0
4.151866674423218,0
4.152549505233765,0
4.156988143920898,0
4.157015085220337,0
4.157027006149292,0
4.157041311264038,0
4.162197589874268,0
4.162204265594482,0
4.162230968475342,0
4.162301540374756,0
4.162335634231567,0
4.162414789199829,0
4.182166814804077,0
4.18220591545105,0
4.182215929031372,0
4.18340539932251,0
4.202106475830078,0
4.202214002609253,0
4.202263593673706,0
4.203195095062256,0
4.20323634147644,0
4.204352617263794,0
4.204388380050659,0
4.204405069351196,0
4.204428434371948,0
4.221755743026733,0
4.22177529335022,0
4.221839427947998,0
4.22359037399292,0
4.2236058712005615,0
4.223607540130615,0
4.223674774169922,0
4.241024971008301,0
4.241052865982056,0
4.241113424301148,0
4.251489639282227,0
4.252707958221436,0
4.25279974937439,0
4.2546703815460205,0
4.254685163497925,0
4.255616903305054,0
4.262041807174683,0
4.2620689868927,0
4.262107610702515,0
4.273508548736572,0
4.27386474609375,0
4.274136066436768,0
4.274277448654175,0
4.2767064571380615,0
4.2770655155181885,0
4.277193307876587,0
4.277657985687256,0
4.277796506881714,0
4.277809143066406,0
4.27781343460083,0
4.277819395065308,0
4.27823281288147,0
4.278258323669434,0
4.280993938446045,0
4.28102970123291,0
4.281039237976074,0
4.299957752227783,0
4.299984931945801,0
4.299994707107544,0
4.30721926689148,0
4.321113586425781,0
4.321140289306641,0
4.321150541305542,0
4.3328001499176025,0
4.3328258991241455,0
4.332840442657471,0
4.334155559539795,0
4.336415529251099,0
4.336994886398315,0
4.33715558052063,0
4.341318368911743,0
4.341333389282227,0
4.341342687606812,0
4.365241527557373,0
4.365411996841431,0
4.36855936050415,0
4.368577480316162,0
4.368601799011231,0
4.368652820587158,0
4.368701457977295,0
4.369941711425781,0
4.381371259689331,0
4.381438732147217,0
4.381562232971191,0
4.402761220932007,0
4.402795076370239,0
4.403273582458496,0
4.403366804122925,0
4.403381586074829,0
4.4034583568573,0
4.403495788574219,0
4.403545379638672,0
4.403564691543579,0
4.405375242233276,0
4.4053943157196045,0
4.405425310134888,0
4.406639575958252,0
4.408042192459106,0
4.411824941635132,0
4.418014049530029,0
4.419416427612305,0
4.419462442398071,0
4.419506072998047,0
4.421297311782837,0
4.421327829360962,0
4.421365737915039,0
4.424318552017212,0
4.42434549331665,0
4.42435622215271,0
4.440966606140137,0
4.440995216369629,0
4.441097497940064,0
4.44254994392395,0
4.442650318145752,0
4.443996429443359,0
4.444040775299072,0
4.444909334182739,0
4.461319923400879,0
4.461344957351685,0
4.46188235282898,0
4.482717514038086,0
4.482748508453369,0
4.482772588729858,0
4.482911348342896,0
4.48418664932251,0
4.48421573638916,0
4.489877462387085,0
4.489970684051514,0
4.489987850189209,0
4.490062713623047,0
4.501036643981934,0
4.501075506210327,0
4.501111268997192,0
4.51384711265564,0
4.5232555866241455,0
4.523269414901733,0
4.523324489593506,0
4.523397445678711,0
4.523459434509277,0
4.523568868637085,0
4.523584842681885,0
4.529445171356201,0
4.529467582702637,0
4.529475450515747,0
4.529479026794434,0
4.5294952392578125,0
4.529530048370361,0
4.529545783996582,0
4.5296125411987305,0
4.529649019241333,0
4.529712438583374,0
4.539520978927612,0
4.53956413269043,0
4.539575576782227,0
4.555301666259766,0
4.555328369140625,0
4.557012557983398,0
4.557056188583374,0
4.559973478317261,0
4.561860084533691,0
4.561891555786133,0
4.561905145645142,0
4.565246820449829,0
4.565274715423584,0
4.56528639793396,0
4.565288305282593,0
4.568291664123535,0
4.568439960479736,0
4.568465709686279,0
4.569523334503174,0
4.581731557846069,0
4.581761360168457,0
4.581955909729004,0
4.593852996826172,0
4.59476900100708,0
4.600358724594116,0
4.6003947257995605,0
4.603187561035156,0
4.603222370147705,0
4.603239059448242,0
4.605500936508179,0
4.605514526367188,0
4.605531930923462,0
4.605538606643677,0
4.6090309619903564,0
4.609295129776001,0
4.609473466873169,0
4.622470617294312,0
4.622508049011231,0
4.622559070587158,0
4.639837026596069,0
4.641432523727417,0
4.643666505813599,0
4.643698215484619,0
4.643771171569824,0
4.644939422607422,0
4.644968032836914,0
4.65827226638794,0
4.661736011505127,0
4.661765575408936,0
4.661824703216553,0
4.6818273067474365,0
4.681868553161621,0
4.681938171386719,0
4.68996787071228,0
4.68999719619751,0
4.690015554428101,0
4.690068244934082,0
4.694437980651856,0
4.694484233856201,0
4.694733381271362,0
4.698678970336914,0
4.6986963748931885,0
4.698776245117188,0
4.704744577407837,0
4.704760313034058,0
4.704862594604492,0
4.718536138534546,0
4.718573093414307,0
4.7185914516448975,0
4.718651294708252,0
4.734631061553955,0
4.734698295593262,0
4.734710454940796,0
4.735749959945679,0
4.735771417617798,0
4.73676347732544,0
4.742704153060913,0
4.74273943901062,0
4.743281126022339,0
4.743321657180786,0
4.743357419967651,0
4.744173765182495,0
4.744200706481934,0
4.757711172103882,0
4.763785362243652,0
4.763874053955078,0
4.763895988464356,0
4.783275365829468,0
4.783309459686279,0
4.78331184387207,0
4.801417350769043,0
4.801449537277222,0
4.801765203475952,0
4.802119493484497,0
4.80255126953125,0
4.802583456039429,0
4.802598237991333,0
4.806719541549683,0
4.806729316711426,0
4.806764364242554,0
4.808955669403076,0
4.808977842330933,0
4.808989763259888,0
4.809001684188843,0
4.811208486557007,0
4.811318635940552,0
4.811336994171143,0
4.811455726623535,0
4.817622661590576,0
4.817638158798218,0
4.819592952728272,0
4.819608926773071,0
4.819620847702026,0
4.819634437561035,0
4.822964668273926,0
4.823052644729614,0
4.82546591758728,0
4.825573682785034,0
4.825574398040772,0
4.825587034225464,0
4.83046555519104,0
4.832143545150757,0
4.834859848022461,0
4.834918022155762,0
4.83756160736084,0
4.83761191368103,0
4.841227293014526,0
4.841249942779541,0
4.841288328170776,0
4.85804009437561,0
4.8613762855529785,0
4.861649036407471,0
4.862096786499023,0
4.882140874862671,0
4.882165431976318,0
4.882177829742432,0
4.888680458068848,0
4.888700246810913,0
4.888886213302612,0
4.88895320892334,0
4.891952276229858,0
4.89197039604187,0
4.8922202587127686,0
4.8938148021698,0
4.900683641433716,0
4.900712013244629,0
4.900723457336426,0
4.908390283584595,0
4.908402442932129,0
4.90854024887085,0
4.909117698669434,0
4.911482334136963,0
4.911617279052734,0
4.911728143692017,0
4.913012504577637,0
4.919709205627441,0
4.9230382442474365,0
4.923065423965454,0
4.9285852909088135,0
4.940486431121826,0
4.940600395202637,0
4.940614461898804,0
4.940638065338135,0
4.944985389709473,0
4.945096731185913,0
4.945108890533447,0
4.958874225616455,0
4.961155891418457,0
4.961173057556152,0
4.961240291595459,0
4.981648921966553,0
4.9816811084747314,0
4.981743574142456,0
4.999950647354126,0
4.999953985214233,0
5.000834703445435,0
5.0008628368377686,0
5.003636837005615,0
5.003654479980469,0
5.005409717559815,0
5.005463600158691,0
5.008370161056519,0
5.008402109146118,0
5.021821260452271,0
5.021856069564819,0
5.021893262863159,0
5.0244011878967285,0
5.0294835567474365,0
5.029689073562622,0
5.030742406845093,0
5.030784130096436,0
5.030844688415527,0
5.031120538711548,0
5.033271551132202,0
5.033326625823975,0
5.03334641456604,0
5.03573203086853,0
5.044255495071411,0
5.044282674789429,0
5.044300317764282,0
5.048031806945801,0
5.048048257827759,0
5.048059463500977,0
5.048070907592773,0
5.04888129234314,0
5.048910617828369,0
5.04894757270813,0
5.048964023590088,0
5.048965692520142,0
5.052809953689575,0
5.052846908569336,0
5.059359550476074,0
5.060564279556274,0
5.060593366622925,0
5.06073522567749,0
5.080774784088135,0
5.080803394317627,0
5.080810546875,0
5.10076642036438,0
5.100825071334839,0
5.100841283798218,0
5.110639810562134,0
5.110662698745728,0
5.110739707946777,0
5.111234426498413,0
5.111661911010742,0
5.113745927810669,0
5.113762378692627,0
5.113816261291504,0
5.115761041641235,0
5.11655592918396,0
5.1209557056427,0
5.120983839035034,0
5.1209938526153564,0
5.123313188552856,0
5.123341083526611,0
5.125092506408691,0
5.125101089477539,0
5.12705659866333,0
5.139216184616089,0
5.139538526535034,0
5.139559984207153,0
5.139572858810425,0
5.146521329879761,0
5.146953582763672,0
5.146975517272949,0
5.161027669906616,0
5.161689043045044,0
5.161712884902954,0
5.168363809585571,0
5.168390274047852,0
5.168444871902466,0
5.169814109802246,0
5.171713829040527,0
5.180923461914063,0
5.180935382843018,0
5.1809492111206055,0
5.182592391967773,0
5.201743841171265,0
5.201827526092529,0
5.2018773555755615,0
5.206652879714966,0
5.206727504730225,0
5.20854377746582,0
5.208561658859253,0
5.210844039916992,0
5.211196184158325,0
5.21163535118103,0
5.2116639614105225,0
5.212099075317383,0
5.222569227218628,0
5.222632169723511,0
5.222669839859009,0
5.233744621276856,0
5.237844705581665,0
5.2378575801849365,0
5.237861394882202,0
5.237915277481079,0
5.239453315734863,0
5.239502906799316,0
5.239558458328247,0
5.241403102874756,0
5.241420269012451,0
5.242993116378784,0
5.243019819259644,0
5.245089292526245,0
5.245112657546997,0
5.245128393173218,0
5.262348413467407,0
5.262380361557007,0
5.262383699417114,0
5.262394189834595,0
5.262550115585327,0
5.262583017349243,0
5.262605905532837,0
5.281009674072266,0
5.281034469604492,0
5.281201601028442,0
5.287250518798828,0
5.28742790222168,0
5.28745436668396,0
5.287471294403076,0
5.292418241500855,0
5.292443037033081,0
5.293767929077148,0
5.293840646743774,0
5.299336194992065,0
5.299363374710083,0
5.299420118331909,0
5.307085275650024,0
5.307108640670776,0
5.30733060836792,0
5.307930707931519,0
5.312820672988892,0
5.318239688873291,0
5.321038007736206,0
5.32104229927063,0
5.3210768699646,0
5.340869665145874,0
5.341585397720337,0
5.342076063156128,0
5.344161987304688,0
5.344177961349487,0
5.344189643859863,0
5.344440698623657,0
5.345194339752197,0
5.345219135284424,0
5.345253467559815,0
5.36060643196106,0
5.360632419586182,0
5.360875606536865,0
5.360893249511719,0
5.360903978347778,0
5.362451791763306,0
5.362508773803711,0
5.381206035614014,0
5.381235599517822,0
5.381272792816162,0
5.382230758666992,0
5.4013283252716064,0
5.4013636112213135,0
5.401419162750244,0
5.40898585319519,0
5.4089977741241455,0
5.4102864265441895,0
5.410300970077515,0
5.410402297973633,0
5.410416841506958,0
5.4130165576934814,0
5.413044214248657,0
5.4130494594573975,0
5.421653747558594,0
5.421684503555298,0
5.421698570251465,0
5.434478998184204,0
5.441826105117798,0
5.441878080368042,0
5.442031621932983,0
5.446464776992798,0
5.4464805126190186,0
5.446583032608032,0
5.446592092514038,0
5.448972702026367,0
5.448990106582642,0
5.449171543121338,0
5.449188470840454,0
5.449212312698364,0
5.450443267822266,0
5.4504783153533936,0
5.460790157318115,0
5.460888862609863,0
5.463813781738281,0
5.465262174606323,0
5.483245134353638,0
5.48327374458313,0
5.4832868576049805,0
5.499331712722778,0
5.499346256256104,0
5.499385356903076,0
5.5015082359313965,0
5.501510858535767,0
5.501520156860352,0
5.501853704452515,0
5.501863956451416,0
5.501873254776001,0
5.50232195854187,0
5.503853797912598,0
5.503880500793457,0
5.503890037536621,0
5.503899097442627,0
5.505210638046265,0
5.505227565765381,0
5.505242109298706,0
5.50899076461792,0
5.514167308807373,0
5.514188289642334,0
5.514214277267456,0
5.514256238937378,0
5.515295743942261,0
5.51533579826355,0
5.515350580215454,0
5.519538879394531,0
5.5195395946502686,0
5.519566059112549,0
5.543380260467529,0
5.543383598327637,0
5.543406963348389,0
5.560734987258911,0
5.560763835906982,0
5.560816764831543,0
5.567476987838745,0
5.567493677139282,0
5.568738698959351,0
5.568742990493774,0
5.569454669952393,0
5.581407308578491,0
5.58142876625061,0
5.581434965133667,0
5.6016950607299805,0
5.60172700881958,0
5.601792573928833,0
5.602391004562378,0
5.602443218231201,0
5.602481842041016,0
5.602521896362305,0
5.609929800033569,0
5.609941959381104,0
5.609954595565796,0
5.609966516494751,0
5.609980821609497,0
5.610269069671631,0
5.6149232387542725,0
5.614938259124756,0
5.620753049850464,0
5.620821952819824,0
5.620870590209961,0
5.634153604507446,0
5.634180307388306,0
5.6344640254974365,0
5.634488821029663,0
5.638039350509644,0
5.638380765914917,0
5.638555526733398,0
5.638810634613037,0
5.640909910202026,0
5.641042947769165,0
5.641326904296875,0
5.6415557861328125,0
5.648930788040161,0
5.649060249328613,0
5.649097442626953,0
5.649115324020386,0
5.649833917617798,0
5.660874366760254,0
5.660902976989746,0
5.660906553268433,0
5.667466878890991,0
5.667489528656006,0
5.667503118515015,0
5.667557239532471,0
5.669457912445068,0
5.669480323791504,0
5.669646739959717,0
5.669873952865601,0
5.681366920471191,0
5.681650638580322,0
5.681683778762817,0
5.683853387832642,0
5.685580492019653,0
5.700476169586182,0
5.700534105300903,0
5.700550556182861,0
5.7076146602630615,0
5.707741975784302,0
5.707832336425781,0
5.708489656448364,0
5.713112592697144,0
5.713510751724243,0
5.713641166687012,0
5.714161396026611,0
5.714425563812256,0
5.714527130126953,0
5.714824438095093,0
5.715209484100342,0
5.715224504470825,0
5.71523904800415,0
5.721649169921875,0
5.7216637134552,0
5.721680879592896,0
5.739885568618774,0
5.739916801452637,0
5.739927530288696,0
5.744829893112183,0
5.744927167892456,0
5.74655294418335,0
5.746740102767944,0
5.747577428817749,0
5.76086950302124,0
5.760896444320679,0
5.760938882827759,0
5.780691862106323,0
5.78110671043396,0
5.781169414520264,0
5.798828363418579,0
5.798853635787964,0
5.798868894577026,0
5.798883676528931,0
5.803660869598389,0
5.8036932945251465,0
5.803695440292358,0
5.804376840591431,0
5.804396867752075,0
5.804840564727783,0
5.806218862533569,0
5.8111772537231445,0
5.811208486557007,0
5.81220006942749,0
5.8122148513793945,0
5.812736034393311,0
5.812765598297119,0
5.817713022232056,0
5.817730903625488,0
5.818055629730225,0
5.821002244949341,0
5.821036100387573,0
5.821101427078247,0
5.841022729873657,0
5.841025114059448,0
5.841028451919556,0
5.843438148498535,0
5.843457221984863,0
5.847594976425171,0
5.847612619400024,0
5.848628520965576,0
5.861490488052368,0
5.861490726470947,0
5.861529350280762,0
5.882875442504883,0
5.882892847061157,0
5.882903099060059,0
5.891157150268555,0
5.8911683559417725,0
5.891261577606201,0
5.891276597976685,0
5.896146297454834,0
5.897156715393066,0
5.897181034088135,0
5.900935173034668,0
5.901426553726196,0
5.901448488235474,0
5.901649475097656,0
5.902617931365967,0
5.91478967666626,0
5.920459270477295,0
5.920483827590942,0
5.920640468597412,0
5.940625905990601,0
5.940738677978516,0
5.940754413604736,0
5.956834316253662,0
5.956851482391357,0
5.956858158111572,0
5.957005023956299,0
5.961140155792236,0
5.9611687660217285,0
5.961177110671997,0
5.961205959320068,0
5.961608171463013,0
5.961689710617065,0
5.962645053863525,0
5.962673902511597,0
5.963667869567871,0
5.963680267333984,0
5.96441912651062,0
5.969523191452026,0
5.9707112312316895,0
5.9707629680633545,0
5.970778465270996,0
5.970963001251221,0
5.970978498458862,0
5.97102689743042,0
5.980478286743164,0
5.980503797531128,0
5.980535268783569,0
6.001816511154175,0
6.00184440612793,0
6.001894950866699,0
6.003229379653931,0
6.003252029418945,0
6.003385066986084,0
6.003484487533569,0
6.005905151367188,0
6.005934476852417,0
6.00595235824585,0
6.007345199584961,0
6.017072916030884,0
6.017086982727051,0
6.019446134567261,0
6.019509077072144,0
6.019526720046997,0
6.035544872283936,0
6.035576820373535,0
6.035722017288208,0
6.035741329193115,0
6.03965163230896,0
6.039682149887085,0
6.039685010910034,0
6.04180645942688,0
6.04183292388916,0
6.041863679885864,0
6.045248031616211,0
6.045251846313477,0
6.045661211013794,0
6.051035165786743,0
6.051063537597656,0
6.053259611129761,0
6.053283929824829,0
6.053415298461914,0
6.062100172042847,0
6.062124252319336,0
6.062129259109497,0
6.065515995025635,0
6.065540552139282,0
6.065551519393921,0
6.065566301345825,0
6.066703796386719,0
6.067043781280518,0
6.067267417907715,0
6.081006050109863,0
6.0810463428497314,0
6.081087112426758,0
6.0825300216674805,0
6.10059118270874,0
6.1006999015808105,0
6.100743293762207,0
6.103797912597656,0
6.103820562362671,0
6.103830814361572,0
6.10384202003479,0
6.106545925140381,0
6.106559991836548,0
6.107455015182495,0
6.1228508949279785,0
6.123018741607666,0
6.123094081878662,0
6.143894910812378,0
6.143923044204712,0
6.143937110900879,0
6.16061282157898,0
6.160613059997559,0
6.160644292831421,0
6.180996894836426,0
6.181032180786133,0
6.181084632873535,0
6.187763929367065,0
6.187789916992188,0
6.189493894577026,0
6.189494609832764,0
6.19019889831543,0
6.203045845031738,0
6.2030909061431885,0
6.203136205673218,0
6.22173285484314,0
6.221744537353516,0
6.221794605255127,0
6.224987268447876,0
6.225006341934204,0
6.226293087005615,0
6.226309061050415,0
6.226381301879883,0
6.22645902633667,0
6.228185892105103,0
6.228203773498535,0
6.228256464004517,0
6.241009950637817,0
6.241025924682617,0
6.241194248199463,0
6.250566959381104,0
6.251584529876709,0
6.253503322601318,0
6.256965637207031,0
6.256985902786255,0
6.256998538970947,0
6.2570130825042725,0
6.258352518081665,0
6.261806488037109,0
6.261828184127808,0
6.261983633041382,0
6.262002944946289,0
6.262915372848511,0
6.262926816940308,0
6.262953519821167,0
6.264693260192871,0
6.264713525772095,0
6.266661882400513,0
6.279525995254517,0
6.279565095901489,0
6.279580116271973,0
6.291295766830444,0
6.293819189071655,0
6.293842315673828,0
6.294010877609253,0
6.2956156730651855,0
6.295633554458618,0
6.295649528503418,0
6.296326398849487,0
6.298074245452881,0
6.301198959350586,0
6.30122971534729,0
6.301334381103516,0
6.315929889678955,0
6.321670293807983,0
6.321727275848389,0
6.321797132492065,0
6.341461896896362,0
6.34200382232666,0
6.342039346694946,0
6.365569829940796,0
6.365607976913452,0
6.365657091140747,0
6.365724086761475,0
6.365746974945068,0
6.365836381912232,0
6.365857839584351,0
6.365922451019287,0
6.366134405136108,0
6.367587089538574,0
6.3813910484313965,0
6.381426572799683,0
6.381442308425903,0
6.389854431152344,0
6.389893054962158,0
6.391460418701172,0
6.391482353210449,0
6.392413854598999,0
6.4014105796813965,0
6.401446342468262,0
6.401534557342529,0
6.402446746826172,0
6.419438600540161,0
6.419474363327026,0
6.4218292236328125,0
6.421933650970459,0
6.422109127044678,0
6.444727897644043,0
6.444973945617676,0
6.445669174194336,0
6.446056604385376,0
6.446079254150391,0
6.446088075637817,0
6.446105241775513,0
6.449332475662232,0
6.449354887008667,0
6.449370622634888,0
6.451517820358276,0
6.451549530029297,0
6.460746765136719,0
6.461130380630493,0
6.4611639976501465,0
6.471293210983276,0
6.471349239349365,0
6.472844123840332,0
6.47911810874939,0
6.479246377944946,0
6.47929048538208,0
6.479312181472778,0
6.482026100158691,0
6.482446670532227,0
6.482465505599976,0
6.484620094299316,0
6.4846351146698,0
6.484740972518921,0
6.48615026473999,0
6.486173152923584,0
6.486177921295166,0
6.486217737197876,0
6.489204406738281,0
6.48940896987915,0
6.489647626876831,0
6.499587774276733,0
6.499622344970703,0
6.49963641166687,0
6.5055108070373535,0
6.511169910430908,0
6.5111916065216064,0
6.512460947036743,0
6.512495517730713,0
6.517331123352051,0
6.517374753952026,0
6.517454624176025,0
6.521180152893066,0
6.521268367767334,0
6.521280527114868,0
6.535996913909912,0
6.541748762130737,0
6.541780948638916,0
6.541799545288086,0
6.542301416397095,0
6.546674489974976,0
6.546935796737671,0
6.54901647567749,0
6.549034833908081,0
6.552387475967407,0
6.560815572738648,0
6.560843706130981,0
6.560856580734253,0
6.571888208389282,0
6.571909427642822,0
6.571921110153198,0
6.5719640254974365,0
6.577977895736694,0
6.578238248825073,0
6.578266382217407,0
6.578792333602905,0
6.580557823181152,0
6.580580711364746,0
6.580591201782227,0
6.589606761932373,0
6.589736700057983,0
6.589755535125732,0
6.589885234832764,0
6.5922698974609375,0
6.592315912246704,0
6.592358112335205,0
6.592700481414795,0
6.601478815078735,0
6.601521015167236,0
6.603833913803101,0
6.608972549438477,0
6.609883546829224,0
6.619285821914673,0
6.619728326797485,0
6.621466875076294,0
6.622039556503296,0
6.622075080871582,0
6.622153997421265,0
6.623189449310303,0
6.623225212097168,0
6.623809099197388,0
6.637489795684815,0
6.63753080368042,0
6.638184070587158,0
6.64243221282959,0
6.642471790313721,0
6.642492294311523,0
6.664177656173706,0
6.664214134216309,0
6.66423225402832,0
6.66439151763916,0
6.664451837539673,0
6.6645495891571045,0
6.664570093154907,0
6.681952714920044,0
6.682500123977661,0
6.682523965835571,0
6.682577133178711,0
6.700643062591553,0
6.700685024261475,0
6.714965105056763,0
6.714967489242554,0
6.714995384216309,0
6.7150068283081055,0
6.7213454246521,0
6.721492528915405,0
6.721509695053101,0
6.721578598022461,0
6.721593141555786,0
6.721643447875977,0
6.726116418838501,0
6.72614336013794,0
6.726153373718262,0
6.726162672042847,0
6.727283000946045,0
6.727307319641113,0
6.72737455368042,0
6.728066921234131,0
6.7400641441345215,0
6.740089178085327,0
6.760385036468506,0
6.760413408279419,0
6.760424852371216,0
6.767424821853638,0
6.767438650131226,0
6.76747727394104,0
6.7675087451934814,0
6.770287990570068,0
6.770332098007202,0
6.770348787307739,0
6.771439552307129,0
6.771443843841553,0
6.772857427597046,0
6.773007392883301,0
6.780634880065918,0
6.780750274658203,0
6.780804395675659,0
6.800628423690796,0
6.800664186477661,0
6.800668954849243,0
6.800677299499512,0
6.80364465713501,0
6.80367112159729,0
6.803680896759033,0
6.803685665130615,0
6.805968523025513,0
6.806005239486694,0
6.8060386180877686,0
6.806095123291016,0
6.809335947036743,0
6.82095193862915,0
6.821451187133789,0
6.821481227874756,0
6.82489538192749,0
6.841902732849121,0
6.841953277587891,0
6.842021465301514,0
6.861004829406738,0
6.86103630065918,0
6.861048221588135,0
6.8782594203948975,0
6.878271818161011,0
6.878302097320557,0
6.878342390060425,0
6.878458499908447,0
6.878473997116089,0
6.878482818603516,0
6.878486633300781,0
6.878513813018799,0
6.880630970001221,0
6.8806586265563965,0
6.880769491195679,0
6.880786895751953,0
6.884927034378052,0
6.8850417137146,0
6.885052919387817,0
6.887967586517334,0
6.900951385498047,0
6.900978326797485,0
6.901009798049927,0
6.921256303787232,0
6.921495676040649,0
6.921518087387085,0
6.941018342971802,0
6.941032886505127,0
6.941045045852661,0
6.955403089523315,0
6.955811977386475,0
6.955834865570068,0
6.9558515548706055,0
6.959954500198364,0
6.9599785804748535,0
6.960001468658447,0
6.960969924926758,0
6.961010694503784,0
6.961024522781372,0
6.965616941452026,0
6.968642711639404,0
6.973146677017212,0
6.976801872253418,0
6.976829051971436,0
6.9779486656188965,0
6.978008985519409,0
6.980192184448242,0
6.980201005935669,0
6.980272531509399,0
7.000500440597534,0
7.00054931640625,0
7.000617504119873,0
7.000633239746094,0
7.000666618347168,0
7.000705242156982,0
7.001598834991455,0
7.002959966659546,0
7.002995252609253,0
7.003109693527222,0
7.003763914108276,0
7.006914377212524,0
7.006943464279175,0
7.00791072845459,0
7.007939100265503,0
7.007983207702637,0
7.008021354675293,0
7.01941704750061,0
7.019421577453613,0
7.019454717636108,0
7.026466608047485,0
7.026571750640869,0
7.026700496673584,0
7.027631044387817,0
7.030277729034424,0
7.033916711807251,0
7.033942222595215,0
7.033960580825806,0
7.033977746963501,0
7.041798114776611,0
7.041839599609375,0
7.046653032302856,0
7.047415494918823,0
7.047748565673828,0
7.049078464508057,0
7.049363136291504,0
7.058534145355225,0
7.058676481246948,0
7.058942079544067,0
7.058956861495972,0
7.059064149856567,0
7.060800075531006,0
7.060818195343018,0
7.060828447341919,0
7.064361572265625,0
7.0652148723602295,0
7.066202878952026,0
7.066413640975952,0
7.0690436363220215,0
7.069118022918701,0
7.069174766540527,0
7.080801486968994,0
7.080832242965698,0
7.0808422565460205,0
7.100286722183228,0
7.100313186645508,0
7.100323438644409,0
7.105586767196655,0
7.110321760177612,0
7.110345840454102,0
7.111937522888184,0
7.112064361572266,0
7.112090826034546,0
7.112094879150391,0
7.112104415893555,0
7.120318651199341,0
7.120346307754517,0
7.120356798171997,0
7.140583038330078,0
7.140820503234863,0
7.140843868255615,0
7.151277780532837,0
7.151304721832275,0
7.155366897583008,0
7.155391693115234,0
7.159578561782837,0
7.160448789596558,0
7.160472393035889,0
7.160483121871948,0
7.167811393737793,0
7.16796088218689,0
7.167979955673218,0
7.168006181716919,0
7.169868230819702,0
7.169909715652466,0
7.169924020767212,0
7.180320978164673,0
7.180362701416016,0
7.180376529693604,0
7.18742036819458,0
7.187449216842651,0
7.187467098236084,0
7.187734603881836,0
7.189410448074341,0
7.189549446105957,0
7.189651012420654,0
7.190447807312012,0
7.199374437332153,0
7.199388742446899,0
7.199425935745239,0
7.209329605102539,0
7.209378719329834,0
7.211524724960327,0
7.211560010910034,0
7.211576700210571,0
7.211630821228027,0
7.211712121963501,0
7.211751699447632,0
7.2117908000946045,0
7.221133708953857,0
7.22133994102478,0
7.221368312835693,0
7.221383094787598,0
7.221395492553711,0
7.221410274505615,0
7.221429586410522,0
7.238591432571411,0
7.244207382202148,0
7.244246244430542,0
7.244260787963867,0
7.260774850845337,0
7.261108160018921,0
7.261135578155518,0
7.270850896835327,0
7.270879745483398,0
7.270925521850586,0
7.271466016769409,0
7.274265050888061,0
7.274287462234497,0
7.274302959442139,0
7.274997472763061,0
7.275940179824829,0
7.28075385093689,0
7.280779361724853,0
7.280849456787109,0
7.300684690475464,0
7.300713062286377,0
7.300724983215332,0
7.301365613937378,0
7.320223808288574,0
7.320245981216431,0
7.320251703262329,0
7.322389125823975,0
7.322401285171509,0
7.322411775588989,0
7.322423219680786,0
7.330078363418579,0
7.330090284347534,0
7.330162763595581,0
7.331603765487671,0
7.340394973754883,0
7.340422868728638,0
7.340432643890381,0
7.350580930709839,0
7.350618839263916,0
7.350690603256226,0
7.360289096832275,0
7.360314607620239,0
7.36032509803772,0
7.380259275436401,0
7.380289077758789,0
7.380295276641846,0
7.383768320083618,0
7.38381028175354,0
7.384572744369507,0
7.40153169631958,0
7.40156102180481,0
7.4015727043151855,0
7.412064075469971,0
7.412075996398926,0
7.412086725234985,0
7.4138524532318115,0
7.41387939453125,0
7.413891792297363,0
7.416832208633423,0
7.417182683944702,0
7.417182922363281,0
7.422053337097168,0
7.422086715698242,0
7.422099590301514,0
7.432818412780762,0
7.433501243591309,0
7.442539930343628,0
7.44255805015564,0
7.442721843719482,0
7.460272789001465,0
7.460301399230957,0
7.460333347320557,0
7.475435972213745,0
7.477833271026611,0
7.477848768234253,0
7.477859258651733,0
7.477893114089966,0
7.4793994426727295,0
7.479413509368896,0
7.479954719543457,0
7.4803712368011475,0
7.480386972427368,0
7.480397939682007,0
7.4812092781066895,0
7.481222629547119,0
7.482386589050293,0
7.482419013977051,0
7.487702131271362,0
7.487717866897583,0
7.487729787826538,0
7.487869501113892,0
7.490389347076416,0
7.490862846374512,0
7.491512775421143,0
7.493511199951172,0
7.499555587768555,0
7.49958348274231,0
7.4996044635772705,0
7.51867151260376,0
7.518682241439819,0
7.518693208694458,0
7.518704891204834,0
7.5214760303497314,0
7.521518707275391,0
7.521564483642578,0
7.523055553436279,0
7.523099899291992,0
7.523464202880859,0
7.540436267852783,0
7.54046368598938,0
7.5404884815216064,0
7.5487060546875,0
7.548706293106079,0
7.553340196609497,0
7.553396463394165,0
7.553438663482666,0
7.56027626991272,0
7.5603063106536865,0
7.560317277908325,0
7.5635340213775635,0
7.563555717468262,0
7.563567161560059,0
7.563622713088989,0
7.565573692321777,0
7.565600633621216,0
7.565916061401367,0
7.580310821533203,0
7.580335855484009,0
7.580393314361572,0
7.582435846328735,0
7.600661039352417,0
7.600692749023437,0
7.600853204727173,0
7.610067129135132,0
7.610108375549316,0
7.61058497428894,0
7.610615253448486,0
7.610663652420044,0
7.610703945159912,0
7.612443685531616,0
7.612476825714111,0
7.613152265548706,0
7.616602659225464,0
7.617260694503784,0
7.620545864105225,0
7.620547294616699,0
7.620581150054932,0
7.637050628662109,0
7.63742184638977,0
7.642145156860352,0
7.642232179641724,0
7.642249822616577,0
7.6581714153289795,0
7.669631242752075,0
7.66968846321106,0
7.669707775115967,0
7.681146383285522,0
7.681174993515015,0
7.681196689605713,0
7.688322305679321,0
7.691066980361938,0
7.691124677658081,0
7.691147804260254,0
7.691350221633911,0
7.69139552116394,0
7.6914026737213135,0
7.692466259002685,0
7.692490816116333,0
7.692505121231079,0
7.692612171173096,0
7.700810432434082,0
7.700912714004517,0
7.700937747955322,0
7.70164680480957,0
7.701681852340698,0
7.701703786849976,0
7.702499389648437,0
7.719632387161255,0
7.719675540924072,0
7.719813823699951,0
7.736802101135254,0
7.737258195877075,0
7.738898992538452,0
7.738949060440063,0
7.741542339324951,0
7.741560697555542,0
7.74157977104187,0
7.743333339691162,0
7.747026205062866,0
7.747079610824585,0
7.748357772827148,0
7.748389482498169,0
7.7491819858551025,0
7.749364852905273,0
7.755964040756226,0
7.755980730056763,0
7.75754714012146,0
7.760473728179932,0
7.7609782218933105,0
7.761074542999268,0
7.780717372894287,0
7.780752897262573,0
7.780818462371826,0
7.801299571990967,0
7.801344871520996,0
7.804626703262329,0
7.806421756744385,0
7.806425333023071,0
7.806486845016479,0
7.808099508285522,0
7.808618545532227,0
7.808690547943115,0
7.808812379837036,0
7.809680223464966,0
7.8129143714904785,0
7.812949895858765,0
7.814089298248291,0
7.814102411270142,0
7.8141162395477295,0
7.817735910415649,0
7.819507122039795,0
7.819525957107544,0
7.8198401927948,0
7.821572303771973,0
7.822088718414307,0
7.8220906257629395,0
7.822458505630493,0
7.827056407928467,0
7.829704523086548,0
7.830254316329956,0
7.837987184524536,0
7.838189125061035,0
7.84009861946106,0
7.840146064758301,0
7.8424437046051025,0
7.842480897903442,0
7.842499256134033,0
7.857054948806763,0
7.86042857170105,0
7.860447883605957,0
7.860491752624512,0
7.880378246307373,0
7.880428791046143,0
7.880446434020996,0
7.886518239974976,0
7.886537790298462,0
7.886555433273315,0
7.886616945266724,0
7.890999794006348,0
7.891037225723267,0
7.891117334365845,0
7.896155834197998,0
7.900601387023926,0
7.900634050369263,0
7.900709867477417,0
7.921919345855713,0
7.922135591506958,0
7.922205448150635,0
7.940768957138061,0
7.940808057785034,0
7.940808296203613,0
7.940828084945679,0
7.948845863342285,0
7.948875665664673,0
7.94892954826355,0
7.961064577102661,0
7.961092233657837,0
7.961365222930908,0
7.96361231803894,0
7.963613033294678,0
7.963647365570068,0
7.9651939868927,0
7.965222358703613,0
7.965235471725464,0
7.965540885925293,0
7.967107534408569,0
7.9673004150390625,0
7.967325448989868,0
7.97939133644104,0
7.979420185089111,0
7.979430913925171,0
8.001093626022339,0
8.001137018203735,0
8.001163005828857,0
8.006856441497803,0
8.006934404373169,0
8.009993314743042,0
8.010085582733154,0
8.011204957962036,0
8.021177530288696,0
8.021182537078857,0
8.021199226379395,0
8.028456211090088,0
8.028589010238647,0
8.029842376708984,0
8.029847145080566,0
8.029863119125366,0
8.029881715774536,0
8.041320085525513,0
8.041361093521118,0
8.041380167007446,0
8.054754972457886,0
8.054774045944214,0
8.05477499961853,0
8.057034969329834,0
8.05897569656372,0
8.058990478515625,0
8.062036514282227,0
8.062195062637329,0
8.062271356582642,0
8.062544345855713,0
8.062560558319092,0
8.066709756851196,0
8.071037769317627,0
8.071056842803955,0
8.071091651916504,0
8.073191404342651,0
8.073499917984009,0
8.073620557785034,0
8.073669672012329,0
8.080674171447754,0
8.08070158958435,0
8.080709218978882,0
8.088256597518921,0
8.090687274932861,0
8.091795444488525,0
8.105008602142334,0
8.1050546169281,0
8.105096340179443,0
8.121187686920166,0
8.121229648590088,0
8.121251106262207,0
8.128844022750854,0
8.128884077072144,0
8.128944635391235,0
8.129015684127808,0
8.132216453552246,0
8.132263898849487,0
8.13231611251831,0
8.134111166000366,0
8.134178638458252,0
8.136910676956177,0
8.136989116668701,0
8.14139723777771,0
8.141430854797363,0
8.141467094421387,0
8.159859657287598,0
8.16117262840271,0
8.161298990249634,0
8.161340713500977,0
8.180845975875854,0
8.180846929550171,0
8.180898666381836,0
8.19361662864685,0
8.194034576416016,0
8.194055318832397,0
8.197214365005493,0
8.199968338012695,0
8.200010061264038,0
8.200048923492432,0
8.200082063674927,0
8.200086116790771,0
8.200118064880371,0
8.200133562088013,0
8.200180292129517,0
8.200201988220215,0
8.201120376586914,0
8.201153993606567,0
8.201205492019653,0
8.201864242553711,0
8.217210054397583,0
8.219968557357788,0
8.220014333724976,0
8.220136642456055,0
8.235174894332886,0
8.23524260520935,0
8.235267639160156,0
8.235287427902222,0
8.235305786132812,0
8.235324621200562,0
8.240481615066528,0
8.240669965744019,0
8.240703344345093,0
8.240727663040161,0
8.240769863128662,0
8.242695569992065,0
8.242967367172241,0
8.243202686309814,0
8.254886865615845,0
8.254902124404907,0
8.254928588867188,0
8.259800434112549,0
8.259915113449097,0
8.259933710098267,0
8.25998592376709,0
8.26131558418274,0
8.26134705543518,0
8.261417150497437,0
8.263992071151733,0
8.264173030853271,0
8.26441764831543,0
8.26506495475769,0
8.2799654006958,0
8.280016660690308,0
8.280033111572266,0
8.287147283554077,0
8.287168979644775,0
8.28718376159668,0
8.287198781967163,0
8.288335800170898,0
8.288352966308594,0
8.288366317749023,0
8.300351619720459,0
8.300405025482178,0
8.30042290687561,0
8.310419797897339,0
8.312647581100464,0
8.315153121948242,0
8.321192026138306,0
8.321213483810425,0
8.321231365203857,0
8.323122262954712,0
8.323355197906494,0
8.323370933532715,0
8.323467016220093,0
8.325618982315063,0
8.325742483139038,0
8.32618498802185,0
8.343031644821167,0
8.343088150024414,0
8.343108654022217,0
8.346131801605225,0
8.346149206161499,0
8.360699892044067,0
8.36076283454895,0
8.36080551147461,0
8.36193037033081,0
8.361984014511108,0
8.362501382827759,0
8.36298680305481,0
8.38119101524353,0
8.381216764450073,0
8.381637334823608,0
8.38559079170227,0
8.390068054199219,0
8.390079975128174,0
8.400249481201172,0
8.400282382965088,0
8.400296926498413,0
8.419181108474731,0
8.41921591758728,0
8.41926383972168,0
8.419336795806885,0
8.419463872909546,0
8.419833183288574,0
8.419843673706055,0
8.421034812927246,0
8.421207904815674,0
8.421567678451538,0
8.421597719192505,0
8.422444581985474,0
8.422479152679443,0
8.422500133514404,0
8.423704624176025,0
8.42384672164917,0
8.424382209777832,0
8.424416542053223,0
8.430387496948242,0
8.43067717552185,0
8.430697441101074,0
8.430787801742554,0
8.432941436767578,0
8.433161735534668,0
8.433348894119263,0
8.43991231918335,0
8.439950942993164,0
8.44271206855774,0
8.445338726043701,0
8.44551944732666,0
8.445544958114624,0
8.44556736946106,0
8.459646940231323,0
8.459674835205078,0
8.459725141525269,0
8.480026960372925,0
8.480114936828613,0
8.480172872543335,0
8.502237558364868,0
8.502275228500366,0
8.502297639846802,0
8.510617017745972,0
8.510670900344849,0
8.510754823684692,0
8.520015954971313,0
8.520074129104614,0
8.5200777053833,0
8.526598691940308,0
8.526633977890015,0
8.526893377304077,0
8.52694296836853,0
8.530444145202637,0
8.531655311584473,0
8.531848430633545,0
8.53199052810669,0
8.539857387542725,0
8.539881706237793,0
8.539892673492432,0
8.561461687088013,0
8.561475992202759,0
8.561480283737183,0
8.5625638961792,0
8.562566995620728,0
8.562959432601929,0
8.563022375106812,0
8.572976350784302,0
8.57936978340149,0
8.579395771026611,0
8.579407453536987,0
8.587942600250244,0
8.587967872619629,0
8.588023900985718,0
8.588065385818481,0
8.589322566986084,0
8.58954381942749,0
8.589576005935669,0
8.600389242172241,0
8.60042119026184,0
8.60043978691101,0
8.616768598556519,0
8.619457483291626,0
8.619518280029297,0
8.619706869125366,0
8.639491319656372,0
8.63952898979187,0
8.63954496383667,0
8.653756380081177,0
8.654160022735596,0
8.657594919204712,0
8.657652378082275,0
8.65767526626587,0
8.657931804656982,0
8.659846067428589,0
8.659884691238403,0
8.659900188446045,0
8.66518497467041,0
8.665238857269287,0
8.665244817733765,0
8.667755126953125,0
8.667794466018677,0
8.670953750610352,0
8.67095398902893,0
8.675352811813354,0
8.675380945205688,0
8.675389051437378,0
8.675392627716064,0
8.677486419677734,0
8.677546739578247,0
8.677565336227417,0
8.678727388381958,0
8.67940616607666,0
8.679435014724731,0
8.679672002792358,0
8.691242218017578,0
8.691256523132324,0
8.691467523574829,0
8.69148874282837,0
8.69316816329956,0
8.693183422088623,0
8.693235635757446,0
8.699990510940552,0
8.700020790100098,0
8.700437545776367,0
8.720432996749878,0
8.720457792282104,0
8.720715045928955,0
8.733547449111938,0
8.736980199813843,0
8.738121032714844,0
8.738160848617554,0
8.738863468170166,0
8.73988962173462,0
8.73990273475647,0
8.739915609359741,0
8.73996376991272,0
8.740683794021606,0
8.74070119857788,0
8.741382122039795,0
8.741423845291138,0
8.742830991744995,0
8.742857456207275,0
8.745277404785156,0
8.748462200164795,0
8.760133504867554,0
8.76015853881836,0
8.760168552398682,0
8.779857635498047,0
8.779903173446655,0
8.779914855957031,0
8.799731254577637,0
8.800845384597778,0
8.800889015197754,0
8.80103063583374,0
8.806046962738037,0
8.806071996688843,0
8.8069429397583,0
8.807193040847778,0
8.80721640586853,0
8.807258129119873,0
8.810413837432861,0
8.81108808517456,0
8.81111741065979,0
8.811206579208374,0
8.814262390136719,0
8.820127010345459,0
8.82015585899353,0
8.820168495178223,0
8.825433492660522,0
8.828945398330688,0
8.82895016670227,0
8.828974962234497,0
8.82898211479187,0
8.832004308700562,0
8.832037925720215,0
8.832383871078491,0
8.841225624084473,0
8.841259717941284,0
8.841305494308472,0
8.841343641281128,0
8.841618299484253,0
8.84351134300232,0
8.84356951713562,0
8.860435247421265,0
8.860438346862793,0
8.860470294952393,0
8.862218379974365,0
8.866420269012451,0
8.86707353591919,0
8.880446672439575,0
8.880476236343384,0
8.880489110946655,0
8.889552593231201,0
8.889669179916382,0
8.889716863632202,0
8.889758586883545,0
8.89148736000061,0
8.891936302185059,0
8.892282485961914,0
8.893939018249512,0
8.893953323364258,0
8.893958330154419,0
8.893967390060425,0
8.89513874053955,0
8.895172119140625,0
8.895304679870605,0
8.898040056228638,0
8.902281522750854,0
8.902323246002197,0
8.904752016067505,0
8.91947340965271,0
8.919508695602417,0
8.919564723968506,0
8.941061735153198,0
8.94174337387085,0
8.941785335540771,0
8.952858686447144,0
8.952896118164062,0
8.953358888626099,0
8.953433990478516,0
8.960076093673706,0
8.960158348083496,0
8.960234642028809,0
8.961153030395508,0
8.961238384246826,0
8.961252927780151,0
8.966740846633911,0
8.967597961425781,0
8.967631816864014,0
8.980441570281982,0
8.980497598648071,0
8.980714797973633,0
8.986216068267822,0
9.000595569610596,0
9.000632286071777,0
9.000701189041138,0
9.00137710571289,0
9.001655101776123,0
9.021116018295288,0
9.021183013916016,0
9.02118444442749,0
9.023810625076294,0
9.023853302001951,0
9.023858547210692,0
9.02393651008606,0
9.027501583099363,0
9.0275297164917,0
9.027540922164915,0
9.02910304069519,0
9.040756702423096,0
9.04078245162964,0
9.040857076644896,0
9.053024053573608,0
9.053093194961548,0
9.057185411453249,0
9.062583684921265,0
9.06262183189392,0
9.06262993812561,0
9.081556558609009,0
9.081585884094238,0
9.082574129104614,0
9.083333015441896,0
9.083337306976318,0
9.100720882415771,0
9.10076904296875,0
9.100967168807983,0
9.119271039962769,0
9.119380712509155,0
9.119434118270874,0
9.11945867538452,0
9.119491338729858,0
9.119606256484984,0
9.119626998901367,0
9.12324595451355,0
9.123265504837036,0
9.12334442138672,0
9.123444080352783,0
9.1235089302063,0
9.123533725738524,0
9.123708724975586,0
9.131798267364502,0
9.132674932479858,0
9.140072584152222,0
9.140108108520508,0
9.140158414840698,0
9.156184196472168,0
9.156277894973757,0
9.156296491622925,0
9.156339168548584,0
9.15929889678955,0
9.159316778182983,0
9.159948348999023,0
9.160397291183472,0
9.16105890274048,0
9.161112785339355,0
9.163705348968506,0
9.163719892501833,0
9.166422843933104,0
9.166468858718872,0
9.167957067489624,0
9.167984008789062,0
9.1679949760437,0
9.168004989624023,0
9.17170476913452,0
9.17257595062256,0
9.172613859176636,0
9.181453943252563,0
9.18232250213623,0
9.182350158691406,0
9.18237805366516,0
9.199411153793337,0
9.199444770812988,0
9.199636220932009,0
9.207612037658691,0
9.20768141746521,0
9.208757877349854,0
9.20879054069519,0
9.208801746368408,0
9.208822965621948,0
9.213778495788574,0
9.213799238204956,0
9.213878870010376,0
9.21576476097107,0
9.22037434577942,0
9.220375537872314,0
9.22041392326355,0
9.243750810623167,0
9.243780374526978,0
9.243801593780518,0
9.244683027267456,0
9.246918201446531,0
9.24705958366394,0
9.247174978256226,0
9.25327730178833,0
9.253363847732544,0
9.253391981124878,0
9.260682106018066,0
9.261713027954102,0
9.262006044387816,0
9.271285772323608,0
9.273197889328005,0
9.275206804275513,0
9.275490999221802,0
9.277150869369509,0
9.278329372406006,0
9.28029751777649,0
9.280334234237673,0
9.280371904373167,0
9.280408382415771,0
9.286612272262571,0
9.287952661514282,0
9.287969827651978,0
9.289653778076172,0
9.29047155380249,0
9.290519952774048,0
9.290894031524658,0
9.300481081008911,0
9.300550937652588,0
9.30118441581726,0
9.316420793533323,0
9.320481777191162,0
9.320552587509155,0
9.320583581924438,0
9.341320037841797,0
9.342885494232178,0
9.342890977859495,0
9.351846933364868,0
9.351871252059937,0
9.35192084312439,0
9.351956844329834,0
9.368679761886597,0
9.368713617324827,0
9.368752717971802,0
9.373244047164915,0
9.373279571533203,0
9.373318910598757,0
9.37336039543152,0
9.374006509780884,0
9.37410020828247,0
9.374131202697754,0
9.374155521392822,0
9.374169111251833,0
9.380232095718384,0
9.380261659622192,0
9.380275011062622,0
9.392706394195557,0
9.394143342971802,0
9.39420247077942,0
9.39506769180298,0
9.395097732543944,0
9.395398378372192,0
9.3954119682312,0
9.400189876556396,0
9.400859594345093,0
9.400887966156006,0
9.407721996307371,0
9.407890796661375,0
9.407965421676636,0
9.409562826156616,0
9.409600496292114,0
9.409751415252686,0
9.409770488739014,0
9.41164493560791,0
9.411715984344482,0
9.41179084777832,0
9.419699668884276,0
9.419737577438354,0
9.4198477268219,0
9.433850765228271,0
9.438558578491213,0
9.43968391418457,0
9.43971872329712,0
9.441849708557127,0
9.44186544418335,0
9.441920280456545,0
9.442676067352297,0
9.443506717681885,0
9.443532943725586,0
9.443596363067629,0
9.444841623306274,0
9.445035934448242,0
9.445618391036987,0
9.44587016105652,0
9.451398134231567,0
9.458778142929075,0
9.460098505020142,0
9.460136651992798,0
9.460228443145752,0
9.46223783493042,0
9.480400562286375,0
9.48042130470276,0
9.480428218841553,0
9.480480194091797,0
9.480632781982422,0
9.480827569961548,0
9.480844736099243,0
9.500213861465454,0
9.50024700164795,0
9.500330209732056,0
9.514984607696531,0
9.51500368118286,0
9.517677545547484,0
9.51813554763794,0
9.52047348022461,0
9.520663738250732,0
9.521591663360596,0
9.52419662475586,0
9.524229049682615,0
9.524295091629028,0
9.524316549301147,0
9.541481256484984,0
9.541498184204102,0
9.541534423828123,0
9.56037425994873,0
9.560405492782593,0
9.560709476470947,0
9.563445329666138,0
9.564138174057009,0
9.56535816192627,0
9.56538987159729,0
9.568286180496216,0
9.579923152923584,0
9.579952001571655,0
9.580013036727903,0
9.591933488845823,0
9.592062950134276,0
9.592084407806396,0
9.592101812362673,0
9.59517765045166,0
9.595233917236328,0
9.595256090164185,0
9.595318794250488,0
9.60033679008484,0
9.60033893585205,0
9.600376844406128,0
9.60755443572998,0
9.607999086380005,0
9.610056400299072,0
9.61009407043457,0
9.61011528968811,0
9.610119581222534,0
9.620245456695557,0
9.62028169631958,0
9.62032389640808,0
9.625948190689089,0
9.626282215118408,0
9.626349687576294,0
9.628149271011353,0
9.628462791442873,0
9.628494024276732,0
9.628498554229736,0
9.629604816436768,0
9.6299090385437,0
9.630055665969849,0
9.64001989364624,0
9.640098810195925,0
9.640153169631958,0
9.646036148071287,0
9.646141052246094,0
9.649117469787598,0
9.64915657043457,0
9.650078296661375,0
9.66034197807312,0
9.66037654876709,0
9.660456895828249,0
9.676323175430298,0
9.67660665512085,0
9.67721962928772,0
9.677244901657104,0
9.677473545074465,0
9.680447340011597,0
9.680479049682615,0
9.680492162704468,0
9.682142496109009,0
9.68217158317566,0
9.684202194213867,0
9.700403690338137,0
9.700430870056152,0
9.700878620147703,0
9.719712495803831,0
9.719739437103271,0
9.719780445098875,0
9.728240489959717,0
9.7282555103302,0
9.72830080986023,0
9.728347778320312,0
9.732211589813232,0
9.732227563858032,0
9.732400178909302,0
9.734430074691772,0
9.735675573349,0
9.740145444869995,0
9.740168333053589,0
9.74022102355957,0
9.74563694000244,0
9.745661497116089,0
9.747030973434448,0
9.747061252593994,0
9.747699737548828,0
9.760726928710938,0
9.76076602935791,0
9.760779857635498,0
9.762261629104614,0
9.762273073196411,0
9.762283563613892,0
9.762348413467407,0
9.77135157585144,0
9.771373748779297,0
9.771433353424072,0
9.77977442741394,0
9.779784440994264,0
9.779804468154907,0
9.783401727676392,0
9.784337997436523,0
9.785192489624023,0
9.800248146057127,0
9.80032229423523,0
9.80059027671814,0
9.810269832611084,0
9.810365676879885,0
9.811981916427612,0
9.811994314193726,0
9.812007665634155,0
9.812449932098389,0
9.815337419509888,0
9.81539750099182,0
9.81590485572815,0
9.820005416870115,0
9.820037364959717,0
9.821130275726318,0
9.824068307876589,0
9.826058626174929,0
9.835519790649414,0
9.835574865341188,0
9.840150356292725,0
9.840204000473022,0
9.840219020843506,0
9.86033821105957,0
9.860376596450806,0
9.860390663146973,0
9.860998630523682,0
9.861011505126951,0
9.86259150505066,0
9.881905555725098,0
9.88195252418518,0
9.881967067718506,0
9.887725114822388,0
9.887737035751345,0
9.887747049331663,0
9.88775873184204,0
9.889232635498049,0
9.889621496200562,0
9.8896381855011,0
9.891538619995115,0
9.891563892364502,0
9.891574144363403,0
9.89157748222351,0
9.893574714660645,0
9.893960237503052,0
9.89400839805603,0
9.900092124938965,0
9.900128841400146,0
9.900142669677734,0
9.900883197784424,0
9.904889345169067,0
9.90494418144226,0
9.904958248138428,0
9.905019521713257,0
9.915273427963257,0
9.9152991771698,0
9.915329933166504,0
9.919755458831789,0
9.919780254364014,0
9.919790744781494,0
9.939917087554932,0
9.939945459365845,0
9.939955949783323,0
9.945281744003296,0
9.945313692092896,0
9.9467134475708,0
9.946758508682253,0
9.947528839111328,0
9.95849895477295,0
9.958519220352173,0
9.95867919921875,0
9.959330558776855,0
9.961201190948486,0
9.961232900619509,0
9.96135663986206,0
9.979689359664915,0
9.979717254638672,0
9.979732275009155,0
9.99133801460266,0
9.99135684967041,0
9.991772174835203,0
9.99227809906006,0
10.000145435333252,0
10.000180006027222,0
10.000200510025024,0
10.018584728240969,0
10.018801927566528,0
10.019688844680786,0
10.01970362663269,0
10.020678997039797,0
10.020707845687866,0
10.020724058151243,0
10.022851467132568,0
10.022884845733644,0
10.040308475494385,0
10.040347337722778,0
10.040401935577393,0
10.050390005111694,0
10.05041217803955,0
10.050884246826172,0
10.051882266998293,0
10.05449914932251,0
10.05452299118042,0
10.055891036987305,0
10.055910348892212,0
10.056850671768188,0
10.060489177703856,0
10.060702323913574,0
10.06738543510437,0
10.0777428150177,0
10.077769994735718,0
10.077783107757568,0
10.077796697616575,0
10.079365968704224,0
10.080387592315674,0
10.08044934272766,0
10.08229684829712,0
10.082327127456663,0
10.082425355911257,0
10.082442998886108,0
10.083314180374146,0
10.084255456924438,0
10.099828481674194,0
10.099865913391112,0
10.099880456924438,0
10.11984133720398,0
10.119865894317629,0
10.119899034500122,0
10.121454238891602,0
10.12146544456482,0
10.121743440628052,0
10.121767282485962,0
10.126437425613403,0
10.12645173072815,0
10.12685203552246,0
10.129032135009766,0
10.12906527519226,0
10.12907576560974,0
10.129086017608644,0
10.14024543762207,0
10.140275716781616,0
10.140289068222046,0
10.147072553634644,0
10.147467851638794,0
10.148001670837402,0
10.148030996322632,0
10.148043155670166,0
10.14933466911316,0
10.149630069732666,0
10.149967432022097,0
10.159683227539062,0
10.159918069839478,0
10.159950017929075,0
10.172011137008669,0
10.172046661376951,0
10.172049045562744,0
10.174561500549316,0
10.176215648651125,0
10.176231384277344,0
10.17656111717224,0
10.18002724647522,0
10.18006706237793,0
10.180098056793211,0
10.189038038253784,0
10.199674129486084,0
10.199697971343994,0
10.200093269348145,0
10.21724534034729,0
10.21730661392212,0
10.218513488769531,0
10.21853232383728,0
10.21973967552185,0
10.219753980636597,0
10.219874620437622,0
10.22049069404602,0
10.220556020736694,0
10.239953517913818,0
10.239990234375,0
10.24000644683838,0
10.250911474227903,0
10.250958919525146,0
10.25102472305298,0
10.25389313697815,0
10.25392246246338,0
10.257012367248535,0
10.257074117660522,0
10.257989406585692,0
10.260642766952516,0
10.26069712638855,0
10.260711431503296,0
10.275593519210815,0
10.275604724884031,0
10.275616645812988,0
10.275630235671995,0
10.281793117523192,0
10.28182053565979,0
10.28199028968811,0
10.28200340270996,0
10.28200888633728,0
10.282022714614868,0
10.28202748298645,0
10.282033205032349,0
10.284317255020142,0
10.285976648330688,0
10.287026166915894,0
10.299891471862791,0
10.299912214279177,0
10.299919366836548,0
10.303200960159302,0
10.30382776260376,0
10.30385422706604,0
10.3038969039917,0
10.305466890335085,0
10.305474996566772,0
10.305940628051758,0
10.320420026779177,0
10.32044768333435,0
10.320457696914673,0
10.339717149734495,0
10.339742422103882,0
10.339754343032835,0
10.34889554977417,0
10.348918676376345,0
10.35107398033142,0
10.35110878944397,0
10.354334831237791,0
10.35997223854065,0
10.359998226165771,0
10.360008001327516,0
10.37490725517273,0
10.374922275543211,0
10.375030040740969,0
10.375046730041504,0
10.377870321273804,0
10.37788200378418,0
10.377893686294556,0
10.380091428756714,0
10.380117177963257,0
10.38012957572937,0
10.384071111679075,0
10.384105205535889,0
10.384108543395996,0
10.384176015853882,0
10.391741275787354,0
10.39177680015564,0
10.39185070991516,0
10.396403551101685,0
10.401217460632324,0
10.401529550552368,0
10.402947425842283,0
10.419785022735596,0
10.41979956626892,0
10.419824123382568,0
10.434556007385254,0
10.434571743011476,0
10.436014890670776,0
10.436031103134155,0
10.43988871574402,0
10.439903020858765,0
10.440263032913208,0
10.440311670303345,0
10.440696716308594,0
10.442578554153442,0
10.442944049835203,0
10.442970752716064,0
10.443028211593628,0
10.443066358566284,0
10.443351030349731,0
10.44337272644043,0
10.460830688476562,0
10.460865497589111,0
10.460882663726808,0
10.481141328811646,0
10.4811589717865,0
10.48117208480835,0
10.48120141029358,0
10.499603271484377,0
10.499713897705078,0
10.499807596206663,0
10.504478454589844,0
10.50457525253296,0
10.504590034484863,0
10.504651546478271,0
10.509031772613524,0
10.50907301902771,0
10.509090185165403,0
10.509182929992676,0
10.520382404327393,0
10.52040958404541,0
10.520450592041016,0
10.527483463287354,0
10.527987241744995,0
10.539560794830322,0
10.539574384689333,0
10.53958821296692,0
10.543854236602783,0
10.544379711151125,0
10.545779943466188,0
10.54617166519165,0
10.547717571258543,0
10.559752464294434,0
10.55977177619934,0
10.559777975082396,0
10.574093103408812,0
10.574105024337769,0
10.57411527633667,0
10.574135541915894,0
10.575572729110718,0
10.57559847831726,0
10.57559895515442,0
10.57980990409851,0
10.579811811447144,0
10.579832077026367,0
10.587950706481934,0
10.59686803817749,0
10.596880912780762,0
10.599687814712524,0
10.599716663360596,0
10.599778652191162,0
10.619496822357178,0
10.619526863098145,0
10.619539499282835,0
10.625221252441406,0
10.625237703323364,0
10.625250101089478,0
10.625319004058838,0
10.627408266067505,0
10.627482414245604,0
10.627883911132812,0
10.628697156906128,0
10.628725290298462,0
10.628787755966188,0
10.628800868988035,0
10.63968825340271,0
10.639719724655151,0
10.63973331451416,0
10.641609191894531,0
10.641609907150269,0
10.641660451889038,0
10.64257836341858,0
10.64260745048523,0
10.644698143005373,0
10.64477515220642,0
10.655943870544434,0
10.65990924835205,0
10.659945726394652,0
10.659969329833984,0
10.679543733596802,0
10.679579257965088,0
10.679900407791138,0
10.690165519714355,0
10.690189838409424,0
10.69019365310669,0
10.690204858779907,0
10.694266080856323,0
10.69428277015686,0
10.694515228271484,0
10.697560548782349,0
10.69944953918457,0
10.699477910995483,0
10.69964361190796,0
10.719702005386353,0
10.71973180770874,0
10.719743013381958,0
10.733833074569702,0
10.733839988708496,0
10.73384690284729,0
10.734214782714844,0
10.740694522857666,0
10.74075722694397,0
10.74076008796692,0
10.74077534675598,0
10.74078893661499,0
10.740801095962524,0
10.742339372634888,0
10.744150400161743,0
10.748803615570068,0
10.74882197380066,0
10.750081300735474,0
10.750094175338743,0
10.750892400741575,0
10.759937524795532,0
10.759963512420654,0
10.759975910186768,0
10.778648138046265,0
10.77868390083313,0
10.779919147491457,0
10.779945611953735,0
10.779948234558104,0
10.782939195632936,0
10.783313035964966,0
10.783337593078612,0
10.783422231674194,0
10.783438920974731,0
10.783450841903688,0
10.784684896469116,0
10.79765558242798,0
10.799405097961426,0
10.79943037033081,0
10.799473524093628,0
10.819352626800535,0
10.819415807724,0
10.81943130493164,0
10.824182510375977,0
10.824198484420776,0
10.825304985046388,0
10.82539987564087,0
10.828795909881592,0
10.828896522521973,0
10.829281330108644,0
10.829355478286743,0
10.82937240600586,0
10.839839458465576,0
10.840028762817385,0
10.840091943740845,0
10.843271732330322,0
10.843505859375,0
10.845477104187012,0
10.845829725265505,0
10.846349000930786,0
10.859656810760498,0
10.85970163345337,0
10.860066890716553,0
10.868633270263672,0
10.86876106262207,0
10.86880874633789,0
10.868863105773926,0
10.870712280273438,0
10.870747804641724,0
10.871180295944214,0
10.873409509658812,0
10.873449087142944,0
10.873462200164797,0
10.873475790023804,0
10.879536628723145,0
10.88019347190857,0
10.880249738693236,0
10.88476538658142,0
10.88504147529602,0
10.885069131851196,0
10.885968208312988,0
10.900899171829224,0
10.90092635154724,0
10.900932788848875,0
10.91106939315796,0
10.911093711853027,0
10.911104202270508,0
10.911116361618042,0
10.91267991065979,0
10.912692070007324,0
10.913539171218872,0
10.91431450843811,0
10.915822267532349,0
10.931957006454468,0
10.931983709335327,0
10.93222975730896,0
10.938730001449583,0
10.93875813484192,0
10.940237283706663,0
10.940277814865112,0
10.947067737579346,0
10.947099447250366,0
10.947113037109377,0
10.955783367156982,0
10.966655969619753,0
10.966662883758543,0
10.966689586639404,0
10.986905336380005,0
10.986931800842283,0
10.987083196640016,0
11.000903606414797,0
11.002678155899048,0
11.003511428833008,0
11.003538131713867,0
11.00413966178894,0
11.004152774810793,0
11.004205465316772,0
11.004619359970093,0
11.007577657699583,0
11.00760293006897,0
11.007613182067873,0
11.007895946502686,0
11.007921695709229,0
11.012433052062988,0
11.012433528900146,0
11.012446403503418,0
11.012503147125244,0
11.016585111618042,0
11.01687216758728,0
11.016994953155518,0
11.017292261123655,0
11.027443170547484,0
11.02746295928955,0
11.027495861053469,0
11.050257444381714,0
11.050288915634155,0
11.050338506698608,0
11.0715594291687,0
11.071590900421144,0
11.071592092514038,0
11.090006351470947,0
11.09003734588623,0
11.090074300765991,0
11.111296892166138,0
11.11133360862732,0
11.111358642578123,0
11.11138105392456,0
11.115543127059937,0
11.116901397705078,0
11.11693239212036,0
11.119887351989746,0
11.119898557662964,0
11.11994171142578,0
11.119977951049805,0
11.128222942352297,0
11.128257751464844,0
11.128271102905272,0
11.146973848342896,0
11.147336959838867,0
11.14735221862793,0
11.153657674789429,0
11.153669595718384,0
11.154156684875488,0
11.154781341552734,0
11.156652688980104,0
11.159507036209106,0
11.159521102905272,0
11.15976071357727,0
11.159775257110596,0
11.172173976898192,0
11.172174215316772,0
11.172207593917848,0
11.173826456069946,0
11.173953771591188,0
11.174921035766602,0
11.175143003463743,0
11.175156354904177,0
11.176353931427002,0
11.178160905838013,0
11.188282251358032,0
11.1883065700531,0
11.188319683074951,0
11.196566581726074,0
11.19659185409546,0
11.19663691520691,0
11.19665265083313,0
11.196765184402466,0
11.196807861328123,0
11.19684076309204,0
11.196910619735718,0
11.201478958129885,0
11.201491594314575,0
11.206727981567385,0
11.206753253936768,0
11.206768274307253,0
11.21997356414795,0
11.219977855682371,0
11.22000527381897,0
11.220006227493286,0
11.222023010253906,0
11.222023248672484,0
11.22204065322876,0
11.229420185089111,0
11.229445457458496,0
11.229512453079224,0
11.238282442092896,0
11.238303422927856,0
11.240538835525513,0
11.240554332733154,0
11.2498140335083,0
11.249876976013184,0
11.249911546707152,0
11.257899761199951,0
11.26893424987793,0
11.26899552345276,0
11.269021034240724,0
11.289674520492554,0
11.289708137512209,0
11.289722204208374,0
11.295465230941772,0
11.295477151870728,0
11.295503616333008,0
11.29552721977234,0
11.297281265258787,0
11.297282695770264,0
11.297283411026,0
11.298376083374023,0
11.300108909606934,0
11.30151343345642,0
11.307621955871582,0
11.307647943496704,0
11.307690620422363,0
11.31056261062622,0
11.310588598251345,0
11.310643911361694,0
11.31067967414856,0
11.312024354934692,0
11.312128067016602,0
11.312134265899658,0
11.313284635543823,0
11.314038038253784,0
11.328478574752808,0
11.328524589538574,0
11.32852816581726,0
11.336804151535034,0
11.336912631988524,0
11.349841117858888,0
11.349865436553957,0
11.349946975708008,0
11.358381748199465,0
11.358439445495604,0
11.360336065292358,0
11.37435269355774,0
11.374513387680054,0
11.37453556060791,0
11.388978481292725,0
11.389108657836914,0
11.389207363128662,0
11.407158374786375,0
11.407188177108765,0
11.407219171524048,0
11.410541296005247,0
11.410558223724363,0
11.41056752204895,0
11.410718202590942,0
11.41089677810669,0
11.410918712615969,0
11.412877321243286,0
11.413174152374268,0
11.41319990158081,0
11.41321063041687,0
11.413220882415771,0
11.41444492340088,0
11.414474725723268,0
11.414487600326538,0
11.414904832839966,0
11.421661376953123,0
11.422277927398682,0
11.425231456756592,0
11.42523455619812,0
11.42526125907898,0
11.42526149749756,0
11.42538595199585,0
11.425400018692017,0
11.4255473613739,0
11.42762804031372,0
11.427652359008787,0
11.427719116210938,0
11.437544822692873,0
11.437588453292848,0
11.43888783454895,0
11.439192295074465,0
11.447899341583252,0
11.44792890548706,0
11.447996377944946,0
11.457512378692629,0
11.469500303268433,0
11.469518423080444,0
11.46953272819519,0
11.488792657852173,0
11.488818407058716,0
11.488826990127563,0
11.493422985076904,0
11.493446588516235,0
11.493483781814575,0
11.493497610092165,0
11.509566068649292,0
11.509595155715942,0
11.509608745574951,0
11.522709369659424,0
11.522712469100952,0
11.525702238082886,0
11.526603698730469,0
11.53373956680298,0
11.533776760101318,0
11.534151315689089,0
11.53985357284546,0
11.539921760559082,0
11.541683435440063,0
11.541744947433472,0
11.550376892089844,0
11.55040407180786,0
11.550416231155396,0
11.57318663597107,0
11.578146934509276,0
11.5781729221344,0
11.57818841934204,0
11.58948826789856,0
11.58951497077942,0
11.589526653289797,0
11.599822521209717,0
11.599838256835938,0
11.599881172180176,0
11.599937677383425,0
11.602821588516235,0
11.60283064842224,0
11.60284161567688,0
11.603403329849243,0
11.604404211044312,0
11.613917589187622,0
11.613943099975586,0
11.613956212997437,0
11.62073826789856,0
11.624864101409912,0
11.62676477432251,0
11.62950611114502,0
11.62951636314392,0
11.629520893096924,0
11.629581928253174,0
11.629706621170044,0
11.630786657333374,0
11.630813121795654,0
11.632070779800417,0
11.632121324539185,0
11.632808923721312,0
11.63402533531189,0
11.63405418395996,0
11.634199380874634,0
11.63421368598938,0
11.635691404342651,0
11.635952234268188,0
11.635990858078005,0
11.636268615722656,0
11.63675856590271,0
11.63802695274353,0
11.638052940368652,0
11.647507429122925,0
11.647592544555664,0
11.647627592086792,0
11.656795501708984,0
11.66828227043152,0
11.668311595916748,0
11.668354511260986,0
11.689234256744385,0
11.689269065856934,0
11.689282655715942,0
11.693439245224,0
11.693463325500488,0
11.69347596168518,0
11.69348955154419,0
11.707815408706663,0
11.707844018936155,0
11.707855701446531,0
11.730502605438232,0
11.730980634689333,0
11.731012344360352,0
11.731074571609495,0
11.73186707496643,0
11.7318754196167,0
11.732429027557371,0
11.734583377838137,0
11.735916137695312,0
11.749046087265016,0
11.74906086921692,0
11.749080419540403,0
11.749348163604736,0
11.749587535858154,0
11.751168727874756,0
11.7511944770813,0
11.751296758651732,0
11.767876863479614,0
11.767895936965942,0
11.76791262626648,0
11.779850721359251,0
11.77986478805542,0
11.779876470565796,0
11.779947519302368,0
11.790547132492064,0
11.79057550430298,0
11.790636539459229,0
11.809552192687988,0
11.810870170593262,0
11.810907125473022,0
11.8223614692688,0
11.822379350662231,0
11.822905540466309,0
11.82398009300232,0
11.83402419090271,0
11.834049940109251,0
11.834062576293944,0
11.845929145812988,0
11.846210241317747,0
11.846856832504272,0
11.84736156463623,0
11.847388744354248,0
11.847421884536743,0
11.849336862564089,0
11.849350452423096,0
11.851008892059326,0
11.851009130477903,0
11.8510422706604,0
11.851577281951904,0
11.851591348648071,0
11.869283199310305,0
11.869314908981323,0
11.869327545166016,0
11.875551462173462,0
11.882647037506104,0
11.883023500442505,0
11.883038759231567,0
11.88305163383484,0
11.885919094085692,0
11.885946035385132,0
11.885960578918455,0
11.887956380844116,0
11.887966871261597,0
11.887976169586182,0
11.887980699539185,0
11.891135931015016,0
11.89128565788269,0
11.891309022903442,0
11.894778490066528,0
11.895673990249634,0
11.895806550979614,0
11.895820379257202,0
11.895831108093262,0
11.896652698516846,0
11.905725717544556,0
11.905755996704102,0
11.905914306640623,0
11.905928134918211,0
11.905938386917114,0
11.905978202819824,0
11.906002044677734,0
11.907524585723875,0
11.907540798187256,0
11.907610654830933,0
11.913873672485352,0
11.91390585899353,0
11.927300453186035,0
11.927322626113892,0
11.927509307861328,0
11.938721656799316,0
11.938750982284546,0
11.939794301986694,0
11.953296899795532,0
11.953313827514648,0
11.95333218574524,0
11.969998598098757,0
11.970256567001345,0
11.970278978347778,0
11.973802089691162,0
11.973812818527222,0
11.973823070526125,0
11.974385976791382,0
11.977539777755736,0
11.977557182312012,0
11.977558851242064,0
11.978734731674194,0
11.980495691299438,0
11.988107442855837,0
11.988138675689695,0
11.988150596618652,0
11.999547004699709,0
12.001410484313965,0
12.003598928451538,0
12.00775384902954,0
12.007782220840454,0
12.007793188095093,0
12.025599718093872,0
12.025869369506836,0
12.02743434906006,0
12.027459859848022,0
12.027503490447998,0
12.028305768966677,0
12.029772758483888,0
12.029829740524292,0
12.029904842376707,0
12.03175163269043,0
12.031753540039062,0
12.032695055007936,0
12.033072471618652,0
12.033269882202148,0
12.033655405044556,0
12.034015417099,0
12.034033298492432,0
12.036406993865969,0
12.042906045913696,0
12.042933940887451,0
12.043275594711304,0
12.043303728103638,0
12.046834707260132,0
12.046882152557371,0
12.04696273803711,0
12.048782110214232,0
12.048810720443726,0
12.048821687698364,0
12.073026895523071,0
12.073061227798462,0
12.07309627532959,0
12.090728282928469,0
12.090757369995115,0
12.090770244598389,0
12.102705478668211,0
12.108622789382936,0
12.108651399612429,0
12.108698844909668,0
12.117323398590088,0
12.117355346679688,0
12.117371082305908,0
12.117405652999878,0
12.127659797668455,0
12.12768530845642,0
12.127686977386476,0
12.15117359161377,0
12.151187419891356,0
12.151193380355837,0
12.15184998512268,0
12.151868104934692,0
12.152257204055786,0
12.153899908065796,0
12.153939247131348,0
12.153950691223145,0
12.1539785861969,0
12.154787302017212,0
12.154804229736328,0
12.154818773269652,0
12.154931783676147,0
12.159098625183104,0
12.159125328063965,0
12.161471366882324,0
12.161559104919434,0
12.167604684829712,0
12.167629718780518,0
12.167649030685425,0
12.187933683395386,0
12.187960147857666,0
12.18797492980957,0
12.1915864944458,0
12.195417165756226,0
12.195433139801024,0
12.195448398590088,0
12.195524215698242,0
12.197501420974731,0
12.197592735290527,0
12.197611808776855,0
12.20006823539734,0
12.210743427276611,0
12.210777044296265,0
12.210793733596802,0
12.227879524230955,0
12.227943658828735,0
12.230613231658936,0
12.230626821517944,0
12.230641841888428,0
12.23065447807312,0
12.23069715499878,0
12.232079982757568,0
12.23209834098816,0
12.239076852798462,0
12.239078521728516,0
12.239373683929443,0
12.245738983154297,0
12.245763063430786,0
12.247743606567385,0
12.247801542282104,0
12.250061750411987,0
12.250733375549316,0
12.251526117324827,0
12.251554250717165,0
12.25163435935974,0
12.255659580230711,0
12.271326780319214,0
12.271370887756348,0
12.271384954452516,0
12.287835359573364,0
12.287864446640016,0
12.287879943847656,0
12.293881177902222,0
12.2939031124115,0
12.293915748596191,0
12.29391598701477,0
12.297649145126345,0
12.297661542892456,0
12.298373460769652,0
12.298895359039308,0
12.30739951133728,0
12.307409763336182,0
12.307427406311035,0
12.312077283859251,0
12.313390970230104,0
12.315581560134888,0
12.317567348480225,0
12.327586889266968,0
12.327615022659302,0
12.327686071395874,0
12.335456609725952,0
12.336629390716553,0
12.336745738983154,0
12.33676528930664,0
12.349343538284302,0
12.35010814666748,0
12.350138187408447,0
12.369794130325316,0
12.369956493377686,0
12.369988679885864,0
12.37469220161438,0
12.374732494354248,0
12.381516218185425,0
12.381531238555908,0
12.381540298461914,0
12.3815495967865,0
12.381590366363524,0
12.381604194641112,0
12.389991760253906,0
12.39226484298706,0
12.392290592193604,0
12.400840759277344,0
12.400866508483888,0
12.400987386703491,0
12.40174651145935,0
12.401774168014526,0
12.40184211730957,0
12.402406692504885,0
12.409549236297607,0
12.40955901145935,0
12.409575700759888,0
12.42653775215149,0
12.426556825637816,0
12.427576303482056,0
12.427604913711548,0
12.427881717681885,0
12.427906513214111,0
12.429017782211304,0
12.429053783416748,0
12.429098844528198,0
12.430333137512209,0
12.430358409881592,0
12.430399894714355,0
12.44255304336548,0
12.4455087184906,0
12.445537328720093,0
12.446488618850708,0
12.446810245513916,0
12.44901180267334,0
12.449039936065674,0
12.449053049087524,0
12.46871852874756,0
12.468754529953005,0
12.46899962425232,0
12.488859176635742,0
12.488888263702393,0
12.49033784866333,0
12.507740020751951,0
12.507771730422974,0
12.507787466049194,0
12.508711099624634,0
12.51267385482788,0
12.512795209884644,0
12.512807607650757,0
12.512880563735962,0
12.520845651626589,0
12.520881414413452,0
12.52090048789978,0
12.522592544555664,0
12.52933120727539,0
12.529352903366089,0
12.529404640197754,0
12.543113708496094,0
12.543147087097168,0
12.543161630630491,0
12.547322511672974,0
12.548490047454834,0
12.549957513809204,0
12.551692008972168,0
12.551706552505491,0
12.55172348022461,0
12.557318687438965,0
12.557880401611328,0
12.57044243812561,0
12.570473432540894,0
12.570486307144163,0
12.585042238235474,0
12.595571041107178,0
12.595582962036133,0
12.595593929290771,0
12.59564733505249,0
12.600548028945925,0
12.600571870803831,0
12.608880281448364,0
12.608985185623167,0
12.608986139297484,0
12.62485408782959,0
12.624871015548706,0
12.624951362609863,0
12.62671399116516,0
12.626740217208862,0
12.62682843208313,0
12.626830101013184,0
12.627967834472656,0
12.62799310684204,0
12.628380060195925,0
12.62841820716858,0
12.62875771522522,0
12.628791332244871,0
12.636293172836304,0
12.652782678604126,0
12.653004884719849,0
12.65309715270996,0
12.667690515518188,0
12.667718887329102,0
12.672085285186768,0
12.672085762023926,0
12.67240595817566,0
12.672434329986572,0
12.67255687713623,0
12.672574758529665,0
12.672632455825806,0
12.673158168792725,0
12.673174142837524,0
12.67532229423523,0
12.675337553024292,0
12.680420398712158,0
12.690954446792604,0
12.691236972808838,0
12.691347122192385,0
12.694774389266968,0
12.694799423217772,0
12.694906234741213,0
12.69492220878601,0
12.708630084991457,0
12.708664178848268,0
12.70872926712036,0
12.73008131980896,0
12.730114698410034,0
12.730127573013306,0
12.73485827445984,0
12.734859466552734,0
12.734872341156006,0
12.73575234413147,0
12.737786054611206,0
12.739053726196287,0
12.749423503875732,0
12.749441862106323,0
12.749455690383911,0
12.75470781326294,0
12.754853010177612,0
12.756901741027832,0
12.756934642791748,0
12.765508651733398,0
12.76552700996399,0
12.765544414520264,0
12.766035318374634,0
12.766067028045654,0
12.77023148536682,0
12.77224063873291,0
12.772448062896729,0
12.772466897964478,0
12.772561311721802,0
12.77441382408142,0
12.791290760040283,0
12.791322469711304,0
12.791334867477415,0
12.791415929794312,0
12.798354625701904,0
12.800188779830933,0
12.800200700759888,0
12.80021619796753,0
12.801684379577637,0
12.801701068878174,0
12.80174469947815,0
12.809031009674072,0
12.809053659439089,0
12.809069633483888,0
12.829431772232056,0
12.82946228981018,0
12.829476356506348,0
12.833003759384155,0
12.83692741394043,0
12.836987733840942,0
12.837897300720217,0
12.837934970855711,0
12.83874225616455,0
12.838766813278198,0
12.840807914733888,0
12.840839862823486,0
12.840870141983032,0
12.840884685516356,0
12.840927839279177,0
12.843408346176147,0
12.843453645706177,0
12.847933769226074,0
12.847965478897097,0
12.847996473312378,0
12.87061047554016,0
12.870641231536863,0
12.87065815925598,0
12.89305543899536,0
12.893089056015016,0
12.893116235733032,0
12.893121480941772,0
12.897422075271606,0
12.89764952659607,0
12.897676229476929,0
12.897687435150146,0
12.899001359939575,0
12.900646686553957,0
12.900704383850098,0
12.903753995895386,0
12.903773069381714,0
12.904062032699583,0
12.905866861343384,0
12.906187295913696,0
12.907094717025757,0
12.9071147441864,0
12.910767078399658,0
12.910795450210571,0
12.910807132720947,0
12.928116083145142,0
12.928162813186646,0
12.928179264068604,0
12.929133415222168,0
12.933781385421751,0
12.933836221694946,0
12.933879852294922,0
12.9339280128479,0
12.939542293548584,0
12.940038919448853,0
12.940056324005129,0
12.940106630325316,0
12.940126180648804,0
12.944161415100098,0
12.94417667388916,0
12.951417684555054,0
12.951443910598757,0
12.951504468917848,0
12.968194246292114,0
12.96821928024292,0
12.968233823776243,0
12.983506441116331,0
12.98998236656189,0
12.99000883102417,0
12.990094661712646,0
13.009304285049438,0
13.009334087371826,0
13.00961136817932,0
13.010614395141602,0
13.010627508163452,0
13.012666702270508,0
13.012694597244264,0
13.01274061203003,0
13.012779474258425,0
13.013600826263428,0
13.013615369796751,0
13.0136296749115,0
13.014690399169922,0
13.026525497436523,0
13.027350664138794,0
13.028022050857544,0
13.028046131134031,0
13.028056383132936,0
13.02847671508789,0
13.047155380249023,0
13.047173261642456,0
13.047221660614014,0
13.047262907028198,0
13.049635648727415,0
13.050578832626345,0
13.050612211227415,0
13.050783634185793,0
13.050784587860107,0
13.050795793533323,0
13.051035404205322,0
13.051470041275024,0
13.053226470947266,0
13.053250789642334,0
13.05795931816101,0
13.069993495941162,0
13.070022583007812,0
13.070034980773926,0
13.089771747589111,0
13.08982253074646,0
13.089837312698364,0
13.089974641799929,0
13.090959548950195,0
13.09123158454895,0
13.091417074203491,0
13.092782735824583,0
13.092825889587402,0
13.093116283416748,0
13.11543607711792,0
13.1154363155365,0
13.11547064781189,0
13.121124744415283,0
13.121143579483032,0
13.12114930152893,0
13.121160745620728,0
13.122671365737917,0
13.122743606567385,0
13.122761249542236,0
13.123083114624023,0
13.127249240875244,0
13.127270936965942,0
13.127308130264282,0
13.148448705673218,0
13.148473501205444,0
13.148483514785768,0
13.155951976776125,0
13.156040668487549,0
13.156057119369509,0
13.160831451416016,0
13.16090726852417,0
13.16092610359192,0
13.160943984985352,0
13.16095232963562,0
13.160961627960203,0
13.16240644454956,0
13.162787675857544,0
13.171657800674438,0
13.171682357788086,0
13.171696186065674,0
13.175129652023315,0
13.1783709526062,0
13.181594133377075,0
13.182851314544678,0
13.18390655517578,0
13.19360852241516,0
13.193610191345217,0
13.1936137676239,0
13.19597101211548,0
13.195993661880491,0
13.1960289478302,0
13.197847127914429,0
13.200129747390749,0
13.200144529342651,0
13.200936794281006,0
13.208465814590454,0
13.208466053009031,0
13.20859432220459,0
13.218320846557615,0
13.229591846466064,0
13.229618310928345,0
13.22962236404419,0
13.247306108474731,0
13.247334241867064,0
13.24739670753479,0
13.25072717666626,0
13.250744342803957,0
13.253053188323976,0
13.253098249435425,0
13.253395557403564,0
13.2536461353302,0
13.256749153137209,0
13.25676655769348,0
13.25682783126831,0
13.258044242858888,0
13.25806450843811,0
13.25974464416504,0
13.259868144989014,0
13.26210904121399,0
13.267890453338625,0
13.267911195755005,0
13.268040418624878,0
13.276026725769045,0
13.276055812835692,0
13.276071548461914,0
13.276087999343872,0
13.292974472045898,0
13.292977809906006,0
13.292993307113647,0
13.30256414413452,0
13.302577495574951,0
13.302733898162842,0
13.304160118103027,0
13.308555603027344,0
13.308581113815308,0
13.308592319488524,0
13.320453643798828,0
13.320475339889526,0
13.320475578308104,0
13.320490837097168,0
13.322306632995604,0
13.322325229644775,0
13.322385311126707,0
13.328795433044434,0
13.32882523536682,0
13.328837156295776,0
13.339439153671265,0
13.339627027511597,0
13.344285249710085,0
13.344306707382202,0
13.352961301803589,0
13.352993249893188,0
13.353036880493164,0
13.360383987426758,0
13.36042022705078,0
13.360429763793944,0
13.36043405532837,0
13.362302541732788,0
13.362319946289062,0
13.362337112426758,0
13.372034549713137,0
13.372035026550291,0
13.372068405151367,0
13.387966394424438,0
13.38798999786377,0
13.387996673583984,0
13.398481607437134,0
13.402700662612917,0
13.402704000473022,0
13.40639853477478,0
13.407049655914308,0
13.40707278251648,0
13.407084941864014,0
13.407095670700071,0
13.407238960266112,0
13.407254457473757,0
13.40727710723877,0
13.408332109451294,0
13.408365964889526,0
13.408379316329956,0
13.412434101104736,0
13.416921615600586,0
13.4270339012146,0
13.427057981491089,0
13.427093029022217,0
13.446231126785278,0
13.446246147155762,0
13.44625997543335,0
13.446297645568848,0
13.44949507713318,0
13.449509620666504,0
13.449564695358276,0
13.45052456855774,0
13.450555086135864,0
13.451205492019652,0
13.451231718063354,0
13.451279401779177,0
13.452502489089966,0
13.45258092880249,0
13.470696926116943,0
13.470747470855711,0
13.471110105514526,0
13.490126848220823,0
13.49791407585144,0
13.498053312301636,0
13.498069524765016,0
13.508760452270508,0
13.508790016174316,0
13.508811473846436,0
13.515686511993408,0
13.515705108642578,0
13.515803337097168,0
13.515821933746338,0
13.517231464385986,0
13.517303228378296,0
13.517322301864624,0
13.518530130386353,0
13.520158767700195,0
13.52504825592041,0
13.530032396316528,0
13.530059337615969,0
13.530104398727415,0
13.54905891418457,0
13.54908800125122,0
13.549100160598757,0
13.554673671722412,0
13.55467677116394,0
13.554705619812012,0
13.5547137260437,0
13.556787490844728,0
13.556802749633787,0
13.557249546051024,0
13.561252355575562,0
13.561296224594116,0
13.565190076828005,0
13.56528091430664,0
13.565349578857422,0
13.56536602973938,0
13.56879997253418,0
13.56881022453308,0
13.568824529647827,0
13.58046841621399,0
13.589848041534424,0
13.589877605438232,0
13.589949131011965,0
13.608988046646118,0
13.609121322631836,0
13.609162092208862,0
13.6308696269989,0
13.630894899368286,0
13.631834506988524,0
13.63186740875244,0
13.631912469863892,0
13.632274389266968,0
13.63302516937256,0
13.63341498374939,0
13.634461879730225,0
13.635733127593994,0
13.63575267791748,0
13.635762214660645,0
13.637068033218384,0
13.637069463729858,0
13.63707995414734,0
13.637088537216188,0
13.63710618019104,0
13.637134790420532,0
13.63715124130249,0
13.643393278121948,0
13.64702010154724,0
13.647045373916626,0
13.648616075515749,0
13.649092435836792,0
13.649145364761353,0
13.64918828010559,0
13.649302005767822,0
13.659549713134766,0
13.659597158432009,0
13.659600496292114,0
13.67964506149292,0
13.679692268371582,0
13.679711103439333,0
13.680386543273926,0
13.696641683578491,0
13.696642875671388,0
13.696669816970823,0
13.696675300598145,0
13.699378728866575,0
13.699382305145264,0
13.69941234588623,0
13.720229148864746,0
13.720274925231934,0
13.720569610595703,0
13.730880737304688,0
13.730931520462036,0
13.730960130691528,0
13.732292890548706,0
13.735937356948853,0
13.737082958221436,0
13.74045729637146,0
13.740493059158323,0
13.740495204925535,0
13.745126962661743,0
13.748712539672852,0
13.748757123947144,0
13.748841524124146,0
13.760364294052124,0
13.760621070861816,0
13.761133193969728,0
13.765125513076782,0
13.765206575393677,0
13.767269611358644,0
13.767305850982666,0
13.768277406692505,0
13.779972314834597,0
13.780016422271729,0
13.78003430366516,0
13.793314456939695,0
13.793328285217283,0
13.793340921401978,0
13.795066118240356,0
13.799011468887327,0
13.799044609069824,0
13.799050092697144,0
13.799971103668211,0
13.80000376701355,0
13.80005383491516,0
13.807588815689089,0
13.818187713623049,0
13.818403959274292,0
13.819587469100952,0
13.81963062286377,0
13.819636106491089,0
13.839873552322388,0
13.839916229248049,0
13.83994174003601,0
13.844235897064207,0
13.844257116317747,0
13.844271898269652,0
13.844314098358154,0
13.84829878807068,0
13.84833312034607,0
13.848697900772097,0
13.849308490753174,0
13.84945797920227,0
13.859503030776978,0
13.859577655792236,0
13.859597444534302,0
13.865628719329834,0
13.865696907043455,0
13.867587089538574,0
13.867841243743896,0
13.868103504180908,0
13.868215322494509,0
13.87234091758728,0
13.874070644378662,0
13.874211549758911,0
13.874533653259276,0
13.88005018234253,0
13.880233764648438,0
13.88026475906372,0
13.895599603652954,0
13.895627975463867,0
13.89564061164856,0
13.89709496498108,0
13.897125482559204,0
13.897128582000732,0
13.897143840789797,0
13.898053884506226,0
13.899395227432253,0
13.899427652359009,0
13.899489164352415,0
13.919614791870115,0
13.919649839401243,0
13.92153525352478,0
13.921679735183716,0
13.9216947555542,0
13.921706676483154,0
13.92517614364624,0
13.925188064575195,0
13.925200939178469,0
13.9395272731781,0
13.939554691314695,0
13.939712762832642,0
13.955960273742676,0
13.95598578453064,0
13.958042621612549,0
13.958056211471558,0
13.959716081619264,0
13.959731101989746,0
13.959741115570068,0
13.959803104400637,0
13.962453603744509,0
13.97945499420166,0
13.979480504989624,0
13.979490518569946,0
13.999764204025269,0
13.999764680862429,0
13.999801397323608,0
14.000576257705688,0
14.003488540649414,0
14.003491401672363,0
14.005316972732544,0
14.0053391456604,0
14.005372285842896,0
14.005407571792604,0
14.010047435760498,0
14.010071992874146,0
14.010308742523192,0
14.01094388961792,0
14.011678695678713,0
14.012561559677124,0
14.01348352432251,0
14.019498586654665,0
14.019523859024048,0
14.019561052322388,0
14.028990268707275,0
14.02900505065918,0
14.030626773834229,0
14.030821561813354,0
14.031294584274292,0
14.031314134597778,0
14.03135347366333,0
14.031890153884888,0
14.031952857971191,0
14.039762020111084,0
14.039802312850952,0
14.039816856384276,0
14.046153783798218,0
14.046203374862673,0
14.048015356063845,0
14.050095558166504,0
14.057363748550417,0
14.059652090072632,0
14.059684038162231,0
14.05980348587036,0
14.079530715942385,0
14.079567909240724,0
14.079568147659302,0
14.09824252128601,0
14.09826946258545,0
14.098302364349363,0
14.098334789276125,0
14.098408937454224,0
14.098424196243286,0
14.09851622581482,0
14.100033044815063,0
14.10006046295166,0
14.100072145462036,0
14.11946177482605,0
14.119490146636965,0
14.11952257156372,0
14.12184715270996,0
14.12188482284546,0
14.121959924697876,0
14.122007608413696,0
14.124228477478027,0
14.12426495552063,0
14.124280452728271,0
14.125629425048828,0
14.139474630355837,0
14.139517545700071,0
14.13957381248474,0
14.15043306350708,0
14.150457620620728,0
14.1504807472229,0
14.150537967681885,0
14.154540538787842,0
14.154934406280518,0
14.154995679855348,0
14.155043125152588,0
14.155106544494627,0
14.158215522766112,0
14.158276796340942,0
14.159471035003662,0
14.15950632095337,0
14.159521102905272,0
14.160247087478638,0
14.180037021636965,0
14.18007755279541,0
14.18093228340149,0
14.193956136703491,0
14.193973541259766,0
14.193991661071776,0
14.194178819656372,0
14.19421672821045,0
14.194233179092407,0
14.194500207901,0
14.206870317459106,0
14.20687460899353,0
14.206926584243774,0
14.215888261795044,0
14.219773530960085,0
14.219956636428831,0
14.220247745513916,0
14.239591121673584,0
14.239619731903076,0
14.23963189125061,0
14.259611129760742,0
14.259652376174929,0
14.2596697807312,0
14.278572797775269,0
14.278661489486694,0
14.279696226119995,0
14.279735565185549,0
14.279784679412842,0
14.28278660774231,0
14.28280520439148,0
14.284427165985107,0
14.284573554992676,0
14.285016536712646,0
14.28503131866455,0
14.285053491592407,0
14.285351753234863,0
14.28539752960205,0
14.292808771133425,0
14.292876243591309,0
14.292896270751951,0
14.299450874328612,0
14.30007553100586,0
14.300121545791626,0
14.300136089324951,0
14.306325197219849,0
14.309882640838625,0
14.310669422149658,0
14.31078028678894,0
14.310803890228271,0
14.31400465965271,0
14.314146518707275,0
14.314403772354126,0
14.317413091659546,0
14.319459438323976,0
14.319838285446169,0
14.319841146469116,0
14.339509963989258,0
14.33954930305481,0
14.33956265449524,0
14.34678053855896,0
14.346805572509766,0
14.346823930740356,0
14.346903562545776,0
14.350611448287964,0
14.35079026222229,0
14.351571798324583,0
14.35424780845642,0
14.354338884353638,0
14.365938186645508,0
14.366445064544678,0
14.36647605895996,0
14.366525411605837,0
14.36652898788452,0
14.366547584533691,0
14.366560697555542,0
14.366622686386108,0
14.366777896881104,0
14.366796493530272,0
14.366812705993652,0
14.366912126541138,0
14.377025365829468,0
14.379528045654297,0
14.380115032196043,0
14.380192279815674,0
14.393689632415771,0
14.39370608329773,0
14.393716812133787,0
14.393727540969849,0
14.393738746643066,0
14.393792390823364,0
14.407532930374146,0
14.407745361328123,0
14.407768964767456,0
14.408614873886108,0
14.410187005996704,0
14.410201072692873,0
14.410248517990112,0
14.412031888961792,0
14.427894592285156,0
14.427926063537598,0
14.428048372268677,0
14.432719707489014,0
14.436831712722778,0
14.437523126602173,0
14.43755340576172,0
14.437567472457886,0
14.438921213150024,0
14.438934087753296,0
14.43894648551941,0
14.445655107498167,0
14.44581389427185,0
14.447075843811035,0
14.447136402130129,0
14.447617292404177,0
14.447619915008543,0
14.44764494895935,0
14.455967903137209,0
14.456180572509766,0
14.46947956085205,0
14.46947979927063,0
14.469553470611572,0
14.479883670806885,0
14.49121618270874,0
14.491250276565552,0
14.49126434326172,0
14.50855803489685,0
14.508574485778809,0
14.508598566055298,0
14.508664846420288,0
14.510213613510132,0
14.510228872299194,0
14.510504007339478,0
14.510836362838743,0
14.510866165161133,0
14.51297378540039,0
14.536630392074583,0
14.536661863327026,0
14.536728143692017,0
14.549526453018188,0
14.550009965896606,0
14.550754070281982,0
14.554461240768433,0
14.554476022720335,0
14.554532766342165,0
14.554556131362917,0
14.557190418243408,0
14.5572350025177,0
14.557288885116575,0
14.558772802352903,0
14.558809280395508,0
14.564011096954346,0
14.564046621322632,0
14.573644161224363,0
14.57367205619812,0
14.573777437210085,0
14.574028253555298,0
14.5862295627594,0
14.586247682571411,0
14.586372137069702,0
14.586389780044556,0
14.589656829833984,0
14.589671611785889,0
14.589702367782593,0
14.592533826828005,0
14.5925612449646,0
14.592608213424684,0
14.600284337997437,0
14.600308418273926,0
14.600313425064089,0
14.60032081604004,0
14.60890531539917,0
14.608933925628662,0
14.609073400497437,0
14.60911512374878,0
14.609142780303957,0
14.609843969345093,0
14.619376420974731,0
14.619401454925535,0
14.619419574737549,0
14.635160207748411,0
14.63946294784546,0
14.639483451843262,0
14.639527320861816,0
14.659390926361084,0
14.65942645072937,0
14.661080360412598,0
14.661171197891235,0
14.662065029144289,0
14.679568529129028,0
14.679608821868896,0
14.679632663726808,0
14.682288646697998,0
14.682328939437866,0
14.682337999343872,0
14.682352542877195,0
14.686724662780762,0
14.686759233474731,0
14.686840534210203,0
14.699645280838013,0
14.703604698181152,0
14.703624963760376,0
14.707580804824827,0
14.7076518535614,0
14.71039628982544,0
14.710713624954224,0
14.710940599441528,0
14.715176820755005,0
14.719375371932983,0
14.719396591186523,0
14.719441413879396,0
14.72596526145935,0
14.729206323623655,0
14.739570140838625,0
14.739614725112917,0
14.739634037017822,0
14.747803926467896,0
14.747843742370604,0
14.747867584228516,0
14.747917890548706,0
14.751094341278076,0
14.751120567321776,0
14.75139546394348,0
14.75357222557068,0
14.75361442565918,0
14.75963830947876,0
14.759681940078735,0
14.759870529174805,0
14.7749342918396,0
14.775100231170654,0
14.775131225585938,0
14.77523398399353,0
14.77954387664795,0
14.779568195343018,0
14.779587268829346,0
14.78985047340393,0
14.80049443244934,0
14.80171799659729,0
14.80362606048584,0
14.812134504318236,0
14.81219220161438,0
14.812272787094116,0
14.812355279922484,0
14.812376260757446,0
14.812394380569458,0
14.81239628791809,0
14.817416906356812,0
14.819536685943604,0
14.819756269454956,0
14.8199143409729,0
14.836711883544922,0
14.837749242782593,0
14.838244438171388,0
14.83853030204773,0
14.838768482208252,0
14.838836669921877,0
14.839867353439333,0
14.839887142181396,0
14.839905500411987,0
14.841604232788086,0
14.841606378555298,0
14.84162139892578,0
14.842679738998411,0
14.842700481414797,0
14.844271659851074,0
14.84430193901062,0
14.84725856781006,0
14.84729504585266,0
14.847310781478882,0
14.84738540649414,0
14.848993062973022,0
14.849172830581663,0
14.849198579788208,0
14.859801054000854,0
14.859841346740724,0
14.859859466552734,0
14.879591464996338,0
14.88162326812744,0
14.881669998168944,0
14.88176417350769,0
14.899940729141235,0
14.899977684020996,0
14.900047063827516,0
14.907265901565552,0
14.90736985206604,0
14.907388925552368,0
14.907408475875854,0
14.911873579025269,0
14.919063568115234,0
14.919069051742554,0
14.919122219085692,0
14.91930365562439,0
14.920587062835692,0
14.920618772506714,0
14.920704364776611,0
14.939680099487305,0
14.939723014831545,0
14.939742088317873,0
14.949915647506714,0
14.953094244003296,0
14.959893226623535,0
14.959909439086914,0
14.95992398262024,0
14.961189985275269,0
14.961447715759276,0
14.961565732955933,0
14.961592197418211,0
14.980071544647217,0
14.980100870132446,0
14.980114698410034,0
14.997724533081056,0
14.997755527496338,0
14.99776840209961,0
14.999464988708496,0
14.999572038650513,0
14.999628067016602,0
14.999990463256836,0
15.0023512840271,0
15.003504753112791,0
15.003536462783812,0
15.00357961654663,0
15.010469198226929,0
15.010498046875,0
15.01050877571106,0
15.010554552078249,0
15.010592460632324,0
15.010613203048706,0
15.013565063476562,0
15.013583898544312,0
15.014023542404177,0
15.01732349395752,0
15.019604921340942,0
15.019665956497192,0
15.0196795463562,0
15.021684169769289,0
15.023481369018556,0
15.039765119552612,0
15.040089130401611,0
15.040110111236572,0
15.044388055801392,0
15.044422388076782,0
15.046691656112673,0
15.046850442886353,0
15.04768443107605,0
15.059689283370972,0
15.05972170829773,0
15.059736967086792,0
15.061535835266112,0
15.06157159805298,0
15.061620712280272,0
15.061643362045288,0
15.06642246246338,0
15.066457748413086,0
15.066527843475342,0
15.080040454864502,0
15.080080509185793,0
15.0801362991333,0
15.080240964889526,0
15.080286264419556,0
15.08030390739441,0
15.08035159111023,0
15.082799673080444,0
15.083137273788452,0
15.08330225944519,0
15.09524631500244,0
15.10024905204773,0
15.100285530090332,0
15.100394248962402,0
15.130516767501833,0
15.131239414215088,0
15.131258249282835,0
15.15224266052246,0
15.152276277542114,0
15.152289867401125,0
15.154459953308104,0
15.15456199645996,0
15.154640674591064,0
15.154733896255491,0
15.156859159469604,0
15.156882047653198,0
15.156899452209473,0
15.158182382583618,0
15.158268690109251,0
15.162408828735352,0
15.162424087524414,0
15.16744327545166,0
15.17771029472351,0
15.177768230438232,0
15.177785873413086,0
15.191668272018433,0
15.19294023513794,0
15.192963361740112,0
15.197680234909058,0
15.197736501693726,0
15.19778323173523,0
15.197837591171265,0
15.200632333755491,0
15.20064616203308,0
15.201042652130129,0
15.20333981513977,0
15.205323457717896,0
15.210368871688845,0
15.21039652824402,0
15.210429191589355,0
15.219515323638916,0
15.227580785751345,0
15.227592945098875,0
15.227622509002686,0
15.227623462677002,0
15.22763442993164,0
15.22764015197754,0
15.227652549743652,0
15.227658748626707,0
15.22772479057312,0
15.229536533355711,0
15.229542255401611,0
15.22977900505066,0
15.249354839324951,0
15.249382972717283,0
15.2494695186615,0
15.25038242340088,0
15.250709533691406,0
15.253375053405762,0
15.253442287445068,0
15.26028823852539,0
15.264144897460938,0
15.265342712402344,0
15.265344381332396,0
15.265384912490845,0
15.26972246170044,0
15.26978087425232,0
15.269805431365969,0
15.284236907958984,0
15.284252882003784,0
15.284302949905396,0
15.287256002426147,0
15.292175054550173,0
15.292243003845217,0
15.292367935180664,0
15.30376386642456,0
15.303786993026732,0
15.303798913955688,0
15.303854942321776,0
15.3087317943573,0
15.308763027191162,0
15.308770418167114,0
15.310787916183472,0
15.310789346694946,0
15.310792684555054,0
15.31081247329712,0
15.311315298080444,0
15.311341285705566,0
15.311352729797363,0
15.317617177963257,0
15.317641496658323,0
15.31764817237854,0
15.327343940734863,0
15.327890396118164,0
15.32791805267334,0
15.338476419448853,0
15.33848524093628,0
15.33946657180786,0
15.339481353759766,0
15.340022325515749,0
15.340505361557009,0
15.3408203125,0
15.357122659683228,0
15.373798608779907,0
15.373836755752563,0
15.391324758529665,0
15.391339302062988,0
15.391350746154783,0
15.391483783721924,0
15.391501188278198,0
15.391513347625732,0
15.391523838043211,0
15.396397113800049,0
15.396409273147585,0
15.397143363952637,0
15.406189441680908,0
15.41071367263794,0
15.410738229751589,0
15.410745859146118,0
15.412667512893677,0
15.412848472595217,0
15.423163175582886,0
15.423194169998167,0
15.423211097717283,0
15.425174236297607,0
15.425629138946531,0
15.426111221313477,0
15.426930904388428,0
15.428569555282593,0
15.428585767745972,0
15.428600311279297,0
15.42861270904541,0
15.42959213256836,0
15.43271017074585,0
15.43274974822998,0
15.448827505111694,0
15.448846578598022,0
15.448864221572876,0
15.465936183929443,0
15.470850944519045,0
15.470898151397703,0
15.470983743667604,0
15.472704648971558,0
15.472751379013062,0
15.472769498825071,0
15.473695993423462,0
15.475676774978638,0
15.475698709487917,0
15.475754976272585,0
15.482462167739868,0
15.48423719406128,0
15.489114046096802,0
15.48914122581482,0
15.48915410041809,0
15.509395599365234,0
15.50942039489746,0
15.509431838989258,0
15.51693320274353,0
15.530325651168823,0
15.530357599258425,0
15.530375480651855,0
15.550233125686646,0
15.550260543823242,0
15.55027174949646,0
15.550275564193726,0
15.5516197681427,0
15.552727699279783,0
15.552940845489502,0
15.553114414215088,0
15.553163528442385,0
15.554136276245115,0
15.557076930999756,0
15.558319807052612,0
15.559223413467407,0
15.559226036071776,0
15.570374250411987,0
15.57038927078247,0
15.570873498916626,0
15.570899724960327,0
15.571133375167848,0
15.573087453842165,0
15.57747769355774,0
15.5775625705719,0
15.577578783035278,0
15.57763671875,0
15.588022470474243,0
15.588048458099363,0
15.588074684143066,0
15.595394372940063,0
15.59541368484497,0
15.595467567443848,0
15.597521543502808,0
15.597540855407717,0
15.597551822662354,0
15.598168134689333,0
15.59934425354004,0
15.59937047958374,0
15.599441528320312,0
15.600300788879396,0
15.607508420944214,0
15.607524633407593,0
15.609143018722534,0
15.609153509140016,0
15.610636472702026,0
15.610983610153198,0
15.610998630523682,0
15.611082792282104,0
15.611092805862429,0
15.612334728240969,0
15.612360000610352,0
15.61236333847046,0
15.62056565284729,0
15.62059497833252,0
15.620642185211182,0
15.626068830490112,0
15.627619981765749,0
15.639472007751465,0
15.63949704170227,0
15.639519691467283,0
15.64168620109558,0
15.64172649383545,0
15.64348006248474,0
15.643538236618042,0
15.658826351165771,0
15.660166025161743,0
15.660206317901611,0
15.66020941734314,0
15.67963981628418,0
15.67968225479126,0
15.6796977519989,0
15.691720008850098,0
15.691778898239136,0
15.691800117492676,0
15.694700241088867,0
15.694717407226562,0
15.694720029830933,0
15.694736957550049,0
15.695537805557253,0
15.69989800453186,0
15.701740026474,0
15.701882123947144,0
15.70480728149414,0
15.704846858978271,0
15.70486855506897,0
15.70740842819214,0
15.707633972167969,0
15.707653045654297,0
15.707668781280518,0
15.716912508010864,0
15.716944456100464,0
15.71949553489685,0
15.71952223777771,0
15.719558000564575,0
15.733199119567873,0
15.733246564865112,0
15.739468097686768,0
15.739506244659424,0
15.739578008651732,0
15.75965428352356,0
15.759711742401125,0
15.759729862213137,0
15.76713728904724,0
15.77456021308899,0
15.774600505828856,0
15.774827480316162,0
15.77486252784729,0
15.78060507774353,0
15.780797004699709,0
15.78081464767456,0
15.781672239303589,0
15.781695127487184,0
15.781768083572388,0
15.7970232963562,0
15.799923658370972,0
15.7999587059021,0
15.800032377243042,0
15.800670862197876,0
15.801790952682495,0
15.812631130218506,0
15.812644481658936,0
15.814586639404297,0
15.814610481262209,0
15.814696311950684,0
15.814711570739746,0
15.825879335403442,0
15.826321601867676,0
15.826348781585692,0
15.826491594314575,0
15.826517581939695,0
15.826553106307983,0
15.82858109474182,0
15.828614711761476,0
15.828654050827026,0
15.828667402267456,0
15.830263137817385,0
15.8302960395813,0
15.830416202545166,0
15.831395149230955,0
15.831425428390505,0
15.833092212677002,0
15.833182334899902,0
15.840301752090454,0
15.84033703804016,0
15.84035348892212,0
15.841720342636108,0
15.859517335891724,0
15.859558582305908,0
15.859575510025024,0
15.863869190216064,0
15.867201566696169,0
15.867286682128906,0
15.867356061935425,0
15.868102788925173,0
15.868165969848633,0
15.868189334869385,0
15.87983775138855,0
15.879858493804932,0
15.879879713058472,0
15.89972472190857,0
15.899768352508543,0
15.89978551864624,0
15.911008358001707,0
15.91978669166565,0
15.919823169708252,0
15.919838905334473,0
15.924371004104614,0
15.924426078796388,0
15.924444198608398,0
15.927057981491089,0
15.927184581756592,0
15.927294969558716,0
15.927315950393677,0
15.928356409072876,0
15.928357362747192,0
15.94011688232422,0
15.940137147903442,0
15.940159559249878,0
15.940230131149292,0
15.940404891967772,0
15.941156387329102,0
15.960647821426392,0
15.960903882980348,0
15.960933923721312,0
15.964133977890016,0
15.964162349700928,0
15.964210510253906,0
15.964707136154177,0
15.969179153442385,0
15.969554662704468,0
15.97014021873474,0
15.979494094848633,0
15.979569673538208,0
15.97963261604309,0
15.998252630233765,0
15.999873876571655,0
15.99990940093994,0
15.99992561340332,0
16.001448392868042,0
16.00498914718628,0
16.021121740341187,0
16.021154403686523,0
16.021165132522583,0
16.023635864257812,0
16.023648262023926,0
16.026244640350342,0
16.026278018951416,0
16.026293754577637,0
16.026828050613403,0
16.026901721954346,0
16.027076959609985,0
16.027868270874023,0
16.02856469154358,0
16.028733015060425,0
16.029546976089478,0
16.030370235443115,0
16.03039526939392,0
16.033390522003174,0
16.033445596694946,0
16.034552812576294,0
16.039358615875244,0
16.039387941360474,0
16.039416074752808,0
16.05543851852417,0
16.055477142333984,0
16.05560278892517,0
16.056118965148926,0
16.059762001037598,0
16.059797286987305,0
16.059812545776367,0
16.079671382904053,0
16.079719066619873,0
16.079794883728027,0
16.08252191543579,0
16.082571983337402,0
16.08480453491211,0
16.08634901046753,0
16.086399793624878,0
16.08642053604126,0
16.08643889427185,0
16.09511923789978,0
16.095190048217773,0
16.095191478729248,0
16.09983539581299,0
16.09989047050476,0
16.1001033782959,0
16.119601011276245,0
16.119613647460938,0
16.11962652206421,0
16.12010931968689,0
16.150675058364868,0
16.150842666625977,0
16.1508731842041,0
16.15096092224121,0
16.15337586402893,0
16.153406143188477,0
16.153419017791748,0
16.1538405418396,0
16.15550923347473,0
16.16447901725769,0
16.164498567581177,0
16.165637016296387,0
16.17108464241028,0
16.171320915222168,0
16.171645402908325,0
16.171873569488525,0
16.171894311904907,0
16.171910524368286,0
16.1719651222229,0
16.18373942375183,0
16.18770432472229,0
16.187727212905884,0
16.18776559829712,0
16.187803268432617,0
16.188426733016968,0
16.188449382781982,0
16.188461542129517,0
16.20592188835144,0
16.205953121185303,0
16.205960750579834,0
16.205970764160156,0
16.212932109832764,0
16.212960958480835,0
16.21301245689392,0
16.2255756855011,0
16.22559142112732,0
16.22731375694275,0
16.227333784103394,0
16.227389812469482,0
16.22740888595581,0
16.227500677108765,0
16.227515697479248,0
16.227572202682495,0
16.229339599609375,0
16.229347229003906,0
16.229360818862915,0
16.24108862876892,0
16.241134881973267,0
16.243974924087524,0
16.244060039520264,0
16.25144386291504,0
16.251673936843872,0
16.251752138137817,0
16.274773120880127,0
16.274821519851685,0
16.27492928504944,0
16.28334355354309,0
16.291356563568115,0
16.291388750076294,0
16.291426181793213,0
16.292688369750977,0
16.29271912574768,0
16.292733907699585,0
16.29274868965149,0
16.302194356918335,0
16.302614212036133,0
16.303251266479492,0
16.307819366455078,0
16.307841539382935,0
16.307855129241943,0
16.310713529586792,0
16.310741186141968,0
16.310752630233765,0
16.313802242279053,0
16.313812732696533,0
16.313817977905273,0
16.315621376037598,0
16.32731866836548,0
16.327348232269287,0
16.327372312545776,0
16.340182304382324,0
16.34022283554077,0
16.340239763259888,0
16.3468496799469,0
16.349229097366333,0
16.34926176071167,0
16.34929609298706,0
16.34941530227661,0
16.349533557891846,0
16.349554300308228,0
16.350544452667236,0
16.350757598876953,0
16.353627681732178,0
16.353689908981323,0
16.359875440597534,0
16.35990047454834,0
16.35992121696472,0
16.37955403327942,0
16.37958812713623,0
16.37960386276245,0
16.38670325279236,0
16.39400839805603,0
16.39402675628662,0
16.399601459503174,0
16.39966654777527,0
16.417439937591553,0
16.41747212409973,0
16.417486906051636,0
16.41754460334778,0
16.419777631759644,0
16.4201078414917,0
16.420334339141846,0
16.425763845443726,0
16.42578148841858,0
16.425890684127808,0
16.429120540618896,0
16.431511163711548,0
16.435860633850098,0
16.439878463745117,0
16.4401376247406,0
16.44016432762146,0
16.44557476043701,0
16.445576906204224,0
16.445591688156128,0
16.44559907913208,0
16.447279930114746,0
16.44729781150818,0
16.44770860671997,0
16.449254751205444,0
16.449337482452393,0
16.451176643371582,0
16.4511935710907,0
16.454215049743652,0
16.45953893661499,0
16.45958185195923,0
16.459599494934082,0
16.47954535484314,0
16.47958993911743,0
16.479897022247314,0
16.488969564437866,0
16.4901442527771,0
16.500007390975952,0
16.50000786781311,0
16.500056266784668,0
16.50427484512329,0
16.50437045097351,0
16.504441022872925,0
16.504554748535156,0
16.508108854293823,0
16.508317232131958,0
16.508400917053223,0
16.517686128616333,0
16.51948857307434,0
16.520838975906372,0
16.520870447158813,0
16.539751052856445,0
16.53979182243347,0
16.539855480194092,0
16.556357622146606,0
16.556568384170532,0
16.55677080154419,0
16.55677580833435,0
16.561029195785522,0
16.561036586761475,0
16.561054706573486,0
16.56166648864746,0
16.56169319152832,0
16.561794996261597,0
16.564743041992188,0
16.56516122817993,0
16.56777334213257,0
16.567789554595947,0
16.56958842277527,0
16.569851636886597,0
16.569856643676758,0
16.56992268562317,0
16.57178258895874,0
16.572253704071045,0
16.572257041931152,0
16.579440355300903,0
16.579474925994873,0
16.580132246017456,0
16.580304622650146,0
16.580341815948486,0
16.585755109786987,0
16.59109330177307,0
16.59110927581787,0
16.59112572669983,0
16.591142416000366,0
16.596965789794922,0
16.597049951553345,0
16.5996675491333,0
16.59980010986328,0
16.59985637664795,0
16.601523399353027,0
16.616926670074463,0
16.619298458099365,0
16.619378328323364,0
16.619434595108032,0
16.63952660560608,0
16.63956928253174,0
16.639586448669434,0
16.659833431243896,0
16.659884929656982,0
16.66073203086853,0
16.66957402229309,0
16.669607400894165,0
16.67031979560852,0
16.670347452163696,0
16.670433521270752,0
16.67049288749695,0
16.673663854599,0
16.67370343208313,0
16.673768281936646,0
16.67956042289734,0
16.679611444473267,0
16.679631233215332,0
16.687434911727905,0
16.68748188018799,0
16.68989658355713,0
16.68998956680298,0
16.69106912612915,0
16.702715158462524,0
16.70350408554077,0
16.703545331954956,0
16.71138620376587,0
16.711403131484985,0
16.711547374725342,0
16.71158528327942,0
16.719202995300293,0
16.719236135482788,0
16.71925115585327,0
16.719878911972046,0
16.71989941596985,0
16.71991229057312,0
16.73594570159912,0
16.739570379257202,0
16.73961114883423,0
16.739628791809082,0
16.76031517982483,0
16.760363817214966,0
16.760385036468506,0
16.774335861206055,0
16.77437400817871,0
16.77437472343445,0
16.77438974380493,0
16.77916193008423,0
16.779189586639404,0
16.77931308746338,0
16.7794668674469,0
16.779485940933228,0
16.7795512676239,0
16.783222198486328,0
16.78324007987976,0
16.784915924072266,0
16.784944534301758,0
16.785598039627075,0
16.79180669784546,0
16.792266845703125,0
16.800097942352295,0
16.800151824951172,0
16.800169229507446,0
16.813526153564453,0
16.81354260444641,0
16.81712532043457,0
16.817153215408325,0
16.817166805267334,0
16.817210912704468,0
16.81730341911316,0
16.817336559295654,0
16.817373991012573,0
16.817389965057373,0
16.817437171936035,0
16.81745958328247,0
16.81746006011963,0
16.81863307952881,0
16.818645238876343,0
16.819060564041138,0
16.819607734680176,0
16.81962490081787,0
16.819636344909668,0
16.823122262954712,0
16.826754570007324,0
16.82677721977234,0
16.826781272888184,0
16.826820373535156,0
16.835763216018677,0
16.83578109741211,0
16.83589243888855,0
16.839695692062378,0
16.839890003204346,0
16.84073567390442,0
16.867111921310425,0
16.86732268333435,0
16.86734437942505,0
16.8745379447937,0
16.874711275100708,0
16.876404285430908,0
16.876431941986084,0
16.87844967842102,0
16.88492512702942,0
16.88572907447815,0
16.88867425918579,0
16.88871121406555,0
16.888760089874268,0
16.903334856033325,0
16.9033522605896,0
16.903368949890137,0
16.903385400772095,0
16.905831575393677,0
16.90583348274231,0
16.905851364135742,0
16.90718102455139,0
16.910255432128906,0
16.91028594970703,0
16.91046142578125,0
16.926613807678223,0
16.926614999771118,0
16.926713466644287,0
16.92930769920349,0
16.92932963371277,0
16.929364442825317,0
16.92939591407776,0
16.93033766746521,0
16.930352926254272,0
16.930825233459473,0
16.931915283203125,0
16.931959867477417,0
16.935380458831787,0
16.93556809425354,0
16.948286533355713,0
16.948318243026733,0
16.948318481445312,0
16.969993591308594,0
16.97028160095215,0
16.97059416770935,0
16.990960597991943,0
16.993406057357788,0
16.993438482284546,0
16.99351477622986,0
16.99781560897827,0
16.997820138931274,0
17.009530782699585,0
17.009560108184814,0
17.009922742843628,0
17.016141414642334,0
17.016154527664185,0
17.016167163848877,0
17.016228199005127,0
17.018835306167603,0
17.018932580947876,0
17.018951416015625,0
17.027588605880737,0
17.027652978897095,0
17.02765393257141,0
17.038398504257202,0
17.040183305740356,0
17.043816089630127,0
17.044053316116333,0
17.04424262046814,0
17.044471740722656,0
17.04920530319214,0
17.049205541610718,0
17.04924464225769,0
17.04926109313965,0
17.049379587173462,0
17.049397468566895,0
17.050278902053833,0
17.050307273864746,0
17.050766944885254,0
17.050793886184692,0
17.053335666656494,0
17.053417921066284,0
17.053492546081543,0
17.053523302078247,0
17.0556857585907,0
17.05571174621582,0
17.055829286575317,0
17.05833625793457,0
17.05920958518982,0
17.068689823150635,0
17.068715810775757,0
17.068731546401978,0
17.0772705078125,0
17.079821348190308,0
17.07990527153015,0
17.079952239990234,0
17.106994152069092,0
17.10701608657837,0
17.107094526290894,0
17.107640027999878,0
17.11109972000122,0
17.11130976676941,0
17.11133313179016,0
17.11147451400757,0
17.112210273742676,0
17.116886615753174,0
17.11979055404663,0
17.119826078414917,0
17.119844436645508,0
17.12418031692505,0
17.13268232345581,0
17.133435249328613,0
17.139559030532837,0
17.139592170715332,0
17.13960862159729,0
17.150133848190308,0
17.150137901306152,0
17.150197982788086,0
17.15027928352356,0
17.153634786605835,0
17.15365958213806,0
17.15372633934021,0
17.154839754104614,0
17.154881238937378,0
17.15599298477173,0
17.156028747558594,0
17.15971851348877,0
17.159729719161987,0
17.1597957611084,0
17.179746389389038,0
17.17974829673767,0
17.17979407310486,0
17.18533205986023,0
17.19091510772705,0
17.190927028656006,0
17.19093155860901,0
17.19312071800232,0
17.200773239135742,0
17.200814962387085,0
17.200833320617676,0
17.205809593200684,0
17.205894947052002,0
17.206008434295654,0
17.20850133895874,0
17.21954846382141,0
17.219600200653076,0
17.23113703727722,0
17.23130226135254,0
17.232303142547607,0
17.232565879821777,0
17.23259711265564,0
17.235421180725098,0
17.23546862602234,0
17.235520601272583,0
17.235571146011353,0
17.239497423171997,0
17.23975920677185,0
17.23978090286255,0
17.239794731140137,0
17.239807844161987,0
17.241174459457397,0
17.241214513778687,0
17.24364399909973,0
17.246917009353638,0
17.255808115005493,0
17.259655952453613,0
17.259705543518066,0
17.25972890853882,0
17.279817819595337,0
17.279853582382202,0
17.279879093170166,0
17.284115314483643,0
17.284174919128418,0
17.286978006362915,0
17.2870774269104,0
17.30033588409424,0
17.30038022994995,0
17.300410509109497,0
17.30373215675354,0
17.30377960205078,0
17.30378770828247,0
17.309970378875732,0
17.310011386871338,0
17.31044054031372,0
17.310454845428467,0
17.311318159103394,0
17.311349391937256,0
17.311355113983154,0
17.319490671157837,0
17.31952714920044,0
17.31954026222229,0
17.335351943969727,0
17.35192561149597,0
17.35197401046753,0
17.352023601531982,0
17.37714147567749,0
17.377172470092773,0
17.377456188201904,0
17.378302812576294,0
17.378422021865845,0
17.378442525863647,0
17.38031244277954,0
17.38033151626587,0
17.380353689193726,0
17.380573511123657,0
17.381552934646606,0
17.381585121154785,0
17.38965916633606,0
17.38975954055786,0
17.389800786972046,0
17.3906512260437,0
17.390680074691772,0
17.390693187713623,0
17.410522937774658,0
17.411202907562256,0
17.411231517791748,0
17.412692546844482,0
17.412915468215942,0
17.4144229888916,0
17.414426803588867,0
17.414433240890503,0
17.41443634033203,0
17.41934585571289,0
17.4193594455719,0
17.419373512268066,0
17.423935174942017,0
17.429405689239502,0
17.429418325424194,0
17.42946434020996,0
17.429473638534546,0
17.435368299484253,0
17.435611963272095,0
17.435625314712524,0
17.44240975379944,0
17.442435026168823,0
17.44245219230652,0
17.443918228149414,0
17.443974018096924,0
17.445402145385742,0
17.44541621208191,0
17.45027756690979,0
17.450307607650757,0
17.450706243515015,0
17.45539903640747,0
17.470173120498657,0
17.47020983695984,0
17.47022843360901,0
17.490244388580322,0
17.490262031555176,0
17.490354299545288,0
17.513916969299316,0
17.5139479637146,0
17.513962745666504,0
17.514026641845703,0
17.515982151031494,0
17.516062259674072,0
17.516082286834717,0
17.520148992538452,0
17.5202157497406,0
17.520769357681274,0
17.523086071014404,0
17.527381896972656,0
17.529544830322266,0
17.530221462249756,0
17.530308485031128,0
17.530322313308716,0
17.5454843044281,0
17.545496463775635,0
17.54553747177124,0
17.545563459396362,0
17.54919743537903,0
17.549209117889404,0
17.549551248550415,0
17.549564123153687,0
17.549577236175537,0
17.55157780647278,0
17.551602840423584,0
17.551612615585327,0
17.552226543426514,0
17.552250146865845,0
17.55554175376892,0
17.555567026138306,0
17.555572509765625,0
17.555736780166626,0
17.56979203224182,0
17.569817543029785,0
17.569828033447266,0
17.589308261871338,0
17.58932137489319,0
17.58936834335327,0
17.590412378311157,0
17.592528104782104,0
17.59256625175476,0
17.592581748962402,0
17.600298643112183,0
17.60032868385315,0
17.600340604782104,0
17.60841655731201,0
17.608651161193848,0
17.60877227783203,0
17.609038591384888,0
17.61120295524597,0
17.611207723617554,0
17.612045288085938,0
17.612072229385376,0
17.613412618637085,0
17.614173412322998,0
17.625483989715576,0
17.625497817993164,0
17.62626624107361,0
17.626346588134766,0
17.626366138458252,0
17.626372575759888,0
17.629093170166016,0
17.629100799560547,0
17.62936520576477,0
17.629430532455444,0
17.629501342773438,0
17.62951350212097,0
17.6455659866333,0
17.645591497421265,0
17.646985292434692,0
17.648064136505127,0
17.649583339691162,0
17.649625778198242,0
17.64963388442993,0
17.66923713684082,0
17.66926908493042,0
17.669340133666992,0
17.677359342575073,0
17.68912672996521,0
17.68913197517395,0
17.689436197280884,0
17.710264444351196,0
17.710333585739136,0
17.710352897644043,0
17.723232746124268,0
17.72324538230896,0
17.723570585250854,0
17.723599195480347,0
17.727669954299927,0
17.727685928344727,0
17.727696180343628,0
17.730406045913696,0
17.730448484420776,0
17.73049306869507,0
17.732439279556274,0
17.745418310165405,0
17.746819972991943,0
17.746849536895752,0
17.74686288833618,0
17.748562812805176,0
17.76625919342041,0
17.76628541946411,0
17.766344785690308,0
17.78642201423645,0
17.78644347190857,0
17.786451816558838,0
17.793794631958008,0
17.793867349624634,0
17.794567108154297,0
17.79457426071167,0
17.796501398086548,0
17.80223512649536,0
17.80224585533142,0
17.803637504577637,0
17.803684949874878,0
17.803696870803833,0
17.803751468658447,0
17.80726146697998,0
17.807291507720947,0
17.80730891227722,0
17.822000980377197,0
17.822012662887573,0
17.822325944900513,0
17.823708534240723,0
17.82372736930847,0
17.82491683959961,0
17.82493495941162,0
17.825708866119385,0
17.826064586639404,0
17.826117992401123,0
17.8269100189209,0
17.82699704170227,0
17.827018976211548,0
17.83766222000122,0
17.839528799057007,0
17.839553833007812,0
17.83961582183838,0
17.86680006980896,0
17.866835832595825,0
17.866899967193604,0
17.887337684631348,0
17.887391805648804,0
17.88740849494934,0
17.889102935791016,0
17.889132499694824,0
17.889148712158203,0
17.88917064666748,0
17.89092707633972,0
17.890987634658813,0
17.89301586151123,0
17.893072605133057,0
17.895475149154663,0
17.906965970993042,0
17.90699553489685,0
17.907052040100098,0
17.925313472747803,0
17.92533779144287,0
17.925373077392578,0
17.92824101448059,0
17.928991556167603,0
17.929017305374146,0
17.929540157318115,0
17.93105721473694,0
17.935734033584595,0
17.9442400932312,0
17.944294691085815,0
17.96700167655945,0
17.96702241897583,0
17.96706509590149,0
17.970142364501953,0
17.970841646194458,0
17.970868349075317,0
17.9710111618042,0
17.97163963317871,0
17.971662044525146,0
17.972190141677856,0
17.97219753265381,0
17.985610723495483,0
17.985639095306396,0
17.985648155212402,0
17.995699644088745,0
18.000012397766113,0
18.00003743171692,0
18.00005006790161,0
18.000304222106934,0
18.001022577285767,0
18.00104308128357,0
18.00138258934021,0
18.0019474029541,0
18.011135816574097,0
18.01115369796753,0
18.012080907821655,0
18.020671606063843,0
18.025803804397583,0
18.025817394256592,0
18.02728533744812,0
18.02776288986206,0
18.027778148651123,0
18.04533839225769,0
18.0453519821167,0
18.045363664627075,0
18.045374870300293,0
18.045795679092407,0
18.045817613601685,0
18.04586744308472,0
18.048989295959476,0
18.04900455474853,0
18.04929041862488,0
18.05036449432373,0
18.05039000511169,0
18.0516676902771,0
18.051681756973267,0
18.062353134155277,0
18.062383890151978,0
18.062397241592407,0
18.062408924102783,0
18.06424331665039,0
18.06426215171814,0
18.064271211624146,0
18.065319061279297,0
18.06750226020813,0
18.067530393600464,0
18.06756472587585,0
18.079508781433105,0
18.07953929901123,0
18.079581022262573,0
18.085437774658203,0
18.0854651927948,0
18.08547806739807,0
18.085837841033936,0
18.088216543197632,0
18.0882465839386,0
18.0882625579834,0
18.09952545166016,0
18.0995512008667,0
18.100173711776733,0
18.12165331840515,0
18.121674060821533,0
18.122375965118408,0
18.12378525733948,0
18.13994312286377,0
18.13997292518616,0
18.139974355697632,0
18.14560174942017,0
18.145989656448364,0
18.146011352539062,0
18.146036863327023,0
18.149210214614868,0
18.149665117263797,0
18.150017738342285,0
18.150439262390137,0
18.15046501159668,0
18.15947222709656,0
18.159512281417847,0
18.159528255462646,0
18.16141557693481,0
18.16142201423645,0
18.162110805511475,0
18.162798404693604,0
18.1633620262146,0
18.179707288742065,0
18.179731130599976,0
18.179747343063354,0
18.186989068984985,0
18.18700122833252,0
18.187013626098636,0
18.187015533447266,0
18.191507816314697,0
18.191538333892822,0
18.19157361984253,0
18.194828510284424,0
18.1999933719635,0
18.200018882751465,0
18.200034856796265,0
18.219486474990845,0
18.21951055526733,0
18.21952509880066,0
18.2339129447937,0
18.239729404449463,0
18.239761114120483,0
18.23977470397949,0
18.240063190460205,0
18.246645212173465,0
18.24664950370789,0
18.25283670425415,0
18.252865314483643,0
18.25287795066833,0
18.25288391113281,0
18.25365900993347,0
18.25401377677917,0
18.254413604736328,0
18.254429817199707,0
18.254478693008423,0
18.259398460388184,0
18.2594256401062,0
18.259426832199097,0
18.267879247665405,0
18.267910718917847,0
18.268837690353397,0
18.271185874938965,0
18.27193593978882,0
18.2793653011322,0
18.279433012008667,0
18.290104389190677,0
18.29013061523437,0
18.29327702522278,0
18.29332208633423,0
18.29335641860962,0
18.29350733757019,0
18.29354405403137,0
18.29357409477234,0
18.293604135513306,0
18.294765949249268,0
18.294894218444824,0
18.296610593795776,0
18.29666399955749,0
18.29675030708313,0
18.298804998397827,0
18.29946184158325,0
18.29948568344116,0
18.299498558044437,0
18.3195378780365,0
18.31956124305725,0
18.319563150405884,0
18.32268738746643,0
18.3227276802063,0
18.322730541229248,0
18.322744131088257,0
18.32572364807129,0
18.32574701309204,0
18.32711100578308,0
18.33879327774048,0
18.33880352973938,0
18.339380264282227,0
18.3393988609314,0
18.33941102027893,0
18.341421127319336,0
18.341428756713867,0
18.359520196914676,0
18.35954785346985,0
18.35980224609375,0
18.379244565963745,0
18.379268884658813,0
18.379279613494877,0
18.38891911506653,0
18.391491889953613,0
18.391492128372192,0
18.3930606842041,0
18.393282175064087,0
18.39329719543457,0
18.393335819244385,0
18.3994357585907,0
18.39945125579834,0
18.39946174621582,0
18.405339241027832,0
18.40538716316223,0
18.405583381652832,0
18.41938853263855,0
18.419416427612305,0
18.4194769859314,0
18.4251081943512,0
18.43929624557495,0
18.439324378967285,0
18.43938040733337,0
18.45946764945984,0
18.459547758102417,0
18.459556341171265,0
18.466637134552,0
18.466660499572757,0
18.466742753982544,0
18.467114686965942,0
18.47088980674744,0
18.470914125442505,0
18.47105097770691,0
18.472445726394653,0
18.4725034236908,0
18.474186897277832,0
18.475144386291504,0
18.479796409606934,0
18.47983956336975,0
18.480194568634037,0
18.500130653381348,0
18.50017786026001,0
18.500457048416138,0
18.51968288421631,0
18.52006196975708,0
18.520066261291504,0
18.52007842063904,0
18.52204990386963,0
18.52207851409912,0
18.522178649902344,0
18.522197484970093,0
18.527244806289676,0
18.527258157730103,0
18.52727103233337,0
18.528661012649536,0
18.540356874465942,0
18.54038381576538,0
18.5404269695282,0
18.55374336242676,0
18.553762674331665,0
18.55655860900879,0
18.55665922164917,0
18.557072401046756,0
18.557112216949463,0
18.55713176727295,0
18.55762362480164,0
18.55768775939941,0
18.5603666305542,0
18.560429334640503,0
18.560478687286377,0
18.560497045516968,0
18.560624599456787,0
18.563339471817017,0
18.56337189674377,0
18.563443899154663,0
18.563459634780884,0
18.56614375114441,0
18.566171884536743,0
18.566957235336304,0
18.56699538230896,0
18.572311878204346,0
18.57964849472046,0
18.579679012298584,0
18.579774618148804,0
18.59803438186645,0
18.60151433944702,0
18.601818561553955,0
18.601966619491577,0
18.60568928718567,0
18.6057186126709,0
18.60573101043701,0
18.60574698448181,0
18.6065366268158,0
18.606569290161133,0
18.606616973876957,0
18.60812020301819,0
18.619701623916622,0
18.61972451210022,0
18.619738578796387,0
18.619776010513306,0
18.61980533599853,0
18.6198308467865,0
18.632251024246216,0
18.63607931137085,0
18.63610982894897,0
18.63725852966309,0
18.63752818107605,0
18.637652158737183,0
18.637672662734985,0
18.640088081359863,0
18.640109300613403,0
18.640209197998047,0
18.64332056045532,0
18.643605947494507,0
18.64386749267578,0
18.6450719833374,0
18.645122289657596,0
18.6494722366333,0
18.650305032730103,0
18.65947961807251,0
18.65951418876648,0
18.65958309173584,0
18.67944622039795,0
18.67948007583618,0
18.679561853408813,0
18.687482833862305,0
18.69319868087769,0
18.693262338638306,0
18.69334602355957,0
18.6934552192688,0
18.69730019569397,0
18.697327136993408,0
18.69761848449707,0
18.699589014053345,0
18.699620246887207,0
18.699641227722168,0
18.71643614768982,0
18.72471046447754,0
18.724777221679688,0
18.724793434143063,0
18.739537954330444,0
18.739575147628784,0
18.739591121673584,0
18.746150255203247,0
18.746450424194336,0
18.74648380279541,0
18.74656057357788,0
18.750513076782227,0
18.750635623931885,0
18.75065588951111,0
18.751905918121334,0
18.752355575561523,0
18.759439945220947,0
18.759474277496334,0
18.75959038734436,0
18.761119842529297,0
18.761180639266968,0
18.779815435409542,0
18.779845237731934,0
18.77991199493408,0
18.79559445381165,0
18.799408674240112,0
18.79947113990784,0
18.79948592185974,0
18.805853843688965,0
18.80629181861877,0
18.807243824005127,0
18.80724859237671,0
18.807937383651733,0
18.807966947555546,0
18.80968117713928,0
18.809711933135983,0
18.80977177619934,0
18.819804906845093,0
18.81983518600464,0
18.81984686851501,0
18.82228422164917,0
18.822309970855716,0
18.82237720489502,0
18.82239246368408,0
18.82736849784851,0
18.827475786209103,0
18.82749366760254,0
18.82817029953003,0
18.83648443222046,0
18.83653712272644,0
18.8365957736969,0
18.83661246299744,0
18.839519262313843,0
18.839550495147705,0
18.839552402496334,0
18.85956239700317,0
18.859686136245728,0
18.859894037246704,0
18.873994827270508,0
18.87401580810547,0
18.87403702735901,0
18.880409240722656,0
18.880455017089844,0
18.880812168121334,0
18.881683826446533,0
18.88181972503662,0
18.881844758987427,0
18.88186883926392,0
18.883996963500977,0
18.88672876358032,0
18.89936780929565,0
18.899390697479248,0
18.8994083404541,0
18.903871536254883,0
18.90389132499695,0
18.903903007507324,0
18.90391254425049,0
18.910366535186768,0
18.91054606437683,0
18.910717248916622,0
18.910722255706787,0
18.919543266296387,0
18.919570446014404,0
18.91961479187012,0
18.939603328704838,0
18.939603567123413,0
18.93963503837585,0
18.942469596862797,0
18.94247078895569,0
18.942940711975098,0
18.942963123321533,0
18.948305130004883,0
18.948357582092285,0
18.94897079467773,0
18.952144384384155,0
18.95219874382019,0
18.954092979431152,0
18.954116582870483,0
18.95940899848938,0
18.959434270858765,0
18.95952558517456,0
18.97945070266724,0
18.97947859764099,0
18.97948932647705,0
19.00035285949707,0
19.002077341079712,0
19.00212287902832,0
19.00213599205017,0
19.002200841903687,0
19.00478744506836,0
19.00481414794922,0
19.004859685897827,0
19.005290508270264,0
19.00550413131714,0
19.005526065826416,0
19.00559425354004,0
19.009041786193848,0
19.019516468048096,0
19.01954221725464,0
19.019555807113647,0
19.027087688446045,0
19.027236700057983,0
19.0283625125885,0
19.02837634086609,0
19.034709692001343,0
19.034733533859253,0
19.03476858139038,0
19.03480100631714,0
19.03679323196411,0
19.036816596984863,0
19.0368595123291,0
19.038039445877075,0
19.03819513320923,0
19.039525747299194,0
19.03954768180847,0
19.03956389427185,0
19.04031133651733,0
19.040356636047363,0
19.059898376464844,0
19.060070276260376,0
19.06018209457397,0
19.06383419036865,0
19.06387162208557,0
19.063918352127075,0
19.063931703567505,0
19.06580662727356,0
19.06631588935852,0
19.066510915756226,0
19.067264080047607,0
19.07936763763428,0
19.079397678375244,0
19.0800895690918,0
19.0995671749115,0
19.09961223602295,0
19.099910020828247,0
19.107257843017575,0
19.110138177871704,0
19.110153675079346,0
19.110222339630127,0
19.11126136779785,0
19.111289024353027,0
19.111852169036865,0
19.112254858016968,0
19.11952352523804,0
19.11954927444458,0
19.119588375091556,0
19.133044242858887,0
19.13399624824524,0
19.13967728614807,0
19.13970303535461,0
19.139714241027832,0
19.14264988899231,0
19.14266395568848,0
19.142675399780277,0
19.143331289291385,0
19.15996026992798,0
19.159992218017575,0
19.16000843048096,0
19.1678478717804,0
19.16785979270935,0
19.16833877563477,0
19.169416904449463,0
19.16962838172913,0
19.170650005340576,0
19.17065382003784,0
19.171197414398197,0
19.179535150527958,0
19.17956066131592,0
19.179747581481934,0
19.190439462661743,0
19.190454244613647,0
19.190463542938232,0
19.19069981575012,0
19.19072723388672,0
19.19073987007141,0
19.19210958480835,0
19.19934773445129,0
19.19949769973755,0
19.199513912200928,0
19.21536374092102,0
19.219687700271606,0
19.219715356826782,0
19.219725847244263,0
19.239609718322757,0
19.23964142799377,0
19.239653825759888,0
19.2594952583313,0
19.259530305862427,0
19.259544372558597,0
19.27506804466248,0
19.27510905265808,0
19.277355670928955,0
19.27756667137146,0
19.2775993347168,0
19.27769112586975,0
19.280845642089844,0
19.280860662460327,0
19.280874252319336,0
19.28201484680176,0
19.282039880752563,0
19.28228712081909,0
19.284135103225708,0
19.284168243408203,0
19.285339832305908,0
19.285563945770264,0
19.28813052177429,0
19.290489435195923,0
19.291335582733154,0
19.29950523376465,0
19.29954314231873,0
19.299622297286987,0
19.319477796554565,0
19.320788383483887,0
19.32082724571228,0
19.320882320404053,0
19.3209011554718,0
19.32140707969665,0
19.32171940803528,0
19.323384761810303,0
19.323697566986084,0
19.32438850402832,0
19.328341722488403,0
19.328811407089237,0
19.32897710800171,0
19.329384088516235,0
19.331074714660645,0
19.33139657974243,0
19.331709146499637,0
19.332484483718872,0
19.33972406387329,0
19.33974957466125,0
19.33976149559021,0
19.34545850753784,0
19.34577703475952,0
19.345791578292847,0
19.345909118652344,0
19.347142219543457,0
19.347481727600098,0
19.348263025283813,0
19.349535703659058,0
19.349549055099487,0
19.352113485336304,0
19.352126836776733,0
19.35954785346985,0
19.359561920166016,0
19.35957407951355,0
19.37924313545227,0
19.379271030426025,0
19.379282236099243,0
19.39059829711914,0
19.39360976219177,0
19.39362335205078,0
19.393660306930546,0
19.39540696144104,0
19.39545106887817,0
19.3954656124115,0
19.39557528495789,0
19.399529933929443,0
19.39953064918518,0
19.399635076522827,0
19.41517996788025,0
19.419294834136963,0
19.41932272911072,0
19.41936683654785,0
19.439356803894043,0
19.439387321472168,0
19.43945288658142,0
19.451812028884888,0
19.451910495758057,0
19.453036069869995,0
19.45419216156006,0
19.454233646392822,0
19.45430612564087,0
19.45477867126465,0
19.454796314239506,0
19.454837799072266,0
19.45704030990601,0
19.45707368850708,0
19.45942997932434,0
19.459460735321045,0
19.45955777168274,0
19.461097240448,0
19.46112823486328,0
19.463287353515625,0
19.465421676635746,0
19.47938060760498,0
19.47943687438965,0
19.47945737838745,0
19.48725152015686,0
19.499525785446167,0
19.499581813812256,0
19.499616861343384,0
19.511390447616577,0
19.51140546798706,0
19.511420249938965,0
19.51143741607666,0
19.515846014022827,0
19.515875339508057,0
19.51612544059753,0
19.51967072486877,0
19.51969861984253,0
19.51980185508728,0
19.52850151062012,0
19.532782554626465,0
19.53279280662537,0
19.53279590606689,0
19.53280544281006,0
19.53856420516968,0
19.538599967956543,0
19.538684606552124,0
19.539294481277462,0
19.539298057556152,0
19.5399022102356,0
19.55366611480713,0
19.553722143173218,0
19.556216955184937,0
19.55625987052917,0
19.5592679977417,0
19.55928134918213,0
19.55935525894165,0
19.562644958496094,0
19.56266522407532,0
19.562667846679688,0
19.562678337097168,0
19.563883781433105,0
19.563907146453857,0
19.563920974731445,0
19.579867362976078,0
19.579886198043823,0
19.57990074157715,0
19.5933575630188,0
19.59638476371765,0
19.59640860557556,0
19.60011410713196,0
19.60017561912537,0
19.60021543502808,0
19.620993614196777,0
19.62100648880005,0
19.62103700637817,0
19.621037244796756,0
19.62114644050598,0
19.621199369430546,0
19.621203899383545,0
19.62498188018799,0
19.62555313110352,0
19.62582302093506,0
19.627015829086304,0
19.627662658691406,0
19.62880039215088,0
19.634544610977173,0
19.634570837020878,0
19.6365225315094,0
19.63659143447876,0
19.638425827026367,0
19.638428449630737,0
19.638755559921265,0
19.6393620967865,0
19.63938927650452,0
19.63939929008484,0
19.659531593322757,0
19.659559965133667,0
19.65957498550415,0
19.66291284561157,0
19.66317296028137,0
19.66472005844116,0
19.664767265319824,0
19.665153980255127,0
19.665736436843872,0
19.67814874649048,0
19.679386138916016,0
19.679416179656982,0
19.679446935653687,0
19.699419260025024,0
19.69943904876709,0
19.69948983192444,0
19.70961880683899,0
19.709981203079224,0
19.71123218536377,0
19.71136689186096,0
19.7123384475708,0
19.71263718605041,0
19.71371817588806,0
19.714017629623413,0
19.72490191459656,0
19.7249448299408,0
19.72502827644348,0
19.72815561294556,0
19.72828435897827,0
19.72829818725586,0
19.72965741157532,0
19.73208832740784,0
19.73211884498596,0
19.73217749595642,0
19.746543169021606,0
19.746543407440186,0
19.746578693389893,0
19.746622800827023,0
19.746634244918823,0
19.74664640426636,0
19.74665880203247,0
19.759373903274536,0
19.759401559829712,0
19.759412050247192,0
19.77976393699646,0
19.77979159355164,0
19.779823541641235,0
19.80069303512573,0
19.80119800567627,0
19.8012216091156,0
19.80123209953308,0
19.802370071411133,0
19.80238103866577,0
19.80247402191162,0
19.802488327026367,0
19.803998947143555,0
19.804331302642822,0
19.80435585975647,0
19.80531311035156,0
19.805339336395264,0
19.80535101890564,0
19.80542635917664,0
19.806509256362915,0
19.806535720825195,0
19.80663275718689,0
19.808534622192383,0
19.81030559539795,0
19.81705927848816,0
19.819414615631104,0
19.81945252418518,0
19.81946277618408,0
19.837562084198,0
19.837575674057007,0
19.838526010513306,0
19.84035849571228,0
19.84039044380188,0
19.84043502807617,0
19.840453386306763,0
19.84049081802368,0
19.84053921699524,0
19.860072374343872,0
19.860100984573364,0
19.86015629768372,0
19.87482094764709,0
19.874852418899536,0
19.875115871429443,0
19.87783098220825,0
19.8778612613678,0
19.87923693656921,0
19.87926197052002,0
19.87944006919861,0
19.879462242126465,0
19.8795006275177,0
19.88006901741028,0
19.881614923477173,0
19.885117769241333,0
19.899779081344604,0
19.89980387687683,0
19.899811029434204,0
19.903834342956543,0
19.90384149551392,0
19.90384268760681,0
19.903851747512817,0
19.909364461898804,0
19.90937185287476,0
19.9098162651062,0
19.91005492210388,0
19.9198157787323,0
19.919962406158447,0
19.9199812412262,0
19.939598083496094,0
19.939598321914676,0
19.93964719772339,0
19.95452642440796,0
19.955486297607425,0
19.95549702644348,0
19.9555082321167,0
19.957031965255737,0
19.957441806793213,0
19.958062171936035,0
19.958627223968502,0
19.958653688430783,0
19.95965576171875,0
19.959656238555908,0
19.95968794822693,0
19.960891008377075,0
19.96092104911804,0
19.961615324020386,0
19.9628849029541,0
19.98004460334778,0
19.980069637298584,0
19.980080604553223,0
19.98655414581299,0
19.999605178833008,0
19.99984121322632,0
19.99985074996948,0
20.018099069595337,0
20.018233060836792,0
20.020394325256348,0
20.020437955856323,0
20.02045249938965,0
20.02070116996765,0
20.02072215080261,0
20.020849227905277,0
20.020850896835327,0
20.0236074924469,0
20.02380633354187,0
20.023836612701416,0
20.023845911026,0
20.02547335624695,0
20.03768277168274,0
20.03770399093628,0
20.03774356842041,0
20.03778886795044,0
20.04100775718689,0
20.041034936904907,0
20.041072845458984,0
20.043155193328857,0
20.04361391067505,0
20.04372358322144,0
20.044100284576416,0
20.044102668762207,0
20.04513716697693,0
20.045181035995483,0
20.04617428779602,0
20.046202182769772,0
20.0462965965271,0
20.046308994293213,0
20.047282695770264,0
20.04730582237244,0
20.0473895072937,0
20.04951310157776,0
20.05934309959412,0
20.05936884880066,0
20.059380531311035,0
20.060376167297363,0
20.060392379760746,0
20.060449361801147,0
20.060465097427368,0
20.06246662139893,0
20.062480688095093,0
20.06248140335083,0
20.0794050693512,0
20.079443216323853,0
20.09648609161377,0
20.09964418411255,0
20.099754571914676,0
20.09977650642395,0
20.1196928024292,0
20.1197247505188,0
20.119770050048828,0
20.13009357452393,0
20.136826515197757,0
20.13753867149353,0
20.137599229812626,0
20.137657403945923,0
20.137660264968872,0
20.13769292831421,0
20.13770604133606,0
20.13772487640381,0
20.143468141555783,0
20.14349937438965,0
20.147618055343628,0
20.150259017944336,0
20.150288105010983,0
20.15067458152771,0
20.159366130828857,0
20.159392595291138,0
20.159405946731567,0
20.170391082763672,0
20.170413970947266,0
20.170488357543945,0
20.170504331588745,0
20.172319173812863,0
20.17266821861267,0
20.172850131988525,0
20.17423987388611,0
20.175885915756226,0
20.1794753074646,0
20.17950129508972,0
20.179511308670044,0
20.191195726394653,0
20.19537854194641,0
20.198177814483643,0
20.20039463043213,0
20.200722694396973,0
20.200950622558597,0
20.21344828605652,0
20.21349191665649,0
20.219574451446533,0
20.219604015350345,0
20.21961545944214,0
20.239916563034058,0
20.23994278907776,0
20.239981174468998,0
20.24756646156311,0
20.24759793281555,0
20.24762988090515,0
20.24772930145264,0
20.247854948043823,0
20.247915267944336,0
20.248562812805176,0
20.24942398071289,0
20.249441146850582,0
20.25084686279297,0
20.25086283683777,0
20.25767946243286,0
20.25981473922729,0
20.25984215736389,0
20.260071516036987,0
20.279344081878666,0
20.27937412261963,0
20.279396533966064,0
20.28757095336914,0
20.28759980201721,0
20.287612438201904,0
20.28761649131775,0
20.28974151611328,0
20.28976941108704,0
20.289810180664062,0
20.291831254959103,0
20.29184937477112,0
20.29185891151428,0
20.29187250137329,0
20.292978048324585,0
20.293009519577023,0
20.293129920959476,0
20.29586267471313,0
20.29998517036438,0
20.300013780593872,0
20.3000168800354,0
20.321276664733887,0
20.32200169563293,0
20.322283267974854,0
20.340040683746334,0
20.340067625045776,0
20.34011697769165,0
20.34775948524475,0
20.3477635383606,0
20.34777045249939,0
20.347777843475345,0
20.350749731063843,0
20.350763082504272,0
20.35113215446472,0
20.353209733963013,0
20.35336947441101,0
20.355066061019897,0
20.35509133338928,0
20.35760259628296,0
20.36080646514893,0
20.360820293426517,0
20.360838174819943,0
20.380799055099487,0
20.380831956863403,0
20.380920886993408,0
20.388449907302856,0
20.388460397720337,0
20.38865566253662,0
20.38867235183716,0
20.394455671310425,0
20.39449882507324,0
20.39451837539673,0
20.39475154876709,0
20.399372816085812,0
20.39939832687378,0
20.39940905570984,0
20.405965089797974,0
20.406033039093018,0
20.407081842422485,0
20.40710592269897,0
20.40711736679077,0
20.407124996185303,0
20.41022133827209,0
20.410255908966064,0
20.41059160232544,0
20.42050528526306,0
20.42074084281921,0
20.42092037200928,0
20.430150747299194,0
20.430909633636475,0
20.43226647377014,0
20.432670831680294,0
20.433942079544067,0
20.43395566940308,0
20.435670614242557,0
20.44309711456299,0
20.44312429428101,0
20.44326376914978,0
20.44620943069458,0
20.44623827934265,0
20.44624209403992,0
20.44625163078308,0
20.4472291469574,0
20.44738292694092,0
20.44740986824036,0
20.459275722503666,0
20.45930314064026,0
20.45933222770691,0
20.47941875457764,0
20.4794340133667,0
20.47945237159729,0
20.497459411621094,0
20.49970650672913,0
20.4997456073761,0
20.49990940093994,0
20.50968313217163,0
20.50969934463501,0
20.50971531867981,0
20.50985336303711,0
20.50987482070923,0
20.50989246368408,0
20.50991201400757,0
20.51399064064026,0
20.514031410217285,0
20.51420474052429,0
20.51421856880188,0
20.51516962051392,0
20.515299081802368,0
20.515321493148804,0
20.517276287078857,0
20.520297527313232,0
20.520331382751465,0
20.520378589630127,0
20.539877891540527,0
20.53990888595581,0
20.540003538131717,0
20.559412956237797,0
20.55944037437439,0
20.55950927734375,0
20.56830263137817,0
20.56831359863281,0
20.568323850631717,0
20.56857442855835,0
20.571768283843998,0
20.571780920028687,0
20.57202434539795,0
20.575175046920776,0
20.5751793384552,0
20.57671475410461,0
20.576754331588745,0
20.579778909683228,0
20.57980442047119,0
20.57981538772583,0
20.59742498397827,0
20.599895238876343,0
20.59991455078125,0
20.599929809570312,0
20.60315465927124,0
20.603849172592163,0
20.610348224639893,0
20.610360860824585,0
20.61299085617065,0
20.613014936447144,0
20.61316180229187,0
20.61318254470825,0
20.613741159439087,0
20.613741874694824,0
20.61412048339844,0
20.61538314819336,0
20.61938691139221,0
20.61941409111023,0
20.619425535202023,0
20.622554302215576,0
20.622577667236328,0
20.625101566314697,0
20.625112533569336,0
20.627804279327396,0
20.627827405929565,0
20.627888441085812,0
20.636980772018436,0
20.637024402618408,0
20.638935565948486,0
20.63973569869995,0
20.639764547348022,0
20.63979458808899,0
20.639820098876957,0
20.659512281417847,0
20.659542560577396,0
20.659554719924927,0
20.66911101341248,0
20.671224117279053,0
20.67384386062622,0
20.67934918403625,0
20.679377794265747,0
20.6793909072876,0
20.68489551544189,0
20.685107946395878,0
20.685224056243896,0
20.685250520706177,0
20.687970399856567,0
20.6879997253418,0
20.688015937805176,0
20.695268869400024,0
20.699873685836792,0
20.699901342391968,0
20.699934005737305,0
20.71988868713379,0
20.719921112060547,0
20.720134735107425,0
20.732689380645752,0
20.73271751403809,0
20.732755422592163,0
20.73290967941284,0
20.733368396759037,0
20.73341417312622,0
20.73342990875244,0
20.73592090606689,0
20.735922813415527,0
20.737168312072757,0
20.737200498580933,0
20.73800539970398,0
20.73803424835205,0
20.738044023513797,0
20.738057374954224,0
20.739575386047363,0
20.739582061767575,0
20.73960518836975,0
20.74275302886963,0
20.742769479751587,0
20.74277925491333,0
20.755598545074463,0
20.759467840194706,0
20.75949263572693,0
20.75950264930725,0
20.78017282485962,0
20.78022027015686,0
20.7802209854126,0
20.80001473426819,0
20.800039768218998,0
20.800082206726078,0
20.800318479537964,0
20.80044913291931,0
20.801663160324097,0
20.801676750183105,0
20.801690816879272,0
20.801733255386356,0
20.819730758666992,0
20.81976199150085,0
20.820411205291748,0
20.829195737838745,0
20.82919931411743,0
20.82938432693481,0
20.83057975769043,0
20.834896564483643,0
20.834912300109863,0
20.836185932159424,0
20.836201190948486,0
20.839311838150024,0
20.83933138847351,0
20.83947825431824,0
20.85964846611023,0
20.859687089920044,0
20.85974931716919,0
20.865207195281982,0
20.87158298492432,0
20.87161374092102,0
20.871628522872925,0
20.871641635894772,0
20.872898817062374,0
20.872901916503903,0
20.873506546020508,0
20.87975549697876,0
20.87978982925415,0
20.87983775138855,0
20.895718812942505,0
20.89955163002014,0
20.89959049224853,0
20.899611711502075,0
20.919703245162964,0
20.919735431671143,0
20.919756174087524,0
20.93980622291565,0
20.93983292579651,0
20.93984365463257,0
20.94621419906616,0
20.94622492790222,0
20.946253776550293,0
20.94630527496338,0
20.952476978302,0
20.952492237091064,0
20.953442811965942,0
20.95354914665222,0
20.95949101448059,0
20.95951747894287,0
20.95953059196472,0
20.970762968063354,0
20.971619129180908,0
20.97166633605957,0
20.972873210906982,0
20.972903966903687,0
20.973546504974365,0
20.979376077651978,0
20.97937631607056,0
20.97940731048584,0
21.001670598983765,0
21.0017192363739,0
21.001729488372803,0
21.001740217208862,0
21.00182199478149,0
21.001837015151978,0
21.001914501190186,0
21.00192904472351,0
21.001941204071045,0
21.00415062904358,0
21.00929832458496,0
21.009313344955444,0
21.00932288169861,0
21.00933861732483,0
21.00984477996826,0
21.00989580154419,0
21.010117530822757,0
21.01016521453857,0
21.01934838294983,0
21.01937437057495,0
21.019386768341064,0
21.023895025253296,0
21.023895263671875,0
21.024789571762085,0
21.024832248687744,0
21.02605700492859,0
21.02608728408813,0
21.02789282798767,0
21.028018474578857,0
21.028038024902344,0
21.02804684638977,0
21.02872467041016,0
21.03142189979553,0
21.03343296051025,0
21.03343772888184,0
21.035311460494995,0
21.0394823551178,0
21.039507150650024,0
21.039517641067505,0
21.05917477607727,0
21.05958604812622,0
21.059602975845337,0
21.059834718704224,0
21.07941174507141,0
21.07944679260254,0
21.07945966720581,0
21.083799362182617,0
21.083847999572757,0
21.08386707305908,0
21.08388328552246,0
21.08663511276245,0
21.08686208724976,0
21.086979627609253,0
21.09009051322937,0
21.099639177322388,0
21.099639415740967,0
21.099671363830566,0
21.10657858848572,0
21.109580039978027,0
21.119763612747192,0
21.11980080604553,0
21.11981701850891,0
21.124014377593998,0
21.124030590057373,0
21.12409830093384,0
21.124117136001587,0
21.12879037857056,0
21.129227876663208,0
21.129894018173218,0
21.139318227767944,0
21.139354705810547,0
21.13957166671753,0
21.145533561706543,0
21.145586729049683,0
21.149781227111816,0
21.149999141693115,0
21.15068387985229,0
21.15868306159973,0
21.159496068954468,0
21.159496784210205,0
21.15950965881348,0
21.15951180458069,0
21.15952157974243,0
21.160162448883057,0
21.180407524108887,0
21.180435180664062,0
21.180562257766724,0
21.18957591056824,0
21.189838647842407,0
21.19027709960937,0
21.190683126449585,0
21.19599175453186,0
21.19601249694824,0
21.19940447807312,0
21.199434280395508,0
21.19944667816162,0
21.20680856704712,0
21.206830978393555,0
21.206844091415405,0
21.20685696601868,0
21.21008825302124,0
21.21011686325073,0
21.21013236045837,0
21.21281385421753,0
21.212843418121334,0
21.21295928955078,0
21.21297311782837,0
21.21399307250977,0
21.21402049064636,0
21.214112043380737,0
21.21993374824524,0
21.21996235847473,0
21.219974994659424,0
21.24067091941833,0
21.241208791732788,0
21.24126243591309,0
21.24505043029785,0
21.2450807094574,0
21.246759176254272,0
21.246793508529663,0
21.247234106063843,0
21.259512424468998,0
21.259522199630737,0
21.259541034698486,0
21.260555267333984,0
21.26060700416565,0
21.260643005371094,0
21.260677814483643,0
21.261853218078613,0
21.26213121414185,0
21.262394666671756,0
21.279463291168213,0
21.27949833869934,0
21.27951192855835,0
21.299529314041138,0
21.29956817626953,0
21.299838542938232,0
21.30217337608337,0
21.30575942993164,0
21.31933832168579,0
21.32012128829956,0
21.320162773132324,0
21.32025575637817,0
21.329309463500977,0
21.329359769821167,0
21.32937979698181,0
21.32939887046814,0
21.340320348739624,0
21.34035038948059,0
21.34036898612976,0
21.342931032180783,0
21.34375643730164,0
21.34379291534424,0
21.348180532455444,0
21.34819507598877,0
21.353679656982425,0
21.35369634628296,0
21.36011528968811,0
21.36013960838318,0
21.36014413833618,0
21.380014896392822,0
21.38006329536438,0
21.380078315734863,0
21.399215698242188,0
21.40014743804932,0
21.40017938613892,0
21.400309562683105,0
21.40504145622253,0
21.40513277053833,0
21.406137943267822,0
21.40630865097046,0
21.406323432922363,0
21.406473875045776,0
21.408114194869995,0
21.408366918563843,0
21.40841817855835,0
21.41079807281494,0
21.419490814208984,0
21.41952919960022,0
21.42000532150269,0
21.435378789901733,0
21.435442447662357,0
21.435562133789062,0
21.43562483787537,0
21.435646057128903,0
21.43575119972229,0
21.435773372650143,0
21.435898065567017,0
21.43592000007629,0
21.435958862304688,0
21.436081409454346,0
21.439720630645752,0
21.439759254455566,0
21.43982458114624,0
21.45781207084656,0
21.45968222618103,0
21.459795713424683,0
21.45984268188477,0
21.4805645942688,0
21.482592821121216,0
21.483222484588623,0
21.49233746528625,0
21.49282145500183,0
21.49288535118103,0
21.49289107322693,0
21.493263006210327,0
21.49348616600037,0
21.493643283843998,0
21.49387216567993,0
21.49388694763184,0
21.493889093399048,0
21.49390149116516,0
21.495100498199463,0
21.495140314102173,0
21.495437145233154,0
21.49990725517273,0
21.49994659423828,0
21.500219106674194,0
21.51491117477417,0
21.521594762802124,0
21.52163434028625,0
21.521919012069706,0
21.52251362800598,0
21.522528886795044,0
21.52253770828247,0
21.52304220199585,0
21.52644109725952,0
21.526505708694454,0
21.52789688110352,0
21.52819061279297,0
21.53461742401123,0
21.54042959213257,0
21.54045820236206,0
21.540725469589237,0
21.54098582267761,0
21.541013956069943,0
21.54334545135498,0
21.54335832595825,0
21.55943489074707,0
21.559467554092407,0
21.559481143951416,0
21.579691886901852,0
21.57973051071167,0
21.57995128631592,0
21.58526921272278,0
21.59951162338257,0
21.59955072402954,0
21.599624633789062,0
21.61266255378723,0
21.61297035217285,0
21.614144563674927,0
21.614166259765625,0
21.614181756973267,0
21.61450481414795,0
21.61706066131592,0
21.61707901954651,0
21.61746644973755,0
21.617796659469604,0
21.617917776107788,0
21.619850635528564,0
21.619880437850952,0
21.61989808082581,0
21.639732599258423,0
21.639732837677,0
21.63976073265076,0
21.640541315078732,0
21.643210887908936,0
21.64577436447144,0
21.649375438690186,0
21.649449348449707,0
21.650988578796387,0
21.65103578567505,0
21.652016162872314,0
21.656983852386475,0
21.657008171081543,0
21.657543182373047,0
21.65757989883423,0
21.65800356864929,0
21.65855622291565,0
21.658628702163696,0
21.6593656539917,0
21.65939426422119,0
21.659396648406982,0
21.661372423172,0
21.679445266723636,0
21.679461240768436,0
21.67974591255188,0
21.6884343624115,0
21.691198110580444,0
21.691255807876587,0
21.69134521484375,0
21.691365003585812,0
21.69144082069397,0
21.692360639572144,0
21.69237589836121,0
21.69238042831421,0
21.692790508270264,0
21.69285798072815,0
21.694769620895386,0
21.69483685493469,0
21.694897174835205,0
21.6996705532074,0
21.699706315994263,0
21.69972014427185,0
21.716326236724854,0
21.719610452651978,0
21.71965193748474,0
21.71981239318848,0
21.739594221115112,0
21.73962950706482,0
21.73964548110962,0
21.746337175369263,0
21.746498823165894,0
21.74664855003357,0
21.74679183959961,0
21.749123573303223,0
21.749356746673584,0
21.749569177627563,0
21.75014328956604,0
21.75026106834412,0
21.75307607650757,0
21.753108978271484,0
21.75514340400696,0
21.760143995285038,0
21.7603120803833,0
21.760353088378903,0
21.78087091445923,0
21.78091096878052,0
21.780977964401245,0
21.78549027442932,0
21.785524606704712,0
21.785599946975708,0
21.78671407699585,0
21.79947519302368,0
21.799492359161377,0
21.79951238632202,0
21.801843404769897,0
21.801860094070435,0
21.801880836486816,0
21.81955313682556,0
21.81958770751953,0
21.81961798667908,0
21.839664936065677,0
21.83971118927002,0
21.839730262756348,0
21.84597873687744,0
21.859723567962646,0
21.859767198562626,0
21.85978603363037,0
21.87963891029358,0
21.879685878753666,0
21.879844427108765,0
21.899991035461422,0
21.900015592575077,0
21.900656938552856,0
21.900909423828125,0
21.90138411521912,0
21.903284788131717,0
21.90331983566284,0
21.903362035751343,0
21.90450382232666,0
21.904683351516724,0
21.90490245819092,0
21.905259370803837,0
21.90931248664856,0
21.90962839126587,0
21.91075611114502,0
21.91082453727722,0
21.91138982772827,0
21.918524980545044,0
21.91974282264709,0
21.919785499572757,0
21.919923782348636,0
21.92390370368957,0
21.92758011817932,0
21.939509630203247,0
21.939542531967163,0
21.93956446647644,0
21.940418243408203,0
21.94114851951599,0
21.95601797103882,0
21.95606565475464,0
21.95610737800598,0
21.956146955490112,0
21.95936679840088,0
21.959383010864254,0
21.95940065383911,0
21.96041178703308,0
21.960455417633057,0
21.96049952507019,0
21.960671424865723,0
21.96069836616516,0
21.962806940078732,0
21.9628746509552,0
21.96426749229431,0
21.96430206298828,0
21.96437263488769,0
21.96438860893249,0
21.965615034103397,0
21.96564269065857,0
21.96574354171753,0
21.979841232299805,0
21.979947805404663,0
21.980045080184937,0
21.997633695602417,0
21.999577283859253,0
21.999619722366333,0
21.999730825424194,0
22.0033597946167,0
22.00359320640564,0
22.00495433807373,0
22.005722999572757,0
22.005747318267822,0
22.00576758384705,0
22.007436275482178,0
22.00745940208435,0
22.00841999053955,0
22.009154319763184,0
22.01963973045349,0
22.019685745239254,0
22.01970410346985,0
22.038711309432983,0
22.039554119110107,0
22.0398211479187,0
22.03995943069458,0
22.04167127609253,0
22.04263186454773,0
22.04270362854004,0
22.04320693016052,0
22.04507732391357,0
22.04518151283264,0
22.046960592269897,0
22.048285722732544,0
22.04832434654236,0
22.05150294303894,0
22.05154609680176,0
22.054641485214237,0
22.05849575996399,0
22.05963110923767,0
22.05965805053711,0
22.059690952301025,0
22.059802055358887,0
22.07949471473694,0
22.079535722732544,0
22.079589128494263,0
22.08621025085449,0
22.086215019226078,0
22.08624839782715,0
22.086261510849,0
22.09054374694824,0
22.090580940246586,0
22.090630531311035,0
22.099979877471924,0
22.10001945495605,0
22.100085020065308,0
22.11968946456909,0
22.11973524093628,0
22.119802236557007,0
22.13988995552063,0
22.13989233970642,0
22.139942169189453,0
22.14080262184143,0
22.15154004096985,0
22.15198063850403,0
22.15201020240784,0
22.152108907699585,0
22.157270431518555,0
22.15730309486389,0
22.158141374588013,0
22.15975332260132,0
22.15978455543518,0
22.159899711608887,0
22.180035829544067,0
22.180079460144043,0
22.180103302001957,0
22.200177431106567,0
22.20023512840271,0
22.20030760765076,0
22.20033073425293,0
22.200591325759888,0
22.203051805496216,0
22.20306944847107,0
22.204097509384155,0
22.20985698699951,0
22.210140228271484,0
22.211780309677124,0
22.21181869506836,0
22.211870908737183,0
22.211925745010376,0
22.21975827217102,0
22.21977543830872,0
22.21981120109558,0
22.22079396247864,0
22.220833778381348,0
22.22093796730041,0
22.22294044494629,0
22.22298002243042,0
22.224881172180176,0
22.226149320602417,0
22.226206302642822,0
22.22666382789612,0
22.227062463760376,0
22.22768878936768,0
22.22863268852234,0
22.23963141441345,0
22.23966383934021,0
22.23969984054565,0
22.243934154510494,0
22.243964672088623,0
22.24400782585144,0
22.24402594566345,0
22.24532699584961,0
22.245352268218998,0
22.24541664123535,0
22.245434999465942,0
22.245492219924927,0
22.247748374938965,0
22.247769594192505,0
22.25875663757324,0
22.259267568588257,0
22.25927042961121,0
22.25928258895874,0
22.279488801956177,0
22.279491186141968,0
22.27953052520752,0
22.293745040893555,0
22.293946981430054,0
22.296806812286377,0
22.29684948921204,0
22.29698133468628,0
22.2970073223114,0
22.297088623046875,0
22.298099756240845,0
22.29957628250122,0
22.2996129989624,0
22.299668312072757,0
22.30060338973999,0
22.31577754020691,0
22.321184158325195,0
22.321251392364506,0
22.32127165794373,0
22.339720726013184,0
22.339763402938843,0
22.339781761169437,0
22.353755474090576,0
22.353757619857788,0
22.3537757396698,0
22.35377788543701,0
22.35818600654602,0
22.358241081237797,0
22.35825800895691,0
22.35854816436768,0
22.358567237854004,0
22.359724521636963,0
22.359750747680664,0
22.35975408554077,0
22.361056089401245,0
22.361095190048218,0
22.361854076385494,0
22.379907608032227,0
22.379942655563354,0
22.38016676902771,0
22.38744854927063,0
22.38801908493042,0
22.388041496276852,0
22.388059616088867,0
22.39238953590393,0
22.39240860939026,0
22.3926043510437,0
22.399429321289062,0
22.399463891983032,0
22.399476289749146,0
22.41978073120117,0
22.41982412338257,0
22.419841051101685,0
22.42454957962036,0
22.44066882133484,0
22.4407696723938,0
22.440789937973022,0
22.459537982940677,0
22.45957589149475,0
22.4596688747406,0
22.46217703819275,0
22.46226668357849,0
22.464199542999268,0
22.46422481536865,0
22.46428656578064,0
22.464346885681152,0
22.47011995315552,0
22.47052645683289,0
22.47056007385254,0
22.4797580242157,0
22.479798793792725,0
22.47990560531616,0
22.48718953132629,0
22.48723340034485,0
22.48733115196228,0
22.48756146430969,0
22.489171266555783,0
22.489991426467896,0
22.4900324344635,0
22.49104642868042,0
22.49109983444214,0
22.4965877532959,0
22.496636390686035,0
22.498363494873047,0
22.49983620643616,0
22.50060606002808,0
22.500624895095825,0
22.51720881462097,0
22.518378734588623,0
22.519673109054565,0
22.519720792770386,0
22.51980495452881,0
22.540067434310917,0
22.54010891914368,0
22.540170431137085,0
22.55362558364868,0
22.553658723831177,0
22.553694009780884,0
22.55377435684204,0
22.55605125427246,0
22.556122303009037,0
22.55614471435547,0
22.557310581207275,0
22.557345151901245,0
22.559460639953613,0
22.55947589874268,0
22.55984735488892,0
22.55989384651184,0
22.55991268157959,0
22.56115221977234,0
22.57998323440552,0
22.580151081085205,0
22.58017659187317,0
22.598738431930546,0
22.598870754241943,0
22.59891152381897,0
22.59898042678833,0
22.602309942245483,0
22.602349042892456,0
22.60238790512085,0
22.602396488189697,0
22.602417469024655,0
22.60329747200012,0
22.603315830230716,0
22.60537576675415,0
22.60883855819702,0
22.61472868919373,0
22.614729166030884,0
22.61598873138428,0
22.616156339645386,0
22.61673712730408,0
22.616761445999146,0
22.61840295791626,0
22.618592023849487,0
22.61911535263061,0
22.62096858024597,0
22.621075868606567,0
22.62111091613769,0
22.63974976539612,0
22.63978862762451,0
22.63991856575012,0
22.64107608795166,0
22.641100883483887,0
22.64329504966736,0
22.64333248138428,0
22.66005778312683,0
22.660085439682007,0
22.660101175308228,0
22.66227388381958,0
22.667510509490967,0
22.66755032539368,0
22.66756629943848,0
22.66760540008545,0
22.680009365081787,0
22.680095672607425,0
22.68014550209045,0
22.69098997116089,0
22.69104027748108,0
22.69112181663513,0
22.69502592086792,0
22.695027828216556,0
22.695061683654785,0
22.695066690444943,0
22.695103645324707,0
22.69512724876404,0
22.695152759552,0
22.695661544799805,0
22.700024366378784,0
22.70008635520935,0
22.70013689994812,0
22.703548908233643,0
22.703569173812863,0
22.703631162643436,0
22.703691482543945,0
22.70668840408325,0
22.70692586898804,0
22.70712447166443,0
22.70754098892212,0
22.72117304801941,0
22.721359491348267,0
22.72138619422913,0
22.721469402313232,0
22.740089416503903,0
22.740193605422974,0
22.74032187461853,0
22.759791374206543,0
22.759828329086304,0
22.75989818572998,0
22.759915828704838,0
22.759952783584595,0
22.76000666618347,0
22.76006555557251,0
22.76008176803589,0
22.764742136001587,0
22.76476764678955,0
22.764780044555664,0
22.76479387283325,0
22.76764726638794,0
22.7682523727417,0
22.768314838409424,0
22.779704570770264,0
22.77973222732544,0
22.779757022857662,0
22.794636011123657,0
22.794676780700684,0
22.79470157623291,0
22.79972815513611,0
22.7997624874115,0
22.79994511604309,0
22.80091381072998,0
22.800929069519043,0
22.801447868347168,0
22.801453113555908,0
22.802632808685303,0
22.802806854248047,0
22.803246021270752,0
22.82014799118042,0
22.8201847076416,0
22.82018637657165,0
22.84045100212097,0
22.840494394302368,0
22.840561389923096,0
22.84371304512024,0
22.843717336654663,0
22.851108074188232,0
22.851167678833008,0
22.85116958618164,0
22.85970401763916,0
22.85977578163147,0
22.859830617904663,0
22.86388182640076,0
22.86389780044556,0
22.86391305923462,0
22.86429238319397,0
22.86782431602478,0
22.867839336395264,0
22.86804437637329,0
22.87723970413208,0
22.880168437957764,0
22.880190134048465,0
22.880205869674683,0
22.90017795562744,0
22.900216817855835,0
22.90023231506348,0
22.90548515319824,0
22.9055597782135,0
22.90561318397522,0
22.905636072158813,0
22.908201456069943,0
22.90822958946228,0
22.90831065177917,0
22.91956663131714,0
22.919611930847168,0
22.919631719589237,0
22.940566301345825,0
22.94066572189331,0
22.940979957580566,0
22.95548987388611,0
22.955517768859863,0
22.955531120300293,0
22.95576763153076,0
22.95822238922119,0
22.95825719833374,0
22.95860981941223,0
22.96129560470581,0
22.96140027046204,0
22.96295690536499,0
22.964393615722656,0
22.964447498321533,0
22.96543788909912,0
22.96556520462036,0
22.96608805656433,0
22.97140216827393,0
22.97143840789795,0
22.97162294387817,0
22.97164630889893,0
22.9722752571106,0
22.972300052642822,0
22.972318649291992,0
22.97466993331909,0
22.979572296142575,0
22.979610919952396,0
22.979690313339237,0
22.999779224395752,0
22.9999783039093,0
23.00027060508728,0
23.000306367874146,0
23.001890420913696,0
23.007125854492188,0
23.007400274276733,0
23.010974645614624,0
23.01099467277527,0
23.01119875907898,0
23.011292219161987,0
23.015197038650516,0
23.01521873474121,0
23.017456531524655,0
23.017885446548465,0
23.019527912139893,0
23.019561290740967,0
23.01957583427429,0
23.040023803710938,0
23.040154218673703,0
23.04017472267151,0
23.04566645622253,0
23.04569840431213,0
23.04786229133606,0
23.048744678497314,0
23.04967427253723,0
23.059685468673703,0
23.05971384048462,0
23.059725522994995,0
23.062289237976078,0
23.06249165534973,0
23.06249213218689,0
23.06253790855408,0
23.063894510269165,0
23.063953161239624,0
23.064271450042725,0
23.065454959869385,0
23.07811808586121,0
23.078989267349243,0
23.079811096191406,0
23.079842567443848,0
23.07989740371704,0
23.09964632987976,0
23.099706888198853,0
23.0997314453125,0
23.107955932617188,0
23.107982873916622,0
23.10813617706299,0
23.108157634735107,0
23.110915899276733,0
23.110950231552124,0
23.111568212509155,0
23.11239504814148,0
23.114315271377563,0
23.119609832763672,0
23.11965012550354,0
23.119670152664185,0
23.139773845672607,0
23.139825344085693,0
23.13992190361023,0
23.155442237854004,0
23.15590476989746,0
23.16492223739624,0
23.16496014595032,0
23.165011405944824,0
23.16504693031311,0
23.16513419151306,0
23.165148496627808,0
23.17956781387329,0
23.17963123321533,0
23.17963671684265,0
23.197664260864254,0
23.19769859313965,0
23.19776153564453,0
23.19783186912537,0
23.19983696937561,0
23.199853897094727,0
23.200915098190308,0
23.201122045516968,0
23.201139211654663,0
23.20270776748657,0
23.20420837402344,0
23.204436779022217,0
23.20450258255005,0
23.20455574989319,0
23.206892013549805,0
23.20690631866455,0
23.207011938095093,0
23.207030057907104,0
23.212788105010983,0
23.21375560760498,0
23.21421766281128,0
23.214246034622192,0
23.216434001922607,0
23.21646213531494,0
23.216835260391235,0
23.21688270568848,0
23.216918468475345,0
23.21944808959961,0
23.219476222991943,0
23.21950745582581,0
23.2396559715271,0
23.239707231521606,0
23.259588718414307,0
23.259645462036133,0
23.25964903831482,0
23.267576932907104,0
23.26766347885132,0
23.26952886581421,0
23.26961398124695,0
23.279837369918823,0
23.27988338470459,0
23.27988362312317,0
23.282851934432983,0
23.28922939300537,0
23.289353847503666,0
23.28940510749817,0
23.28944945335388,0
23.29989004135132,0
23.299949645996094,0
23.300212383270264,0
23.307719469070435,0
23.308375120162964,0
23.3084454536438,0
23.31282114982605,0
23.312841415405277,0
23.317317724227905,0
23.32031893730164,0
23.3203866481781,0
23.320440530776978,0
23.33990240097046,0
23.339903593063354,0
23.340141534805294,0
23.36020302772522,0
23.36024308204651,0
23.360662937164307,0
23.380943775177,0
23.380987882614136,0
23.381462335586548,0
23.396918296813965,0
23.39700126647949,0
23.399592638015747,0
23.3996319770813,0
23.399893522262573,0
23.41974401473999,0
23.4197998046875,0
23.419822454452515,0
23.43687391281128,0
23.436924695968628,0
23.43694877624512,0
23.4369752407074,0
23.440120458602905,0
23.44013500213623,0
23.441055059432983,0
23.441080331802368,0
23.441102743148804,0
23.44448971748352,0
23.444716930389404,0
23.44702744483948,0
23.45195341110229,0
23.45199942588806,0
23.452959299087524,0
23.45976591110229,0
23.459800958633423,0
23.459815979003903,0
23.46062207221985,0
23.46066427230835,0
23.46067905426025,0
23.461591243743896,0
23.46564030647278,0
23.46566319465637,0
23.465678215026852,0
23.466302156448364,0
23.46636366844177,0
23.468286514282227,0
23.468321561813354,0
23.471405029296875,0
23.47548055648804,0
23.47551393508911,0
23.47558808326721,0
23.475605010986328,0
23.47961711883545,0
23.47965145111084,0
23.479666233062744,0
23.479681730270386,0
23.47974419593811,0
23.47984385490417,0
23.4843487739563,0
23.499698638916016,0
23.499744653701782,0
23.499760150909424,0
23.51684045791626,0
23.51686382293701,0
23.516927480697632,0
23.516958475112915,0
23.5223605632782,0
23.522401571273804,0
23.52245545387268,0
23.5229971408844,0
23.523972988128666,0
23.52464985847473,0
23.52470302581787,0
23.52662348747253,0
23.531726598739624,0
23.532580137252808,0
23.5335545539856,0
23.53358745574951,0
23.537092447280884,0
23.53711533546448,0
23.5438449382782,0
23.54389238357544,0
23.54403281211853,0
23.559619665145878,0
23.559629440307617,0
23.55966186523437,0
23.565225839614868,0
23.58343529701233,0
23.58346724510193,0
23.583512783050537,0
23.58488512039185,0
23.584916591644287,0
23.584965229034424,0
23.585071563720703,0
23.59828400611877,0
23.598307847976685,0
23.59963822364807,0
23.59967446327209,0
23.599676370620728,0
23.600406408309937,0
23.60102248191833,0
23.602527856826782,0
23.60373449325561,0
23.6116361618042,0
23.611907482147217,0
23.613428592681885,0
23.613447904586792,0
23.613585710525516,0
23.61360764503479,0
23.61647701263428,0
23.616557121276852,0
23.61688995361328,0
23.619717359542847,0
23.61975336074829,0
23.619810581207275,0
23.624117136001587,0
23.624143600463867,0
23.62712049484253,0
23.627158880233765,0
23.62774062156677,0
23.640806436538696,0
23.64086651802063,0
23.640915870666504,0
23.6448175907135,0
23.64483428001404,0
23.64485001564026,0
23.644867658615112,0
23.64599657058716,0
23.646037340164185,0
23.646543502807617,0
23.65780019760132,0
23.657829999923703,0
23.657840490341187,0
23.65794587135315,0
23.66000270843506,0
23.66003131866455,0
23.66004228591919,0
23.662049055099487,0
23.66206645965576,0
23.66207957267761,0
23.678669691085812,0
23.67965722084045,0
23.67969036102295,0
23.679704904556274,0
23.69542551040649,0
23.695462703704838,0
23.69548225402832,0
23.69550347328186,0
23.699971675872803,0
23.700014352798465,0
23.70003390312195,0
23.719738245010376,0
23.71978449821472,0
23.719802856445312,0
23.725626707077023,0
23.72564697265625,0
23.725775480270386,0
23.74336123466492,0
23.743402004241943,0
23.7434720993042,0
23.749802589416504,0
23.761704683303837,0
23.761744499206543,0
23.761784553527832,0
23.767399549484253,0
23.76741671562195,0
23.767432689666748,0
23.767449855804443,0
23.770330667495728,0
23.770359754562374,0
23.77124118804932,0
23.771286010742188,0
23.77952671051025,0
23.77956795692444,0
23.77959179878235,0
23.784969329833984,0
23.791077613830566,0
23.7942111492157,0
23.794254064559937,0
23.794255256652832,0
23.80001664161682,0
23.800049543380737,0
23.800101041793823,0
23.802492141723636,0
23.802524089813232,0
23.803914308547974,0
23.80398440361023,0
23.816587924957275,0
23.81718397140503,0
23.819656133651733,0
23.81973624229431,0
23.81975269317627,0
23.83978295326233,0
23.839887380599976,0
23.83991861343384,0
23.84853506088257,0
23.84858083724976,0
23.848599910736084,0
23.84865880012512,0
23.84970021247864,0
23.849896669387817,0
23.84992742538452,0
23.8548424243927,0
23.85486221313477,0
23.85596776008606,0
23.856470823287964,0
23.86070871353149,0
23.86074471473694,0
23.860759019851685,0
23.877190113067627,0
23.879637241363525,0
23.87966513633728,0
23.879674673080444,0
23.899558782577515,0
23.899596691131592,0
23.899612188339237,0
23.919788360595703,0
23.91978859901428,0
23.91982626914978,0
23.930843353271484,0
23.930879592895508,0
23.930952072143555,0
23.931317806243896,0
23.93352723121643,0
23.933987379074097,0
23.934609413146973,0
23.935964107513428,0
23.93601083755493,0
23.936076641082764,0
23.93736457824707,0
23.93746042251587,0
23.93748426437378,0
23.9380943775177,0
23.93983030319214,0
23.93983483314514,0
23.940020322799683,0
23.95271611213684,0
23.95274591445923,0
23.953897714614868,0
23.954294681549072,0
23.954744815826416,0
23.95680856704712,0
23.959795713424683,0
23.95982003211975,0
23.95987629890442,0
23.964486360549927,0
23.969841241836548,0
23.97999310493469,0
23.98001909255981,0
23.980030059814453,0
23.990769147872925,0
23.994768142700195,0
23.99478054046631,0
23.999425649642944,0
23.99945282936096,0
23.999454498291016,0
24.006112813949585,0
24.00613832473755,0
24.00615191459656,0
24.006192922592163,0
24.008111476898197,0
24.008139610290527,0
24.008153915405277,0
24.0093891620636,0
24.011027336120605,0
24.019380807876587,0
24.01940679550171,0
24.019418239593502,0
24.024083137512207,0
24.024128198623657,0
24.039320945739743,0
24.039350986480716,0
24.03935408592224,0
24.04819393157959,0
24.04821920394897,0
24.04822516441345,0
24.04823660850525,0
24.05008745193481,0
24.05010485649109,0
24.05025100708008,0
24.051706552505493,0
24.051745414733887,0
24.05339002609253,0
24.05345344543457,0
24.056824207305908,0
24.059366703033447,0
24.059366941452023,0
24.059542655944824,0
24.080061435699463,0
24.080094814300537,0
24.08016014099121,0
24.08025431632996,0
24.080297231674194,0
24.080339670181274,0
24.08038902282715,0
24.083007097244263,0
24.08341145515442,0
24.084030389785767,0
24.10090065002441,0
24.10093760490417,0
24.101067781448364,0
24.119812965393063,0
24.119855165481567,0
24.119945526123047,0
24.124816179275516,0
24.13163733482361,0
24.131843328475952,0
24.131845235824585,0
24.13188862800598,0
24.134258270263672,0
24.134270906448364,0
24.134284496307373,0
24.13978624343872,0
24.13991618156433,0
24.13993215560913,0
24.143929958343502,0
24.14393758773804,0
24.146283864974976,0
24.1462926864624,0
24.160102605819706,0
24.160170316696167,0
24.16019415855408,0
24.160968780517575,0
24.16098999977112,0
24.16099619865417,0
24.16439414024353,0
24.164421319961548,0
24.164435148239136,0
24.17949724197388,0
24.17952275276184,0
24.17953372001648,0
24.191781044006348,0
24.19584274291992,0
24.19586420059204,0
24.19827675819397,0
24.198289394378666,0
24.19830060005188,0
24.19831371307373,0
24.19889760017395,0
24.19890260696411,0
24.199432373046875,0
24.19945764541626,0
24.19947862625122,0
24.1998291015625,0
24.21964955329895,0
24.219688415527344,0
24.21970677375793,0
24.22344946861267,0
24.23601484298706,0
24.237126111984253,0
24.237175703048703,0
24.237346410751343,0
24.23936104774475,0
24.23939108848572,0
24.23940348625183,0
24.260089635849,0
24.260221242904663,0
24.260225296020508,0
24.275569200515747,0
24.275615692138672,0
24.27562189102173,0
24.27733063697815,0
24.27735018730164,0
24.27887749671936,0
24.27893590927124,0
24.279541015625,0
24.27955746650696,0
24.279570817947388,0
24.280308485031128,0
24.283960103988647,0
24.28834319114685,0
24.294291496276852,0
24.2943115234375,0
24.294366598129272,0
24.294429540634155,0
24.29454779624939,0
24.294594287872314,0
24.294649600982662,0
24.299458026885983,0
24.299489736557007,0
24.29950475692749,0
24.30752730369568,0
24.30997395515442,0
24.31572198867798,0
24.31977415084839,0
24.319827795028687,0
24.31984782218933,0
24.340123653411865,0
24.3401563167572,0
24.340190172195435,0
24.352786779403687,0
24.35305881500244,0
24.35308241844177,0
24.35309171676636,0
24.35587453842163,0
24.355887174606323,0
24.356085777282715,0
24.357566833496094,0
24.35787868499756,0
24.363096952438354,0
24.36315131187439,0
24.36324381828308,0
24.372316360473636,0
24.372350215911865,0
24.37979745864868,0
24.37982988357544,0
24.379845142364506,0
24.39987587928772,0
24.399901151657104,0
24.39993119239807,0
24.40311408042908,0
24.407389879226685,0
24.407591104507446,0
24.419313430786133,0
24.419342041015625,0
24.419386386871334,0
24.43226909637451,0
24.43237948417664,0
24.432398796081543,0
24.432452917099,0
24.43415665626526,0
24.43420481681824,0
24.434470176696777,0
24.435710430145264,0
24.43571209907532,0
24.43573498725891,0
24.435736179351807,0
24.439635515213013,0
24.439647674560547,0
24.439679384231567,0
24.43975114822388,0
24.439765453338623,0
24.439770221710205,0
24.44039511680603,0
24.44368290901184,0
24.44399070739746,0
24.44599485397339,0
24.446014165878296,0
24.454378366470337,0
24.455904722213745,0
24.459365367889404,0
24.459898948669437,0
24.459925651550293,0
24.47741961479187,0
24.47972869873047,0
24.47978711128235,0
24.47980308532715,0
24.50188541412353,0
24.501919507980347,0
24.50196123123169,0
24.519890308380127,0
24.51993465423584,0
24.519953727722168,0
24.52536940574646,0
24.525388479232788,0
24.52584910392761,0
24.525886058807373,0
24.53138279914856,0
24.531397342681885,0
24.53281831741333,0
24.5332190990448,0
24.539453983306885,0
24.539481163024902,0
24.53948307037353,0
24.561150789260864,0
24.561180353164676,0
24.561192750930783,0
24.56127882003784,0
24.561293601989743,0
24.563077449798584,0
24.563081741333008,0
24.564250707626343,0
24.56488943099976,0
24.579402446746823,0
24.579428672790527,0
24.579439401626587,0
24.581130027771,0
24.59954261779785,0
24.59957218170166,0
24.59958291053772,0
24.62112927436829,0
24.62116122245789,0
24.62117409706116,0
24.62651515007019,0
24.626522064208984,0
24.62762212753296,0
24.62767958641052,0
24.627694129943848,0
24.62773585319519,0
24.62985682487488,0
24.62987351417541,0
24.630268812179565,0
24.631399869918823,0
24.633135080337524,0
24.639379501342773,0
24.63939881324768,0
24.63941216468811,0
24.650070905685425,0
24.65502882003784,0
24.65506076812744,0
24.65986442565918,0
24.659864902496334,0
24.65990161895752,0
24.664547443389893,0
24.66462731361389,0
24.66919255256653,0
24.66921544075012,0
24.6692316532135,0
24.669241189956665,0
24.669679164886475,0
24.66993474960327,0
24.66996049880981,0
24.67041063308716,0
24.68068242073059,0
24.680713415145878,0
24.680727243423465,0
24.68540334701538,0
24.685423612594604,0
24.685460567474365,0
24.68549132347107,0
24.68730592727661,0
24.687331914901733,0
24.68746542930603,0
24.69938445091248,0
24.699419021606445,0
24.69943189620972,0
24.71954298019409,0
24.719581842422485,0
24.71988296508789,0
24.73465871810913,0
24.739861965179443,0
24.73988962173462,0
24.739903688430783,0
24.76064133644104,0
24.76066946983337,0
24.760680437088013,0
24.766743421554565,0
24.766921997070312,0
24.76694655418396,0
24.766958951950077,0
24.76996898651123,0
24.76997923851013,0
24.770544052124023,0
24.77522921562195,0
24.775649547576904,0
24.779459476470947,0
24.77948570251465,0
24.78032183647156,0
24.78608012199402,0
24.7861430644989,0
24.78689765930176,0
24.7905387878418,0
24.79055976867676,0
24.7907190322876,0
24.790764331817627,0
24.799362421035767,0
24.799387216567997,0
24.799437046051025,0
24.803842782974243,0
24.803855419158936,0
24.80459427833557,0
24.81961703300476,0
24.81964492797852,0
24.81965565681457,0
24.839418411254883,0
24.839418649673465,0
24.83945059776306,0
24.847004413604736,0
24.8514940738678,0
24.851912021636963,0
24.85273575782776,0
24.85275173187256,0
24.85276341438293,0
24.852777004241943,0
24.85628819465637,0
24.856305599212646,0
24.85635542869568,0
24.85943293571472,0
24.859474182128903,0
24.85948252677917,0
24.863744735717773,0
24.86375880241394,0
24.86790013313293,0
24.86791300773621,0
24.87209296226501,0
24.872288703918457,0
24.87955093383789,0
24.879578113555908,0
24.879606008529663,0
24.88066864013672,0
24.899441957473755,0
24.89946913719177,0
24.89948081970215,0
24.91807532310486,0
24.91943383216858,0
24.91944909095764,0
24.91946268081665,0
24.92019462585449,0
24.92024850845337,0
24.92043709754944,0
24.939403533935547,0
24.939430475234985,0
24.939475297927856,0
24.952253818511963,0
24.95226550102234,0
24.95235919952393,0
24.95465421676636,0
24.95467734336853,0
24.95493197441101,0
24.95531439781189,0
24.955969095230103,0
24.956257820129395,0
24.95632696151733,0
24.95686984062195,0
24.959853887557983,0
24.95988154411316,0
24.960320949554443,0
24.96406364440918,0
24.96406555175781,0
24.96568369865417,0
24.96571445465088,0
24.96668815612793,0
24.96887826919556,0
24.97953224182129,0
24.979557991027832,0
24.97961020469665,0
24.999951362609863,0
24.999979972839355,0
25.00057482719421,0
25.000590324401852,0
25.00573801994324,0
25.005753755569454,0
25.00714874267578,0
25.00718355178833,0
25.00719952583313,0
25.007328510284424,0
25.01114249229431,0
25.011186361312863,0
25.01123595237732,0
25.012874603271484,0
25.019411087036133,0
25.01941466331482,0
25.01943802833557,0
25.03190779685974,0
25.03522491455078,0
25.036497592926025,0
25.037543535232544,0
25.037700176239014,0
25.03773808479309,0
25.03775644302368,0
25.037795066833496,0
25.038353204727173,0
25.03842520713806,0
25.03968381881714,0
25.03971219062805,0
25.039750337600708,0
25.040255546569824,0
25.040270566940308,0
25.05016303062439,0
25.051979303359985,0
25.05803918838501,0
25.059749603271484,0
25.05977749824524,0
25.059834957122803,0
25.079334020614624,0
25.079340934753414,0
25.079342365264893,0
25.079649925231934,0
25.079668045043945,0
25.079678058624268,0
25.08245277404785,0
25.099645376205444,0
25.09968090057373,0
25.0996994972229,0
25.101222038269043,0
25.101253271102905,0
25.10129690170288,0
25.10287046432495,0
25.1207218170166,0
25.120750665664676,0
25.12082052230835,0
25.1396222114563,0
25.139623880386356,0
25.13965153694153,0
25.146284103393555,0
25.146316289901733,0
25.146328926086422,0
25.146345853805546,0
25.15120005607605,0
25.15124654769897,0
25.15127897262573,0
25.15131187438965,0
25.15134882926941,0
25.158311367034912,0
25.15832495689392,0
25.159498929977417,0
25.15952563285828,0
25.15953612327576,0
25.161540985107425,0
25.16156005859375,0
25.161561489105225,0
25.16157269477844,0
25.16420674324036,0
25.16422128677368,0
25.164238452911377,0
25.17941117286682,0
25.17943644523621,0
25.179500341415405,0
25.19728422164917,0
25.199541807174683,0
25.19955277442932,0
25.199562549591064,0
25.21493458747864,0
25.21543860435486,0
25.21987748146057,0
25.219968557357788,0
25.219972372055054,0
25.239330053329468,0
25.239362955093384,0
25.239377737045288,0
25.25011920928955,0
25.2513906955719,0
25.251478672027588,0
25.25152039527893,0
25.251960515975952,0
25.25202989578247,0
25.2524733543396,0
25.252878665924072,0
25.258076190948486,0
25.25813102722168,0
25.25936388969421,0
25.25938844680786,0
25.259398698806763,0
25.269014596939087,0
25.26904559135437,0
25.27007269859314,0
25.2737500667572,0
25.27449369430542,0
25.28007221221924,0
25.280098915100098,0
25.28013062477112,0
25.290278434753414,0
25.290385484695435,0
25.29042673110962,0
25.29047727584839,0
25.292165756225582,0
25.29218459129333,0
25.292899131774902,0
25.293066024780277,0
25.29401040077209,0
25.29943037033081,0
25.299458026885983,0
25.29952883720398,0
25.31949520111084,0
25.31953263282776,0
25.31955075263977,0
25.336914777755737,0
25.339768171310425,0
25.339820623397827,0
25.339865922927856,0
25.362382411956787,0
25.3625807762146,0
25.362598180770878,0
25.36748456954956,0
25.36749529838562,0
25.36750626564026,0
25.367679357528687,0
25.368728637695312,0
25.36872911453247,0
25.368910551071167,0
25.36939692497253,0
25.369616746902462,0
25.379844903945923,0
25.37986969947815,0
25.38002920150757,0
25.38923954963684,0
25.389256715774536,0
25.389275074005127,0
25.39346957206726,0
25.39488291740417,0
25.394896030426025,0
25.396503925323486,0
25.39958643913269,0
25.39961123466492,0
25.39963698387146,0
25.403648853302,0
25.4036602973938,0
25.403790950775143,0
25.40580463409424,0
25.40589928627014,0
25.40592741966248,0
25.40626573562622,0
25.40723919868469,0
25.407405853271484,0
25.407517910003666,0
25.42055988311768,0
25.420562028884888,0
25.42065119743347,0
25.43297529220581,0
25.43600988388061,0
25.43609356880188,0
25.437005519866943,0
25.43701934814453,0
25.43702864646912,0
25.437071323394772,0
25.43823218345642,0
25.43847703933716,0
25.43865966796875,0
25.4392249584198,0
25.43925142288208,0
25.439287662506104,0
25.43994402885437,0
25.439981937408447,0
25.44220209121704,0
25.442227840423584,0
25.443076133728027,0
25.45933723449707,0
25.45936226844788,0
25.459404468536377,0
25.461545944213867,0
25.47872877120972,0
25.479368209838867,0
25.47939801216125,0
25.479411125183105,0
25.499359607696533,0
25.499391317367557,0
25.499404430389404,0
25.50593113899231,0
25.50618267059326,0
25.50639533996582,0
25.506768703460693,0
25.507487773895264,0
25.507932424545288,0
25.509506702423096,0
25.51754474639893,0
25.519421339035038,0
25.51945447921753,0
25.51947855949402,0
25.53215312957764,0
25.532185792922974,0
25.53220057487488,0
25.532217741012573,0
25.53334188461304,0
25.533400774002075,0
25.5339879989624,0
25.534798860549927,0
25.534831047058105,0
25.536399841308597,0
25.53641891479492,0
25.537579774856567,0
25.539599418640137,0
25.539618492126465,0
25.539628982543945,0
25.54888391494751,0
25.55068588256836,0
25.55967688560486,0
25.559707164764404,0
25.55972146987915,0
25.566053867340088,0
25.56606912612915,0
25.566112279891968,0
25.56615424156189,0
25.568084478378296,0
25.568097352981567,0
25.56810832023621,0
25.579561233520508,0
25.57958674430847,0
25.579643964767456,0
25.580737352371216,0
25.59951901435852,0
25.59954261779785,0
25.599555730819706,0
25.60970449447632,0
25.609951496124268,0
25.61110591888428,0
25.611129999160767,0
25.61113715171814,0
25.61232089996338,0
25.61235356330872,0
25.61236834526062,0
25.614056825637817,0
25.61407876014709,0
25.61408853530884,0
25.614088773727417,0
25.620667457580566,0
25.62069940567017,0
25.620710611343384,0
25.62915682792664,0
25.62921404838562,0
25.629215955734253,0
25.629231214523315,0
25.62924551963806,0
25.630820274353027,0
25.63087654113769,0
25.63192129135132,0
25.638588666915894,0
25.638609886169437,0
25.638622999191284,0
25.63863730430603,0
25.639331340789795,0
25.639345169067383,0
25.640303134918213,0
25.64031434059143,0
25.640345573425293,0
25.640814542770386,0
25.65598440170288,0
25.659645318984985,0
25.659672021865845,0
25.659734964370728,0
25.67942523956299,0
25.679458141326904,0
25.679543018341064,0
25.683136463165283,0
25.683165073394772,0
25.68319582939148,0
25.683252573013306,0
25.684589624404907,0
25.684594869613647,0
25.685245752334595,0
25.700012922286987,0
25.700050830841064,0
25.700066328048703,0
25.70169711112976,0
25.707478523254395,0
25.707512855529785,0
25.707534551620483,0
25.707653760910038,0
25.719496250152588,0
25.719533443450928,0
25.71954894065857,0
25.72559666633606,0
25.72596836090088,0
25.72624564170837,0
25.72798728942871,0
25.72841024398804,0
25.729384899139404,0
25.7298276424408,0
25.730558395385746,0
25.733093976974487,0
25.73940682411194,0
25.739442586898804,0
25.739457845687863,0
25.760125160217285,0
25.760151147842407,0
25.760188102722168,0
25.763999223709103,0
25.779558420181274,0
25.7795844078064,0
25.77961254119873,0
25.78615164756775,0
25.78616237640381,0
25.786174297332764,0
25.78618550300598,0
25.79090976715088,0
25.791043996810917,0
25.791046380996704,0
25.79314112663269,0
25.799484491348267,0
25.79951286315918,0
25.79958319664001,0
25.806456804275516,0
25.808452367782596,0
25.819621324539185,0
25.819700717926025,0
25.819955348968502,0
25.82288718223572,0
25.822922706604004,0
25.82419276237488,0
25.82433009147644,0
25.826432704925537,0
25.8266544342041,0
25.836785554885864,0
25.83681058883667,0
25.836833477020264,0
25.838493585586548,0
25.838523864746094,0
25.83853554725647,0
25.83854603767395,0
25.839407682418823,0
25.83946466445923,0
25.839502573013306,0
25.85952877998352,0
25.85956025123596,0
25.85965347290039,0
25.8663022518158,0
25.866350889205933,0
25.866369009017944,0
25.86717176437378,0
25.86722946166992,0
25.87197232246399,0
25.872743129730225,0
25.872822523117065,0
25.879879474639893,0
25.879900217056274,0
25.87990689277649,0
25.883331060409542,0
25.883339881896973,0
25.88362836837769,0
25.883718252182007,0
25.900763273239136,0
25.900794506073,0
25.900810718536377,0
25.900824308395386,0
25.900893688201904,0
25.900940656661987,0
25.90135097503662,0
25.91947889328003,0
25.91951084136963,0
25.91954493522644,0
25.94019389152527,0
25.940235137939453,0
25.94031381607056,0
25.95882678031921,0
25.95887660980225,0
25.959240198135376,0
25.96011447906494,0
25.960137605667114,0
25.96016263961792,0
25.960202932357788,0
25.96024703979492,0
25.960854291915894,0
25.960899829864506,0
25.960933208465576,0
25.96188068389893,0
25.961918592453003,0
25.96545147895813,0
25.97970485687256,0
25.97972559928894,0
25.97973871231079,0
25.997970581054688,0
25.997981786727905,0
25.998406410217285,0
25.99842882156372,0
25.999366760253903,0
25.999388217926025,0
25.99971032142639,0
26.00325345993042,0
26.003276348114014,0
26.00344467163086,0
26.010831117630005,0
26.01968455314636,0
26.0200297832489,0
26.020031452178955,0
26.035024881362915,0
26.035156965255737,0
26.03634119033813,0
26.03635263442993,0
26.03636407852173,0
26.036365032196045,0
26.040631532669067,0
26.040642023086548,0
26.04065251350403,0
26.040663957595825,0
26.040674924850464,0
26.040704488754272,0
26.040714979171756,0
26.040749311447144,0
26.040827989578247,0
26.04477548599243,0
26.044814348220825,0
26.044829845428467,0
26.059521675109863,0
26.059549570083615,0
26.05956530570984,0
26.07933259010315,0
26.079365015029907,0
26.07937741279602,0
26.09420895576477,0
26.094224214553837,0
26.09423780441284,0
26.094252347946167,0
26.09571886062622,0
26.09573769569397,0
26.095946073532104,0
26.098689317703247,0
26.09879875183105,0
26.09888219833374,0
26.09896469116211,0
26.09904432296753,0
26.09992527961731,0
26.09998917579651,0
26.10002326965332,0
26.1008403301239,0
26.100916147232056,0
26.101019144058228,0
26.119982719421387,0
26.120063304901123,0
26.12008309364319,0
26.126511096954346,0
26.12651753425598,0
26.126595735549927,0
26.126665353775024,0
26.1317400932312,0
26.132726907730103,0
26.133294582366943,0
26.135657787323,0
26.13572359085083,0
26.137659788131717,0
26.13768219947815,0
26.13856863975525,0
26.140000343322757,0
26.140231132507324,0
26.140256881713867,0
26.16144108772278,0
26.16147208213806,0
26.1614830493927,0
26.17961978912353,0
26.179649114608765,0
26.179659605026245,0
26.19163751602173,0
26.191710233688354,0
26.192378759384155,0
26.19240164756775,0
26.194219827651978,0
26.194231510162357,0
26.194783449172974,0
26.195881605148315,0
26.20066928863525,0
26.20074152946472,0
26.20076012611389,0
26.20497155189514,0
26.204991579055783,0
26.206020832061768,0
26.206042289733887,0
26.206053972244263,0
26.206065893173218,0
26.208393335342407,0
26.20840787887573,0
26.209069967269897,0
26.22148704528809,0
26.221515417099,0
26.22152876853943,0
26.2251091003418,0
26.225173950195312,0
26.225188732147217,0
26.22520160675049,0
26.23946595191956,0
26.239497184753414,0
26.23957324028015,0
26.255963802337646,0
26.26006054878235,0
26.26009964942932,0
26.260170459747314,0
26.28073740005493,0
26.28079390525818,0
26.280827283859253,0
26.29773473739624,0
26.297767877578732,0
26.29778385162353,0
26.297806978225708,0
26.29937529563904,0
26.299585103988647,0
26.299596548080444,0
26.300841093063354,0
26.300853729248047,0
26.30087423324585,0
26.301491498947144,0
26.302951097488403,0
26.30392861366272,0
26.31561541557312,0
26.31564950942993,0
26.31747531890869,0
26.31754779815674,0
26.317596197128296,0
26.317668199539185,0
26.31769108772278,0
26.3194797039032,0
26.31951403617859,0
26.31952977180481,0
26.32315468788147,0
26.323191165924072,0
26.32320618629456,0
26.323220014572144,0
26.34116005897522,0
26.34159207344055,0
26.34226703643799,0
26.342300176620483,0
26.342427253723145,0
26.34244203567505,0
26.342480421066284,0
26.342531204223636,0
26.3574161529541,0
26.357429027557373,0
26.357993841171265,0
26.359734296798703,0
26.35976505279541,0
26.359777688980103,0
26.38044548034668,0
26.380470991134644,0
26.380549430847168,0
26.40070414543152,0
26.404435396194454,0
26.40450096130371,0
26.40470266342163,0
26.40473246574402,0
26.404760360717773,0
26.40477585792541,0
26.406596660614014,0
26.406625509262085,0
26.40665912628174,0
26.406679153442383,0
26.406718254089355,0
26.417590141296387,0
26.419454097747803,0
26.419476747512817,0
26.41972184181213,0
26.42210841178894,0
26.422134160995483,0
26.42214584350586,0
26.423123359680176,0
26.42313528060913,0
26.423193216323853,0
26.42548513412476,0
26.425947666168213,0
26.425970792770386,0
26.425992250442505,0
26.43632960319519,0
26.437551975250244,0
26.43760633468628,0
26.43924117088318,0
26.43926191329956,0
26.43936848640442,0
26.460191011428837,0
26.460264205932617,0
26.460371255874637,0
26.460477590560917,0
26.46049666404724,0
26.460638523101807,0
26.479780197143555,0
26.479808568954468,0
26.479820251464844,0
26.499583959579468,0
26.49962401390076,0
26.499656677246094,0
26.50660800933838,0
26.506867170333862,0
26.506949186325077,0
26.506975173950195,0
26.507073879241943,0
26.50715565681457,0
26.507181644439697,0
26.508331775665283,0
26.51951003074646,0
26.5195472240448,0
26.51956415176392,0
26.53763484954834,0
26.537709712982178,0
26.539787530899048,0
26.539829969406128,0
26.539855003356934,0
26.54039072990417,0
26.54041695594788,0
26.560245037078857,0
26.560281991958615,0
26.5602867603302,0
26.567936658859253,0
26.573776721954346,0
26.57380247116089,0
26.573845624923703,0
26.57392406463623,0
26.57529926300049,0
26.5753026008606,0
26.57531499862671,0
26.576996564865112,0
26.577014923095703,0
26.57730460166931,0
26.577325344085693,0
26.5797381401062,0
26.57976984977722,0
26.57978367805481,0
26.5884268283844,0
26.588499784469604,0
26.58856225013733,0
26.590344429016117,0
26.595766305923465,0
26.595784664154053,0
26.59988665580749,0
26.59992408752441,0
26.59994053840637,0
26.604146480560303,0
26.604210138320923,0
26.60423183441162,0
26.604407787323,0
26.60907530784607,0
26.60910058021545,0
26.6092209815979,0
26.61979913711548,0
26.619828939437863,0
26.61984276771545,0
26.64007878303528,0
26.640170097351078,0
26.640328645706177,0
26.660191535949707,0
26.660269498825077,0
26.66027808189392,0
26.66564464569092,0
26.66574263572693,0
26.669893741607662,0
26.66999125480652,0
26.671709060668945,0
26.680447578430176,0
26.680477142333984,0
26.68048906326294,0
26.69037103652954,0
26.69044232368469,0
26.690510988235477,0
26.690588235855103,0
26.69159483909607,0
26.69159746170044,0
26.69200110435486,0
26.693708896636963,0
26.69952726364136,0
26.699532508850098,0
26.69960021972656,0
26.703798055648804,0
26.70469164848328,0
26.719500064849854,0
26.719537258148197,0
26.719553232192997,0
26.72614336013794,0
26.72815704345703,0
26.72819423675537,0
26.72821354866028,0
26.729140758514404,0
26.72916555404663,0
26.729984998703003,0
26.73109650611877,0
26.731133937835693,0
26.739641904830933,0
26.73969054222107,0
26.73969078063965,0
26.741946935653687,0
26.74218463897705,0
26.743239402771,0
26.751473426818848,0
26.751501321792603,0
26.751569747924805,0
26.752641439437863,0
26.759540796279907,0
26.759581327438354,0
26.759660482406616,0
26.76020550727844,0
26.760315418243408,0
26.76038956642151,0
26.77931785583496,0
26.779348850250244,0
26.779361486434937,0
26.78484034538269,0
26.790376663208008,0
26.79067301750183,0
26.80060195922852,0
26.80064392089844,0
26.80066227912903,0
26.80764317512512,0
26.807745933532715,0
26.808226823806763,0
26.808330059051517,0
26.811983346939087,0
26.81202530860901,0
26.8121919631958,0
26.81568932533264,0
26.815740823745728,0
26.815776348114014,0
26.81579875946045,0
26.818331003189087,0
26.81841826438904,0
26.818439960479736,0
26.819509506225582,0
26.81954002380371,0
26.81955409049988,0
26.83220911026001,0
26.83303189277649,0
26.839584350585938,0
26.83961606025696,0
26.83967137336731,0
26.840967893600464,0
26.840998649597168,0
26.841530323028564,0
26.841588497161865,0
26.86019778251648,0
26.86024570465088,0
26.86029577255249,0
26.86341857910156,0
26.87949776649475,0
26.879528045654297,0
26.87960529327393,0
26.888451099395752,0
26.888489961624146,0
26.888506174087524,0
26.8885555267334,0
26.89203977584839,0
26.89205408096313,0
26.89206838607788,0
26.892083168029785,0
26.89871335029602,0
26.89874053001404,0
26.89879250526428,0
26.8988299369812,0
26.899394750595093,0
26.899422645568848,0
26.899434328079224,0
26.91788983345032,0
26.917924404144287,0
26.91794443130493,0
26.918773889541622,0
26.919476747512817,0
26.919517755508423,0
26.919763803482056,0
26.93782687187195,0
26.93955898284912,0
26.939600944519043,0
26.93961811065674,0
26.939619541168213,0
26.939640760421756,0
26.95881581306457,0
26.95884084701538,0
26.964893341064453,0
26.96500062942505,0
26.96504831314087,0
26.96511721611023,0
26.97964334487915,0
26.98035860061645,0
26.98038625717163,0
27.001302003860477,0
27.00176978111267,0
27.001829624176025,0
27.00189995765686,0
27.00818252563477,0
27.008204221725464,0
27.00830602645874,0
27.00915241241455,0
27.009190559387207,0
27.00979256629944,0
27.010493278503414,0
27.010926008224487,0
27.01147985458374,0
27.02081561088562,0
27.02082300186157,0
27.02086281776428,0
27.02601289749145,0
27.026814460754395,0
27.027413368225098,0
27.02743124961853,0
27.02746343612671,0
27.027467966079712,0
27.030483722686768,0
27.030517578125,0
27.03088402748108,0
27.031673431396484,0
27.03967308998108,0
27.03967571258545,0
27.03992867469788,0
27.044212579727173,0
27.04468417167664,0
27.04649782180786,0
27.046565771102905,0
27.04826807975769,0
27.059949159622192,0
27.05994939804077,0
27.059977531433105,0
27.06299614906311,0
27.063575267791748,0
27.06360626220703,0
27.06369090080261,0
27.068807125091556,0
27.06882929801941,0
27.06888461112976,0
27.08008027076721,0
27.080109119415283,0
27.080167770385746,0
27.09994673728943,0
27.09999680519104,0
27.10002088546753,0
27.1016902923584,0
27.10169792175293,0
27.101866960525516,0
27.101886749267575,0
27.10398960113525,0
27.10402631759644,0
27.104039192199707,0
27.104822635650635,0
27.11996841430664,0
27.120012044906616,0
27.120170831680294,0
27.124751329422,0
27.12478446960449,0
27.12482643127441,0
27.1248471736908,0
27.12633228302002,0
27.1264169216156,0
27.1270694732666,0
27.13735342025757,0
27.137766122817997,0
27.14076066017151,0
27.14080619812012,0
27.140854358673096,0
27.141733407974243,0
27.14178204536438,0
27.158366441726685,0
27.15987491607666,0
27.160125732421875,0
27.16015100479126,0
27.18146157264709,0
27.181549549102783,0
27.181638717651367,0
27.18906855583191,0
27.189093589782715,0
27.189112663269043,0
27.18918752670288,0
27.193758726119995,0
27.19379734992981,0
27.19388055801392,0
27.194496870040894,0
27.19963479042053,0
27.199780702590942,0
27.1998028755188,0
27.210546016693115,0
27.212496519088745,0
27.21323323249817,0
27.213271379470825,0
27.213351726531982,0
27.21340250968933,0
27.21987795829773,0
27.21990156173706,0
27.21997356414795,0
27.22006702423096,0
27.22013759613037,0
27.22015690803528,0
27.231877088546756,0
27.23497748374939,0
27.238003969192505,0
27.238046646118164,0
27.239627599716187,0
27.23966765403748,0
27.23983073234558,0
27.240752935409542,0
27.240804195404053,0
27.25486993789673,0
27.260428428649902,0
27.26045060157776,0
27.26047205924988,0
27.27989745140076,0
27.279937267303467,0
27.28060221672058,0
27.285976886749268,0
27.28599214553833,0
27.28608798980713,0
27.286109924316406,0
27.2898862361908,0
27.289902687072757,0
27.29277205467224,0
27.29964017868042,0
27.29967498779297,0
27.299707651138306,0
27.319626569747925,0
27.319671869277958,0
27.319690227508545,0
27.325763702392575,0
27.333167552948,0
27.333971977233887,0
27.334003925323486,0
27.334059715271,0
27.337624311447144,0
27.337641954422,0
27.33799982070923,0
27.33949828147888,0
27.339582920074463,0
27.33960008621216,0
27.34438371658325,0
27.34441828727722,0
27.344716787338257,0
27.34474301338196,0
27.346100330352783,0
27.34613585472107,0
27.346269130706787,0
27.34694981575012,0
27.3469820022583,0
27.34845495223999,0
27.34848141670227,0
27.36043500900269,0
27.360482454299927,0
27.36050009727478,0
27.361935138702396,0
27.36893057823181,0
27.369364500045776,0
27.369373083114624,0
27.36941170692444,0
27.380085945129395,0
27.380115747451782,0
27.380136251449585,0
27.39309144020081,0
27.39332151412964,0
27.39334011077881,0
27.39718699455261,0
27.39963126182556,0
27.40037775039673,0
27.400468111038208,0
27.40407514572144,0
27.40438389778137,0
27.406996965408325,0
27.40706181526184,0
27.40731453895569,0
27.407321214675903,0
27.4109365940094,0
27.411147832870483,0
27.411283493041992,0
27.412123680114743,0
27.419304370880127,0
27.419376611709595,0
27.41968417167664,0
27.419801712036133,0
27.439549684524536,0
27.439589262008667,0
27.43960547447205,0
27.46019148826599,0
27.46022939682007,0
27.46024990081787,0
27.47987365722656,0
27.48000407218933,0
27.48003554344177,0
27.485244035720825,0
27.485284566879272,0
27.487281799316406,0
27.487351655960083,0
27.488158702850345,0
27.499611854553223,0
27.49967670440674,0
27.500038862228397,0
27.51165342330933,0
27.511694192886356,0
27.51171374320984,0
27.51179051399231,0
27.51600241661072,0
27.516048192977905,0
27.51645851135254,0
27.51697278022766,0
27.518470525741577,0
27.520353317260746,0
27.52038884162903,0
27.520442962646484,0
27.520550966262817,0
27.54142451286316,0
27.541476726531982,0
27.541543006896973,0
27.546438694000244,0
27.546489477157596,0
27.548184156417847,0
27.54822564125061,0
27.5499529838562,0
27.559894323349,0
27.56008458137512,0
27.560091972351078,0
27.57170605659485,0
27.571746110916138,0
27.571815013885494,0
27.57221794128418,0
27.576363801956177,0
27.576396703720093,0
27.57645320892334,0
27.57972621917725,0
27.579756259918213,0
27.57976222038269,0
27.58866548538208,0
27.588701486587524,0
27.58890914916992,0
27.58892607688904,0
27.595834732055664,0
27.59585213661194,0
27.59587001800537,0
27.59591317176819,0
27.59981203079224,0
27.599846124649048,0
27.60008430480957,0
27.61166548728943,0
27.61184239387512,0
27.615296840667725,0
27.615544319152832,0
27.61567640304565,0
27.61595106124878,0
27.6206955909729,0
27.62163543701172,0
27.6216983795166,0
27.62219262123108,0
27.622210264205933,0
27.62255048751831,0
27.63961100578308,0
27.639653205871586,0
27.63975930213928,0
27.641841411590576,0
27.64188003540039,0
27.643615007400516,0
27.64371013641357,0
27.65967392921448,0
27.66007709503174,0
27.660091876983643,0
27.67098188400269,0
27.674659729003903,0
27.67468786239624,0
27.67470622062683,0
27.67475938796997,0
27.677786588668823,0
27.67780923843384,0
27.67782831192017,0
27.681480407714844,0
27.68152332305908,0
27.685357093811035,0
27.695639610290527,0
27.69962882995605,0
27.699660301208496,0
27.699668884277344,0
27.71966528892517,0
27.719707489013672,0
27.719725370407104,0
27.7396981716156,0
27.739749908447266,0
27.73985743522644,0
27.745100498199463,0
27.74514603614807,0
27.745168924331665,0
27.745193004608154,0
27.74922776222229,0
27.74937510490417,0
27.74940085411072,0
27.7504141330719,0
27.754621982574463,0
27.759998321533203,0
27.760048151016235,0
27.76006841659546,0
27.773701667785645,0
27.77376365661621,0
27.77544331550598,0
27.775485038757324,0
27.776217699050903,0
27.78318166732788,0
27.78321933746338,0
27.78325867652893,0
27.798821687698364,0
27.798841953277588,0
27.79901003837585,0
27.79903483390808,0
27.799753427505493,0
27.79997158050537,0
27.80014133453369,0
27.80372810363769,0
27.803747415542603,0
27.803870916366577,0
27.80884027481079,0
27.80885601043701,0
27.809415817260746,0
27.824673414230347,0
27.824673891067505,0
27.824718713760376,0
27.82513403892517,0
27.825150966644287,0
27.828753232955933,0
27.829063177108765,0
27.82909369468689,0
27.82910919189453,0
27.83256196975708,0
27.83265709877014,0
27.83271026611328,0
27.83427309989929,0
27.834304809570312,0
27.834372997283936,0
27.834444761276245,0
27.835739374160767,0
27.8358633518219,0
27.835968017578125,0
27.83823037147522,0
27.838340044021606,0
27.840102195739743,0
27.8402636051178,0
27.84042286872864,0
27.841763973236084,0
27.841882467269897,0
27.85422420501709,0
27.860095739364624,0
27.860185146331787,0
27.86020827293396,0
27.879515171051025,0
27.879525899887085,0
27.880033254623413,0
27.890875339508057,0
27.89090061187744,0
27.89094305038452,0
27.89098834991455,0
27.89411163330078,0
27.89414119720459,0
27.89478611946106,0
27.89538860321045,0
27.899571657180783,0
27.89960551261902,0
27.899616956710812,0
27.919833421707157,0
27.92023730278015,0
27.92027759552002,0
27.92596960067749,0
27.92621374130249,0
27.92643976211548,0
27.92647624015808,0
27.930477380752563,0
27.930538654327396,0
27.93059134483337,0
27.93192267417908,0
27.93214726448059,0
27.940131902694706,0
27.940181255340576,0
27.94140625,0
27.94165825843811,0
27.94170546531677,0
27.9599084854126,0
27.95995593070984,0
27.96284008026123,0
27.97140955924988,0
27.98031234741211,0
27.98134469985962,0
27.981380224227905,0
28.0015709400177,0
28.00159788131714,0
28.002996921539307,0
28.006012201309204,0
28.006028413772583,0
28.006104707717896,0
28.006123542785645,0
28.006893157958984,0
28.00694942474365,0
28.006971836090088,0
28.00943398475647,0
28.015957832336422,0
28.016318559646606,0
28.0202317237854,0
28.020366191864014,0
28.02039051055908,0
28.02236247062683,0
28.02238893508911,0
28.02258586883545,0
28.022614002227783,0
28.025375843048096,0
28.02539277076721,0
28.025559663772583,0
28.029574871063232,0
28.040034294128414,0
28.040125846862797,0
28.04042267799377,0
28.05180263519287,0
28.051847457885746,0
28.05346632003784,0
28.053542613983154,0
28.05448818206787,0
28.05954146385193,0
28.059569358825684,0
28.05958247184753,0
28.063151359558105,0
28.063183546066284,0
28.06566429138184,0
28.065889358520508,0
28.06619524955749,0
28.066410779953003,0
28.066503524780277,0
28.079832077026367,0
28.0798614025116,0
28.07989478111267,0
28.079912185668945,0
28.07994318008423,0
28.07995629310608,0
28.079987049102783,0
28.082039833068848,0
28.08206677436829,0
28.0820791721344,0
28.10048747062683,0
28.100720643997192,0
28.100754499435425,0
28.10737252235413,0
28.11296534538269,0
28.115918159484863,0
28.116246223449707,0
28.11634850502014,0
28.11636757850647,0
28.116681337356567,0
28.117096424102783,0
28.11719751358032,0
28.119033336639404,0
28.119781494140625,0
28.11993980407715,0
28.11997008323669,0
28.13972043991089,0
28.13979816436768,0
28.13980460166931,0
28.14536952972412,0
28.14541220664978,0
28.147459983825684,0
28.14752173423767,0
28.14840602874756,0
28.16004586219788,0
28.16008973121643,0
28.16013073921204,0
28.16170048713684,0
28.161736488342285,0
28.16180300712585,0
28.16879153251648,0
28.16884136199951,0
28.168884754180908,0
28.168925046920776,0
28.17188096046448,0
28.179542303085327,0
28.179938793182373,0
28.17995810508728,0
28.18859386444092,0
28.189532041549683,0
28.19954991340637,0
28.19958209991455,0
28.199642181396484,0
28.219485759735107,0
28.219502925872803,0
28.219520568847656,0
28.219534397125244,0
28.219568014144897,0
28.22149991989136,0
28.22150540351868,0
28.221566200256348,0
28.22161316871643,0
28.225639581680294,0
28.225664377212524,0
28.22570514678955,0
28.227419137954712,0
28.229612588882446,0
28.24267554283142,0
28.242714643478397,0
28.242775917053223,0
28.252315521240234,0
28.252338886260983,0
28.252361536026,0
28.252572774887085,0
28.252599239349365,0
28.26006841659546,0
28.26011276245117,0
28.26012682914734,0
28.26183795928955,0
28.261879444122314,0
28.264655351638797,0
28.26469922065735,0
28.26486873626709,0
28.264912128448486,0
28.26496362686157,0
28.279727935791016,0
28.27975606918335,0
28.27977705001831,0
28.295828580856323,0
28.299641847610477,0
28.29964756965637,0
28.29966163635254,0
28.319536447525024,0
28.319578170776367,0
28.31969165802002,0
28.340076446533203,0
28.340185403823853,0
28.34019374847412,0
28.34628129005432,0
28.346354007720947,0
28.34638214111328,0
28.346466302871704,0
28.351027011871334,0
28.35107445716858,0
28.351173639297485,0
28.353721380233765,0
28.3537700176239,0
28.35411810874939,0
28.3541476726532,0
28.35584807395935,0
28.356098175048828,0
28.35614776611328,0
28.359692573547363,0
28.359744787216187,0
28.359864950180054,0
28.36290168762207,0
28.36296129226685,0
28.380093336105347,0
28.38012933731079,0
28.380144834518436,0
28.38037919998169,0
28.380398273468018,0
28.383707284927368,0
28.400394439697266,0
28.400431394577023,0
28.400471925735477,0
28.40273904800415,0
28.402777433395386,0
28.40283703804016,0
28.40285563468933,0
28.404306411743164,0
28.404417514801025,0
28.40443778038025,0
28.419914722442627,0
28.41997241973877,0
28.41999101638794,0
28.433671236038208,0
28.4394428730011,0
28.43968391418457,0
28.4397029876709,0
28.439712524414062,0
28.43971967697144,0
28.44136095046997,0
28.441407442092896,0
28.44287133216858,0
28.44289207458496,0
28.44351267814636,0
28.450445652008057,0
28.45307993888855,0
28.453118324279785,0
28.453383207321167,0
28.45340132713318,0
28.453405380249023,0
28.45437812805176,0
28.460726737976078,0
28.460776329040527,0
28.461609601974487,0
28.462719440460205,0
28.47944927215576,0
28.4794864654541,0
28.47955822944641,0
28.4841091632843,0
28.49008822441101,0
28.49010396003723,0
28.49011731147766,0
28.49013352394104,0
28.4994752407074,0
28.49951457977295,0
28.49953818321228,0
28.50420093536377,0
28.504223585128784,0
28.50540590286255,0
28.506521463394165,0
28.507861852645878,0
28.508978128433228,0
28.51641201972961,0
28.51645255088806,0
28.51645803451538,0
28.51659631729126,0
28.520473957061768,0
28.52049779891968,0
28.5205819606781,0
28.54200124740601,0
28.54200530052185,0
28.54204559326172,0
28.55426812171936,0
28.554306268692017,0
28.554335117340088,0
28.556310653686523,0
28.55640411376953,0
28.560131311416622,0
28.560317039489743,0
28.56032633781433,0
28.560617208480835,0
28.560644149780277,0
28.561962604522705,0
28.56199193000793,0
28.562009572982788,0
28.562105894088745,0
28.56642818450928,0
28.566469192504883,0
28.56659960746765,0
28.56815218925476,0
28.572816371917725,0
28.579992532730103,0
28.58002257347107,0
28.58006763458252,0
28.584278345108032,0
28.599478006362915,0
28.599509954452515,0
28.599522352218628,0
28.60935759544373,0
28.60960817337036,0
28.613178253173828,0
28.61321759223938,0
28.613324880599976,0
28.613343954086304,0
28.6149959564209,0
28.615018606185917,0
28.61573314666748,0
28.61966109275818,0
28.619696855545044,0
28.61970281600952,0
28.622178554534912,0
28.637107610702515,0
28.63711619377136,0
28.63997054100037,0
28.64005708694458,0
28.640103816986084,0
28.6407527923584,0
28.640754222869877,0
28.64077043533325,0
28.64077639579773,0
28.640790462493896,0
28.657686471939087,0
28.65772271156311,0
28.66001963615417,0
28.66008734703064,0
28.660154342651367,0
28.66046547889709,0
28.66087770462036,0
28.68003296852112,0
28.680033206939697,0
28.68007731437683,0
28.695236206054688,0
28.69987630844116,0
28.69991135597229,0
28.69992518424988,0
28.70316481590271,0
28.70318102836609,0
28.705684661865234,0
28.705705404281616,0
28.706856727600098,0
28.706926822662357,0
28.706950426101685,0
28.70728635787964,0
28.710851669311523,0
28.71847891807556,0
28.720090627670288,0
28.72022390365601,0
28.72024297714233,0
28.72488284111023,0
28.724916696548465,0
28.72552371025085,0
28.725954055786133,0
28.74000597000122,0
28.74004864692688,0
28.740134716033936,0
28.74731159210205,0
28.74738383293152,0
28.747719526290894,0
28.75001811981201,0
28.75009274482727,0
28.75149416923523,0
28.75157117843628,0
28.75776505470276,0
28.759356260299683,0
28.76047706604004,0
28.760558128356934,0
28.760666131973267,0
28.76077675819397,0
28.779613971710205,0
28.779651403427124,0
28.779671907424927,0
28.799564123153687,0
28.7996609210968,0
28.799675464630127,0
28.80210828781128,0
28.8021092414856,0
28.80212640762329,0
28.80218386650085,0
28.80499815940857,0
28.805020093917847,0
28.805144548416138,0
28.808675289154053,0
28.80869197845459,0
28.810060501098636,0
28.810085773468018,0
28.810215950012207,0
28.81023502349853,0
28.81036138534546,0
28.810375928878784,0
28.81173324584961,0
28.81594681739807,0
28.819568634033203,0
28.81959843635559,0
28.81960964202881,0
28.824724435806274,0
28.8247344493866,0
28.826049089431763,0
28.82607746124268,0
28.826082706451416,0
28.827751636505127,0
28.827780723571777,0
28.829092502593998,0
28.83474183082581,0
28.83476424217224,0
28.839405059814453,0
28.83943796157837,0
28.83953094482422,0
28.851688146591187,0
28.851747274398804,0
28.859859228134155,0
28.859894514083862,0
28.85996174812317,0
28.879611015319824,0
28.879650354385376,0
28.87969160079956,0
28.894160509109497,0
28.90078639984131,0
28.90081024169922,0
28.90087938308716,0
28.9026460647583,0
28.90266752243042,0
28.902848720550537,0
28.90286898612976,0
28.90288710594177,0
28.90290093421936,0
28.90460443496704,0
28.91997647285461,0
28.92001819610596,0
28.920056581497192,0
28.9244327545166,0
28.93976926803589,0
28.939801692962646,0
28.93981647491455,0
28.9556725025177,0
28.955686807632446,0
28.955706357955933,0
28.95576357841492,0
28.95951509475708,0
28.959825038909912,0
28.95984697341919,0
28.98072075843811,0
28.980936765670776,0
28.98095989227295,0
28.992291688919067,0
28.992305994033813,0
28.99263048171997,0
28.99438571929932,0
28.994402408599854,0
28.995927095413208,0
28.995938301086422,0
28.99658441543579,0
28.9993736743927,0
28.9993748664856,0
28.99940156936645,0
29.01171350479126,0
29.01175546646118,0
29.01944589614868,0
29.019470691680908,0
29.019481420516968,0
29.035763025283813,0
29.035780668258667,0
29.03613018989563,0
29.0369815826416,0
29.0370032787323,0
29.037336349487305,0
29.037846565246586,0
29.038296461105347,0
29.039714574813843,0
29.0397264957428,0
29.03973627090454,0
29.04182004928589,0
29.041872024536133,0
29.041930675506592,0
29.04425930976868,0
29.044265508651733,0
29.04598379135132,0
29.04602289199829,0
29.04736566543579,0
29.04738140106201,0
29.047390937805176,0
29.047400951385494,0
29.058351039886475,0
29.058429718017575,0
29.0584454536438,0
29.05923891067505,0
29.05945992469788,0
29.059484004974365,0
29.059532165527344,0
29.079648971557617,0
29.07968044281006,0
29.07972264289856,0
29.090001344680783,0
29.090041160583496,0
29.090073823928837,0
29.090102910995483,0
29.09068489074707,0
29.09070920944214,0
29.09076857566833,0
29.100547790527344,0
29.10057640075684,0
29.10065102577209,0
29.114784240722656,0
29.119470357894897,0
29.11950182914734,0
29.11951422691345,0
29.139447450637817,0
29.13947343826294,0
29.13999891281128,0
29.14808988571167,0
29.14840722084045,0
29.14843773841858,0
29.14845466613769,0
29.151043176651,0
29.151062726974487,0
29.15276265144348,0
29.15440082550049,0
29.154433727264404,0
29.154951572418213,0
29.155155658721924,0
29.15944218635559,0
29.159469842910767,0
29.15954852104187,0
29.16970419883728,0
29.17244124412537,0
29.175328254699707,0
29.17948317527771,0
29.179483652114868,0
29.179529428482056,0
29.18375897407532,0
29.185539722442627,0
29.18556809425354,0
29.185604095458984,0
29.187559127807617,0
29.18758535385132,0
29.18782877922058,0
29.19978642463684,0
29.199988842010494,0
29.20065665245056,0
29.20119571685791,0
29.20267081260681,0
29.219621419906616,0
29.21964979171753,0
29.219659566879272,0
29.23034977912903,0
29.230382680892944,0
29.23072338104248,0
29.230964422225952,0
29.230986833572388,0
29.231364965438843,0
29.232993364334103,0
29.233662366867065,0
29.233758211135864,0
29.239415168762207,0
29.239440441131592,0
29.23945260047913,0
29.24707341194153,0
29.247434616088867,0
29.24886989593506,0
29.24919581413269,0
29.24982500076294,0
29.25149345397949,0
29.25941562652588,0
29.25944423675537,0
29.259447813034058,0
29.278496265411377,0
29.28014326095581,0
29.280193567276,0
29.280211925506592,0
29.299559354782104,0
29.29960012435913,0
29.29970073699951,0
29.309154272079468,0
29.309154510498047,0
29.30919504165649,0
29.309256076812744,0
29.311633110046387,0
29.31169295310974,0
29.31244730949402,0
29.31326794624329,0
29.31329989433289,0
29.313372373580933,0
29.313434839248657,0
29.315379858016968,0
29.31541323661804,0
29.315574169158936,0
29.31612873077393,0
29.32006335258484,0
29.32009983062744,0
29.320160150527958,0
29.34091567993164,0
29.340967416763306,0
29.340972423553467,0
29.359474420547485,0
29.35950827598572,0
29.35953640937805,0
29.365295886993408,0
29.365346908569336,0
29.365381717681885,0
29.365439891815186,0
29.367860794067383,0
29.367876052856445,0
29.368160009384155,0
29.36843705177307,0
29.36846399307251,0
29.36975908279419,0
29.36977314949036,0
29.38205361366272,0
29.38208270072937,0
29.382094621658325,0
29.38548874855041,0
29.399874925613403,0
29.39989995956421,0
29.40024352073669,0
29.410685062408447,0
29.41070008277893,0
29.413089513778687,0
29.41310143470764,0
29.41311192512512,0
29.413124084472656,0
29.41556477546692,0
29.41563105583191,0
29.41600751876831,0
29.41753935813904,0
29.41918110847473,0
29.41962838172913,0
29.41964554786682,0
29.42394232749939,0
29.423956155776978,0
29.42400550842285,0
29.4240403175354,0
29.42590951919556,0
29.42595672607422,0
29.426013708114624,0
29.43685841560364,0
29.436888456344604,0
29.438602209091187,0
29.43917179107666,0
29.439956426620483,0
29.44001293182373,0
29.441332578659058,0
29.459343194961548,0
29.459371089935303,0
29.45942258834839,0
29.47964692115784,0
29.479665756225582,0
29.479734897613525,0
29.495232582092285,0
29.49987483024597,0
29.49991130828857,0
29.4999258518219,0
29.519503831863403,0
29.519538164138797,0
29.51955246925354,0
29.539751529693604,0
29.539793014526367,0
29.53986597061157,0
29.554707050323486,0
29.55471420288086,0
29.55472540855408,0
29.55521273612976,0
29.55671000480652,0
29.55672597885132,0
29.55737280845642,0
29.558114051818848,0
29.56016731262207,0
29.560199737548828,0
29.56023502349853,0
29.56067156791687,0
29.576826810836792,0
29.579360246658325,0
29.57938575744629,0
29.579833269119263,0
29.580782890319824,0
29.58081007003784,0
29.582989931106567,0
29.583143949508667,0
29.58514618873596,0
29.58559489250183,0
29.58611226081848,0
29.58613348007202,0
29.58785319328308,0
29.58839702606201,0
29.591447591781616,0
29.59941983222961,0
29.59944486618042,0
29.600044012069706,0
29.601303577423096,0
29.619543075561523,0
29.61957216262817,0
29.619585752487183,0
29.62694501876831,0
29.62695813179016,0
29.63022017478943,0
29.630241632461548,0
29.630455255508423,0
29.63063216209412,0
29.634587287902832,0
29.634610652923584,0
29.635846614837646,0
29.636371850967407,0
29.639668703079224,0
29.6396803855896,0
29.63997960090637,0
29.64559555053711,0
29.64565706253052,0
29.647758722305294,0
29.647786617279053,0
29.64944577217102,0
29.659460306167603,0
29.65948820114136,0
29.659516096115112,0
29.66400575637817,0
29.664695739746094,0
29.679450511932373,0
29.67948293685913,0
29.680050134658813,0
29.685343503952023,0
29.68536686897278,0
29.68541359901428,0
29.68544864654541,0
29.69000577926636,0
29.69003200531006,0
29.690043926239014,0
29.69115519523621,0
29.693695545196533,0
29.699337244033813,0
29.699363470077515,0
29.69937419891357,0
29.71529006958008,0
29.719441175460812,0
29.71949052810669,0
29.719528436660767,0
29.73959350585937,0
29.739630460739136,0
29.73964738845825,0
29.75946044921875,0
29.759493112564087,0
29.75950717926025,0
29.76372694969177,0
29.763731718063354,0
29.76375770568848,0
29.76376438140869,0
29.767168283462524,0
29.767178058624268,0
29.767196893692017,0
29.768473148345947,0
29.768488883972168,0
29.77959561347961,0
29.779616355896,0
29.779622554779053,0
29.79960346221924,0
29.79963541030884,0
29.799649000167847,0
29.80022692680359,0
29.80024027824402,0
29.800490379333496,0
29.803560972213745,0
29.80357766151428,0
29.806283473968502,0
29.806312322616577,0
29.80632305145264,0
29.806334495544437,0
29.80794715881348,0
29.813016176223755,0
29.81303596496582,0
29.813329935073853,0
29.813705921173096,0
29.81372332572937,0
29.813726902008057,0
29.81373953819275,0
29.813755750656128,0
29.813819408416748,0
29.814246654510494,0
29.820196390151978,0
29.820228338241577,0
29.82023906707764,0
29.822949171066284,0
29.824302434921265,0
29.82432627677917,0
29.82433843612671,0
29.825150728225708,0
29.825168132781982,0
29.825223684310917,0
29.8344566822052,0
29.834513902664185,0
29.840089797973636,0
29.8401153087616,0
29.840126991271973,0
29.85829973220825,0
29.85842514038086,0
29.859662294387817,0
29.8596625328064,0
29.859675645828247,0
29.860560178756717,0
29.881559133529663,0
29.881590604782104,0
29.88159203529358,0
29.88160514831543,0
29.881609201431274,0
29.8816192150116,0
29.88162350654602,0
29.883644819259644,0
29.88365721702576,0
29.88367486000061,0
29.899921894073486,0
29.89995789527893,0
29.89996838569641,0
29.903579711914062,0
29.90625500679016,0
29.919409036636356,0
29.91944026947021,0
29.919452905654907,0
29.92347764968872,0
29.92749786376953,0
29.927547216415405,0
29.927594423294067,0
29.927638292312626,0
29.930302143096924,0
29.93034076690674,0
29.930387258529663,0
29.93957114219665,0
29.93960690498352,0
29.939675331115723,0
29.94759488105774,0
29.94762921333313,0
29.95071268081665,0
29.95078539848328,0
29.951619148254395,0
29.95332384109497,0
29.959450244903564,0
29.95946216583252,0
29.95970892906189,0
29.979480028152462,0
29.97950863838196,0
29.979520082473755,0
29.99986815452576,0
29.99989533424377,0
29.999906063079838,0
30.001522064208984,0
30.00542974472046,0
30.005666971206665,0
30.009491443634037,0
30.009523153305054,0
30.009535312652588,0
30.00954818725586,0
30.010756492614743,0
30.010769367218018,0
30.012226581573486,0
30.0195415019989,0
30.01956915855408,0
30.019579887390137,0
30.034156322479248,0
30.04012942314148,0
30.04015278816223,0
30.041478872299194,0
30.05937528610229,0
30.05942249298096,0
30.059459686279297,0
30.07960057258606,0
30.0796377658844,0
30.079694271087646,0
30.086528539657596,0
30.08670663833618,0
30.086785554885864,0
30.088138341903687,0
30.089736461639404,0
30.089776277542114,0
30.08985948562622,0
30.089873552322388,0
30.08988904953003,0
30.09993934631348,0
30.100004196166992,0
30.10001873970032,0
30.111990928649902,0
30.11206150054932,0
30.11447262763977,0
30.11451244354248,0
30.114656925201416,0
30.114675760269165,0
30.116661548614506,0
30.116918563842773,0
30.117592334747314,0
30.11823558807373,0
30.11986994743347,0
30.119887351989743,0
30.11992359161377,0
30.12265658378601,0
30.128477811813354,0
30.12861728668213,0
30.12896180152893,0
30.128992319107056,0
30.13958859443665,0
30.139628410339355,0
30.13964319229126,0
30.14615249633789,0
30.14616847038269,0
30.146403789520264,0
30.1514892578125,0
30.1522536277771,0
30.152292728424072,0
30.152312517166138,0
30.152878522872925,0
30.153539896011356,0
30.15970277786255,0
30.159711837768555,0
30.159764766693115,0
30.18113374710083,0
30.181175231933597,0
30.18120837211609,0
30.181554555892944,0
30.19960713386536,0
30.19963240623474,0
30.19968581199646,0
30.20186161994934,0
30.20207452774048,0
30.206459760665894,0
30.206530809402462,0
30.20657515525818,0
30.20663547515869,0
30.21948838233948,0
30.21951460838318,0
30.219547986984253,0
30.24096941947937,0
30.241000652313232,0
30.24101567268372,0
30.241387605667114,0
30.24139404296875,0
30.244738578796387,0
30.2448844909668,0
30.259916067123413,0
30.259947776794437,0
30.259961128234863,0
30.261942148208615,0
30.26196026802063,0
30.26234483718872,0
30.262373208999637,0
30.26355051994324,0
30.26359272003174,0
30.264718055725098,0
30.264747381210327,0
30.274935960769653,0
30.27957773208618,0
30.27961277961731,0
30.279627084732056,0
30.300195932388306,0
30.30023694038391,0
30.30025100708008,0
30.306373357772827,0
30.309303522109985,0
30.31963896751404,0
30.31967854499817,0
30.319728136062626,0
30.32858681678772,0
30.328861474990845,0
30.32889056205749,0
30.32894492149353,0
30.32916593551636,0
30.329182147979736,0
30.32920241355896,0
30.33144736289978,0
30.33145904541016,0
30.33147144317627,0
30.33149766921997,0
30.331570625305176,0
30.33164405822754,0
30.33166098594665,0
30.343252658843998,0
30.343311548233032,0
30.343334436416622,0
30.34631848335266,0
30.350987911224365,0
30.351699590682983,0
30.353136777877808,0
30.35315203666687,0
30.35396814346313,0
30.358195304870605,0
30.359454870224,0
30.35948085784912,0
30.35952043533325,0
30.38009238243103,0
30.38011693954468,0
30.38012719154358,0
30.381208181381226,0
30.39939904212952,0
30.39991307258606,0
30.399942636489868,0
30.410439252853397,0
30.410439491271973,0
30.411840438842773,0
30.411863803863525,0
30.411865949630737,0
30.41187858581543,0
30.41291284561157,0
30.412937879562374,0
30.412962675094604,0
30.413913011550903,0
30.41983103752136,0
30.41985821723938,0
30.41986870765686,0
30.436625480651852,0
30.436638593673703,0
30.43675923347473,0
30.436776399612427,0
30.43678998947144,0
30.43681812286377,0
30.43942070007324,0
30.443878650665283,0
30.44389677047729,0
30.44394397735596,0
30.44399118423462,0
30.444029331207275,0
30.44406771659851,0
30.444093227386475,0
30.454988479614254,0
30.459373712539676,0
30.459375143051147,0
30.4594042301178,0
30.479697704315186,0
30.47973132133484,0
30.47974729537964,0
30.489089488983154,0
30.48910522460937,0
30.48912000656128,0
30.48913645744324,0
30.492573738098145,0
30.492592334747314,0
30.492879152297974,0
30.49290657043457,0
30.50008487701416,0
30.50010848045349,0
30.500120878219604,0
30.500131607055664,0
30.50085949897766,0
30.50088381767273,0
30.50089931488037,0
30.519426822662357,0
30.51945996284485,0
30.51952433586121,0
30.525116443634037,0
30.52515983581543,0
30.52520179748535,0
30.52797222137451,0
30.52799701690674,0
30.528011322021484,0
30.528024673461918,0
30.53009557723999,0
30.53013110160828,0
30.530303239822388,0
30.539646863937374,0
30.5396831035614,0
30.5396990776062,0
30.55284667015076,0
30.552885055541992,0
30.55647373199463,0
30.556861400604248,0
30.558342933654785,0
30.559542655944824,0
30.55957317352295,0
30.559648513793945,0
30.564383029937744,0
30.564691066741943,0
30.56470513343811,0
30.565614223480225,0
30.566987991333008,0
30.566999673843384,0
30.56734013557434,0
30.579712390899655,0
30.57974576950073,0
30.589762449264526,0
30.591196537017822,0
30.592189073562626,0
30.5986750125885,0
30.599180936813354,0
30.60042524337769,0
30.600463390350345,0
30.600502729415894,0
30.60297107696533,0
30.60299515724182,0
30.60307240486145,0
30.603086948394772,0
30.60738182067871,0
30.60741424560547,0
30.607447147369385,0
30.615440607070923,0
30.61547064781189,0
30.61961936950684,0
30.619760751724243,0
30.619770526885983,0
30.63731050491333,0
30.6373233795166,0
30.639400720596317,0
30.63961958885193,0
30.642667055130005,0
30.65936493873596,0
30.659385442733765,0
30.659400701522827,0
30.66339445114136,0
30.66341209411621,0
30.66341805458069,0
30.66343379020691,0
30.66524744033813,0
30.665255069732662,0
30.665560722351078,0
30.665778875350952,0
30.67938804626465,0
30.679422616958615,0
30.6795117855072,0
30.684863090515137,0
30.68590259552002,0
30.700862169265747,0
30.700891494750977,0
30.700905323028564,0
30.71773886680603,0
30.71776747703552,0
30.717954874038696,0
30.71798086166382,0
30.720110416412357,0
30.72014021873474,0
30.720176219940186,0
30.720310926437374,0
30.7213237285614,0
30.721514463424683,0
30.723076343536377,0
30.723708152771,0
30.741525173187256,0
30.74156808853149,0
30.741585731506348,0
30.742335557937626,0
30.742371320724487,0
30.74385929107666,0
30.74423694610596,0
30.744985818862915,0
30.755821704864506,0
30.756019353866577,0
30.756339073181152,0
30.756365299224854,0
30.760873556137085,0
30.76088643074036,0
30.762487173080444,0
30.77948904037476,0
30.77951502799988,0
30.779526948928837,0
30.787697076797485,0
30.78822636604309,0
30.788864850997925,0
30.79043436050415,0
30.79044485092163,0
30.790447473526,0
30.790452003479004,0
30.79293465614319,0
30.79317331314087,0
30.79320192337036,0
30.800251960754395,0
30.800309658050537,0
30.80036354064941,0
30.802518129348755,0
30.820006847381592,0
30.820032119750977,0
30.82004404067993,0
30.839328050613403,0
30.83935499191284,0
30.83936858177185,0
30.850916385650635,0
30.851228713989254,0
30.85284757614136,0
30.853046655654907,0
30.853058099746704,0
30.853067636489868,0
30.8530797958374,0
30.8530867099762,0
30.853718996047974,0
30.85447835922241,0
30.854803323745728,0
30.85824728012085,0
30.858452558517456,0
30.859437704086304,0
30.85945296287537,0
30.859463214874268,0
30.860311031341556,0
30.879345893859863,0
30.87937593460083,0
30.87938904762268,0
30.88992166519165,0
30.88993191719055,0
30.889934062957764,0
30.88996434211731,0
30.890015602111816,0
30.890151739120483,0
30.8901686668396,0
30.890187740325928,0
30.89951515197754,0
30.89954376220703,0
30.89954662322998,0
30.90677237510681,0
30.907585859298703,0
30.90761089324951,0
30.90764284133911,0
30.9089629650116,0
30.909082651138306,0
30.909132480621334,0
30.91962194442749,0
30.919677734375,0
30.91969656944275,0
30.93915724754333,0
30.93931579589844,0
30.939343690872192,0
30.939448833465576,0
30.939468145370483,0
30.957743406295776,0
30.957775592803955,0
30.95889616012573,0
30.9595046043396,0
30.9595308303833,0
30.95954203605652,0
30.979429483413696,0
30.980021715164185,0
30.98004913330078,0
30.999449729919437,0
30.999472618103027,0
30.999484062194824,0
31.002485275268555,0
31.003034353256226,0
31.005693912506104,0
31.006452083587646,0
31.006771326065063,0
31.00717091560364,0
31.00719380378723,0
31.007206439971924,0
31.00910305976868,0
31.01010131835937,0
31.019532918930054,0
31.01955509185791,0
31.019569635391235,0
31.02478575706482,0
31.024799823760983,0
31.02548861503601,0
31.027021646499637,0
31.02732515335083,0
31.0273597240448,0
31.02746152877808,0
31.027467727661133,0
31.029056310653687,0
31.02927589416504,0
31.03212547302246,0
31.03215527534485,0
31.03230214118957,0
31.03242874145508,0
31.039390325546265,0
31.03940796852112,0
31.039446592330933,0
31.044851303100582,0
31.045191287994385,0
31.04519486427307,0
31.046810150146484,0
31.046854734420776,0
31.048417329788208,0
31.048455476760864,0
31.0550389289856,0
31.05929970741272,0
31.059324741363525,0
31.05933451652527,0
31.07941555976868,0
31.079442501068115,0
31.079444408416748,0
31.084810256958008,0
31.08483862876892,0
31.08485627174377,0
31.08669090270996,0
31.0889904499054,0
31.08906364440918,0
31.08953666687012,0
31.090309858322144,0
31.0910062789917,0
31.099428176879883,0
31.09945845603943,0
31.09949207305908,0
31.106580018997192,0
31.11317348480225,0
31.11320233345032,0
31.11591601371765,0
31.11593985557556,0
31.116886138916016,0
31.116899967193604,0
31.117007970809937,0
31.11951470375061,0
31.11956667900085,0
31.119574785232544,0
31.12839102745056,0
31.13143229484558,0
31.132713079452515,0
31.13319230079651,0
31.13770866394043,0
31.1377637386322,0
31.138509035110477,0
31.139431476593018,0
31.139463901519772,0
31.139568328857425,0
31.15986394882202,0
31.16016530990601,0
31.160184621810917,0
31.160234451293945,0
31.160313367843628,0
31.16056561470032,0
31.1605966091156,0
31.16224694252014,0
31.162263870239254,0
31.16299104690552,0
31.17826819419861,0
31.17989158630371,0
31.17989230155945,0
31.179913759231567,0
31.199581384658813,0
31.199615001678467,0
31.199625253677368,0
31.206457376480103,0
31.20649671554565,0
31.207268953323364,0
31.207284688949585,0
31.207341194152832,0
31.20822834968567,0
31.208888053894043,0
31.208922863006592,0
31.20895791053772,0
31.217240571975708,0
31.217259407043457,0
31.21930456161499,0
31.219329357147217,0
31.21935606002808,0
31.22031116485596,0
31.220362901687626,0
31.236215591430664,0
31.239669799804688,0
31.23970460891724,0
31.239848375320435,0
31.256736278533936,0
31.259702920913696,0
31.259731769561768,0
31.25974440574646,0
31.26276016235352,0
31.2628014087677,0
31.279691219329838,0
31.281413555145264,0
31.281415462493896,0
31.284574270248413,0
31.28467631340027,0
31.292351245880127,0
31.292492866516117,0
31.2925443649292,0
31.292558193206787,0
31.29259133338928,0
31.292613983154297,0
31.29262948036194,0
31.29266357421875,0
31.295961380004883,0
31.29955244064331,0
31.299558639526367,0
31.299563884735107,0
31.31862068176269,0
31.31863903999329,0
31.31875491142273,0
31.318797826766968,0
31.321330785751343,0
31.3213484287262,0
31.32190227508545,0
31.32192611694336,0
31.32198667526245,0
31.32202982902527,0
31.335346460342407,0
31.33537983894348,0
31.339704513549805,0
31.33974242210388,0
31.339758157730103,0
31.359611749649048,0
31.35965704917908,0
31.359764099121094,0
31.370441436767575,0
31.37050437927246,0
31.372036457061768,0
31.37963891029358,0
31.37966752052307,0
31.38005304336548,0
31.381386756896973,0
31.38139319419861,0
31.381691217422485,0
31.381760835647583,0
31.38293600082397,0
31.383119106292725,0
31.383151292800903,0
31.38472580909729,0
31.391436338424683,0
31.39326572418213,0
31.39932107925415,0
31.39976191520691,0
31.399789094924927,0
31.40979146957397,0
31.411036729812626,0
31.411077976226807,0
31.412338256835938,0
31.412365913391117,0
31.412615299224854,0
31.41402292251587,0
31.41405987739563,0
31.41413402557373,0
31.422930002212524,0
31.42295813560486,0
31.42296934127808,0
31.439663410186768,0
31.43971562385559,0
31.43972969055176,0
31.441443920135494,0
31.441508531570435,0
31.44380474090576,0
31.443864345550537,0
31.459572553634644,0
31.45961332321167,0
31.459630727767944,0
31.477806568145752,0
31.47959899902344,0
31.479639768600464,0
31.479762077331543,0
31.499738216400143,0
31.499825954437256,0
31.49984908103943,0
31.51019787788391,0
31.51023268699646,0
31.510241270065308,0
31.510251760482788,0
31.513633251190186,0
31.51368498802185,0
31.51388359069824,0
31.513981819152832,0
31.519238471984863,0
31.51927614212036,0
31.519291639328003,0
31.51935148239136,0
31.519773960113525,0
31.51980352401733,0
31.519880294799805,0
31.522361993789676,0
31.5223970413208,0
31.52253818511963,0
31.539886951446533,0
31.53992390632629,0
31.539939880371094,0
31.559691905975345,0
31.55973482131958,0
31.55975341796875,0
31.566994667053223,0
31.56707644462585,0
31.56890296936035,0
31.56891942024231,0
31.56994104385376,0
31.579630374908447,0
31.579671144485477,0
31.579689502716064,0
31.594528436660767,0
31.594568729400635,0
31.594587087631226,0
31.594651222229004,0
31.59967803955078,0
31.599724769592285,0
31.599740266799927,0
31.60220241546631,0
31.60223960876465,0
31.603294849395752,0
31.60412836074829,0
31.618367195129395,0
31.619210720062256,0
31.61998534202576,0
31.620012044906616,0
31.62004017829895,0
31.6235671043396,0
31.62371516227722,0
31.62374782562256,0
31.623809576034542,0
31.626972198486328,0
31.62698459625244,0
31.62750244140625,0
31.63091254234314,0
31.63136410713196,0
31.634122610092163,0
31.6347553730011,0
31.63796353340149,0
31.637966632843018,0
31.639307498931885,0
31.639331102371216,0
31.63938546180725,0
31.65980672836304,0
31.65984797477722,0
31.6598641872406,0
31.67047643661499,0
31.6705539226532,0
31.671704292297363,0
31.67681884765625,0
31.676917552948,0
31.677079439163208,0
31.677102088928223,0
31.680388689041138,0
31.680411338806152,0
31.680427312850952,0
31.68153595924377,0
31.681728839874268,0
31.682190418243408,0
31.694751739501957,0
31.69960904121399,0
31.699610471725464,0
31.69964718818665,0
31.70259976387024,0
31.70287251472473,0
31.70289897918701,0
31.702913522720337,0
31.70436811447144,0
31.704396724700928,0
31.706011533737183,0
31.720128297805783,0
31.7202742099762,0
31.72041273117065,0
31.725200176239014,0
31.72695565223694,0
31.72793984413147,0
31.72796630859375,0
31.73092722892761,0
31.7310049533844,0
31.739769220352173,0
31.73981547355652,0
31.740391492843628,0
31.757394552230835,0
31.75990438461304,0
31.759966135025024,0
31.75996708869934,0
31.779470920562744,0
31.77950882911682,0
31.779669761657715,0
31.79591488838196,0
31.79628562927246,0
31.796308994293213,0
31.796359062194824,0
31.79994559288025,0
31.799957513809204,0
31.801510334014893,0
31.801544666290283,0
31.80156111717224,0
31.80315113067627,0
31.803181409835812,0
31.80319833755493,0
31.80656886100769,0
31.806591987609863,0
31.80686831474304,0
31.806894063949585,0
31.806907653808597,0
31.808024406433105,0
31.81961226463318,0
31.81963872909546,0
31.8196485042572,0
31.827486753463745,0
31.82750344276428,0
31.82816219329834,0
31.82817006111145,0
31.828258514404297,0
31.828274488449097,0
31.83053183555603,0
31.831011295318604,0
31.83103919029236,0
31.838698387146,0
31.83871459960937,0
31.839697122573853,0
31.83972430229187,0
31.83973503112793,0
31.858129262924194,0
31.85819149017334,0
31.859126806259155,0
31.85927176475525,0
31.859296321868896,0
31.85957407951355,0
31.879387140274048,0
31.87941598892212,0
31.879430770874023,0
31.899683713912964,0
31.89971661567688,0
31.899725437164307,0
31.902913570404053,0
31.90295791625977,0
31.90296244621277,0
31.902971029281616,0
31.90571355819702,0
31.905734539031982,0
31.90617561340332,0
31.906350135803223,0
31.9195773601532,0
31.91961240768433,0
31.919692516326904,0
31.927616357803345,0
31.92764949798584,0
31.928830862045288,0
31.928900480270386,0
31.92980670928955,0
31.93954563140869,0
31.939584016799927,0
31.9396014213562,0
31.94257354736328,0
31.94272184371948,0
31.942751169204712,0
31.94282412528992,0
31.945396184921265,0
31.94546246528625,0
31.94551110267639,0
31.960021257400516,0
31.96005368232727,0
31.96006679534912,0
31.979554653167725,0
31.97956109046936,0
31.979570627212524,0
31.99999976158142,0
32.00001668930054,0
32.00003218650818,0
32.000171422958374,0
32.00348496437073,0
32.00372791290283,0
32.00461292266846,0
32.00487971305847,0
32.00509595870972,0
32.00536608695984,0
32.00664305686951,0
32.006959676742554,0
32.007550954818726,0
32.01781892776489,0
32.017842054367065,0
32.018139600753784,0
32.018768072128296,0
32.01973819732666,0
32.019771099090576,0
32.01978635787964,0
32.02066707611084,0
32.02069282531738,0
32.02070474624634,0
32.022605419158936,0
32.0232515335083,0
32.02728605270386,0
32.02730894088745,0
32.027318716049194,0
32.02733135223389,0
32.036025524139404,0
32.03612327575684,0
32.03616380691528,0
32.03946828842163,0
32.03946852684021,0
32.039491415023804,0
32.05814576148987,0
32.05841827392578,0
32.05935215950012,0
32.05936884880066,0
32.05938124656677,0
32.0597939491272,0
32.05998158454895,0
32.08101797103882,0
32.08105993270874,0
32.081463098526,0
32.08676767349243,0
32.09003925323486,0
32.09737300872803,0
32.09984755516052,0
32.099855184555054,0
32.09990668296814,0
32.11935472488403,0
32.119383573532104,0
32.119781494140625,0
32.133021116256714,0
32.13305139541626,0
32.133310079574585,0
32.1333384513855,0
32.13977098464966,0
32.13982605934143,0
32.13993859291077,0
32.16024613380432,0
32.160284757614136,0
32.16028952598572,0
32.16435384750366,0
32.164374113082886,0
32.16444683074951,0
32.165931224823,0
32.16884756088257,0
32.17955017089844,0
32.17958426475525,0
32.17959713935852,0
32.18780255317688,0
32.19048595428467,0
32.1906955242157,0
32.19827914237976,0
32.19829201698303,0
32.20062017440796,0
32.200767040252686,0
32.20092153549194,0
32.21334362030029,0
32.21342968940735,0
32.213887453079224,0
32.21583008766174,0
32.21585750579834,0
32.21724557876587,0
32.21779274940491,0
32.217803955078125,0
32.21866250038147,0
32.218700885772705,0
32.21870541572571,0
32.219780683517456,0
32.21980404853821,0
32.21981382369995,0
32.22085118293762,0
32.23944449424744,0
32.23947215080261,0
32.23948287963867,0
32.24573040008545,0
32.24574160575867,0
32.2471022605896,0
32.24712562561035,0
32.247901916503906,0
32.248016595840454,0
32.248032093048096,0
32.24917483329773,0
32.24920058250427,0
32.25102138519287,0
32.25102257728577,0
32.259601354599,0
32.25962996482849,0
32.259639739990234,0
32.26276659965515,0
32.26278376579285,0
32.26279425621033,0
32.2628014087677,0
32.26427483558655,0
32.2643027305603,0
32.26431727409363,0
32.26556921005249,0
32.27945351600647,0
32.27945423126221,0
32.27948904037476,0
32.28329133987427,0
32.283292293548584,0
32.283331871032715,0
32.283347845077515,0
32.2845561504364,0
32.2845721244812,0
32.28478765487671,0
32.29956126213074,0
32.29958367347717,0
32.29959678649902,0
32.31268262863159,0
32.31962323188782,0
32.31965398788452,0
32.31969618797302,0
32.33953142166138,0
32.33957099914551,0
32.339587926864624,0
32.36065173149109,0
32.36071252822876,0
32.36072564125061,0
32.371981382369995,0
32.37199544906616,0
32.37200736999512,0
32.37266969680786,0
32.373793601989746,0
32.3738112449646,0
32.373883962631226,0
32.37496852874756,0
32.375009059906006,0
32.37733244895935,0
32.377344846725464,0
32.379467487335205,0
32.379494190216064,0
32.379504442214966,0
32.391536235809326,0
32.3993935585022,0
32.399418115615845,0
32.39999079704285,0
32.420724868774414,0
32.42073702812195,0
32.42077136039734,0
32.4208767414093,0
32.42089247703552,0
32.421844482421875,0
32.421873331069946,0
32.42188572883606,0
32.421897172927856,0
32.42441987991333,0
32.424450635910034,0
32.42460799217224,0
32.42557215690613,0
32.43032455444336,0
32.430335521698,0
32.43034529685974,0
32.43037271499634,0
32.43192410469055,0
32.43193316459656,0
32.43232727050781,0
32.435173749923706,0
32.435197830200195,0
32.43930959701538,0
32.43933439254761,0
32.43942832946777,0
32.45339798927307,0
32.45341420173645,0
32.45976758003235,0
32.45979380607605,0
32.45980405807495,0
32.47948169708252,0
32.47952365875244,0
32.479535818099976,0
32.48750948905945,0
32.49501824378967,0
32.495030879974365,0
32.495096921920776,0
32.49541139602661,0
32.49987816810608,0
32.49990558624268,0
32.49994134902954,0
32.50240397453308,0
32.5040225982666,0
32.507219076156616,0
32.507993936538696,0
32.50800943374634,0
32.508018493652344,0
32.50802540779114,0
32.508031368255615,0
32.50803995132446,0
32.519359827041626,0
32.51939058303833,0
32.5193989276886,0
32.52890062332153,0
32.53273057937622,0
32.53291130065918,0
32.532933712005615,0
32.53296232223511,0
32.53511834144592,0
32.53512763977051,0
32.53513193130493,0
32.535340785980225,0
32.5353569984436,0
32.53925037384033,0
32.539273500442505,0
32.539283990859985,0
32.542969942092896,0
32.54301309585571,0
32.54374957084656,0
32.5449812412262,0
32.55939507484436,0
32.559425592422485,0
32.55944561958313,0
32.56676268577576,0
32.56911778450012,0
32.579853773117065,0
32.579891204833984,0
32.57990908622742,0
32.60041856765747,0
32.60047125816345,0
32.60049843788147,0
32.61517882347107,0
32.620373487472534,0
32.6203887462616,0
32.621241331100464,0
32.62219977378845,0
32.62268137931824,0
32.624770164489746,0
32.62480854988098,0
32.6271595954895,0
32.627257347106934,0
32.62725877761841,0
32.627315521240234,0
32.62745809555054,0
32.62747883796692,0
32.63965106010437,0
32.639681577682495,0
32.63969421386719,0
32.6480872631073,0
32.648118019104004,0
32.64816951751709,0
32.65027117729187,0
32.65151619911194,0
32.651533126831055,0
32.65192008018494,0
32.653244733810425,0
32.65328240394592,0
32.65501141548157,0
32.65502572059631,0
32.65605068206787,0
32.657179832458496,0
32.659610748291016,0
32.659642696380615,0
32.65982747077942,0
32.663002490997314,0
32.67956256866455,0
32.67961931228638,0
32.679636001586914,0
32.68360352516174,0
32.68386697769165,0
32.683900117874146,0
32.68394708633423,0
32.68855357170105,0
32.68856239318848,0
32.68890595436096,0
32.69695854187012,0
32.699729681015015,0
32.699729919433594,0
32.69978594779968,0
32.7163610458374,0
32.71640229225159,0
32.7164044380188,0
32.71640586853027,0
32.71867251396179,0
32.718684673309326,0
32.71986198425293,0
32.71995687484741,0
32.71997261047363,0
32.71998333930969,0
32.737229108810425,0
32.73723864555359,0
32.73986744880676,0
32.739869594573975,0
32.73990607261658,0
32.74036979675293,0
32.7404043674469,0
32.75708365440369,0
32.75712251663208,0
32.75712513923645,0
32.7572078704834,0
32.759796380996704,0
32.759835958480835,0
32.759989738464355,0
32.760013818740845,0
32.76010274887085,0
32.76111602783203,0
32.7802357673645,0
32.78028464317322,0
32.78028917312622,0
32.78214693069458,0
32.79975342750549,0
32.79979491233826,0
32.799859285354614,0
32.815759897232056,0
32.8157799243927,0
32.81579661369324,0
32.81581258773804,0
32.8158540725708,0
32.81595087051392,0
32.81958651542664,0
32.8196074962616,0
32.819642305374146,0
32.82045269012451,0
32.82048678398132,0
32.82050371170044,0
32.822840452194214,0
32.83262085914612,0
32.832648277282715,0
32.83270335197449,0
32.8327214717865,0
32.83380961418152,0
32.833816051483154,0
32.83383059501648,0
32.83997082710266,0
32.83999800682068,0
32.84004187583923,0
32.84370541572571,0
32.84371256828308,0
32.846269845962524,0
32.846271276474,0
32.85949683189392,0
32.85952973365784,0
32.85954022407532,0
32.8654146194458,0
32.87961268424988,0
32.87964987754822,0
32.87966537475586,0
32.88401556015015,0
32.884052753448486,0
32.884060859680176,0
32.88414239883423,0
32.886046171188354,0
32.88647961616516,0
32.88701272010803,0
32.89968466758728,0
32.89972400665283,0
32.89980888366699,0
32.90416383743286,0
32.90877962112427,0
32.91004800796509,0
32.9194438457489,0
32.91947293281555,0
32.91948485374451,0
32.92283749580383,0
32.92286825180054,0
32.92289090156555,0
32.922914266586304,0
32.92300844192505,0
32.92304706573486,0
32.92312955856323,0
32.93960690498352,0
32.93967032432556,0
32.939695596694946,0
32.94570255279541,0
32.945746421813965,0
32.949584007263184,0
32.94969749450684,0
32.951642990112305,0
32.9533634185791,0
32.96018052101135,0
32.96022129058838,0
32.960261821746826,0
32.964913845062256,0
32.979509592056274,0
32.97951912879944,0
33.000734090805054,0
33.00076413154602,0
33.000779151916504,0
33.00552678108215,0
33.00714039802551,0
33.00749063491821,0
33.00791263580322,0
33.007996797561646,0
33.00848150253296,0
33.00966453552246,0
33.01003885269165,0
33.01038384437561,0
33.01057505607605,0
33.01058053970337,0
33.01125621795654,0
33.011268615722656,0
33.011285066604614,0
33.01169323921204,0
33.01171803474426,0
33.01952362060547,0
33.01955056190491,0
33.01958155632019,0
33.023643255233765,0
33.02399730682373,0
33.03198575973511,0
33.03315281867981,0
33.034088134765625,0
33.03488779067993,0
33.034911155700684,0
33.03494620323181,0
33.03561806678772,0
33.03579926490784,0
33.03581690788269,0
33.0413830280304,0
33.04141926765442,0
33.04143166542053,0
33.05142688751221,0
33.05153608322144,0
33.05959391593933,0
33.05962252616882,0
33.0596342086792,0
33.07951521873474,0
33.079548597335815,0
33.07956290245056,0
33.08145546913147,0
33.08574914932251,0
33.0857994556427,0
33.08597540855408,0
33.08599352836609,0
33.0950620174408,0
33.09518504142761,0
33.09523415565491,0
33.09950804710388,0
33.09954380989075,0
33.099562644958496,0
33.115450382232666,0
33.119637966156006,0
33.11965370178223,0
33.13947677612305,0
33.13951349258423,0
33.13958740234375,0
33.1453742980957,0
33.14542627334595,0
33.14548325538635,0
33.14554214477539,0
33.14813780784607,0
33.14815807342529,0
33.14822816848755,0
33.14871597290039,0
33.148738384246826,0
33.159900188446045,0
33.16000056266785,0
33.16002058982849,0
33.16003489494324,0
33.160088539123535,0
33.17978072166443,0
33.17980694770813,0
33.17981743812561,0
33.19667625427246,0
33.20323967933655,0
33.20323991775513,0
33.20329236984253,0
33.215237855911255,0
33.215367794036865,0
33.2155077457428,0
33.21565103530884,0
33.21579599380493,0
33.21584177017212,0
33.215991497039795,0
33.21600532531738,0
33.21605706214905,0
33.2160701751709,0
33.21617412567139,0
33.218141078948975,0
33.2194139957428,0
33.21943521499634,0
33.219449043273926,0
33.227731466293335,0
33.22785925865173,0
33.22793889045715,0
33.22795391082764,0
33.22829723358154,0
33.2283136844635,0
33.22835683822632,0
33.237160444259644,0
33.23717737197876,0
33.23954486846924,0
33.23956918716431,0
33.239585161209106,0
33.239800214767456,0
33.239829540252686,0
33.259575843811035,0
33.25960636138916,0
33.25963735580444,0
33.26129698753357,0
33.2613263130188,0
33.26146149635315,0
33.26148462295532,0
33.263280630111694,0
33.26331162452698,0
33.26349902153015,0
33.26383662223816,0
33.279749631881714,0
33.27978181838989,0
33.27979564666748,0
33.29752326011658,0
33.29756045341492,0
33.299853801727295,0
33.29988431930542,0
33.29990243911743,0
33.30060029029846,0
33.300617933273315,0
33.30063509941101,0
33.30064415931702,0
33.30065155029297,0
33.3025848865509,0
33.31486105918884,0
33.31764316558838,0
33.31945586204529,0
33.31948781013489,0
33.319502115249634,0
33.32298421859741,0
33.32301449775696,0
33.32305955886841,0
33.32309889793396,0
33.325326681137085,0
33.32551407814026,0
33.327840089797974,0
33.339507818222046,0
33.33957767486572,0
33.339627504348755,0
33.355958461761475,0
33.355993032455444,0
33.35966730117798,0
33.35973834991455,0
33.35975694656372,0
33.379549980163574,0
33.37955689430237,0
33.37958574295044,0
33.388930559158325,0
33.38897705078125,0
33.38971567153931,0
33.39113187789917,0
33.39938998222351,0
33.39941716194153,0
33.39942812919617,0
33.40915489196777,0
33.41393995285034,0
33.41395163536072,0
33.415048122406006,0
33.41544532775879,0
33.41546893119812,0
33.41548132896423,0
33.41877007484436,0
33.41879749298096,0
33.4191472530365,0
33.419395446777344,0
33.41941952705383,0
33.41946506500244,0
33.42144703865051,0
33.4395604133606,0
33.43959331512451,0
33.43961787223816,0
33.459705114364624,0
33.459737062454224,0
33.45974922180176,0
33.46530103683472,0
33.46538472175598,0
33.46540570259094,0
33.46541094779968,0
33.467859506607056,0
33.46787428855896,0
33.46838331222534,0
33.46974205970764,0
33.46979999542236,0
33.47167682647705,0
33.47204780578613,0
33.478349685668945,0
33.47944617271423,0
33.47947287559509,0
33.479504346847534,0
33.49954533576965,0
33.49958062171936,0
33.49959444999695,0
33.50084328651428,0
33.500863552093506,0
33.50087928771973,0
33.5009331703186,0
33.503209829330444,0
33.50322699546814,0
33.5033118724823,0
33.50508785247803,0
33.505109548568726,0
33.50511908531189,0
33.50512719154358,0
33.51778793334961,0
33.517817974090576,0
33.51784062385559,0
33.51855206489563,0
33.521045207977295,0
33.52107119560242,0
33.52113318443298,0
33.5396420955658,0
33.539687156677246,0
33.539790630340576,0
33.54957890510559,0
33.54964065551758,0
33.5496928691864,0
33.550055503845215,0
33.551790952682495,0
33.55186891555786,0
33.55189538002014,0
33.560325384140015,0
33.560368061065674,0
33.560423374176025,0
33.565476179122925,0
33.565513610839844,0
33.56775879859924,0
33.56781506538391,0
33.5795955657959,0
33.579625844955444,0
33.57963943481445,0
33.59958505630493,0
33.5996150970459,0
33.599629163742065,0
33.604809045791626,0
33.620444774627686,0
33.62077045440674,0
33.620795249938965,0
33.632142066955566,0
33.632152795791626,0
33.63328671455383,0
33.63329792022705,0
33.63335633277893,0
33.633371114730835,0
33.635369539260864,0
33.635371923446655,0
33.6353874206543,0
33.63632535934448,0
33.63960790634155,0
33.63963317871094,0
33.63966155052185,0
33.64353704452515,0
33.6435866355896,0
33.64364004135132,0
33.643906593322754,0
33.65949082374573,0
33.659515380859375,0
33.659653186798096,0
33.66598916053772,0
33.66819667816162,0
33.66914200782776,0
33.67939615249634,0
33.679431676864624,0
33.679800510406494,0
33.690518617630005,0
33.69055151939392,0
33.69057106971741,0
33.690632581710815,0
33.690773725509644,0
33.69081687927246,0
33.69193649291992,0
33.69197869300842,0
33.693095445632935,0
33.695656299591064,0
33.69946765899658,0
33.69950079917908,0
33.69958734512329,0
33.71497106552124,0
33.7149875164032,0
33.71500110626221,0
33.7156445980072,0
33.72002863883972,0
33.72005796432495,0
33.720099449157715,0
33.74009990692139,0
33.740169286727905,0
33.74018740653992,0
33.741915225982666,0
33.74194812774658,0
33.74241518974304,0
33.74386191368103,0
33.743887424468994,0
33.759626626968384,0
33.759660482406616,0
33.75967502593994,0
33.766188859939575,0
33.76625919342041,0
33.7681736946106,0
33.76820755004883,0
33.76861834526062,0
33.76864290237427,0
33.77056288719177,0
33.77059292793274,0
33.77066206932068,0
33.77157282829285,0
33.779390811920166,0
33.77941703796387,0
33.779428243637085,0
33.78604078292847,0
33.78606295585632,0
33.786073207855225,0
33.787540435791016,0
33.78755211830139,0
33.78756642341614,0
33.787567377090454,0
33.80709433555603,0
33.80712294578552,0
33.80715465545654,0
33.81616258621216,0
33.816176652908325,0
33.81823992729187,0
33.82732057571411,0
33.827372789382935,0
33.828206062316895,0
33.82823204994202,0
33.828243255615234,0
33.82825493812561,0
33.828264236450195,0
33.82829284667969,0
33.82834458351135,0
33.8296160697937,0
33.829627990722656,0
33.82967972755432,0
33.836281538009644,0
33.83630871772766,0
33.83753800392151,0
33.837698459625244,0
33.847004413604736,0
33.84703207015991,0
33.847042083740234,0
33.86858606338501,0
33.86866283416748,0
33.868741512298584,0
33.877217054367065,0
33.88942289352417,0
33.88944673538208,0
33.88948702812195,0
33.90889763832092,0
33.90892696380615,0
33.90895938873291,0
33.92190647125244,0
33.92191982269287,0
33.92196869850159,0
33.922003507614136,0
33.92469787597656,0
33.924713373184204,0
33.92510509490967,0
33.927001953125,0
33.92970132827759,0
33.92970275878906,0
33.929731369018555,0
33.94254469871521,0
33.94257950782776,0
33.943716049194336,0
33.94373607635498,0
33.95087003707886,0
33.950899839401245,0
33.9509117603302,0
33.96003270149231,0
33.962772369384766,0
33.97154664993286,0
33.971577644348145,0
33.971590995788574,0
33.98512315750122,0
33.98813438415527,0
33.988157749176025,0
33.98816704750061,0
34.01414370536804,0
34.014177560806274,0
34.02338719367981,0
34.02353882789612,0
34.02808117866516,0
34.02811145782471,0
34.02815651893616,0
34.02817249298096,0
34.030280351638794,0
34.03028059005737,0
34.03031516075134,0
34.03191375732422,0
34.031944036483765,0
34.032017946243286,0
34.032893896102905,0
34.032907485961914,0
34.032917737960815,0
34.032920360565186,0
34.03356885910034,0
34.033594608306885,0
34.033764123916626,0
34.0357677936554,0
34.04406952857971,0
34.04582858085632,0
34.045878410339355,0
34.04591202735901,0
34.04597997665405,0
34.0482542514801,0
34.04827308654785,0
34.048322916030884,0
34.04886507987976,0
34.048882722854614,0
34.05065989494324,0
34.0506865978241,0
34.05070471763611,0
34.05118703842163,0
34.05120015144348,0
34.0561740398407,0
34.059367656707764,0
34.05943036079407,0
34.06011176109314,0
34.088650941848755,0
34.0886926651001,0
34.08872199058533,0
34.08875274658203,0
34.08884239196777,0
34.08886766433716,0
34.08889698982239,0
34.090956926345825,0
34.090978384017944,0
34.091031074523926,0
34.119788646698,0
34.11982083320618,0
34.119866371154785,0
34.12993097305298,0
34.12995362281799,0
34.12996578216553,0
34.147703409194946,0
34.14772582054138,0
34.14773154258728,0
34.16698861122131,0
34.16998076438904,0
34.170133113861084,0
34.17015552520752,0
34.17320227622986,0
34.173213958740234,0
34.17322611808777,0
34.17324709892273,0
34.18691897392273,0
34.186946392059326,0
34.18695640563965,0
34.1986346244812,0
34.19864821434021,0
34.19906139373779,0
34.19989609718323,0
34.19990968704224,0
34.20118308067322,0
34.20120930671692,0
34.20187211036682,0
34.20708417892456,0
34.207109451293945,0
34.20818734169006,0
34.209139347076416,0
34.209152698516846,0
34.20918869972229,0
34.21015238761902,0
34.211910247802734,0
34.211941957473755,0
34.211952924728394,0
34.225669622421265,0
34.2278790473938,0
34.22790002822876,0
34.22790575027466,0
34.23008108139038,0
34.23942589759827,0
34.23945498466492,0
34.239503145217896,0
34.23996567726135,0
34.24099946022034,0
34.24101424217224,0
34.24148178100586,0
34.246230602264404,0
34.24626874923706,0
34.24627947807312,0
34.26485657691956,0
34.26490092277527,0
34.26491570472717,0
34.27252268791199,0
34.27255201339722,0
34.273786306381226,0
34.27383279800415,0
34.27627730369568,0
34.27629637718201,0
34.27630639076233,0
34.27631068229675,0
34.27706742286682,0
34.277430057525635,0
34.27755618095398,0
34.27806758880615,0
34.2855589389801,0
34.28557777404785,0
34.285627365112305,0
34.288145780563354,0
34.28817057609558,0
34.28818202018738,0
34.28825855255127,0
34.28953146934509,0
34.28954482078552,0
34.2901816368103,0
34.29019618034363,0
34.29516243934631,0
34.29581260681152,0
34.29946732521057,0
34.29949498176575,0
34.299516916275024,0
34.33050775527954,0
34.33053803443909,0
34.330549001693726,0
34.346131563186646,0
34.346168756484985,0
34.34623169898987,0
34.34628629684448,0
34.346301317214966,0
34.34631633758545,0
34.34664583206177,0
34.34902667999268,0
34.349048137664795,0
34.35074543952942,0
34.35076904296875,0
34.35077977180481,0
34.35584115982056,0
34.355895042419434,0
34.357577085494995,0
34.36889624595642,0
34.36891961097717,0
34.36895537376404,0
34.38501024246216,0
34.38504409790039,0
34.386106967926025,0
34.38611841201782,0
34.386128664016724,0
34.38615942001343,0
34.391369581222534,0
34.391396045684814,0
34.391446113586426,0
34.407387018203735,0
34.40742301940918,0
34.407469511032104,0
34.413766622543335,0
34.41376876831055,0
34.41393232345581,0
34.4152090549469,0
34.41720962524414,0
34.41788959503174,0
34.42343878746033,0
34.42349076271057,0
34.42350459098816,0
34.423665285110474,0
34.426225900650024,0
34.42623996734619,0
34.4262900352478,0
34.431405782699585,0
34.43143129348755,0
34.43150210380554,0
34.44067740440369,0
34.44071626663208,0
34.441245317459106,0
34.44126868247986,0
34.44829797744751,0
34.44832396507263,0
34.44833445549011,0
34.4553120136261,0
34.468817710876465,0
34.46885013580322,0
34.468865156173706,0
34.48870325088501,0
34.489075660705566,0
34.4890992641449,0
34.489113569259644,0
34.48951482772827,0
34.48953080177307,0
34.48954200744629,0
34.49080681800842,0
34.49083399772644,0
34.491081953048706,0
34.49197268486023,0
34.49199938774109,0
34.49218201637268,0
34.49219536781311,0
34.493279218673706,0
34.49330472946167,0
34.49343204498291,0
34.49551463127136,0
34.509047746658325,0
34.509074687957764,0
34.509286642074585,0
34.519707679748535,0
34.51972556114197,0
34.51974105834961,0
34.52093529701233,0
34.52093744277954,0
34.52327299118042,0
34.52330684661865,0
34.52384352684021,0
34.52429127693176,0
34.524322271347046,0
34.54195713996887,0
34.54198241233826,0
34.54306411743164,0
34.54325532913208,0
34.54881572723389,0
34.54884362220764,0
34.54887771606445,0
34.56904172897339,0
34.56906795501709,0
34.56911516189575,0
34.57914447784424,0
34.59167432785034,0
34.59170722961426,0
34.59195423126221,0
34.59908509254456,0
34.59931969642639,0
34.610955476760864,0
34.61098551750183,0
34.61105942726135,0
34.617331981658936,0
34.61736059188843,0
34.61736440658569,0
34.6173837184906,0
34.6217520236969,0
34.62181091308594,0
34.62182950973511,0
34.63213586807251,0
34.63216590881348,0
34.63217878341675,0
34.6519238948822,0
34.65195846557617,0
34.652005434036255,0
34.66506242752075,0
34.66895079612732,0
34.669005393981934,0
34.67010998725891,0
34.67012977600098,0
34.67103910446167,0
34.67104768753052,0
34.67108631134033,0
34.686527252197266,0
34.68847465515137,0
34.69081449508667,0
34.69083118438721,0
34.69088172912598,0
34.71097183227539,0
34.711004972457886,0
34.711097240448,0
34.71385622024536,0
34.71813130378723,0
34.71818542480469,0
34.71822714805603,0
34.718883991241455,0
34.72155165672302,0
34.72155284881592,0
34.721566915512085,0
34.72321534156799,0
34.73504710197449,0
34.73604655265808,0
34.736066818237305,0
34.73608422279358,0
34.73797416687012,0
34.741450786590576,0
34.741475343704224,0
34.741488218307495,0
34.74150085449219,0
34.743340730667114,0
34.74338507652283,0
34.74341177940369,0
34.746437072753906,0
34.746450424194336,0
34.748759746551514,0
34.74877166748047,0
34.74942636489868,0
34.74944067001343,0
34.74947929382324,0
34.760759592056274,0
34.760793685913086,0
34.76080703735352,0
34.76081919670105,0
34.762181997299194,0
34.76225590705872,0
34.762284994125366,0
34.762819051742554,0
34.769357681274414,0
34.76935911178589,0
34.7694046497345,0
34.77969026565552,0
34.77972674369812,0
34.77978253364563,0
34.78880596160889,0
34.78904604911804,0
34.78906345367432,0
34.78908085823059,0
34.79222822189331,0
34.79228901863098,0
34.79236054420471,0
34.811140060424805,0
34.811530351638794,0
34.81158423423767,0
34.826558351516724,0
34.831871032714844,0
34.83188843727112,0
34.83192276954651,0
34.84828042984009,0
34.84873604774475,0
34.84957265853882,0
34.84959650039673,0
34.84960699081421,0
34.84975242614746,0
34.84976577758789,0
34.84976816177368,0
34.84977746009827,0
34.85134243965149,0
34.8513560295105,0
34.85141372680664,0
34.85232734680176,0
34.85234546661377,0
34.85568928718567,0
34.85574722290039,0
34.85662341117859,0
34.857465982437134,0
34.868643283843994,0
34.868709325790405,0
34.86875343322754,0
34.88550662994385,0
34.887916564941406,0
34.8879497051239,0
34.887983560562134,0
34.888734340667725,0
34.88906145095825,0
34.88907527923584,0
34.88911414146423,0
34.89051389694214,0
34.89053130149841,0
34.890589237213135,0
34.90848469734192,0
34.90855383872986,0
34.90902137756348,0
34.927578926086426,0
34.92760610580444,0
34.92761731147766,0
34.93031191825867,0
34.93439340591431,0
34.93441724777222,0
34.934417963027954,0
34.93443202972412,0
34.93550753593445,0
34.93553042411804,0
34.935715198516846,0
34.936644315719604,0
34.9367790222168,0
34.939847230911255,0
34.93986892700195,0
34.947850942611694,0
34.94787931442261,0
34.94804835319519,0
34.95392155647278,0
34.967853307724,0
34.96787762641907,0
34.96787977218628,0
34.98828768730164,0
34.98831510543823,0
34.98836922645569,0
34.9994421005249,0
35.0013370513916,0
35.00136113166809,0
35.00138020515442,0
35.0015025138855,0
35.00153684616089,0
35.00157809257507,0
35.002673387527466,0
35.0027072429657,0
35.00282335281372,0
35.00295352935791,0
35.00365662574768,0
35.00407814979553,0
35.00409650802612,0
35.004650592803955,0
35.00836706161499,0
35.012317180633545,0
35.01234149932861,0
35.01235103607178,0
35.01631784439087,0
35.01648998260498,0
35.021950244903564,0
35.02197766304016,0
35.02202296257019,0
35.05057001113892,0
35.05060434341431,0
35.0506157875061,0
35.05201482772827,0
35.05225896835327,0
35.05227589607239,0
35.05236315727234,0
35.0542528629303,0
35.054266929626465,0
35.05443620681763,0
35.05546236038208,0
35.056055545806885,0
35.057265281677246,0
35.0573308467865,0
35.05803656578064,0
35.06617856025696,0
35.06729888916016,0
35.06900644302368,0
35.069934368133545,0
35.07010245323181,0
35.0701265335083,0
35.07538676261902,0
35.09714865684509,0
35.09719228744507,0
35.09720826148987,0
35.106772661209106,0
35.106940507888794,0
35.106964111328125,0
35.10709595680237,0
35.107656955718994,0
35.10766911506653,0
35.108110189437866,0
35.10924482345581,0
35.109267473220825,0
35.10927724838257,0
35.128599643707275,0
35.128623247146606,0
35.12917637825012,0
35.15122127532959,0
35.15125107765198,0
35.15128231048584,0
35.15703582763672,0
35.16869831085205,0
35.168724060058594,0
35.16873574256897,0
35.190176486968994,0
35.19019079208374,0
35.19024729728699,0
35.19026780128479,0
35.19046878814697,0
35.190483808517456,0
35.19049859046936,0
35.19083595275879,0
35.19084978103638,0
35.19206261634827,0
35.19208788871765,0
35.19213604927063,0
35.20100426673889,0
35.201024532318115,0
35.20625019073486,0
35.20625329017639,0
35.21207046508789,0
35.21210527420044,0
35.212151765823364,0
35.21763253211975,0
35.22868299484253,0
35.22871136665344,0
35.22872281074524,0
35.24854922294617,0
35.24858283996582,0
35.25056862831116,0
35.250850677490234,0
35.25088381767273,0
35.25152039527893,0
35.25165772438049,0
35.25168991088867,0
35.25170683860779,0
35.25400686264038,0
35.254019260406494,0
35.254067182540894,0
35.25514030456543,0
35.25516963005066,0
35.263577938079834,0
35.263611793518066,0
35.26454043388367,0
35.26457381248474,0
35.26458525657654,0
35.26461148262024,0
35.2671492099762,0
35.26717209815979,0
35.26718616485596,0
35.26808404922485,0
35.27281427383423,0
35.2728431224823,0
35.2728545665741,0
35.2793972492218,0
35.279433488845825,0
35.27950716018677,0
35.30335211753845,0
35.30336236953735,0
35.30339956283569,0
35.30340647697449,0
35.30353879928589,0
35.3035581111908,0
35.30361604690552,0
35.31008958816528,0
35.31095790863037,0
35.31109309196472,0
35.3111093044281,0
35.32396602630615,0
35.32400155067444,0
35.32401371002197,0
35.32402682304382,0
35.32842469215393,0
35.32845067977905,0
35.32845711708069,0
35.33012247085571,0
35.330153942108154,0
35.33050274848938,0
35.330554246902466,0
35.33077025413513,0
35.33366894721985,0
35.33368420600891,0
35.34863090515137,0
35.3486590385437,0
35.355708360672,0
35.37065005302429,0
35.37067365646362,0
35.37081456184387,0
35.39161419868469,0
35.39165139198303,0
35.39169883728027,0
35.3988823890686,0
35.39891290664673,0
35.39895486831665,0
35.3996307849884,0
35.40254282951355,0
35.402990102767944,0
35.40300416946411,0
35.40379071235657,0
35.407835960388184,0
35.40787625312805,0
35.41406869888306,0
35.41409158706665,0
35.41411328315735,0
35.42590594291687,0
35.42815804481506,0
35.428900957107544,0
35.42892622947693,0
35.429407835006714,0
35.43314528465271,0
35.43314552307129,0
35.43409490585327,0
35.434107542037964,0
35.434118032455444,0
35.43412947654724,0
35.438926458358765,0
35.43894600868225,0
35.43910789489746,0
35.44107270240784,0
35.441104888916016,0
35.44425106048584,0
35.44428563117981,0
35.451528787612915,0
35.45173263549805,0
35.45178532600403,0
35.466888427734375,0
35.46691656112671,0
35.466986417770386,0
35.480162382125854,0
35.48954916000366,0
35.48957562446594,0
35.489588260650635,0
35.497199296951294,0
35.49723744392395,0
35.49723839759827,0
35.49724268913269,0
35.49930453300476,0
35.49932861328125,0
35.49934935569763,0
35.51022672653198,0
35.510255336761475,0
35.510316610336304,0
35.53295183181763,0
35.53300142288208,0
35.53300642967224,0
35.53304958343506,0
35.53372240066528,0
35.53373646736145,0
35.53418493270874,0
35.53456258773804,0
35.53462290763855,0
35.53464078903198,0
35.53512191772461,0
35.53912878036499,0
35.539140701293945,0
35.53915214538574,0
35.53916382789612,0
35.54166054725647,0
35.54191470146179,0
35.54211163520813,0
35.54285192489624,0
35.54289484024048,0
35.544235706329346,0
35.54428267478943,0
35.54947638511658,0
35.54949927330017,0
35.54951333999634,0
35.55282258987427,0
35.55937743186951,0
35.55940628051758,0
35.5594584941864,0
35.579689741134644,0
35.57993793487549,0
35.57996082305908,0
35.58315372467041,0
35.5846893787384,0
35.58475184440613,0
35.58495616912842,0
35.596962451934814,0
35.59705924987793,0
35.59721541404724,0
35.599705934524536,0
35.5997531414032,0
35.59985685348511,0
35.62004494667053,0
35.62009620666504,0
35.62011742591858,0
35.63969159126282,0
35.639729022979736,0
35.640159606933594,0
35.65233516693115,0
35.65871477127075,0
35.65873646736145,0
35.66030144691467,0
35.660343647003174,0
35.660361766815186,0
35.66062521934509,0
35.66065049171448,0
35.66198539733887,0
35.662033557891846,0
35.67189288139343,0
35.67206692695618,0
35.67211842536926,0
35.67221021652222,0
35.672383308410645,0
35.67249608039856,0
35.67263913154602,0
35.67438840866089,0
35.67526197433472,0
35.67743468284607,0
35.68614482879639,0
35.68624138832092,0
35.686299324035645,0
35.68650007247925,0
35.6865177154541,0
35.686575174331665,0
35.68661665916443,0
35.69852328300476,0
35.698572397232056,0
35.6985969543457,0
35.69947171211243,0
35.69951343536377,0
35.699586629867554,0
35.70063257217407,0
35.719566345214844,0
35.71960783004761,0
35.71970224380493,0
35.732401609420776,0
35.73243570327759,0
35.732577085494995,0
35.73281955718994,0
35.734447717666626,0
35.73486924171448,0
35.73577809333801,0
35.736021518707275,0
35.736040115356445,0
35.737282276153564,0
35.73732399940491,0
35.73874258995056,0
35.7387592792511,0
35.73876738548279,0
35.738773345947266,0
35.73953151702881,0
35.739559173583984,0
35.73959732055664,0
35.74171471595764,0
35.74174189567566,0
35.74185752868652,0
35.75463080406189,0
35.759483098983765,0
35.759522676467896,0
35.75983023643494,0
35.78019595146179,0
35.780240058898926,0
35.780264377593994,0
35.799628019332886,0
35.800090312957764,0
35.80017828941345,0
35.82192015647888,0
35.82225275039673,0
35.8225359916687,0
35.82297968864441,0
35.82370615005493,0
35.83072519302368,0
35.83073210716248,0
35.83074951171875,0
35.83112907409668,0
35.83584141731262,0
35.835880279541016,0
35.836225509643555,0
35.84372043609619,0
35.843738317489624,0
35.84375190734863,0
35.84389638900757,0
35.8439404964447,0
35.84683418273926,0
35.85097050666809,0
35.85100722312927,0
35.852245807647705,0
35.85263133049011,0
35.85360622406006,0
35.859549045562744,0
35.86001658439636,0
35.86004018783569,0
35.86273908615112,0
35.86395573616028,0
35.86486601829529,0
35.864943742752075,0
35.865315198898315,0
35.86539268493652,0
35.8654088973999,0
35.88075518608093,0
35.88079476356506,0
35.880879163742065,0
35.88500952720642,0
35.88701057434082,0
35.89407396316528,0
35.899458169937134,0
35.8994927406311,0
35.89950895309448,0
35.91982126235962,0
35.91985273361206,0
35.91986298561096,0
35.92949080467224,0
35.92954230308533,0
35.929545879364014,0
35.92955017089844,0
35.93138360977173,0
35.93140697479248,0
35.93148398399353,0
35.93962335586548,0
35.93990683555603,0
35.939982414245605,0
35.95016431808472,0
35.950573682785034,0
35.95264148712158,0
35.95272779464722,0
35.95383596420288,0
35.95972466468811,0
35.95975685119629,0
35.96040081977844,0
35.96618390083313,0
35.966718673706055,0
35.96674633026123,0
35.96676015853882,0
35.96823763847351,0
35.96826720237732,0
35.96845555305481,0
35.97050738334656,0
35.97051477432251,0
35.97053074836731,0
35.970574617385864,0
35.979490756988525,0
35.979543924331665,0
35.979562282562256,0
35.98878359794617,0
35.98883366584778,0
35.98896670341492,0
35.989611864089966,0
36.00007462501526,0
36.00034236907959,0
36.00038456916809,0
36.00628924369812,0
36.00812745094299,0
36.008143186569214,0
36.00814414024353,0
36.00816583633423,0
36.01040720939636,0
36.010518312454224,0
36.010610818862915,0
36.01710891723633,0
36.019333362579346,0
36.01941919326782,0
36.019449949264526,0
36.02021670341492,0
36.02025556564331,0
36.04326772689819,0
36.04329252243042,0
36.043297290802,0
36.04355263710022,0
36.04418087005615,0
36.04419755935669,0
36.05978059768677,0
36.05982208251953,0
36.05984091758728,0
36.079572439193726,0
36.07960915565491,0
36.0799663066864,0
36.08778929710388,0
36.08800482749939,0
36.088050365448,0
36.088127851486206,0
36.08911180496216,0
36.08916068077088,0
36.0900514125824,0
36.09068536758423,0
36.09962558746338,0
36.09964418411255,0
36.09968519210816,0
36.10310006141663,0
36.10618424415589,0
36.10620927810669,0
36.10623407363892,0
36.10636639595032,0
36.10643815994263,0
36.10646605491638,0
36.12222409248352,0
36.12226605415344,0
36.12582540512085,0
36.13680911064148,0
36.13706135749817,0
36.13968992233277,0
36.13972806930542,0
36.13974523544312,0
36.15805912017822,0
36.15815258026123,0
36.15986514091492,0
36.16024351119995,0
36.160282135009766,0
36.1603000164032,0
36.17966842651367,0
36.17976784706116,0
36.18061089515686,0
36.18742513656616,0
36.18751335144043,0
36.18806505203247,0
36.1881103515625,0
36.19323444366455,0
36.19334626197815,0
36.193376541137695,0
36.20009255409241,0
36.20014238357544,0
36.2002022266388,0
36.20165824890137,0
36.20395851135254,0
36.21504473686218,0
36.22308611869812,0
36.22313666343689,0
36.22317743301392,0
36.240670919418335,0
36.24068593978882,0
36.24069929122925,0
36.24454116821289,0
36.24466347694397,0
36.24467992782593,0
36.24476933479309,0
36.24480080604553,0
36.24488282203674,0
36.2594792842865,0
36.25951766967773,0
36.25957703590393,0
36.27383995056152,0
36.27386546134949,0
36.2738893032074,0
36.27960753440857,0
36.27965545654297,0
36.27967667579651,0
36.27969384193421,0
36.27971148490906,0
36.27972769737244,0
36.28101205825806,0
36.28328728675842,0
36.28329396247864,0
36.2836709022522,0
36.28641486167908,0
36.28645372390747,0
36.28864192962647,0
36.28876495361328,0
36.29048776626587,0
36.29734945297241,0
36.29738259315491,0
36.29741525650024,0
36.2974226474762,0
36.29963541030884,0
36.299665451049805,0
36.300081968307495,0
36.30154728889465,0
36.302194356918335,0
36.321268796920776,0
36.32131624221802,0
36.32133960723877,0
36.32578611373901,0
36.3304123878479,0
36.33340287208557,0
36.33366656303406,0
36.33369421958923,0
36.33432459831238,0
36.33434748649597,0
36.334654092788696,0
36.33511137962341,0
36.3402202129364,0
36.340248346328735,0
36.340261697769165,0
36.34676218032837,0
36.35942196846008,0
36.35945391654968,0
36.359522581100464,0
36.36285710334778,0
36.362889528274536,0
36.36459684371948,0
36.36483716964722,0
36.36570119857788,0
36.379638671875,0
36.379676818847656,0
36.37973976135254,0
36.38276839256287,0
36.382803201675415,0
36.38286900520325,0
36.3830087184906,0
36.396315574646,0
36.39635610580444,0
36.39641785621643,0
36.399882078170776,0
36.39992332458496,0
36.39994072914124,0
36.42143702507019,0
36.42491841316223,0
36.425103425979614,0
36.425140619277954,0
36.42958903312683,0
36.42969369888306,0
36.44622778892517,0
36.44622802734375,0
36.446274280548096,0
36.44815158843994,0
36.44821548461914,0
36.44825625419617,0
36.44830012321472,0
36.45105957984924,0
36.4511148929596,0
36.45380544662476,0
36.453953981399536,0
36.45497822761536,0
36.45959997177124,0
36.459633588790894,0
36.459683656692505,0
36.47988271713257,0
36.479926347732544,0
36.47994828224182,0
36.49457764625549,0
36.4946186542511,0
36.49468445777893,0
36.49473404884338,0
36.4973452091217,0
36.4973669052124,0
36.498618364334106,0
36.50031304359436,0
36.5003342628479,0
36.50035357475281,0
36.50041174888611,0
36.50043702125549,0
36.50045347213745,0
36.50080633163452,0
36.50360441207886,0
36.503806591033936,0
36.503833532333374,0
36.50439143180847,0
36.51471996307373,0
36.51490449905396,0
36.51492977142334,0
36.51505565643311,0
36.51614284515381,0
36.516194581985474,0
36.51659083366394,0
36.51966691017151,0
36.51971220970154,0
36.52063298225403,0
36.52955651283264,0
36.52967691421509,0
36.529699087142944,0
36.53001070022583,0
36.530035972595215,0
36.53991270065308,0
36.53994917869568,0
36.53995370864868,0
36.55614018440247,0
36.55634427070618,0
36.55675339698792,0
36.55678749084473,0
36.55734825134277,0
36.55779123306274,0
36.55790615081787,0
36.5582070350647,0
36.55822205543518,0
36.55986046791077,0
36.55999636650085,0
36.56001496315002,0
36.57947468757629,0
36.57951283454895,0
36.579530000686646,0
36.591469049453735,0
36.596946716308594,0
36.59703040122986,0
36.59709692001343,0
36.59711241722107,0
36.5998740196228,0
36.59995770454407,0
36.600122690200806,0
36.60016560554504,0
36.60018396377564,0
36.600417613983154,0
36.62007093429565,0
36.62012505531311,0
36.623374462127686,0
36.62663269042969,0
36.632221937179565,0
36.63246011734009,0
36.63968753814697,0
36.6397225856781,0
36.63973760604858,0
36.65186667442322,0
36.6518816947937,0
36.65189456939697,0
36.656399965286255,0
36.65713667869568,0
36.65733528137207,0
36.6573657989502,0
36.65738105773926,0
36.65843462944031,0
36.65846419334412,0
36.65854072570801,0
36.65955138206482,0
36.65958261489868,0
36.65958738327026,0
36.66304159164429,0
36.66497659683228,0
36.67979288101196,0
36.68071937561035,0
36.68075585365296,0
36.69595718383789,0
36.70116186141968,0
36.7012038230896,0
36.7012984752655,0
36.70842719078064,0
36.70845937728882,0
36.70846748352051,0
36.70849275588989,0
36.71076703071594,0
36.710795879364014,0
36.71134614944458,0
36.713987588882446,0
36.71443128585816,0
36.714465618133545,0
36.71448540687561,0
36.718217849731445,0
36.71838974952698,0
36.71840214729309,0
36.71978688240051,0
36.71991753578186,0
36.71994662284851,0
36.72187042236328,0
36.72192025184631,0
36.72282385826111,0
36.73589754104614,0
36.73592257499695,0
36.74011516571045,0
36.74016261100769,0
36.74016332626343,0
36.740395307540894,0
36.74107098579407,0
36.75951337814331,0
36.7595534324646,0
36.75962972640991,0
36.7677059173584,0
36.76773476600647,0
36.76839756965637,0
36.77075219154358,0
36.77079796791077,0
36.772915840148926,0
36.77296495437622,0
36.77419400215149,0
36.779467821121216,0
36.77950620651245,0
36.77958226203919,0
36.787100315094,0
36.787168979644775,0
36.78722929954529,0
36.78729271888733,0
36.7904999256134,0
36.79061198234558,0
36.79149532318115,0
36.79980373382568,0
36.79983448982239,0
36.79984450340271,0
36.80712914466858,0
36.81067490577698,0
36.811729192733765,0
36.81965398788452,0
36.81969451904297,0
36.81978631019592,0
36.83626580238342,0
36.83630418777466,0
36.83698844909668,0
36.83704710006714,0
36.8370897769928,0
36.837546825408936,0
36.83997344970703,0
36.83998155593872,0
36.84001970291138,0
36.84048867225647,0
36.84059262275696,0
36.8407838344574,0
36.84080576896668,0
36.84082770347595,0
36.84218168258667,0
36.842390060424805,0
36.85991930961609,0
36.85994720458984,0
36.86001491546631,0
36.876118421554565,0
36.87942433357239,0
36.87944984436035,0
36.87948322296143,0
36.89961552619934,0
36.89964294433594,0
36.89965176582336,0
36.90487480163574,0
36.9048867225647,0
36.90488910675049,0
36.90490484237671,0
36.90699934959412,0
36.90701103210449,0
36.907023191452026,0
36.90705060958862,0
36.91957664489746,0
36.91957712173462,0
36.91960525512695,0
36.92066025733948,0
36.92340326309204,0
36.92352986335754,0
36.923545122146606,0
36.92365479469299,0
36.92372369766235,0
36.92373108863831,0
36.93981075286865,0
36.93997144699097,0
36.9406156539917,0
36.95642066001892,0
36.9581925868988,0
36.95928120613098,0
36.959333181381226,0
36.95935750007629,0
36.97925281524658,0
36.97927689552307,0
36.97932481765747,0
36.998467445373535,0
36.998530864715576,0
36.99980163574219,0
36.999831676483154,0
36.99986433982849,0
37.001293897628784,0
37.00132298469544,0
37.00155663490296,0
37.00157976150513,0
37.00260806083679,0
37.00263833999634,0
37.002809286117554,0
37.01972818374634,0
37.01976537704468,0
37.01976561546326,0
37.02413511276245,0
37.031211614608765,0
37.03122568130493,0
37.03365516662598,0
37.03367733955383,0
37.03375792503357,0
37.033764362335205,0
37.03642201423645,0
37.03648495674133,0
37.03673195838928,0
37.03681635856629,0
37.04121947288513,0
37.04129886627197,0
37.041348934173584,0
37.042959690094,0
37.04918837547302,0
37.04920530319214,0
37.04926919937134,0
37.04928612709045,0
37.05049133300781,0
37.05050492286682,0
37.05069017410278,0
37.052276611328125,0
37.05243182182312,0
37.054043769836426,0
37.0541455745697,0
37.05938625335693,0
37.05941963195801,0
37.060123920440674,0
37.06019997596741,0
37.06190586090088,0
37.080140113830566,0
37.08022713661194,0
37.08024549484253,0
37.08476448059082,0
37.09986591339111,0
37.09990191459656,0
37.1010639667511,0
37.12020993232727,0
37.120251178741455,0
37.12040090560913,0
37.125351667404175,0
37.1253936290741,0
37.125412702560425,0
37.12543296813965,0
37.12942671775818,0
37.1294641494751,0
37.12951350212097,0
37.12953400611877,0
37.13070154190064,0
37.13163685798645,0
37.14110589027405,0
37.141188621521,0
37.14219307899475,0
37.16096949577332,0
37.161001205444336,0
37.16140508651733,0
37.165791273117065,0
37.16584801673889,0
37.17016935348511,0
37.17022395133972,0
37.17199468612671,0
37.17968678474426,0
37.17971920967102,0
37.1797354221344,0
37.18221688270569,0
37.19963097572327,0
37.19973659515381,0
37.19985914230347,0
37.2024142742157,0
37.2090961933136,0
37.2091121673584,0
37.2196147441864,0
37.21972155570984,0
37.21977472305298,0
37.234909772872925,0
37.23492813110352,0
37.23495197296143,0
37.23495650291443,0
37.2437539100647,0
37.24375653266907,0
37.24377131462097,0
37.24395704269409,0
37.2439751625061,0
37.2440447807312,0
37.24531245231629,0
37.24533295631409,0
37.2453396320343,0
37.24534606933594,0
37.24641466140747,0
37.24666213989258,0
37.246691942214966,0
37.24670934677124,0
37.25244188308716,0
37.25404572486877,0
37.25416016578674,0
37.25420331954956,0
37.2602641582489,0
37.260297536849976,0
37.260338306427,0
37.27974009513855,0
37.27974057197571,0
37.27981758117676,0
37.28614640235901,0
37.29254221916199,0
37.29255485534668,0
37.29285502433777,0
37.29290246963501,0
37.29368782043457,0
37.29433989524841,0
37.29487872123718,0
37.2995240688324,0
37.299572229385376,0
37.2995867729187,0
37.31603646278381,0
37.32005834579468,0
37.32010197639465,0
37.32105779647827,0
37.33718156814575,0
37.33720326423645,0
37.3373339176178,0
37.33735513687134,0
37.3396635055542,0
37.33969712257385,0
37.339757204055786,0
37.33979797363281,0
37.33981561660767,0
37.3398699760437,0
37.35954546928406,0
37.35957741737366,0
37.35963821411133,0
37.36173391342163,0
37.36175537109375,0
37.36357760429382,0
37.36359429359436,0
37.36442422866821,0
37.37999415397644,0
37.38003253936768,0
37.38004755973816,0
37.39953351020813,0
37.39956760406494,0
37.39959192276001,0
37.41495394706726,0
37.415133237838745,0
37.41515827178955,0
37.415225982666016,0
37.4193799495697,0
37.41961431503296,0
37.42023253440857,0
37.42032122612,0
37.42046689987183,0
37.42049837112427,0
37.42284536361694,0
37.42538928985596,0
37.43238949775696,0
37.43764519691467,0
37.43766736984253,0
37.43978953361511,0
37.43984246253967,0
37.43985939025879,0
37.44921875,0
37.44929766654968,0
37.44931435585022,0
37.44955372810364,0
37.45343089103699,0
37.453495025634766,0
37.46217060089111,0
37.46251153945923,0
37.46253752708435,0
37.462565660476685,0
37.46310496330261,0
37.46311283111572,0
37.4631609916687,0
37.46324968338013,0
37.4632682800293,0
37.46334743499756,0
37.46336317062378,0
37.463412284851074,0
37.4634268283844,0
37.463440895080566,0
37.463472843170166,0
37.4796769618988,0
37.47968173027039,0
37.47972631454468,0
37.48575401306152,0
37.48975992202759,0
37.49080681800842,0
37.49204683303833,0
37.49213433265686,0
37.49264717102051,0
37.49266338348389,0
37.492846727371216,0
37.49938488006592,0
37.49941635131836,0
37.49949884414673,0
37.504761695861816,0
37.50990390777588,0
37.5110023021698,0
37.52014112472534,0
37.52016234397888,0
37.52029299736023,0
37.520315170288086,0
37.52039813995361,0
37.5207302570343,0
37.52075171470642,0
37.52179169654846,0
37.52212190628052,0
37.52236962318421,0
37.540051221847534,0
37.54008460044861,0
37.54012131690979,0
37.54018044471741,0
37.54019904136658,0
37.54265332221985,0
37.54309058189392,0
37.55966567993164,0
37.559701442718506,0
37.55973172187805,0
37.57988095283508,0
37.57992076873779,0
37.579938650131226,0
37.606061935424805,0
37.60608983039856,0
37.60620737075806,0
37.60878229141235,0
37.61453700065613,0
37.61456847190857,0
37.61590909957886,0
37.61595726013184,0
37.615989446640015,0
37.616286277771,0
37.62470316886902,0
37.624776124954224,0
37.62483215332031,0
37.62517499923706,0
37.625200510025024,0
37.62522888183594,0
37.62553906440735,0
37.639562129974365,0
37.63960313796997,0
37.639686584472656,0
37.64359474182129,0
37.64361214637756,0
37.643736600875854,0
37.64381194114685,0
37.64566731452942,0
37.64590573310852,0
37.6475989818573,0
37.647860050201416,0
37.64840841293335,0
37.649447441101074,0
37.659528970718384,0
37.65955924987793,0
37.65962767601013,0
37.677579402923584,0
37.679675579071045,0
37.67969799041748,0
37.67975974082947,0
37.69980525970459,0
37.6998405456543,0
37.69987082481384,0
37.716270446777344,0
37.71629190444946,0
37.71631407737732,0
37.71643304824829,0
37.7211594581604,0
37.72120428085327,0
37.72125053405762,0
37.7213146686554,0
37.72136378288269,0
37.72294855117798,0
37.724671602249146,0
37.72565293312073,0
37.72568821907044,0
37.72570323944092,0
37.72713589668274,0
37.7271728515625,0
37.72767639160156,0
37.727728843688965,0
37.738168478012085,0
37.73819446563721,0
37.73823308944702,0
37.73827910423279,0
37.74004149436951,0
37.740057706832886,0
37.74006867408752,0
37.74142289161682,0
37.74164795875549,0
37.7416741847992,0
37.742578983306885,0
37.74260878562927,0
37.74564075469971,0
37.7458233833313,0
37.75955367088318,0
37.75973582267761,0
37.75973701477051,0
37.76596117019653,0
37.77943730354309,0
37.77946996688843,0
37.77948427200317,0
37.78636622428894,0
37.78660106658936,0
37.78662276268005,0
37.786641120910645,0
37.7895073890686,0
37.789541721344,0
37.789597511291504,0
37.79983949661255,0
37.79987716674805,0
37.8000922203064,0
37.80214214324951,0
37.80679702758789,0
37.80701279640198,0
37.81887865066528,0
37.81898736953735,0
37.81908917427063,0
37.81912517547608,0
37.81975078582764,0
37.819772481918335,0
37.8197877407074,0
37.82396364212036,0
37.82398724555969,0
37.824077129364014,0
37.83974766731262,0
37.8397798538208,0
37.83978223800659,0
37.85686445236206,0
37.86239385604858,0
37.86242461204529,0
37.86242604255676,0
37.86244463920593,0
37.8635630607605,0
37.86359429359436,0
37.8639566898346,0
37.864463567733765,0
37.8648624420166,0
37.86505150794983,0
37.87555861473084,0
37.87938904762268,0
37.8794174194336,0
37.87945055961609,0
37.90049362182617,0
37.90049386024475,0
37.90079140663147,0
37.90936136245728,0
37.909377574920654,0
37.90939283370972,0
37.9094226360321,0
37.91272139549256,0
37.91275930404663,0
37.91291356086731,0
37.91327166557312,0
37.92021799087525,0
37.920254945755005,0
37.92032790184021,0
37.92162227630615,0
37.92172336578369,0
37.92187666893005,0
37.92197179794312,0
37.92329835891724,0
37.92376637458801,0
37.923768520355225,0
37.938645362854,0
37.93868255615234,0
37.93984246253967,0
37.9398717880249,0
37.93988537788391,0
37.942343950271606,0
37.942357540130615,0
37.95538401603699,0
37.95541834831238,0
37.95555567741394,0
37.95556592941284,0
37.95794606208801,0
37.95813488960266,0
37.95816159248352,0
37.95954251289368,0
37.95957016944885,0
37.95958948135376,0
37.9796359539032,0
37.97967767715454,0
37.97975564002991,0
37.99882936477661,0
37.999828815460205,0
37.99983716011048,0
37.99988603591919,0
38.00663638114929,0
38.00665760040283,0
38.00805616378784,0
38.008092164993286,0
38.00810670852661,0
38.0081582069397,0
38.0099823474884,0
38.01002097129822,0
38.01016068458557,0
38.01542210578919,0
38.01684927940369,0
38.01962614059448,0
38.01986527442932,0
38.01988887786865,0
38.033201456069946,0
38.03324866294861,0
38.03350329399109,0
38.03351640701294,0
38.041197061538696,0
38.04125499725342,0
38.0447518825531,0
38.04533815383911,0
38.0454580783844,0
38.04559111595154,0
38.04568862915039,0
38.0465247631073,0
38.049970626831055,0
38.05004286766052,0
38.05038976669312,0
38.06109309196472,0
38.06111764907837,0
38.0611252784729,0
38.06362438201904,0
38.06366658210754,0
38.063979148864746,0
38.064018964767456,0
38.06976318359375,0
38.06977891921997,0
38.06986975669861,0
38.07953214645386,0
38.07976651191712,0
38.080729484558105,0
38.0814528465271,0
38.08221435546875,0
38.099929094314575,0
38.099974155426025,0
38.09999585151672,0
38.11995935440064,0
38.12000346183777,0
38.12027645111084,0
38.12809419631958,0
38.12809920310974,0
38.12811970710754,0
38.12812376022339,0
38.13240456581116,0
38.132429122924805,0
38.13244819641113,0
38.13490700721741,0
38.13497829437256,0
38.1363582611084,0
38.13677334785461,0
38.13994288444519,0
38.13997292518616,0
38.13998627662659,0
38.15670728683472,0
38.159616231918335,0
38.159647703170776,0
38.159687995910645,0
38.17994594573975,0
38.179994106292725,0
38.18005180358887,0
38.18651461601257,0
38.186535120010376,0
38.1865508556366,0
38.18670010566712,0
38.1886887550354,0
38.18915629386902,0
38.18982005119324,0
38.195141553878784,0
38.195173263549805,0
38.19518995285034,0
38.19521403312683,0
38.19994831085205,0
38.19999980926514,0
38.20001816749573,0
38.22018313407898,0
38.22039103507996,0
38.22041702270508,0
38.2227098941803,0
38.22276163101196,0
38.22278904914856,0
38.222872734069824,0
38.24121260643005,0
38.241238594055176,0
38.24130702018738,0
38.249069929122925,0
38.24914264678955,0
38.25031137466431,0
38.25034832954407,0
38.250449895858765,0
38.25047588348389,0
38.25518584251404,0
38.25521516799927,0
38.2553141117096,0
38.25734066963196,0
38.257373332977295,0
38.259382247924805,0
38.259424924850464,0
38.25945401191712,0
38.268686294555664,0
38.26875042915344,0
38.272706747055054,0
38.27893590927124,0
38.2789511680603,0
38.27896571159363,0
38.27902412414551,0
38.27908897399902,0
38.27910709381104,0
38.27939057350159,0
38.28015851974487,0
38.28016352653504,0
38.28018641471863,0
38.28281712532044,0
38.2869815826416,0
38.28802752494812,0
38.29662299156189,0
38.3003306388855,0
38.30036091804504,0
38.30064511299133,0
38.30071425437927,0
38.30073380470276,0
38.30085825920105,0
38.30116152763367,0
38.30143451690674,0
38.30146360397339,0
38.3194522857666,0
38.31948757171631,0
38.319504737854,0
38.32607412338257,0
38.3315818309784,0
38.34067797660828,0
38.340717792510986,0
38.34262132644653,0
38.34262371063232,0
38.34417939186096,0
38.34423017501831,0
38.3593475818634,0
38.359365940094,0
38.3593819141388,0
38.3641848564148,0
38.369075298309326,0
38.369139432907104,0
38.36915683746338,0
38.369229555130005,0
38.370856523513794,0
38.37093186378479,0
38.37094807624817,0
38.37985801696777,0
38.37989139556885,0
38.3799352645874,0
38.40004706382752,0
38.400339126586914,0
38.40036153793335,0
38.40514850616455,0
38.40998840332031,0
38.4100079536438,0
38.41105937957764,0
38.41107940673828,0
38.411094427108765,0
38.411144495010376,0
38.420241594314575,0
38.42077040672302,0
38.42163372039795,0
38.421892166137695,0
38.42191982269287,0
38.42196536064148,0
38.424328088760376,0
38.424363136291504,0
38.42437958717346,0
38.42442274093628,0
38.42695307731629,0
38.426990032196045,0
38.42729926109314,0
38.43978762626648,0
38.43982434272766,0
38.43985843658447,0
38.44253993034363,0
38.442545890808105,0
38.44483733177185,0
38.44485592842102,0
38.446149826049805,0
38.459240198135376,0
38.45929670333862,0
38.45933246612549,0
38.45936918258667,0
38.46148657798767,0
38.46152091026306,0
38.4615592956543,0
38.4793713092804,0
38.47961783409119,0
38.47963571548462,0
38.48572373390198,0
38.48576879501343,0
38.485838651657104,0
38.49342083930969,0
38.49895882606506,0
38.49897813796997,0
38.49905467033386,0
38.501760482788086,0
38.50185179710388,0
38.50187110900879,0
38.50188827514648,0
38.50288820266724,0
38.50293588638306,0
38.50297403335571,0
38.51444482803345,0
38.51447820663452,0
38.52006006240845,0
38.52009606361389,0
38.52013444900513,0
38.53109931945801,0
38.53116416931152,0
38.53952074050903,0
38.53959321975708,0
38.539618253707886,0
38.55965423583984,0
38.55976128578186,0
38.559784173965454,0
38.572880029678345,0
38.57937812805176,0
38.58081364631653,0
38.58083772659302,0
38.580857038497925,0
38.58087611198425,0
38.58089208602905,0
38.58097076416016,0
38.58403301239014,0
38.58407783508301,0
38.58413529396057,0
38.585256576538086,0
38.589350938797,0
38.59038782119751,0
38.59138536453247,0
38.59418749809265,0
38.59951162338257,0
38.59958338737488,0
38.599587202072144,0
38.617525577545166,0
38.61753535270691,0
38.61935329437256,0
38.61992955207825,0
38.61996054649353,0
38.61997747421265,0
38.62050414085388,0
38.62148356437683,0
38.62152624130249,0
38.62287759780884,0
38.62292432785034,0
38.623703479766846,0
38.6247775554657,0
38.63594198226929,0
38.64102816581726,0
38.6410596370697,0
38.64109992980957,0
38.64961242675781,0
38.64963746070862,0
38.64965105056763,0
38.649678468704224,0
38.649949073791504,0
38.65821695327759,0
38.658241271972656,0
38.658252239227295,0
38.65826463699341,0
38.66039872169495,0
38.66041731834412,0
38.66048169136048,0
38.660560846328735,0
38.66061329841614,0
38.66065192222595,0
38.67941379547119,0
38.6794867515564,0
38.67949223518372,0
38.69970726966858,0
38.69975209236145,0
38.699835538864136,0
38.719671964645386,0
38.71972250938416,0
38.71995711326599,0
38.73399567604065,0
38.73404836654663,0
38.73407006263733,0
38.734118700027466,0
38.73747777938843,0
38.73787307739258,0
38.73794984817505,0
38.73839354515076,0
38.74032187461853,0
38.74036478996277,0
38.740418672561646,0
38.74463510513306,0
38.745115756988525,0
38.74746322631836,0
38.74751400947571,0
38.74789476394653,0
38.747902154922485,0
38.74793720245361,0
38.75008749961853,0
38.750110149383545,0
38.75178718566895,0
38.75184154510498,0
38.75260019302368,0
38.7595853805542,0
38.75991535186768,0
38.759936571121216,0
38.76640439033508,0
38.766435384750366,0
38.76644968986511,0
38.766464948654175,0
38.77136564254761,0
38.771531105041504,0
38.77163124084473,0
38.78004431724548,0
38.78012132644653,0
38.78017807006836,0
38.80039715766907,0
38.80043625831604,0
38.80049133300781,0
38.80807042121887,0
38.81201672554016,0
38.81205105781555,0
38.81782507896423,0
38.81784510612488,0
38.81793904304504,0
38.817996978759766,0
38.8201642036438,0
38.82020306587219,0
38.82025623321533,0
38.82497215270996,0
38.82501125335693,0
38.8256139755249,0
38.83683753013611,0
38.83687925338745,0
38.83950972557068,0
38.83954668045044,0
38.83962798118591,0
38.83965015411377,0
38.83971381187439,0
38.8595769405365,0
38.85992455482483,0
38.85997486114502,0
38.87757229804993,0
38.88057494163513,0
38.880610704422,0
38.88061165809631,0
38.89962959289551,0
38.89967346191406,0
38.89969205856323,0
38.920936584472656,0
38.92099213600159,0
38.9226176738739,0
38.9292516708374,0
38.929258823394775,0
38.929282665252686,0
38.92931079864502,0
38.93694949150085,0
38.93702578544617,0
38.93707299232483,0
38.93719911575317,0
38.93954062461853,0
38.9395592212677,0
38.939568519592285,0
38.93957281112671,0
38.93965029716492,0
38.93970775604248,0
38.93972539901733,0
38.94123363494873,0
38.9412693977356,0
38.94143271446228,0
38.94437122344971,0
38.944568157196045,0
38.95048189163208,0
38.95056557655335,0
38.95751142501831,0
38.95950794219971,0
38.95952391624451,0
38.959590911865234,0
38.97961735725403,0
38.97967672348023,0
38.979687213897705,0
38.998493909835815,0
38.99851632118225,0
38.99853157997131,0
38.99854135513306,0
39.00009727478027,0
39.0001425743103,0
39.00041675567627,0
39.0034282207489,0
39.00350856781006,0
39.00353908538818,0
39.00428771972656,0
39.00929546356201,0
39.00933861732483,0
39.01982569694519,0
39.01987433433533,0
39.01997804641724,0
39.0258891582489,0
39.025920152664185,0
39.02710819244385,0
39.027137756347656,0
39.02715802192688,0
39.02726435661316,0
39.02950239181519,0
39.02954030036926,0
39.029969215393066,0
39.03998637199402,0
39.040080070495605,0
39.04017901420593,0
39.04564690589905,0
39.04739451408386,0
39.049805879592896,0
39.05164098739624,0
39.05165505409241,0
39.05434465408325,0
39.05474424362183,0
39.0579080581665,0
39.059926986694336,0
39.05995321273804,0
39.05998945236206,0
39.07949256896973,0
39.07951784133911,0
39.07953119277954,0
39.09498596191406,0
39.09501361846924,0
39.09512495994568,0
39.09514617919922,0
39.098947048187256,0
39.09896421432495,0
39.09961986541748,0
39.10023903846741,0
39.10065460205078,0
39.10138273239136,0
39.10143160820007,0
39.10336256027222,0
39.10836410522461,0
39.11298847198486,0
39.11325693130493,0
39.11328434944153,0
39.113343477249146,0
39.11481595039368,0
39.11489796638489,0
39.11518549919128,0
39.118377447128296,0
39.11838245391846,0
39.119465827941895,0
39.11948657035828,0
39.11950159072876,0
39.13184571266174,0
39.133723735809326,0
39.14002275466919,0
39.14006471633911,0
39.14027261734009,0
39.15667963027954,0
39.1594500541687,0
39.159485816955566,0
39.160760164260864,0
39.1795608997345,0
39.17959499359131,0
39.17962193489075,0
39.18966746330261,0
39.18973779678345,0
39.189767360687256,0
39.18979787826538,0
39.19534230232239,0
39.19546723365784,0
39.19559407234192,0
39.20032262802124,0
39.20039892196655,0
39.200809717178345,0
39.200873374938965,0
39.2008740901947,0
39.20215225219727,0
39.202231884002686,0
39.20442318916321,0
39.20444321632385,0
39.20459866523743,0
39.20834684371948,0
39.213762521743774,0
39.21377515792847,0
39.214454889297485,0
39.21448469161987,0
39.21454763412476,0
39.214598178863525,0
39.22041893005371,0
39.2204213142395,0
39.220463514328,0
39.222046852111816,0
39.22208285331726,0
39.22227454185486,0
39.23740220069885,0
39.23746061325073,0
39.24079489707947,0
39.240885496139526,0
39.240936517715454,0
39.24145865440369,0
39.24146151542664,0
39.258620738983154,0
39.25996017456055,0
39.25999712944031,0
39.26001858711243,0
39.2795569896698,0
39.27959609031677,0
39.2797212600708,0
39.2901246547699,0
39.29027462005615,0
39.290302753448486,0
39.294716358184814,0
39.29556155204773,0
39.295574426651,0
39.295597076416016,0
39.29570722579956,0
39.29973220825195,0
39.299959659576416,0
39.29998087882996,0
39.30333876609802,0
39.30644774436951,0
39.306490421295166,0
39.30651545524597,0
39.306660175323486,0
39.306703329086304,0
39.30674862861633,0
39.31995964050293,0
39.31999731063843,0
39.32022452354431,0
39.32097125053406,0
39.32393741607666,0
39.34001111984253,0
39.34001541137695,0
39.340059995651245,0
39.35086989402771,0
39.35101771354675,0
39.35103368759155,0
39.35105514526367,0
39.35153198242188,0
39.35964298248291,0
39.35985589027405,0
39.359875440597534,0
39.37978267669678,0
39.37981939315796,0
39.379876136779785,0
39.38688850402832,0
39.38692235946655,0
39.38720846176148,0
39.38724184036255,0
39.3892993927002,0
39.38932132720947,0
39.39258933067322,0
39.392898082733154,0
39.39951395988464,0
39.39962959289551,0
39.39964818954468,0
39.408408403396606,0
39.40844917297363,0
39.40997576713562,0
39.4128839969635,0
39.412925243377686,0
39.41298723220825,0
39.41395926475525,0
39.41398501396179,0
39.41407656669617,0
39.41708207130432,0
39.417128562927246,0
39.417293548583984,0
39.4174382686615,0
39.41869139671326,0
39.41878867149353,0
39.41881680488586,0
39.41996121406555,0
39.4202196598053,0
39.420286417007446,0
39.44109773635864,0
39.441468477249146,0
39.44198989868164,0
39.45447206497192,0
39.454549074172974,0
39.454566955566406,0
39.454808712005615,0
39.45947575569153,0
39.45947623252869,0
39.45965218544006,0
39.47849678993225,0
39.480321168899536,0
39.48037171363831,0
39.4803946018219,0
39.49995422363281,0
39.499998807907104,0
39.50001931190491,0
39.5074610710144,0
39.50750231742859,0
39.507508516311646,0
39.50750946998596,0
39.51429629325867,0
39.51437544822693,0
39.514440059661865,0
39.51729702949524,0
39.51980113983154,0
39.5198438167572,0
39.51986336708069,0
39.539883613586426,0
39.53992199897766,0
39.53993964195252,0
39.55966329574585,0
39.55970740318298,0
39.559730768203735,0
39.564698934555054,0
39.56481027603149,0
39.567206382751465,0
39.56726956367493,0
39.56811714172363,0
39.58006525039673,0
39.58011221885681,0
39.58022212982178,0
39.59440970420837,0
39.59443664550781,0
39.59531784057617,0
39.5957293510437,0
39.60136365890503,0
39.60139060020447,0
39.60141444206238,0
39.60148096084595,0
39.60153293609619,0
39.60158944129944,0
39.60383415222168,0
39.61756682395935,0
39.62160086631775,0
39.62160611152649,0
39.62165832519531,0
39.62566018104553,0
39.6374397277832,0
39.63745737075806,0
39.63779306411743,0
39.638099193573,0
39.63813352584839,0
39.63831853866577,0
39.64306044578552,0
39.643091678619385,0
39.643094062805176,0
39.64423036575317,0
39.644269704818726,0
39.64428949356079,0
39.649627447128296,0
39.6500232219696,0
39.65030837059021,0
39.65033531188965,0
39.65199279785156,0
39.65200614929199,0
39.654327392578125,0
39.65952253341675,0
39.65952944755554,0
39.65955471992493,0
39.66947340965271,0
39.669559478759766,0
39.66958713531494,0
39.66960096359253,0
39.672693490982056,0
39.67271637916565,0
39.67272329330444,0
39.67417597770691,0
39.67420268058777,0
39.6742582321167,0
39.67427039146423,0
39.67595934867859,0
39.6760413646698,0
39.6760458946228,0
39.67944526672363,0
39.67959642410278,0
39.67961549758911,0
39.683512449264526,0
39.68598556518555,0
39.69504570960999,0
39.70010423660278,0
39.70013427734375,0
39.70018029212952,0
39.7197699546814,0
39.719804525375366,0
39.71984052658081,0
39.72521138191223,0
39.72525501251221,0
39.7253041267395,0
39.72535514831543,0
39.726759910583496,0
39.726776361465454,0
39.72685766220093,0
39.72783970832825,0
39.72869038581848,0
39.734540939331055,0
39.73457837104797,0
39.739686489105225,0
39.739720821380615,0
39.73976635932922,0
39.759549140930176,0
39.75958561897278,0
39.759602069854736,0
39.76428651809693,0
39.77015972137451,0
39.77044582366944,0
39.770928621292114,0
39.77093982696533,0
39.77224588394165,0
39.77227687835693,0
39.77279877662659,0
39.77813959121704,0
39.779741287231445,0
39.77977919578552,0
39.77985596656799,0
39.80009651184082,0
39.80013847351074,0
39.80015707015991,0
39.81947135925293,0
39.81950259208679,0
39.81950807571411,0
39.82328295707703,0
39.82330942153931,0
39.82516288757324,0
39.82520270347595,0
39.82525420188904,0
39.825321435928345,0
39.830559730529785,0
39.83070778846741,0
39.83125424385071,0
39.8401505947113,0
39.8406229019165,0
39.840664863586426,0
39.860753536224365,0
39.860783100128174,0
39.86079740524292,0
39.8629150390625,0
39.86294555664063,0
39.86479067802429,0
39.86482906341553,0
39.86668872833252,0
39.87948393821716,0
39.87952089309693,0
39.88032460212708,0
39.88900899887085,0
39.88901424407959,0
39.88904428482056,0
39.88905191421509,0
39.89072751998901,0
39.890756368637085,0
39.89111685752869,0
39.89200234413147,0
39.90021324157715,0
39.90024614334106,0
39.90026044845581,0
39.90834784507752,0
39.90837740898132,0
39.90844488143921,0
39.90853142738342,0
39.91027808189392,0
39.91031098365784,0
39.91051363945007,0
39.91231942176819,0
39.91234874725342,0
39.91236281394959,0
39.91237425804138,0
39.91325998306274,0
39.91332173347473,0
39.91337585449219,0
39.91980767250061,0
39.91987109184265,0
39.91989254951477,0
39.926565170288086,0
39.93402314186096,0
39.93649697303772,0
39.93669867515564,0
39.94978642463684,0
39.94986391067505,0
39.94991612434387,0
39.95149517059326,0
39.95159983634949,0
39.95256495475769,0
39.959502935409546,0
39.95952081680298,0
39.95953702926636,0
39.97952604293823,0
39.97956848144531,0
39.97958517074585,0
39.99807596206665,0
39.9981107711792,0
39.998128175735474,0
39.99815249443054,0
40.00005388259888,0
40.0001106262207,0
40.00270414352417,0
40.00281071662903,0
40.00288701057434,0
40.00348973274231,0
40.00894808769226,0
40.00895023345947,0
40.01032710075378,0
40.010358810424805,0
40.01042532920837,0
40.01044678688049,0
40.0141077041626,0
40.01413822174072,0
40.0143883228302,0
40.016469955444336,0
40.01988697052002,0
40.01992297172546,0
40.02002573013306,0
40.024019956588745,0
40.02443099021912,0
40.03961658477783,0
40.03969931602478,0
40.03983521461487,0
40.04281139373779,0
40.042914152145386,0
40.06379914283752,0
40.0638153553009,0
40.06393575668335,0
40.063950061798096,0
40.06404089927673,0
40.064056396484375,0
40.06414270401001,0
40.06416702270508,0
40.06419348716736,0
40.06428122520447,0
40.065935134887695,0
40.066570520401,0
40.07697081565857,0
40.08030319213867,0
40.08031845092773,0
40.08040499687195,0
40.09982371330261,0
40.09986114501953,0
40.09988236427307,0
40.10327792167664,0
40.10358476638794,0
40.1036217212677,0
40.10362362861633,0
40.10521388053894,0
40.10522675514221,0
40.10523676872253,0
40.1066997051239,0
40.10708475112915,0
40.11950755119324,0
40.11954355239868,0
40.11955809593201,0
40.12286281585693,0
40.1228973865509,0
40.12528204917908,0
40.12533640861511,0
40.12592577934265,0
40.13971829414368,0
40.13975548744202,0
40.13977122306824,0
40.14822268486023,0
40.14823317527771,0
40.14824604988098,0
40.14831328392029,0
40.15321969985962,0
40.15323829650879,0
40.15359091758728,0
40.15546417236328,0
40.15549659729004,0
40.15550971031189,0
40.15552091598511,0
40.15722465515137,0
40.157318115234375,0
40.15732002258301,0
40.15962767601013,0
40.1596474647522,0
40.15965962409973,0
40.17963004112244,0
40.17966961860657,0
40.179685831069946,0
40.18778347969055,0
40.19958209991455,0
40.1997127532959,0
40.19973587989807,0
40.21270227432251,0
40.21348023414612,0
40.21998000144959,0
40.22002673149109,0
40.22004723548889,0
40.24406409263611,0
40.244086027145386,0
40.24497199058533,0
40.24566721916199,0
40.24687814712525,0
40.24692797660828,0
40.24698567390442,0
40.248859167099,0
40.25506830215454,0
40.25512933731079,0
40.25519728660584,0
40.26052618026733,0
40.26056027412415,0
40.26096868515015,0
40.266112089157104,0
40.26677680015564,0
40.26811385154724,0
40.26813316345215,0
40.27955794334412,0
40.2795934677124,0
40.27970457077026,0
40.29394030570984,0
40.300618171691895,0
40.30092668533325,0
40.30096125602722,0
40.30221796035767,0
40.30224943161011,0
40.30226516723633,0
40.30228090286255,0
40.304898500442505,0
40.30507183074951,0
40.305091381073,0
40.30568218231201,0
40.30880236625672,0
40.309855461120605,0
40.31204438209534,0
40.31694793701172,0
40.31980872154236,0
40.31983804702759,0
40.319950342178345,0
40.33746337890625,0
40.33750081062317,0
40.33754324913025,0
40.33760952949524,0
40.3399121761322,0
40.34013199806213,0
40.34015345573425,0
40.34218716621399,0
40.34226799011231,0
40.342448234558105,0
40.359875440597534,0
40.35990023612976,0
40.359970808029175,0
40.36584329605103,0
40.3659098148346,0
40.36849856376648,0
40.36865663528442,0
40.36990737915039,0
40.37968873977661,0
40.37972044944763,0
40.379735231399536,0
40.38929510116577,0
40.38943886756897,0
40.38954043388367,0
40.3896484375,0
40.38978338241577,0
40.38994216918945,0
40.38996648788452,0
40.39959073066712,0
40.39963150024414,0
40.39965176582336,0
40.40470743179321,0
40.4047486782074,0
40.40476727485657,0
40.404783725738525,0
40.40713453292847,0
40.40736103057861,0
40.40739178657532,0
40.4079864025116,0
40.42027831077576,0
40.42031502723694,0
40.42039442062378,0
40.42869758605957,0
40.428797006607056,0
40.43063712120056,0
40.43064093589783,0
40.43065524101257,0
40.431145668029785,0
40.43270802497864,0
40.432780742645264,0
40.43283176422119,0
40.434170961380005,0
40.43432426452637,0
40.43718433380127,0
40.43725657463074,0
40.44498109817505,0
40.445024251937866,0
40.44504475593567,0
40.460052490234375,0
40.46005439758301,0
40.460086822509766,0
40.46268916130066,0
40.48036313056946,0
40.48040175437927,0
40.480419397354126,0
40.484211444854736,0
40.48424196243286,0
40.48426008224487,0
40.48433470726013,0
40.48653721809387,0
40.486847162246704,0
40.48688530921936,0
40.48789858818054,0
40.49735879898071,0
40.49855995178223,0
40.49981594085693,0
40.49985122680664,0
40.49990105628967,0
40.51992964744568,0
40.51996827125549,0
40.52004790306091,0
40.52589964866638,0
40.52615141868591,0
40.52617907524109,0
40.52623319625855,0
40.52886366844177,0
40.52898287773132,0
40.528987407684326,0
40.52951669692993,0
40.52957940101624,0
40.53209686279297,0
40.532116413116455,0
40.53972840309143,0
40.53972864151001,0
40.53977608680725,0
40.55948042869568,0
40.55952668190002,0
40.55952739715576,0
40.56208276748657,0
40.565558195114136,0
40.56570720672608,0
40.56573462486267,0
40.56762886047363,0
40.5797016620636,0
40.57975745201111,0
40.57977604866028,0
40.58074235916138,0
40.580790281295776,0
40.58084964752197,0
40.59960293769837,0
40.59964394569397,0
40.59981751441956,0
40.61430215835571,0
40.61688303947449,0
40.618168592453,0
40.61954212188721,0
40.61979341506958,0
40.61986565589905,0
40.62297868728638,0
40.62333059310913,0
40.62474846839905,0
40.62478494644165,0
40.62488913536072,0
40.624950647354126,0
40.63188338279724,0
40.632386207580566,0
40.63257932662964,0
40.63463115692139,0
40.63480758666992,0
40.63493061065674,0
40.63495087623596,0
40.63699817657471,0
40.63703012466431,0
40.63712978363037,0
40.640437841415405,0
40.64047598838806,0
40.64049124717712,0
40.64378881454468,0
40.64386248588562,0
40.64388561248779,0
40.64395809173584,0
40.660385608673096,0
40.66041803359985,0
40.661131620407104,0
40.666465044021606,0
40.679410219192505,0
40.67947745323181,0
40.67954874038696,0
40.69760394096375,0
40.697632789611816,0
40.69769525527954,0
40.697752475738525,0
40.699549436569214,0
40.69958829879761,0
40.69960427284241,0
40.70419716835022,0
40.70419883728027,0
40.70421528816223,0
40.70548844337464,0
40.70804166793823,0
40.713311433792114,0
40.71946477890015,0
40.71949982643128,0
40.719574213027954,0
40.72185373306274,0
40.72189211845398,0
40.72200274467468,0
40.72202682495117,0
40.72607612609863,0
40.72611117362976,0
40.72625470161438,0
40.73975443840027,0
40.739795207977295,0
40.73980116844177,0
40.74825358390808,0
40.74826908111572,0
40.760114669799805,0
40.76017951965332,0
40.76046204566956,0
40.7671902179718,0
40.76722002029419,0
40.7682032585144,0
40.772644996643066,0
40.77283501625061,0
40.77301812171936,0
40.773733139038086,0
40.77427077293396,0
40.77452039718628,0
40.77492785453797,0
40.77830934524536,0
40.77937150001526,0
40.779396295547485,0
40.7794075012207,0
40.79956841468811,0
40.79960298538208,0
40.799617290496826,0
40.81962060928345,0
40.8196587562561,0
40.81967306137085,0
40.82066202163696,0
40.82085251808167,0
40.8220009803772,0
40.82461357116699,0
40.82464694976807,0
40.82466650009155,0
40.82526421546936,0
40.82532978057861,0
40.8253493309021,0
40.83590483665466,0
40.835938692092896,0
40.837658166885376,0
40.83771085739136,0
40.83982944488525,0
40.83986282348633,0
40.83987760543823,0
40.86177682876587,0
40.86184048652649,0
40.86184358596802,0
40.86345529556274,0
40.87073540687561,0
40.87076950073242,0
40.87078595161438,0
40.87083125114441,0
40.87963938713074,0
40.87983155250549,0
40.87985587120056,0
40.887489795684814,0
40.88758039474487,0
40.8876256942749,0
40.89208650588989,0
40.89210081100464,0
40.89211964607239,0
40.892136573791504,0
40.89312982559204,0
40.89383721351624,0
40.89385485649109,0
40.89445281028748,0
40.8994300365448,0
40.89945840835571,0
40.899471044540405,0
40.90069508552551,0
40.902809143066406,0
40.90282893180847,0
40.90287733078003,0
40.90296697616577,0
40.9030032157898,0
40.90303993225098,0
40.91956901550293,0
40.91959834098816,0
40.9196138381958,0
40.94077801704407,0
40.94082236289978,0
40.940839767456055,0
40.94263172149658,0
40.94273614883423,0
40.94561147689819,0
40.94565343856812,0
40.95152497291565,0
40.9599027633667,0
40.95994186401367,0
40.95995783805847,0
40.97965121269226,0
40.97969388961792,0
40.97972393035889,0
40.99713683128357,0
40.997164487838745,0
40.99718475341797,0
40.99727177619934,0
41.002190351486206,0
41.00222945213318,0
41.00224661827088,0
41.00241160392761,0
41.00246477127075,0
41.00253391265869,0
41.002554416656494,0
41.00489234924317,0
41.01190829277039,0
41.01658082008362,0
41.016616344451904,0
41.01756310462952,0
41.01758790016174,0
41.01760149002075,0
41.01764845848084,0
41.01948046684265,0
41.019492864608765,0
41.01950931549072,0
41.02140188217163,0
41.02141332626343,0
41.02193903923035,0
41.02316188812256,0
41.02435517311096,0
41.02507591247559,0
41.03918504714966,0
41.0392062664032,0
41.03975176811218,0
41.0399169921875,0
41.03993892669678,0
41.04215121269226,0
41.04217791557312,0
41.056068658828735,0
41.05994391441345,0
41.06242895126343,0
41.06245374679565,0
41.07963418960571,0
41.0796639919281,0
41.07970356941223,0
41.088900327682495,0
41.08900499343872,0
41.08903288841248,0
41.09205055236816,0
41.09555768966675,0
41.09559869766235,0
41.0956175327301,0
41.09741497039795,0
41.10063815116882,0
41.1006863117218,0
41.10073518753052,0
41.11055970191956,0
41.11056637763977,0
41.11060500144959,0
41.11068081855774,0
41.11307692527771,0
41.11309933662415,0
41.11317205429077,0
41.11842656135559,0
41.11845850944519,0
41.118764877319336,0
41.11880135536194,0
41.11973714828491,0
41.11973738670349,0
41.11978697776794,0
41.12033247947693,0
41.120553970336914,0
41.12075328826904,0
41.13678026199341,0
41.13682103157044,0
41.13965964317322,0
41.13971900939941,0
41.13972163200378,0
41.14028072357178,0
41.1403214931488,0
41.1577672958374,0
41.16176915168762,0
41.161799907684326,0
41.16181564331055,0
41.17971324920654,0
41.17975950241089,0
41.18035912513733,0
41.18893218040466,0
41.18895077705383,0
41.188968896865845,0
41.18903303146362,0
41.19296669960022,0
41.19300580024719,0
41.19320940971375,0
41.19323015213013,0
41.19978356361389,0
41.19982600212097,0
41.19986391067505,0
41.20748209953308,0
41.2113516330719,0
41.219812631607056,0
41.219865560531616,0
41.21996259689331,0
41.23372673988342,0
41.23389220237732,0
41.24157023429871,0
41.24172282218933,0
41.241750717163086,0
41.24178409576416,0
41.242023944854736,0
41.24204683303833,0
41.24212265014648,0
41.24443674087525,0
41.24445509910584,0
41.244848012924194,0
41.24565863609314,0
41.24566388130188,0
41.2535035610199,0
41.25352478027344,0
41.255176067352295,0
41.259790658950806,0
41.26004076004028,0
41.260480642318726,0
41.2627170085907,0
41.26286816596985,0
41.26354932785034,0
41.26361632347107,0
41.27944993972778,0
41.279475927352905,0
41.2794885635376,0
41.29942178726196,0
41.29948568344116,0
41.29950976371765,0
41.300370931625366,0
41.30040788650513,0
41.30045938491821,0
41.30215835571289,0
41.31960582733154,0
41.31965088844299,0
41.31973719596863,0
41.33975052833557,0
41.339792251586914,0
41.33979678153992,0
41.352670431137085,0
41.35271573066712,0
41.35278820991516,0
41.35284972190857,0
41.357566356658936,0
41.36343717575073,0
41.36409139633179,0
41.36412239074707,0
41.36565709114075,0
41.3656587600708,0
41.365684509277344,0
41.37925839424133,0
41.37929558753967,0
41.37970590591431,0
41.37970852851868,0
41.37974095344544,0
41.383604764938354,0
41.38908052444458,0
41.38911461830139,0
41.38913178443909,0
41.38921189308167,0
41.39293050765991,0
41.3930549621582,0
41.39330506324768,0
41.39470934867859,0
41.39474487304688,0
41.39500403404236,0
41.3950457572937,0
41.39612531661987,0
41.396156549453735,0
41.39628839492798,0
41.39926075935364,0
41.40047931671143,0
41.40054655075073,0
41.40058374404907,0
41.41956233978272,0
41.41963481903076,0
41.41969418525696,0
41.42199397087097,0
41.42201805114746,0
41.422996520996094,0
41.42426061630249,0
41.42431616783142,0
41.42437028884888,0
41.43982625007629,0
41.4398717880249,0
41.44151139259338,0
41.44823670387268,0
41.44826769828797,0
41.4489336013794,0
41.450069189071655,0
41.46004843711853,0
41.46004915237427,0
41.46010446548462,0
41.47126245498657,0
41.47130560874939,0
41.47134447097778,0
41.47137260437012,0
41.47140550613403,0
41.47143626213074,0
41.47183680534363,0
41.47183704376221,0
41.479435443878174,0
41.47946524620056,0
41.47947669029236,0
41.48626732826233,0
41.48640155792236,0
41.48642301559448,0
41.50032591819763,0
41.50074672698975,0
41.5008716583252,0
41.50290036201477,0
41.51978158950806,0
41.51981520652771,0
41.52036476135254,0
41.53199982643128,0
41.53477215766907,0
41.53479743003845,0
41.53487801551819,0
41.53801655769348,0
41.53808951377869,0
41.53814196586609,0
41.539703130722046,0
41.53970456123352,0
41.5397744178772,0
41.54041910171509,0
41.540456771850586,0
41.54296326637268,0
41.54303860664368,0
41.54676198959351,0
41.56160855293274,0
41.56165027618408,0
41.5618462562561,0
41.57514834403992,0
41.5752215385437,0
41.57527279853821,0
41.57776594161987,0
41.577847480773926,0
41.577983379364014,0
41.578102827072144,0
41.57813143730164,0
41.57915735244751,0
41.57989478111267,0
41.57991576194763,0
41.58626389503479,0
41.598658084869385,0
41.59880685806274,0
41.60030961036682,0
41.60036754608154,0
41.60039162635803,0
41.6198148727417,0
41.61985969543457,0
41.61997437477112,0
41.63198232650757,0
41.633058309555054,0
41.63310790061951,0
41.63317942619324,0
41.635662317276,0
41.635886669158936,0
41.63598847389221,0
41.638110399246216,0
41.63811111450195,0
41.6382155418396,0
41.63823747634888,0
41.639601707458496,0
41.63964104652405,0
41.639657735824585,0
41.641194343566895,0
41.64131951332092,0
41.64137554168701,0
41.64162588119507,0
41.64787530899048,0
41.64791250228882,0
41.65340805053711,0
41.65364623069763,0
41.65894150733948,0
41.65985345840454,0
41.65991950035095,0
41.65992760658264,0
41.66117453575134,0
41.67949461936951,0
41.67966151237488,0
41.67966365814209,0
41.681382179260254,0
41.68521928787232,0
41.68527126312256,0
41.68539333343506,0
41.68540692329407,0
41.6949028968811,0
41.694937229156494,0
41.69495487213135,0
41.69937682151794,0
41.69941186904907,0
41.69944834709168,0
41.7155499458313,0
41.7194881439209,0
41.71952509880066,0
41.71959590911865,0
41.73442816734314,0
41.73445224761963,0
41.73447012901306,0
41.7344913482666,0
41.74009037017822,0
41.74013113975525,0
41.74067854881287,0
41.7601854801178,0
41.76023459434509,0
41.76031136512756,0
41.76525282859802,0
41.765299797058105,0
41.76536703109741,0
41.76707649230957,0
41.767104148864746,0
41.773706674575806,0
41.7737238407135,0
41.77735567092896,0
41.78101658821106,0
41.78105926513672,0
41.78111267089844,0
41.78757119178772,0
41.788599252700806,0
41.79600262641907,0
41.79602074623108,0
41.80124258995056,0
41.80126094818115,0
41.80128335952759,0
41.821439266204834,0
41.8214921951294,0
41.82241773605347,0
41.826218605041504,0
41.82626557350159,0
41.8267035484314,0
41.82674241065979,0
41.82693314552307,0
41.8269510269165,0
41.82712936401367,0
41.82939410209656,0
41.83981800079346,0
41.83985495567322,0
41.83990716934204,0
41.84395456314087,0
41.843998670578,0
41.84569549560547,0
41.84603476524353,0
41.84711146354675,0
41.84731912612915,0
41.84736442565918,0
41.84736895561218,0
41.853755235672,0
41.86030125617981,0
41.86041712760925,0
41.86207389831543,0
41.86581754684448,0
41.86584949493408,0
41.87998533248901,0
41.88002133369446,0
41.88633108139038,0
41.89129304885864,0
41.89133024215698,0
41.89140057563782,0
41.8914475440979,0
41.89280867576599,0
41.89282464981079,0
41.89284157752991,0
41.89975142478943,0
41.89981150627136,0
41.8998339176178,0
41.91316866874695,0
41.91962456703186,0
41.9196662902832,0
41.91970229148865,0
41.93992280960083,0
41.939953565597534,0
41.94012117385864,0
41.94584035873413,0
41.94592070579529,0
41.94592308998108,0
41.9459490776062,0
41.94965147972107,0
41.94967699050903,0
41.95127749443054,0
41.95984506607056,0
41.9601309299469,0
41.96016812324524,0
41.96680498123169,0
41.96683883666992,0
41.97146582603455,0
41.97148633003235,0
41.97218918800354,0
41.97956585884094,0
41.97959494590759,0
41.97964358329773,0
42.00020742416382,0
42.00025749206543,0
42.000370025634766,0
42.00294232368469,0
42.002973318099976,0
42.00299453735352,0
42.0030779838562,0
42.00569224357605,0
42.00569534301758,0
42.005725145339966,0
42.00781583786011,0
42.01011323928833,0
42.02088665962219,0
42.02094006538391,0
42.0209710597992,0
42.03075957298279,0
42.03973197937012,0
42.03976559638977,0
42.03977823257446,0
42.04527807235718,0
42.06029748916626,0
42.06033754348755,0
42.06074857711792,0
42.067200660705566,0
42.067216634750366,0
42.06723475456238,0
42.06725192070007,0
42.06726622581482,0
42.0673143863678,0
42.06735706329346,0
42.0674467086792,0
42.06746673583984,0
42.0674831867218,0
42.0675413608551,0
42.07061743736267,0
42.07063603401184,0
42.07068109512329,0
42.08026123046875,0
42.08030080795288,0
42.08031558990479,0
42.0900514125824,0
42.09613752365112,0
42.10079288482666,0
42.10083484649658,0
42.100852251052856,0
42.10091543197632,0
42.10093808174133,0
42.10101628303528,0
42.10103178024292,0
42.10548543930054,0
42.10550308227539,0
42.10551977157593,0
42.10894203186035,0
42.10897517204285,0
42.108988761901855,0
42.10900259017944,0
42.11031651496887,0
42.11035299301148,0
42.11037611961365,0
42.11140966415405,0
42.119425535202026,0
42.11945724487305,0
42.11957049369812,0
42.12740182876587,0
42.128987550735474,0
42.129021406173706,0
42.12906813621521,0
42.12930417060852,0
42.129321336746216,0
42.129337310791016,0
42.130061864852905,0
42.130099058151245,0
42.13397192955017,0
42.13534212112427,0
42.13660764694214,0
42.1369218826294,0
42.13946604728699,0
42.139466285705566,0
42.13950252532959,0
42.15410304069519,0
42.15979027748108,0
42.15982913970947,0
42.15984749794006,0
42.17938661575317,0
42.179415225982666,0
42.179434061050415,0
42.184783697128296,0
42.18493008613586,0
42.18495869636536,0
42.18497395515442,0
42.18829774856568,0
42.18831443786621,0
42.188687562942505,0
42.20003700256348,0
42.20007848739624,0
42.2001531124115,0
42.21962809562683,0
42.21967005729675,0
42.219772815704346,0
42.24031138420105,0
42.24046587944031,0
42.2410523891449,0
42.261648416519165,0
42.262192249298096,0
42.26231503486633,0
42.26598834991455,0
42.27449679374695,0
42.27492260932922,0
42.27593016624451,0
42.2759370803833,0
42.27594995498657,0
42.27868461608887,0
42.27951693534851,0
42.27955508232117,0
42.27957224845886,0
42.294795751571655,0
42.294915199279785,0
42.29503583908081,0
42.29675364494324,0
42.29678606987,0
42.30014443397522,0
42.300185203552246,0
42.30031085014343,0
42.300880432128906,0
42.30093264579773,0
42.302056074142456,0
42.309431314468384,0
42.3094527721405,0
42.30950474739075,0
42.30954575538635,0
42.31522870063782,0
42.320711612701416,0
42.32075452804565,0
42.3207745552063,0
42.33973050117493,0
42.33977675437927,0
42.33979725837708,0
42.34534549713135,0
42.34538722038269,0
42.34545660018921,0
42.3455126285553,0
42.34870362281799,0
42.348729372024536,0
42.34888219833374,0
42.35065221786499,0
42.35160255432129,0
42.35411024093628,0
42.354135513305664,0
42.36060643196106,0
42.3720269203186,0
42.372047662734985,0
42.372135400772095,0
42.37242746353149,0
42.37358999252319,0
42.37360978126526,0
42.373626708984375,0
42.37419295310974,0
42.37433624267578,0
42.37452721595764,0
42.38361382484436,0
42.383644342422485,0
42.38365817070007,0
42.383803606033325,0
42.3838415145874,0
42.3839271068573,0
42.3839476108551,0
42.38512706756592,0
42.38518738746643,0
42.38522744178772,0
42.395957708358765,0
42.39937090873718,0
42.39952325820923,0
42.39954686164856,0
42.41957402229309,0
42.41960906982422,0
42.41962623596192,0
42.42329835891724,0
42.42342019081116,0
42.42461037635803,0
42.42470383644104,0
42.42476058006287,0
42.42482805252075,0
42.42795658111572,0
42.42797899246216,0
42.428038358688354,0
42.44008135795593,0
42.44012951850891,0
42.44015169143677,0
42.45164489746094,0
42.45173668861389,0
42.4548544883728,0
42.45688676834106,0
42.45827674865723,0
42.46270537376404,0
42.46274566650391,0
42.4627628326416,0
42.46282482147217,0
42.4659366607666,0
42.47075796127319,0
42.47968673706055,0
42.47972083091736,0
42.47976016998291,0
42.485663175582886,0
42.49008917808533,0
42.49019145965576,0
42.49020767211914,0
42.49022555351257,0
42.494675397872925,0
42.49489974975586,0
42.49511384963989,0
42.49950575828552,0
42.49953842163086,0
42.499539852142334,0
42.51969242095947,0
42.5197331905365,0
42.519874811172485,0
42.53963017463684,0
42.539669036865234,0
42.53968739509583,0
42.54067277908325,0
42.54580235481262,0
42.54721903800965,0
42.54723405838013,0
42.54725074768066,0
42.55997896194458,0
42.56002736091614,0
42.56004643440247,0
42.56687998771668,0
42.56691932678223,0
42.56696796417236,0
42.570910692214966,0
42.57166242599487,0
42.573979139328,0
42.57443618774414,0
42.57967066764832,0
42.5797004699707,0
42.57976818084717,0
42.58480262756348,0
42.58578753471375,0
42.586538791656494,0
42.599608182907104,0
42.59965467453003,0
42.60010886192322,0
42.608864545822144,0
42.60933995246887,0
42.615315675735474,0
42.61535859107971,0
42.615416526794434,0
42.61548781394959,0
42.61597561836243,0
42.6159987449646,0
42.61611270904541,0
42.6161413192749,0
42.61618971824646,0
42.616304874420166,0
42.61638712882996,0
42.6175422668457,0
42.61758303642273,0
42.61774396896362,0
42.61972093582153,0
42.62005305290222,0
42.62021493911743,0
42.62086081504822,0
42.64062476158142,0
42.64068245887756,0
42.64110231399536,0
42.65169262886048,0
42.65247845649719,0
42.66094446182251,0
42.661009311676025,0
42.66108226776123,0
42.66219902038574,0
42.66332387924194,0
42.665189266204834,0
42.66532850265503,0
42.66602826118469,0
42.66822004318237,0
42.668413162231445,0
42.669384241104126,0
42.66941642761231,0
42.67674160003662,0
42.680575370788574,0
42.68059945106506,0
42.68061566352844,0
42.69972205162048,0
42.70006728172302,0
42.70006799697876,0
42.70165419578552,0
42.70168876647949,0
42.70175528526306,0
42.70177602767944,0
42.70334911346436,0
42.7033805847168,0
42.7037501335144,0
42.71581554412842,0
42.71976828575134,0
42.71980881690979,0
42.71982717514038,0
42.73970365524292,0
42.739747285842896,0
42.73977041244507,0
42.75444436073303,0
42.75449228286743,0
42.755905866622925,0
42.75764918327332,0
42.76002025604248,0
42.76030087471008,0
42.760605812072754,0
42.78016209602356,0
42.78027367591858,0
42.78036570549011,0
42.79247546195984,0
42.792598724365234,0
42.79260206222534,0
42.79506349563599,0
42.795108795166016,0
42.799885272979736,0
42.79992151260376,0
42.7999382019043,0
42.79998707771301,0
42.800004720687866,0
42.80007410049439,0
42.81552171707153,0
42.816840410232544,0
42.8201367855072,0
42.82016181945801,0
42.82018971443176,0
42.82219028472901,0
42.82239031791687,0
42.82363915443421,0
42.82390832901001,0
42.82394456863403,0
42.82429838180542,0
42.82646536827088,0
42.82938981056213,0
42.84003305435181,0
42.84008455276489,0
42.84010934829712,0
42.84641218185425,0
42.86148881912232,0
42.861538887023926,0
42.86167907714844,0
42.86865448951721,0
42.869139432907104,0
42.86916780471802,0
42.8691782951355,0
42.87932085990906,0
42.87953233718872,0
42.87955594062805,0
42.87957429885864,0
42.87959146499634,0
42.879607915878296,0
42.87962627410889,0
42.88160276412964,0
42.88163781166077,0
42.88165330886841,0
42.8837959766388,0
42.883832693099976,0
42.88415598869324,0
42.884183168411255,0
42.899580240249634,0
42.90131902694702,0
42.901392459869385,0
42.91222023963928,0
42.91240286827088,0
42.91255402565002,0
42.91382384300232,0
42.91877269744873,0
42.91880297660828,0
42.91885685920715,0
42.91891169548035,0
42.91986060142517,0
42.91988039016724,0
42.9200291633606,0
42.92172169685364,0
42.9217529296875,0
42.92180609703064,0
42.92194175720215,0
42.93318963050842,0
42.93399095535278,0
42.93400740623474,0
42.93407225608826,0
42.93485236167908,0
42.93502712249756,0
42.93509268760681,0
42.93515634536743,0
42.93521237373352,0
42.93581795692444,0
42.93585634231568,0
42.94030976295471,0
42.940672397613525,0
42.94070339202881,0
42.94158935546875,0
42.961875915527344,0
42.96191883087158,0
42.961976766586304,0
42.96655821800232,0
42.96705627441406,0
42.96729040145874,0
42.9675657749176,0
42.96809935569763,0
42.96815729141235,0
42.96818208694458,0
42.97948908805847,0
42.97981333732605,0
42.97991991043091,0
42.98725342750549,0
42.98882579803467,0
42.99060964584351,0
42.99937081336975,0
42.99940252304077,0
42.999706745147705,0
43.00578570365906,0
43.00603675842285,0
43.00771999359131,0
43.00775361061096,0
43.00800395011902,0
43.00817584991455,0
43.0117130279541,0
43.01174020767212,0
43.011778831481934,0
43.02020406723023,0
43.02024245262146,0
43.020307302474976,0
43.02634024620056,0
43.02831816673279,0
43.03111743927002,0
43.03298783302307,0
43.03302240371704,0
43.03623580932617,0
43.036327838897705,0
43.03774905204773,0
43.03962445259094,0
43.03966975212097,0
43.03978872299194,0
43.066730976104736,0
43.06678414344788,0
43.06716179847717,0
43.067195415496826,0
43.06723475456238,0
43.067322969436646,0
43.06740713119507,0
43.06902074813843,0
43.069178342819214,0
43.06977081298828,0
43.0796639919281,0
43.07969689369202,0
43.079710245132446,0
43.08786869049072,0
43.0879545211792,0
43.08797240257263,0
43.08798313140869,0
43.08881664276123,0
43.08922100067139,0
43.08984327316284,0
43.09120845794678,0
43.10008335113525,0
43.10053944587708,0
43.10056471824646,0
43.10188508033752,0
43.1024603843689,0
43.10264754295349,0
43.10280680656433,0
43.10370588302612,0
43.10373115539551,0
43.10418939590454,0
43.119375467300415,0
43.11940813064575,0
43.11951780319214,0
43.13965797424317,0
43.13970160484314,0
43.14000821113586,0
43.14721989631653,0
43.1472692489624,0
43.15039873123169,0
43.15042495727539,0
43.15679955482483,0
43.15999722480774,0
43.160035133361816,0
43.16005325317383,0
43.17977976799011,0
43.17999076843262,0
43.18001127243042,0
43.18639254570007,0
43.18642640113831,0
43.18643093109131,0
43.18644833564758,0
43.18787980079651,0
43.18790507316589,0
43.18791842460632,0
43.19121789932251,0
43.19979739189148,0
43.19984793663025,0
43.199923276901245,0
43.20836567878723,0
43.211544036865234,0
43.22005558013916,0
43.22009825706482,0
43.22020959854126,0
43.22723436355591,0
43.22726035118103,0
43.22941112518311,0
43.22944116592407,0
43.229461431503296,0
43.22948431968689,0
43.2392315864563,0
43.239277362823486,0
43.23950457572937,0
43.23969483375549,0
43.23975205421448,0
43.23982238769531,0
43.24288201332092,0
43.24303436279297,0
43.24634885787964,0
43.24637317657471,0
43.260287284851074,0
43.260382413864136,0
43.26056289672852,0
43.27987766265869,0
43.27990674972534,0
43.28003764152527,0
43.28149390220642,0
43.3007116317749,0
43.30075764656067,0
43.30105113983154,0
43.320690631866455,0
43.32078528404236,0
43.32085061073303,0
43.34101796150208,0
43.3410701751709,0
43.341156244277954,0
43.34291934967041,0
43.34297227859497,0
43.342992305755615,0
43.34309983253479,0
43.3457567691803,0
43.34628224372864,0
43.347001791000366,0
43.34784388542175,0
43.360368728637695,0
43.360427141189575,0
43.36047005653381,0
43.370789766311646,0
43.37084150314331,0
43.37085938453674,0
43.37090539932251,0
43.3712010383606,0
43.37122750282288,0
43.37125086784363,0
43.3713366985321,0
43.37499046325684,0
43.375957012176514,0
43.37605953216553,0
43.37981033325195,0
43.37985062599182,0
43.37986707687378,0
43.39337992668152,0
43.39454007148743,0
43.39458966255188,0
43.39469075202942,0
43.39470815658569,0
43.39943289756775,0
43.39946532249451,0
43.39946889877319,0
43.41316223144531,0
43.41320610046387,0
43.413286209106445,0
43.41492247581482,0
43.41997766494751,0
43.42161965370178,0
43.42167782783508,0
43.42238306999207,0
43.422696352005005,0
43.4231436252594,0
43.42318081855774,0
43.42328238487244,0
43.42329788208008,0
43.42428517341614,0
43.42860507965088,0
43.429786682128906,0
43.43010187149048,0
43.43199896812439,0
43.43208622932434,0
43.435187578201294,0
43.44005227088928,0
43.44012808799744,0
43.44017052650452,0
43.45998668670654,0
43.46002745628357,0
43.4600522518158,0
43.48292827606201,0
43.48293399810791,0
43.483174085617065,0
43.48578071594238,0
43.48581433296204,0
43.48616313934326,0
43.48620247840881,0
43.48922753334045,0
43.48924422264099,0
43.4892897605896,0
43.49165749549866,0
43.49522495269776,0
43.49683547019959,0
43.50144791603088,0
43.5014750957489,0
43.50148582458496,0
43.51986217498779,0
43.51990342140198,0
43.51992177963257,0
43.53263831138611,0
43.5327217578888,0
43.53274631500244,0
43.532979249954224,0
43.532986640930176,0
43.53300476074219,0
43.533252239227295,0
43.534533739089966,0
43.534560203552246,0
43.536720514297485,0
43.53686714172363,0
43.5414469242096,0
43.54146933555603,0
43.54153084754944,0
43.54784440994263,0
43.559542417526245,0
43.55984783172608,0
43.55986332893372,0
43.56416940689087,0
43.56420946121216,0
43.56674456596375,0
43.56678819656372,0
43.5670428276062,0
43.567065477371216,0
43.56712627410889,0
43.56903052330017,0
43.56905174255371,0
43.56926465034485,0
43.56960415840149,0
43.57971978187561,0
43.57974934577942,0
43.5802652835846,0
43.58494400978088,0
43.58510994911194,0
43.585511922836304,0
43.58580541610718,0
43.59960603713989,0
43.59960913658142,0
43.59963488578797,0
43.60676765441895,0
43.60679960250855,0
43.607964277267456,0
43.60799527168274,0
43.608044147491455,0
43.60808801651001,0
43.610557317733765,0
43.61064457893372,0
43.61103367805481,0
43.61155462265015,0
43.6194806098938,0
43.61951398849487,0
43.61955237388611,0
43.63171863555908,0
43.63723874092102,0
43.637306451797485,0
43.63911461830139,0
43.639137983322144,0
43.63921451568604,0
43.63967514038086,0
43.63969969749451,0
43.63977122306824,0
43.65484976768494,0
43.65498375892639,0
43.655049085617065,0
43.65507507324219,0
43.66119456291199,0
43.661197900772095,0
43.6612401008606,0
43.67970561981201,0
43.67974281311035,0
43.679757595062256,0
43.6895170211792,0
43.68952345848084,0
43.68984627723694,0
43.69067001342773,0
43.69824695587158,0
43.69826817512512,0
43.698315143585205,0
43.69835257530213,0
43.69958019256592,0
43.699604511260986,0
43.69960856437683,0
43.70775127410889,0
43.72227096557617,0
43.72233176231384,0
43.72237849235535,0
43.72242426872253,0
43.72247099876404,0
43.72251534461975,0
43.7225615978241,0
43.722654819488525,0
43.722699880599976,0
43.7227463722229,0
43.740148067474365,0
43.74024510383606,0
43.74026918411255,0
43.745970726013184,0
43.74601268768311,0
43.74829459190369,0
43.74835538864136,0
43.74921083450317,0
43.75112962722778,0
43.760650396347046,0
43.76070308685303,0
43.76078414916992,0
43.77870440483093,0
43.779700756073,0
43.779749393463135,0
43.77994251251221,0
43.80013728141785,0
43.80017161369324,0
43.80081820487976,0
43.80884528160095,0
43.8088641166687,0
43.811633586883545,0
43.81166291236877,0
43.81332039833069,0
43.81339597702026,0
43.81341600418091,0
43.81352686882019,0
43.81354236602783,0
43.821271657943726,0
43.82131552696228,0
43.821330308914185,0
43.82216930389404,0
43.8221697807312,0
43.82218527793884,0
43.822234869003296,0
43.823293685913086,0
43.82332849502564,0
43.8234748840332,0
43.82384729385376,0
43.83970928192139,0
43.83975982666016,0
43.83978080749512,0
43.85988020896912,0
43.85992741584778,0
43.85994601249695,0
43.88044762611389,0
43.88049268722534,0
43.88060808181763,0
43.89959740638733,0
43.89967560768128,0
43.89970350265503,0
43.90678381919861,0
43.90684962272644,0
43.9068546295166,0
43.90687608718872,0
43.910301208496094,0
43.91038131713867,0
43.91040802001953,0
43.91049838066101,0
43.91124749183655,0
43.91304540634155,0
43.91310906410217,0
43.91600966453552,0
43.919827699661255,0
43.9198899269104,0
43.91989421844482,0
43.93880343437195,0
43.93885660171509,0
43.938876152038574,0
43.939162731170654,0
43.94089674949646,0
43.9409248828888,0
43.940995931625366,0
43.9421911239624,0
43.9422652721405,0
43.94231653213501,0
43.95841932296753,0
43.95853924751282,0
43.96064686775208,0
43.96068549156189,0
43.96076154708862,0
43.96181702613831,0
43.96187496185303,0
43.98005151748657,0
43.98017811775208,0
43.98020339012146,0
43.998454332351685,0
44.00002598762512,0
44.00007343292236,0
44.00009512901306,0
44.00519156455994,0
44.00887703895569,0
44.01997089385986,0
44.02001595497131,0
44.02019238471985,0
44.02104163169861,0
44.02106380462647,0
44.02288746833801,0
44.02293014526367,0
44.02624869346619,0
44.02629256248474,0
44.02651977539063,0
44.02656388282776,0
44.02667832374573,0
44.02671957015991,0
44.02869772911072,0
44.02982997894287,0
44.03196024894714,0
44.0397207736969,0
44.039769887924194,0
44.04030561447144,0
44.04427909851074,0
44.04457592964173,0
44.04500269889832,0
44.045581102371216,0
44.04903531074524,0
44.04906964302063,0
44.04960179328919,0
44.05085253715515,0
44.0508885383606,0
44.052398443222046,0
44.05245971679688,0
44.06171298027039,0
44.06175923347473,0
44.06187319755554,0
44.06794309616089,0
44.06798243522644,0
44.06800198554993,0
44.07082200050354,0
44.07088565826416,0
44.07158660888672,0
44.07163453102112,0
44.0718629360199,0
44.08043909072876,0
44.080443143844604,0
44.080599784851074,0
44.084248065948486,0
44.08731436729431,0
44.08742070198059,0
44.087581157684326,0
44.0908727645874,0
44.09100699424744,0
44.09113812446594,0
44.103994607925415,0
44.10401034355164,0
44.104076862335205,0
44.10433840751648,0
44.11944222450256,0
44.1194760799408,0
44.11952161788941,0
44.12843823432922,0
44.12917590141296,0
44.1291778087616,0
44.12976050376892,0
44.13294911384583,0
44.13307499885559,0
44.13342785835266,0
44.13421320915222,0
44.13424611091614,0
44.13564348220825,0
44.13569593429565,0
44.13951230049133,0
44.139551639556885,0
44.139612674713135,0
44.15642404556274,0
44.15977478027344,0
44.1597945690155,0
44.15981197357178,0
44.1808226108551,0
44.18090558052063,0
44.18093132972717,0
44.20164251327515,0
44.20169162750244,0
44.20469617843628,0
44.20500159263611,0
44.20506381988525,0
44.20513916015625,0
44.20517873764038,0
44.20529508590698,0
44.205344438552856,0
44.20539999008179,0
44.20677304267883,0
44.20849394798279,0
44.20929217338562,0
44.220123291015625,0
44.22018766403198,0
44.22021126747131,0
44.22609448432922,0
44.22647356987,0
44.23183178901672,0
44.23188328742981,0
44.23195147514343,0
44.23201560974121,0
44.232250452041626,0
44.23233294487,0
44.232364654541016,0
44.23407626152039,0
44.23414611816406,0
44.23762369155884,0
44.237706422805786,0
44.24012351036072,0
44.2401909828186,0
44.24021673202515,0
44.258254051208496,0
44.260295152664185,0
44.26067042350769,0
44.261138677597046,0
44.2799711227417,0
44.28032088279724,0
44.280356645584106,0
44.2890899181366,0
44.2891161441803,0
44.289161682128906,0
44.289198875427246,0
44.29168200492859,0
44.29169607162476,0
44.29233360290527,0
44.29333281517029,0
44.29392099380493,0
44.293925762176514,0
44.29395127296448,0
44.294835567474365,0
44.29489231109619,0
44.294955253601074,0
44.29702353477478,0
44.29979658126831,0
44.29979848861694,0
44.30010914802551,0
44.31986880302429,0
44.32062792778015,0
44.32065558433533,0
44.33999562263489,0
44.340041160583496,0
44.340740442276,0
44.34376072883606,0
44.34380578994751,0
44.3438286781311,0
44.343914270401,0
44.347670793533325,0
44.347697257995605,0
44.34780168533325,0
44.3597526550293,0
44.35982084274292,0
44.35984396934509,0
44.380375146865845,0
44.38200736045837,0
44.38205671310425,0
44.40106558799744,0
44.401883602142334,0
44.40201783180237,0
44.4088819026947,0
44.40892577171326,0
44.41047954559326,0
44.41054677963257,0
44.41432094573975,0
44.41974496841431,0
44.41979217529297,0
44.41981101036072,0
44.44007921218872,0
44.44019031524658,0
44.44023132324219,0
44.45683002471924,0
44.45733761787415,0
44.4602952003479,0
44.46034932136536,0
44.46035480499268,0
44.48026633262634,0
44.4802987575531,0
44.48087024688721,0
44.49492955207825,0
44.495444774627686,0
44.49572134017944,0
44.4957582950592,0
44.49892997741699,0
44.49895548820496,0
44.4989755153656,0
44.50009346008301,0
44.50011777877808,0
44.500134229660034,0
44.501023054122925,0
44.5027379989624,0
44.50748610496521,0
44.50799703598023,0
44.50951600074768,0
44.50957250595093,0
44.510390281677246,0
44.5197229385376,0
44.51975750923157,0
44.520843744277954,0
44.52981448173523,0
44.53100252151489,0
44.53103995323181,0
44.53150177001953,0
44.53409576416016,0
44.534264087677,0
44.53531098365784,0
44.53980541229248,0
44.539838552474976,0
44.53991913795471,0
44.54201292991638,0
44.542041301727295,0
44.54273819923401,0
44.543089151382446,0
44.54354572296143,0
44.543996810913086,0
44.54402256011963,0
44.54411768913269,0
44.54420518875122,0
44.548987865448,0
44.54912757873535,0
44.54991006851196,0
44.55782055854797,0
44.55794954299927,0
44.55797100067139,0
44.55957794189453,0
44.559637784957886,0
44.5599479675293,0
44.56138968467712,0
44.59741830825806,0
44.597434759140015,0
44.59745216369629,0
44.59979677200317,0
44.59982919692993,0
44.60011887550354,0
44.60676026344299,0
44.60677671432495,0
44.60820531845093,0
44.60998296737671,0
44.60999250411987,0
44.610010623931885,0
44.61643886566162,0
44.61654543876648,0
44.62018299102783,0
44.620394468307495,0
44.620596170425415,0
44.62077403068543,0
44.62274765968323,0
44.62284255027771,0
44.62318921089173,0
44.62382388114929,0
44.62386512756348,0
44.63039469718933,0
44.63041996955872,0
44.630422592163086,0
44.63881874084473,0
44.63899087905884,0
44.641148805618286,0
44.641170263290405,0
44.6421492099762,0
44.65332579612732,0
44.65336179733277,0
44.65362501144409,0
44.65646409988403,0
44.65661835670471,0
44.65697503089905,0
44.65700435638428,0
44.67420244216919,0
44.67423892021179,0
44.67445516586304,0
44.67898654937744,0
44.67901825904846,0
44.680710792541504,0
44.689820289611816,0
44.68983173370361,0
44.68984937667847,0
44.69585990905762,0
44.708446741104126,0
44.70847535133362,0
44.70855474472046,0
44.72800374031067,0
44.73077821731568,0
44.732303619384766,0
44.73234343528748,0
44.73247790336609,0
44.73259115219116,0
44.73261332511902,0
44.732656717300415,0
44.73271560668945,0
44.73276400566101,0
44.73294997215271,0
44.73305654525757,0
44.73597693443298,0
44.736008167266846,0
44.74642825126648,0
44.752317667007446,0
44.7523365020752,0
44.7524311542511,0
44.75245189666748,0
44.752501487731934,0
44.75260591506958,0
44.75265288352966,0
44.75365567207336,0
44.75382328033447,0
44.75465941429138,0
44.75517773628235,0
44.75535273551941,0
44.75536322593689,0
44.75537729263306,0
44.76197409629822,0
44.76219439506531,0
44.76233959197998,0
44.76313352584839,0
44.77009892463684,0
44.77041983604431,0
44.771023750305176,0
44.77105712890625,0
44.77500581741333,0
44.775066614151,0
44.775102853775024,0
44.77973294258118,0
44.77978110313416,0
44.77978467941284,0
44.7798011302948,0
44.78058075904846,0
44.78060960769653,0
44.799466609954834,0
44.79960036277771,0
44.800106048583984,0
44.815711975097656,0
44.82234978675842,0
44.82240438461304,0
44.82254576683045,0
44.8358051776886,0
44.835922718048096,0
44.83932566642761,0
44.839587688446045,0
44.84003281593323,0
44.84005570411682,0
44.84188532829285,0
44.841906785964966,0
44.84212374687195,0
44.8601598739624,0
44.860209941864014,0
44.86274719238281,0
44.86475372314453,0
44.86555194854736,0
44.86558556556702,0
44.86980700492859,0
44.87019467353821,0
44.87365913391113,0
44.87369751930237,0
44.88613271713257,0
44.886170864105225,0
44.88618469238281,0
44.89790487289429,0
44.90060925483704,0
44.90061259269714,0
44.90098595619202,0
44.90121102333069,0
44.90343523025513,0
44.90766358375549,0
44.90768933296204,0
44.9077525138855,0
44.90777158737183,0
44.91080212593079,0
44.91084098815918,0
44.91093730926514,0
44.91228556632996,0
44.91409206390381,0
44.91965556144714,0
44.91969156265259,0
44.920727491378784,0
44.936476707458496,0
44.93963551521301,0
44.93967819213867,0
44.94013500213623,0
44.960647106170654,0
44.96069884300232,0
44.96120691299439,0
44.9744930267334,0
44.97455644607544,0
44.9747302532196,0
44.974756717681885,0
44.97477746009827,0
44.97506618499756,0
44.97509121894837,0
44.97512149810791,0
44.97667455673218,0
44.97720503807068,0
44.977285623550415,0
44.979658365249634,0
44.97970247268677,0
44.97978734970093,0
44.99230647087097,0
44.99838066101074,0
44.998634815216064,0
45.00006556510925,0
45.0001015663147,0
45.00016927719116,0
45.00345373153687,0
45.00348901748657,0
45.00353670120239,0
45.00366830825806,0
45.0043215751648,0
45.00458788871765,0
45.00535678863525,0
45.00604486465454,0
45.00618195533752,0
45.00630497932434,0
45.006427526474,0
45.00771903991699,0
45.00819230079651,0
45.00837063789368,0
45.00864458084106,0
45.01521420478821,0
45.01961326599121,0
45.01965665817261,0
45.0196681022644,0
45.05595397949219,0
45.05596685409546,0
45.05670666694641,0
45.0673258304596,0
45.07284045219421,0
45.07292675971985,0
45.07295656204224,0
45.07410430908203,0
45.07412433624268,0
45.07451176643372,0
45.07453322410584,0
45.07455730438232,0
45.078859090805054,0
45.07889485359192,0
45.07893586158752,0
45.079164266586304,0
45.079182624816895,0
45.08089637756348,0
45.09102463722229,0
45.09105587005615,0
45.091068983078,0
45.10419678688049,0
45.10421562194824,0
45.10426545143128,0
45.10450053215027,0
45.10481452941895,0
45.10484647750855,0
45.10493540763855,0
45.11489510536194,0
45.11492538452149,0
45.11506962776184,0
45.13050127029419,0
45.1305296421051,0
45.13054442405701,0
45.13722825050354,0
45.14133477210999,0
45.14184832572937,0
45.1418764591217,0
45.141915798187256,0
45.1531674861908,0
45.15322399139404,0
45.15326237678528,0
45.1614785194397,0
45.1615002155304,0
45.161571741104126,0
45.16323232650757,0
45.16326332092285,0
45.16757535934448,0
45.16777086257935,0
45.17328906059265,0
45.17340469360352,0
45.17345213890076,0
45.18392753601074,0
45.18590879440308,0
45.18737173080444,0
45.1913788318634,0
45.19140958786011,0
45.19142270088196,0
45.20877289772034,0
45.20913624763489,0
45.20998167991638,0
45.21000838279724,0
45.21010899543762,0
45.21011281013489,0
45.21191835403442,0
45.21198487281799,0
45.21202564239502,0
45.21402311325073,0
45.214072465896606,0
45.21411323547363,0
45.21412992477417,0
45.22279357910156,0
45.226088523864746,0
45.22613143920898,0
45.226147174835205,0
45.22619128227234,0
45.22622227668762,0
45.22626543045044,0
45.22973895072937,0
45.22976613044739,0
45.22977662086487,0
45.24580121040344,0
45.24605393409729,0
45.24816703796387,0
45.248563289642334,0
45.25127649307251,0
45.25129842758179,0
45.25130772590637,0
45.251357316970825,0
45.2531328201294,0
45.253175497055054,0
45.25323867797852,0
45.25337862968445,0
45.25342512130737,0
45.25368881225586,0
45.27135229110718,0
45.27346444129944,0
45.27348971366882,0
45.273518800735474,0
45.275620460510254,0
45.277549028396606,0
45.28003478050232,0
45.28038573265076,0
45.28047275543213,0
45.29396200180054,0
45.29398965835571,0
45.2940354347229,0
45.29443883895874,0
45.29757761955261,0
45.2976062297821,0
45.29761028289795,0
45.298487424850464,0
45.29955887794495,0
45.29960179328919,0
45.2996244430542,0
45.30154609680176,0
45.32001376152039,0
45.32004380226135,0
45.32008528709412,0
45.33420372009277,0
45.33958268165589,0
45.33962059020996,0
45.3396360874176,0
45.359708309173584,0
45.35977292060852,0
45.35990571975708,0
45.37727093696594,0
45.37735843658447,0
45.37740898132324,0
45.3775155544281,0
45.38093400001526,0
45.38097047805786,0
45.38116002082825,0
45.38121509552002,0
45.38121628761292,0
45.3812427520752,0
45.38338613510132,0
45.3838095664978,0
45.38558602333069,0
45.3856360912323,0
45.38688015937805,0
45.39775109291077,0
45.397754192352295,0
45.399640798568726,0
45.39965772628784,0
45.39995789527893,0
45.39998769760132,0
45.40031552314758,0
45.40034437179565,0
45.400389194488525,0
45.42150950431824,0
45.42151117324829,0
45.421552658081055,0
45.42226338386536,0
45.42230796813965,0
45.42235732078552,0
45.42803049087525,0
45.439515590667725,0
45.43955874443054,0
45.43957328796387,0
45.44346070289612,0
45.443634033203125,0
45.44364905357361,0
45.44366216659546,0
45.44528388977051,0
45.44530987739563,0
45.445578813552856,0
45.4455943107605,0
45.45751237869263,0
45.45821022987366,0
45.45985293388367,0
45.45987629890442,0
45.4599130153656,0
45.46063470840454,0
45.479413986206055,0
45.47944641113281,0
45.4958291053772,0
45.495840311050415,0
45.49585700035095,0
45.495872497558594,0
45.500633239746094,0
45.50064015388489,0
45.50066590309143,0
45.500667095184326,0
45.50067830085754,0
45.50104236602783,0
45.50411295890808,0
45.50415968894959,0
45.5041606426239,0
45.50431180000305,0
45.50548315048218,0
45.50550985336304,0
45.50552296638489,0
45.50574803352356,0
45.50988674163818,0
45.5193452835083,0
45.519373178482056,0
45.520368337631226,0
45.52097129821777,0
45.545546531677246,0
45.54596304893494,0
45.54598331451416,0
45.545995473861694,0
45.546955585479736,0
45.547425746917725,0
45.54745244979858,0
45.54775238037109,0
45.54779505729675,0
45.54834508895874,0
45.54894232749939,0
45.548980474472046,0
45.56491780281067,0
45.56550240516663,0
45.56875014305115,0
45.56922364234924,0
45.569252252578735,0
45.569302558898926,0
45.57266902923584,0
45.57275390625,0
45.57278227806091,0
45.572784423828125,0
45.57948017120361,0
45.58021593093872,0
45.581541776657104,0
45.59068512916565,0
45.5908727645874,0
45.59089136123657,0
45.60801458358765,0
45.60801792144776,0
45.60805153846741,0
45.611849784851074,0
45.61356830596924,0
45.6155526638031,0
45.63009524345398,0
45.63012886047363,0
45.63019037246704,0
45.64953088760376,0
45.649826526641846,0
45.65124177932739,0
45.65125727653504,0
45.651270389556885,0
45.6512815952301,0
45.65129375457764,0
45.65310525894165,0
45.65325999259949,0
45.65485596656799,0
45.65491247177124,0
45.65493297576904,0
45.6555163860321,0
45.6556875705719,0
45.65789031982422,0
45.657976150512695,0
45.6697256565094,0
45.66978430747986,0
45.6698169708252,0
45.68149638175965,0
45.68887138366699,0
45.68889093399048,0
45.68900084495544,0
45.689018964767456,0
45.69278001785278,0
45.69283080101013,0
45.6928436756134,0
45.69445037841797,0
45.69448709487915,0
45.694854497909546,0
45.712862730026245,0
45.71289849281311,0
45.71291732788086,0
45.71771264076233,0
45.73359370231629,0
45.73370170593262,0
45.73377156257629,0
45.74863743782044,0
45.74870848655701,0
45.74876832962036,0
45.7488214969635,0
45.75524544715881,0
45.75524878501892,0
45.75531506538391,0
45.75633716583252,0
45.75660872459412,0
45.756677865982056,0
45.758060932159424,0
45.75810647010803,0
45.75916934013367,0
45.75952100753784,0
45.760748863220215,0
45.760772943496704,0
45.760878562927246,0
45.76089811325073,0
45.76479887962341,0
45.76513361930847,0
45.7651436328888,0
45.77446579933167,0
45.774493932724,0
45.77455878257752,0
45.77962040901184,0
45.77977991104126,0
45.77980041503906,0
45.780681848526,0
45.811760663986206,0
45.81177544593811,0
45.81179428100586,0
45.81416130065918,0
45.81674599647522,0
45.81680059432984,0
45.81681656837464,0
45.81685519218445,0
45.81691241264343,0
45.8192253112793,0
45.81931114196777,0
45.81958746910095,0
45.820636510849,0
45.82459211349487,0
45.82676911354065,0
45.82680058479309,0
45.82685470581055,0
45.82983684539795,0
45.82989239692688,0
45.82994294166565,0
45.83319354057312,0
45.833221197128296,0
45.83329820632935,0
45.83453106880188,0
45.83455109596253,0
45.83578372001648,0
45.83587336540222,0
45.851316928863525,0
45.85134625434876,0
45.851412296295166,0
45.873666524887085,0
45.8736686706543,0
45.873695611953735,0
45.8761887550354,0
45.891053438186646,0
45.8910858631134,0
45.89147400856018,0
45.9145188331604,0
45.91455149650574,0
45.91459250450134,0
45.92931365966797,0
45.92933201789856,0
45.92939257621765,0
45.9335880279541,0
45.93361759185791,0
45.93363356590271,0
45.9336371421814,0
45.93632173538208,0
45.93638968467712,0
45.93648362159729,0
45.937596559524536,0
45.93954610824585,0
45.94030523300171,0
45.95001244544983,0
45.95003747940064,0
45.95008301734924,0
45.96432566642761,0
45.96446585655213,0
45.967305183410645,0
45.96735620498657,0
45.96860289573669,0
45.97027969360352,0
45.97162175178528,0
45.97182512283325,0
45.97211933135986,0
45.97212171554565,0
45.98711943626404,0
45.98714303970337,0
45.98714995384216,0
45.98716378211975,0
45.992483139038086,0
45.99255633354187,0
45.99258494377136,0
46.00469064712525,0
46.004719734191895,0
46.00493407249451,0
46.00613355636597,0
46.00634002685547,0
46.00636053085327,0
46.006372690200806,0
46.00706887245178,0
46.00745987892151,0
46.007482051849365,0
46.00811529159546,0
46.00860786437988,0
46.00863242149353,0
46.0087993144989,0
46.01978397369385,0
46.01979207992554,0
46.01986217498779,0
46.027830839157104,0
46.0334746837616,0
46.0338442325592,0
46.03438591957092,0
46.03463768959045,0
46.03466439247131,0
46.03506278991699,0
46.03803205490112,0
46.03839445114136,0
46.03871893882752,0
46.03925156593323,0
46.03927445411682,0
46.03931856155396,0
46.041178941726685,0
46.041205406188965,0
46.04275751113892,0
46.04280114173889,0
46.059510469436646,0
46.05954885482788,0
46.05980324745178,0
46.07142925262451,0
46.07422208786011,0
46.07577586174011,0
46.08000087738037,0
46.080036878585815,0
46.0801260471344,0
46.08524179458618,0
46.08528423309326,0
46.0855393409729,0
46.08556342124939,0
46.09816884994507,0
46.09818363189697,0
46.09819841384888,0
46.09937644004822,0
46.09971642494202,0
46.09974598884583,0
46.09975814819336,0
46.11967372894287,0
46.119708776474,0
46.11976385116577,0
46.13062381744385,0
46.13065505027771,0
46.13084554672241,0
46.13087701797485,0
46.13367438316345,0
46.1336944103241,0
46.13382482528687,0
46.134939432144165,0
46.13518500328064,0
46.13612055778504,0
46.13614249229431,0
46.13958191871643,0
46.13959455490112,0
46.139628648757935,0
46.15988039970398,0
46.159942626953125,0
46.16006803512573,0
46.16205549240112,0
46.17961883544922,0
46.179662227630615,0
46.17977285385132,0
46.18561172485352,0
46.18565368652344,0
46.188255071640015,0
46.18830156326294,0
46.19048190116882,0
46.19050741195679,0
46.19058656692505,0
46.19064712524414,0
46.19969868659973,0
46.19974064826965,0
46.19980978965759,0
46.20691275596619,0
46.20994567871094,0
46.219645738601685,0
46.219688415527344,0
46.219707012176514,0
46.24130129814148,0
46.24133062362671,0
46.24142098426819,0
46.24961972236633,0
46.24972343444824,0
46.25291419029236,0
46.252960443496704,0
46.25297999382019,0
46.25300049781799,0
46.25321316719055,0
46.25323796272278,0
46.25338935852051,0
46.25541305541992,0
46.25590920448303,0
46.25595045089722,0
46.25595116615296,0
46.257439374923706,0
46.25747895240784,0
46.25761365890503,0
46.25959753990173,0
46.25964045524597,0
46.25999903678894,0
46.260921239852905,0
46.26094961166382,0
46.28027963638306,0
46.28036284446716,0
46.28038740158081,0
46.2826247215271,0
46.28356552124024,0
46.28506350517273,0
46.30493760108948,0
46.304940700531006,0
46.304954290390015,0
46.3049738407135,0
46.31032109260559,0
46.31045150756836,0
46.31048202514648,0
46.31050276756287,0
46.311100482940674,0
46.31158638000488,0
46.32111024856568,0
46.32522416114807,0
46.3252272605896,0
46.3306839466095,0
46.33071780204773,0
46.330730676651,0
46.33156371116638,0
46.33160734176636,0
46.3518602848053,0
46.35186266899109,0
46.35190463066101,0
46.35601019859314,0
46.37350344657898,0
46.37355017662048,0
46.37356424331665,0
46.38522553443909,0
46.38525748252869,0
46.38535714149475,0
46.38537383079529,0
46.38686394691467,0
46.386998414993286,0
46.38715839385986,0
46.38893246650696,0
46.39227080345154,0
46.39231276512146,0
46.39240860939026,0
46.410812854766846,0
46.410842418670654,0
46.41085457801819,0
46.4138879776001,0
46.41667985916138,0
46.42276096343994,0
46.423001527786255,0
46.429767370224,0
46.4297981262207,0
46.43016958236694,0
46.443052530288696,0
46.44310998916626,0
46.44316601753235,0
46.44318699836731,0
46.4435625076294,0
46.44362092018128,0
46.44369101524353,0
46.44523048400879,0
46.44549012184143,0
46.44554567337036,0
46.445881843566895,0
46.45539021492005,0
46.45540475845337,0
46.45557117462158,0
46.45575380325317,0
46.45579743385315,0
46.455902099609375,0
46.459805965423584,0
46.45998549461365,0
46.4600031375885,0
46.46003770828247,0
46.463645696640015,0
46.46374869346619,0
46.46384954452515,0
46.472583055496216,0
46.472628355026245,0
46.47264289855957,0
46.47827339172363,0
46.47830820083618,0
46.47834968566895,0
46.47838234901428,0
46.48169827461243,0
46.48171544075012,0
46.48177528381348,0
46.489744901657104,0
46.48979496955872,0
46.489907026290894,0
46.49636197090149,0
46.499523401260376,0
46.49966144561768,0
46.50044369697571,0
46.52257204055786,0
46.522631883621216,0
46.52267527580261,0
46.52362632751465,0
46.52547335624695,0
46.52548861503601,0
46.52554893493652,0
46.526939868927,0
46.53041768074036,0
46.53044581413269,0
46.53046560287476,0
46.55245471000672,0
46.55249524116516,0
46.55260992050171,0
46.55455231666565,0
46.55554795265198,0
46.55558204650879,0
46.55688309669495,0
46.55706286430359,0
46.558592319488525,0
46.57001495361328,0
46.57004618644714,0
46.5700626373291,0
46.5909059047699,0
46.59154796600342,0
46.59157204627991,0
46.5917432308197,0
46.59357953071594,0
46.59360218048096,0
46.59365010261536,0
46.59686613082886,0
46.59690976142883,0
46.59700083732605,0
46.597055196762085,0
46.61394286155701,0
46.6139543056488,0
46.61468386650085,0
46.61708807945252,0
46.61709451675415,0
46.61714124679565,0
46.61718964576721,0
46.61720514297485,0
46.61725401878357,0
46.61837148666382,0
46.6183876991272,0
46.61915040016174,0
46.62802457809448,0
46.62805795669556,0
46.62806987762451,0
46.64073848724365,0
46.64121317863464,0
46.64371633529663,0
46.643781423568726,0
46.64449453353882,0
46.651447772979736,0
46.65144920349121,0
46.651474714279175,0
46.65947437286377,0
46.65950226783752,0
46.65951895713806,0
46.659592390060425,0
46.66238951683045,0
46.66242337226868,0
46.66247749328613,0
46.67538857460022,0
46.67542243003845,0
46.67543578147888,0
46.69109416007996,0
46.69112062454224,0
46.691134214401245,0
46.69436311721802,0
46.70131826400757,0
46.70134329795837,0
46.70309209823608,0
46.70313048362732,0
46.70457696914673,0
46.70460653305054,0
46.70469403266907,0
46.71299910545349,0
46.7130172252655,0
46.71372985839844,0
46.71535754203797,0
46.71538424491882,0
46.715394496917725,0
46.715447425842285,0
46.71662926673889,0
46.71665716171265,0
46.71681070327759,0
46.729504346847534,0
46.72953653335571,0
46.72958517074585,0
46.7399468421936,0
46.73997974395752,0
46.73999238014221,0
46.740450859069824,0
46.740458250045776,0
46.740466833114624,0
46.74047803878784,0
46.75455665588379,0
46.77117228507996,0
46.77118277549744,0
46.77120351791382,0
46.79126715660095,0
46.7912905216217,0
46.79129123687744,0
46.79131484031677,0
46.79374933242798,0
46.79376935958862,0
46.79378867149353,0
46.79577088356018,0
46.79578852653504,0
46.79585075378418,0
46.79632449150085,0
46.81065535545349,0
46.81067991256714,0
46.81069016456604,0
46.81530213356018,0
46.81532955169678,0
46.81754946708679,0
46.817564725875854,0
46.81758093833923,0
46.817596673965454,0
46.82320809364319,0
46.82320928573608,0
46.823442459106445,0
46.824344873428345,0
46.8261821269989,0
46.8308572769165,0
46.830899477005005,0
46.83091616630554,0
46.83543276786804,0
46.83551406860352,0
46.83716654777527,0
46.83722233772278,0
46.85088562965393,0
46.851571798324585,0
46.8515989780426,0
46.85514950752258,0
46.870601654052734,0
46.87063264846802,0
46.87069249153137,0
46.890724182128906,0
46.89077281951904,0
46.89078569412232,0
46.90942358970642,0
46.90945363044739,0
46.90952086448669,0
46.91478180885315,0
46.91480493545532,0
46.914899826049805,0
46.914915561676025,0
46.91805458068848,0
46.91811752319336,0
46.91815519332886,0
46.91863536834717,0
46.92020630836487,0
46.92129302024841,0
46.92658567428589,0
46.92765951156616,0
46.92798328399658,0
46.92811036109924,0
46.92811727523804,0
46.92905426025391,0
46.92907166481018,0
46.930251121521,0
46.93029761314392,0
46.95072507858277,0
46.95076632499695,0
46.95083785057068,0
46.96911358833313,0
46.97155809402466,0
46.97158575057984,0
46.97170114517212,0
46.97618508338928,0
46.97620677947998,0
46.9762704372406,0
46.97628879547119,0
46.978665828704834,0
46.97867393493652,0
46.97872352600098,0
46.97973036766052,0
46.97973084449768,0
46.97976517677307,0
46.97977113723755,0
46.98041677474976,0
46.980448961257935,0
46.980467081069946,0
46.98504781723023,0
46.99080181121826,0
46.99082946777344,0
46.99084281921387,0
46.99954581260681,0
46.99954605102539,0
46.999593019485474,0
47.01164436340332,0
47.01166677474976,0
47.01169538497925,0
47.01171231269837,0
47.01172423362732,0
47.01180338859558,0
47.01182126998901,0
47.01191306114197,0
47.0127546787262,0
47.014861822128296,0
47.02113103866577,0
47.02137804031372,0
47.02360773086548,0
47.02361249923706,0
47.03079175949097,0
47.03080606460571,0
47.03082060813904,0
47.035104751586914,0
47.050023794174194,0
47.05002927780152,0
47.050057888031006,0
47.06680917739868,0
47.06685757637024,0
47.06691598892212,0
47.066938161849976,0
47.07304835319519,0
47.073076009750366,0
47.07309103012085,0
47.07318139076233,0
47.07320022583008,0
47.07330513000488,0
47.073322772979736,0
47.08201718330383,0
47.08214163780213,0
47.082162380218506,0
47.082178831100464,0
47.08466386795044,0
47.08467102050781,0
47.08531928062439,0
47.096020460128784,0
47.0960533618927,0
47.09612321853638,0
47.10880899429321,0
47.108839988708496,0
47.10892462730408,0
47.1281054019928,0
47.13229990005493,0
47.13232922554016,0
47.13262581825256,0
47.13512563705444,0
47.13569402694702,0
47.13571453094482,0
47.13573098182678,0
47.137608766555786,0
47.13767385482788,0
47.13862204551697,0
47.13923525810242,0
47.13926982879639,0
47.142345666885376,0
47.14237093925476,0
47.14919948577881,0
47.149229764938354,0
47.14924240112305,0
47.16094398498535,0
47.16321110725403,0
47.16417407989502,0
47.17138957977295,0
47.17143964767456,0
47.171456813812256,0
47.18769145011902,0
47.18770694732666,0
47.18772172927856,0
47.18776035308838,0
47.191115379333496,0
47.191173791885376,0
47.19121074676514,0
47.19360995292664,0
47.19364643096924,0
47.19373941421509,0
47.20191550254822,0
47.20195317268372,0
47.20196771621704,0
47.20198154449463,0
47.20333170890808,0
47.203372955322266,0
47.20365118980408,0
47.20419764518738,0
47.21277976036072,0
47.21280884742737,0
47.21284151077271,0
47.21900224685669,0
47.2190203666687,0
47.219852685928345,0
47.22007083892822,0
47.220229148864746,0
47.24109196662903,0
47.241153717041016,0
47.24374461174011,0
47.243770599365234,0
47.24609279632568,0
47.24610948562622,0
47.24612641334534,0
47.24614644050598,0
47.24791550636292,0
47.25618624687195,0
47.25622844696045,0
47.25626182556152,0
47.27068138122559,0
47.27071261405945,0
47.27077126502991,0
47.29163956642151,0
47.29170846939087,0
47.292285442352295,0
47.292290449142456,0
47.292328119277954,0
47.29332947731018,0
47.295138359069824,0
47.29859733581543,0
47.317851543426514,0
47.31787180900574,0
47.31788372993469,0
47.32937932014465,0
47.32940983772278,0
47.32944560050965,0
47.33237171173096,0
47.332406759262085,0
47.332799196243286,0
47.33283448219299,0
47.33755302429199,0
47.337669372558594,0
47.33769083023071,0
47.34026408195496,0
47.34241199493408,0
47.34247469902039,0
47.34373593330383,0
47.343751192092896,0
47.350229024887085,0
47.35025215148926,0
47.350295543670654,0
47.37533450126648,0
47.37537312507629,0
47.37543439865112,0
47.39338278770447,0
47.39341330528259,0
47.39342999458313,0
47.41326594352722,0
47.41330075263977,0
47.41337609291077,0
47.42763352394104,0
47.43195056915283,0
47.43196749687195,0
47.43204474449158,0
47.43341112136841,0
47.43353533744812,0
47.43516087532044,0
47.43959403038025,0
47.43968987464905,0
47.43969917297363,0
47.43970561027527,0
47.43971824645996,0
47.439799308776855,0
47.44230890274048,0
47.445290327072144,0
47.44533038139343,0
47.44543743133545,0
47.44649958610535,0
47.44651865959168,0
47.44658875465393,0
47.44804835319519,0
47.44813299179077,0
47.45059871673584,0
47.45115661621094,0
47.451173067092896,0
47.45118570327759,0
47.45633029937744,0
47.456369400024414,0
47.45656085014343,0
47.47195529937744,0
47.472654581069946,0
47.473538637161255,0
47.47987771034241,0
47.48013639450073,0
47.480196952819824,0
47.48121476173401,0
47.49276447296143,0
47.49278926849365,0
47.492849588394165,0
47.492955684661865,0
47.49507236480713,0
47.49509167671204,0
47.49514174461365,0
47.51172351837158,0
47.51318049430847,0
47.513214349746704,0
47.51902866363525,0
47.52878093719482,0
47.52881073951721,0
47.5288245677948,0
47.54458427429199,0
47.54460692405701,0
47.54462289810181,0
47.54474329948425,0
47.55059838294983,0
47.55064558982849,0
47.55064749717712,0
47.55274701118469,0
47.55316972732544,0
47.554009199142456,0
47.554041624069214,0
47.554086446762085,0
47.55479884147644,0
47.5548574924469,0
47.56325435638428,0
47.56554675102234,0
47.566521644592285,0
47.571897745132446,0
47.57193064689636,0
47.57210969924927,0
47.593573570251465,0
47.59358859062195,0
47.59360599517822,0
47.59362077713013,0
47.59451580047608,0
47.59454870223999,0
47.59456491470337,0
47.59877371788025,0
47.59880328178406,0
47.59901905059815,0
47.609198570251465,0
47.60922837257385,0
47.60945105552673,0
47.62938714027405,0
47.62942242622376,0
47.62949275970459,0
47.63090229034424,0
47.63471579551697,0
47.63478755950928,0
47.635986328125,0
47.63599896430969,0
47.636006116867065,0
47.63601922988892,0
47.63997387886048,0
47.64004683494568,0
47.64006948471069,0
47.64226150512695,0
47.64227819442749,0
47.64540076255798,0
47.64541745185852,0
47.6530191898346,0
47.6530556678772,0
47.65305757522583,0
47.66572451591492,0
47.67003965377808,0
47.67234015464783,0
47.67241811752319,0
47.67418265342712,0
47.67511558532715,0
47.68906474113464,0
47.6890857219696,0
47.6891040802002,0
47.68915438652039,0
47.6910080909729,0
47.69102239608765,0
47.69164776802063,0
47.69175124168396,0
47.69176864624024,0
47.69254159927368,0
47.693198680877686,0
47.69323205947876,0
47.69324493408203,0
47.693256855010986,0
47.6938374042511,0
47.69385528564453,0
47.69387316703797,0
47.71293616294861,0
47.71293830871582,0
47.71315383911133,0
47.71950030326843,0
47.71952629089356,0
47.71953773498535,0
47.72578263282776,0
47.735896825790405,0
47.73595952987671,0
47.73596954345703,0
47.7387056350708,0
47.73874521255493,0
47.739067792892456,0
47.739152669906616,0
47.73917460441589,0
47.73927187919617,0
47.7411789894104,0
47.74118137359619,0
47.74192094802856,0
47.74401497840881,0
47.74406051635742,0
47.75467348098755,0
47.75957202911377,0
47.759610176086426,0
47.759626388549805,0
47.77977275848389,0
47.77981662750244,0
47.77989029884338,0
47.782456398010254,0
47.78347110748291,0
47.78351020812988,0
47.78353571891785,0
47.80382561683655,0
47.80387115478516,0
47.80389022827149,0
47.80748963356018,0
47.807494163513184,0
47.80751347541809,0
47.807984828948975,0
47.81100940704346,0
47.81637811660767,0
47.819530725479126,0
47.81956338882446,0
47.819584369659424,0
47.83973526954651,0
47.83978366851807,0
47.83981204032898,0
47.847668409347534,0
47.84815001487732,0
47.84947109222412,0
47.84957814216614,0
47.85552716255188,0
47.8555850982666,0
47.85575914382935,0
47.85593366622925,0
47.85616397857666,0
47.856290340423584,0
47.85645079612732,0
47.86091876029968,0
47.86104893684387,0
47.86113119125366,0
47.86317491531372,0
47.86352491378784,0
47.87812519073486,0
47.87958264350891,0
47.87961530685425,0
47.88079690933228,0
47.89423155784607,0
47.8942506313324,0
47.89430093765259,0
47.8943567276001,0
47.89980959892273,0
47.89983105659485,0
47.8998453617096,0
47.91937708854675,0
47.91941237449646,0
47.91949415206909,0
47.92394542694092,0
47.92399978637695,0
47.92465686798096,0
47.925604581832886,0
47.92652702331543,0
47.927369594573975,0
47.9396550655365,0
47.93969678878784,0
47.94093298912048,0
47.9409716129303,0
47.94099020957947,0
47.94104051589966,0
47.94124388694763,0
47.943334102630615,0
47.943384647369385,0
47.9455714225769,0
47.94567322731018,0
47.9595730304718,0
47.95961785316467,0
47.95974469184876,0
47.968005418777466,0
47.96835947036743,0
47.968610763549805,0
47.96862435340881,0
47.970054149627686,0
47.97009563446045,0
47.97069311141968,0
47.97082424163818,0
47.980379581451416,0
47.98045206069946,0
47.98045301437378,0
47.99980616569519,0
47.99986410140991,0
48.000046730041504,0
48.00151038169861,0
48.00153374671936,0
48.0015344619751,0
48.00156164169312,0
48.00515723228455,0
48.005186557769775,0
48.00534462928772,0
48.017040491104126,0
48.01952624320984,0
48.01956510543823,0
48.01958203315735,0
48.03764724731445,0
48.0399124622345,0
48.03994417190552,0
48.040000200271606,0
48.05336737632752,0
48.053786516189575,0
48.05978322029114,0
48.059834241867065,0
48.05996084213257,0
48.08075571060181,0
48.08092522621155,0
48.08094215393066,0
48.089186668396,0
48.0898973941803,0
48.09103512763977,0
48.09116744995117,0
48.09223985671997,0
48.0928122997284,0
48.09345030784607,0
48.09582829475403,0
48.09647011756897,0
48.09862327575684,0
48.09870171546936,0
48.10010194778442,0
48.10010266304016,0
48.10010576248169,0
48.1006338596344,0
48.10421347618103,0
48.11956524848938,0
48.11960792541504,0
48.11964774131775,0
48.13300180435181,0
48.139625787734985,0
48.1396598815918,0
48.13967561721802,0
48.139694929122925,0
48.139713764190674,0
48.139779567718506,0
48.13978505134583,0
48.14370107650757,0
48.14376401901245,0
48.143842458724976,0
48.14715719223023,0
48.14740157127381,0
48.149418115615845,0
48.14949083328247,0
48.15621590614319,0
48.15989947319031,0
48.15996026992798,0
48.16124510765076,0
48.17954516410828,0
48.17958426475525,0
48.1798038482666,0
48.18230891227722,0
48.18257164955139,0
48.18282604217529,0
48.182865142822266,0
48.18633198738098,0
48.186394691467285,0
48.18648338317871,0
48.1989016532898,0
48.19975423812866,0
48.19980525970459,0
48.19982385635376,0
48.199835538864136,0
48.200913429260254,0
48.20095944404602,0
48.202128887176514,0
48.20214223861694,0
48.20236420631409,0
48.21986365318298,0
48.21990466117859,0
48.21992349624634,0
48.22763395309448,0
48.23461198806763,0
48.23465061187744,0
48.23586773872376,0
48.23708939552307,0
48.238038301467896,0
48.23823165893555,0
48.2383725643158,0
48.23852229118347,0
48.23859119415283,0
48.24423885345459,0
48.24439334869385,0
48.246867179870605,0
48.2469322681427,0
48.24779534339905,0
48.24896764755249,0
48.24899196624756,0
48.2490029335022,0
48.250014781951904,0
48.25465369224548,0
48.26932430267334,0
48.26934146881104,0
48.26956701278687,0
48.28404402732849,0
48.28406476974487,0
48.28458738327026,0
48.2854630947113,0
48.288902044296265,0
48.289570331573486,0
48.28960919380188,0
48.29313087463379,0
48.29316258430481,0
48.293190002441406,0
48.31220626831055,0
48.31223917007446,0
48.31267786026001,0
48.3141348361969,0
48.330153465271,0
48.33019924163818,0
48.33021545410156,0
48.351205348968506,0
48.35127639770508,0
48.35131788253784,0
48.35520458221436,0
48.35523748397827,0
48.35525321960449,0
48.35527229309082,0
48.3565673828125,0
48.35663461685181,0
48.35738658905029,0
48.35818266868591,0
48.35883378982544,0
48.35939049720764,0
48.35944652557373,0
48.36016130447388,0
48.36100888252258,0
48.36448645591736,0
48.36937236785889,0
48.36939573287964,0
48.36942672729492,0
48.38837099075317,0
48.38838505744934,0
48.38866853713989,0
48.388734102249146,0
48.38983106613159,0
48.389867544174194,0
48.38991355895996,0
48.39092969894409,0
48.39110732078552,0
48.39136338233948,0
48.40275239944458,0
48.40514254570007,0
48.41068482398987,0
48.41071772575378,0
48.41142630577088,0
48.41464352607727,0
48.42820811271668,0
48.4282615184784,0
48.42829513549805,0
48.44980192184448,0
48.450220584869385,0
48.45094704627991,0
48.45146703720093,0
48.451956033706665,0
48.451985359191895,0
48.45217943191528,0
48.45358467102051,0
48.45366406440735,0
48.45368361473084,0
48.45375108718872,0
48.45379185676575,0
48.4552640914917,0
48.4553439617157,0
48.45895290374756,0
48.45897364616394,0
48.46180486679077,0
48.46183753013611,0
48.46185064315796,0
48.461915254592896,0
48.46595811843872,0
48.46598029136658,0
48.466044664382935,0
48.47445297241211,0
48.47485113143921,0
48.47493624687195,0
48.47787737846375,0
48.48086380958557,0
48.48088598251343,0
48.48089957237244,0
48.50591540336609,0
48.50639319419861,0
48.506425619125366,0
48.5064423084259,0
48.51135516166687,0
48.51138305664063,0
48.5114209651947,0
48.51249599456787,0
48.512863636016846,0
48.512890338897705,0
48.512906074523926,0
48.52640080451965,0
48.52640104293823,0
48.52660274505615,0
48.53581261634827,0
48.53584551811218,0
48.535860538482666,0
48.53587770462036,0
48.539464235305786,0
48.53952980041504,0
48.53954887390137,0
48.53962469100952,0
48.539679288864136,0
48.54065656661987,0
48.54070258140564,0
48.55035591125488,0
48.551020860672,0
48.551048278808594,0
48.56984400749207,0
48.57034230232239,0
48.57036972045898,0
48.57046675682068,0
48.57678651809693,0
48.57701730728149,0
48.57703495025635,0
48.57705116271973,0
48.589887857437134,0
48.58991503715515,0
48.58992958068848,0
48.59677958488464,0
48.59682106971741,0
48.59855604171753,0
48.60260796546936,0
48.60380697250366,0
48.60405349731445,0
48.607709646224976,0
48.610735177993774,0
48.61078906059265,0
48.6107919216156,0
48.61080384254456,0
48.61081123352051,0
48.610820055007935,0
48.614275217056274,0
48.61431217193604,0
48.61431384086609,0
48.6305742263794,0
48.63060450553894,0
48.63070869445801,0
48.63955545425415,0
48.63956046104431,0
48.6418571472168,0
48.641907691955566,0
48.64266991615296,0
48.64963746070862,0
48.64966440200806,0
48.64966869354248,0
48.67175102233887,0
48.67178702354431,0
48.67179107666016,0
48.69217324256897,0
48.69224905967712,0
48.692254066467285,0
48.69426441192627,0
48.69429302215576,0
48.69623327255249,0
48.69626450538635,0
48.69680976867676,0
48.69684100151062,0
48.700191497802734,0
48.70025157928467,0
48.70031309127808,0
48.702513217926025,0
48.70254898071289,0
48.70256686210632,0
48.70257258415222,0
48.70381879806519,0
48.70385241508484,0
48.70386266708374,0
48.70434617996216,0
48.71286582946777,0
48.712868213653564,0
48.71287202835083,0
48.71937608718872,0
48.71940612792969,0
48.71940636634827,0
48.727169036865234,0
48.72724723815918,0
48.7272629737854,0
48.7278048992157,0
48.730538845062256,0
48.730645179748535,0
48.73091697692871,0
48.73229217529297,0
48.73244667053223,0
48.73368740081787,0
48.73368883132935,0
48.73427081108093,0
48.73946952819824,0
48.73953580856323,0
48.73992896080017,0
48.739962100982666,0
48.73997497558594,0
48.739978313446045,0
48.73999261856079,0
48.75417518615723,0
48.75449228286743,0
48.75486969947815,0
48.759963512420654,0
48.76000261306763,0
48.76032876968384,0
48.779700756073,0
48.77971935272217,0
48.7798433303833,0
48.782246589660645,0
48.79952621459961,0
48.80017638206482,0
48.800209283828735,0
48.804983377456665,0
48.805583238601685,0
48.8056206703186,0
48.8057074546814,0
48.81202530860901,0
48.81204295158386,0
48.81206178665161,0
48.81679892539978,0
48.81994986534119,0
48.82008528709412,0
48.82010459899902,0
48.82257056236267,0
48.82258796691895,0
48.82373476028442,0
48.8242461681366,0
48.82427763938904,0
48.824294328689575,0
48.840306758880615,0
48.84034204483032,0
48.84253120422363,0
48.84638333320618,0
48.846423864364624,0
48.84647154808045,0
48.84802722930908,0
48.848103761672974,0
48.84957623481751,0
48.849740982055664,0
48.8595187664032,0
48.85956120491028,0
48.859564781188965,0
48.86748743057251,0
48.87098550796509,0
48.88631749153137,0
48.88639497756958,0
48.88644552230835,0
48.88671541213989,0
48.898078203201294,0
48.8982253074646,0
48.89822578430176,0
48.898353099823,0
48.89996957778931,0
48.90042567253113,0
48.90044808387756,0
48.90226912498474,0
48.902292251586914,0
48.90263366699219,0
48.90389227867127,0
48.90406608581543,0
48.90406703948975,0
48.90449237823486,0
48.90696740150452,0
48.90697884559631,0
48.90701746940613,0
48.90915846824646,0
48.91190767288208,0
48.91932821273804,0
48.91935396194458,0
48.91941738128662,0
48.93648433685303,0
48.93932819366455,0
48.93935799598694,0
48.93942332267761,0
48.95950722694397,0
48.95954513549805,0
48.95956063270569,0
48.96805286407471,0
48.96814846992493,0
48.96817183494568,0
48.96856117248535,0
48.97333455085754,0
48.97355794906616,0
48.97363543510437,0
48.97528028488159,0
48.97534203529358,0
48.97691321372986,0
48.97696900367737,0
48.97770595550537,0
48.97835874557495,0
48.979453563690186,0
48.979490756988525,0
48.979506969451904,0
48.99977111816406,0
48.99982118606568,0
49.00001287460327,0
49.00170087814331,0
49.00800347328186,0
49.008482933044434,0
49.009642124176025,0
49.00967359542847,0
49.00968790054321,0
49.00970649719238,0
49.018634557724,0
49.01865243911743,0
49.018789529800415,0
49.01879858970642,0
49.02003359794617,0
49.020065784454346,0
49.020081996917725,0
49.02096176147461,0
49.04319739341736,0
49.04322075843811,0
49.043296575546265,0
49.04331207275391,0
49.04337000846863,0
49.04342794418335,0
49.04355192184448,0
49.04369902610779,0
49.04374504089356,0
49.04392051696777,0
49.06141948699951,0
49.06147742271423,0
49.06150913238525,0
49.06239557266235,0
49.06242156028748,0
49.063637495040894,0
49.063660621643066,0
49.06433367729187,0
49.079535722732544,0
49.07956314086914,0
49.07968974113464,0
49.09070777893066,0
49.09073352813721,0
49.09280586242676,0
49.092820167541504,0
49.0943865776062,0
49.09438920021057,0
49.09443712234497,0
49.10019588470459,0
49.10021996498108,0
49.10024690628052,0
49.11536407470703,0
49.11963438987732,0
49.11966586112976,0
49.11969923973084,0
49.13934016227722,0
49.13937187194824,0
49.139439821243286,0
49.152575969696045,0
49.155064821243286,0
49.15509486198425,0
49.15509748458862,0
49.155707597732544,0
49.15576219558716,0
49.15580105781555,0
49.15598678588867,0
49.156023025512695,0
49.15690469741821,0
49.156933069229126,0
49.15802383422852,0
49.1580536365509,0
49.15830731391907,0
49.15833139419556,0
49.15927720069885,0
49.15937232971192,0
49.15943241119385,0
49.161401987075806,0
49.16160225868225,0
49.16162276268005,0
49.16205739974976,0
49.179569244384766,0
49.18001437187195,0
49.18028450012207,0
49.18203949928284,0
49.182058811187744,0
49.1820867061615,0
49.184722661972046,0
49.19949698448181,0
49.19953203201294,0
49.19955229759216,0
49.2135546207428,0
49.21360206604004,0
49.21682024002075,0
49.22022080421448,0
49.22025990486145,0
49.2203106880188,0
49.22591853141785,0
49.22596740722656,0
49.22996759414673,0
49.229984998703,0
49.23005747795105,0
49.23007583618164,0
49.23593306541443,0
49.23594522476196,0
49.23595094680786,0
49.23805904388428,0
49.23810791969299,0
49.23961162567139,0
49.240046977996826,0
49.24032783508301,0
49.25945234298706,0
49.25948166847229,0
49.2594940662384,0
49.27936744689941,0
49.27939295768738,0
49.279457330703735,0
49.28868865966797,0
49.28872799873352,0
49.28972268104553,0
49.291088581085205,0
49.291619300842285,0
49.298773527145386,0
49.29878520965576,0
49.29881453514099,0
49.29889464378357,0
49.29967522621155,0
49.299694538116455,0
49.29989814758301,0
49.305137157440186,0
49.30514168739319,0
49.30515503883362,0
49.3128776550293,0
49.31937122344971,0
49.319401264190674,0
49.31941366195679,0
49.33939290046692,0
49.33942484855652,0
49.33943915367127,0
49.34598088264465,0
49.34611511230469,0
49.346118688583374,0
49.34616184234619,0
49.349624156951904,0
49.34978866577149,0
49.34980583190918,0
49.35111141204834,0
49.35114073753357,0
49.35244965553284,0
49.3524751663208,0
49.359700202941895,0
49.359745025634766,0
49.35976433753967,0
49.36680340766907,0
49.36943793296814,0
49.37349343299866,0
49.38020515441895,0
49.38025903701782,0
49.38026523590088,0
49.38949728012085,0
49.38984227180481,0
49.38986301422119,0
49.38987874984741,0
49.39162826538086,0
49.391698122024536,0
49.391717195510864,0
49.39504384994507,0
49.3951575756073,0
49.39517521858215,0
49.39517831802368,0
49.40026807785034,0
49.40026831626892,0
49.400654792785645,0
49.40172529220581,0
49.402007818222046,0
49.402042388916016,0
49.40212678909302,0
49.42007279396057,0
49.42031574249268,0
49.42033505439758,0
49.42746758460999,0
49.42746877670288,0
49.43011951446533,0
49.4301495552063,0
49.43018388748169,0
49.430208921432495,0
49.430245876312256,0
49.43028664588928,0
49.43032002449036,0
49.439825773239136,0
49.439852237701416,0
49.43986749649048,0
49.45966196060181,0
49.45969533920288,0
49.46003746986389,0
49.46133279800415,0
49.4613687992096,0
49.46278500556946,0
49.46285057067871,0
49.46358942985535,0
49.48235273361206,0
49.48239254951477,0
49.4920608997345,0
49.49225831031799,0
49.49229717254639,0
49.49231457710266,0
49.49236607551575,0
49.49239802360535,0
49.49243402481079,0
49.492467403411865,0
49.49773049354553,0
49.498377084732056,0
49.49941611289978,0
49.499460220336914,0
49.49947428703308,0
49.500181913375854,0
49.51998329162598,0
49.519984006881714,0
49.52002334594727,0
49.52771973609924,0
49.52774071693421,0
49.53056335449219,0
49.53103184700012,0
49.53104305267334,0
49.53108668327332,0
49.53121256828308,0
49.53222703933716,0
49.532256841659546,0
49.53388166427612,0
49.53580594062805,0
49.540475606918335,0
49.54060959815979,0
49.5406231880188,0
49.55945491790772,0
49.55945515632629,0
49.559590339660645,0
49.563111782073975,0
49.56806111335754,0
49.568081855773926,0
49.5681414604187,0
49.568190813064575,0
49.5683069229126,0
49.56832623481751,0
49.56861066818237,0
49.58028721809387,0
49.58032703399658,0
49.58041071891785,0
49.59950017929077,0
49.599536657333374,0
49.59983944892883,0
49.61364364624024,0
49.61996984481812,0
49.61997985839844,0
49.62005519866944,0
49.62085580825806,0
49.62085795402527,0
49.62207794189453,0
49.622081995010376,0
49.62209415435791,0
49.62210130691528,0
49.62523627281189,0
49.62526559829712,0
49.62543797492981,0
49.6270797252655,0
49.62711501121521,0
49.62712860107422,0
49.62714195251465,0
49.62936735153198,0
49.62986278533936,0
49.62986755371094,0
49.63158941268921,0
49.63159322738648,0
49.63325381278992,0
49.63348460197449,0
49.63549518585205,0
49.63990092277527,0
49.64017677307129,0
49.640201807022095,0
49.647531032562256,0
49.647555112838745,0
49.647592067718506,0
49.647620677948,0
49.64959406852722,0
49.6496045589447,0
49.6501350402832,0
49.65072154998779,0
49.65950036048889,0
49.659539222717285,0
49.66327857971192,0
49.66827654838562,0
49.679447174072266,0
49.67947959899902,0
49.67951560020447,0
49.68309950828552,0
49.6831283569336,0
49.68314337730408,0
49.683159589767456,0
49.684348344802856,0
49.684380292892456,0
49.6848578453064,0
49.69343852996826,0
49.69982933998108,0
49.69988799095154,0
49.69993758201599,0
49.720449924468994,0
49.72075581550598,0
49.720768213272095,0
49.731781005859375,0
49.73184609413147,0
49.7318594455719,0
49.73187208175659,0
49.73358225822449,0
49.7336323261261,0
49.73367166519165,0
49.73515748977661,0
49.73569536209106,0
49.739396810531616,0
49.73944640159607,0
49.73946809768677,0
49.74326419830322,0
49.7433226108551,0
49.74426007270813,0
49.74593758583069,0
49.75960946083069,0
49.75961136817932,0
49.759642362594604,0
49.77998423576355,0
49.77998495101929,0
49.78003978729248,0
49.790958404541016,0
49.7998161315918,0
49.79985022544861,0
49.80024242401123,0
49.80943727493286,0
49.80969047546387,0
49.81121754646301,0
49.81125569343567,0
49.81127429008484,0
49.81129431724548,0
49.81294846534729,0
49.81296968460083,0
49.813551902771,0
49.81476521492005,0
49.82080364227295,0
49.82122707366944,0
49.82122898101807,0
49.8250036239624,0
49.825008153915405,0
49.82559967041016,0
49.82563161849976,0
49.83946943283081,0
49.83949398994446,0
49.83951115608215,0
49.84498643875122,0
49.845330238342285,0
49.84535455703735,0
49.84626173973084,0
49.84628510475159,0
49.84794807434082,0
49.84797787666321,0
49.85146164894104,0
49.85146188735962,0
49.85148525238037,0
49.85148787498474,0
49.85802245140076,0
49.85803771018982,0
49.85804963111877,0
49.858803033828735,0
49.85943484306336,0
49.85946273803711,0
49.8595244884491,0
49.88669681549072,0
49.88687801361084,0
49.88689589500427,0
49.88888478279114,0
49.888920307159424,0
49.88898324966431,0
49.88902926445007,0
49.88904690742493,0
49.88910937309265,0
49.88915157318115,0
49.89938545227051,0
49.89940166473389,0
49.8994824886322,0
49.91300892829895,0
49.919615030288696,0
49.91965079307556,0
49.91966533660889,0
49.939613580703735,0
49.93968176841736,0
49.939701318740845,0
49.94660472869873,0
49.94664192199707,0
49.94673085212708,0
49.94675540924072,0
49.95121693611145,0
49.951233863830566,0
49.95144534111023,0
49.95254421234131,0
49.95277690887451,0
49.95456123352051,0
49.95464062690735,0
49.95945644378662,0
49.95950126647949,0
49.95953059196472,0
49.97978591918945,0
49.97983384132385,0
49.97985529899597,0
50.00214910507202,0
50.00223445892334,0
50.00228476524353,0
50.0023295879364,0
50.002378702163696,0
50.00464105606079,0
50.01138401031494,0
50.01139569282532,0
50.01141309738159,0
50.011462688446045,0
50.01184868812561,0
50.01192617416382,0
50.01930141448975,0
50.01932311058045,0
50.01967191696167,0
50.0216691493988,0
50.0223069190979,0
50.022339820861816,0
50.02237939834595,0
50.02544546127319,0
50.0263569355011,0
50.03974461555481,0
50.04027342796326,0
50.04028511047363,0
50.040297746658325,0
50.04214286804199,0
50.04217219352722,0
50.04218626022339,0
50.04223561286926,0
50.059489488601685,0
50.059494495391846,0
50.05952978134155,0
50.061821699142456,0
50.061847448349,0
50.06227898597717,0
50.06477856636048,0
50.064802169799805,0
50.0663526058197,0
50.06688618659973,0
50.07976841926575,0
50.07980179786682,0
50.079816579818726,0
50.09203886985779,0
50.09234619140625,0
50.09235239028931,0
50.09237742424011,0
50.09239292144776,0
50.09544491767883,0
50.09558987617493,0
50.09560942649841,0
50.09964847564697,0
50.09968090057373,0
50.09973764419556,0
50.10144805908203,0
50.10145902633667,0
50.10149025917053,0
50.101497173309326,0
50.103275299072266,0
50.10330152511597,0
50.10340428352356,0
50.119537353515625,0
50.11953830718994,0
50.1195924282074,0
50.1280734539032,0
50.13472843170166,0
50.13521981239319,0
50.1355676651001,0
50.13595271110535,0
50.13822269439697,0
50.13822674751282,0
50.14087176322937,0
50.14094567298889,0
50.14102053642273,0
50.14112973213196,0
50.14165043830872,0
50.14175462722778,0
50.14420962333679,0
50.1444354057312,0
50.15502858161926,0
50.1596269607544,0
50.1598687171936,0
50.15988564491272,0
50.17940402030945,0
50.179438829422,0
50.17951703071594,0
50.19596219062805,0
50.19599795341492,0
50.19613075256348,0
50.19615817070007,0
50.19977807998657,0
50.19980025291443,0
50.19981575012207,0
50.201133012771606,0
50.20183444023132,0
50.2025728225708,0
50.20259022712708,0
50.20278453826904,0
50.20670986175537,0
50.2159411907196,0
50.21616744995117,0
50.21976947784424,0
50.21980571746826,0
50.21982717514038,0
50.23940134048462,0
50.23942804336548,0
50.23944425582886,0
50.2453031539917,0
50.24532771110535,0
50.24533867835999,0
50.24535131454468,0
50.248461961746216,0
50.2528772354126,0
50.25331068038941,0
50.25334191322327,0
50.25335216522217,0
50.25335741043091,0
50.25337100028992,0
50.25939917564392,0
50.25942516326904,0
50.259472131729126,0
50.27958679199219,0
50.2798228263855,0
50.279844760894775,0
50.28862595558167,0
50.29284143447876,0
50.29289507865906,0
50.292924880981445,0
50.29299545288086,0
50.29949331283569,0
50.29966497421265,0
50.29990720748901,0
50.30408668518066,0
50.30413103103638,0
50.30434226989746,0
50.309433698654175,0
50.30967879295349,0
50.311368227005005,0
50.31956958770752,0
50.3195960521698,0
50.31962943077088,0
50.33939599990845,0
50.33942437171936,0
50.33944129943848,0
50.353600025177,0
50.35375499725342,0
50.35377264022827,0
50.35378861427307,0
50.35777735710144,0
50.35781383514404,0
50.35782432556152,0
50.358641147613525,0
50.3586733341217,0
50.359230279922485,0
50.35926532745361,0
50.35933184623718,0
50.359981298446655,0
50.36001420021057,0
50.361698150634766,0
50.36173462867737,0
50.36175298690796,0
50.36176753044128,0
50.364067792892456,0
50.36432766914368,0
50.36457347869873,0
50.37992739677429,0
50.37996745109558,0
50.38129878044128,0
50.38188695907593,0
50.39952278137207,0
50.399566411972046,0
50.39963817596436,0
50.41249632835388,0
50.413615465164185,0
50.41527605056763,0
50.41830730438232,0
50.41832256317139,0
50.41836762428284,0
50.41846680641174,0
50.41874074935913,0
50.41875886917114,0
50.41951203346253,0
50.41953158378601,0
50.419811725616455,0
50.42643642425537,0
50.42671751976013,0
50.4269757270813,0
50.43464708328247,0
50.43466305732727,0
50.43467473983765,0
50.43650341033936,0
50.44042778015137,0
50.44042944908142,0
50.440677642822266,0
50.44845700263977,0
50.44847297668457,0
50.44899535179138,0
50.450140714645386,0
50.45015811920166,0
50.455641984939575,0
50.45566439628601,0
50.45937609672546,0
50.459404945373535,0
50.45940899848938,0
50.47933316230774,0
50.479357957839966,0
50.47935938835144,0
50.4945285320282,0
50.49961018562317,0
50.49963808059693,0
50.50145673751831,0
50.51943731307984,0
50.519468545913696,0
50.5196692943573,0
50.5399272441864,0
50.53997850418091,0
50.53999853134155,0
50.5597414970398,0
50.55976343154907,0
50.55981135368347,0
50.573211431503296,0
50.57322454452515,0
50.573254346847534,0
50.573256731033325,0
50.57705950737,0
50.57708168029785,0
50.57752871513367,0
50.5777862071991,0
50.57990431785584,0
50.57990479469299,0
50.57992959022522,0
50.58052968978882,0
50.58056831359863,0
50.58403444290161,0
50.58406472206116,0
50.586450815200806,0
50.595983028411865,0
50.59601330757141,0
50.59602618217468,0
50.59605813026428,0
50.59948682785034,0
50.59951496124268,0
50.599528551101685,0
50.60189986228943,0
50.60193276405335,0
50.601993560791016,0
50.60388422012329,0
50.60392141342163,0
50.60434412956238,0
50.60437822341919,0
50.60627484321594,0
50.60630750656128,0
50.60644507408142,0
50.618415117263794,0
50.61964988708496,0
50.61969256401062,0
50.6196985244751,0
50.63954901695252,0
50.63957762718201,0
50.63958382606506,0
50.64068269729614,0
50.64068579673767,0
50.64625811576843,0
50.64627027511597,0
50.64628028869629,0
50.64629292488098,0
50.64781904220581,0
50.647873640060425,0
50.64788866043091,0
50.64898180961609,0
50.64899492263794,0
50.6555073261261,0
50.655519247055054,0
50.65553069114685,0
50.659348487854,0
50.65937900543213,0
50.6593816280365,0
50.664551973342896,0
50.66675353050232,0
50.679362535476685,0
50.67963743209839,0
50.67965459823608,0
50.6952691078186,0
50.6954071521759,0
50.69542169570923,0
50.6954345703125,0
50.698132038116455,0
50.69814872741699,0
50.698182582855225,0
50.69832372665405,0
50.69930529594421,0
50.69932675361633,0
50.69938826560974,0
50.70001244544983,0
50.717369556427,0
50.7198805809021,0
50.71990823745728,0
50.71997165679932,0
50.72220492362976,0
50.72222137451172,0
50.72226548194885,0
50.72230410575867,0
50.74001669883728,0
50.74004507064819,0
50.74005579948425,0
50.74624180793762,0
50.74625492095947,0
50.74631714820862,0
50.747807025909424,0
50.74797034263611,0
50.749173402786255,0
50.74953818321228,0
50.759488344192505,0
50.75951743125916,0
50.75955390930176,0
50.77959299087525,0
50.77963089942932,0
50.779759883880615,0
50.79948711395264,0
50.79952788352966,0
50.79954409599304,0
50.80373072624207,0
50.81056809425354,0
50.8107898235321,0
50.81178903579712,0
50.81312942504883,0
50.81315755844116,0
50.8132381439209,0
50.81963109970093,0
50.81966805458069,0
50.81968331336975,0
50.82445192337036,0
50.82446885108948,0
50.82448625564575,0
50.83247208595276,0
50.837496280670166,0
50.83751916885376,0
50.837531328201294,0
50.837610721588135,0
50.84089064598084,0
50.84110617637634,0
50.84112882614136,0
50.84846520423889,0
50.84894180297852,0
50.85056757926941,0
50.85059666633606,0
50.85661172866821,0
50.8570351600647,0
50.85730314254761,0
50.85749292373657,0
50.85858941078186,0
50.858617305755615,0
50.85863137245178,0
50.85979747772217,0
50.85982084274292,0
50.85982131958008,0
50.85986065864563,0
50.86012864112854,0
50.87935495376587,0
50.87937831878662,0
50.8793888092041,0
50.88489484786987,0
50.8994038105011,0
50.89942932128906,0
50.89943957328797,0
50.90788698196411,0
50.907941818237305,0
50.90795660018921,0
50.9080502986908,0
50.90962767601013,0
50.909653186798096,0
50.90969634056091,0
50.910071849823,0
50.91957902908325,0
50.91960430145264,0
50.91960692405701,0
50.9295117855072,0
50.93013596534729,0
50.930341720581055,0
50.93041634559631,0
50.935864210128784,0
50.93594121932984,0
50.936007261276245,0
50.93605875968933,0
50.93607783317566,0
50.93612885475159,0
50.93614459037781,0
50.93617653846741,0
50.93989515304565,0
50.940006494522095,0
50.9400315284729,0
50.94165015220642,0
50.95809650421143,0
50.95945739746094,0
50.959468126297,0
50.95951533317566,0
50.964667320251465,0
50.964720487594604,0
50.96669411659241,0
50.96671366691589,0
50.97938871383667,0
50.979418992996216,0
50.979421854019165,0
50.98599600791931,0
50.98601460456848,0
50.98655414581299,0
50.9898681640625,0
50.99946522712708,0
50.99947929382324,0
50.99949669837952,0
51.01524519920349,0
51.016432762146,0
51.019731760025024,0
51.01977062225342,0
51.01978969573975,0
51.02405023574829,0
51.02409648895264,0
51.02657413482666,0
51.026607036590576,0
51.02699041366577,0
51.02702188491821,0
51.03028702735901,0
51.030319690704346,0
51.0309054851532,0
51.031363010406494,0
51.03962731361389,0
51.03965592384338,0
51.03965663909912,0
51.04574108123779,0
51.04575848579407,0
51.046438217163086,0
51.04648160934448,0
51.047094106674194,0
51.05948233604431,0
51.05950856208801,0
51.059518575668335,0
51.06297969818115,0
51.062994956970215,0
51.06300592422485,0
51.06301760673523,0
51.065590143203735,0
51.06560373306274,0
51.06655025482178,0
51.068138122558594,0
51.06816458702088,0
51.06817436218262,0
51.06820726394653,0
51.06994390487671,0
51.06995511054993,0
51.069974422454834,0
51.07965397834778,0
51.079681396484375,0
51.07971215248108,0
51.093470096588135,0
51.1001398563385,0
51.1001718044281,0
51.11754107475281,0
51.11756491661072,0
51.11757469177246,0
51.117578983306885,0
51.11959481239319,0
51.119810342788696,0
51.11988067626953,0
51.122159242630005,0
51.12215948104858,0
51.12276315689087,0
51.13432025909424,0
51.13434839248657,0
51.139732837677,0
51.13975930213928,0
51.1397967338562,0
51.15941143035889,0
51.15944576263428,0
51.1595151424408,0
51.17979168891907,0
51.17982721328735,0
51.17988109588623,0
51.18799543380737,0
51.18806028366089,0
51.18934440612793,0
51.19340515136719,0
51.19361162185669,0
51.19464492797852,0
51.19593954086304,0
51.19599151611328,0
51.196035623550415,0
51.1995108127594,0
51.19954800605774,0
51.19978094100952,0
51.201918840408325,0
51.201939821243286,0
51.20351672172546,0
51.20353865623474,0
51.21558690071106,0
51.21584486961365,0
51.21586465835571,0
51.21595406532288,0
51.22042679786682,0
51.220606327056885,0
51.2206289768219,0
51.22068643569946,0
51.23979926109314,0
51.23983001708984,0
51.239975929260254,0
51.24001812934876,0
51.24181151390076,0
51.24263119697571,0
51.24568915367127,0
51.24570035934448,0
51.25950145721436,0
51.259528160095215,0
51.26521253585816,0
51.27054476737976,0
51.2705774307251,0
51.270606994628906,0
51.271074056625366,0
51.27407908439636,0
51.27408957481384,0
51.27410101890564,0
51.27660918235779,0
51.28014063835144,0
51.28017044067383,0
51.28017258644104,0
51.29966235160828,0
51.29968690872192,0
51.29969739913941,0
51.309587478637695,0
51.30961465835571,0
51.30985951423645,0
51.30990123748779,0
51.31065034866333,0
51.31066417694092,0
51.31111598014832,0
51.311827182769775,0
51.311872720718384,0
51.31188321113586,0
51.31229591369629,0
51.31286287307739,0
51.312885761260986,0
51.312901735305786,0
51.3192617893219,0
51.31928730010986,0
51.31930661201477,0
51.33583903312683,0
51.33586955070496,0
51.337952852249146,0
51.33826231956482,0
51.33972382545471,0
51.33979105949402,0
51.33983540534973,0
51.35489892959595,0
51.359360218048096,0
51.35936689376831,0
51.35939192771912,0
51.379504442214966,0
51.37953519821167,0
51.37954998016357,0
51.38223075866699,0
51.38225769996643,0
51.38249444961548,0
51.38252139091492,0
51.38498282432556,0
51.3850622177124,0
51.38530874252319,0
51.39940810203552,0
51.39941382408142,0
51.39944863319397,0
51.41246914863586,0
51.41469693183899,0
51.415844678878784,0
51.420095682144165,0
51.42012906074524,0
51.420156717300415,0
51.422356605529785,0
51.42240381240845,0
51.424275159835815,0
51.42430806159973,0
51.42432141304016,0
51.42434120178223,0
51.43430209159851,0
51.43431782722473,0
51.43468976020813,0
51.43566679954529,0
51.43845319747925,0
51.43941402435303,0
51.439414739608765,0
51.43944501876831,0
51.441399574279785,0
51.44142770767212,0
51.458693981170654,0
51.458707094192505,0
51.45978927612305,0
51.45981693267822,0
51.45983052253723,0
51.459925174713135,0
51.46546769142151,0
51.465491771698,0
51.46552920341492,0
51.46554446220398,0
51.466723680496216,0
51.4668550491333,0
51.46805381774902,0
51.47971272468567,0
51.47977757453919,0
51.48007893562317,0
51.49954032897949,0
51.4995698928833,0
51.4995813369751,0
51.51943206787109,0
51.51945900917053,0
51.51966738700867,0
51.52749848365784,0
51.53874921798706,0
51.53875994682312,0
51.53879761695862,0
51.53940391540527,0
51.53944110870361,0
51.539469957351685,0
51.53950452804565,0
51.54526925086975,0
51.54527759552002,0
51.54534506797791,0
51.54677295684815,0
51.54679703712464,0
51.550257444381714,0
51.55027198791504,0
51.552950382232666,0
51.55295896530152,0
51.55297589302063,0
51.55297613143921,0
51.5564398765564,0
51.556456089019775,0
51.55650591850281,0
51.559247970581055,0
51.55927276611328,0
51.5592885017395,0
51.579707860946655,0
51.57974100112915,0
51.5797598361969,0
51.58099889755249,0
51.599804401397705,0
51.59980487823486,0
51.59985446929932,0
51.60473299026489,0
51.60478830337525,0
51.60480666160584,0
51.604851722717285,0
51.60498046875,0
51.60502862930298,0
51.60506772994995,0
51.61959934234619,0
51.61963391304016,0
51.62005615234375,0
51.63601183891296,0
51.63998699188232,0
51.6400158405304,0
51.6400260925293,0
51.64213037490845,0
51.642152070999146,0
51.6484808921814,0
51.65020251274109,0
51.65022039413452,0
51.650418281555176,0
51.66072678565979,0
51.66075372695923,0
51.6607825756073,0
51.66282057762146,0
51.662843465805054,0
51.66340041160584,0
51.66444039344788,0
51.66447472572327,0
51.67129063606262,0
51.67131519317627,0
51.67945075035095,0
51.67947626113892,0
51.67951011657715,0
51.69532823562622,0
51.70493531227112,0
51.704991579055786,0
51.70502066612244,0
51.70508193969727,0
51.70513916015625,0
51.705156326293945,0
51.70520782470703,0
51.70531845092773,0
51.706085443496704,0
51.706456422805786,0
51.70649790763855,0
51.70654010772705,0
51.71925449371338,0
51.71928000450134,0
51.71929049491882,0
51.7348222732544,0
51.73935890197754,0
51.73938727378845,0
51.73956537246704,0
51.75935125350952,0
51.75938272476196,0
51.75939583778381,0
51.767085313797,0
51.76711535453797,0
51.76717472076416,0
51.767234802246094,0
51.76961708068848,0
51.76970028877258,0
51.77029871940613,0
51.771403074264526,0
51.77145600318909,0
51.77282118797302,0
51.77287578582764,0
51.773690700531006,0
51.77936840057373,0
51.77940082550049,0
51.779415130615234,0
51.79052877426148,0
51.79858589172363,0
51.8000066280365,0
51.80004239082336,0
51.80013275146485,0
51.80568981170654,0
51.80572175979614,0
51.80728650093079,0
51.80731439590454,0
51.80740571022034,0
51.80742120742798,0
51.80942296981812,0
51.80946612358093,0
51.80984115600586,0
51.81974005699158,0
51.81979656219482,0
51.81981420516968,0
51.82687997817993,0
51.8269202709198,0
51.82693552970886,0
51.82720112800598,0
51.832671880722046,0
51.83268713951111,0
51.83270311355591,0
51.83283305168152,0
51.840330362319946,0
51.84076189994812,0
51.84116125106812,0
51.84190917015076,0
51.84620094299317,0
51.84622406959534,0
51.84648108482361,0
51.84807848930359,0
51.84854459762573,0
51.84910273551941,0
51.860419034957886,0
51.86044144630432,0
51.86045408248901,0
51.86432814598084,0
51.864408016204834,0
51.86768054962158,0
51.867692947387695,0
51.869940519332886,0
51.87053465843201,0
51.87095308303833,0
51.880146503448486,0
51.88017439842224,0
51.88171315193176,0
51.88219738006592,0
51.88248372077942,0
51.88251042366028,0
51.882554054260254,0
51.88374018669128,0
51.88377380371094,0
51.88421297073364,0
51.8999981880188,0
51.9000403881073,0
51.90015506744385,0
51.91930246353149,0
51.91942191123962,0
51.919522523880005,0
51.929811000823975,0
51.93729209899902,0
51.93801760673523,0
51.93802809715271,0
51.93803000450134,0
51.9383499622345,0
51.93837547302246,0
51.938411235809326,0
51.93946862220764,0
51.9394965171814,0
51.93950891494751,0
51.94212102890015,0
51.94213962554932,0
51.943761348724365,0
51.943761587142944,0
51.9593677520752,0
51.9593985080719,0
51.95941114425659,0
51.9731011390686,0
51.9793803691864,0
51.97941064834595,0
51.97947907447815,0
51.99980926513672,0
51.99984693527222,0
52.000078201293945,0
52.00216364860535,0
52.00275373458862,0
52.0027539730072,0
52.00280165672302,0
52.00732374191284,0
52.00737953186035,0
52.007447242736816,0
52.00822472572327,0
52.0101580619812,0
52.01099824905396,0
52.01946520805359,0
52.01949596405029,0
52.01955270767212,0
52.03904485702515,0
52.03932285308838,0
52.03934359550476,0
52.03935408592224,0
52.05966758728027,0
52.05993008613586,0
52.06008005142212,0
52.074076652526855,0
52.07534098625183,0
52.07561492919922,0
52.07563805580139,0
52.07564926147461,0
52.07592701911926,0
52.0794894695282,0
52.07988142967224,0
52.079896450042725,0
52.08142137527466,0
52.081432819366455,0
52.08288645744324,0
52.08491849899292,0
52.0850625038147,0
52.08509039878845,0
52.08509063720703,0
52.09110927581787,0
52.09116244316101,0
52.09118366241455,0
52.0912024974823,0
52.09433150291443,0
52.09434342384338,0
52.09435749053955,0
52.09506702423096,0
52.101895809173584,0
52.10193586349487,0
52.1019492149353,0
52.11945462226868,0
52.11948180198669,0
52.11949300765991,0
52.12865447998047,0
52.12867951393128,0
52.1287202835083,0
52.12876391410828,0
52.131659269332886,0
52.13172745704651,0
52.13175654411316,0
52.13192820549011,0
52.13487267494202,0
52.13490271568298,0
52.1381094455719,0
52.13817739486694,0
52.13958835601807,0
52.13961458206177,0
52.139636516571045,0
52.14031100273132,0
52.14241576194763,0
52.15932941436768,0
52.15935897827149,0
52.15944242477417,0
52.17984414100647,0
52.17987847328186,0
52.17989301681519,0
52.18371057510376,0
52.18804359436035,0
52.18814134597778,0
52.188215017318726,0
52.18823218345642,0
52.199971199035645,0
52.19999742507935,0
52.20004081726074,0
52.200881481170654,0
52.20090818405152,0
52.2014844417572,0
52.20309686660767,0
52.219452142715454,0
52.219483613967896,0
52.219523429870605,0
52.23320007324219,0
52.23350358009338,0
52.23398923873901,0
52.23400330543518,0
52.23401427268982,0
52.2340259552002,0
52.2365837097168,0
52.236610412597656,0
52.23661184310913,0
52.23735427856445,0
52.23738932609558,0
52.24076247215271,0
52.24078607559204,0
52.24127459526062,0
52.24506330490112,0
52.24509167671204,0
52.25986623764038,0
52.25988745689392,0
52.25990152359009,0
52.27946543693543,0
52.279494285583496,0
52.27950644493103,0
52.28483867645264,0
52.289243936538696,0
52.28924608230591,0
52.28927183151245,0
52.28927302360535,0
52.2914764881134,0
52.29150414466858,0
52.29150533676148,0
52.294463872909546,0
52.29448938369751,0
52.29449915885925,0
52.2945351600647,0
52.295854568481445,0
52.29588055610657,0
52.29592847824097,0
52.29942011833191,0
52.29944682121277,0
52.29945874214173,0
52.31936693191528,0
52.31939196586609,0
52.31955313682556,0
52.323572874069214,0
52.3282687664032,0
52.32829451560974,0
52.32830548286438,0
52.32831788063049,0
52.332634925842285,0
52.33309268951416,0
52.33331084251404,0
52.33634424209595,0
52.336657762527466,0
52.33844947814941,0
52.33847451210022,0
52.3393988609314,0
52.33941864967346,0
52.33947992324829,0
52.35718536376953,0
52.3580367565155,0
52.3589506149292,0
52.3593647480011,0
52.35939288139343,0
52.359548807144165,0
52.37932538986206,0
52.37935280799866,0
52.37936806678772,0
52.38500809669495,0
52.38715362548828,0
52.38717436790466,0
52.38727188110352,0
52.38734698295593,0
52.387391090393066,0
52.387409925460815,0
52.399714946746826,0
52.39975047111511,0
52.39980745315552,0
52.40533471107483,0
52.40745520591736,0
52.40822696685791,0
52.41446375846863,0
52.41446614265442,0
52.4201557636261,0
52.42019391059876,0
52.420273542404175,0
52.43944978713989,0
52.43947625160217,0
52.43948793411255,0
52.44510102272034,0
52.44511365890503,0
52.44517493247986,0
52.44519090652466,0
52.44870328903198,0
52.44874382019043,0
52.4494252204895,0
52.449458360672,0
52.44951391220093,0
52.44965171813965,0
52.44968986511231,0
52.45299005508423,0
52.460166215896606,0
52.46017837524414,0
52.46019983291626,0
52.47931671142578,0
52.479344606399536,0
52.479410886764526,0
52.48191809654236,0
52.48232436180115,0
52.482346057891846,0
52.48235774040222,0
52.48590898513794,0
52.485923051834106,0
52.48649311065674,0
52.49934935569763,0
52.499375104904175,0
52.49942183494568,0
52.511967182159424,0
52.51936626434326,0
52.51939392089844,0
52.51944804191589,0
52.53953528404236,0
52.539565086364746,0
52.53957724571228,0
52.54952192306519,0
52.54953670501709,0
52.5496129989624,0
52.54965257644653,0
52.549824237823486,0
52.549835443496704,0
52.54986882209778,0
52.549954652786255,0
52.54998397827149,0
52.55936908721924,0
52.55940079689026,0
52.55945229530335,0
52.564831256866455,0
52.56489706039429,0
52.56727147102356,0
52.56730341911316,0
52.56779360771179,0
52.56781458854675,0
52.57031154632568,0
52.57039618492127,0
52.57041764259338,0
52.57096862792969,0
52.58047032356262,0
52.58073544502258,0
52.58111500740051,0
52.60002422332764,0
52.60005712509155,0
52.60005760192871,0
52.60007119178772,0
52.60007214546204,0
52.6000759601593,0
52.60010814666748,0
52.60446500778198,0
52.60448479652405,0
52.604607820510864,0
52.611228466033936,0
52.6123948097229,0
52.61996722221375,0
52.61998534202576,0
52.62017869949341,0
52.6370222568512,0
52.64162135124207,0
52.64164996147156,0
52.64168119430542,0
52.65963530540466,0
52.660340309143066,0
52.66036367416382,0
52.66610097885132,0
52.6661102771759,0
52.66816735267639,0
52.66817784309387,0
52.66818857192993,0
52.66820001602173,0
52.67239046096802,0
52.67242908477783,0
52.67246079444885,0
52.67935943603516,0
52.67938709259033,0
52.67942833900452,0
52.6850745677948,0
52.68507742881775,0
52.68675899505615,0
52.68680953979492,0
52.68750739097595,0
52.69946265220642,0
52.69948840141296,0
52.69949817657471,0
52.71185207366944,0
52.71190547943115,0
52.71191501617432,0
52.7119345664978,0
52.71515321731568,0
52.71560049057007,0
52.71588802337647,0
52.71670460700989,0
52.71865510940552,0
52.7199273109436,0
52.71995210647583,0
52.71996212005615,0
52.73431181907654,0
52.734354734420776,0
52.734408140182495,0
52.73442482948303,0
52.73447060585022,0
52.7345073223114,0
52.73454546928406,0
52.73458313941956,0
52.73992133140564,0
52.7399480342865,0
52.73997640609741,0
52.74503231048584,0
52.74505805969238,0
52.74798393249512,0
52.74807691574097,0
52.75955271720886,0
52.75958061218262,0
52.75959277153015,0
52.763190269470215,0
52.76425766944885,0
52.76529502868652,0
52.76870393753052,0
52.76870679855347,0
52.77072072029114,0
52.77075338363648,0
52.77934384346008,0
52.77937006950378,0
52.77938199043274,0
52.784180879592896,0
52.78423142433167,0
52.78450536727905,0
52.7869336605072,0
52.78696393966675,0
52.7869656085968,0
52.786991119384766,0
52.7882661819458,0
52.78830099105835,0
52.78847408294678,0
52.79645776748657,0
52.800838232040405,0
52.80085587501526,0
52.80092287063599,0
52.82020688056946,0
52.82024836540222,0
52.82029986381531,0
52.8203239440918,0
52.82039999961853,0
52.82101249694824,0
52.8210825920105,0
52.82428860664368,0
52.824333906173706,0
52.82435536384583,0
52.82436299324036,0
52.8251531124115,0
52.83580207824707,0
52.83584856987,0
52.83782625198364,0
52.83786725997925,0
52.839897871017456,0
52.83993887901306,0
52.83995652198792,0
52.85306429862976,0
52.86027956008911,0
52.860318183898926,0
52.860336780548096,0
52.87966728210449,0
52.880003213882446,0
52.880178689956665,0
52.89825892448425,0
52.89828634262085,0
52.89832520484924,0
52.8987352848053,0
52.90002298355103,0
52.90005970001221,0
52.90007948875427,0
52.902772426605225,0
52.90355110168457,0
52.90357780456543,0
52.90427875518799,0
52.906113624572754,0
52.91325926780701,0
52.92207622528076,0
52.92213439941406,0
52.92216324806213,0
52.939595222473145,0
52.93963074684143,0
52.93964767456055,0
52.9461133480072,0
52.94624423980713,0
52.94626545906067,0
52.94628429412842,0
52.95131826400757,0
52.951420307159424,0
52.95143103599548,0
52.95228981971741,0
52.95231294631958,0
52.95986723899841,0
52.95989441871643,0
52.96178460121155,0
52.96181893348694,0
52.961878538131714,0
52.96242594718933,0
52.96401858329773,0
52.979594230651855,0
52.97963452339173,0
52.97965168952942,0
52.9975700378418,0
53.0000901222229,0
53.0001368522644,0
53.00030183792114,0
53.00711035728455,0
53.00716710090637,0
53.007235050201416,0
53.00731706619263,0
53.008835315704346,0
53.008936166763306,0
53.01058292388916,0
53.01969265937805,0
53.0199921131134,0
53.020567417144775,0
53.02693843841553,0
53.03980040550232,0
53.04063653945923,0
53.04079055786133,0
53.041635274887085,0
53.04720592498779,0
53.04763960838318,0
53.05744004249573,0
53.05789017677307,0
53.05825471878052,0
53.05828094482422,0
53.06004858016968,0
53.06004881858826,0
53.060088872909546,0
53.061259508132935,0
53.06173634529114,0
53.061768770217896,0
53.079997301101685,0
53.07999897003174,0
53.08000469207764,0
53.09838080406189,0
53.098408699035645,0
53.09870672225952,0
53.09875464439392,0
53.09981203079224,0
53.09993004798889,0
53.09995579719544,0
53.10906982421875,0
53.10911679267883,0
53.10914945602417,0
53.10916447639465,0
53.10972738265991,0
53.10975694656372,0
53.11058688163757,0
53.11106896400452,0
53.11110305786133,0
53.11128854751587,0
53.11150789260864,0
53.11963963508606,0
53.11967968940735,0
53.11968207359314,0
53.1279513835907,0
53.12804126739502,0
53.12877154350281,0
53.13036823272705,0
53.13876628875733,0
53.1398651599884,0
53.13989758491516,0
53.13991141319275,0
53.14028191566467,0
53.14029908180237,0
53.14036130905152,0
53.14217519760132,0
53.1443784236908,0
53.14528703689575,0
53.14533567428589,0
53.14703583717346,0
53.149492263793945,0
53.15942454338074,0
53.1594340801239,0
53.15945172309876,0
53.178343057632446,0
53.179548025131226,0
53.17964243888855,0
53.17965435981751,0
53.20035147666931,0
53.20037508010864,0
53.20046734809876,0
53.200488567352295,0
53.20053744316101,0
53.21953678131104,0
53.21957731246948,0
53.21969294548035,0
53.22216391563416,0
53.2221896648407,0
53.22225785255432,0
53.22230887413025,0
53.227402448654175,0
53.22742533683777,0
53.22745132446289,0
53.22966575622559,0
53.23923015594482,0
53.23925065994263,0
53.24138355255127,0
53.241405963897705,0
53.24141478538513,0
53.241421937942505,0
53.241435289382935,0
53.2532422542572,0
53.260711431503296,0
53.26084327697754,0
53.26085805892944,0
53.27978253364563,0
53.279810428619385,0
53.2798240184784,0
53.28431034088135,0
53.2843234539032,0
53.28444576263428,0
53.284459590911865,0
53.28653526306152,0
53.286548376083374,0
53.286612033844,0
53.28987431526184,0
53.28994131088257,0
53.290069341659546,0
53.29012632369995,0
53.29933834075928,0
53.29934620857239,0
53.29936099052429,0
53.29999756813049,0
53.30017018318176,0
53.30023503303528,0
53.31333374977112,0
53.31979370117188,0
53.31979846954346,0
53.31997871398926,0
53.33948636054993,0
53.33951783180237,0
53.33956146240234,0
53.34423995018005,0
53.34431219100952,0
53.34433126449585,0
53.34735655784607,0
53.347412109375,0
53.34743118286133,0
53.34749293327332,0
53.34866976737976,0
53.34868812561035,0
53.34992456436157,0
53.349977016448975,0
53.359408140182495,0
53.3594388961792,0
53.35945177078247,0
53.363927364349365,0
53.3662178516388,0
53.36734008789063,0
53.37960910797119,0
53.379640340805054,0
53.37967276573181,0
53.3886833190918,0
53.38870406150818,0
53.38875675201416,0
53.38879609107971,0
53.39218044281006,0
53.39222812652588,0
53.39228844642639,0
53.393534898757935,0
53.39953804016113,0
53.39957237243652,0
53.39959335327149,0
53.40101146697998,0
53.41636276245117,0
53.41969275474548,0
53.420323610305786,0
53.42034649848938,0
53.44396781921387,0
53.44402861595154,0
53.4440495967865,0
53.454400300979614,0
53.454416275024414,0
53.45587849617005,0
53.45590853691101,0
53.45592188835144,0
53.45593690872192,0
53.459839820861816,0
53.45988130569458,0
53.45989584922791,0
53.47951245307922,0
53.47955274581909,0
53.4795868396759,0
53.48439908027649,0
53.48442220687866,0
53.48446559906006,0
53.48706865310669,0
53.487109661102295,0
53.49215364456177,0
53.49217653274536,0
53.49953579902649,0
53.49956846237183,0
53.49959206581116,0
53.50231194496155,0
53.51960039138794,0
53.519646406173706,0
53.51966571807861,0
53.52434468269348,0
53.52436327934265,0
53.52438259124756,0
53.52459931373596,0
53.52896046638489,0
53.535584926605225,0
53.53560280799866,0
53.535622119903564,0
53.545318603515625,0
53.54533910751343,0
53.545435428619385,0
53.55080962181091,0
53.55086278915405,0
53.55895471572876,0
53.55899429321289,0
53.561387062072754,0
53.56352353096008,0
53.563556432724,0
53.56357502937317,0
53.5635871887207,0
53.56364345550537,0
53.56372308731079,0
53.5688579082489,0
53.568920612335205,0
53.56892514228821,0
53.5782527923584,0
53.57966065406799,0
53.57969355583191,0
53.57970833778381,0
53.59970688819885,0
53.59970736503601,0
53.59975790977478,0
53.607834339141846,0
53.60810303688049,0
53.60927867889404,0
53.60930681228638,0
53.61306524276733,0
53.61315321922302,0
53.61322331428528,0
53.61328649520874,0
53.61336827278137,0
53.61406326293945,0
53.614985942840576,0
53.617976903915405,0
53.61968874931336,0
53.61973023414612,0
53.619994163513184,0
53.64484071731568,0
53.64489459991455,0
53.64492130279541,0
53.65540790557861,0
53.655622482299805,0
53.65563774108887,0
53.6556568145752,0
53.659990072250366,0
53.6600124835968,0
53.66009116172791,0
53.66232872009277,0
53.6623752117157,0
53.66304397583008,0
53.66306185722351,0
53.66307640075684,0
53.66369652748108,0
53.6641697883606,0
53.66448569297791,0
53.670506715774536,0
53.67997360229492,0
53.68001461029053,0
53.68003392219544,0
53.68999910354614,0
53.7036988735199,0
53.7037136554718,0
53.70386385917664,0
53.70395088195801,0
53.70399236679077,0
53.7040286064148,0
53.70402979850769,0
53.71985626220703,0
53.72033381462097,0
53.72034740447998,0
53.72162413597107,0
53.72166204452515,0
53.722270011901855,0
53.723846197128296,0
53.74007105827332,0
53.74009013175965,0
53.7401077747345,0
53.7423677444458,0
53.74237275123596,0
53.742392778396606,0
53.74239873886109,0
53.747334003448486,0
53.747387647628784,0
53.75691962242127,0
53.7574999332428,0
53.757554054260254,0
53.75954484939575,0
53.75990056991577,0
53.760040283203125,0
53.76143670082092,0
53.779903411865234,0
53.77992272377014,0
53.78044390678406,0
53.79980206489563,0
53.79986524581909,0
53.79989409446716,0
53.80137300491333,0
53.806156873703,0
53.80643343925476,0
53.81993556022644,0
53.819987535476685,0
53.82003426551819,0
53.82977771759033,0
53.829829454422,0
53.82985734939575,0
53.82995820045471,0
53.83782076835632,0
53.83785676956177,0
53.83789229393005,0
53.841450691223145,0
53.8416473865509,0
53.84164834022522,0
53.84165573120117,0
53.84184408187866,0
53.84193634986877,0
53.841965198516846,0
53.84982633590698,0
53.84986686706543,0
53.850016355514526,0
53.85037422180176,0
53.85957217216492,0
53.85960602760315,0
53.85979652404785,0
53.86421036720276,0
53.86424231529236,0
53.865591049194336,0
53.86563992500305,0
53.86657738685608,0
53.87954497337341,0
53.87956857681274,0
53.879581451416016,0
53.896795988082886,0
53.896827936172485,0
53.89684200286865,0
53.896931409835815,0
53.89740967750549,0
53.89747643470764,0
53.89749073982239,0
53.89938139915466,0
53.8995201587677,0
53.89952278137207,0
53.91954588890076,0
53.91958975791931,0
53.9196047782898,0
53.92802572250366,0
53.93275380134583,0
53.932769536972046,0
53.93278217315674,0
53.9328396320343,0
53.93655180931091,0
53.93663787841797,0
53.93765139579773,0
53.93810892105103,0
53.9381263256073,0
53.939961433410645,0
53.9399893283844,0
53.94004225730896,0
53.941317081451416,0
53.94134616851807,0
53.96003222465515,0
53.96006560325623,0
53.96010875701904,0
53.97966718673706,0
53.97969841957092,0
53.97970509529114,0
53.99909329414368,0
53.99957871437073,0
53.99961829185486,0
54.0003182888031,0
54.00347590446472,0
54.00350832939148,0
54.00463318824768,0
54.00466823577881,0
54.0047459602356,0
54.004807233810425,0
54.00658392906189,0
54.00664710998535,0
54.00682067871094,0
54.01176261901856,0
54.01360893249512,0
54.0194776058197,0
54.01951313018799,0
54.01969242095947,0
54.02056455612183,0
54.02058148384094,0
54.02059602737427,0
54.020633935928345,0
54.023324728012085,0
54.02369952201843,0
54.024001121521,0
54.0357084274292,0
54.03595542907715,0
54.03811883926392,0
54.03819155693054,0
54.03957772254944,0
54.03964614868164,0
54.03966355323792,0
54.0597026348114,0
54.06008219718933,0
54.06012201309204,0
54.06224846839905,0
54.06228828430176,0
54.06245803833008,0
54.06263613700867,0
54.06414413452149,0
54.06423878669739,0
54.064449310302734,0
54.065414905548096,0
54.079506397247314,0
54.079545974731445,0
54.07966136932373,0
54.088257789611816,0
54.08952713012695,0
54.09081506729126,0
54.091094970703125,0
54.091557264328,0
54.091580390930176,0
54.091872453689575,0
54.09246349334717,0
54.09811401367188,0
54.0997953414917,0
54.099854707717896,0
54.09986138343811,0
54.11968779563904,0
54.11993598937988,0
54.12233376502991,0
54.12313175201416,0
54.13759112358093,0
54.13762974739075,0
54.1376543045044,0
54.13767814636231,0
54.13770413398743,0
54.13786435127258,0
54.13788652420044,0
54.14064049720764,0
54.140653133392334,0
54.14066481590271,0
54.14172077178955,0
54.14182662963867,0
54.14307355880737,0
54.143139362335205,0
54.14391756057739,0
54.154507637023926,0
54.15545010566712,0
54.15969038009644,0
54.15971994400024,0
54.15978693962097,0
54.17971444129944,0
54.17975926399231,0
54.1797776222229,0
54.19601917266846,0
54.19606232643128,0
54.19606399536133,0
54.19608521461487,0
54.1995587348938,0
54.19974565505981,0
54.19981265068054,0
54.19989061355591,0
54.20136070251465,0
54.20235633850098,0
54.20296382904053,0
54.20569205284119,0
54.21425414085388,0
54.21982669830322,0
54.21987557411194,0
54.21989631652832,0
54.240025758743286,0
54.24008083343506,0
54.2401442527771,0
54.259801149368286,0
54.25984048843384,0
54.25985670089722,0
54.26918268203735,0
54.26918625831604,0
54.27166938781738,0
54.27301263809204,0
54.27460432052612,0
54.27475357055664,0
54.27551794052124,0
54.27573037147522,0
54.2764036655426,0
54.277442932128906,0
54.277639389038086,0
54.2797589302063,0
54.27975940704346,0
54.27980709075928,0
54.2947883605957,0
54.29480600357056,0
54.30223894119263,0
54.30231189727783,0
54.30237317085266,0
54.30475163459778,0
54.31110858917236,0
54.3111424446106,0
54.314992904663086,0
54.31506085395813,0
54.31560111045837,0
54.31881666183472,0
54.31952714920044,0
54.31955099105835,0
54.31960344314575,0
54.319908618927,0
54.320075273513794,0
54.32024359703064,0
54.32098722457886,0
54.32228231430054,0
54.34012985229492,0
54.34022831916809,0
54.340253829956055,0
54.34669733047485,0
54.34673714637756,0
54.34674263000488,0
54.34809923171997,0
54.35428810119629,0
54.354434967041016,0
54.35443949699402,0
54.35546374320984,0
54.35769510269165,0
54.357757806777954,0
54.3581485748291,0
54.35937595367432,0
54.35940456390381,0
54.359493017196655,0
54.36403512954712,0
54.364073276519775,0
54.36416721343994,0
54.36422157287598,0
54.37933111190796,0
54.379331827163696,0
54.3793694972992,0
54.38588643074036,0
54.39004158973694,0
54.39007163047791,0
54.39097261428833,0
54.39100217819214,0
54.39117646217346,0
54.391188859939575,0
54.39975118637085,0
54.399784088134766,0
54.39979863166809,0
54.401581048965454,0
54.40159821510315,0
54.40161657333374,0
54.40257978439331,0
54.4197564125061,0
54.41975688934326,0
54.419798851013184,0
54.42843556404114,0
54.42906856536865,0
54.42910146713257,0
54.42922568321228,0
54.43000626564026,0
54.43042922019959,0
54.43065667152405,0
54.4321506023407,0
54.43297052383423,0
54.43402576446533,0
54.43406319618225,0
54.43666219711304,0
54.4394953250885,0
54.43952918052673,0
54.43954944610596,0
54.44043731689453,0
54.45308208465576,0
54.45963335037232,0
54.45967411994934,0
54.479586124420166,0
54.4796245098114,0
54.479658126831055,0
54.48850154876709,0
54.488529205322266,0
54.48857545852661,0
54.48863387107849,0
54.49094748497009,0
54.49096655845642,0
54.49101710319519,0
54.49108076095581,0
54.491676568984985,0
54.49953746795654,0
54.49963712692261,0
54.49967050552368,0
54.5173327922821,0
54.52120161056519,0
54.52125906944275,0
54.521430015563965,0
54.526254415512085,0
54.52629089355469,0
54.52634525299072,0
54.52636790275574,0
54.53972554206848,0
54.53983330726624,0
54.53984928131104,0
54.55898857116699,0
54.56011414527893,0
54.56016445159912,0
54.56159687042236,0
54.56167483329773,0
54.56260967254639,0
54.56265354156494,0
54.564887285232544,0
54.56491208076477,0
54.57035160064697,0
54.57037615776062,0
54.57070732116699,0
54.57077693939209,0
54.57223153114319,0
54.57226777076721,0
54.572449922561646,0
54.578298807144165,0
54.58064341545105,0
54.58066940307617,0
54.58076596260071,0
54.5817768573761,0
54.59912919998169,0
54.59974455833435,0
54.59978938102722,0
54.59981083869934,0
54.60570764541626,0
54.60582327842712,0
54.619690895080566,0
54.61975264549256,0
54.62023186683655,0
54.62463092803955,0
54.62465691566467,0
54.62761831283569,0
54.62764501571655,0
54.62919473648071,0
54.62922239303589,0
54.629331827163696,0
54.630502223968506,0
54.64334774017334,0
54.6434223651886,0
54.6434977054596,0
54.6439106464386,0
54.64399886131287,0
54.64434838294983,0
54.64448952674866,0
54.6532301902771,0
54.65978288650513,0
54.66022682189941,0
54.66025352478027,0
54.67964029312134,0
54.67967748641968,0
54.67969274520874,0
54.68681263923645,0
54.68688988685608,0
54.68738007545471,0
54.687479734420776,0
54.68845510482788,0
54.68885540962219,0
54.689642906188965,0
54.69985365867615,0
54.70020890235901,0
54.70022940635681,0
54.71947002410889,0
54.71949005126953,0
54.71950793266296,0
54.72573113441467,0
54.73112893104553,0
54.73115849494934,0
54.73117160797119,0
54.731751918792725,0
54.73947811126709,0
54.73953533172608,0
54.73955035209656,0
54.74155855178833,0
54.74185037612915,0
54.74197483062744,0
54.74339365959168,0
54.74368453025818,0
54.74629235267639,0
54.74632787704468,0
54.759679555892944,0
54.759685754776,0
54.75973057746887,0
54.76725363731384,0
54.76978802680969,0
54.77050423622131,0
54.7752628326416,0
54.77747583389282,0
54.77751088142395,0
54.7775673866272,0
54.779366970062256,0
54.77946400642395,0
54.779486656188965,0
54.77958250045776,0
54.779603004455566,0
54.779675006866455,0
54.79909014701843,0
54.79929876327515,0
54.79932188987732,0
54.79969882965088,0
54.79972052574158,0
54.800591707229614,0
54.80201172828674,0
54.80227541923523,0
54.80230474472046,0
54.80269956588745,0
54.81245946884155,0
54.81972312927246,0
54.819769859313965,0
54.81979012489319,0
54.84050250053406,0
54.84059023857117,0
54.84090876579285,0
54.86027717590332,0
54.86030793190002,0
54.8606333732605,0
54.86857008934021,0
54.8687379360199,0
54.87137579917908,0
54.8717725276947,0
54.87295246124268,0
54.874122858047485,0
54.87534761428833,0
54.8755042552948,0
54.87584066390991,0
54.87587475776672,0
54.875972032547,0
54.87610197067261,0
54.876147508621216,0
54.88022613525391,0
54.880494117736816,0
54.880550146102905,0
54.89944267272949,0
54.8994779586792,0
54.89954233169556,0
54.91677212715149,0
54.91974377632141,0
54.91977953910828,0
54.919782876968384,0
54.92276024818421,0
54.92278504371643,0
54.92290639877319,0
54.92292928695679,0
54.939775228500366,0
54.939777135849,0
54.939821004867554,0
54.94103503227234,0
54.94105553627014,0
54.941134214401245,0
54.94297814369202,0
54.94301772117615,0
54.94523644447327,0
54.94527840614319,0
54.95232558250427,0
54.95965766906738,0
54.95970177650452,0
54.95971584320069,0
54.97990846633911,0
54.97996282577515,0
54.980034589767456,0
55.000324726104736,0
55.00038170814514,0
55.00040721893311,0
55.0004985332489,0
55.0005898475647,0
55.00064039230347,0
55.0006890296936,0
55.00322341918945,0
55.0033757686615,0
55.00379920005798,0
55.00381660461426,0
55.00582933425903,0
55.01268458366394,0
55.013813734054565,0
55.01955771446228,0
55.0196008682251,0
55.01961588859558,0
55.022358417510986,0
55.02252411842346,0
55.02393174171448,0
55.02395248413086,0
55.02400851249695,0
55.02405261993408,0
55.02561330795288,0
55.025877237319946,0
55.02627229690552,0
55.04014945030213,0
55.04020404815674,0
55.040231466293335,0
55.04564046859741,0
55.04572367668152,0
55.04849243164063,0
55.048635482788086,0
55.05059313774109,0
55.05063843727112,0
55.05073142051697,0
55.05077767372131,0
55.05410099029541,0
55.05413031578064,0
55.054147481918335,0
55.05424761772156,0
55.05514621734619,0
55.05957174301148,0
55.0596125125885,0
55.05962824821472,0
55.07938075065613,0
55.0794632434845,0
55.07946729660034,0
55.07967162132263,0
55.10112762451172,0
55.1011278629303,0
55.10118293762207,0
55.1195719242096,0
55.11987948417664,0
55.12013268470764,0
55.120163440704346,0
55.12046766281128,0
55.12049674987793,0
55.12059760093689,0
55.12381958961487,0
55.12386322021485,0
55.124744176864624,0
55.14044427871704,0
55.1404881477356,0
55.14077854156494,0
55.144877910614014,0
55.14743208885193,0
55.14828276634216,0
55.16168165206909,0
55.16176462173462,0
55.161863803863525,0
55.162355184555054,0
55.16239523887634,0
55.16654324531555,0
55.16658091545105,0
55.16839385032654,0
55.17958450317383,0
55.17958664894104,0
55.17962980270386,0
55.1902961730957,0
55.19033885002136,0
55.19039511680603,0
55.19042325019837,0
55.19059777259827,0
55.19064211845398,0
55.19069504737854,0
55.19979572296143,0
55.19985127449036,0
55.19987654685974,0
55.200658321380615,0
55.20712804794312,0
55.20736813545227,0
55.21976923942566,0
55.2197802066803,0
55.2198269367218,0
55.226608991622925,0
55.22695732116699,0
55.22717452049256,0
55.22720742225647,0
55.22839760780335,0
55.22890543937683,0
55.22984337806702,0
55.23154306411743,0
55.23164486885071,0
55.23314452171326,0
55.23320531845093,0
55.23953700065613,0
55.23959183692932,0
55.23960876464844,0
55.25475311279297,0
55.26123642921448,0
55.261435747146606,0
55.26146388053894,0
55.27989077568054,0
55.27992582321167,0
55.28021049499512,0
55.28779029846192,0
55.28804230690002,0
55.28805613517761,0
55.28806471824646,0
55.28807091712952,0
55.28807234764099,0
55.28858804702759,0
55.29081082344055,0
55.29093384742737,0
55.290947914123535,0
55.29110312461853,0
55.2964301109314,0
55.30016207695007,0
55.30020308494568,0
55.30036759376526,0
55.30041432380676,0
55.30087304115296,0
55.30089092254639,0
55.31689190864563,0
55.317238092422485,0
55.31724572181702,0
55.31726408004761,0
55.32000255584717,0
55.32001876831055,0
55.3207437992096,0
55.3397114276886,0
55.33982467651367,0
55.34059405326843,0
55.34237146377564,0
55.34262180328369,0
55.34271764755249,0
55.34448599815369,0
55.34458565711975,0
55.34707355499268,0
55.34709858894348,0
55.36001110076904,0
55.3600640296936,0
55.3601438999176,0
55.38017773628235,0
55.380234479904175,0
55.38028883934021,0
55.39961051940918,0
55.3996570110321,0
55.40776920318604,0
55.40992736816406,0
55.41865134239197,0
55.41869473457336,0
55.41969656944275,0
55.41973638534546,0
55.41986107826233,0
55.42104959487915,0
55.42112874984741,0
55.42123198509216,0
55.4212851524353,0
55.439921140670776,0
55.439966678619385,0
55.43998742103577,0
55.45056128501892,0
55.45061373710632,0
55.45072031021118,0
55.45322775840759,0
55.45584201812744,0
55.45985960960388,0
55.460346698760986,0
55.46037435531616,0
55.46149349212647,0
55.46578574180603,0
55.46587085723877,0
55.46806454658508,0
55.468125343322754,0
55.47944808006287,0
55.47947669029236,0
55.479477405548096,0
55.49352717399597,0
55.50012493133545,0
55.50015139579773,0
55.50016665458679,0
55.50731468200684,0
55.50736260414124,0
55.50936675071716,0
55.50939679145813,0
55.50965523719788,0
55.50966477394104,0
55.50967836380005,0
55.50987505912781,0
55.51474595069885,0
55.51952624320984,0
55.51956415176392,0
55.519580364227295,0
55.52355432510376,0
55.52900505065918,0
55.52911353111267,0
55.52916789054871,0
55.529189348220825,0
55.53365349769592,0
55.534143924713135,0
55.53416609764099,0
55.53968071937561,0
55.54028248786926,0
55.54031777381897,0
55.54158759117127,0
55.54168748855591,0
55.54394674301148,0
55.54415774345398,0
55.55481433868408,0
55.55485391616821,0
55.5548734664917,0
55.55506420135498,0
55.55669689178467,0
55.556734561920166,0
55.55687522888184,0
55.55947804450989,0
55.55951547622681,0
55.55969047546387,0
55.57968091964722,0
55.57971453666687,0
55.57976031303406,0
55.59138298034668,0
55.59859538078308,0
55.59863185882568,0
55.59869980812073,0
55.598764419555664,0
55.59970307350159,0
55.600117683410645,0
55.60041069984436,0
55.601279973983765,0
55.601606130599976,0
55.601643800735474,0
55.60289025306702,0
55.603829860687256,0
55.61421132087708,0
55.61951637268066,0
55.61955904960632,0
55.6195764541626,0
55.63968777656555,0
55.63973927497864,0
55.63990306854248,0
55.6436402797699,0
55.64366555213928,0
55.64527106285095,0
55.64531397819519,0
55.64533448219299,0
55.64556860923767,0
55.64792609214783,0
55.64800667762756,0
55.64803647994995,0
55.65828800201416,0
55.65839385986328,0
55.661853075027466,0
55.66185760498047,0
55.66190719604492,0
55.66323161125183,0
55.66383099555969,0
55.679802656173706,0
55.68016052246094,0
55.68024039268494,0
55.687997341156006,0
55.698153495788574,0
55.69818329811096,0
55.69819641113281,0
55.69821190834045,0
55.70220756530762,0
55.70222496986389,0
55.70223808288574,0
55.70330953598023,0
55.70407485961914,0
55.70424389839173,0
55.70556712150574,0
55.7175509929657,0
55.717559814453125,0
55.7175726890564,0
55.71762180328369,0
55.719353914260864,0
55.71937823295593,0
55.71942067146301,0
55.73964166641235,0
55.7396821975708,0
55.739726305007935,0
55.74478054046631,0
55.74486184120178,0
55.74563503265381,0
55.74833035469055,0
55.7483594417572,0
55.75033688545227,0
55.75036931037903,0
55.75188875198364,0
55.76085996627808,0
55.76088237762451,0
55.7609601020813,0
55.76098728179932,0
55.78256821632385,0
55.78307008743286,0
55.7830913066864,0
55.78310513496399,0
55.800259590148926,0
55.80030369758606,0
55.80032205581665,0
55.80880641937256,0
55.808825969696045,0
55.81160569190979,0
55.81162929534912,0
55.81500744819641,0
55.81500792503357,0
55.81578707695007,0
55.8158061504364,0
55.81994390487671,0
55.82026243209839,0
55.82035207748413,0
55.8217248916626,0
55.82221817970276,0
55.82224225997925,0
55.82231283187866,0
55.82233333587647,0
55.826528549194336,0
55.82655382156372,0
55.82657480239868,0
55.83152985572815,0
55.83782076835632,0
55.8378427028656,0
55.83789706230164,0
55.83795428276062,0
55.839929819107056,0
55.84004545211792,0
55.84015679359436,0
55.8435161113739,0
55.84353542327881,0
55.843966007232666,0
55.84502816200256,0
55.845059871673584,0
55.84616231918335,0
55.84619188308716,0
55.84892129898071,0
55.85195755958557,0
55.85610890388489,0
55.8599956035614,0
55.86003756523132,0
55.86011266708374,0
55.8797345161438,0
55.87990045547485,0
55.879913568496704,0
55.88599753379822,0
55.88605165481568,0
55.88608694076538,0
55.88611936569214,0
55.88615274429321,0
55.88616704940796,0
55.8862247467041,0
55.89988708496094,0
55.89992117881775,0
55.89996671676636,0
55.91995644569397,0
55.92004084587097,0
55.920092821121216,0
55.940694093704224,0
55.94073987007141,0
55.940759897232056,0
55.94306755065918,0
55.95977020263672,0
55.95982384681702,0
55.96005177497864,0
55.97983264923096,0
55.97984647750855,0
55.980262756347656,0
55.99815320968628,0
55.9981951713562,0
55.99821543693543,0
55.99823880195618,0
56.00049185752869,0
56.000590324401855,0
56.00061631202698,0
56.00299668312073,0
56.00304317474365,0
56.003111124038696,0
56.00413799285889,0
56.004186153411865,0
56.006699562072754,0
56.006770610809326,0
56.00774359703064,0
56.00887656211853,0
56.009963512420654,0
56.01980924606323,0
56.01992154121399,0
56.01992416381836,0
56.02823567390442,0
56.02859163284302,0
56.02890610694885,0
56.02958345413208,0
56.0344443321228,0
56.03606057167053,0
56.03612160682678,0
56.03618621826172,0
56.04058241844177,0
56.04059314727783,0
56.04066681861877,0
56.04076814651489,0
56.04081535339356,0
56.04085874557495,0
56.04720950126648,0
56.04729151725769,0
56.04940152168274,0
56.04948043823242,0
56.0512318611145,0
56.051281213760376,0
56.051393032073975,0
56.05148243904114,0
56.05387496948242,0
56.05438780784607,0
56.05443501472473,0
56.058135747909546,0
56.05833029747009,0
56.06045603752136,0
56.0604989528656,0
56.06063151359558,0
56.07971692085266,0
56.07974886894226,0
56.07976508140564,0
56.088117599487305,0
56.09025812149048,0
56.09049677848816,0
56.09067344665527,0
56.090845584869385,0
56.09232521057129,0
56.09234189987183,0
56.09241533279419,0
56.09734129905701,0
56.0998969078064,0
56.10027456283569,0
56.10032343864441,0
56.10039615631104,0
56.11397862434387,0
56.11958146095276,0
56.11961603164673,0
56.11967444419861,0
56.13953948020935,0
56.139578104019165,0
56.13959836959839,0
56.16004800796509,0
56.160096406936646,0
56.16011714935303,0
56.18369603157044,0
56.18373703956604,0
56.18381094932556,0
56.20019578933716,0
56.20021677017212,0
56.20024919509888,0
56.20265555381775,0
56.20271015167236,0
56.20484352111816,0
56.20486736297608,0
56.20488929748535,0
56.20491909980774,0
56.21022605895996,0
56.21023321151733,0
56.21024012565613,0
56.220335245132446,0
56.220377922058105,0
56.2207145690918,0
56.23169994354248,0
56.23175072669983,0
56.23429274559021,0
56.23432230949402,0
56.2354896068573,0
56.24025869369507,0
56.24030661582947,0
56.24196434020996,0
56.24388408660889,0
56.24392819404602,0
56.24435615539551,0
56.24440574645996,0
56.246089458465576,0
56.24623036384583,0
56.24630498886109,0
56.25042700767517,0
56.25057029724121,0
56.25299644470215,0
56.2533905506134,0
56.25967049598694,0
56.25996327400208,0
56.25996804237366,0
56.27968645095825,0
56.27972912788391,0
56.27980542182922,0
56.29457902908325,0
56.29969549179077,0
56.29971218109131,0
56.29972720146179,0
56.302448987960815,0
56.30263924598694,0
56.30279231071472,0
56.303168535232544,0
56.31279182434082,0
56.31306195259094,0
56.31309223175049,0
56.31321573257446,0
56.31344890594482,0
56.31386780738831,0
56.31463098526001,0
56.31474709510803,0
56.31493830680847,0
56.31496262550354,0
56.31562662124634,0
56.319415807724,0
56.31944513320923,0
56.31959581375122,0
56.33970379829407,0
56.339749574661255,0
56.33976697921753,0
56.34620261192322,0
56.34623908996582,0
56.34625816345215,0
56.34627795219421,0
56.35141134262085,0
56.35155749320984,0
56.35157108306885,0
56.35348558425903,0
56.35352635383606,0
56.35539889335632,0
56.35541987419128,0
56.3581268787384,0
56.36027002334595,0
56.36030650138855,0
56.36032295227051,0
56.36091041564941,0
56.36437559127808,0
56.37973785400391,0
56.37976861000061,0
56.37977981567383,0
56.39948272705078,0
56.39952206611633,0
56.399561405181885,0
56.414194107055664,0
56.414509534835815,0
56.41454219818115,0
56.41463613510132,0
56.416179180145264,0
56.41620564460754,0
56.41626930236816,0
56.41686964035034,0
56.42026686668396,0
56.42033052444458,0
56.42034387588501,0
56.42185497283936,0
56.421887159347534,0
56.42875170707703,0
56.4291455745697,0
56.43034386634827,0
56.43037843704224,0
56.43043327331543,0
56.43097519874573,0
56.43307709693909,0
56.4331111907959,0
56.433438539505005,0
56.43691802024841,0
56.43700289726257,0
56.43858075141907,0
56.43861389160156,0
56.43945789337158,0
56.43949604034424,0
56.43951153755188,0
56.459842681884766,0
56.45989155769348,0
56.45996832847595,0
56.46962070465088,0
56.46963334083557,0
56.4726779460907,0
56.47995138168335,0
56.47998929023743,0
56.480061054229736,0
56.500555753707886,0
56.50174641609192,0
56.50178074836731,0
56.501814126968384,0
56.50184440612793,0
56.50186276435852,0
56.50188088417053,0
56.50688934326172,0
56.50692081451416,0
56.50723290443421,0
56.51985049247742,0
56.51989054679871,0
56.51994299888611,0
56.5401611328125,0
56.54021263122559,0
56.54027199745178,0
56.54870867729187,0
56.55582284927368,0
56.55795884132385,0
56.55803155899048,0
56.55804085731506,0
56.55977725982666,0
56.55981802940369,0
56.56096863746643,0
56.5729775428772,0
56.57303857803345,0
56.57506728172302,0
56.575411319732666,0
56.57544589042664,0
56.57957768440247,0
56.57967901229858,0
56.57969832420349,0
56.5809223651886,0
56.58103322982788,0
56.58107495307922,0
56.58109521865845,0
56.58113360404968,0
56.58118963241577,0
56.58367276191712,0
56.5841007232666,0
56.58418011665344,0
56.58645844459534,0
56.59789276123047,0
56.59792184829712,0
56.59797859191895,0
56.59799766540527,0
56.59993982315064,0
56.5999915599823,0
56.60005021095276,0
56.60006523132324,0
56.60010886192322,0
56.60015106201172,0
56.61586809158325,0
56.62002921104431,0
56.62007570266724,0
56.62008309364319,0
56.639673471450806,0
56.639692068099976,0
56.64027404785156,0
56.640321016311646,0
56.64039278030396,0
56.64333868026733,0
56.64337754249573,0
56.643394947052,0
56.64344048500061,0
56.64768075942993,0
56.647703647613525,0
56.64831233024597,0
56.65561580657959,0
56.655685901641846,0
56.657633543014526,0
56.65767431259155,0
56.65977096557617,0
56.65980839729309,0
56.659810066223145,0
56.68016934394837,0
56.68022799491882,0
56.68024897575378,0
56.70416259765625,0
56.70496773719788,0
56.705012798309326,0
56.712249994277954,0
56.720611333847046,0
56.72064661979675,0
56.72078824043274,0
56.72081255912781,0
56.7208354473114,0
56.720951795578,0
56.72097063064575,0
56.72256278991699,0
56.722580432891846,0
56.7225992679596,0
56.72386455535889,0
56.7309992313385,0
56.73102903366089,0
56.73112869262695,0
56.73114705085754,0
56.733073234558105,0
56.73327851295471,0
56.733447551727295,0
56.73685359954834,0
56.7369236946106,0
56.738930463790894,0
56.73894619941712,0
56.7409245967865,0
56.74122095108032,0
56.74122595787048,0
56.758819341659546,0
56.76218938827515,0
56.76282715797424,0
56.7628664970398,0
56.76354289054871,0
56.77879238128662,0
56.77937030792236,0
56.77940511703491,0
56.77961015701294,0
56.799585580825806,0
56.79964566230774,0
56.79966878890991,0
56.80618095397949,0
56.80665063858032,0
56.80776906013489,0
56.808239698410034,0
56.80828166007996,0
56.8090238571167,0
56.80985879898071,0
56.80989170074463,0
56.81002855300903,0
56.82059335708618,0
56.82068157196045,0
56.82068991661072,0
56.82144546508789,0
56.82148885726929,0
56.82218289375305,0
56.82222652435303,0
56.82655286788941,0
56.82698965072632,0
56.82768154144287,0
56.82803153991699,0
56.83969378471375,0
56.83972692489624,0
56.83973932266235,0
56.86004495620728,0
56.86035490036011,0
56.860475063323975,0
56.86958026885986,0
56.87073612213135,0
56.87078619003296,0
56.87135076522827,0
56.88331890106201,0
56.888484716415405,0
56.8885989189148,0
56.88862943649292,0
56.88869071006775,0
56.88870787620544,0
56.888766050338745,0
56.888816356658936,0
56.8950355052948,0
56.895047664642334,0
56.89639163017273,0
56.90076017379761,0
56.90195417404175,0
56.90231776237488,0
56.90290331840515,0
56.90292978286743,0
56.90328884124756,0
56.903520822525024,0
56.9042181968689,0
56.90524339675903,0
56.90527153015137,0
56.919697761535645,0
56.919729471206665,0
56.91974353790283,0
56.9284291267395,0
56.93295669555664,0
56.93322157859802,0
56.933252811431885,0
56.93326926231384,0
56.93537068367005,0
56.93539357185364,0
56.93543219566345,0
56.93662118911743,0
56.93680596351624,0
56.938461780548096,0
56.9385187625885,0
56.93946623802185,0
56.939499378204346,0
56.939558029174805,0
56.94203448295593,0
56.94480085372925,0
56.95947909355164,0
56.95951652526856,0
56.95953965187073,0
56.96599531173706,0
56.97576880455017,0
56.97578859329224,0
56.97589826583862,0
56.97590398788452,0
56.976505279541016,0
56.97660112380981,0
56.976678133010864,0
56.97669816017151,0
56.97814631462097,0
56.979774475097656,0
56.9798276424408,0
56.979848861694336,0
56.999234437942505,0
56.99980306625366,0
56.999840259552,0
56.99985432624817,0
57.00834512710571,0
57.00836253166199,0
57.01061677932739,0
57.01069593429565,0
57.010746240615845,0
57.0107638835907,0
57.01352906227112,0
57.01358151435852,0
57.01413583755493,0
57.018664836883545,0
57.01954102516174,0
57.01956558227539,0
57.019572496414185,0
57.02160048484802,0
57.02163290977478,0
57.02168655395508,0
57.02172613143921,0
57.02376008033752,0
57.02379584312439,0
57.02393007278442,0
57.04018330574036,0
57.040239334106445,0
57.04025912284851,0
57.04061579704285,0
57.04081606864929,0
57.04321026802063,0
57.043251752853394,0
57.04421949386597,0
57.059608459472656,0
57.059653759002686,0
57.05967140197754,0
57.07963800430298,0
57.07964897155762,0
57.079689502716064,0
57.093552350997925,0
57.09357023239136,0
57.09357762336731,0
57.0935971736908,0
57.09869337081909,0
57.10223817825317,0
57.10457062721253,0
57.10476779937744,0
57.10487985610962,0
57.10490012168884,0
57.10949659347534,0
57.11954140663147,0
57.11958122253418,0
57.1195969581604,0
57.12550735473633,0
57.12554144859314,0
57.12556028366089,0
57.12556481361389,0
57.13174152374268,0
57.13223743438721,0
57.13227772712708,0
57.13350772857666,0
57.13549780845642,0
57.13955616950989,0
57.13959574699402,0
57.139699935913086,0
57.1603319644928,0
57.16037178039551,0
57.16037464141846,0
57.16188454627991,0
57.16198444366455,0
57.16631770133972,0
57.16632962226868,0
57.17807936668396,0
57.17967438697815,0
57.17972230911255,0
57.179851055145264,0
57.19952368736267,0
57.199564933776855,0
57.199580907821655,0
57.20815944671631,0
57.20948243141174,0
57.21029472351074,0
57.21034121513367,0
57.2103488445282,0
57.21034932136536,0
57.21497678756714,0
57.21504282951355,0
57.21510529518128,0
57.22003769874573,0
57.22008109092712,0
57.22036552429199,0
57.22169828414917,0
57.239747285842896,0
57.23980140686035,0
57.23987007141113,0
57.24242997169495,0
57.24248123168945,0
57.245283126831055,0
57.24538040161133,0
57.2484655380249,0
57.26014733314514,0
57.26020836830139,0
57.2603063583374,0
57.26190328598023,0
57.2628960609436,0
57.2629508972168,0
57.26302695274353,0
57.26577472686768,0
57.26585650444031,0
57.26648497581482,0
57.2809681892395,0
57.28098464012146,0
57.28101658821106,0
57.28863215446472,0
57.28865432739258,0
57.28865671157837,0
57.29022836685181,0
57.29143691062927,0
57.29144287109375,0
57.29145812988281,0
57.2920343875885,0
57.29825925827026,0
57.29826593399048,0
57.29828095436096,0
57.29829668998718,0
57.29973220825195,0
57.299750328063965,0
57.29979991912842,0
57.30403470993042,0
57.304176568984985,0
57.3044171333313,0
57.31967616081238,0
57.31971693038941,0
57.3197808265686,0
57.323243379592896,0
57.324262857437134,0
57.324572801589966,0
57.32483458518982,0
57.33503818511963,0
57.33959174156189,0
57.33963441848755,0
57.33965086936951,0
57.35961127281189,0
57.359638929367065,0
57.359700202941895,0
57.377904415130615,0
57.37792253494263,0
57.377943992614746,0
57.37794470787048,0
57.37971019744873,0
57.37973952293396,0
57.37975549697876,0
57.39945793151856,0
57.399489402771,0
57.40162181854248,0
57.41412591934204,0
57.41418695449829,0
57.41433095932007,0
57.41597628593445,0
57.41897177696228,0
57.41997909545898,0
57.420077085495,0
57.42014694213867,0
57.42267084121704,0
57.43947410583496,0
57.43947505950928,0
57.44046974182129,0
57.44057011604309,0
57.440593957901,0
57.44236207008362,0
57.44791293144226,0
57.45077133178711,0
57.45102739334106,0
57.45105314254761,0
57.45107841491699,0
57.45109963417053,0
57.45135927200317,0
57.453553438186646,0
57.45359516143799,0
57.45814871788025,0
57.45943307876587,0
57.459909439086914,0
57.45991444587708,0
57.46004271507263,0
57.47971510887146,0
57.47973370552063,0
57.47976112365723,0
57.48008036613464,0
57.48724699020386,0
57.48925161361694,0
57.489272356033325,0
57.490936517715454,0
57.49983716011048,0
57.49986982345581,0
57.500783920288086,0
57.50833177566528,0
57.508363246917725,0
57.50847673416138,0
57.510183572769165,0
57.510199785232544,0
57.51021146774292,0
57.51069402694702,0
57.51071357727051,0
57.510719776153564,0
57.51073408126831,0
57.51980566978455,0
57.51983547210693,0
57.51987075805664,0
57.52930760383606,0
57.534443855285645,0
57.53698539733887,0
57.53702354431152,0
57.538485527038574,0
57.538886070251465,0
57.53892064094544,0
57.53992581367493,0
57.5399603843689,0
57.53997683525085,0
57.5400116443634,0
57.540833473205566,0
57.54090189933777,0
57.54161977767944,0
57.54164791107178,0
57.55967807769776,0
57.55972385406494,0
57.55974984169006,0
57.56790208816528,0
57.571362018585205,0
57.575371742248535,0
57.57966828346253,0
57.579705238342285,0
57.579752683639526,0
57.58914279937744,0
57.58929944038391,0
57.58932018280029,0
57.58934044837952,0
57.589701652526855,0
57.58975386619568,0
57.58987617492676,0
57.59957647323608,0
57.59957671165466,0
57.599634408950806,0
57.60185480117798,0
57.602803468704224,0
57.60360217094421,0
57.620014667510986,0
57.620248556137085,0
57.620285987854,0
57.62540864944458,0
57.62543225288391,0
57.62702798843384,0
57.62706542015076,0
57.6271243095398,0
57.62715029716492,0
57.628451347351074,0
57.62850284576416,0
57.6292040348053,0
57.63961720466614,0
57.63964557647705,0
57.63970589637756,0
57.65973377227783,0
57.65978217124939,0
57.659868001937866,0
57.66660237312317,0
57.66693019866944,0
57.66899657249451,0
57.66910076141357,0
57.67219018936157,0
57.68169951438904,0
57.68173933029175,0
57.68178939819336,0
57.688252687454224,0
57.688289403915405,0
57.68992519378662,0
57.68996453285217,0
57.69095587730408,0
57.69170069694519,0
57.69208455085754,0
57.69985866546631,0
57.69989824295044,0
57.6999135017395,0
57.71959328651428,0
57.71963310241699,0
57.7219820022583,0
57.72275424003601,0
57.74107789993286,0
57.74112415313721,0
57.74114584922791,0
57.749760389328,0
57.75014281272888,0
57.750317335128784,0
57.75095844268799,0
57.75948905944824,0
57.759526014328,0
57.75954294204712,0
57.759560346603394,0
57.75957894325256,0
57.75964879989624,0
57.75973701477051,0
57.76025295257568,0
57.7603964805603,0
57.760552644729614,0
57.76360535621643,0
57.76363730430603,0
57.76375150680542,0
57.76389694213867,0
57.76562404632568,0
57.765653133392334,0
57.765734910964966,0
57.76630353927612,0
57.7801775932312,0
57.78022527694702,0
57.789109230041504,0
57.78944110870361,0
57.78946685791016,0
57.789528369903564,0
57.78968143463135,0
57.78972005844116,0
57.78975701332092,0
57.78986048698425,0
57.79853177070618,0
57.799766302108765,0
57.799803018569946,0
57.79982137680054,0
57.81354904174805,0
57.8195583820343,0
57.8195948600769,0
57.81960964202881,0
57.83980679512024,0
57.83985948562622,0
57.84002113342285,0
57.853113412857056,0
57.85320472717285,0
57.8548481464386,0
57.85503840446472,0
57.85510277748108,0
57.855180501937866,0
57.85758900642395,0
57.85762119293213,0
57.8576455116272,0
57.85951471328735,0
57.85953640937805,0
57.85956048965454,0
57.86111426353455,0
57.8611421585083,0
57.86299443244934,0
57.8630473613739,0
57.86306881904602,0
57.8728084564209,0
57.87834191322327,0
57.879844188690186,0
57.879992961883545,0
57.88017892837525,0
57.889678716659546,0
57.88971495628357,0
57.88980555534363,0
57.88982510566712,0
57.89727330207825,0
57.8972909450531,0
57.89734244346619,0
57.89736008644104,0
57.89938306808472,0
57.899394273757935,0
57.89940595626831,0
57.91458439826965,0
57.915433168411255,0
57.91547131538391,0
57.91624212265015,0
57.91935610771179,0
57.91938853263855,0
57.91942119598389,0
57.93981194496155,0
57.93985342979431,0
57.93989396095276,0
57.94159269332886,0
57.94164681434631,0
57.94236779212952,0
57.94382047653198,0
57.943856716156006,0
57.945841789245605,0
57.94585537910461,0
57.95198082923889,0
57.952982902526855,0
57.95963001251221,0
57.95968317985535,0
57.95974111557007,0
57.97993993759155,0
57.98019814491272,0
57.98030400276184,0
57.987046241760254,0
57.99965119361877,0
57.999738454818726,0
57.99975681304932,0
58.02135539054871,0
58.021382093429565,0
58.02140831947327,0
58.02143907546997,0
58.02157759666443,0
58.02485775947571,0
58.02492260932922,0
58.0249457359314,0
58.02503418922424,0
58.02920794487,0
58.02956700325012,0
58.02964234352112,0
58.03022146224976,0
58.0302677154541,0
58.03056359291077,0
58.03250312805176,0
58.03369569778442,0
58.033721685409546,0
58.03372383117676,0
58.03526425361633,0
58.03981304168701,0
58.039846658706665,0
58.03988337516785,0
58.040345668792725,0
58.04584527015686,0
58.04586911201477,0
58.04598331451416,0
58.04904532432556,0
58.04909706115723,0
58.0491361618042,0
58.049184799194336,0
58.05064415931702,0
58.05082058906555,0
58.051875829696655,0
58.05192041397095,0
58.05726170539856,0
58.059401988983154,0
58.05943012237549,0
58.05944061279297,0
58.080970287323,0
58.08133172988892,0
58.08140015602112,0
58.08623790740967,0
58.08695149421692,0
58.08699893951416,0
58.08707356452942,0
58.08828115463257,0
58.088587284088135,0
58.09015464782715,0
58.09361147880554,0
58.10011649131775,0
58.10017228126526,0
58.10019111633301,0
58.11834979057312,0
58.11840295791626,0
58.11859369277954,0
58.118616580963135,0
58.12019228935242,0
58.12061285972595,0
58.12067008018494,0
58.124167919158936,0
58.12418246269226,0
58.12426090240479,0
58.13628506660461,0
58.13632869720459,0
58.13956737518311,0
58.13958358764648,0
58.14020466804504,0
58.14130234718323,0
58.141401052474976,0
58.15983200073242,0
58.159876346588135,0
58.15993547439575,0
58.16267609596253,0
58.1664354801178,0
58.17988133430481,0
58.17990183830261,0
58.179919719696045,0
58.18492269515991,0
58.190743923187256,0
58.19075965881348,0
58.1998291015625,0
58.199872970581055,0
58.19989252090454,0
58.21646213531494,0
58.21655821800232,0
58.2166428565979,0
58.21675133705139,0
58.217161417007446,0
58.21716976165772,0
58.217195987701416,0
58.21874475479126,0
58.21994352340698,0
58.21998929977417,0
58.22001314163208,0
58.22076058387756,0
58.22144818305969,0
58.23983287811279,0
58.2398841381073,0
58.23996186256409,0
58.2482430934906,0
58.24831795692444,0
58.2483549118042,0
58.24841833114624,0
58.24867844581604,0
58.24870681762695,0
58.24880886077881,0
58.25083804130554,0
58.25089383125305,0
58.252361536026,0
58.25244045257568,0
58.2566237449646,0
58.25664973258972,0
58.25702166557312,0
58.257487773895264,0
58.25899791717529,0
58.25964331626892,0
58.259695291519165,0
58.260401248931885,0
58.26072120666504,0
58.26076006889343,0
58.280197858810425,0
58.28022074699402,0
58.280351638793945,0
58.28038501739502,0
58.29967212677002,0
58.29971671104431,0
58.29973578453064,0
58.31040334701538,0
58.31048536300659,0
58.310503005981445,0
58.31070375442505,0
58.31732082366944,0
58.31744050979614,0
58.318434715271,0
58.31957483291626,0
58.31962442398071,0
58.31964302062988,0
58.32090377807617,0
58.327131032943726,0
58.32741379737854,0
58.32741618156433,0
58.32763123512268,0
58.33946657180786,0
58.33950185775757,0
58.33951616287232,0
58.34382438659668,0
58.34385824203491,0
58.34390950202942,0
58.34590411186218,0
58.34593772888184,0
58.3481011390686,0
58.34811878204346,0
58.35969018936157,0
58.3597309589386,0
58.35979604721069,0
58.37961721420288,0
58.379642963409424,0
58.37966060638428,0
58.39082908630371,0
58.397502183914185,0
58.3975305557251,0
58.39758491516113,0
58.39762902259827,0
58.40003609657288,0
58.40007042884827,0
58.40015769004822,0
58.400306224823,0
58.40035700798035,0
58.40040707588196,0
58.40214657783508,0
58.41560482978821,0
58.415624380111694,0
58.41987991333008,0
58.420201778411865,0
58.42023515701294,0
58.44071125984192,0
58.44075798988342,0
58.44076466560364,0
58.44175362586975,0
58.44186520576477,0
58.44234347343445,0
58.44235157966614,0
58.44616770744324,0
58.44621801376343,0
58.44632625579834,0
58.4471869468689,0
58.44723272323608,0
58.45506548881531,0
58.45515251159668,0
58.45734977722168,0
58.46111869812012,0
58.46128797531128,0
58.46131229400635,0
58.46150326728821,0
58.48045873641968,0
58.48060250282288,0
58.48063063621521,0
58.48556876182556,0
58.4987211227417,0
58.49878168106079,0
58.49980640411377,0
58.499924421310425,0
58.49994349479675,0
58.5000433921814,0
58.50075125694275,0
58.50193786621094,0
58.50198841094971,0
58.50475072860718,0
58.50909638404846,0
58.50910806655884,0
58.50912427902222,0
58.50913691520691,0
58.5157642364502,0
58.5183424949646,0
58.51836442947388,0
58.519596338272095,0
58.51960611343384,0
58.51962733268738,0
58.539700746536255,0
58.53974175453186,0
58.53976225852966,0
58.54847168922424,0
58.54855680465698,0
58.548640727996826,0
58.549798011779785,0
58.55265164375305,0
58.55267310142517,0
58.552836418151855,0
58.55454754829407,0
58.554590702056885,0
58.55959725379944,0
58.55963683128357,0
58.5598418712616,0
58.5682852268219,0
58.56838846206665,0
58.57065534591675,0
58.574357748031616,0
58.57963943481445,0
58.57966947555542,0
58.57967138290405,0
58.57968544960022,0
58.58791041374207,0
58.58793377876282,0
58.58795142173767,0
58.58802676200867,0
58.59731149673462,0
58.59732747077942,0
58.59754085540772,0
58.59978985786438,0
58.60020089149475,0
58.6003360748291,0
58.60333681106568,0
58.61969709396362,0
58.61973738670349,0
58.61980319023132,0
58.624796867370605,0
58.62907099723816,0
58.63972473144531,0
58.63982653617859,0
58.63993406295776,0
58.660998582839966,0
58.66104555130005,0
58.66110968589783,0
58.66746115684509,0
58.66794323921204,0
58.66939210891724,0
58.669437646865845,0
58.669458866119385,0
58.66948747634888,0
58.67477774620056,0
58.6748206615448,0
58.67490005493164,0
58.67983675003052,0
58.68066382408142,0
58.68071746826172,0
58.702589988708496,0
58.70285749435425,0
58.70288300514221,0
58.7028968334198,0
58.7034866809845,0
58.7035276889801,0
58.70846939086914,0
58.71794509887695,0
58.72434759140015,0
58.72438883781433,0
58.72440671920776,0
58.72669434547424,0
58.7267107963562,0
58.72696304321289,0
58.72698593139648,0
58.73962163925171,0
58.74025368690491,0
58.74034523963928,0
58.74517321586609,0
58.74522042274475,0
58.745315074920654,0
58.74822950363159,0
58.74898600578308,0
58.75530505180359,0
58.755348205566406,0
58.75667810440064,0
58.75680088996887,0
58.75682210922241,0
58.75684714317322,0
58.76363277435303,0
58.76366853713989,0
58.76372194290161,0
58.76399636268616,0
58.76419878005981,0
58.76422166824341,0
58.76423907279968,0
58.77968859672546,0
58.77973031997681,0
58.77980041503906,0
58.8005518913269,0
58.8005645275116,0
58.800564765930176,0
58.80057764053345,0
58.80058217048645,0
58.80062508583069,0
58.800642013549805,0
58.80130958557129,0
58.80150556564331,0
58.80152344703674,0
58.81292581558228,0
58.81928324699402,0
58.81940269470215,0
58.81942868232727,0
58.83579611778259,0
58.83602857589722,0
58.83737182617188,0
58.83764863014221,0
58.837682247161865,0
58.83773589134216,0
58.839611291885376,0
58.83964204788208,0
58.83965611457825,0
58.85965442657471,0
58.85969662666321,0
58.85971522331238,0
58.86560034751892,0
58.86564874649048,0
58.86619448661804,0
58.8676860332489,0
58.86777305603027,0
58.87001538276672,0
58.87007665634155,0
58.87099194526672,0
58.880348443984985,0
58.88038372993469,0
58.88043546676636,0
58.89205503463745,0
58.89239501953125,0
58.892401456832886,0
58.89242815971375,0
58.900012493133545,0
58.9000415802002,0
58.900078773498535,0
58.90568280220032,0
58.90572810173035,0
58.90650415420532,0
58.90874481201172,0
58.910115003585815,0
58.91313123703003,0
58.91950154304504,0
58.919761180877686,0
58.91985821723938,0
58.939526081085205,0
58.93955945968628,0
58.93957281112671,0
58.95226740837097,0
58.952282428741455,0
58.952308893203735,0
58.95239043235779,0
58.954345703125,0
58.95508337020874,0
58.955177545547485,0
58.95573043823242,0
58.955766916275024,0
58.95962905883789,0
58.9596529006958,0
58.95967102050781,0
58.962812423706055,0
58.96283292770386,0
58.97989797592163,0
58.9799599647522,0
58.97996282577515,0
59.0000946521759,0
59.00013494491577,0
59.00015377998352,0
59.00191831588745,0
59.00689482688904,0
59.00692939758301,0
59.00946760177612,0
59.01154351234436,0
59.01164412498474,0
59.01166653633118,0
59.01723957061768,0
59.017260789871216,0
59.01727843284607,0
59.01884055137634,0
59.01887559890747,0
59.018890619277954,0
59.018962144851685,0
59.01943373680115,0
59.01943898200989,0
59.01951861381531,0
59.02089071273804,0
59.0210063457489,0
59.02113628387451,0
59.02254843711853,0
59.02343702316284,0
59.02947092056274,0
59.029507637023926,0
59.029542684555054,0
59.02963471412659,0
59.0400013923645,0
59.04004335403442,0
59.04006242752075,0
59.04042434692383,0
59.04083514213562,0
59.04093909263611,0
59.043299436569214,0
59.043381214141846,0
59.04557538032532,0
59.04564094543457,0
59.06023597717285,0
59.06029009819031,0
59.0656099319458,0
59.076324224472046,0
59.07998681068421,0
59.08000636100769,0
59.08008408546448,0
59.09943199157715,0
59.09949135780335,0
59.09954929351807,0
59.11414861679077,0
59.114168643951416,0
59.1141848564148,0
59.11427927017212,0
59.116373777389526,0
59.11645770072937,0
59.11655378341675,0
59.11775016784668,0
59.11981701850891,0
59.119922161102295,0
59.1199414730072,0
59.12070560455322,0
59.12606167793274,0
59.13062787055969,0
59.1306893825531,0
59.13072967529297,0
59.13281321525574,0
59.13282752037048,0
59.13288903236389,0
59.1331148147583,0
59.13739657402039,0
59.13739705085754,0
59.139678955078125,0
59.139679193496704,0
59.13969850540161,0
59.14102935791016,0
59.14109134674072,0
59.15108895301819,0
59.15280079841614,0
59.15965628623962,0
59.159740924835205,0
59.16034388542175,0
59.18014335632324,0
59.18016505241394,0
59.18018531799317,0
59.18094515800476,0
59.2009003162384,0
59.2009015083313,0
59.20093560218811,0
59.21123552322388,0
59.213645696640015,0
59.21367740631104,0
59.21372318267822,0
59.21961116790772,0
59.2196409702301,0
59.21965765953064,0
59.23857140541077,0
59.2386646270752,0
59.23890995979309,0
59.23999643325806,0
59.24004030227661,0
59.24004459381104,0
59.24125123023987,0
59.25979685783386,0
59.25996661186218,0
59.26005387306213,0
59.280887842178345,0
59.28093528747559,0
59.2809419631958,0
59.29975891113281,0
59.29980158805847,0
59.299819469451904,0
59.30729389190674,0
59.30734825134277,0
59.309690713882446,0
59.31794762611389,0
59.31884503364563,0
59.31885361671448,0
59.320043325424194,0
59.320070028305054,0
59.3201858997345,0
59.3206639289856,0
59.32340431213379,0
59.32343292236328,0
59.323447942733765,0
59.32375073432922,0
59.32378339767456,0
59.32380127906799,0
59.32397675514221,0
59.32706117630005,0
59.327078342437744,0
59.32709527015686,0
59.32710909843445,0
59.33985328674317,0
59.3399031162262,0
59.3399224281311,0
59.34686970710754,0
59.34708595275879,0
59.34713530540466,0
59.348660469055176,0
59.35339975357056,0
59.36937379837036,0
59.36941432952881,0
59.37054347991944,0
59.37104153633118,0
59.37108564376831,0
59.37113237380981,0
59.37210774421692,0
59.38103532791138,0
59.38108420372009,0
59.38117384910584,0
59.40046000480652,0
59.40178179740906,0
59.40180349349976,0
59.401816844940186,0
59.41955995559693,0
59.41960573196411,0
59.41995930671692,0
59.424819231033325,0
59.42484331130981,0
59.42687463760376,0
59.42712187767029,0
59.42716312408447,0
59.42727017402649,0
59.42984867095947,0
59.429885387420654,0
59.42990827560425,0
59.43271541595459,0
59.43977665901184,0
59.43979358673096,0
59.440309286117554,0
59.44250798225403,0
59.442566871643066,0
59.44421315193176,0
59.44460082054138,0
59.45362377166748,0
59.45963168144226,0
59.45967745780945,0
59.45978713035584,0
59.48033905029297,0
59.48046398162842,0
59.48067545890808,0
59.49975395202637,0
59.49979901313782,0
59.50239133834839,0
59.50285625457764,0
59.50289368629456,0
59.50298547744751,0
59.50600600242615,0
59.50605034828186,0
59.506516456604,0
59.5065655708313,0
59.50688982009888,0
59.506922006607056,0
59.5074450969696,0
59.50887846946716,0
59.50892519950867,0
59.50894546508789,0
59.50896668434143,0
59.5108585357666,0
59.51267957687378,0
59.52094006538391,0
59.52094340324402,0
59.52095627784729,0
59.52710223197937,0
59.53126382827759,0
59.531574010849,0
59.53159832954407,0
59.53161191940308,0
59.53293347358704,0
59.53328061103821,0
59.53427219390869,0
59.53429961204529,0
59.53963232040405,0
59.53967642784119,0
59.53969311714173,0
59.53999662399292,0
59.54002547264099,0
59.54041504859924,0
59.54068040847778,0
59.55942296981812,0
59.5594584941864,0
59.55953741073608,0
59.57963848114014,0
59.57963871955872,0
59.579737186431885,0
59.586177349090576,0
59.5964298248291,0
59.59683609008789,0
59.59686756134033,0
59.59693813323975,0
59.5996298789978,0
59.59965705871582,0
59.59971904754639,0
59.601353883743286,0
59.60138201713562,0
59.60144066810608,0
59.6128613948822,0
59.61955142021179,0
59.619590282440186,0
59.61963033676148,0
59.635194063186646,0
59.6352641582489,0
59.63960599899292,0
59.63965368270874,0
59.639726400375366,0
59.659854888916016,0
59.66000485420227,0
59.66009736061096,0
59.66881227493286,0
59.66884160041809,0
59.66887068748474,0
59.66908884048462,0
59.67188024520874,0
59.67289471626282,0
59.6729474067688,0
59.67345976829529,0
59.67348504066467,0
59.67610430717468,0
59.67615509033203,0
59.67738914489746,0
59.67967343330383,0
59.67972326278687,0
59.680131912231445,0
59.68819546699524,0
59.68937849998474,0
59.696423292160034,0
59.69644975662232,0
59.69646525382996,0
59.6964795589447,0
59.69836640357971,0
59.69839024543762,0
59.698548793792725,0
59.69955134391785,0
59.69956946372986,0
59.69958019256592,0
59.71955347061157,0
59.71960473060608,0
59.71966648101807,0
59.73964953422546,0
59.739670276641846,0
59.73969316482544,0
59.75312566757202,0
59.75952696800232,0
59.75956749916077,0
59.75966548919678,0
59.78124189376831,0
59.78127646446228,0
59.78130173683167,0
59.78186535835266,0
59.78193354606629,0
59.7820131778717,0
59.78264856338501,0
59.80298161506653,0
59.80301856994629,0
59.80325841903687,0
59.81250238418579,0
59.81281137466431,0
59.81282043457031,0
59.81388878822327,0
59.8139169216156,0
59.81528472900391,0
59.8153293132782,0
59.81633114814758,0
59.81639266014099,0
59.816650390625,0
59.81666541099548,0
59.81744456291199,0
59.81751608848572,0
59.8179919719696,0
59.81802821159363,0
59.81928944587708,0
59.81931781768799,0
59.82591319084168,0
59.83063268661499,0
59.83076739311218,0
59.83502984046936,0
59.835087060928345,0
59.835328578948975,0
59.83535695075989,0
59.83967399597168,0
59.83969569206238,0
59.8397114276886,0
59.84026527404785,0
59.84063363075256,0
59.84068012237549,0
59.85626792907715,0
59.85630393028259,0
59.858269691467285,0
59.858328104019165,0
59.85954403877258,0
59.85957336425781,0
59.85959506034851,0
59.87999057769776,0
59.88005614280701,0
59.8800675868988,0
59.89250349998474,0
59.89830565452576,0
59.898319244384766,0
59.89833116531372,0
59.89839029312134,0
59.90059423446655,0
59.90062427520752,0
59.900636434555054,0
59.90202808380127,0
59.90205454826355,0
59.90210914611816,0
59.91640114784241,0
59.92004084587097,0
59.92007255554199,0
59.92008590698242,0
59.93534588813782,0
59.935396671295166,0
59.935609579086304,0
59.935614347457886,0
59.93934726715088,0
59.93937516212464,0
59.93938612937927,0
59.95943808555603,0
59.959477186203,0
59.959569692611694,0
59.97960996627808,0
59.97964906692505,0
59.97966551780701,0
59.99121928215027,0
59.99123930931091,0
59.991721868515015,0
59.99258518218994,0
59.99263834953308,0
60.00047254562378,0
60.00058913230896,0
60.00062108039856,0
60.013887882232666,0
60.01391196250916,0
60.015389919281006,0
60.01896953582764,0
60.01977634429932,0
60.01988101005554,0
60.01990461349487,0
60.02396082878113,0
60.03017139434815,0
60.03036427497864,0
60.03562092781067,0
60.035762548446655,0
60.03577208518982,0
60.03581857681274,0
60.03601670265198,0
60.03630518913269,0
60.036399602890015,0
60.03645515441895,0
60.04006552696228,0
60.04010677337647,0
60.04013514518738,0
60.04072022438049,0
60.04075813293457,0
60.04082202911377,0
60.04093050956726,0
60.04203748703003,0
60.06026554107666,0
60.060293436050415,0
60.06031036376953,0
60.06267023086548,0
60.06371688842773,0
60.06381130218506,0
60.06398868560791,0
60.06404685974121,0
60.07106900215149,0
60.07110261917114,0
60.079636573791504,0
60.079681396484375,0
60.079699993133545,0
60.08088803291321,0
60.08234190940857,0
60.09957242012024,0
60.09960126876831,0
60.10006856918335,0
60.11248922348023,0
60.12773895263672,0
60.1278178691864,0
60.12785601615906,0
60.12790966033936,0
60.12794780731201,0
60.12804698944092,0
60.128111839294434,0
60.12812829017639,0
60.12816262245178,0
60.12825632095337,0
60.13065123558045,0
60.13822340965271,0
60.13825821876526,0
60.13901829719544,0
60.13905453681946,0
60.139753341674805,0
60.13979911804199,0
60.1398446559906,0
60.14164447784424,0
60.14167428016663,0
60.1418297290802,0
60.14274859428406,0
60.14277696609497,0
60.14409971237183,0
60.14411520957947,0
60.14482975006104,0
60.14544105529785,0
60.15584850311279,0
60.15950322151184,0
60.15952062606812,0
60.16013193130493,0
60.16142725944519,0
60.16146206855774,0
60.16155171394348,0
60.16160893440247,0
60.1786093711853,0
60.17865300178528,0
60.17930316925049,0
60.17983603477478,0
60.17987132072449,0
60.179892778396606,0
60.19938850402832,0
60.19974279403687,0
60.20022964477539,0
60.20026683807373,0
60.20916438102722,0
60.21123719215393,0
60.21131896972656,0
60.21138596534729,0
60.22015070915222,0
60.22019410133362,0
60.22021126747131,0
60.22141647338867,0
60.221572160720825,0
60.221765756607056,0
60.22329807281494,0
60.223323345184326,0
60.22333812713623,0
60.2233681678772,0
60.22494387626648,0
60.224973917007446,0
60.22510361671448,0
60.235358238220215,0
60.235392808914185,0
60.23708987236023,0
60.237109661102295,0
60.23949646949768,0
60.2395339012146,0
60.23955059051514,0
60.25351858139038,0
60.25980138778687,0
60.25984525680542,0
60.25986385345459,0
60.27982258796692,0
60.27987051010132,0
60.27995800971985,0
60.283364057540894,0
60.283568143844604,0
60.28436040878296,0
60.28440451622009,0
60.28449201583862,0
60.284666299819946,0
60.30055332183838,0
60.30077648162842,0
60.30146837234497,0
60.305561542510986,0
60.305625200271606,0
60.30569314956665,0
60.32662701606751,0
60.32674980163574,0
60.32679867744446,0
60.32686138153076,0
60.339797019958496,0
60.339848279953,0
60.33989858627319,0
60.345207929611206,0
60.34525275230408,0
60.34748888015747,0
60.34760355949402,0
60.34785008430481,0
60.34976696968079,0
60.35270285606384,0
60.35287857055664,0
60.35415744781494,0
60.3596727848053,0
60.35971546173096,0
60.35979342460632,0
60.37967610359192,0
60.38003325462341,0
60.38043665885925,0
60.39363241195679,0
60.39364767074585,0
60.39376401901245,0
60.39378476142883,0
60.39745903015137,0
60.39748787879944,0
60.39749479293823,0
60.3993284702301,0
60.39940118789673,0
60.40036416053772,0
60.40039372444153,0
60.40221357345581,0
60.40330982208252,0
60.40894341468811,0
60.41039514541626,0
60.419503688812256,0
60.41953897476196,0
60.41955375671387,0
60.4315676689148,0
60.43181872367859,0
60.43307900428772,0
60.433104276657104,0
60.433125019073486,0
60.43320107460022,0
60.43629813194275,0
60.43631553649902,0
60.43633437156677,0
60.43691158294678,0
60.43703198432922,0
60.438167095184326,0
60.43823456764221,0
60.43960762023926,0
60.43964886665344,0
60.43975019454956,0
60.44475936889648,0
60.45068502426148,0
60.4507749080658,0
60.45083475112915,0
60.450899600982666,0
60.45309734344482,0
60.45322561264038,0
60.45437288284302,0
60.45499777793884,0
60.4550404548645,0
60.455397605896,0
60.455427169799805,0
60.45827889442444,0
60.45872664451599,0
60.459015130996704,0
60.4601149559021,0
60.46015405654907,0
60.460280895233154,0
60.46062207221985,0
60.48133659362793,0
60.48138594627381,0
60.48144054412842,0
60.48473381996155,0
60.48534059524536,0
60.48538422584534,0
60.48547220230103,0
60.49302649497986,0
60.49305033683777,0
60.493427753448486,0
60.49403190612793,0
60.50101685523987,0
60.501060962677,0
60.50108337402344,0
60.51687288284302,0
60.51768469810486,0
60.517712354660034,0
60.51775789260864,0
60.520012617111206,0
60.520028829574585,0
60.52012300491333,0
60.53955340385437,0
60.539578437805176,0
60.53958654403687,0
60.544395208358765,0
60.54445505142212,0
60.544731855392456,0
60.54617619514465,0
60.54621696472168,0
60.54869031906128,0
60.5487220287323,0
60.54939150810242,0
60.5556116104126,0
60.5581967830658,0
60.55980658531189,0
60.55984306335449,0
60.55992150306702,0
60.57963466644287,0
60.57969665527344,0
60.57971525192261,0
60.59564065933228,0
60.59582734107971,0
60.595884561538696,0
60.59590244293213,0
60.59596347808838,0
60.59601140022278,0
60.59605860710144,0
60.59965515136719,0
60.59975576400757,0
60.59997034072876,0
60.61981630325317,0
60.61987257003784,0
60.61993765830994,0
60.62622857093811,0
60.63309788703919,0
60.63336205482483,0
60.63513493537903,0
60.635183811187744,0
60.635284662246704,0
60.635366439819336,0
60.63969612121582,0
60.63974595069885,0
60.63987922668457,0
60.64505052566528,0
60.645535945892334,0
60.64670395851135,0
60.64840650558472,0
60.64884543418884,0
60.65445017814636,0
60.65449953079224,0
60.66006731987,0
60.66011214256287,0
60.66019320487976,0
60.67977142333984,0
60.67982602119446,0
60.67984485626221,0
60.69907474517822,0
60.70015358924866,0
60.700196504592896,0
60.70021939277649,0
60.7063148021698,0
60.70869994163513,0
60.70875263214111,0
60.70877647399902,0
60.70891237258911,0
60.70895409584045,0
60.70899391174317,0
60.71599435806274,0
60.71745300292969,0
60.717689752578735,0
60.71771454811096,0
60.71772885322571,0
60.717936515808105,0
60.71796250343323,0
60.72290396690369,0
60.72293734550476,0
60.72294998168945,0
60.73712611198425,0
60.73967218399048,0
60.73971176147461,0
60.7397301197052,0
60.74422931671143,0
60.74482345581055,0
60.74485182762146,0
60.74490141868591,0
60.75975966453552,0
60.75980544090271,0
60.75982332229614,0
60.7715699672699,0
60.77158665657044,0
60.77191877365112,0
60.77323341369629,0
60.77327513694763,0
60.77579474449158,0
60.77600765228272,0
60.77655744552612,0
60.779296875,0
60.7806282043457,0
60.78162503242493,0
60.781678676605225,0
60.79127407073975,0
60.79974842071533,0
60.79978847503662,0
60.80011820793152,0
60.80129837989807,0
60.80183100700378,0
60.80186080932617,0
60.80187654495239,0
60.80227971076965,0
60.80257439613342,0
60.80260372161865,0
60.804258823394775,0
60.808878660202026,0
60.809550046920776,0
60.81070017814636,0
60.81070280075073,0
60.81072735786438,0
60.81134819984436,0
60.81618690490723,0
60.81620264053345,0
60.81673741340637,0
60.81989479064941,0
60.81992053985596,0
60.81994962692261,0
60.839688539505005,0
60.839730978012085,0
60.839818477630615,0
60.84812450408936,0
60.84816932678223,0
60.84985661506653,0
60.849937200546265,0
60.85083723068237,0
60.85316491127014,0
60.85998725891113,0
60.86002779006958,0
60.8600287437439,0
60.87726974487305,0
60.88074278831482,0
60.88078808784485,0
60.8808069229126,0
60.89975190162659,0
60.89979958534241,0
60.90003418922424,0
60.90527653694153,0
60.90529775619507,0
60.90531301498413,0
60.90532469749451,0
60.91399264335632,0
60.9140100479126,0
60.91444039344788,0
60.91480565071106,0
60.91996574401856,0
60.91999769210816,0
60.92001438140869,0
60.939825773239136,0
60.93986463546753,0
60.93991804122925,0
60.94593453407288,0
60.94595384597778,0
60.94602036476135,0
60.9460768699646,0
60.94889307022095,0
60.94908905029297,0
60.94911289215088,0
60.94917058944702,0
60.94927000999451,0
60.951348304748535,0
60.951366662979126,0
60.952863693237305,0
60.95289325714111,0
60.95289468765259,0
60.952954053878784,0
60.95674109458923,0
60.95683431625366,0
60.95691919326782,0
60.95762515068054,0
60.95945954322815,0
60.959489822387695,0
60.959577560424805,0
60.97953724861145,0
60.97957611083984,0
60.979642152786255,0
61.0000786781311,0
61.00012421607971,0
61.00025987625122,0
61.002012729644775,0
61.00206232070923,0
61.00209093093872,0
61.002349615097046,0
61.00567412376404,0
61.00569772720337,0
61.005722999572754,0
61.00757050514221,0
61.00919270515442,0
61.01136326789856,0
61.015077114105225,0
61.01975893974304,0
61.01979064941406,0
61.01980352401733,0
61.02251625061035,0
61.02253675460816,0
61.02489638328552,0
61.02493095397949,0
61.02511501312256,0
61.02516007423401,0
61.02734923362732,0
61.02738642692566,0
61.02740168571472,0
61.03428244590759,0
61.03442597389221,0
61.0361487865448,0
61.03616404533386,0
61.039496421813965,0
61.03953361511231,0
61.03955030441284,0
61.0540566444397,0
61.0604190826416,0
61.060460805892944,0
61.06050491333008,0
61.08013868331909,0
61.080161333084106,0
61.08028697967529,0
61.09883141517639,0
61.09886145591736,0
61.09896945953369,0
61.10086727142334,0
61.10086917877197,0
61.10088491439819,0
61.10090613365173,0
61.102762937545776,0
61.10278964042664,0
61.10411262512207,0
61.10488939285278,0
61.10648679733277,0
61.11683964729309,0
61.11972761154175,0
61.119760274887085,0
61.1198320388794,0
61.13957047462464,0
61.13961577415466,0
61.13968276977539,0
61.14639496803284,0
61.146429777145386,0
61.14644742012024,0
61.14692282676697,0
61.15226650238037,0
61.15231132507324,0
61.15333127975464,0
61.1534743309021,0
61.153531074523926,0
61.15586161613464,0
61.1559681892395,0
61.15963363647461,0
61.15966939926148,0
61.159714698791504,0
61.161431074142456,0
61.163976192474365,0
61.17844796180725,0
61.17999076843262,0
61.180036306381226,0
61.1800377368927,0
61.2008957862854,0
61.20096206665039,0
61.20098662376404,0
61.21490979194641,0
61.21491742134094,0
61.21875834465027,0
61.21879386901856,0
61.21923542022705,0
61.219250440597534,0
61.21959376335144,0
61.21962332725525,0
61.21973013877869,0
61.22030425071716,0
61.22058081626892,0
61.22058796882629,0
61.22097897529602,0
61.22295331954956,0
61.222992181777954,0
61.22334313392639,0
61.22337484359741,0
61.22348856925965,0
61.22350740432739,0
61.22352480888367,0
61.230522871017456,0
61.23184561729431,0
61.23184943199158,0
61.23327422142029,0
61.233816385269165,0
61.23423004150391,0
61.234307527542114,0
61.23956918716431,0
61.23960852622986,0
61.239731311798096,0
61.25965762138367,0
61.25970053672791,0
61.25971817970276,0
61.280303716659546,0
61.280304193496704,0
61.28033709526062,0
61.28259301185608,0
61.28369903564453,0
61.28511309623718,0
61.28518605232239,0
61.299856185913086,0
61.29989814758301,0
61.29991698265076,0
61.32005596160889,0
61.3201379776001,0
61.32016658782959,0
61.32826232910156,0
61.338934659957886,0
61.33896017074585,0
61.33897256851196,0
61.33898568153381,0
61.34127163887024,0
61.34130454063416,0
61.34229707717896,0
61.34502911567688,0
61.345070123672485,0
61.34579682350159,0
61.35968041419983,0
61.35973048210144,0
61.35977125167847,0
61.36657428741455,0
61.36662578582764,0
61.37071657180786,0
61.37078642845154,0
61.373759508132935,0
61.37414193153381,0
61.37518262863159,0
61.38008785247803,0
61.38042736053467,0
61.38043212890625,0
61.400301933288574,0
61.400437116622925,0
61.40045690536499,0
61.40081071853638,0
61.40123105049133,0
61.40126800537109,0
61.40172910690308,0
61.40768265724182,0
61.40804719924927,0
61.40833592414856,0
61.411195278167725,0
61.41167163848877,0
61.41476941108704,0
61.4186282157898,0
61.41894817352295,0
61.41955232620239,0
61.41957712173462,0
61.41960763931274,0
61.42196536064148,0
61.42209577560425,0
61.42213225364685,0
61.42214608192444,0
61.42501950263977,0
61.425057888031006,0
61.42509412765503,0
61.42719650268555,0
61.427271366119385,0
61.4290668964386,0
61.4290931224823,0
61.43940567970276,0
61.43943881988525,0
61.43945264816284,0
61.458781003952026,0
61.458815813064575,0
61.45883297920227,0
61.45885038375855,0
61.45890402793884,0
61.45895266532898,0
61.45897626876831,0
61.45987606048584,0
61.45991897583008,0
61.45993661880493,0
61.47965025901794,0
61.479695081710815,0
61.47998213768005,0
61.49421906471253,0
61.50062680244446,0
61.50088572502136,0
61.50092053413391,0
61.50214862823486,0
61.50221014022827,0
61.50258612632752,0
61.50259590148926,0
61.50514078140259,0
61.50516939163208,0
61.50532412528992,0
61.505956411361694,0
61.50743317604065,0
61.51346230506897,0
61.52287268638611,0
61.52289915084839,0
61.522911071777344,0
61.52550792694092,0
61.52692866325378,0
61.52695274353027,0
61.527037382125854,0
61.52836489677429,0
61.529296875,0
61.52978825569153,0
61.53044533729553,0
61.53063368797302,0
61.53212332725525,0
61.532278060913086,0
61.54006552696228,0
61.54009032249451,0
61.54014277458191,0
61.55982184410095,0
61.55985951423645,0
61.55987596511841,0
61.57984495162964,0
61.57988786697388,0
61.57998085021973,0
61.58686828613281,0
61.592819929122925,0
61.59285044670105,0
61.59743928909302,0
61.599332094192505,0
61.599369049072266,0
61.59944343566895,0
61.59946203231812,0
61.60101842880249,0
61.60105085372925,0
61.60112643241882,0
61.61353158950806,0
61.61940169334412,0
61.61943984031677,0
61.61950492858887,0
61.64002180099487,0
61.64007163047791,0
61.640092849731445,0
61.65087366104126,0
61.65088510513306,0
61.65318846702576,0
61.65361881256104,0
61.6537127494812,0
61.65374135971069,0
61.657824754714966,0
61.65890860557556,0
61.659220933914185,0
61.66062879562378,0
61.66071486473084,0
61.660736083984375,0
61.66097855567932,0
61.66102600097656,0
61.66259980201721,0
61.66269302368164,0
61.675121784210205,0
61.679707527160645,0
61.67974281311035,0
61.68024015426636,0
61.684600830078125,0
61.68487477302551,0
61.68723225593567,0
61.6872935295105,0
61.69565463066101,0
61.69601082801819,0
61.69633340835571,0
61.69824457168579,0
61.69828820228577,0
61.69843101501465,0
61.69845414161682,0
61.69984173774719,0
61.69988751411438,0
61.699904918670654,0
61.71070766448975,0
61.711909532547,0
61.71248316764832,0
61.71975326538086,0
61.71978521347046,0
61.72001671791077,0
61.73975896835327,0
61.73979806900024,0
61.739842653274536,0
61.75360894203186,0
61.759684324264526,0
61.75973320007324,0
61.75975441932678,0
61.77978229522705,0
61.779831886291504,0
61.7798535823822,0
61.80149102210999,0
61.801515340805054,0
61.80152487754822,0
61.80158042907715,0
61.80170750617981,0
61.80180740356445,0
61.80376482009888,0
61.807997941970825,0
61.808040142059326,0
61.80818128585816,0
61.81118607521057,0
61.81121182441712,0
61.81282615661621,0
61.81296920776367,0
61.81641936302185,0
61.82062840461731,0
61.82082724571228,0
61.82085180282593,0
61.8215799331665,0
61.82537627220154,0
61.82702708244324,0
61.83291077613831,0
61.833272218704224,0
61.83642172813416,0
61.83677649497986,0
61.83680987358093,0
61.83876132965088,0
61.83883428573608,0
61.83953285217285,0
61.83954429626465,0
61.83955430984497,0
61.83956336975098,0
61.85972738265991,0
61.85977196693421,0
61.85981965065002,0
61.865033864974976,0
61.8650803565979,0
61.86823511123657,0
61.86830949783325,0
61.86947250366211,0
61.87014842033386,0
61.87198877334595,0
61.88031506538391,0
61.88033580780029,0
61.88040685653687,0
61.881896018981934,0
61.8819317817688,0
61.88224649429321,0
61.8822808265686,0
61.89965629577637,0
61.89970207214356,0
61.89972305297852,0
61.90578293800354,0
61.90580725669861,0
61.90582609176636,0
61.90749859809876,0
61.909894704818726,0
61.919557094573975,0
61.91958785057068,0
61.91960120201111,0
61.93344950675965,0
61.934789419174194,0
61.93481945991516,0
61.9348406791687,0
61.934855222702026,0
61.934866189956665,0
61.93492531776428,0
61.937885999679565,0
61.93946123123169,0
61.939513206481934,0
61.939631938934326,0
61.94181561470032,0
61.94260811805725,0
61.94411253929138,0
61.94419288635254,0
61.94595265388489,0
61.9459879398346,0
61.946102142333984,0
61.94627118110657,0
61.95076131820679,0
61.95078444480896,0
61.95098304748535,0
61.95966219902039,0
61.95970392227173,0
61.95970559120178,0
61.98190593719482,0
61.98197102546692,0
61.98200178146362,0
62.00041341781616,0
62.00041723251343,0
62.00045514106751,0
62.00046253204346,0
62.00706386566162,0
62.00731253623962,0
62.01282334327698,0
62.013023853302,0
62.01316928863525,0
62.01329970359802,0
62.01780462265015,0
62.0178337097168,0
62.01788401603699,0
62.01793026924133,0
62.018916845321655,0
62.01940703392029,0
62.01943612098694,0
62.01961421966553,0
62.02498149871826,0
62.02500915527344,0
62.0250232219696,0
62.02526831626892,0
62.02666234970093,0
62.02714991569519,0
62.02732229232788,0
62.02809953689575,0
62.02812814712525,0
62.03123593330383,0
62.031296491622925,0
62.0397834777832,0
62.0398223400116,0
62.03983950614929,0
62.0525689125061,0
62.059561014175415,0
62.05960130691528,0
62.05962300300598,0
62.07975125312805,0
62.07980275154114,0
62.07989811897278,0
62.085289478302,0
62.08884310722351,0
62.08908414840698,0
62.08910655975342,0
62.0891273021698,0
62.08915758132935,0
62.089184045791626,0
62.10000252723694,0
62.100024938583374,0
62.10005044937134,0
62.10576581954956,0
62.10955190658569,0
62.11064386367798,0
62.122201919555664,0
62.12222170829773,0
62.122222661972046,0
62.125258684158325,0
62.12528920173645,0
62.125348806381226,0
62.125388622283936,0
62.13318371772766,0
62.13320207595825,0
62.133251428604126,0
62.13675236701965,0
62.1367871761322,0
62.136800050735474,0
62.13684248924256,0
62.14079904556274,0
62.14079928398132,0
62.14082431793213,0
62.15317225456238,0
62.15950393676758,0
62.15957713127136,0
62.1595938205719,0
62.1798050403595,0
62.17986702919006,0
62.18059301376343,0
62.19057011604309,0
62.190613985061646,0
62.190913677215576,0
62.19109964370728,0
62.19666647911072,0
62.1967134475708,0
62.19681167602539,0
62.20068788528442,0
62.20073556900024,0
62.20108914375305,0
62.211307525634766,0
62.21132826805115,0
62.21134305000305,0
62.21185827255249,0
62.21486067771912,0
62.21489810943604,0
62.21500301361084,0
62.21682381629944,0
62.22005558013916,0
62.22032403945923,0
62.22035145759583,0
62.236830711364746,0
62.23684501647949,0
62.24028277397156,0
62.240473985672,0
62.24067807197571,0
62.252034425735474,0
62.25217318534851,0
62.25231647491455,0
62.25246334075928,0
62.26000428199768,0
62.2600212097168,0
62.260056257247925,0
62.28013110160828,0
62.28018140792847,0
62.28032994270325,0
62.29528379440308,0
62.295371770858765,0
62.29546451568604,0
62.30650591850281,0
62.30655336380005,0
62.30659532546997,0
62.30663752555847,0
62.30668044090271,0
62.30671977996826,0
62.30676054954529,0
62.306803703308105,0
62.30766415596008,0
62.30767750740051,0
62.30772399902344,0
62.30792784690857,0
62.31573820114136,0
62.31708908081055,0
62.32928252220154,0
62.32931065559387,0
62.329350233078,0
62.33972883224487,0
62.33976578712464,0
62.34015107154846,0
62.35326051712036,0
62.359511375427246,0
62.35954976081848,0
62.359604835510254,0
62.38064980506897,0
62.380698680877686,0
62.380720376968384,0
62.38908910751343,0
62.38912558555603,0
62.39050555229187,0
62.39071011543274,0
62.391889333724976,0
62.39194321632385,0
62.391966104507446,0
62.39980411529541,0
62.39984655380249,0
62.39992356300354,0
62.41159439086914,0
62.41162490844727,0
62.41175818443298,0
62.41183233261109,0
62.41185259819031,0
62.41233992576599,0
62.415549516677856,0
62.41967749595642,0
62.41971802711487,0
62.41973638534546,0
62.42740058898926,0
62.43018817901611,0
62.43117904663086,0
62.43642520904541,0
62.43645548820496,0
62.43972325325012,0
62.43974614143372,0
62.43976402282715,0
62.43978404998779,0
62.43999981880188,0
62.44002223014832,0
62.44006824493408,0
62.44459438323975,0
62.44462752342224,0
62.44466495513916,0
62.459625005722046,0
62.45965886116028,0
62.45973324775696,0
62.467182874679565,0
62.46750020980835,0
62.47068643569946,0
62.47079348564148,0
62.47338509559631,0
62.473392724990845,0
62.47387194633484,0
62.47390961647034,0
62.475937604904175,0
62.47620916366577,0
62.47626209259033,0
62.47732305526733,0
62.47960662841797,0
62.479653120040894,0
62.479722023010254,0
62.48542857170105,0
62.48804569244385,0
62.48816466331482,0
62.4882128238678,0
62.50121712684631,0
62.50128149986267,0
62.50130915641785,0
62.50256276130676,0
62.50281882286072,0
62.50315761566162,0
62.51959848403931,0
62.51963782310486,0
62.51966118812561,0
62.527233600616455,0
62.53964686393738,0
62.53968071937561,0
62.53968143463135,0
62.54772639274597,0
62.54946517944336,0
62.54946613311768,0
62.55080604553223,0
62.55142593383789,0
62.55144691467285,0
62.55147194862366,0
62.55368089675903,0
62.55368757247925,0
62.55712819099426,0
62.55716300010681,0
62.55716514587402,0
62.55999732017517,0
62.56003475189209,0
62.56005072593689,0
62.579627990722656,0
62.57973575592041,0
62.57975912094116,0
62.58845829963684,0
62.59144353866577,0
62.592190980911255,0
62.5922155380249,0
62.592251777648926,0
62.59233713150024,0
62.59236454963684,0
62.597500801086426,0
62.6012122631073,0
62.60125112533569,0
62.601356506347656,0
62.61962246894837,0
62.61965680122376,0
62.61987566947937,0
62.63261890411377,0
62.63291907310486,0
62.63431453704834,0
62.63435482978821,0
62.63444519042969,0
62.63450908660889,0
62.63672924041748,0
62.63675379753113,0
62.64000701904297,0
62.64004325866699,0
62.64005970954895,0
62.64106631278992,0
62.6411452293396,0
62.64116978645325,0
62.64155697822571,0
62.64166975021362,0
62.65486407279968,0
62.66008138656616,0
62.66012215614319,0
62.66020846366882,0
62.6809287071228,0
62.68098711967468,0
62.68192481994629,0
62.69194579124451,0
62.69199228286743,0
62.69544315338135,0
62.6954927444458,0
62.69639158248901,0
62.69639539718628,0
62.696481466293335,0
62.70033955574036,0
62.70037889480591,0
62.700469970703125,0
62.70073175430298,0
62.70075845718384,0
62.70077276229858,0
62.70095801353455,0
62.710325717926025,0
62.71042513847351,0
62.71042776107788,0
62.71103549003601,0
62.72181010246277,0
62.72184467315674,0
62.72185802459717,0
62.7218713760376,0
62.72193384170532,0
62.72198176383972,0
62.72200036048889,0
62.72233366966248,0
62.72234749794006,0
62.722360372543335,0
62.72237205505371,0
62.725393533706665,0
62.73315095901489,0
62.73317337036133,0
62.736791133880615,0
62.73685622215271,0
62.73960852622986,0
62.73964476585388,0
62.73971080780029,0
62.753575801849365,0
62.75979256629944,0
62.76001310348511,0
62.76004695892334,0
62.7797122001648,0
62.77975797653198,0
62.77978229522705,0
62.799885749816895,0
62.7999382019043,0
62.799959659576416,0
62.80215764045715,0
62.802634716033936,0
62.80272483825684,0
62.8031210899353,0
62.803189277648926,0
62.80321025848389,0
62.80335211753845,0
62.80837082862854,0
62.80860233306885,0
62.81079077720642,0
62.82045769691467,0
62.82049608230591,0
62.820547342300415,0
62.82331418991089,0
62.82384538650513,0
62.82581400871277,0
62.82810091972351,0
62.828434228897095,0
62.82843804359436,0
62.8284547328949,0
62.82845640182495,0
62.82847142219544,0
62.83359599113464,0
62.83364391326904,0
62.83678483963013,0
62.83679962158203,0
62.840038537979126,0
62.84017515182495,0
62.84018588066101,0
62.85438179969788,0
62.85949730873108,0
62.85953187942505,0
62.85958957672119,0
62.87973785400391,0
62.87977933883667,0
62.88410043716431,0
62.8841507434845,0
62.88421154022217,0
62.88426494598389,0
62.8875036239624,0
62.88751935958862,0
62.88763427734375,0
62.88764452934265,0
62.899900674819946,0
62.89993810653687,0
62.900049448013306,0
62.90770030021668,0
62.90773820877075,0
62.90775394439697,0
62.907771825790405,0
62.91120934486389,0
62.911641120910645,0
62.91167593002319,0
62.91337060928345,0
62.913405656814575,0
62.91341400146485,0
62.91341948509216,0
62.91982126235962,0
62.92017102241516,0
62.92019057273865,0
62.922643184661865,0
62.92265939712525,0
62.92267608642578,0
62.92268991470337,0
62.92272186279297,0
62.935152769088745,0
62.93535542488098,0
62.93642330169678,0
62.93644571304321,0
62.93928408622742,0
62.9393093585968,0
62.939369440078735,0
62.95494675636292,0
62.96292567253113,0
62.963260650634766,0
62.96331787109375,0
62.98043727874756,0
62.980483055114746,0
62.98059749603272,0
62.99068760871887,0
62.99070930480957,0
62.990734338760376,0
62.99085807800293,0
62.99601888656616,0
62.99602770805359,0
62.99604606628418,0
62.998465061187744,0
63.000577211380005,0
63.00061750411987,0
63.00070071220398,0
63.02028822898865,0
63.02032804489136,0
63.02055525779724,0
63.0289351940155,0
63.02901744842529,0
63.03055739402771,0
63.03059458732605,0
63.0306568145752,0
63.03070616722107,0
63.03340935707092,0
63.03347325325012,0
63.033539056777954,0
63.03470373153687,0
63.03994059562683,0
63.03998255729675,0
63.03999996185303,0
63.06056308746338,0
63.06061553955078,0
63.06073880195618,0
63.080057859420776,0
63.08020448684693,0
63.08026695251465,0
63.09377551078797,0
63.09384179115296,0
63.100990772247314,0
63.10104012489319,0
63.10107684135437,0
63.119980573654175,0
63.12002158164978,0
63.12009882926941,0
63.12253427505493,0
63.12261390686035,0
63.12384295463562,0
63.13035845756531,0
63.13060402870178,0
63.13063311576843,0
63.13065195083618,0
63.13997936248779,0
63.140015602111816,0
63.1400306224823,0
63.15035748481751,0
63.15045738220215,0
63.15066814422608,0
63.15205240249634,0
63.15440726280213,0
63.15546703338623,0
63.15550661087036,0
63.1571741104126,0
63.15723657608032,0
63.15960288047791,0
63.15963673591614,0
63.15964245796204,0
63.1705482006073,0
63.17779493331909,0
63.177815675735474,0
63.17783689498901,0
63.17783761024475,0
63.18079876899719,0
63.18084192276001,0
63.18091821670532,0
63.18296408653259,0
63.18313717842102,0
63.1831636428833,0
63.18393611907959,0
63.18397235870361,0
63.1849479675293,0
63.184950828552246,0
63.18497109413147,0
63.18504786491394,0
63.18507146835327,0
63.195242166519165,0
63.19858431816101,0
63.19994354248047,0
63.19998502731323,0
63.20073175430298,0
63.20918560028076,0
63.211642265319824,0
63.21165633201599,0
63.21422815322876,0
63.214333295822144,0
63.21435213088989,0
63.2152910232544,0
63.21898674964905,0
63.219093561172485,0
63.21910738945007,0
63.2195463180542,0
63.21956658363342,0
63.21957874298096,0
63.2397940158844,0
63.24016833305359,0
63.240193128585815,0
63.24092984199524,0
63.241087436676025,0
63.24149703979492,0
63.241525173187256,0
63.25436758995056,0
63.25940155982971,0
63.25943446159363,0
63.25944805145264,0
63.278488636016846,0
63.27851366996765,0
63.27853035926819,0
63.27859592437744,0
63.28284311294556,0
63.28286814689636,0
63.28288984298706,0
63.2831301689148,0
63.28314661979675,0
63.28319239616394,0
63.291860580444336,0
63.29967713356018,0
63.299718141555786,0
63.29983592033386,0
63.31962156295776,0
63.31965088844299,0
63.319664478302,0
63.32379174232483,0
63.323822021484375,0
63.32386374473572,0
63.32390356063843,0
63.32565593719482,0
63.32611680030823,0
63.3263373374939,0
63.33670234680176,0
63.33675956726074,0
63.3387930393219,0
63.338985204696655,0
63.33965468406677,0
63.33986926078797,0
63.339893102645874,0
63.3598096370697,0
63.35985016822815,0
63.35990500450134,0
63.379723072052,0
63.3797652721405,0
63.37978172302246,0
63.38799977302551,0
63.39053654670715,0
63.39053797721863,0
63.39986824989319,0
63.39995431900024,0
63.39995551109314,0
63.40177869796753,0
63.40180277824402,0
63.40184998512268,0
63.40190005302429,0
63.40913128852844,0
63.40915513038635,0
63.40923166275024,0
63.40988087654114,0
63.41064929962158,0
63.413907289505005,0
63.420912742614746,0
63.42097353935242,0
63.42145586013794,0
63.4396767616272,0
63.43970227241516,0
63.43972587585449,0
63.448339223861694,0
63.44839835166931,0
63.448681116104126,0
63.44947695732117,0
63.45016598701477,0
63.45068979263306,0
63.450857400894165,0
63.45360112190247,0
63.45365762710571,0
63.454309940338135,0
63.454430103302,0
63.45569109916687,0
63.459640979766846,0
63.45969867706299,0
63.4597156047821,0
63.463966846466064,0
63.46399712562561,0
63.46404552459717,0
63.46410775184631,0
63.48035192489624,0
63.48039388656616,0
63.48046898841858,0
63.487173080444336,0
63.48736000061035,0
63.48737788200378,0
63.48896050453186,0
63.49264931678772,0
63.49492168426514,0
63.499738454818726,0
63.49978184700012,0
63.49980306625366,0
63.52123188972473,0
63.52126741409302,0
63.521307706832886,0
63.53229832649231,0
63.53241729736328,0
63.533655881881714,0
63.53368043899536,0
63.53772783279419,0
63.53960347175598,0
63.53963541984558,0
63.53970718383789,0
63.54612922668457,0
63.54628467559815,0
63.54629540443421,0
63.54630517959595,0
63.54687452316284,0
63.54710841178894,0
63.55688953399658,0
63.55966210365296,0
63.55976915359497,0
63.55979013442993,0
63.580288887023926,0
63.58036661148071,0
63.58037233352661,0
63.600825786590576,0
63.600887060165405,0
63.60097789764404,0
63.60108709335327,0
63.60132336616516,0
63.60135459899902,0
63.60137724876404,0
63.603984355926514,0
63.60400986671448,0
63.60403251647949,0
63.604053020477295,0
63.60882878303528,0
63.615113973617554,0
63.619712114334106,0
63.61999034881592,0
63.62000870704651,0
63.62119650840759,0
63.62124419212341,0
63.6212956905365,0
63.62137579917908,0
63.639525413513184,0
63.63956546783447,0
63.63957595825195,0
63.647055864334106,0
63.64709186553955,0
63.64754796028137,0
63.64899611473084,0
63.64903354644776,0
63.65034747123718,0
63.65042638778687,0
63.65119338035584,0
63.6598482131958,0
63.65992283821106,0
63.65994548797608,0
63.67550563812256,0
63.6755633354187,0
63.6864013671875,0
63.686442613601685,0
63.68648338317871,0
63.68652272224426,0
63.68656182289124,0
63.68660259246826,0
63.68663716316223,0
63.68667149543762,0
63.68670701980591,0
63.686744689941406,0
63.68676519393921,0
63.68678379058838,0
63.68679666519165,0
63.68683838844299,0
63.68693327903748,0
63.6869637966156,0
63.68697929382324,0
63.7003755569458,0
63.70047354698181,0
63.7004976272583,0
63.71346616744995,0
63.73264455795288,0
63.73271226882935,0
63.73276281356812,0
63.73280596733093,0
63.73286414146423,0
63.73301982879639,0
63.73303961753845,0
63.73305439949036,0
63.73306655883789,0
63.73313474655152,0
63.73333621025085,0
63.73569869995117,0
63.73584151268005,0
63.735888957977295,0
63.73807883262634,0
63.74228286743164,0
63.742297410964966,0
63.74240756034851,0
63.74480366706848,0
63.74484252929688,0
63.7448947429657,0
63.74493718147278,0
63.75178909301758,0
63.7518093585968,0
63.7519793510437,0
63.75976514816284,0
63.75977039337158,0
63.759814977645874,0
63.779696464538574,0
63.779747009277344,0
63.77987504005432,0
63.795472145080566,0
63.798850774765015,0
63.80009937286377,0
63.80017566680908,0
63.80020403862,0
63.80487513542175,0
63.808066606521606,0
63.8128604888916,0
63.81362724304199,0
63.8136465549469,0
63.81366324424744,0
63.813682317733765,0
63.82004570960999,0
63.82025408744812,0
63.82025456428528,0
63.82228469848633,0
63.822317123413086,0
63.82256865501404,0
63.83418369293213,0
63.8358006477356,0
63.842937707901,0
63.84310173988342,0
63.84314465522766,0
63.84317779541016,0
63.843214988708496,0
63.86070942878723,0
63.86075019836426,0
63.860769510269165,0
63.86502432823181,0
63.87174654006958,0
63.87177777290344,0
63.87182235717773,0
63.8720977306366,0
63.8747148513794,0
63.87473201751709,0
63.87479877471924,0
63.87990760803223,0
63.879966259002686,0
63.879987716674805,0
63.88015174865723,0
63.90016198158264,0
63.90018343925476,0
63.900203227996826,0
63.90022373199463,0
63.900248527526855,0
63.900978326797485,0
63.90146493911743,0
63.90310597419739,0
63.90314483642578,0
63.9033465385437,0
63.914886713027954,0
63.91503572463989,0
63.915056467056274,0
63.91507506370544,0
63.92200946807861,0
63.92246890068054,0
63.92263746261597,0
63.92493295669556,0
63.92496871948242,0
63.92499804496765,0
63.935322761535645,0
63.9353449344635,0
63.93739461898804,0
63.93745493888855,0
63.93965458869934,0
63.939703941345215,0
63.93972301483154,0
63.95359969139099,0
63.96057939529419,0
63.96061420440674,0
63.96061849594116,0
63.9798321723938,0
63.97987604141235,0
63.97989368438721,0
63.99846005439758,0
63.99859023094177,0
64.00029683113098,0
64.00034546852112,0
64.00060844421387,0
64.00155520439148,0
64.00195336341858,0
64.00199747085571,0
64.00202131271362,0
64.00677871704102,0
64.0068473815918,0
64.00694012641907,0
64.00884747505188,0
64.0163369178772,0
64.01635670661926,0
64.01955604553223,0
64.01959300041199,0
64.0196099281311,0
64.03015732765198,0
64.03024077415466,0
64.03028607368469,0
64.03030490875244,0
64.03341889381409,0
64.0340507030487,0
64.03541946411133,0
64.0394995212555,0
64.03954434394836,0
64.03957223892212,0
64.04022860527039,0
64.04136943817139,0
64.04142570495605,0
64.05524396896362,0
64.05976605415344,0
64.06013107299805,0
64.06020498275757,0
64.07844877243042,0
64.07845997810364,0
64.07982802391052,0
64.08028793334961,0
64.08032655715942,0
64.0816740989685,0
64.08257389068604,0
64.08272886276245,0
64.08275842666626,0
64.08278822898865,0
64.10064768791199,0
64.10075211524963,0
64.10167217254639,0
64.10652232170105,0
64.11280560493469,0
64.11470913887024,0
64.1147289276123,0
64.11478090286255,0
64.11822605133057,0
64.11826658248901,0
64.11835145950317,0
64.11847257614136,0
64.11999464035034,0
64.1201343536377,0
64.12024188041687,0
64.12621068954468,0
64.13943314552307,0
64.1395378112793,0
64.13966083526611,0
64.13974213600159,0
64.14038848876953,0
64.15562272071838,0
64.15574216842651,0
64.1565055847168,0
64.1595458984375,0
64.15957856178284,0
64.1596450805664,0
64.1801164150238,0
64.18020606040955,0
64.18025755882263,0
64.20003604888916,0
64.20032739639282,0
64.20036244392395,0
64.20038437843323,0
64.20296597480774,0
64.20299959182739,0
64.20307564735413,0
64.20309638977051,0
64.20337748527527,0
64.20384788513184,0
64.2048978805542,0
64.20493626594543,0
64.20520853996277,0
64.20524072647095,0
64.20604515075684,0
64.2060821056366,0
64.20640301704407,0
64.20688009262085,0
64.21688151359558,0
64.21703100204468,0
64.21704649925232,0
64.21706199645996,0
64.21714568138123,0
64.21716141700745,0
64.21850919723511,0
64.21857213973999,0
64.21988558769226,0
64.21990895271301,0
64.21991324424744,0
64.22022843360901,0
64.2342791557312,0
64.23437213897705,0
64.23883318901062,0
64.23892998695374,0
64.24020051956177,0
64.24022674560547,0
64.24085927009583,0
64.25984382629395,0
64.25989866256714,0
64.25992012023926,0
64.26474070549011,0
64.27102398872375,0
64.27105569839478,0
64.27107119560242,0
64.2724940776825,0
64.27268147468567,0
64.2726993560791,0
64.27270269393921,0
64.2753598690033,0
64.27973222732544,0
64.27976322174072,0
64.27982473373413,0
64.29407119750977,0
64.29539155960083,0
64.2968270778656,0
64.29688382148743,0
64.29952597618103,0
64.2995617389679,0
64.29957628250122,0
64.31972980499268,0
64.31979155540466,0
64.3198618888855,0
64.32134532928467,0
64.32139372825623,0
64.32144856452942,0
64.34016132354736,0
64.34020018577576,0
64.34032893180847,0
64.3598358631134,0
64.36011528968811,0
64.36019730567932,0
64.38023114204407,0
64.38170313835144,0
64.38172650337219,0
64.38767528533936,0
64.3889513015747,0
64.39053106307983,0
64.3905713558197,0
64.39191937446594,0
64.40489506721497,0
64.40510654449463,0
64.40553569793701,0
64.40557146072388,0
64.40565752983093,0
64.40608978271484,0
64.40617442131042,0
64.40648007392883,0
64.40651822090149,0
64.41952753067017,0
64.4195704460144,0
64.42000675201416,0
64.43100094795227,0
64.43111896514893,0
64.43114590644836,0
64.43396878242493,0
64.43608164787292,0
64.43850183486938,0
64.43963813781738,0
64.43966960906982,0
64.43968415260315,0
64.45467329025269,0
64.4546856880188,0
64.45500636100769,0
64.4550347328186,0
64.45737195014954,0
64.45742321014404,0
64.45838332176208,0
64.45860552787781,0
64.45869040489197,0
64.46078729629517,0
64.46085286140442,0
64.46087718009949,0
64.4621114730835,0
64.46276664733887,0
64.46598052978516,0
64.47991895675659,0
64.48005437850952,0
64.48032879829407,0
64.48650193214417,0
64.48656511306763,0
64.48659062385559,0
64.48665285110474,0
64.48680353164673,0
64.48685574531555,0
64.48690867424011,0
64.50009346008301,0
64.50014853477478,0
64.50019073486328,0
64.5115852355957,0
64.51614284515381,0
64.51800036430359,0
64.52038788795471,0
64.52042961120605,0
64.52090907096863,0
64.5304217338562,0
64.53044962882996,0
64.53051900863647,0
64.53054904937744,0
64.53455066680908,0
64.53456807136536,0
64.53458523750305,0
64.5404703617096,0
64.54047107696533,0
64.54054045677185,0
64.54056024551392,0
64.54060077667236,0
64.54606819152832,0
64.54814314842224,0
64.5565414428711,0
64.55941081047058,0
64.55943608283997,0
64.559485912323,0
64.57970452308655,0
64.57974743843079,0
64.57980680465698,0
64.59976005554199,0
64.59980988502502,0
64.59983110427856,0
64.60705494880676,0
64.60721039772034,0
64.60878849029541,0
64.6092176437378,0
64.60925960540771,0
64.61065483093262,0
64.61292552947998,0
64.61296391487122,0
64.61299777030945,0
64.62015700340271,0
64.62019634246826,0
64.62030935287476,0
64.62992334365845,0
64.63187670707703,0
64.63514733314514,0
64.63630175590515,0
64.63632655143738,0
64.63841104507446,0
64.63846850395203,0
64.63991904258728,0
64.6399495601654,0
64.6399974822998,0
64.64067244529724,0
64.64691758155823,0
64.64702415466309,0
64.64728903770447,0
64.64737129211426,0
64.65980291366577,0
64.6598482131958,0
64.65993475914001,0
64.66998934745789,0
64.67001843452454,0
64.67004299163818,0
64.67311358451843,0
64.67315912246704,0
64.67328906059265,0
64.67340159416199,0
64.67774295806885,0
64.6778998374939,0
64.67803049087524,0
64.6807131767273,0
64.68076181411743,0
64.68076229095459,0
64.68127346038818,0
64.68646812438965,0
64.68648982048035,0
64.68663144111633,0
64.6871690750122,0
64.69379949569702,0
64.69383311271667,0
64.69387984275818,0
64.70038938522339,0
64.7007486820221,0
64.7010543346405,0
64.71451807022095,0
64.7221040725708,0
64.72219181060791,0
64.72221493721008,0
64.73968815803528,0
64.74019026756287,0
64.74110627174377,0
64.74459624290466,0
64.74523043632507,0
64.74553298950195,0
64.74587321281433,0
64.74859237670898,0
64.74879097938538,0
64.74941730499268,0
64.75020956993103,0
64.750807762146,0
64.75195360183716,0
64.7520010471344,0
64.75941133499146,0
64.75943684577942,0
64.75945019721985,0
64.78002762794495,0
64.78064322471619,0
64.78068375587463,0
64.79698204994202,0
64.80111265182495,0
64.80115985870361,0
64.80125284194946,0
64.8052864074707,0
64.80531144142151,0
64.81021976470947,0
64.81026196479797,0
64.81028175354004,0
64.8103039264679,0
64.8104989528656,0
64.81072854995728,0
64.81074333190918,0
64.8117003440857,0
64.81590557098389,0
64.82011365890503,0
64.82015347480774,0
64.82017874717712,0
64.82390856742859,0
64.83676958084106,0
64.83683824539185,0
64.83688426017761,0
64.83690142631531,0
64.8395369052887,0
64.83955955505371,0
64.83956098556519,0
64.8395733833313,0
64.83957362174988,0
64.83958530426025,0
64.85976433753967,0
64.85980701446533,0
64.86048173904419,0
64.87717294692993,0
64.87719750404358,0
64.87987065315247,0
64.87990975379944,0
64.87992835044861,0
64.90003275871277,0
64.90008187294006,0
64.90017437934875,0
64.91141176223755,0
64.91154408454895,0
64.91374683380127,0
64.91688942909241,0
64.92045855522156,0
64.9205014705658,0
64.9205892086029,0
64.92869400978088,0
64.93305134773254,0
64.93308162689209,0
64.933434009552,0
64.93371796607971,0
64.93966722488403,0
64.93986368179321,0
64.93986940383911,0
64.94892883300781,0
64.94896936416626,0
64.94899201393127,0
64.95210409164429,0
64.95211935043335,0
64.95216369628906,0
64.9553611278534,0
64.95549702644348,0
64.95560431480408,0
64.9556155204773,0
64.9556360244751,0
64.9582462310791,0
64.95829010009766,0
64.96054124832153,0
64.9606282711029,0
64.960697889328,0
64.96651291847229,0
64.9665162563324,0
64.9796371459961,0
64.9796781539917,0
64.97971987724304,0
64.99501633644104,0
65.00025868415833,0
65.00030875205994,0
65.00041556358337,0
65.00247573852539,0
65.00247597694397,0
65.00393199920654,0
65.00438594818115,0
65.00441241264343,0
65.00443458557129,0
65.00644612312317,0
65.00691843032837,0
65.00751757621765,0
65.0082619190216,0
65.00930643081665,0
65.01403188705444,0
65.0164041519165,0
65.01961135864258,0
65.0196475982666,0
65.01966214179993,0
65.0268201828003,0
65.0290002822876,0
65.02922797203064,0
65.0293197631836,0
65.02978610992432,0
65.03004217147827,0
65.03029870986938,0
65.03054332733154,0
65.03057169914246,0
65.03250360488892,0
65.03253531455994,0
65.03959894180298,0
65.03962850570679,0
65.03964161872864,0
65.05961656570435,0
65.05965280532837,0
65.05965900421143,0
65.07989311218262,0
65.0799412727356,0
65.0800130367279,0
65.10002636909485,0
65.10005211830139,0
65.10007643699646,0
65.10398817062378,0
65.12074971199036,0
65.12081027030945,0
65.12098932266235,0
65.1279993057251,0
65.12804627418518,0
65.12884902954102,0
65.1300036907196,0
65.1348123550415,0
65.13529586791992,0
65.13699245452881,0
65.13745093345642,0
65.14060068130493,0
65.14067673683167,0
65.14071226119995,0
65.14890336990356,0
65.14899468421936,0
65.15023946762085,0
65.15027451515198,0
65.15443468093872,0
65.15446949005127,0
65.15448307991028,0
65.15479779243469,0
65.15644431114197,0
65.15689015388489,0
65.1569151878357,0
65.16011929512024,0
65.16016268730164,0
65.16037368774414,0
65.17977905273438,0
65.17982769012451,0
65.17984771728516,0
65.19483804702759,0
65.19975233078003,0
65.19979667663574,0
65.19981455802917,0
65.20030498504639,0
65.20062208175659,0
65.20067548751831,0
65.20069527626038,0
65.20437479019165,0
65.20443296432495,0
65.20450282096863,0
65.20455622673035,0
65.20831322669983,0
65.20965695381165,0
65.2195725440979,0
65.21961069107056,0
65.21967911720276,0
65.22321462631226,0
65.22323083877563,0
65.22653341293335,0
65.22670292854309,0
65.22672510147095,0
65.22697854042053,0
65.22799062728882,0
65.2280580997467,0
65.22846293449402,0
65.23675608634949,0
65.23720574378967,0
65.24062132835388,0
65.24065685272217,0
65.24144005775452,0
65.24193572998047,0
65.24198818206787,0
65.26019716262817,0
65.26031851768494,0
65.26034235954285,0
65.26689791679382,0
65.2691490650177,0
65.27287745475769,0
65.27974438667297,0
65.27978706359863,0
65.27984738349915,0
65.28149247169495,0
65.28156352043152,0
65.28161072731018,0
65.28166317939758,0
65.28459930419922,0
65.28463625907898,0
65.28485465049744,0
65.29267716407776,0
65.30145835876465,0
65.30173707008362,0
65.30183267593384,0
65.31696009635925,0
65.31698870658875,0
65.317054271698,0
65.31711602210999,0
65.32055616378784,0
65.32060956954956,0
65.33013558387756,0
65.3301842212677,0
65.33020734786987,0
65.34026527404785,0
65.34029722213745,0
65.34055805206299,0
65.3438310623169,0
65.34387516975403,0
65.34623765945435,0
65.3462860584259,0
65.35189986228943,0
65.35961937904358,0
65.3596510887146,0
65.35966515541077,0
65.38046598434448,0
65.38049507141113,0
65.38050079345703,0
65.39000701904297,0
65.39001679420471,0
65.39005017280579,0
65.39006781578064,0
65.3901629447937,0
65.39025044441223,0
65.39027500152588,0
65.3996353149414,0
65.39968156814575,0
65.39984488487244,0
65.40277218818665,0
65.40281963348389,0
65.40292024612427,0
65.40298271179199,0
65.40575194358826,0
65.4058027267456,0
65.40653586387634,0
65.40667867660522,0
65.41617465019226,0
65.4163658618927,0
65.42039275169373,0
65.42128348350525,0
65.42157649993896,0
65.42299222946167,0
65.42303371429443,0
65.42311191558838,0
65.42483568191528,0
65.43984127044678,0
65.43987655639648,0
65.4399163722992,0
65.44448828697205,0
65.44449949264526,0
65.44949316978455,0
65.44949388504028,0
65.44951105117798,0
65.45022559165955,0
65.45026111602783,0
65.45027756690979,0
65.45626735687256,0
65.45793557167053,0
65.46029114723206,0
65.4605028629303,0
65.46062183380127,0
65.47997450828552,0
65.48001480102539,0
65.48003339767456,0
65.48885822296143,0
65.49135160446167,0
65.49148631095886,0
65.49160504341125,0
65.49183392524719,0
65.49192953109741,0
65.49211263656616,0
65.49312853813171,0
65.49529647827148,0
65.49976754188538,0
65.49981737136841,0
65.49985814094543,0
65.51336431503296,0
65.5198175907135,0
65.51987075805664,0
65.51989221572876,0
65.53644251823425,0
65.53658843040466,0
65.53661298751831,0
65.53670191764832,0
65.53995704650879,0
65.54000425338745,0
65.54002475738525,0
65.55974864959717,0
65.55978989601135,0
65.55979061126709,0
65.57065987586975,0
65.57068395614624,0
65.57069993019104,0
65.57366490364075,0
65.57372879981995,0
65.57632946968079,0
65.57645034790039,0
65.57840132713318,0
65.57986736297607,0
65.57990837097168,0
65.57995319366455,0
65.58240485191345,0
65.59740090370178,0
65.6025857925415,0
65.60260915756226,0
65.6026291847229,0
65.61373353004456,0
65.61376714706421,0
65.61378216743469,0
65.61530613899231,0
65.6154294013977,0
65.61566305160522,0
65.61569905281067,0
65.61976718902588,0
65.6198034286499,0
65.61981916427612,0
65.62144589424133,0
65.6304407119751,0
65.63124513626099,0
65.63950610160828,0
65.63960576057434,0
65.6397476196289,0
65.66046667098999,0
65.66057801246643,0
65.66109323501587,0
65.67050695419312,0
65.67051291465759,0
65.67055654525757,0
65.67056679725647,0
65.67351341247559,0
65.67353868484497,0
65.67455124855042,0
65.67731618881226,0
65.67740821838379,0
65.67933416366577,0
65.67937278747559,0
65.67943120002747,0
65.67948293685913,0
65.6802122592926,0
65.68023943901062,0
65.68026065826416,0
65.68028116226196,0
65.68029952049255,0
65.6815984249115,0
65.68210649490356,0
65.68214011192322,0
65.6831591129303,0
65.70010995864868,0
65.70015692710876,0
65.70021605491638,0
65.70748162269592,0
65.70750784873962,0
65.70752668380737,0
65.70763683319092,0
65.71041774749756,0
65.71045589447021,0
65.71048092842102,0
65.71176266670227,0
65.71889185905457,0
65.71901082992554,0
65.71903371810913,0
65.71905469894409,0
65.7199285030365,0
65.7199695110321,0
65.72006177902222,0
65.73979926109314,0
65.7398030757904,0
65.73982691764832,0
65.74007606506348,0
65.74010276794434,0
65.74011898040771,0
65.74238085746765,0
65.74284052848816,0
65.74888110160828,0
65.74893045425415,0
65.75954103469849,0
65.75957417488098,0
65.75959181785583,0
65.77760410308838,0
65.77955436706543,0
65.77957105636597,0
65.77958559989929,0
65.79985094070435,0
65.79989695549011,0
65.79992032051086,0
65.80154061317444,0
65.80156183242798,0
65.80225157737732,0
65.80229187011719,0
65.80235242843628,0
65.80237603187561,0
65.8210678100586,0
65.82111477851868,0
65.8211362361908,0
65.8253972530365,0
65.82541799545288,0
65.825439453125,0
65.8256847858429,0
65.83995628356934,0
65.8399908542633,0
65.84006190299988,0
65.84119820594788,0
65.84125423431396,0
65.84127378463745,0
65.84186315536499,0
65.84568858146667,0
65.84582734107971,0
65.84586119651794,0
65.84588527679443,0
65.85963940620422,0
65.85968708992004,0
65.85971069335938,0
65.86552429199219,0
65.8696596622467,0
65.8735876083374,0
65.88048815727234,0
65.88055801391602,0
65.88073825836182,0
65.88849067687988,0
65.88907670974731,0
65.88911318778992,0
65.88919162750244,0
65.89079904556274,0
65.89130306243896,0
65.89153265953064,0
65.89304995536804,0
65.89308762550354,0
65.8931794166565,0
65.893394947052,0
65.89643263816833,0
65.89678621292114,0
65.89682865142822,0
65.89956951141357,0
65.89958024024963,0
65.89961814880371,0
65.91996550559998,0
65.91999006271362,0
65.92001605033875,0
65.93320178985596,0
65.95216202735901,0
65.95238471031189,0
65.95238733291626,0
65.97325396537781,0
65.97332191467285,0
65.97348427772522,0
65.99340629577637,0
65.9934651851654,0
65.99346804618835,0
65.99742341041565,0
65.99763107299805,0
65.99766302108765,0
65.99774837493896,0
66.00177216529846,0
66.00184774398804,0
66.00186920166016,0
66.00195145606995,0
66.00201416015625,0
66.00545263290405,0
66.00550961494446,0
66.00552773475647,0
66.00623488426208,0
66.01526045799255,0
66.015300989151,0
66.01531267166138,0
66.01909399032593,0
66.02929210662842,0
66.02931308746338,0
66.02931904792786,0
66.02932715415955,0
66.03456664085388,0
66.03462958335876,0
66.03475451469421,0
66.04248309135437,0
66.04419803619385,0
66.0497624874115,0
66.05023550987244,0
66.0502393245697,0
66.0502667427063,0
66.05180883407593,0
66.05183148384094,0
66.05184173583984,0
66.05352520942688,0
66.0535478591919,0
66.05356478691101,0
66.05487561225891,0
66.05490350723267,0
66.05822110176086,0
66.05834984779358,0
66.06297516822815,0
66.0692720413208,0
66.06929302215576,0
66.06932830810547,0
66.08592104911804,0
66.08593773841858,0
66.08597993850708,0
66.08600640296936,0
66.09800267219543,0
66.09803414344788,0
66.09804725646973,0
66.10247802734375,0
66.10252594947815,0
66.10324788093567,0
66.10729050636292,0
66.11131310462952,0
66.1113429069519,0
66.11140942573547,0
66.13180804252625,0
66.13209986686707,0
66.13247442245483,0
66.1458158493042,0
66.14586448669434,0
66.14688801765442,0
66.14716291427612,0
66.15135860443115,0
66.15138506889343,0
66.15155625343323,0
66.15264630317688,0
66.15267515182495,0
66.15268802642822,0
66.15294528007507,0
66.15422511100769,0
66.15425372123718,0
66.15426826477051,0
66.15697884559631,0
66.1570086479187,0
66.1575129032135,0
66.15754580497742,0
66.16989016532898,0
66.16999125480652,0
66.17002725601196,0
66.17954611778259,0
66.17958092689514,0
66.1795961856842,0
66.19605541229248,0
66.19978904724121,0
66.1998291015625,0
66.199871301651,0
66.20220375061035,0
66.20223498344421,0
66.20225048065186,0
66.20226788520813,0
66.2050187587738,0
66.20508646965027,0
66.20556783676147,0
66.20566725730896,0
66.2112033367157,0
66.21266055107117,0
66.22294783592224,0
66.22298073768616,0
66.22299551963806,0
66.22542381286621,0
66.22578001022339,0
66.22800374031067,0
66.22803163528442,0
66.22804808616638,0
66.22805142402649,0
66.2318983078003,0
66.23195600509644,0
66.23197293281555,0
66.2400426864624,0
66.24004435539246,0
66.24008297920227,0
66.25951170921326,0
66.25954532623291,0
66.2596583366394,0
66.26203274726868,0
66.26206588745117,0
66.27974891662598,0
66.2797863483429,0
66.27982211112976,0
66.29304218292236,0
66.29314804077148,0
66.29457592964172,0
66.29997086524963,0
66.30001068115234,0
66.3001058101654,0
66.30104112625122,0
66.30106329917908,0
66.30107975006104,0
66.30109858512878,0
66.3021035194397,0
66.30225825309753,0
66.30272603034973,0
66.3037793636322,0
66.3107042312622,0
66.31086039543152,0
66.31089925765991,0
66.31128144264221,0
66.31335663795471,0
66.31379055976868,0
66.3138198852539,0
66.3149139881134,0
66.31950950622559,0
66.3196382522583,0
66.31976747512817,0
66.32101440429688,0
66.33998990058899,0
66.34002900123596,0
66.34004521369934,0
66.34139442443848,0
66.34145140647888,0
66.3419988155365,0
66.34203910827637,0
66.35445165634155,0
66.35951280593872,0
66.35954689979553,0
66.35979986190796,0
66.38072204589844,0
66.38075709342957,0
66.38077306747437,0
66.39777994155884,0
66.39799499511719,0
66.39820647239685,0
66.3983690738678,0
66.4009461402893,0
66.40099143981934,0
66.40101194381714,0
66.4059808254242,0
66.40598893165588,0
66.40600824356079,0
66.40708827972412,0
66.40712594985962,0
66.40713119506836,0
66.4074342250824,0
66.4088089466095,0
66.4091784954071,0
66.40951251983643,0
66.40979814529419,0
66.41189670562744,0
66.41260123252869,0
66.4137749671936,0
66.41380286216736,0
66.4171724319458,0
66.4171953201294,0
66.41727805137634,0
66.41729879379272,0
66.41852259635925,0
66.41945219039917,0
66.41953110694885,0
66.4195876121521,0
66.42040538787842,0
66.4214539527893,0
66.43437337875366,0
66.4346034526825,0
66.43668484687805,0
66.43690228462219,0
66.44997668266296,0
66.45001792907715,0
66.45003294944763,0
66.4642870426178,0
66.46832537651062,0
66.47120404243469,0
66.47127199172974,0
66.4715371131897,0
66.47161602973938,0
66.47163820266724,0
66.47189021110535,0
66.47396636009216,0
66.47399473190308,0
66.47399616241455,0
66.47915387153625,0
66.48165249824524,0
66.49275279045105,0
66.49280166625977,0
66.49285244941711,0
66.49361371994019,0
66.51102828979492,0
66.51105976104736,0
66.51107335090637,0
66.51729965209961,0
66.51730871200562,0
66.51733589172363,0
66.51738810539246,0
66.52433228492737,0
66.52473878860474,0
66.52478742599487,0
66.53709363937378,0
66.53712391853333,0
66.53715419769287,0
66.54410290718079,0
66.54437756538391,0
66.54762864112854,0
66.54764366149902,0
66.54859495162964,0
66.55691957473755,0
66.55693984031677,0
66.5569703578949,0
66.55701160430908,0
66.55823469161987,0
66.55825877189636,0
66.55839157104492,0
66.55945420265198,0
66.55947732925415,0
66.55967235565186,0
66.56867694854736,0
66.56870126724243,0
66.56873750686646,0
66.58599090576172,0
66.5917239189148,0
66.5917603969574,0
66.59177494049072,0
66.60348558425903,0
66.60349130630493,0
66.60501527786255,0
66.60505199432373,0
66.60509443283081,0
66.60513114929199,0
66.60875821113586,0
66.60877513885498,0
66.60923194885254,0
66.61243224143982,0
66.61246180534363,0
66.61247539520264,0
66.62637734413147,0
66.62639999389648,0
66.62649965286255,0
66.62652087211609,0
66.62897443771362,0
66.62900757789612,0
66.62902331352234,0
66.6299638748169,0
66.63016033172607,0
66.63122701644897,0
66.63125967979431,0
66.63130068778992,0
66.63133454322815,0
66.63165664672852,0
66.6323778629303,0
66.63964104652405,0
66.63981199264526,0
66.63983058929443,0
66.64040756225586,0
66.64050436019897,0
66.64066410064697,0
66.64068293571472,0
66.6428153514862,0
66.64284706115723,0
66.64328718185425,0
66.65732264518738,0
66.65932250022888,0
66.65934753417969,0
66.65939593315125,0
66.6641013622284,0
66.66413402557373,0
66.66418313980103,0
66.66419816017151,0
66.6754059791565,0
66.67644762992859,0
66.67665576934814,0
66.67938160896301,0
66.67938184738159,0
66.6794216632843,0
66.70001363754272,0
66.70011281967163,0
66.70013499259949,0
66.70114135742188,0
66.7030189037323,0
66.71195578575134,0
66.72001910209656,0
66.72009587287903,0
66.72014999389648,0
66.74080395698547,0
66.74431610107422,0
66.75814914703369,0
66.75981616973877,0
66.75983738899231,0
66.7600166797638,0
66.76003289222717,0
66.76004338264465,0
66.76005673408508,0
66.7605049610138,0
66.76057887077332,0
66.76059436798096,0
66.77968907356262,0
66.77973747253418,0
66.77987599372864,0
66.7900025844574,0
66.79006052017212,0
66.7996141910553,0
66.79969716072083,0
66.80170369148254,0
66.80173230171204,0
66.80175256729126,0
66.80365204811096,0
66.80416584014893,0
66.80829644203186,0
66.81417989730835,0
66.81424689292908,0
66.81975197792053,0
66.82011556625366,0
66.82015228271484,0
66.83431649208069,0
66.83638072013855,0
66.83668398857117,0
66.83686637878418,0
66.83782482147217,0
66.83789873123169,0
66.83800292015076,0
66.83982753753662,0
66.83990859985352,0
66.83996915817261,0
66.84832262992859,0
66.8588137626648,0
66.85883283615112,0
66.8594331741333,0
66.85945177078247,0
66.85957860946655,0
66.86445045471191,0
66.86447334289551,0
66.86474680900574,0
66.8647723197937,0
66.86479067802429,0
66.86483097076416,0
66.87970113754272,0
66.8798656463623,0
66.87988018989563,0
66.88268494606018,0
66.88272404670715,0
66.8828718662262,0
66.8837993144989,0
66.88806486129761,0
66.889577627182,0
66.88959622383118,0
66.89067220687866,0
66.90041208267212,0
66.90044498443604,0
66.90047693252563,0
66.90196943283081,0
66.90198469161987,0
66.90254592895508,0
66.90357613563538,0
66.90457487106323,0
66.90584897994995,0
66.91844725608826,0
66.91849088668823,0
66.91858458518982,0
66.91864538192749,0
66.92078948020935,0
66.92083716392517,0
66.92086100578308,0
66.92226457595825,0
66.92235851287842,0
66.92243766784668,0
66.94313383102417,0
66.94318580627441,0
66.94338035583496,0
66.94343662261963,0
66.94348168373108,0
66.94355654716492,0
66.94360065460205,0
66.95708894729614,0
66.96017146110535,0
66.96029734611511,0
66.96043419837952,0
66.97980856895447,0
66.97984480857849,0
66.97991895675659,0
66.99133729934692,0
66.99137830734253,0
66.99265170097351,0
66.99267673492432,0
66.99269437789917,0
66.9927544593811,0
66.99955701828003,0
66.99959683418274,0
66.9996247291565,0
67.00222778320312,0
67.00251984596252,0
67.0026307106018,0
67.004141330719,0
67.00590467453003,0
67.02079272270203,0
67.02086091041565,0
67.02088379859924,0
67.02093625068665,0
67.02096223831177,0
67.02102327346802,0
67.02110767364502,0
67.0235846042633,0
67.02365183830261,0
67.0242075920105,0
67.03395557403564,0
67.03398275375366,0
67.03679466247559,0
67.03687930107117,0
67.03975200653076,0
67.03976058959961,0
67.03979063034058,0
67.05962610244751,0
67.05968499183655,0
67.05970811843872,0
67.06420683860779,0
67.06698489189148,0
67.06901454925537,0
67.07993984222412,0
67.0799810886383,0
67.0803689956665,0
67.0825047492981,0
67.0825526714325,0
67.08257389068604,0
67.08259725570679,0
67.08669137954712,0
67.08692765235901,0
67.08730983734131,0
67.09546518325806,0
67.09546709060669,0
67.09548544883728,0
67.09549117088318,0
67.1003680229187,0
67.1004319190979,0
67.10049605369568,0
67.10679769515991,0
67.10713839530945,0
67.10717248916626,0
67.11960434913635,0
67.11965107917786,0
67.1197521686554,0
67.12769651412964,0
67.13600897789001,0
67.13602828979492,0
67.13604688644409,0
67.13702845573425,0
67.14125466346741,0
67.14136719703674,0
67.14139199256897,0
67.14247274398804,0
67.14252948760986,0
67.14275455474854,0
67.14276719093323,0
67.14277982711792,0
67.14672517776489,0
67.14672613143921,0
67.14835929870605,0
67.1501977443695,0
67.15963125228882,0
67.15966200828552,0
67.15967655181885,0
67.17832159996033,0
67.17963790893555,0
67.17978167533875,0
67.17980122566223,0
67.20012784004211,0
67.20017457008362,0
67.20019578933716,0
67.20556545257568,0
67.20559406280518,0
67.20856308937073,0
67.20866775512695,0
67.20872807502747,0
67.2087893486023,0
67.21416330337524,0
67.21418809890747,0
67.21420192718506,0
67.21558880805969,0
67.22244644165039,0
67.222496509552,0
67.22268724441528,0
67.23976564407349,0
67.23985743522644,0
67.23987865447998,0
67.24681806564331,0
67.24685716629028,0
67.24695086479187,0
67.2469732761383,0
67.25017404556274,0
67.25021171569824,0
67.2504198551178,0
67.25177240371704,0
67.25180506706238,0
67.25381898880005,0
67.25387358665466,0
67.25726437568665,0
67.26178050041199,0
67.26179528236389,0
67.26179623603821,0
67.27668309211731,0
67.27685189247131,0
67.27692770957947,0
67.27695488929749,0
67.27967619895935,0
67.27971124649048,0
67.27976965904236,0
67.29999732971191,0
67.30005121231079,0
67.30010390281677,0
67.3018114566803,0
67.30186700820923,0
67.30196571350098,0
67.30394530296326,0
67.30562114715576,0
67.30738639831543,0
67.31974792480469,0
67.3197968006134,0
67.31981658935547,0
67.33450198173523,0
67.33454585075378,0
67.33593797683716,0
67.33596920967102,0
67.33841037750244,0
67.3384382724762,0
67.33853006362915,0
67.34045052528381,0
67.3404700756073,0
67.34066367149353,0
67.34167766571045,0
67.34170627593994,0
67.34372091293335,0
67.3437397480011,0
67.35397171974182,0
67.35401320457458,0
67.35402607917786,0
67.35405468940735,0
67.35870218276978,0
67.35882878303528,0
67.35885167121887,0
67.35950350761414,0
67.3595380783081,0
67.35974884033203,0
67.38041996955872,0
67.3804280757904,0
67.38044738769531,0
67.39589643478394,0
67.40084028244019,0
67.40089178085327,0
67.40094017982483,0
67.41961145401001,0
67.41965770721436,0
67.41973280906677,0
67.42638540267944,0
67.42639708518982,0
67.42864894866943,0
67.4288272857666,0
67.42889451980591,0
67.42912435531616,0
67.43160891532898,0
67.43174338340759,0
67.43177008628845,0
67.43995356559753,0
67.44012117385864,0
67.44018173217773,0
67.45770764350891,0
67.45999932289124,0
67.4600567817688,0
67.46011185646057,0
67.47989106178284,0
67.47993874549866,0
67.4800226688385,0
67.49402499198914,0
67.49407458305359,0
67.49588012695312,0
67.49595737457275,0
67.49694323539734,0
67.49972462654114,0
67.49977254867554,0
67.49979853630066,0
67.49981784820557,0
67.50124788284302,0
67.51763463020325,0
67.517657995224,0
67.51768565177917,0
67.51774668693542,0
67.51777815818787,0
67.51784944534302,0
67.51794052124023,0
67.51998567581177,0
67.51998829841614,0
67.52003049850464,0
67.52468967437744,0
67.54113411903381,0
67.54120326042175,0
67.54120683670044,0
67.552561044693,0
67.55425572395325,0
67.55430603027344,0
67.5543372631073,0
67.55550193786621,0
67.55559778213501,0
67.55564093589783,0
67.5564329624176,0
67.55645966529846,0
67.55997467041016,0
67.56000661849976,0
67.56006407737732,0
67.5609347820282,0
67.56095385551453,0
67.56257653236389,0
67.56772065162659,0
67.57959365844727,0
67.57961511611938,0
67.57965803146362,0
67.5959210395813,0
67.60101890563965,0
67.60103273391724,0
67.60106015205383,0
67.60332679748535,0
67.60376143455505,0
67.60474610328674,0
67.6049473285675,0
67.60495352745056,0
67.60764670372009,0
67.60766816139221,0
67.60767102241516,0
67.60771751403809,0
67.610844373703,0
67.61115622520447,0
67.61118340492249,0
67.61119747161865,0
67.61325526237488,0
67.61329364776611,0
67.61344289779663,0
67.61774754524231,0
67.61957621574402,0
67.61981129646301,0
67.61983466148376,0
67.6401789188385,0
67.64022898674011,0
67.64025139808655,0
67.6503381729126,0
67.65038084983826,0
67.65052533149719,0
67.650550365448,0
67.65567278862,0
67.65693163871765,0
67.65966272354126,0
67.65970802307129,0
67.66036653518677,0
67.66247344017029,0
67.66339802742004,0
67.66343522071838,0
67.66644430160522,0
67.66644954681396,0
67.66777300834656,0
67.67956399917603,0
67.67957043647766,0
67.6795859336853,0
67.68065881729126,0
67.68069076538086,0
67.6807050704956,0
67.6807689666748,0
67.68483996391296,0
67.68484377861023,0
67.6855640411377,0
67.69707322120667,0
67.69848585128784,0
67.70042967796326,0
67.7008752822876,0
67.70087933540344,0
67.70530438423157,0
67.71771240234375,0
67.71772027015686,0
67.71775436401367,0
67.7177746295929,0
67.72100400924683,0
67.72105836868286,0
67.72313022613525,0
67.72345018386841,0
67.72348117828369,0
67.72357416152954,0
67.74076080322266,0
67.74079132080078,0
67.74081254005432,0
67.74920010566711,0
67.75407099723816,0
67.75450611114502,0
67.75508093833923,0
67.76121377944946,0
67.76127767562866,0
67.76128220558167,0
67.7622275352478,0
67.76478886604309,0
67.76589179039001,0
67.77960205078125,0
67.77964115142822,0
67.77973651885986,0
67.78663611412048,0
67.78668141365051,0
67.78702735900879,0
67.7870740890503,0
67.79116153717041,0
67.79196906089783,0
67.7923686504364,0
67.80081558227539,0
67.80084323883057,0
67.80086660385132,0
67.80370283126831,0
67.82137107849121,0
67.82180523872375,0
67.82189345359802,0
67.82338428497314,0
67.823814868927,0
67.8253390789032,0
67.82538604736328,0
67.82544112205505,0
67.82557034492493,0
67.82882523536682,0
67.82884812355042,0
67.82890892028809,0
67.84017395973206,0
67.84023213386536,0
67.84030079841614,0
67.85604190826416,0
67.85608005523682,0
67.85849523544312,0
67.85892581939697,0
67.85959529876709,0
67.85962915420532,0
67.85964703559875,0
67.88022065162659,0
67.8802719116211,0
67.88029503822327,0
67.88480138778687,0
67.88519859313965,0
67.88524103164673,0
67.88526463508606,0
67.8882429599762,0
67.8882691860199,0
67.88829278945923,0
67.88898539543152,0
67.9007842540741,0
67.90083169937134,0
67.9009006023407,0
67.90479159355164,0
67.90483975410461,0
67.90489387512207,0
67.90497779846191,0
67.91001510620117,0
67.91006398200989,0
67.91021180152893,0
67.9114236831665,0
67.92080855369568,0
67.92082118988037,0
67.92088913917542,0
67.94607758522034,0
67.94612908363342,0
67.94618201255798,0
67.95393109321594,0
67.95402550697327,0
67.95404720306396,0
67.9541187286377,0
67.95413899421692,0
67.95420694351196,0
67.95423030853271,0
67.95743107795715,0
67.95984673500061,0
67.95988392829895,0
67.96008777618408,0
67.96061038970947,0
67.96163177490234,0
67.96171998977661,0
67.9796130657196,0
67.97965288162231,0
67.97966861724854,0
68.000253200531,0
68.00025844573975,0
68.00031185150146,0
68.01237797737122,0
68.01964020729065,0
68.0197970867157,0
68.01982617378235,0
68.02155089378357,0
68.02157044410706,0
68.04030466079712,0
68.04032373428345,0
68.04036259651184,0
68.06032848358154,0
68.06122708320618,0
68.06184816360474,0
68.06346201896667,0
68.0634913444519,0
68.06351232528687,0
68.06359076499939,0
68.07283020019531,0
68.0728657245636,0
68.07293033599854,0
68.07450294494629,0
68.0797975063324,0
68.0798876285553,0
68.08024573326111,0
68.08115863800049,0
68.08933067321777,0
68.08987927436829,0
68.09966325759888,0
68.09969401359558,0
68.09970617294312,0
68.10858631134033,0
68.10859704017639,0
68.11050534248352,0
68.11053085327148,0
68.11411595344543,0
68.11414456367493,0
68.11903524398804,0
68.11905884742737,0
68.11941933631897,0
68.11944246292114,0
68.11946368217468,0
68.12005877494812,0
68.12008428573608,0
68.12009692192078,0
68.12142896652222,0
68.12145590782166,0
68.12146592140198,0
68.121497631073,0
68.1222972869873,0
68.12232160568237,0
68.12239074707031,0
68.12281799316406,0
68.1397442817688,0
68.13977122306824,0
68.13980674743652,0
68.14348983764648,0
68.14349126815796,0
68.14350056648254,0
68.1450207233429,0
68.14554643630981,0
68.14555859565735,0
68.14726305007935,0
68.14727783203125,0
68.14792037010193,0
68.1518292427063,0
68.15185904502869,0
68.15949511528015,0
68.15952229499817,0
68.15953278541565,0
68.17940831184387,0
68.17943811416626,0
68.17945432662964,0
68.18595218658447,0
68.18764019012451,0
68.18836092948914,0
68.19940423965454,0
68.199467420578,0
68.19948077201843,0
68.21002554893494,0
68.21005511283875,0
68.21121311187744,0
68.21123337745667,0
68.21130919456482,0
68.21176218986511,0
68.21404504776001,0
68.21406579017639,0
68.2141330242157,0
68.214595079422,0
68.21951961517334,0
68.219557762146,0
68.21957302093506,0
68.22592258453369,0
68.22593641281128,0
68.22595500946045,0
68.22604298591614,0
68.23119235038757,0
68.23131084442139,0
68.23134136199951,0
68.23148727416992,0
68.23150849342346,0
68.23586869239807,0
68.2358911037445,0
68.23977136611938,0
68.23981356620789,0
68.24143385887146,0
68.25992512702942,0
68.25995826721191,0
68.25997281074524,0
68.27472519874573,0
68.27975535392761,0
68.27978777885437,0
68.27993726730347,0
68.2982132434845,0
68.29926300048828,0
68.29928088188171,0
68.29929327964783,0
68.29930567741394,0
68.29931712150574,0
68.29993200302124,0
68.30061435699463,0
68.30064511299133,0
68.30068850517273,0
68.31591820716858,0
68.31685042381287,0
68.3175675868988,0
68.31937432289124,0
68.31939816474915,0
68.3194088935852,0
68.33943176269531,0
68.33946251869202,0
68.33947396278381,0
68.3492820262909,0
68.34928464889526,0
68.34929871559143,0
68.34933733940125,0
68.35759949684143,0
68.35761165618896,0
68.35762357711792,0
68.35847616195679,0
68.35847854614258,0
68.35970735549927,0
68.3597309589386,0
68.36006379127502,0
68.3621473312378,0
68.36323761940002,0
68.36441016197205,0
68.36441087722778,0
68.36443400382996,0
68.36443877220154,0
68.36641812324524,0
68.36718487739563,0
68.36721539497375,0
68.3799180984497,0
68.37995719909668,0
68.37997102737427,0
68.38482022285461,0
68.38796544075012,0
68.38798666000366,0
68.38917660713196,0
68.3892195224762,0
68.38951754570007,0
68.39004230499268,0
68.39933156967163,0
68.3993456363678,0
68.39938306808472,0
68.40655493736267,0
68.40657305717468,0
68.40716481208801,0
68.40794396400452,0
68.41007041931152,0
68.41382122039795,0
68.4192476272583,0
68.41927242279053,0
68.4193525314331,0
68.43330264091492,0
68.4344584941864,0
68.43452095985413,0
68.43454051017761,0
68.43937230110168,0
68.43941450119019,0
68.43962335586548,0
68.45997071266174,0
68.4599974155426,0
68.46003007888794,0
68.46153497695923,0
68.46200323104858,0
68.46245503425598,0
68.46347308158875,0
68.4635021686554,0
68.46570420265198,0
68.46571731567383,0
68.47929382324219,0
68.47932386398315,0
68.47937250137329,0
68.48019218444824,0
68.49950933456421,0
68.50015544891357,0
68.50025081634521,0
68.50895714759827,0
68.50896859169006,0
68.50897932052612,0
68.50899124145508,0
68.51954078674316,0
68.5195677280426,0
68.51961374282837,0
68.5395143032074,0
68.5395438671112,0
68.53959155082703,0
68.54429769515991,0
68.54431629180908,0
68.54435300827026,0
68.54590249061584,0
68.54812479019165,0
68.559406042099,0
68.55943965911865,0
68.56103610992432,0
68.56497025489807,0
68.56499528884888,0
68.57949900627136,0
68.57952642440796,0
68.57952928543091,0
68.59540295600891,0
68.59545421600342,0
68.59660172462463,0
68.59951949119568,0
68.59953904151917,0
68.59980702400208,0
68.60072135925293,0
68.60074019432068,0
68.60217595100403,0
68.60219550132751,0
68.60223841667175,0
68.60230016708374,0
68.60383296012878,0
68.60383820533752,0
68.60384202003479,0
68.6078040599823,0
68.60783910751343,0
68.60785293579102,0
68.60786938667297,0
68.6099636554718,0
68.610023021698,0
68.61006617546082,0
68.61088109016418,0
68.61949062347412,0
68.61952757835388,0
68.61954188346863,0
68.63384008407593,0
68.63446855545044,0
68.63462209701538,0
68.63467049598694,0
68.63591980934143,0
68.6361083984375,0
68.64025211334229,0
68.64030408859253,0
68.64035296440125,0
68.64065742492676,0
68.6406672000885,0
68.64089965820312,0
68.64284896850586,0
68.64410161972046,0
68.66000962257385,0
68.66004204750061,0
68.66005611419678,0
68.67971682548523,0
68.6797387599945,0
68.67978405952454,0
68.69239258766174,0
68.70106053352356,0
68.7010908126831,0
68.70111513137817,0
68.71697330474854,0
68.71699810028076,0
68.71700644493103,0
68.71701049804688,0
68.71878266334534,0
68.71896886825562,0
68.71898603439331,0
68.71941375732422,0
68.71952438354492,0
68.71954584121704,0
68.73556518554688,0
68.73606133460999,0
68.73699259757996,0
68.73703336715698,0
68.74020195007324,0
68.74022674560547,0
68.74023985862732,0
68.75268483161926,0
68.7596185207367,0
68.75965929031372,0
68.75967049598694,0
68.77810645103455,0
68.77813005447388,0
68.77814221382141,0
68.778156042099,0
68.77942419052124,0
68.7794291973114,0
68.77944087982178,0
68.79944014549255,0
68.7994921207428,0
68.79950523376465,0
68.81211709976196,0
68.8121566772461,0
68.81318259239197,0
68.8135941028595,0
68.81508564949036,0
68.81619071960449,0
68.82010531425476,0
68.82012629508972,0
68.82020783424377,0
68.8208212852478,0
68.82084560394287,0
68.82199931144714,0
68.82203483581543,0
68.82247591018677,0
68.82280492782593,0
68.82617282867432,0
68.82619571685791,0
68.82620882987976,0
68.82628893852234,0
68.82936573028564,0
68.82940483093262,0
68.82947826385498,0
68.83438014984131,0
68.8348217010498,0
68.83609771728516,0
68.83618450164795,0
68.83951497077942,0
68.83955264091492,0
68.83956837654114,0
68.85958886146545,0
68.85988259315491,0
68.85993933677673,0
68.87112927436829,0
68.87963247299194,0
68.8796637058258,0
68.87978649139404,0
68.88384461402893,0
68.88386058807373,0
68.88387441635132,0
68.88388872146606,0
68.88445258140564,0
68.88459157943726,0
68.88461112976074,0
68.88839888572693,0
68.89397740364075,0
68.89518427848816,0
68.89891219139099,0
68.89973545074463,0
68.89976024627686,0
68.89977097511292,0
68.90212202072144,0
68.91949844360352,0
68.9195294380188,0
68.91953229904175,0
68.9213809967041,0
68.92139554023743,0
68.92143559455872,0
68.92146754264832,0
68.92391324043274,0
68.9239284992218,0
68.92436027526855,0
68.9249837398529,0
68.92503237724304,0
68.92664623260498,0
68.92668557167053,0
68.9393937587738,0
68.93941974639893,0
68.9394645690918,0
68.9538426399231,0
68.95975422859192,0
68.95976758003235,0
68.96062898635864,0
68.97959232330322,0
68.9796187877655,0
68.97963404655457,0
68.98721170425415,0
68.98723697662354,0
68.98725199699402,0
68.98731422424316,0
68.99086260795593,0
68.99086928367615,0
68.990882396698,0
68.99482989311218,0
68.99933767318726,0
68.99936699867249,0
68.99938011169434,0
69.0198609828949,0
69.01989579200745,0
69.01991200447083,0
69.03978204727173,0
69.0398280620575,0
69.03991341590881,0
69.04516053199768,0
69.0452823638916,0
69.04790496826172,0
69.04793381690979,0
69.0479519367218,0
69.04797434806824,0
69.05395030975342,0
69.05397486686707,0
69.05487751960754,0
69.05531644821167,0
69.05745768547058,0
69.05754661560059,0
69.05970573425293,0
69.05973720550537,0
69.05978560447693,0
69.06136393547058,0
69.06138014793396,0
69.0633716583252,0
69.07959151268005,0
69.07962441444397,0
69.07963919639587,0
69.0865261554718,0
69.08653998374939,0
69.0865535736084,0
69.08656740188599,0
69.08861207962036,0
69.08861899375916,0
69.08897256851196,0
69.09019041061401,0
69.09020614624023,0
69.09021711349487,0
69.09022760391235,0
69.09195184707642,0
69.09199500083923,0
69.09201049804688,0
69.09378981590271,0
69.10007381439209,0
69.10010194778442,0
69.11944079399109,0
69.1194679737091,0
69.11947822570801,0
69.12705779075623,0
69.1270809173584,0
69.12708234786987,0
69.12709093093872,0
69.12924480438232,0
69.12925386428833,0
69.129310131073,0
69.13081932067871,0
69.130863904953,0
69.13457465171814,0
69.13461232185364,0
69.13563776016235,0
69.13965272903442,0
69.13968133926392,0
69.1396951675415,0
69.14236783981323,0
69.14237928390503,0
69.14238977432251,0
69.14240169525146,0
69.14353060722351,0
69.14354419708252,0
69.14370441436768,0
69.1606993675232,0
69.16073083877563,0
69.1607894897461,0
69.17113089561462,0
69.17935180664062,0
69.17937779426575,0
69.17942142486572,0
69.18020963668823,0
69.18021988868713,0
69.19938135147095,0
69.19945359230042,0
69.1994698047638,0
69.21167731285095,0
69.2116973400116,0
69.21171069145203,0
69.21172857284546,0
69.21444892883301,0
69.21453404426575,0
69.21455335617065,0
69.21573758125305,0
69.217453956604,0
69.21824860572815,0
69.22008609771729,0
69.22014117240906,0
69.22016167640686,0
69.23636269569397,0
69.23636770248413,0
69.23984241485596,0
69.23989987373352,0
69.23995542526245,0
69.24001884460449,0
69.24004054069519,0
69.24011278152466,0
69.24015998840332,0
69.24020648002625,0
69.24024844169617,0
69.24029445648193,0
69.24339532852173,0
69.24342656135559,0
69.24349999427795,0
69.24626278877258,0
69.2545371055603,0
69.26013135910034,0
69.26015663146973,0
69.26044082641602,0
69.27755761146545,0
69.277578830719,0
69.27766418457031,0
69.27768778800964,0
69.27933716773987,0
69.27936100959778,0
69.27940559387207,0
69.29291582107544,0
69.29330444335938,0
69.2938756942749,0
69.29961895942688,0
69.2996518611908,0
69.29975438117981,0
69.31354928016663,0
69.31357598304749,0
69.31358575820923,0
69.31361269950867,0
69.3163423538208,0
69.31637048721313,0
69.31670331954956,0
69.31962656974792,0
69.31965279579163,0
69.31966376304626,0
69.3336079120636,0
69.33951830863953,0
69.33953714370728,0
69.3395528793335,0
69.3612928390503,0
69.3613178730011,0
69.36156606674194,0
69.36249589920044,0
69.3625385761261,0
69.36264085769653,0
69.36265420913696,0
69.36599588394165,0
69.3660147190094,0
69.36690258979797,0
69.36751103401184,0
69.36755418777466,0
69.37928867340088,0
69.37932848930359,0
69.37934398651123,0
69.38593554496765,0
69.38596296310425,0
69.38757634162903,0
69.38760662078857,0
69.38762378692627,0
69.39821314811707,0
69.39918279647827,0
69.39944648742676,0
69.39945864677429,0
69.39946484565735,0
69.40032982826233,0
69.41947793960571,0
69.41951322555542,0
69.4195282459259,0
69.42916488647461,0
69.42921757698059,0
69.42923855781555,0
69.42930030822754,0
69.43162059783936,0
69.43165493011475,0
69.43256855010986,0
69.43295359611511,0
69.43299150466919,0
69.43572950363159,0
69.43576049804688,0
69.43817067146301,0
69.43986392021179,0
69.44008326530457,0
69.4401798248291,0
69.46017909049988,0
69.46021437644958,0
69.46025156974792,0
69.46289920806885,0
69.46481251716614,0
69.46484637260437,0
69.46485662460327,0
69.46543431282043,0
69.46599960327148,0
69.46632957458496,0
69.46659398078918,0
69.47982573509216,0
69.47993421554565,0
69.48016023635864,0
69.48479676246643,0
69.48493671417236,0
69.48495054244995,0
69.4849624633789,0
69.48507404327393,0
69.48511385917664,0
69.48515009880066,0
69.50044322013855,0
69.500479221344,0
69.50049018859863,0
69.5013415813446,0
69.50136923789978,0
69.50137901306152,0
69.50138878822327,0
69.50323534011841,0
69.5032753944397,0
69.50329160690308,0
69.50372195243835,0
69.51290225982666,0
69.51293516159058,0
69.51298570632935,0
69.5130250453949,0
69.51965475082397,0
69.51967692375183,0
69.51973056793213,0
69.53951072692871,0
69.53953576087952,0
69.53956961631775,0
69.54314756393433,0
69.54316520690918,0
69.5437364578247,0
69.5443766117096,0
69.54440021514893,0
69.54641103744507,0
69.54643440246582,0
69.5470118522644,0
69.56116223335266,0
69.56126594543457,0
69.56128263473511,0
69.56728172302246,0
69.56801009178162,0
69.57980108261108,0
69.57985353469849,0
69.57986092567444,0
69.58375811576843,0
69.58395099639893,0
69.58397197723389,0
69.58401298522949,0
69.5849871635437,0
69.58500719070435,0
69.58541560173035,0
69.5997622013092,0
69.5997965335846,0
69.59982895851135,0
69.61993837356567,0
69.61997032165527,0
69.62003254890442,0
69.6394989490509,0
69.63953924179077,0
69.63959670066833,0
69.6474974155426,0
69.65636348724365,0
69.65707397460938,0
69.65926814079285,0
69.65930342674255,0
69.65932035446167,0
69.65933775901794,0
69.66066026687622,0
69.66069602966309,0
69.6607117652893,0
69.66318130493164,0
69.6632068157196,0
69.66321134567261,0
69.6734688282013,0
69.67350816726685,0
69.67619705200195,0
69.67622971534729,0
69.67769718170166,0
69.679607629776,0
69.6796338558197,0
69.68021535873413,0
69.68023943901062,0
69.68783736228943,0
69.69322228431702,0
69.69324803352356,0
69.69336104393005,0
69.69390892982483,0
69.70170545578003,0
69.70171737670898,0
69.7017273902893,0
69.7056052684784,0
69.70561838150024,0
69.70563316345215,0
69.70569086074829,0
69.71488642692566,0
69.71490859985352,0
69.71494317054749,0
69.71495628356934,0
69.71757435798645,0
69.71758317947388,0
69.71802401542664,0
69.71945452690125,0
69.71945571899414,0
69.71947455406189,0
69.73952436447144,0
69.73952460289001,0
69.73956084251404,0
69.74381065368652,0
69.74421000480652,0
69.74620127677917,0
69.74627470970154,0
69.74727535247803,0
69.7472972869873,0
69.74737071990967,0
69.74738478660583,0
69.74867582321167,0
69.74871706962585,0
69.74929356575012,0
69.75489664077759,0
69.75989127159119,0
69.75992202758789,0
69.75993251800537,0
69.77930045127869,0
69.77933168411255,0
69.77934432029724,0
69.78609657287598,0
69.7915608882904,0
69.79158973693848,0
69.79160356521606,0
69.79167032241821,0
69.79264616966248,0
69.79265999794006,0
69.79281520843506,0
69.79800629615784,0
69.79942750930786,0
69.79945397377014,0
69.79983878135681,0
69.80033946037292,0
69.81174564361572,0
69.8197693824768,0
69.8198025226593,0
69.82006907463074,0
69.83963370323181,0
69.83966970443726,0
69.83973550796509,0
69.84347939491272,0
69.8435971736908,0
69.84502696990967,0
69.84737801551819,0
69.84742307662964,0
69.84744215011597,0
69.8475661277771,0
69.84760451316833,0
69.84764313697815,0
69.85487151145935,0
69.85490846633911,0
69.85734128952026,0
69.85754561424255,0
69.85976266860962,0
69.85979914665222,0
69.85981369018555,0
69.8794903755188,0
69.8795211315155,0
69.87953519821167,0
69.88320279121399,0
69.8883752822876,0
69.8884015083313,0
69.88843750953674,0
69.88846945762634,0
69.89830470085144,0
69.89832663536072,0
69.89843845367432,0
69.89993095397949,0
69.8999571800232,0
69.89997005462646,0
69.91990494728088,0
69.91993260383606,0
69.91996169090271,0
69.94085741043091,0
69.9409019947052,0
69.94091463088989,0
69.9599232673645,0
69.95995235443115,0
69.9600019454956,0
69.96639156341553,0
69.9792709350586,0
69.97928380966187,0
69.97934031486511,0
69.9918258190155,0
69.9918417930603,0
69.99189925193787,0
69.99191665649414,0
69.99480843544006,0
69.99484062194824,0
69.9960265159607,0
69.99605584144592,0
69.99928116798401,0
69.9993064403534,0
69.99939751625061,0
70.01283812522888,0
70.01291298866272,0
70.01457262039185,0
70.01835680007935,0
70.0183572769165,0
70.01838612556458,0
70.01839828491211,0
70.01952743530273,0
70.0195620059967,0
70.01962614059448,0
70.02070355415344,0
70.02072358131409,0
70.02077174186707,0
70.02558588981628,0
70.02687644958496,0
70.03987240791321,0
70.03993558883667,0
70.03998184204102,0
70.06008076667786,0
70.0600996017456,0
70.06023073196411,0
70.06027388572693,0
70.06030821800232,0
70.06035041809082,0
70.06141781806946,0
70.06170749664307,0
70.06172513961792,0
70.08074235916138,0
70.08091759681702,0
70.0819182395935,0
70.09155583381653,0
70.09158515930176,0
70.09188532829285,0
70.0934066772461,0
70.09343314170837,0
70.09483575820923,0
70.0951132774353,0
70.09548473358154,0
70.09810948371887,0
70.09949779510498,0
70.09952545166016,0
70.09963274002075,0
70.10234689712524,0
70.1194396018982,0
70.11946821212769,0
70.11947894096375,0
70.12321257591248,0
70.12413334846497,0
70.12415885925293,0
70.12417125701904,0
70.12511968612671,0
70.1268036365509,0
70.12682962417603,0
70.12721920013428,0
70.13245487213135,0
70.13278150558472,0
70.13956117630005,0
70.13958764076233,0
70.13959813117981,0
70.15282702445984,0
70.15304732322693,0
70.15665626525879,0
70.16027498245239,0
70.16028833389282,0
70.16028881072998,0
70.179279088974,0
70.17930579185486,0
70.17934966087341,0
70.17996454238892,0
70.17998957633972,0
70.18004512786865,0
70.18006229400635,0
70.19959783554077,0
70.19963121414185,0
70.19964528083801,0
70.21179580688477,0
70.21182298660278,0
70.2123372554779,0
70.21325349807739,0
70.2151038646698,0
70.21594619750977,0
70.21942353248596,0
70.21945238113403,0
70.21946549415588,0
70.23382639884949,0
70.23685455322266,0
70.23913860321045,0
70.23917651176453,0
70.23922824859619,0
70.23927760124207,0
70.23938322067261,0
70.23943161964417,0
70.23947882652283,0
70.24062633514404,0
70.24067211151123,0
70.24069285392761,0
70.2413821220398,0
70.2414197921753,0
70.24404120445251,0
70.24409699440002,0
70.24631309509277,0
70.24632000923157,0
70.24633264541626,0
70.2463641166687,0
70.24835991859436,0
70.24846482276917,0
70.24848747253418,0
70.25270676612854,0
70.25962853431702,0
70.25966501235962,0
70.25971531867981,0
70.27959942817688,0
70.27962017059326,0
70.27963352203369,0
70.27964758872986,0
70.2796642780304,0
70.2798683643341,0
70.2800931930542,0
70.28200244903564,0
70.28202033042908,0
70.28220582008362,0
70.29685711860657,0
70.29847693443298,0
70.29943251609802,0
70.29945874214172,0
70.29946994781494,0
70.29980826377869,0
70.31614208221436,0
70.31660604476929,0
70.31661438941956,0
70.3166229724884,0
70.31800365447998,0
70.31801152229309,0
70.31820726394653,0
70.31945705413818,0
70.31948375701904,0
70.3194944858551,0
70.33482694625854,0
70.33483004570007,0
70.33597946166992,0
70.33633065223694,0
70.33953833580017,0
70.34079575538635,0
70.34084224700928,0
70.35427188873291,0
70.35955381393433,0
70.35957646369934,0
70.35958933830261,0
70.37918543815613,0
70.37921190261841,0
70.37932181358337,0
70.38638639450073,0
70.386390209198,0
70.38639879226685,0
70.38641333580017,0
70.38646292686462,0
70.38899302482605,0
70.38904762268066,0
70.38942050933838,0
70.39939379692078,0
70.39942216873169,0
70.39942383766174,0
70.4042022228241,0
70.40652370452881,0
70.41965985298157,0
70.41969609260559,0
70.41971158981323,0
70.42517280578613,0
70.42525506019592,0
70.42640662193298,0
70.42659854888916,0
70.4266288280487,0
70.42668747901917,0
70.4288899898529,0
70.42894124984741,0
70.42898988723755,0
70.43935775756836,0
70.43939065933228,0
70.43952798843384,0
70.44365572929382,0
70.44369459152222,0
70.44587397575378,0
70.44604301452637,0
70.44699311256409,0
70.45089650154114,0
70.45978260040283,0
70.45982003211975,0
70.45984053611755,0
70.4804916381836,0
70.48056268692017,0
70.48057794570923,0
70.48691368103027,0
70.49383473396301,0
70.49414134025574,0
70.4941463470459,0
70.49415254592896,0
70.49974703788757,0
70.49977278709412,0
70.49982047080994,0
70.51981019973755,0
70.51983404159546,0
70.51987361907959,0
70.52306699752808,0
70.5230803489685,0
70.52328062057495,0
70.52476811408997,0
70.52479553222656,0
70.52480792999268,0
70.52481198310852,0
70.52612233161926,0
70.52614760398865,0
70.52616238594055,0
70.52679109573364,0
70.5419270992279,0
70.54195284843445,0
70.54196429252625,0
70.54448819160461,0
70.54457068443298,0
70.54464101791382,0
70.54465627670288,0
70.54759407043457,0
70.54763698577881,0
70.55491018295288,0
70.55493569374084,0
70.55581879615784,0
70.55937933921814,0
70.5596125125885,0
70.55970549583435,0
70.580153465271,0
70.58018040657043,0
70.5801911354065,0
70.58156967163086,0
70.58158707618713,0
70.58158802986145,0
70.58159971237183,0
70.58308362960815,0
70.58308434486389,0
70.58309817314148,0
70.5996880531311,0
70.59971737861633,0
70.59985733032227,0
70.61119627952576,0
70.61941242218018,0
70.61944460868835,0
70.61945843696594,0
70.63607239723206,0
70.63615369796753,0
70.63971734046936,0
70.63975763320923,0
70.63977336883545,0
70.65985536575317,0
70.65989184379578,0
70.65990662574768,0
70.66797852516174,0
70.66799521446228,0
70.66809391975403,0
70.66811060905457,0
70.6702287197113,0
70.67024230957031,0
70.6702446937561,0
70.67234563827515,0
70.6723620891571,0
70.67581701278687,0
70.67585635185242,0
70.6766128540039,0
70.67955803871155,0
70.67958998680115,0
70.67959356307983,0
70.69244623184204,0
70.69539451599121,0
70.70014190673828,0
70.7001531124115,0
70.70016598701477,0
70.70022392272949,0
70.70024108886719,0
70.70031642913818,0
70.70033001899719,0
70.70393466949463,0
70.70415472984314,0
70.70418047904968,0
70.70458674430847,0
70.70607542991638,0
70.71231746673584,0
70.72018265724182,0
70.72132563591003,0
70.721355676651,0
70.73994994163513,0
70.7399754524231,0
70.74000787734985,0
70.74352765083313,0
70.74354004859924,0
70.74354982376099,0
70.74356150627136,0
70.746089220047,0
70.74610257148743,0
70.74611496925354,0
70.74717283248901,0
70.74718880653381,0
70.74819612503052,0
70.74820828437805,0
70.76061487197876,0
70.76486253738403,0
70.76489329338074,0
70.76565361022949,0
70.76566815376282,0
70.7656774520874,0
70.76569628715515,0
70.76575660705566,0
70.76580333709717,0
70.76581883430481,0
70.76603150367737,0
70.77949285507202,0
70.77952003479004,0
70.7795729637146,0
70.7870762348175,0
70.7871024608612,0
70.78711342811584,0
70.7871265411377,0
70.78838777542114,0
70.78840136528015,0
70.78844404220581,0
70.79936575889587,0
70.79940009117126,0
70.79941296577454,0
70.80442643165588,0
70.8063452243805,0
70.8070158958435,0
70.81969833374023,0
70.81972980499268,0
70.81974363327026,0
70.82067465782166,0
70.82068610191345,0
70.8223352432251,0
70.82280945777893,0
70.822829246521,0
70.8228440284729,0
70.82568550109863,0
70.82585906982422,0
70.82607388496399,0
70.83856081962585,0
70.83859777450562,0
70.83997774124146,0
70.84027051925659,0
70.84040141105652,0
70.84096789360046,0
70.84103631973267,0
70.85353875160217,0
70.86028361320496,0
70.8602979183197,0
70.86045598983765,0
70.88500928878784,0
70.88504147529602,0
70.88509774208069,0
70.88768291473389,0
70.88770914077759,0
70.88771271705627,0
70.8878333568573,0
70.88798832893372,0
70.88803625106812,0
70.88863778114319,0
70.89939904212952,0
70.89943027496338,0
70.8994448184967,0
70.91190004348755,0
70.91958451271057,0
70.9196264743805,0
70.91964054107666,0
70.93242454528809,0
70.93246269226074,0
70.93248081207275,0
70.9326057434082,0
70.94059872627258,0
70.94089269638062,0
70.94096255302429,0
70.96423721313477,0
70.96427512168884,0
70.96669030189514,0
70.96671962738037,0
70.96687340736389,0
70.96690082550049,0
70.9675509929657,0
70.9675784111023,0
70.98006772994995,0
70.98011088371277,0
70.98012948036194,0
70.99833083152771,0
70.99835801124573,0
71.00068616867065,0
71.00080895423889,0
71.00082778930664,0
71.01601123809814,0
71.01994299888611,0
71.01997876167297,0
71.02026319503784,0
71.02285933494568,0
71.02286648750305,0
71.02418780326843,0
71.02420210838318,0
71.02422094345093,0
71.02422451972961,0
71.03317141532898,0
71.03322196006775,0
71.03329181671143,0
71.03559350967407,0
71.0356285572052,0
71.03569960594177,0
71.03576397895813,0
71.03984928131104,0
71.03991794586182,0
71.03994703292847,0
71.05986261367798,0
71.05991339683533,0
71.06122159957886,0
71.07952046394348,0
71.07956576347351,0
71.07981753349304,0
71.08335518836975,0
71.08340859413147,0
71.08344101905823,0
71.08456563949585,0
71.08655214309692,0
71.09961986541748,0
71.0996425151825,0
71.09980583190918,0
71.09982681274414,0
71.10043740272522,0
71.10193109512329,0
71.10195064544678,0
71.10630130767822,0
71.10635185241699,0
71.10639214515686,0
71.10643553733826,0
71.1194236278534,0
71.11945009231567,0
71.11952519416809,0
71.12914562225342,0
71.12918543815613,0
71.12919998168945,0
71.13126301765442,0
71.13652729988098,0
71.13655209541321,0
71.13657832145691,0
71.13880467414856,0
71.13905882835388,0
71.13909649848938,0
71.1397454738617,0
71.13977026939392,0
71.13979697227478,0
71.14023923873901,0
71.14027786254883,0
71.1507396697998,0
71.15281653404236,0
71.15394282341003,0
71.15577530860901,0
71.15951538085938,0
71.1595447063446,0
71.15960550308228,0
71.16374897956848,0
71.1828362941742,0
71.18286371231079,0
71.18287396430969,0
71.18699669837952,0
71.18700838088989,0
71.18705177307129,0
71.18812537193298,0
71.1890127658844,0
71.1891860961914,0
71.19027471542358,0
71.19028687477112,0
71.19104290008545,0
71.19936180114746,0
71.19939351081848,0
71.19939589500427,0
71.20289158821106,0
71.20614743232727,0
71.20629405975342,0
71.2070837020874,0
71.20709896087646,0
71.20710968971252,0
71.20712184906006,0
71.21205067634583,0
71.21206736564636,0
71.21210741996765,0
71.21935057640076,0
71.21938252449036,0
71.21945190429688,0
71.23954367637634,0
71.23954391479492,0
71.23962998390198,0
71.2543478012085,0
71.25438261032104,0
71.25439739227295,0
71.25447511672974,0
71.25673174858093,0
71.25679659843445,0
71.25681710243225,0
71.26306176185608,0
71.26315546035767,0
71.26320052146912,0
71.28002047538757,0
71.28005242347717,0
71.28006792068481,0
71.28554606437683,0
71.28562378883362,0
71.28784728050232,0
71.28790712356567,0
71.28883266448975,0
71.29478430747986,0
71.29493308067322,0
71.29494905471802,0
71.2949628829956,0
71.2994532585144,0
71.29945373535156,0
71.29948997497559,0
71.31730556488037,0
71.3173291683197,0
71.31735968589783,0
71.3181471824646,0
71.31969380378723,0
71.31971621513367,0
71.32025527954102,0
71.3328366279602,0
71.33286690711975,0
71.33957171440125,0
71.33959817886353,0
71.33965587615967,0
71.35452175140381,0
71.3545286655426,0
71.35522890090942,0
71.35965180397034,0
71.35967969894409,0
71.35985565185547,0
71.37934446334839,0
71.37937068939209,0
71.37938117980957,0
71.38759207725525,0
71.38790893554688,0
71.38812232017517,0
71.38956451416016,0
71.39016246795654,0
71.39017510414124,0
71.3902325630188,0
71.39233994483948,0
71.39998412132263,0
71.40000915527344,0
71.40004587173462,0
71.40194344520569,0
71.40195083618164,0
71.40317130088806,0
71.40319323539734,0
71.40344333648682,0
71.40346550941467,0
71.40438437461853,0
71.40497875213623,0
71.40523362159729,0
71.4192807674408,0
71.4193069934845,0
71.41931772232056,0
71.43844223022461,0
71.43847584724426,0
71.43951511383057,0
71.43966960906982,0
71.4396870136261,0
71.44056868553162,0
71.44061064720154,0
71.44113445281982,0
71.45412468910217,0
71.45415782928467,0
71.45423579216003,0
71.45428466796875,0
71.4596016407013,0
71.45962285995483,0
71.45963668823242,0
71.47979998588562,0
71.47982931137085,0
71.47983360290527,0
71.4880964756012,0
71.4881477355957,0
71.48880004882812,0
71.49117112159729,0
71.49135446548462,0
71.49137210845947,0
71.49153351783752,0
71.49315977096558,0
71.49359178543091,0
71.49376606941223,0
71.49455523490906,0
71.4995470046997,0
71.49963712692261,0
71.49965262413025,0
71.50265979766846,0
71.50271797180176,0
71.50273418426514,0
71.50280380249023,0
71.50630331039429,0
71.50632929801941,0
71.50634050369263,0
71.51735019683838,0
71.51952576637268,0
71.51955342292786,0
71.52155900001526,0
71.52218055725098,0
71.5376181602478,0
71.53782677650452,0
71.53918719291687,0
71.53923201560974,0
71.53985667228699,0
71.54074883460999,0
71.5407702922821,0
71.55667996406555,0
71.55935668945312,0
71.55937957763672,0
71.55943059921265,0
71.57999682426453,0
71.58006978034973,0
71.58008456230164,0
71.58487606048584,0
71.58490061759949,0
71.5849437713623,0
71.58660697937012,0
71.5867006778717,0
71.58675456047058,0
71.58680701255798,0
71.58736944198608,0
71.58898758888245,0
71.59949159622192,0
71.59951782226562,0
71.5995352268219,0
71.60257935523987,0
71.62005591392517,0
71.62037253379822,0
71.62039422988892,0
71.62164425849915,0
71.62166357040405,0
71.62406778335571,0
71.62408447265625,0
71.62408638000488,0
71.62410187721252,0
71.62993311882019,0
71.63003659248352,0
71.6302170753479,0
71.63929486274719,0
71.639333486557,0
71.64026618003845,0
71.64029145240784,0
71.64035248756409,0
71.64318871498108,0
71.64320302009583,0
71.64320635795593,0
71.6599109172821,0
71.65995168685913,0
71.6600227355957,0
71.6670229434967,0
71.6670572757721,0
71.66711068153381,0
71.66715788841248,0
71.67041063308716,0
71.67043542861938,0
71.67051863670349,0
71.68031740188599,0
71.68034863471985,0
71.68041253089905,0
71.69254517555237,0
71.7018551826477,0
71.70188045501709,0
71.70190668106079,0
71.71936082839966,0
71.71940183639526,0
71.71941423416138,0
71.73458075523376,0
71.73460793495178,0
71.734619140625,0
71.73463129997253,0
71.73484492301941,0
71.73492383956909,0
71.73502516746521,0
71.73658561706543,0
71.73670196533203,0
71.73677802085876,0
71.73677921295166,0
71.73942422866821,0
71.73944807052612,0
71.73945808410645,0
71.74460005760193,0
71.7452085018158,0
71.7452244758606,0
71.74552845954895,0
71.74554443359375,0
71.74555659294128,0
71.7481381893158,0
71.74817085266113,0
71.75627493858337,0
71.7562963962555,0
71.756667137146,0
71.75668954849243,0
71.75828433036804,0
71.75829863548279,0
71.75835084915161,0
71.75929880142212,0
71.75932264328003,0
71.7593343257904,0
71.75996947288513,0
71.77771019935608,0
71.77894902229309,0
71.78001618385315,0
71.78004574775696,0
71.78005886077881,0
71.7993528842926,0
71.79938387870789,0
71.79939579963684,0
71.81359362602234,0
71.81361126899719,0
71.8144953250885,0
71.81472063064575,0
71.81476759910583,0
71.8147919178009,0
71.81834149360657,0
71.81836438179016,0
71.81866431236267,0
71.81966710090637,0
71.81969928741455,0
71.81973361968994,0
71.8202850818634,0
71.82599449157715,0
71.82601380348206,0
71.82603335380554,0
71.8265106678009,0
71.82900428771973,0
71.8290376663208,0
71.82928133010864,0
71.83381509780884,0
71.83384394645691,0
71.83945989608765,0
71.8394603729248,0
71.83953952789307,0
71.85941410064697,0
71.85944271087646,0
71.86029744148254,0
71.86036276817322,0
71.86036348342896,0
71.86304950714111,0
71.8672730922699,0
71.87939596176147,0
71.87943029403687,0
71.87972712516785,0
71.88079643249512,0
71.88806486129761,0
71.88811755180359,0
71.88816380500793,0
71.88819980621338,0
71.89801239967346,0
71.89807629585266,0
71.89807987213135,0
71.8999719619751,0
71.90385508537292,0
71.9038918018341,0
71.90390586853027,0
71.91959571838379,0
71.91962623596191,0
71.91972923278809,0
71.93106484413147,0
71.93110156059265,0
71.93111872673035,0
71.93112325668335,0
71.93277597427368,0
71.93324398994446,0
71.93328332901001,0
71.93490719795227,0
71.93496203422546,0
71.93603944778442,0
71.93614149093628,0
71.93788886070251,0
71.93793416023254,0
71.93798661231995,0
71.93828082084656,0
71.94046139717102,0
71.94049954414368,0
71.94087624549866,0
71.94183945655823,0
71.9419915676117,0
71.94199633598328,0
71.95505905151367,0
71.95985984802246,0
71.959885597229,0
71.96056389808655,0
71.97972297668457,0
71.98041605949402,0
71.98044776916504,0
71.9960298538208,0
71.9960675239563,0
71.99615573883057,0
71.99618196487427,0
72.00008654594421,0
72.00023746490479,0
72.0002589225769,0
72.00081038475037,0
72.00083112716675,0
72.00085186958313,0
72.00087022781372,0
72.00375437736511,0
72.01822566986084,0
72.02074003219604,0
72.02078223228455,0
72.02095174789429,0
72.0296401977539,0
72.02965974807739,0
72.02980637550354,0
72.03290009498596,0
72.0329258441925,0
72.03297519683838,0
72.0329840183258,0
72.0329921245575,0
72.0330069065094,0
72.0400857925415,0
72.04012298583984,0
72.04013752937317,0
72.04245090484619,0
72.04251217842102,0
72.0427098274231,0
72.05960988998413,0
72.05965304374695,0
72.05978012084961,0
72.0801477432251,0
72.08018183708191,0
72.08022117614746,0
72.09376573562622,0
72.09381079673767,0
72.09449577331543,0
72.09969973564148,0
72.09973526000977,0
72.09975171089172,0
72.10117053985596,0
72.10120344161987,0
72.10126852989197,0
72.10426139831543,0
72.10429906845093,0
72.1043164730072,0
72.1043348312378,0
72.10442352294922,0
72.11955904960632,0
72.11984062194824,0
72.1223156452179,0
72.12238073348999,0
72.12238812446594,0
72.12240767478943,0
72.1251323223114,0
72.12556529045105,0
72.12560224533081,0
72.12835335731506,0
72.12845730781555,0
72.1289234161377,0
72.12895822525024,0
72.13506364822388,0
72.139643907547,0
72.13968014717102,0
72.13968300819397,0
72.16179656982422,0
72.16184115409851,0
72.16320300102234,0
72.16330075263977,0
72.16375470161438,0
72.16379857063293,0
72.16421270370483,0
72.17650532722473,0
72.17673397064209,0
72.17717432975769,0
72.17823195457458,0
72.17827272415161,0
72.17844367027283,0
72.17846989631653,0
72.18026924133301,0
72.18037557601929,0
72.18061399459839,0
72.1829285621643,0
72.18295788764954,0
72.18301701545715,0
72.19966554641724,0
72.19993710517883,0
72.20004844665527,0
72.20187568664551,0
72.20797801017761,0
72.20808434486389,0
72.20921111106873,0
72.20930790901184,0
72.20933055877686,0
72.2098183631897,0
72.22008895874023,0
72.22012972831726,0
72.22014713287354,0
72.23098301887512,0
72.23101449012756,0
72.23112058639526,0
72.23281502723694,0
72.2348313331604,0
72.2362642288208,0
72.23626446723938,0
72.23768663406372,0
72.23774147033691,0
72.23938226699829,0
72.23967385292053,0
72.2396912574768,0
72.2527825832367,0
72.26016402244568,0
72.26021218299866,0
72.2602186203003,0
72.27961421012878,0
72.27964735031128,0
72.27966713905334,0
72.29409122467041,0
72.29413080215454,0
72.29996633529663,0
72.30112719535828,0
72.30114889144897,0
72.30122685432434,0
72.30125737190247,0
72.30128598213196,0
72.30130815505981,0
72.30138540267944,0
72.30144023895264,0
72.30184841156006,0
72.3027024269104,0
72.31069493293762,0
72.31071162223816,0
72.31091713905334,0
72.31095862388611,0
72.31932783126831,0
72.31936740875244,0
72.32009363174438,0
72.32012844085693,0
72.32015347480774,0
72.32120323181152,0
72.34031176567078,0
72.34036040306091,0
72.34044814109802,0
72.34270572662354,0
72.34279203414917,0
72.35402917861938,0
72.35414814949036,0
72.35587787628174,0
72.36008501052856,0
72.36008524894714,0
72.3601279258728,0
72.38002157211304,0
72.38006567955017,0
72.38017082214355,0
72.38548421859741,0
72.38553738594055,0
72.38756775856018,0
72.38762593269348,0
72.38767218589783,0
72.38771224021912,0
72.39943361282349,0
72.39946460723877,0
72.39947748184204,0
72.41145515441895,0
72.41152739524841,0
72.41231369972229,0
72.41395425796509,0
72.41643738746643,0
72.41974949836731,0
72.42063617706299,0
72.42066621780396,0
72.42083024978638,0
72.43999433517456,0
72.44003653526306,0
72.44016027450562,0
72.44868588447571,0
72.45029711723328,0
72.450364112854,0
72.45038366317749,0
72.45184397697449,0
72.45186471939087,0
72.45187735557556,0
72.4518895149231,0
72.45289444923401,0
72.45294880867004,0
72.45359539985657,0
72.45426177978516,0
72.454270362854,0
72.45742678642273,0
72.4574978351593,0
72.4585747718811,0
72.45984983444214,0
72.46014547348022,0
72.46020483970642,0
72.47897553443909,0
72.47902369499207,0
72.47904396057129,0
72.47914671897888,0
72.4802520275116,0
72.48027420043945,0
72.48033165931702,0
72.4980993270874,0
72.49813580513,0
72.49833798408508,0
72.49963617324829,0
72.49966311454773,0
72.49966955184937,0
72.50014901161194,0
72.51632404327393,0
72.51636075973511,0
72.51637816429138,0
72.5163984298706,0
72.51949453353882,0
72.51953125,0
72.51962471008301,0
72.53561115264893,0
72.53567838668823,0
72.53787469863892,0
72.53797912597656,0
72.53965044021606,0
72.5396511554718,0
72.53970718383789,0
72.56029653549194,0
72.56034302711487,0
72.56055283546448,0
72.56694746017456,0
72.57958364486694,0
72.57961583137512,0
72.57962846755981,0
72.5928328037262,0
72.592857837677,0
72.59290790557861,0
72.59294128417969,0
72.59302043914795,0
72.5930233001709,0
72.59457468986511,0
72.59461331367493,0
72.60013937950134,0
72.60016965866089,0
72.60021424293518,0
72.60413956642151,0
72.60698938369751,0
72.61008524894714,0
72.61024641990662,0
72.61124610900879,0
72.6112470626831,0
72.61339473724365,0
72.61344242095947,0
72.61471009254456,0
72.61474275588989,0
72.61474466323853,0
72.61985802650452,0
72.61994504928589,0
72.61997604370117,0
72.6400842666626,0
72.64012384414673,0
72.64014267921448,0
72.64124393463135,0
72.64124655723572,0
72.6425666809082,0
72.64257979393005,0
72.6434714794159,0
72.65958523750305,0
72.65962862968445,0
72.65965270996094,0
72.66397905349731,0
72.66401600837708,0
72.6640739440918,0
72.6678626537323,0
72.66843438148499,0
72.66920137405396,0
72.66923952102661,0
72.67040586471558,0
72.67041611671448,0
72.67043209075928,0
72.67046856880188,0
72.67988014221191,0
72.67991161346436,0
72.6799566745758,0
72.68172907829285,0
72.6817569732666,0
72.68192505836487,0
72.68198108673096,0
72.6943621635437,0
72.69481253623962,0
72.69483137130737,0
72.69484400749207,0
72.69612622261047,0
72.69619631767273,0
72.69663572311401,0
72.69935464859009,0
72.69938254356384,0
72.69939422607422,0
72.71966886520386,0
72.71973061561584,0
72.7198076248169,0
72.73974061012268,0
72.73978590965271,0
72.73980069160461,0
72.74607539176941,0
72.7461245059967,0
72.7483823299408,0
72.748450756073,0
72.75043106079102,0
72.7607216835022,0
72.76075983047485,0
72.76077651977539,0
72.76667213439941,0
72.76672625541687,0
72.76676917076111,0
72.76681756973267,0
72.7668616771698,0
72.76690435409546,0
72.7669506072998,0
72.77058100700378,0
72.77338552474976,0
72.77962374687195,0
72.77965784072876,0
72.77967143058777,0
72.79964137077332,0
72.79974794387817,0
72.79976963996887,0
72.80730986595154,0
72.81349587440491,0
72.81404542922974,0
72.81486082077026,0
72.81603717803955,0
72.81605672836304,0
72.81610250473022,0
72.81707262992859,0
72.81711506843567,0
72.81716227531433,0
72.81983518600464,0
72.81984901428223,0
72.81985688209534,0
72.82286739349365,0
72.82310152053833,0
72.83874177932739,0
72.8388123512268,0
72.840017080307,0
72.84005832672119,0
72.84012603759766,0
72.84301090240479,0
72.84307670593262,0
72.8443455696106,0
72.86022901535034,0
72.86073803901672,0
72.86089968681335,0
72.86786198616028,0
72.86791515350342,0
72.86793446540833,0
72.86795544624329,0
72.87048077583313,0
72.87074875831604,0
72.87080430984497,0
72.87163996696472,0
72.87989735603333,0
72.87992572784424,0
72.87997460365295,0
72.88530802726746,0
72.88624215126038,0
72.89211654663086,0
72.89270949363708,0
72.8927550315857,0
72.89275670051575,0
72.89958477020264,0
72.89959263801575,0
72.8995954990387,0
72.91486883163452,0
72.91488599777222,0
72.91563177108765,0
72.91747045516968,0
72.91750478744507,0
72.91751885414124,0
72.91754198074341,0
72.91950488090515,0
72.91953444480896,0
72.91954970359802,0
72.9366602897644,0
72.93697428703308,0
72.93701696395874,0
72.9375388622284,0
72.93760800361633,0
72.93986988067627,0
72.93990874290466,0
72.96106839179993,0
72.96111583709717,0
72.96113920211792,0
72.97044348716736,0
72.97047710418701,0
72.97490906715393,0
72.97778129577637,0
72.9778037071228,0
72.97782111167908,0
72.97784805297852,0
72.97939538955688,0
72.97942566871643,0
72.97952270507812,0
72.98138403892517,0
72.981440782547,0
72.98149228096008,0
72.99998903274536,0
73.00002598762512,0
73.00007629394531,0
73.00112223625183,0
73.00634622573853,0
73.00709891319275,0
73.00772070884705,0
73.00774145126343,0
73.00775527954102,0
73.00783109664917,0
73.01285099983215,0
73.01286578178406,0
73.01388216018677,0
73.01745367050171,0
73.01976919174194,0
73.01980352401733,0
73.01981902122498,0
73.03376126289368,0
73.03379082679749,0
73.0358955860138,0
73.03597617149353,0
73.03967547416687,0
73.03971672058105,0
73.03987431526184,0
73.0532579421997,0
73.05975699424744,0
73.0597574710846,0
73.0598213672638,0
73.0779025554657,0
73.07808804512024,0
73.08031272888184,0
73.08031296730042,0
73.08037400245667,0
73.08043479919434,0
73.08060216903687,0
73.099538564682,0
73.09956765174866,0
73.0998215675354,0
73.12012887001038,0
73.12017154693604,0
73.12029433250427,0
73.132563829422,0
73.13268256187439,0
73.13342523574829,0
73.13982701301575,0
73.1398856639862,0
73.13991141319275,0
73.16040396690369,0
73.16050219535828,0
73.16119241714478,0
73.17384552955627,0
73.18011045455933,0
73.18062925338745,0
73.18085217475891,0
73.18427681922913,0
73.18429183959961,0
73.18430638313293,0
73.1843204498291,0
73.18651461601257,0
73.18653202056885,0
73.18733239173889,0
73.18740320205688,0
73.18836617469788,0
73.18838357925415,0
73.18877911567688,0
73.19246363639832,0
73.19247531890869,0
73.1924831867218,0
73.19249153137207,0
73.19397497177124,0
73.19401383399963,0
73.19415831565857,0
73.19610476493835,0
73.199467420578,0
73.19950318336487,0
73.19952154159546,0
73.21443438529968,0
73.21445608139038,0
73.21588897705078,0
73.21590733528137,0
73.21602058410645,0
73.21604037284851,0
73.2184362411499,0
73.21848893165588,0
73.21953558921814,0
73.21957445144653,0
73.21959209442139,0
73.21960616111755,0
73.22034358978271,0
73.22406435012817,0
73.2253646850586,0
73.22747802734375,0
73.23386406898499,0
73.23392033576965,0
73.23714351654053,0
73.23716568946838,0
73.2396547794342,0
73.2396981716156,0
73.23974108695984,0
73.253573179245,0
73.25974535942078,0
73.25979375839233,0
73.25981426239014,0
73.28054881095886,0
73.28055381774902,0
73.28061270713806,0
73.28958535194397,0
73.28971934318542,0
73.28985333442688,0
73.29122924804688,0
73.29370045661926,0
73.2937662601471,0
73.29408764839172,0
73.2969479560852,0
73.30066657066345,0
73.30069375038147,0
73.30078125,0
73.30150532722473,0
73.30183935165405,0
73.31346368789673,0
73.31348466873169,0
73.3136420249939,0
73.31397461891174,0
73.31745934486389,0
73.31748008728027,0
73.31757164001465,0
73.3196861743927,0
73.31972146034241,0
73.31972336769104,0
73.33330631256104,0
73.33334159851074,0
73.33514547348022,0
73.33520793914795,0
73.33957767486572,0
73.33961129188538,0
73.33962869644165,0
73.3514335155487,0
73.36247754096985,0
73.36252117156982,0
73.36270809173584,0
73.3803780078888,0
73.38127565383911,0
73.38132786750793,0
73.39288687705994,0
73.39333415031433,0
73.39409327507019,0
73.39411497116089,0
73.39656019210815,0
73.39693641662598,0
73.39851808547974,0
73.39855027198792,0
73.39856243133545,0
73.39936852455139,0
73.39939904212952,0
73.39945673942566,0
73.41280794143677,0
73.41999769210815,0
73.42080211639404,0
73.42093133926392,0
73.43973422050476,0
73.43978452682495,0
73.43980598449707,0
73.45218849182129,0
73.4522020816803,0
73.45221376419067,0
73.45222783088684,0
73.45488047599792,0
73.45490908622742,0
73.45493268966675,0
73.45520663261414,0
73.45523500442505,0
73.45525622367859,0
73.455313205719,0
73.46008539199829,0
73.46008729934692,0
73.46010446548462,0
73.46011209487915,0
73.46097493171692,0
73.46204257011414,0
73.46216011047363,0
73.4622871875763,0
73.46463704109192,0
73.46473145484924,0
73.4667854309082,0
73.48030591011047,0
73.48041224479675,0
73.48046493530273,0
73.4934356212616,0
73.49362635612488,0
73.49380111694336,0
73.49438905715942,0
73.49483847618103,0
73.49508166313171,0
73.49511194229126,0
73.49527740478516,0
73.49960422515869,0
73.49961161613464,0
73.49964332580566,0
73.50508499145508,0
73.50511336326599,0
73.50513052940369,0
73.50521802902222,0
73.50530862808228,0
73.50532269477844,0
73.50536942481995,0
73.5194959640503,0
73.51952981948853,0
73.51954483985901,0
73.5291051864624,0
73.53171634674072,0
73.53377866744995,0
73.53382325172424,0
73.53561425209045,0
73.53568363189697,0
73.5383734703064,0
73.54127025604248,0
73.54127621650696,0
73.5413179397583,0
73.5482668876648,0
73.54889512062073,0
73.55060505867004,0
73.55070114135742,0
73.55108332633972,0
73.55116581916809,0
73.55118680000305,0
73.56037020683289,0
73.56041264533997,0
73.56042957305908,0
73.56044912338257,0
73.56404685974121,0
73.58032083511353,0
73.58039736747742,0
73.58047366142273,0
73.58442425727844,0
73.5918939113617,0
73.59191417694092,0
73.60216808319092,0
73.60226202011108,0
73.60228252410889,0
73.60295367240906,0
73.60325741767883,0
73.60341715812683,0
73.60362148284912,0
73.6067247390747,0
73.6074903011322,0
73.60784029960632,0
73.6195764541626,0
73.6196084022522,0
73.61962413787842,0
73.63970184326172,0
73.63974809646606,0
73.63982367515564,0
73.65415167808533,0
73.65989947319031,0
73.660315990448,0
73.66034483909607,0
73.67994093894958,0
73.68000173568726,0
73.6800262928009,0
73.69310522079468,0
73.69315457344055,0
73.69317626953125,0
73.69320273399353,0
73.69854474067688,0
73.69870114326477,0
73.69888305664062,0
73.70024037361145,0
73.70046043395996,0
73.70049738883972,0
73.70055937767029,0
73.70187950134277,0
73.70483469963074,0
73.70492124557495,0
73.71042656898499,0
73.71046471595764,0
73.71048212051392,0
73.71056294441223,0
73.71261477470398,0
73.7128267288208,0
73.71285724639893,0
73.71312260627747,0
73.72090697288513,0
73.72095465660095,0
73.72099995613098,0
73.72557950019836,0
73.72890305519104,0
73.72894215583801,0
73.72896075248718,0
73.72903037071228,0
73.73080253601074,0
73.73082876205444,0
73.73123860359192,0
73.73871731758118,0
73.73906683921814,0
73.73982739448547,0
73.73986554145813,0
73.73995089530945,0
73.74816632270813,0
73.7481963634491,0
73.74827170372009,0
73.74863815307617,0
73.76091694831848,0
73.76096439361572,0
73.76098775863647,0
73.7799506187439,0
73.77997541427612,0
73.77999567985535,0
73.78001832962036,0
73.80026698112488,0
73.80030083656311,0
73.80031490325928,0
73.80639290809631,0
73.80640125274658,0
73.80715703964233,0
73.80718111991882,0
73.80723476409912,0
73.80726718902588,0
73.81045794487,0
73.8104989528656,0
73.81071925163269,0
73.811603307724,0
73.82015347480774,0
73.82023811340332,0
73.82029581069946,0
73.823322057724,0
73.82333970069885,0
73.82335782051086,0
73.82344198226929,0
73.8251965045929,0
73.82523155212402,0
73.82531476020813,0
73.82708191871643,0
73.82711815834045,0
73.83001780509949,0
73.83008098602295,0
73.83957815170288,0
73.83960938453674,0
73.83963322639465,0
73.85726952552795,0
73.86121344566345,0
73.86188292503357,0
73.86204242706299,0
73.86223864555359,0
73.87790298461914,0
73.88133311271667,0
73.88137531280518,0
73.88147974014282,0
73.89941787719727,0
73.89942574501038,0
73.89944386482239,0
73.91194939613342,0
73.91198778152466,0
73.91203331947327,0
73.91208052635193,0
73.91388940811157,0
73.91390776634216,0
73.91392660140991,0
73.91542959213257,0
73.9154634475708,0
73.91553831100464,0
73.9155535697937,0
73.91761231422424,0
73.91767859458923,0
73.91770148277283,0
73.91780161857605,0
73.91950726509094,0
73.91954350471497,0
73.91956067085266,0
73.92659592628479,0
73.92688846588135,0
73.92692065238953,0
73.9270088672638,0
73.92952466011047,0
73.92976999282837,0
73.92982864379883,0
73.93746590614319,0
73.93749284744263,0
73.93960857391357,0
73.93969869613647,0
73.93972110748291,0
73.94081163406372,0
73.94090676307678,0
73.96058130264282,0
73.96061491966248,0
73.96061873435974,0
73.980309009552,0
73.980313539505,0
73.98036170005798,0
73.99197244644165,0
74.00007224082947,0
74.00010013580322,0
74.0001175403595,0
74.01948475837708,0
74.01955437660217,0
74.0195791721344,0
74.03080534934998,0
74.03085350990295,0
74.03444910049438,0
74.03449487686157,0
74.03456950187683,0
74.03465938568115,0
74.0368971824646,0
74.03690481185913,0
74.03692412376404,0
74.03979754447937,0
74.03983879089355,0
74.03996562957764,0
74.04066205024719,0
74.0414035320282,0
74.04767441749573,0
74.0493803024292,0
74.06047868728638,0
74.06056904792786,0
74.06075954437256,0
74.06342482566833,0
74.06371116638184,0
74.06647634506226,0
74.06655836105347,0
74.06750273704529,0
74.0798237323761,0
74.0798704624176,0
74.07993626594543,0
74.08142328262329,0
74.08145236968994,0
74.08155846595764,0
74.08158755302429,0
74.08661580085754,0
74.08973932266235,0
74.08992409706116,0
74.09997272491455,0
74.10001420974731,0
74.10006356239319,0
74.12000107765198,0
74.12004971504211,0
74.12007474899292,0
74.13395929336548,0
74.14028644561768,0
74.14032459259033,0
74.14178228378296,0
74.16061520576477,0
74.16067910194397,0
74.16105651855469,0
74.16112232208252,0
74.16209125518799,0
74.16210222244263,0
74.16214990615845,0
74.16554927825928,0
74.16555309295654,0
74.16647028923035,0
74.17961978912354,0
74.1796646118164,0
74.17970681190491,0
74.18605327606201,0
74.18614935874939,0
74.19706344604492,0
74.19712901115417,0
74.19714570045471,0
74.19717001914978,0
74.1972165107727,0
74.1972324848175,0
74.19735860824585,0
74.19738602638245,0
74.19740605354309,0
74.19954442977905,0
74.19956946372986,0
74.1995861530304,0
74.1999077796936,0
74.2065167427063,0
74.20696306228638,0
74.22012138366699,0
74.22016859054565,0
74.22024083137512,0
74.22515106201172,0
74.22531461715698,0
74.22546005249023,0
74.22569680213928,0
74.23155069351196,0
74.23185086250305,0
74.23197650909424,0
74.23297238349915,0
74.23571991920471,0
74.23999857902527,0
74.24004340171814,0
74.24006295204163,0
74.24191689491272,0
74.24774193763733,0
74.24785280227661,0
74.2499885559082,0
74.25006794929504,0
74.25333309173584,0
74.2596218585968,0
74.25966620445251,0
74.25975227355957,0
74.280118227005,0
74.28016066551208,0
74.28041243553162,0
74.28596878051758,0
74.28598189353943,0
74.28598833084106,0
74.28600215911865,0
74.28900504112244,0
74.28911828994751,0
74.28944325447083,0
74.29986929893494,0
74.30024528503418,0
74.30031251907349,0
74.30147290229797,0
74.30161547660828,0
74.30335283279419,0
74.31852602958679,0
74.31977963447571,0
74.31978464126587,0
74.31981158256531,0
74.32114553451538,0
74.32114887237549,0
74.32119679450989,0
74.3224105834961,0
74.32243657112122,0
74.3224527835846,0
74.33259749412537,0
74.3327431678772,0
74.33948802947998,0
74.33952713012695,0
74.33954429626465,0
74.34868431091309,0
74.34872484207153,0
74.36081600189209,0
74.36085653305054,0
74.36108756065369,0
74.38018488883972,0
74.38020753860474,0
74.38038086891174,0
74.38040614128113,0
74.3968768119812,0
74.39691734313965,0
74.39691805839539,0
74.39791178703308,0
74.3999137878418,0
74.39994859695435,0
74.39998745918274,0
74.40884256362915,0
74.40886187553406,0
74.40890002250671,0
74.4199812412262,0
74.4200165271759,0
74.42003679275513,0
74.42207407951355,0
74.42211031913757,0
74.42228984832764,0
74.42231869697571,0
74.42618155479431,0
74.42646050453186,0
74.42649865150452,0
74.42652082443237,0
74.43730688095093,0
74.437340259552,0
74.4386944770813,0
74.43890523910522,0
74.43893456459045,0
74.43895196914673,0
74.43969511985779,0
74.43972897529602,0
74.43976736068726,0
74.44124007225037,0
74.44140815734863,0
74.44156002998352,0
74.46027517318726,0
74.46029257774353,0
74.46030855178833,0
74.4628233909607,0
74.46307277679443,0
74.46597647666931,0
74.4659960269928,0
74.46704816818237,0
74.4694185256958,0
74.48006319999695,0
74.48014450073242,0
74.48036503791809,0
74.48493838310242,0
74.4967668056488,0
74.49871253967285,0
74.49874758720398,0
74.49918413162231,0
74.50033521652222,0
74.50038051605225,0
74.50043368339539,0
74.51975202560425,0
74.51978397369385,0
74.51979875564575,0
74.52214336395264,0
74.52216148376465,0
74.52223801612854,0
74.52361035346985,0
74.52760219573975,0
74.52775692939758,0
74.52793550491333,0
74.52796244621277,0
74.54248070716858,0
74.54252314567566,0
74.54278755187988,0
74.55103397369385,0
74.55105972290039,0
74.55292081832886,0
74.55299854278564,0
74.55750250816345,0
74.55851674079895,0
74.56002044677734,0
74.56008076667786,0
74.56010222434998,0
74.57965111732483,0
74.57968401908875,0
74.57973384857178,0
74.58474588394165,0
74.59680342674255,0
74.59684491157532,0
74.59690284729004,0
74.59692597389221,0
74.6004786491394,0
74.60058832168579,0
74.60060691833496,0
74.60066223144531,0
74.60067868232727,0
74.60073399543762,0
74.61409640312195,0
74.61935615539551,0
74.61938405036926,0
74.61939716339111,0
74.63182282447815,0
74.63185024261475,0
74.63977098464966,0
74.63981580734253,0
74.63981628417969,0
74.65990281105042,0
74.65995001792908,0
74.66055822372437,0
74.67201948165894,0
74.67207670211792,0
74.67230534553528,0
74.67233729362488,0
74.67627263069153,0
74.67645931243896,0
74.67668771743774,0
74.68014812469482,0
74.68019485473633,0
74.68020486831665,0
74.68373441696167,0
74.68382596969604,0
74.68570494651794,0
74.68588733673096,0
74.68758201599121,0
74.68761277198792,0
74.68762135505676,0
74.6876380443573,0
74.68952965736389,0
74.68957567214966,0
74.69153141975403,0
74.69203543663025,0
74.6995861530304,0
74.69960880279541,0
74.70024037361145,0
74.70049595832825,0
74.70055437088013,0
74.70061326026917,0
74.70089101791382,0
74.70591163635254,0
74.70621347427368,0
74.70703387260437,0
74.70755171775818,0
74.70924115180969,0
74.71124839782715,0
74.71882390975952,0
74.7194275856018,0
74.71945095062256,0
74.71946811676025,0
74.72019362449646,0
74.72026658058167,0
74.7203049659729,0
74.72212433815002,0
74.72267007827759,0
74.72267198562622,0
74.73939967155457,0
74.73941898345947,0
74.73964524269104,0
74.74785304069519,0
74.74806261062622,0
74.7496428489685,0
74.75008940696716,0
74.75094532966614,0
74.75402355194092,0
74.75959873199463,0
74.75964045524597,0
74.7597131729126,0
74.77731823921204,0
74.77960681915283,0
74.77961611747742,0
74.77965664863586,0
74.7999894618988,0
74.80004405975342,0
74.80004715919495,0
74.80005931854248,0
74.80103182792664,0
74.80106687545776,0
74.80112838745117,0
74.8038101196289,0
74.8038444519043,0
74.80462098121643,0
74.81526112556458,0
74.82145810127258,0
74.82149577140808,0
74.8217875957489,0
74.83966541290283,0
74.83970904350281,0
74.83978486061096,0
74.85994839668274,0
74.85999751091003,0
74.86006164550781,0
74.86621761322021,0
74.86633825302124,0
74.86748957633972,0
74.86804032325745,0
74.86807489395142,0
74.8681252002716,0
74.87041664123535,0
74.87049007415771,0
74.8711576461792,0
74.87977385520935,0
74.88057541847229,0
74.88058590888977,0
74.88956236839294,0
74.88967299461365,0
74.89263439178467,0
74.8926956653595,0
74.90072917938232,0
74.90074801445007,0
74.90080618858337,0
74.904958486557,0
74.91261196136475,0
74.91288113594055,0
74.91293120384216,0
74.91297030448914,0
74.91349983215332,0
74.91368389129639,0
74.91369724273682,0
74.91996049880981,0
74.92000007629395,0
74.92001461982727,0
74.92422151565552,0
74.9242615699768,0
74.92427563667297,0
74.92471623420715,0
74.92546105384827,0
74.92565131187439,0
74.92567276954651,0
74.92573094367981,0
74.93961834907532,0
74.93966746330261,0
74.93968486785889,0
74.95463299751282,0
74.95467805862427,0
74.95469951629639,0
74.95474529266357,0
74.96898174285889,0
74.96899962425232,0
74.96902799606323,0
74.96907091140747,0
74.97006058692932,0
74.97010707855225,0
74.97026491165161,0
74.97031593322754,0
74.97034287452698,0
74.97039985656738,0
74.97042441368103,0
74.97044682502747,0
74.98095059394836,0
74.98096680641174,0
74.98098349571228,0
74.98886966705322,0
75.00044226646423,0
75.0004894733429,0
75.0006353855133,0
75.00207281112671,0
75.00211071968079,0
75.00212788581848,0
75.00383830070496,0
75.00679230690002,0
75.00679779052734,0
75.00712013244629,0
75.0194661617279,0
75.01950573921204,0
75.01952004432678,0
75.04000616073608,0
75.04003238677979,0
75.04005098342896,0
75.04407000541687,0
75.0445613861084,0
75.0597231388092,0
75.05977654457092,0
75.05979943275452,0
75.07453465461731,0
75.07471489906311,0
75.07650208473206,0
75.07845377922058,0
75.07850217819214,0
75.07858347892761,0
75.08063912391663,0
75.08065819740295,0
75.08074903488159,0
75.08224153518677,0
75.08226871490479,0
75.08232712745667,0
75.08250212669373,0
75.08312034606934,0
75.08492517471313,0
75.08533382415771,0
75.08829975128174,0
75.08990120887756,0
75.09100675582886,0
75.10049223899841,0
75.10104203224182,0
75.10112023353577,0
75.10138201713562,0
75.1014654636383,0
75.10216355323792,0
75.10224413871765,0
75.1212842464447,0
75.12148213386536,0
75.12173628807068,0
75.12945294380188,0
75.12961268424988,0
75.130455493927,0
75.13112092018127,0
75.1359851360321,0
75.14009165763855,0
75.14020609855652,0
75.14029693603516,0
75.14158296585083,0
75.16000604629517,0
75.1600615978241,0
75.16008186340332,0
75.17946720123291,0
75.17949843406677,0
75.17951202392578,0
75.18523597717285,0
75.1856005191803,0
75.18636631965637,0
75.18637204170227,0
75.18638134002686,0
75.18642234802246,0
75.18944692611694,0
75.18945145606995,0
75.19145274162292,0
75.19146847724915,0
75.19959282875061,0
75.19961857795715,0
75.19963550567627,0
75.20931339263916,0
75.20932149887085,0
75.2093255519867,0
75.20963835716248,0
75.210622549057,0
75.21063590049744,0
75.21064949035645,0
75.21513080596924,0
75.2200984954834,0
75.22012639045715,0
75.22013664245605,0
75.22368383407593,0
75.22371816635132,0
75.22373104095459,0
75.22480201721191,0
75.23178243637085,0
75.23180937767029,0
75.2318205833435,0
75.23187971115112,0
75.2393651008606,0
75.2393889427185,0
75.23939943313599,0
75.25984740257263,0
75.25987577438354,0
75.25992584228516,0
75.26112985610962,0
75.26133370399475,0
75.2627820968628,0
75.2630934715271,0
75.26365423202515,0
75.2796630859375,0
75.27975058555603,0
75.279794216156,0
75.28344917297363,0
75.28348469734192,0
75.28354287147522,0
75.28444004058838,0
75.28568506240845,0
75.28569746017456,0
75.28590059280396,0
75.30055332183838,0
75.30058002471924,0
75.30062961578369,0
75.30317807197571,0
75.30462431907654,0
75.31712365150452,0
75.32199573516846,0
75.3223671913147,0
75.32238960266113,0
75.32761406898499,0
75.32763838768005,0
75.32767033576965,0
75.32773303985596,0
75.32822823524475,0
75.32824301719666,0
75.32828140258789,0
75.33341979980469,0
75.3352427482605,0
75.33554863929749,0
75.33557271957397,0
75.33940243721008,0
75.33942604064941,0
75.33962941169739,0
75.35940456390381,0
75.35942912101746,0
75.35943007469177,0
75.37956094741821,0
75.3795850276947,0
75.37959742546082,0
75.3931713104248,0
75.39994788169861,0
75.39997243881226,0
75.40001964569092,0
75.40317130088806,0
75.4031994342804,0
75.40321278572083,0
75.41070008277893,0
75.41072463989258,0
75.41073513031006,0
75.41074466705322,0
75.41138100624084,0
75.41139054298401,0
75.41140723228455,0
75.41140937805176,0
75.41159629821777,0
75.41328811645508,0
75.41331696510315,0
75.41643810272217,0
75.41927886009216,0
75.41930150985718,0
75.41935801506042,0
75.42042875289917,0
75.42062139511108,0
75.43444848060608,0
75.43449926376343,0
75.43454027175903,0
75.43458604812622,0
75.43636178970337,0
75.43642449378967,0
75.43691444396973,0
75.43932890892029,0
75.43935823440552,0
75.43937063217163,0
75.45946884155273,0
75.45950770378113,0
75.45956516265869,0
75.46389818191528,0
75.46393704414368,0
75.4655339717865,0
75.46559190750122,0
75.46721148490906,0
75.48032569885254,0
75.48033738136292,0
75.4804015159607,0
75.50047492980957,0
75.50059533119202,0
75.50062131881714,0
75.50997591018677,0
75.51000046730042,0
75.51179957389832,0
75.51192331314087,0
75.51287841796875,0
75.51342868804932,0
75.51430583000183,0
75.51488924026489,0
75.52041339874268,0
75.52044320106506,0
75.52046060562134,0
75.52435731887817,0
75.52448892593384,0
75.52450275421143,0
75.52462124824524,0
75.52620315551758,0
75.52621531486511,0
75.52706360816956,0
75.53771352767944,0
75.53780221939087,0
75.53917050361633,0
75.53976321220398,0
75.53981399536133,0
75.53984689712524,0
75.53989768028259,0
75.55874729156494,0
75.55983591079712,0
75.55986261367798,0
75.55987358093262,0
75.56129050254822,0
75.57844161987305,0
75.57952880859375,0
75.57955241203308,0
75.57956314086914,0
75.59890389442444,0
75.59925866127014,0
75.5995581150055,0
75.59958100318909,0
75.59960865974426,0
75.62037348747253,0
75.62040090560913,0
75.62046074867249,0
75.62784266471863,0
75.627849817276,0
75.62786436080933,0
75.62787818908691,0
75.62883234024048,0
75.62884998321533,0
75.6288595199585,0
75.629873752594,0
75.63211274147034,0
75.63939881324768,0
75.6394248008728,0
75.63943719863892,0
75.64281487464905,0
75.6476538181305,0
75.64770460128784,0
75.65948057174683,0
75.65956473350525,0
75.65957951545715,0
75.66361045837402,0
75.66366028785706,0
75.66598653793335,0
75.666020154953,0
75.66603302955627,0
75.66604495048523,0
75.66792011260986,0
75.66795539855957,0
75.66819429397583,0
75.66906356811523,0
75.67945575714111,0
75.67953300476074,0
75.67954802513123,0
75.68582105636597,0
75.68600463867188,0
75.6895067691803,0
75.68954801559448,0
75.6904718875885,0
75.69082617759705,0
75.69092297554016,0
75.69785475730896,0
75.69929790496826,0
75.69945001602173,0
75.69946837425232,0
75.69948291778564,0
75.70245242118835,0
75.71946930885315,0
75.7195074558258,0
75.7195372581482,0
75.72541284561157,0
75.72586798667908,0
75.72604298591614,0
75.72642779350281,0
75.72750759124756,0
75.7279589176178,0
75.72862529754639,0
75.72915291786194,0
75.72934222221375,0
75.73306918144226,0
75.73310947418213,0
75.73940229415894,0
75.73945188522339,0
75.74081063270569,0
75.75954055786133,0
75.75957179069519,0
75.75958275794983,0
75.77802181243896,0
75.7834575176239,0
75.78348135948181,0
75.78348636627197,0
75.79945850372314,0
75.79948806762695,0
75.79949951171875,0
75.80382800102234,0
75.80386757850647,0
75.8038980960846,0
75.8039288520813,0
75.80396223068237,0
75.80399537086487,0
75.8040280342102,0
75.80603194236755,0
75.81498861312866,0
75.8150143623352,0
75.81987476348877,0
75.81990790367126,0
75.81992316246033,0
75.8349027633667,0
75.83493161201477,0
75.83494710922241,0
75.8352210521698,0
75.8369152545929,0
75.83743500709534,0
75.8377013206482,0
75.83942103385925,0
75.83945560455322,0
75.83946943283081,0
75.85982275009155,0
75.85986685752869,0
75.85993885993958,0
75.86032700538635,0
75.8603515625,0
75.86222505569458,0
75.86230635643005,0
75.8632800579071,0
75.881422996521,0
75.88252186775208,0
75.88255739212036,0
75.88279414176941,0
75.8829402923584,0
75.88300347328186,0
75.88302421569824,0
75.9004545211792,0
75.90050077438354,0
75.90057373046875,0
75.91272306442261,0
75.91274166107178,0
75.91275382041931,0
75.91276597976685,0
75.91343975067139,0
75.9134726524353,0
75.91348814964294,0
75.91679668426514,0
75.91683506965637,0
75.91705369949341,0
75.91805505752563,0
75.91984033584595,0
75.91986799240112,0
75.91995668411255,0
75.93126630783081,0
75.93130373954773,0
75.93131804466248,0
75.93151235580444,0
75.93152713775635,0
75.9315390586853,0
75.93155074119568,0
75.93557858467102,0
75.93571257591248,0
75.93572568893433,0
75.93573784828186,0
75.93719387054443,0
75.93977379798889,0
75.93980312347412,0
75.9398148059845,0
75.94060826301575,0
75.95987057685852,0
75.95989322662354,0
75.95990633964539,0
75.96150588989258,0
75.96686816215515,0
75.96728730201721,0
75.96730446815491,0
75.96801519393921,0
75.96885895729065,0
75.96889066696167,0
75.96912431716919,0
75.97954392433167,0
75.97956967353821,0
75.97957992553711,0
75.99968481063843,0
75.9996907711029,0
76.00037932395935,0
76.00857067108154,0
76.01109218597412,0
76.01323008537292,0
76.01815390586853,0
76.01835751533508,0
76.01956915855408,0
76.01963400840759,0
76.0196464061737,0
76.01965832710266,0
76.01969814300537,0
76.01971125602722,0
76.01974487304688,0
76.02119207382202,0
76.02122592926025,0
76.02139401435852,0
76.0221836566925,0
76.0241870880127,0
76.02421998977661,0
76.02638697624207,0
76.02640128135681,0
76.02803301811218,0
76.03640031814575,0
76.03642272949219,0
76.03643298149109,0
76.03643608093262,0
76.03927278518677,0
76.03933835029602,0
76.03946733474731,0
76.03974556922913,0
76.03983068466187,0
76.03984141349792,0
76.05294585227966,0
76.05955338478088,0
76.05958485603333,0
76.05959844589233,0
76.07954454421997,0
76.07958483695984,0
76.07960057258606,0
76.09042835235596,0
76.09046578407288,0
76.09116077423096,0
76.09120416641235,0
76.09311842918396,0
76.09316849708557,0
76.09343409538269,0
76.09603929519653,0
76.09607720375061,0
76.09608316421509,0
76.09644675254822,0
76.10462689399719,0
76.10466527938843,0
76.10476207733154,0
76.10481452941895,0
76.10483264923096,0
76.10549402236938,0
76.10574460029602,0
76.10600709915161,0
76.11274099349976,0
76.12092590332031,0
76.12093997001648,0
76.12094068527222,0
76.13954973220825,0
76.1395571231842,0
76.13956046104431,0
76.13957118988037,0
76.14016056060791,0
76.14018225669861,0
76.14019465446472,0
76.14287424087524,0
76.14288711547852,0
76.14295530319214,0
76.1540892124176,0
76.15410804748535,0
76.15610241889954,0
76.1561369895935,0
76.15942668914795,0
76.15945219993591,0
76.15950345993042,0
76.17603540420532,0
76.17960834503174,0
76.17960858345032,0
76.17972993850708,0
76.1993887424469,0
76.19941139221191,0
76.19942426681519,0
76.21160197257996,0
76.21166563034058,0
76.21946716308594,0
76.21949672698975,0
76.21952056884766,0
76.23667287826538,0
76.23670721054077,0
76.23764276504517,0
76.23769927024841,0
76.24031400680542,0
76.2403507232666,0
76.24037003517151,0
76.24038982391357,0
76.24045038223267,0
76.24049735069275,0
76.2439591884613,0
76.26031494140625,0
76.26036524772644,0
76.26038193702698,0
76.26146245002747,0
76.2630558013916,0
76.2795832157135,0
76.27962040901184,0
76.27980208396912,0
76.30047154426575,0
76.30054879188538,0
76.30056834220886,0
76.31205654144287,0
76.31216073036194,0
76.31417036056519,0
76.31419038772583,0
76.31538105010986,0
76.31956672668457,0
76.31959557533264,0
76.3197112083435,0
76.32148694992065,0
76.32151365280151,0
76.32171630859375,0
76.32179713249207,0
76.32427477836609,0
76.32430672645569,0
76.32469987869263,0
76.33939909934998,0
76.33940958976746,0
76.33962750434875,0
76.34146881103516,0
76.3599145412445,0
76.35993885993958,0
76.35994911193848,0
76.36892652511597,0
76.36895179748535,0
76.36896276473999,0
76.36897492408752,0
76.37128138542175,0
76.3712956905365,0
76.37210416793823,0
76.37211728096008,0
76.37671375274658,0
76.37672591209412,0
76.37673902511597,0
76.38066744804382,0
76.38069534301758,0
76.3807578086853,0
76.38911032676697,0
76.3891351222992,0
76.38915801048279,0
76.39094495773315,0
76.39308881759644,0
76.39312267303467,0
76.393221616745,0
76.39890956878662,0
76.39893245697021,0
76.39940476417542,0
76.39947295188904,0
76.39965867996216,0
76.40673971176147,0
76.4083206653595,0
76.40836191177368,0
76.40839219093323,0
76.40936827659607,0
76.4096155166626,0
76.40975666046143,0
76.41009473800659,0
76.41123819351196,0
76.41953158378601,0
76.41955733299255,0
76.4195704460144,0
76.42676067352295,0
76.42911386489868,0
76.42926025390625,0
76.4292824268341,0
76.42932510375977,0
76.43026304244995,0
76.4302830696106,0
76.43076586723328,0
76.433438539505,0
76.43346548080444,0
76.43502521514893,0
76.43538856506348,0
76.43990564346313,0
76.43996787071228,0
76.44000744819641,0
76.45947337150574,0
76.4594874382019,0
76.45950961112976,0
76.47846102714539,0
76.47965049743652,0
76.47976064682007,0
76.47984838485718,0
76.48559856414795,0
76.48565101623535,0
76.4856607913971,0
76.48567318916321,0
76.49966597557068,0
76.49974942207336,0
76.49981141090393,0
76.50026392936707,0
76.50035166740417,0
76.5010244846344,0
76.50486850738525,0
76.51687049865723,0
76.51735949516296,0
76.51736187934875,0
76.5176362991333,0
76.51946258544922,0
76.51947569847107,0
76.5194878578186,0
76.5217559337616,0
76.52178597450256,0
76.5221893787384,0
76.53972482681274,0
76.5397629737854,0
76.5397777557373,0
76.54989981651306,0
76.5499963760376,0
76.5528633594513,0
76.55290222167969,0
76.55479550361633,0
76.5566713809967,0
76.55790090560913,0
76.5588321685791,0
76.55950832366943,0
76.55954122543335,0
76.55962133407593,0
76.57991218566895,0
76.57994270324707,0
76.57996034622192,0
76.58731269836426,0
76.59972286224365,0
76.59975719451904,0
76.59978151321411,0
76.61390900611877,0
76.6140239238739,0
76.61574006080627,0
76.6157774925232,0
76.61579608917236,0
76.61581301689148,0
76.61955094337463,0
76.61957335472107,0
76.61964225769043,0
76.62073254585266,0
76.62134671211243,0
76.6213788986206,0
76.62292337417603,0
76.62294054031372,0
76.62295007705688,0
76.62295842170715,0
76.62443566322327,0
76.62446308135986,0
76.62455487251282,0
76.62497067451477,0
76.63083386421204,0
76.63098526000977,0
76.63103485107422,0
76.63105392456055,0
76.63305354118347,0
76.63356876373291,0
76.63363122940063,0
76.63965082168579,0
76.63968634605408,0
76.63975715637207,0
76.64032530784607,0
76.64034700393677,0
76.6431016921997,0
76.64312481880188,0
76.66009044647217,0
76.66013240814209,0
76.66089868545532,0
76.6748366355896,0
76.67996311187744,0
76.68000650405884,0
76.6801209449768,0
76.70065593719482,0
76.70194125175476,0
76.7020812034607,0
76.71953892707825,0
76.7195794582367,0
76.71959614753723,0
76.73974680900574,0
76.73977041244507,0
76.73985075950623,0
76.76019144058228,0
76.76026773452759,0
76.76032900810242,0
76.77088165283203,0
76.77477145195007,0
76.77516174316406,0
76.77530002593994,0
76.77862620353699,0
76.77900767326355,0
76.78186082839966,0
76.78196930885315,0
76.78424525260925,0
76.78438711166382,0
76.78619623184204,0
76.79026174545288,0
76.79259157180786,0
76.79949450492859,0
76.79952359199524,0
76.79955410957336,0
76.8044490814209,0
76.80448174476624,0
76.80674386024475,0
76.8067831993103,0
76.81984901428223,0
76.81987762451172,0
76.81992673873901,0
76.83558011054993,0
76.83559203147888,0
76.83960676193237,0
76.83971428871155,0
76.83973479270935,0
76.85012578964233,0
76.85014533996582,0
76.85029435157776,0
76.8503201007843,0
76.85968780517578,0
76.85976099967957,0
76.86008763313293,0
76.8831193447113,0
76.88317036628723,0
76.88319301605225,0
76.89679217338562,0
76.89686250686646,0
76.89717292785645,0
76.89830923080444,0
76.89977169036865,0
76.89982056617737,0
76.90003490447998,0
76.91375398635864,0
76.91422414779663,0
76.91989159584045,0
76.91992998123169,0
76.92001152038574,0
76.94044137001038,0
76.9404923915863,0
76.94071459770203,0
76.95043730735779,0
76.95044922828674,0
76.95385670661926,0
76.95386958122253,0
76.95409154891968,0
76.954172372818,0
76.956298828125,0
76.9563455581665,0
76.95636868476868,0
76.95966362953186,0
76.9596803188324,0
76.95973253250122,0
76.96062207221985,0
76.96071147918701,0
76.96073842048645,0
76.96077871322632,0
76.9634017944336,0
76.96743202209473,0
76.96747064590454,0
76.96750712394714,0
76.96961116790771,0
76.96974110603333,0
76.97489619255066,0
76.97641253471375,0
76.97746586799622,0
76.97976493835449,0
76.97976589202881,0
76.97990536689758,0
76.99521470069885,0
76.99527335166931,0
76.99543476104736,0
76.99545764923096,0
76.99817395210266,0
76.99825286865234,0
76.99847078323364,0
76.9988272190094,0
76.99953866004944,0
76.99954152107239,0
76.9995596408844,0
77.00373101234436,0
77.01960611343384,0
77.01963353157043,0
77.01964473724365,0
77.02271485328674,0
77.02287268638611,0
77.02370142936707,0
77.02724623680115,0
77.0272753238678,0
77.02728796005249,0
77.02768516540527,0
77.02777743339539,0
77.02778434753418,0
77.03955960273743,0
77.0395781993866,0
77.0395941734314,0
77.05944228172302,0
77.05947780609131,0
77.05957698822021,0
77.07017707824707,0
77.07020211219788,0
77.07030177116394,0
77.07033467292786,0
77.07331323623657,0
77.07331538200378,0
77.07461619377136,0
77.07967972755432,0
77.07980847358704,0
77.07982778549194,0
77.0952308177948,0
77.0958890914917,0
77.09593415260315,0
77.09610033035278,0
77.09838962554932,0
77.09876608848572,0
77.10137701034546,0
77.10142087936401,0
77.10143899917603,0
77.1014986038208,0
77.10431408882141,0
77.10434579849243,0
77.1043529510498,0
77.10458493232727,0
77.10576677322388,0
77.10591793060303,0
77.10595059394836,0
77.10620212554932,0
77.10771298408508,0
77.12040615081787,0
77.12044644355774,0
77.12046241760254,0
77.12098288536072,0
77.126469373703,0
77.13231229782104,0
77.13234400749207,0
77.13235855102539,0
77.13245105743408,0
77.13261294364929,0
77.13381338119507,0
77.13632845878601,0
77.13638591766357,0
77.13871932029724,0
77.14016461372375,0
77.14309763908386,0
77.14344716072083,0
77.1434714794159,0
77.16027569770813,0
77.16097235679626,0
77.16123676300049,0
77.18117785453796,0
77.1812469959259,0
77.18127918243408,0
77.18341374397278,0
77.19995188713074,0
77.20039486885071,0
77.20044422149658,0
77.20107936859131,0
77.2013828754425,0
77.20590424537659,0
77.20595359802246,0
77.2060546875,0
77.20608496665955,0
77.20629596710205,0
77.20636439323425,0
77.2064254283905,0
77.2292640209198,0
77.22932505607605,0
77.22934627532959,0
77.23314070701599,0
77.23547458648682,0
77.23553228378296,0
77.23964357376099,0
77.23967456817627,0
77.2396776676178,0
77.24347472190857,0
77.24362182617188,0
77.24363851547241,0
77.2436535358429,0
77.24749088287354,0
77.24753904342651,0
77.24976181983948,0
77.25039005279541,0
77.25043487548828,0
77.25425624847412,0
77.25427508354187,0
77.25513625144958,0
77.25996851921082,0
77.26000046730042,0
77.26002907752991,0
77.27987861633301,0
77.27987909317017,0
77.27992916107178,0
77.27997612953186,0
77.28121781349182,0
77.28502583503723,0
77.28509497642517,0
77.29567646980286,0
77.29572677612305,0
77.29580950737,0
77.29969668388367,0
77.29974341392517,0
77.29993629455566,0
77.32082152366638,0
77.32139301300049,0
77.32139945030212,0
77.33991599082947,0
77.33996391296387,0
77.33999228477478,0
77.35234689712524,0
77.3600423336029,0
77.3600869178772,0
77.36009359359741,0
77.36011052131653,0
77.36016464233398,0
77.36192607879639,0
77.36307287216187,0
77.36316967010498,0
77.36326217651367,0
77.36337161064148,0
77.3639395236969,0
77.36398887634277,0
77.3722710609436,0
77.37244701385498,0
77.3766393661499,0
77.37666130065918,0
77.3766758441925,0
77.37677216529846,0
77.37679934501648,0
77.37682747840881,0
77.37860822677612,0
77.37864470481873,0
77.38010573387146,0
77.38012933731079,0
77.3801965713501,0
77.39650106430054,0
77.39660716056824,0
77.39665365219116,0
77.39671063423157,0
77.39904379844666,0
77.39905095100403,0
77.39908027648926,0
77.3998281955719,0
77.39985752105713,0
77.40040636062622,0
77.4131407737732,0
77.42033886909485,0
77.42037796974182,0
77.42039370536804,0
77.43882155418396,0
77.43900513648987,0
77.43999600410461,0
77.44001960754395,0
77.44003534317017,0
77.44077372550964,0
77.44090390205383,0
77.44092464447021,0
77.4409909248352,0
77.44226312637329,0
77.44232749938965,0
77.44264268875122,0
77.4596483707428,0
77.45971179008484,0
77.45971536636353,0
77.4603750705719,0
77.46041703224182,0
77.46263265609741,0
77.46272134780884,0
77.46480202674866,0
77.48043394088745,0
77.48048281669617,0
77.48063397407532,0
77.48720526695251,0
77.4872374534607,0
77.48733735084534,0
77.4874267578125,0
77.48761701583862,0
77.48768043518066,0
77.48774409294128,0
77.50045490264893,0
77.50075030326843,0
77.50079035758972,0
77.50739073753357,0
77.520987033844,0
77.52101063728333,0
77.52123403549194,0
77.52234625816345,0
77.52769637107849,0
77.53942465782166,0
77.5394504070282,0
77.53945469856262,0
77.54402279853821,0
77.5440673828125,0
77.5441210269928,0
77.5441689491272,0
77.54711484909058,0
77.54713797569275,0
77.54721307754517,0
77.54827427864075,0
77.54830718040466,0
77.54979753494263,0
77.54987359046936,0
77.56002879142761,0
77.56004333496094,0
77.56006956100464,0
77.56228733062744,0
77.56472253799438,0
77.5798168182373,0
77.57998919487,0
77.58009839057922,0
77.59395956993103,0
77.59932446479797,0
77.59977793693542,0
77.59981298446655,0
77.5998387336731,0
77.60103178024292,0
77.60106873512268,0
77.60108971595764,0
77.60258531570435,0
77.6028380393982,0
77.60285949707031,0
77.60423278808594,0
77.60436606407166,0
77.60438847541809,0
77.60444402694702,0
77.60974335670471,0
77.61016654968262,0
77.61028051376343,0
77.61682415008545,0
77.61995840072632,0
77.61999583244324,0
77.62065410614014,0
77.62077450752258,0
77.62439846992493,0
77.62895822525024,0
77.62897419929504,0
77.63405203819275,0
77.63428020477295,0
77.63431215286255,0
77.63436794281006,0
77.63681125640869,0
77.63684177398682,0
77.63692879676819,0
77.63991069793701,0
77.63991713523865,0
77.63995718955994,0
77.66017413139343,0
77.66017627716064,0
77.66022062301636,0
77.66116261482239,0
77.66127896308899,0
77.66331505775452,0
77.66338300704956,0
77.66422462463379,0
77.68034052848816,0
77.68038511276245,0
77.68040370941162,0
77.68239235877991,0
77.68243360519409,0
77.68264484405518,0
77.68268346786499,0
77.68487572669983,0
77.68560457229614,0
77.68564033508301,0
77.70066738128662,0
77.70075702667236,0
77.70082449913025,0
77.71743202209473,0
77.72014284133911,0
77.72014474868774,0
77.72020125389099,0
77.73357081413269,0
77.73359990119934,0
77.73382425308228,0
77.73394227027893,0
77.74117040634155,0
77.74120736122131,0
77.74169397354126,0
77.75365281105042,0
77.75374102592468,0
77.75382399559021,0
77.76019954681396,0
77.76024866104126,0
77.76039457321167,0
77.77982544898987,0
77.77988910675049,0
77.77991127967834,0
77.78680992126465,0
77.78686165809631,0
77.79047894477844,0
77.79055595397949,0
77.79149150848389,0
77.8002347946167,0
77.80027723312378,0
77.80035328865051,0
77.80589771270752,0
77.80593252182007,0
77.80593872070312,0
77.80595254898071,0
77.8059618473053,0
77.80597352981567,0
77.80600714683533,0
77.80610203742981,0
77.80614972114563,0
77.819983959198,0
77.82005047798157,0
77.82043361663818,0
77.82411360740662,0
77.82601881027222,0
77.83354473114014,0
77.84020590782166,0
77.84024333953857,0
77.84029269218445,0
77.85514688491821,0
77.8551766872406,0
77.85520052909851,0
77.855304479599,0
77.85941123962402,0
77.85944128036499,0
77.85977029800415,0
77.8598108291626,0
77.85994672775269,0
77.8607885837555,0
77.88045525550842,0
77.88050389289856,0
77.88057708740234,0
77.88104319572449,0
77.88224506378174,0
77.88323450088501,0
77.8833532333374,0
77.88571739196777,0
77.88575434684753,0
77.88575506210327,0
77.8858630657196,0
77.90049052238464,0
77.90059661865234,0
77.9006175994873,0
77.90702414512634,0
77.90716981887817,0
77.90754246711731,0
77.90817284584045,0
77.9197895526886,0
77.91992330551147,0
77.9201512336731,0
77.92031526565552,0
77.92033338546753,0
77.92034721374512,0
77.92036366462708,0
77.9203953742981,0
77.92050552368164,0
77.92054629325867,0
77.92427015304565,0
77.92660737037659,0
77.92921018600464,0
77.93648481369019,0
77.93667531013489,0
77.93671083450317,0
77.93677878379822,0
77.93987464904785,0
77.93989610671997,0
77.93993210792542,0
77.9603979587555,0
77.96043515205383,0
77.96048903465271,0
77.96530890464783,0
77.96534657478333,0
77.96564745903015,0
77.96663880348206,0
77.96667146682739,0
77.96878051757812,0
77.9688150882721,0
77.979731798172,0
77.97978496551514,0
77.97983956336975,0
77.99973630905151,0
77.99974966049194,0
77.99977588653564,0
78.00060701370239,0
78.00482535362244,0
78.00520205497742,0
78.0197184085846,0
78.01979660987854,0
78.01994895935059,0
78.02017974853516,0
78.02154397964478,0
78.02157497406006,0
78.02157545089722,0
78.02641558647156,0
78.02655386924744,0
78.03169369697571,0
78.03255605697632,0
78.03266739845276,0
78.03333353996277,0
78.03346180915833,0
78.03352570533752,0
78.03382229804993,0
78.03811430931091,0
78.03811836242676,0
78.03821516036987,0
78.03967356681824,0
78.03972816467285,0
78.03980922698975,0
78.0433988571167,0
78.04344630241394,0
78.0454511642456,0
78.0454969406128,0
78.04628300666809,0
78.04719567298889,0
78.05951738357544,0
78.0595555305481,0
78.0596570968628,0
78.07969737052917,0
78.07993602752686,0
78.08019828796387,0
78.10049080848694,0
78.1005973815918,0
78.10062646865845,0
78.10754203796387,0
78.10757279396057,0
78.10760402679443,0
78.1076831817627,0
78.10774278640747,0
78.11800718307495,0
78.11812019348145,0
78.11817812919617,0
78.11869931221008,0
78.11917400360107,0
78.11920595169067,0
78.1198627948761,0
78.12019324302673,0
78.1202323436737,0
78.12024974822998,0
78.13744235038757,0
78.13759708404541,0
78.13791251182556,0
78.13818502426147,0
78.13971590995789,0
78.1397442817688,0
78.13976693153381,0
78.15979743003845,0
78.15985083580017,0
78.15997648239136,0
78.16601014137268,0
78.16604709625244,0
78.16612815856934,0
78.16620349884033,0
78.16947507858276,0
78.16955709457397,0
78.17059707641602,0
78.17063283920288,0
78.17286825180054,0
78.17983531951904,0
78.17986750602722,0
78.1799042224884,0
78.19641995429993,0
78.19679832458496,0
78.20029330253601,0
78.20034170150757,0
78.20043277740479,0
78.2020492553711,0
78.20209431648254,0
78.20214080810547,0
78.20220708847046,0
78.20228433609009,0
78.2023766040802,0
78.20240020751953,0
78.20624423027039,0
78.21140885353088,0
78.21261024475098,0
78.22041058540344,0
78.2204520702362,0
78.22062253952026,0
78.2239899635315,0
78.22402048110962,0
78.2240674495697,0
78.22411155700684,0
78.22774600982666,0
78.22775483131409,0
78.22855973243713,0
78.24129462242126,0
78.24132347106934,0
78.24133467674255,0
78.25952458381653,0
78.25956439971924,0
78.25963854789734,0
78.26770663261414,0
78.2678153514862,0
78.27064394950867,0
78.27066493034363,0
78.27185916900635,0
78.27490568161011,0
78.28010559082031,0
78.28015875816345,0
78.28018021583557,0
78.28509140014648,0
78.29009437561035,0
78.29012322425842,0
78.29013800621033,0
78.29017233848572,0
78.29242086410522,0
78.29275226593018,0
78.29295802116394,0
78.29448342323303,0
78.2998914718628,0
78.29992341995239,0
78.29992771148682,0
78.31891059875488,0
78.32018995285034,0
78.3202269077301,0
78.32037353515625,0
78.32150030136108,0
78.32164406776428,0
78.32297992706299,0
78.32349061965942,0
78.32352948188782,0
78.32361698150635,0
78.33864116668701,0
78.33876442909241,0
78.33958983421326,0
78.33963561058044,0
78.33967876434326,0
78.34098815917969,0
78.34104585647583,0
78.34198689460754,0
78.3420135974884,0
78.34208178520203,0
78.34211802482605,0
78.35131812095642,0
78.35136270523071,0
78.35138654708862,0
78.36058020591736,0
78.36130595207214,0
78.36158585548401,0
78.37614417076111,0
78.37983775138855,0
78.37985372543335,0
78.37986707687378,0
78.39955878257751,0
78.39963006973267,0
78.39973425865173,0
78.40944290161133,0
78.40953755378723,0
78.41109681129456,0
78.41308426856995,0
78.41310048103333,0
78.41402626037598,0
78.41987466812134,0
78.4199697971344,0
78.4200382232666,0
78.42011070251465,0
78.42035818099976,0
78.42047142982483,0
78.42062091827393,0
78.42992091178894,0
78.42993831634521,0
78.4299840927124,0
78.4315505027771,0
78.4331865310669,0
78.43325138092041,0
78.4343409538269,0
78.43516850471497,0
78.43521189689636,0
78.43954086303711,0
78.43954348564148,0
78.43954467773438,0
78.43991780281067,0
78.43997502326965,0
78.46037149429321,0
78.4604742527008,0
78.46057415008545,0
78.4761130809784,0
78.48031234741211,0
78.48067235946655,0
78.48072266578674,0
78.50103116035461,0
78.50108361244202,0
78.50116777420044,0
78.50731492042542,0
78.50896644592285,0
78.5089910030365,0
78.50913572311401,0
78.51335334777832,0
78.51338171958923,0
78.5151994228363,0
78.51555132865906,0
78.52157163619995,0
78.52160286903381,0
78.52394986152649,0
78.534108877182,0
78.53529047966003,0
78.53994131088257,0
78.53997659683228,0
78.5405592918396,0
78.54726147651672,0
78.54871344566345,0
78.54873085021973,0
78.54877495765686,0
78.54882383346558,0
78.54886531829834,0
78.54893326759338,0
78.54975318908691,0
78.54977226257324,0
78.55169320106506,0
78.55170559883118,0
78.5548141002655,0
78.55637717247009,0
78.55921721458435,0
78.56018304824829,0
78.56020712852478,0
78.57971024513245,0
78.57973837852478,0
78.57974886894226,0
78.58406662940979,0
78.5994725227356,0
78.59950113296509,0
78.59951210021973,0
78.60259366035461,0
78.6028368473053,0
78.60402655601501,0
78.60405588150024,0
78.60406732559204,0
78.60416674613953,0
78.60823154449463,0
78.60824584960938,0
78.60829401016235,0
78.61964416503906,0
78.61966586112976,0
78.6197030544281,0
78.63381671905518,0
78.63382720947266,0
78.63384938240051,0
78.63385152816772,0
78.63448476791382,0
78.63461232185364,0
78.6346344947815,0
78.63467979431152,0
78.64185357093811,0
78.64193773269653,0
78.64582824707031,0
78.64584231376648,0
78.64585208892822,0
78.64586400985718,0
78.64964699745178,0
78.64967060089111,0
78.64976644515991,0
78.65166306495667,0
78.65186667442322,0
78.65286946296692,0
78.65288090705872,0
78.65452361106873,0
78.65857648849487,0
78.6597740650177,0
78.66000843048096,0
78.66003227233887,0
78.67930126190186,0
78.67933058738708,0
78.67934370040894,0
78.69957756996155,0
78.69960880279541,0
78.69973516464233,0
78.70955967903137,0
78.71456336975098,0
78.714595079422,0
78.71461224555969,0
78.71463012695312,0
78.71629500389099,0
78.71632647514343,0
78.71634268760681,0
78.71779727935791,0
78.71972608566284,0
78.71975064277649,0
78.71976613998413,0
78.72557783126831,0
78.72560858726501,0
78.72562265396118,0
78.72563695907593,0
78.72765827178955,0
78.72770309448242,0
78.72776198387146,0
78.73165822029114,0
78.7316882610321,0
78.73449778556824,0
78.73472189903259,0
78.73940539360046,0
78.73943042755127,0
78.73948097229004,0
78.75968933105469,0
78.75972771644592,0
78.7597439289093,0
78.77985191345215,0
78.77989745140076,0
78.77998638153076,0
78.79641509056091,0
78.80044937133789,0
78.80048084259033,0
78.80066418647766,0
78.80614447593689,0
78.80617880821228,0
78.80723333358765,0
78.80734252929688,0
78.8073627948761,0
78.80738234519958,0
78.8099684715271,0
78.80998682975769,0
78.81000399589539,0
78.81041193008423,0
78.8204414844513,0
78.8204779624939,0
78.82048320770264,0
78.82313418388367,0
78.82314872741699,0
78.82320713996887,0
78.82322311401367,0
78.82680177688599,0
78.82683682441711,0
78.82829093933105,0
78.82832169532776,0
78.82836294174194,0
78.82837772369385,0
78.82838082313538,0
78.83736872673035,0
78.83739352226257,0
78.83741044998169,0
78.83986353874207,0
78.84005808830261,0
78.84006524085999,0
78.84007811546326,0
78.84012055397034,0
78.84182000160217,0
78.84183526039124,0
78.85957217216492,0
78.85963439941406,0
78.85972595214844,0
78.86184072494507,0
78.86883068084717,0
78.86885094642639,0
78.86898159980774,0
78.86900186538696,0
78.86976146697998,0
78.87027335166931,0
78.87111496925354,0
78.87817311286926,0
78.88006281852722,0
78.88012742996216,0
78.88017964363098,0
78.88093638420105,0
78.8995668888092,0
78.89957189559937,0
78.89964246749878,0
78.91177344322205,0
78.92003035545349,0
78.92004561424255,0
78.92357468605042,0
78.94067692756653,0
78.94072246551514,0
78.94078016281128,0
78.94436287879944,0
78.94797420501709,0
78.94819617271423,0
78.948237657547,0
78.95056748390198,0
78.95066905021667,0
78.95115494728088,0
78.95236372947693,0
78.95243692398071,0
78.95464706420898,0
78.9547266960144,0
78.95863676071167,0
78.9601502418518,0
78.96015501022339,0
78.96019768714905,0
78.96706581115723,0
78.96912741661072,0
78.96917200088501,0
78.96928548812866,0
78.98193264007568,0
78.98197913169861,0
78.98262310028076,0
78.99843430519104,0
78.9985728263855,0
78.99863028526306,0
78.9986686706543,0
78.99868702888489,0
78.99873971939087,0
78.99982643127441,0
78.9998459815979,0
78.99986410140991,0
79.00744724273682,0
79.00746703147888,0
79.01095819473267,0
79.0110092163086,0
79.01105833053589,0
79.0110809803009,0
79.01605701446533,0
79.01611948013306,0
79.01647639274597,0
79.01992177963257,0
79.01995873451233,0
79.02003049850464,0
79.02589106559753,0
79.02597856521606,0
79.04014039039612,0
79.0402102470398,0
79.04025483131409,0
79.04732203483582,0
79.05002117156982,0
79.05005168914795,0
79.05117726325989,0
79.05123972892761,0
79.0519015789032,0
79.06022787094116,0
79.06028032302856,0
79.06030035018921,0
79.07965850830078,0
79.07970476150513,0
79.07972288131714,0
79.09213781356812,0
79.09221243858337,0
79.09223484992981,0
79.09237337112427,0
79.0946774482727,0
79.0947949886322,0
79.0948257446289,0
79.10165166854858,0
79.10168313980103,0
79.10169863700867,0
79.1017119884491,0
79.10181617736816,0
79.10187005996704,0
79.10192537307739,0
79.10374593734741,0
79.10376930236816,0
79.10379838943481,0
79.10389590263367,0
79.10861372947693,0
79.10863161087036,0
79.1086494922638,0
79.10904169082642,0
79.11307072639465,0
79.11331295967102,0
79.11333847045898,0
79.12023615837097,0
79.12075209617615,0
79.1208074092865,0
79.13829398155212,0
79.13830924034119,0
79.13974380493164,0
79.13977289199829,0
79.1398491859436,0
79.14356899261475,0
79.14362454414368,0
79.14445900917053,0
79.15996098518372,0
79.1600034236908,0
79.1616005897522,0
79.16631746292114,0
79.16635799407959,0
79.16922116279602,0
79.16925883293152,0
79.16940641403198,0
79.16945672035217,0
79.16951155662537,0
79.1799795627594,0
79.18002080917358,0
79.18003940582275,0
79.19470834732056,0
79.19952034950256,0
79.19958090782166,0
79.19963812828064,0
79.2209038734436,0
79.22090697288513,0
79.22095370292664,0
79.23245310783386,0
79.2324869632721,0
79.23427510261536,0
79.23428773880005,0
79.23428916931152,0
79.23430562019348,0
79.23745203018188,0
79.23746681213379,0
79.23748397827148,0
79.23922324180603,0
79.23931813240051,0
79.23998951911926,0
79.2400164604187,0
79.24002814292908,0
79.24103426933289,0
79.24109029769897,0
79.2443482875824,0
79.25960159301758,0
79.25963807106018,0
79.25969099998474,0
79.26593565940857,0
79.26595950126648,0
79.26599979400635,0
79.2660014629364,0
79.26878142356873,0
79.26878237724304,0
79.27327537536621,0
79.2733302116394,0
79.27422213554382,0
79.27640748023987,0
79.27993369102478,0
79.27997827529907,0
79.28000211715698,0
79.29963707923889,0
79.29971647262573,0
79.29972767829895,0
79.31977772712708,0
79.31982970237732,0
79.3198516368866,0
79.33954548835754,0
79.3395824432373,0
79.33960151672363,0
79.3607165813446,0
79.36104655265808,0
79.36109352111816,0
79.36370491981506,0
79.36375617980957,0
79.36378383636475,0
79.36387300491333,0
79.37149810791016,0
79.37152934074402,0
79.37200856208801,0
79.38012266159058,0
79.38014268875122,0
79.38016104698181,0
79.38286471366882,0
79.38290309906006,0
79.38292407989502,0
79.38294219970703,0
79.3862636089325,0
79.38835144042969,0
79.38839650154114,0
79.39485573768616,0
79.39973092079163,0
79.39980959892273,0
79.39986419677734,0
79.42043423652649,0
79.42049932479858,0
79.42058372497559,0
79.43334579467773,0
79.4336006641388,0
79.43413066864014,0
79.43701791763306,0
79.43734431266785,0
79.4373722076416,0
79.44097137451172,0
79.441002368927,0
79.44104623794556,0
79.4412591457367,0
79.4424729347229,0
79.44250178337097,0
79.44251680374146,0
79.44274473190308,0
79.44276428222656,0
79.44280934333801,0
79.44563841819763,0
79.44937419891357,0
79.44940543174744,0
79.45068907737732,0
79.45071220397949,0
79.46019148826599,0
79.4602906703949,0
79.46031737327576,0
79.46595025062561,0
79.46924185752869,0
79.470632314682,0
79.47960805892944,0
79.47965025901794,0
79.47984623908997,0
79.48072266578674,0
79.48074531555176,0
79.48085975646973,0
79.4808874130249,0
79.48496723175049,0
79.48500180244446,0
79.48564004898071,0
79.49268627166748,0
79.50026535987854,0
79.50030994415283,0
79.50043773651123,0
79.51983714103699,0
79.52041244506836,0
79.52047371864319,0
79.53670763969421,0
79.54018378257751,0
79.54113149642944,0
79.54118013381958,0
79.54134392738342,0
79.54139947891235,0
79.54156875610352,0
79.54536938667297,0
79.54553890228271,0
79.54567170143127,0
79.56763863563538,0
79.56768846511841,0
79.56776762008667,0
79.56780767440796,0
79.56783366203308,0
79.56793785095215,0
79.56796026229858,0
79.57974815368652,0
79.57975387573242,0
79.57981157302856,0
79.58865404129028,0
79.58907151222229,0
79.58915281295776,0
79.58917427062988,0
79.59260582923889,0
79.59310340881348,0
79.59314250946045,0
79.59316563606262,0
79.59841179847717,0
79.59898400306702,0
79.59966135025024,0
79.59966731071472,0
79.59969329833984,0
79.61272287368774,0
79.61276364326477,0
79.61289429664612,0
79.61291670799255,0
79.615229845047,0
79.61525011062622,0
79.61597084999084,0
79.61765384674072,0
79.6189661026001,0
79.61993765830994,0
79.61997842788696,0
79.61999487876892,0
79.63238525390625,0
79.63459253311157,0
79.63459658622742,0
79.6346070766449,0
79.63467621803284,0
79.63742995262146,0
79.63744616508484,0
79.63797688484192,0
79.63983631134033,0
79.6398696899414,0
79.63988780975342,0
79.63990116119385,0
79.63991332054138,0
79.64164710044861,0
79.64164733886719,0
79.64209246635437,0
79.64564824104309,0
79.65346837043762,0
79.65958094596863,0
79.65961194038391,0
79.65962553024292,0
79.67972350120544,0
79.67976808547974,0
79.67978644371033,0
79.69563150405884,0
79.69566869735718,0
79.69568920135498,0
79.6958737373352,0
79.6996340751648,0
79.69967317581177,0
79.69970273971558,0
79.7009928226471,0
79.70127320289612,0
79.7015266418457,0
79.72030782699585,0
79.72040963172913,0
79.72049164772034,0
79.72479152679443,0
79.73409247398376,0
79.73455381393433,0
79.73560500144958,0
79.736093044281,0
79.73682188987732,0
79.7398202419281,0
79.7398579120636,0
79.7398726940155,0
79.74901485443115,0
79.74904561042786,0
79.74956703186035,0
79.74964952468872,0
79.75014162063599,0
79.75016641616821,0
79.75070452690125,0
79.75136494636536,0
79.75138187408447,0
79.75138401985168,0
79.75139331817627,0
79.75292658805847,0
79.7529444694519,0
79.75303649902344,0
79.75943279266357,0
79.75946402549744,0
79.75947952270508,0
79.78064179420471,0
79.7806556224823,0
79.78068375587463,0
79.79609203338623,0
79.80008625984192,0
79.80011916160583,0
79.80015206336975,0
79.8128011226654,0
79.81306886672974,0
79.8150565624237,0
79.8150954246521,0
79.81545329093933,0
79.81549119949341,0
79.81993103027344,0
79.81997990608215,0
79.82055711746216,0
79.84540271759033,0
79.84546685218811,0
79.84557771682739,0
79.84625506401062,0
79.84638214111328,0
79.84646606445312,0
79.84705018997192,0
79.85964250564575,0
79.85982394218445,0
79.85984301567078,0
79.86474013328552,0
79.8650484085083,0
79.86974287033081,0
79.8698422908783,0
79.87857055664062,0
79.87980389595032,0
79.87984561920166,0
79.88006925582886,0
79.9001190662384,0
79.90014338493347,0
79.90316224098206,0
79.90320134162903,0
79.9032793045044,0
79.90330076217651,0
79.90411734580994,0
79.90430331230164,0
79.9045557975769,0
79.9057948589325,0
79.91958951950073,0
79.9196400642395,0
79.91966438293457,0
79.92462515830994,0
79.93214702606201,0
79.9369547367096,0
79.93976783752441,0
79.93981075286865,0
79.93982934951782,0
79.94618940353394,0
79.94621253013611,0
79.94622468948364,0
79.94680213928223,0
79.94972229003906,0
79.94988775253296,0
79.95029067993164,0
79.95066022872925,0
79.95070600509644,0
79.96216320991516,0
79.96220397949219,0
79.96223139762878,0
79.96228313446045,0
79.96230030059814,0
79.96233797073364,0
79.96253895759583,0
79.97987270355225,0
79.97990202903748,0
79.97991228103638,0
79.98207211494446,0
80.0002088546753,0
80.00025200843811,0
80.00026822090149,0
80.00640869140625,0
80.00643539428711,0
80.0109052658081,0
80.01093983650208,0
80.01100873947144,0
80.01103115081787,0
80.01131892204285,0
80.01141333580017,0
80.01146245002747,0
80.0202419757843,0
80.02032566070557,0
80.02048134803772,0
80.0220046043396,0
80.02204275131226,0
80.02215194702148,0
80.0221631526947,0
80.02375793457031,0
80.02379488945007,0
80.02381563186646,0
80.03664422035217,0
80.03690314292908,0
80.03959703445435,0
80.03987050056458,0
80.0405797958374,0
80.04466819763184,0
80.04584264755249,0
80.04586601257324,0
80.04594683647156,0
80.04736280441284,0
80.04762315750122,0
80.04791355133057,0
80.04844617843628,0
80.04915380477905,0
80.05379962921143,0
80.05381560325623,0
80.05509352684021,0
80.05953335762024,0
80.05957078933716,0
80.05959129333496,0
80.07974123954773,0
80.08015060424805,0
80.08017992973328,0
80.08556962013245,0
80.08559489250183,0
80.08561491966248,0
80.08568668365479,0
80.08590936660767,0
80.08593702316284,0
80.08868336677551,0
80.09230542182922,0
80.09970092773438,0
80.09974265098572,0
80.09976243972778,0
80.12048077583313,0
80.12059807777405,0
80.12073516845703,0
80.1228199005127,0
80.12285423278809,0
80.12288117408752,0
80.12296295166016,0
80.12502694129944,0
80.12503027915955,0
80.12505507469177,0
80.14141964912415,0
80.14143013954163,0
80.14300298690796,0
80.1439414024353,0
80.1440794467926,0
80.1549608707428,0
80.15498280525208,0
80.15499520301819,0
80.1549985408783,0
80.1613655090332,0
80.16222524642944,0
80.16237831115723,0
80.16240072250366,0
80.18134260177612,0
80.18148994445801,0
80.18161749839783,0
80.19331288337708,0
80.19333362579346,0
80.19334125518799,0
80.19335556030273,0
80.19336891174316,0
80.19337797164917,0
80.19339394569397,0
80.19987440109253,0
80.19995713233948,0
80.2001895904541,0
80.21987295150757,0
80.22084832191467,0
80.22086668014526,0
80.22521162033081,0
80.23556685447693,0
80.23568820953369,0
80.23644757270813,0
80.23646903038025,0
80.23705124855042,0
80.23707413673401,0
80.23718309402466,0
80.23787450790405,0
80.23850893974304,0
80.23957943916321,0
80.23961520195007,0
80.23962879180908,0
80.241943359375,0
80.24201774597168,0
80.24472069740295,0
80.24474096298218,0
80.24611949920654,0
80.24630451202393,0
80.24630761146545,0
80.24637246131897,0
80.24752950668335,0
80.24780511856079,0
80.24787497520447,0
80.25954246520996,0
80.25958919525146,0
80.25961065292358,0
80.27986907958984,0
80.27991104125977,0
80.27995038032532,0
80.2986090183258,0
80.29974412918091,0
80.29978013038635,0
80.29982304573059,0
80.30569219589233,0
80.30571031570435,0
80.30796957015991,0
80.30799984931946,0
80.30877113342285,0
80.30879235267639,0
80.30896306037903,0
80.30933427810669,0
80.31264281272888,0
80.31398487091064,0
80.31630373001099,0
80.31933403015137,0
80.31933569908142,0
80.31936287879944,0
80.33576965332031,0
80.33963346481323,0
80.33967661857605,0
80.33997821807861,0
80.3422212600708,0
80.34224033355713,0
80.34431314468384,0
80.34437370300293,0
80.35997486114502,0
80.36026120185852,0
80.36042594909668,0
80.3604519367218,0
80.36046767234802,0
80.36111259460449,0
80.36248326301575,0
80.3624906539917,0
80.36483693122864,0
80.36485004425049,0
80.37625074386597,0
80.38018321990967,0
80.38021278381348,0
80.38022875785828,0
80.39958620071411,0
80.39962220191956,0
80.3996376991272,0
80.41997981071472,0
80.42002415657043,0
80.42025017738342,0
80.43032956123352,0
80.4303514957428,0
80.43403959274292,0
80.4341254234314,0
80.43414330482483,0
80.43416476249695,0
80.43819308280945,0
80.43821144104004,0
80.43834400177002,0
80.43994188308716,0
80.4399778842926,0
80.43999528884888,0
80.45101356506348,0
80.4599359035492,0
80.45995545387268,0
80.45998454093933,0
80.46284604072571,0
80.46288871765137,0
80.4647204875946,0
80.46518778800964,0
80.46585941314697,0
80.48016500473022,0
80.48137831687927,0
80.48141860961914,0
80.4833300113678,0
80.48342895507812,0
80.48347902297974,0
80.48353028297424,0
80.48756742477417,0
80.48768019676208,0
80.48797941207886,0
80.49198269844055,0
80.49200510978699,0
80.49202299118042,0
80.49207043647766,0
80.49971270561218,0
80.49980092048645,0
80.49986624717712,0
80.51616501808167,0
80.51619982719421,0
80.51620697975159,0
80.51688504219055,0
80.52010250091553,0
80.52015733718872,0
80.52023577690125,0
80.54086184501648,0
80.54120206832886,0
80.54124855995178,0
80.54973292350769,0
80.54976844787598,0
80.54988121986389,0
80.54989862442017,0
80.55241894721985,0
80.55246138572693,0
80.55378079414368,0
80.55388641357422,0
80.55391025543213,0
80.5558705329895,0
80.55587863922119,0
80.55672717094421,0
80.55755352973938,0
80.55964016914368,0
80.55969190597534,0
80.55970788002014,0
80.58059048652649,0
80.5806450843811,0
80.58092927932739,0
80.58228468894958,0
80.59682369232178,0
80.59684824943542,0
80.59974217414856,0
80.59976625442505,0
80.59978246688843,0
80.61998462677002,0
80.62000393867493,0
80.6200225353241,0
80.62004351615906,0
80.62006139755249,0
80.62017273902893,0
80.62019848823547,0
80.62289237976074,0
80.62294816970825,0
80.62334299087524,0
80.6249852180481,0
80.63971376419067,0
80.63975119590759,0
80.63981008529663,0
80.65972948074341,0
80.66013312339783,0
80.66016602516174,0
80.66020345687866,0
80.66022324562073,0
80.66488099098206,0
80.66494107246399,0
80.66498374938965,0
80.67973780632019,0
80.67979669570923,0
80.67982244491577,0
80.69470643997192,0
80.69473814964294,0
80.69482278823853,0
80.69492530822754,0
80.70028185844421,0
80.7003321647644,0
80.7003526687622,0
80.70111608505249,0
80.7011182308197,0
80.70114874839783,0
80.70249080657959,0
80.70499014854431,0
80.70608806610107,0
80.71050190925598,0
80.72036552429199,0
80.72047638893127,0
80.72078919410706,0
80.72672915458679,0
80.73841261863708,0
80.7384307384491,0
80.73852968215942,0
80.73855876922607,0
80.7386999130249,0
80.73888158798218,0
80.73889780044556,0
80.7409417629242,0
80.7427384853363,0
80.74277114868164,0
80.7429678440094,0
80.74298930168152,0
80.74606847763062,0
80.74611687660217,0
80.75008344650269,0
80.75019764900208,0
80.75021362304688,0
80.75023150444031,0
80.75170493125916,0
80.75173544883728,0
80.75175166130066,0
80.75509858131409,0
80.75954604148865,0
80.75956797599792,0
80.75957608222961,0
80.77980375289917,0
80.77984023094177,0
80.77985644340515,0
80.80002450942993,0
80.8000705242157,0
80.80074834823608,0
80.80124258995056,0
80.80127739906311,0
80.8013174533844,0
80.80132341384888,0
80.80289697647095,0
80.8028998374939,0
80.80291676521301,0
80.81237721443176,0
80.8203911781311,0
80.82045102119446,0
80.83984684944153,0
80.83987474441528,0
80.83990383148193,0
80.84499502182007,0
80.84501910209656,0
80.84669375419617,0
80.84682989120483,0
80.84694576263428,0
80.84696626663208,0
80.8496024608612,0
80.84963893890381,0
80.84965920448303,0
80.84985303878784,0
80.8498911857605,0
80.85337042808533,0
80.85338807106018,0
80.85949873924255,0
80.85965180397034,0
80.85978960990906,0
80.88910341262817,0
80.88916230201721,0
80.88921737670898,0
80.88933777809143,0
80.89519429206848,0
80.89569020271301,0
80.89570999145508,0
80.89590001106262,0
80.89708399772644,0
80.89772582054138,0
80.89776492118835,0
80.89797806739807,0
80.89966893196106,0
80.89969801902771,0
80.89974403381348,0
80.90249681472778,0
80.91098189353943,0
80.92028164863586,0
80.92032194137573,0
80.92038702964783,0
80.9403383731842,0
80.94041275978088,0
80.94043326377869,0
80.9447340965271,0
80.9450433254242,0
80.94527268409729,0
80.94545269012451,0
80.94962549209595,0
80.95048379898071,0
80.95073699951172,0
80.95223093032837,0
80.95230007171631,0
80.9523868560791,0
80.95242309570312,0
80.95956373214722,0
80.95959424972534,0
80.95960330963135,0
80.96634602546692,0
80.97123432159424,0
80.97129106521606,0
80.97426342964172,0
80.97440147399902,0
80.97451901435852,0
80.97454452514648,0
80.98000645637512,0
80.98004865646362,0
80.98006844520569,0
80.98993945121765,0
80.99007534980774,0
80.99015355110168,0
80.99497747421265,0
80.99499797821045,0
80.99501490592957,0
80.99505257606506,0
80.99818825721741,0
80.99821615219116,0
80.99826383590698,0
80.99828672409058,0
81.0077896118164,0
81.00783610343933,0
81.00794625282288,0
81.0134027004242,0
81.0208489894867,0
81.02089929580688,0
81.02099442481995,0
81.0416247844696,0
81.04216432571411,0
81.04238152503967,0
81.05238175392151,0
81.05247020721436,0
81.05719423294067,0
81.05723404884338,0
81.05725121498108,0
81.0573079586029,0
81.0593466758728,0
81.05936622619629,0
81.05944180488586,0
81.06354808807373,0
81.06357789039612,0
81.0637321472168,0
81.06431436538696,0
81.06434488296509,0
81.06477928161621,0
81.0648033618927,0
81.06723213195801,0
81.06910514831543,0
81.07429480552673,0
81.07939171791077,0
81.07942342758179,0
81.07948613166809,0
81.10012722015381,0
81.1001365184784,0
81.10017991065979,0
81.12010264396667,0
81.120121717453,0
81.12013506889343,0
81.12440824508667,0
81.12600946426392,0
81.12605023384094,0
81.12606692314148,0
81.12992215156555,0
81.13712668418884,0
81.13716673851013,0
81.13727450370789,0
81.13969302177429,0
81.13973808288574,0
81.13978600502014,0
81.14020442962646,0
81.1413037776947,0
81.14770483970642,0
81.1477382183075,0
81.15951442718506,0
81.15953707695007,0
81.15957760810852,0
81.17989754676819,0
81.17994213104248,0
81.17996263504028,0
81.19960641860962,0
81.19963693618774,0
81.19965624809265,0
81.2120566368103,0
81.21964979171753,0
81.21969676017761,0
81.219717502594,0
81.23992824554443,0
81.23997497558594,0
81.24012756347656,0
81.25058627128601,0
81.25067090988159,0
81.25226545333862,0
81.25230884552002,0
81.25602221488953,0
81.25610756874084,0
81.25639963150024,0
81.25642991065979,0
81.2564537525177,0
81.25698375701904,0
81.25701260566711,0
81.25803017616272,0
81.25810742378235,0
81.25971603393555,0
81.25975298881531,0
81.25985097885132,0
81.26382756233215,0
81.26387667655945,0
81.26392769813538,0
81.2644534111023,0
81.26614093780518,0
81.26617908477783,0
81.26675510406494,0
81.26745867729187,0
81.27998542785645,0
81.28003263473511,0
81.2800555229187,0
81.28726243972778,0
81.29072403907776,0
81.2910783290863,0
81.2912232875824,0
81.29124712944031,0
81.29127192497253,0
81.29129481315613,0
81.29971647262573,0
81.29976630210876,0
81.2997875213623,0
81.3117425441742,0
81.3197193145752,0
81.31976628303528,0
81.31978750228882,0
81.34071826934814,0
81.34077668190002,0
81.34080123901367,0
81.35726952552795,0
81.35735273361206,0
81.35745120048523,0
81.35753607749939,0
81.35756754875183,0
81.35765814781189,0
81.35768818855286,0
81.35950040817261,0
81.35953974723816,0
81.35960268974304,0
81.36089611053467,0
81.3609447479248,0
81.36223435401917,0
81.36275219917297,0
81.3636121749878,0
81.37946009635925,0
81.37947630882263,0
81.37949109077454,0
81.38709688186646,0
81.3888349533081,0
81.40171933174133,0
81.40175080299377,0
81.40182995796204,0
81.41387224197388,0
81.41396355628967,0
81.41555404663086,0
81.41559267044067,0
81.41565442085266,0
81.4157133102417,0
81.41775918006897,0
81.41778182983398,0
81.41783928871155,0
81.41960668563843,0
81.41963624954224,0
81.41988396644592,0
81.41992163658142,0
81.42195558547974,0
81.42296123504639,0
81.4344129562378,0
81.43443775177002,0
81.43742561340332,0
81.4375307559967,0
81.43754959106445,0
81.43760585784912,0
81.43764448165894,0
81.44024085998535,0
81.44028377532959,0
81.4403018951416,0
81.44612646102905,0
81.44629192352295,0
81.44826531410217,0
81.44840455055237,0
81.44933462142944,0
81.45090651512146,0
81.45956635475159,0
81.45959544181824,0
81.4596037864685,0
81.47990155220032,0
81.4805040359497,0
81.48066592216492,0
81.49329614639282,0
81.50024843215942,0
81.50028491020203,0
81.50034594535828,0
81.50100541114807,0
81.50102210044861,0
81.50103068351746,0
81.50103306770325,0
81.50235676765442,0
81.50274300575256,0
81.50277709960938,0
81.50457859039307,0
81.50460028648376,0
81.5046157836914,0
81.50463056564331,0
81.505526304245,0
81.50555300712585,0
81.50556135177612,0
81.50807237625122,0
81.52000880241394,0
81.52001762390137,0
81.52006530761719,0
81.52964401245117,0
81.52967238426208,0
81.53198289871216,0
81.532146692276,0
81.53233575820923,0
81.53235983848572,0
81.53238034248352,0
81.53354930877686,0
81.53359723091125,0
81.53985714912415,0
81.54022526741028,0
81.5402512550354,0
81.54714965820312,0
81.54726147651672,0
81.54728198051453,0
81.56082487106323,0
81.56086254119873,0
81.56090450286865,0
81.58027052879333,0
81.58031892776489,0
81.58044385910034,0
81.5860869884491,0
81.58612513542175,0
81.5864326953888,0
81.59367227554321,0
81.59631776809692,0
81.5963864326477,0
81.59641289710999,0
81.59742975234985,0
81.5996162891388,0
81.60001921653748,0
81.60006499290466,0
81.61772346496582,0
81.6180317401886,0
81.62094283103943,0
81.62136936187744,0
81.62141537666321,0
81.62179279327393,0
81.62184047698975,0
81.62229442596436,0
81.62233400344849,0
81.62282466888428,0
81.62405514717102,0
81.62484645843506,0
81.62520623207092,0
81.62845802307129,0
81.64251899719238,0
81.64255714416504,0
81.64258241653442,0
81.64667582511902,0
81.64673471450806,0
81.64844965934753,0
81.65217351913452,0
81.65258550643921,0
81.66169857978821,0
81.6617283821106,0
81.66175055503845,0
81.6800000667572,0
81.6800491809845,0
81.68011403083801,0
81.68506836891174,0
81.68515157699585,0
81.68517279624939,0
81.6852536201477,0
81.68535923957825,0
81.68538093566895,0
81.68660998344421,0
81.68669700622559,0
81.68795943260193,0
81.69328880310059,0
81.69955849647522,0
81.6997582912445,0
81.69978141784668,0
81.7200665473938,0
81.72011518478394,0
81.72042202949524,0
81.72048854827881,0
81.72054100036621,0
81.72056460380554,0
81.72058701515198,0
81.72382164001465,0
81.72386908531189,0
81.72491574287415,0
81.72592639923096,0
81.72607707977295,0
81.72622323036194,0
81.7262613773346,0
81.72806286811829,0
81.72811770439148,0
81.72830176353455,0
81.7413284778595,0
81.74153685569763,0
81.74160814285278,0
81.74234652519226,0
81.74240469932556,0
81.74558091163635,0
81.74566960334778,0
81.7469470500946,0
81.7595546245575,0
81.75956726074219,0
81.7595865726471,0
81.77244853973389,0
81.7724871635437,0
81.77263522148132,0
81.77265644073486,0
81.77350568771362,0
81.77381491661072,0
81.77407050132751,0
81.77456474304199,0
81.77991485595703,0
81.79025769233704,0
81.79029417037964,0
81.79031085968018,0
81.79980206489563,0
81.79983949661255,0
81.79988551139832,0
81.81970810890198,0
81.8197557926178,0
81.8197569847107,0
81.83992505073547,0
81.84000658988953,0
81.84011888504028,0
81.84910225868225,0
81.854416847229,0
81.8544991016388,0
81.85501265525818,0
81.85619688034058,0
81.85630202293396,0
81.85631966590881,0
81.85930395126343,0
81.85942435264587,0
81.85957646369934,0
81.85971713066101,0
81.85994744300842,0
81.85996723175049,0
81.86150312423706,0
81.8615369796753,0
81.86327981948853,0
81.86333680152893,0
81.86407446861267,0
81.8797504901886,0
81.8797562122345,0
81.87979221343994,0
81.89840507507324,0
81.89844346046448,0
81.89853549003601,0
81.90307402610779,0
81.90407991409302,0
81.90417289733887,0
81.90444469451904,0
81.90479373931885,0
81.9052243232727,0
81.90569233894348,0
81.92066979408264,0
81.92079758644104,0
81.92098236083984,0
81.92869281768799,0
81.93451881408691,0
81.93458890914917,0
81.93667912483215,0
81.93690586090088,0
81.93879175186157,0
81.94046330451965,0
81.94050168991089,0
81.94055891036987,0
81.95957255363464,0
81.96005487442017,0
81.96008348464966,0
81.96610164642334,0
81.96612811088562,0
81.96617293357849,0
81.96622586250305,0
81.96955466270447,0
81.96957206726074,0
81.96994948387146,0
81.97183775901794,0
81.97187209129333,0
81.97188901901245,0
81.97190427780151,0
81.97357773780823,0
81.97361016273499,0
81.97368097305298,0
81.97460913658142,0
81.98008465766907,0
81.98012089729309,0
81.9801344871521,0
81.99821996688843,0
81.99825119972229,0
81.99833250045776,0
81.99835109710693,0
81.99965977668762,0
81.99977493286133,0
81.9997911453247,0
82.00337338447571,0
82.00338792800903,0
82.00374817848206,0
82.00411415100098,0
82.01121616363525,0
82.01125288009644,0
82.01392364501953,0
82.01967644691467,0
82.01969575881958,0
82.01971101760864,0
82.0225088596344,0
82.02278995513916,0
82.02371287345886,0
82.02383589744568,0
82.02433252334595,0
82.02436590194702,0
82.02563643455505,0
82.02567911148071,0
82.02618503570557,0
82.03345727920532,0
82.0334587097168,0
82.03586196899414,0
82.03588223457336,0
82.04074168205261,0
82.0407726764679,0
82.04077291488647,0
82.05964016914368,0
82.05965256690979,0
82.05968761444092,0
82.07598280906677,0
82.08005142211914,0
82.08007740974426,0
82.08014416694641,0
82.10046410560608,0
82.1004843711853,0
82.100501537323,0
82.10063481330872,0
82.10064125061035,0
82.1006543636322,0
82.10069990158081,0
82.1041316986084,0
82.1041750907898,0
82.10419607162476,0
82.10494923591614,0
82.11364340782166,0
82.11366629600525,0
82.11379551887512,0
82.11385941505432,0
82.11954975128174,0
82.1195867061615,0
82.11959934234619,0
82.13949871063232,0
82.13952851295471,0
82.13956093788147,0
82.14041900634766,0
82.1406307220459,0
82.14066767692566,0
82.14486408233643,0
82.14492011070251,0
82.14698243141174,0
82.14702200889587,0
82.15151643753052,0
82.15340328216553,0
82.16081595420837,0
82.16087174415588,0
82.16089344024658,0
82.179842710495,0
82.17989420890808,0
82.18006658554077,0
82.19552206993103,0
82.20019125938416,0
82.20126080513,0
82.20134472846985,0
82.20820379257202,0
82.20850348472595,0
82.20876479148865,0
82.21169567108154,0
82.21199774742126,0
82.21205592155457,0
82.21211385726929,0
82.21428632736206,0
82.21429896354675,0
82.21431708335876,0
82.21431803703308,0
82.2172474861145,0
82.21728610992432,0
82.21730399131775,0
82.21802186965942,0
82.21944379806519,0
82.219477891922,0
82.21953129768372,0
82.22323250770569,0
82.22330045700073,0
82.22720575332642,0
82.2273621559143,0
82.22738766670227,0
82.2274386882782,0
82.22754979133606,0
82.22758507728577,0
82.22762060165405,0
82.23231601715088,0
82.23281812667847,0
82.23453307151794,0
82.23460793495178,0
82.2399754524231,0
82.23999905586243,0
82.24006986618042,0
82.25233316421509,0
82.25378274917603,0
82.26027965545654,0
82.26031804084778,0
82.2603371143341,0
82.27964806556702,0
82.27969264984131,0
82.279709815979,0
82.28652238845825,0
82.29451870918274,0
82.29455733299255,0
82.29461455345154,0
82.29489636421204,0
82.29693603515625,0
82.29695439338684,0
82.29700541496277,0
82.30071878433228,0
82.30072569847107,0
82.30076050758362,0
82.31234502792358,0
82.3200831413269,0
82.32013392448425,0
82.32022428512573,0
82.33678340911865,0
82.33681201934814,0
82.33683514595032,0
82.33685731887817,0
82.34237551689148,0
82.34248638153076,0
82.34250807762146,0
82.34402799606323,0
82.34404873847961,0
82.34406924247742,0
82.35473799705505,0
82.35475826263428,0
82.35964679718018,0
82.35967803001404,0
82.35969161987305,0
82.37291765213013,0
82.372971534729,0
82.38008570671082,0
82.38011431694031,0
82.38018560409546,0
82.40000224113464,0
82.40008854866028,0
82.4001076221466,0
82.4047679901123,0
82.40784788131714,0
82.40891742706299,0
82.41970944404602,0
82.419753074646,0
82.4197723865509,0
82.42144799232483,0
82.42146015167236,0
82.42310047149658,0
82.42311835289001,0
82.4231653213501,0
82.4231903553009,0
82.42504024505615,0
82.42507600784302,0
82.42540287971497,0
82.43705582618713,0
82.44026041030884,0
82.44030022621155,0
82.44031810760498,0
82.44399833679199,0
82.44405317306519,0
82.45946002006531,0
82.4594988822937,0
82.45951390266418,0
82.47401094436646,0
82.47403264045715,0
82.47803354263306,0
82.47804617881775,0
82.47806644439697,0
82.47809410095215,0
82.47956323623657,0
82.47960138320923,0
82.47966384887695,0
82.49997019767761,0
82.50001072883606,0
82.50003027915955,0
82.50655436515808,0
82.50655794143677,0
82.50666093826294,0
82.50930881500244,0
82.51337385177612,0
82.51354193687439,0
82.51356244087219,0
82.51358127593994,0
82.5150694847107,0
82.51538944244385,0
82.51605081558228,0
82.51963138580322,0
82.51967906951904,0
82.51979470252991,0
82.54012155532837,0
82.54016947746277,0
82.5401918888092,0
82.56004285812378,0
82.56008887290955,0
82.5600917339325,0
82.57288312911987,0
82.580069065094,0
82.58009266853333,0
82.58011603355408,0
82.58412599563599,0
82.58414769172668,0
82.58415102958679,0
82.58416891098022,0
82.58673119544983,0
82.58675408363342,0
82.58677387237549,0
82.59016442298889,0
82.59021878242493,0
82.5924334526062,0
82.59245681762695,0
82.59388995170593,0
82.59987568855286,0
82.5999186038971,0
82.59993648529053,0
82.6070728302002,0
82.60742592811584,0
82.60932159423828,0
82.60964155197144,0
82.60964584350586,0
82.6099534034729,0
82.61155986785889,0
82.61156153678894,0
82.61206030845642,0
82.61546492576599,0
82.61962914466858,0
82.61985754966736,0
82.61987328529358,0
82.6401309967041,0
82.64019775390625,0
82.64026093482971,0
82.64683103561401,0
82.64691066741943,0
82.6470594406128,0
82.64709043502808,0
82.64983677864075,0
82.6498601436615,0
82.64994788169861,0
82.65310525894165,0
82.6531732082367,0
82.66067886352539,0
82.660715341568,0
82.66081190109253,0
82.66805410385132,0
82.66808819770813,0
82.67132878303528,0
82.67333507537842,0
82.67648601531982,0
82.68020796775818,0
82.6802270412445,0
82.68023872375488,0
82.69219160079956,0
82.69229626655579,0
82.69231367111206,0
82.69232678413391,0
82.69586706161499,0
82.69588446617126,0
82.69641494750977,0
82.69760179519653,0
82.69761633872986,0
82.69766974449158,0
82.69768524169922,0
82.69880652427673,0
82.69900250434875,0
82.69914197921753,0
82.69941282272339,0
82.69943070411682,0
82.69944143295288,0
82.70013928413391,0
82.70353817939758,0
82.70459413528442,0
82.71987509727478,0
82.71991205215454,0
82.71995615959167,0
82.72982048988342,0
82.72988390922546,0
82.729905128479,0
82.73076033592224,0
82.73244285583496,0
82.73249530792236,0
82.73269462585449,0
82.73404502868652,0
82.73413419723511,0
82.73579096794128,0
82.73582196235657,0
82.73641204833984,0
82.73766255378723,0
82.74477505683899,0
82.74480748176575,0
82.74485516548157,0
82.75624656677246,0
82.7598659992218,0
82.75991725921631,0
82.75993728637695,0
82.76236987113953,0
82.76361107826233,0
82.76367378234863,0
82.76371240615845,0
82.77616953849792,0
82.77625823020935,0
82.77686309814453,0
82.78055548667908,0
82.78059911727905,0
82.78069472312927,0
82.80016732215881,0
82.80020761489868,0
82.8002278804779,0
82.81118059158325,0
82.81644678115845,0
82.81649804115295,0
82.81782793998718,0
82.81787610054016,0
82.8179292678833,0
82.8179829120636,0
82.8204197883606,0
82.82091975212097,0
82.82094025611877,0
82.82185769081116,0
82.82190346717834,0
82.82201814651489,0
82.83988976478577,0
82.83994150161743,0
82.8399612903595,0
82.84977197647095,0
82.85006785392761,0
82.85183191299438,0
82.85186862945557,0
82.8596613407135,0
82.85968971252441,0
82.85969018936157,0
82.87951588630676,0
82.87955236434937,0
82.8796124458313,0
82.89589619636536,0
82.8997220993042,0
82.89975881576538,0
82.89981770515442,0
82.90315318107605,0
82.90317869186401,0
82.90325617790222,0
82.90327858924866,0
82.9196572303772,0
82.91970992088318,0
82.91982221603394,0
82.92862367630005,0
82.92865753173828,0
82.92918825149536,0
82.93143248558044,0
82.9314820766449,0
82.93179202079773,0
82.93181824684143,0
82.9344413280487,0
82.93480110168457,0
82.93481230735779,0
82.9370653629303,0
82.93709015846252,0
82.94004607200623,0
82.94117617607117,0
82.94129157066345,0
82.94130063056946,0
82.94133615493774,0
82.94140124320984,0
82.9599175453186,0
82.95993876457214,0
82.96230721473694,0
82.96355843544006,0
82.96358871459961,0
82.96369361877441,0
82.96397137641907,0
82.96474528312683,0
82.96481728553772,0
82.96541285514832,0
82.96604490280151,0
82.97970867156982,0
82.98039674758911,0
82.98041987419128,0
82.99888348579407,0
82.99889850616455,0
82.99891948699951,0
82.99894261360168,0
83.00108909606934,0
83.00109076499939,0
83.00259613990784,0
83.00445652008057,0
83.00447630882263,0
83.00516629219055,0
83.00661301612854,0
83.00878095626831,0
83.00978708267212,0
83.01554799079895,0
83.01950597763062,0
83.01954126358032,0
83.01955795288086,0
83.02061462402344,0
83.02136325836182,0
83.03019046783447,0
83.0303692817688,0
83.03135681152344,0
83.0313892364502,0
83.03143739700317,0
83.03150486946106,0
83.03612899780273,0
83.03621172904968,0
83.03627419471741,0
83.03946781158447,0
83.03952670097351,0
83.0395495891571,0
83.05945467948914,0
83.05946660041809,0
83.05948209762573,0
83.06121373176575,0
83.06124782562256,0
83.06337690353394,0
83.06339597702026,0
83.06389689445496,0
83.08116340637207,0
83.08122277259827,0
83.08125710487366,0
83.09364604949951,0
83.09366798400879,0
83.09368515014648,0
83.09370303153992,0
83.09372305870056,0
83.09374856948853,0
83.09386849403381,0
83.09389019012451,0
83.09395480155945,0
83.09973049163818,0
83.09981989860535,0
83.09989833831787,0
83.119619846344,0
83.11966466903687,0
83.11975574493408,0
83.12169623374939,0
83.12809658050537,0
83.12833881378174,0
83.12859582901001,0
83.1287043094635,0
83.13174891471863,0
83.13180589675903,0
83.13183093070984,0
83.13463878631592,0
83.13483095169067,0
83.13709020614624,0
83.13722944259644,0
83.13976407051086,0
83.13980412483215,0
83.1398196220398,0
83.15658378601074,0
83.15660405158997,0
83.15692019462585,0
83.15726900100708,0
83.16010332107544,0
83.16014170646667,0
83.16018581390381,0
83.16020202636719,0
83.16021633148193,0
83.16047167778015,0
83.16066479682922,0
83.17958307266235,0
83.17967247962952,0
83.18006014823914,0
83.19980716705322,0
83.19985055923462,0
83.20121121406555,0
83.2034158706665,0
83.20438718795776,0
83.20441269874573,0
83.20449566841125,0
83.20629739761353,0
83.20632100105286,0
83.20634531974792,0
83.21047616004944,0
83.21954107284546,0
83.21957540512085,0
83.21958923339844,0
83.22353601455688,0
83.22362351417542,0
83.22516226768494,0
83.22518539428711,0
83.22520041465759,0
83.22525691986084,0
83.23987460136414,0
83.24156188964844,0
83.24333930015564,0
83.24922466278076,0
83.24925351142883,0
83.24927282333374,0
83.25256657600403,0
83.2526044845581,0
83.25351333618164,0
83.25351691246033,0
83.2598717212677,0
83.25990152359009,0
83.25990533828735,0
83.26718425750732,0
83.28092575073242,0
83.2809705734253,0
83.28099155426025,0
83.28103637695312,0
83.28105688095093,0
83.28107619285583,0
83.28109860420227,0
83.28593826293945,0
83.28600287437439,0
83.28629517555237,0
83.29980373382568,0
83.29984951019287,0
83.30013608932495,0
83.30201268196106,0
83.30401229858398,0
83.30518865585327,0
83.31965923309326,0
83.31970191001892,0
83.3197648525238,0
83.3356294631958,0
83.33568167686462,0
83.33570885658264,0
83.33599400520325,0
83.34000396728516,0
83.34004640579224,0
83.34025740623474,0
83.34031081199646,0
83.34033489227295,0
83.34041476249695,0
83.35971665382385,0
83.35974884033203,0
83.35981845855713,0
83.359872341156,0
83.36122703552246,0
83.36252641677856,0
83.36257410049438,0
83.36352014541626,0
83.38068222999573,0
83.38068342208862,0
83.38140511512756,0
83.39970302581787,0
83.40034246444702,0
83.40036845207214,0
83.40304112434387,0
83.40695214271545,0
83.41983985900879,0
83.41988253593445,0
83.4199001789093,0
83.44098472595215,0
83.44102597236633,0
83.44107913970947,0
83.44213223457336,0
83.44223237037659,0
83.442636013031,0
83.44323301315308,0
83.44392561912537,0
83.44397068023682,0
83.44783163070679,0
83.44784808158875,0
83.44786477088928,0
83.45958828926086,0
83.45960712432861,0
83.45971941947937,0
83.46409749984741,0
83.46425914764404,0
83.46429061889648,0
83.46436047554016,0
83.46720433235168,0
83.46735835075378,0
83.46749424934387,0
83.46886324882507,0
83.4723310470581,0
83.47300148010254,0
83.47725653648376,0
83.47732162475586,0
83.47833347320557,0
83.47996830940247,0
83.48000288009644,0
83.48007130622864,0
83.49791240692139,0
83.49794220924377,0
83.49796557426453,0
83.49852013587952,0
83.49984002113342,0
83.49988436698914,0
83.50034260749817,0
83.50293278694153,0
83.50306272506714,0
83.50402498245239,0
83.52279162406921,0
83.52289867401123,0
83.52292656898499,0
83.52961468696594,0
83.53503513336182,0
83.5350751876831,0
83.53519296646118,0
83.53521847724915,0
83.53970074653625,0
83.53970098495483,0
83.54016757011414,0
83.54018926620483,0
83.54086637496948,0
83.54094219207764,0
83.54182243347168,0
83.54185914993286,0
83.5423412322998,0
83.54242062568665,0
83.5470142364502,0
83.54958009719849,0
83.55090022087097,0
83.5594208240509,0
83.55945134162903,0
83.55946326255798,0
83.56595659255981,0
83.56597852706909,0
83.56890392303467,0
83.56898546218872,0
83.56902384757996,0
83.56904125213623,0
83.57003688812256,0
83.57083654403687,0
83.57940030097961,0
83.57942843437195,0
83.5794734954834,0
83.58514761924744,0
83.5865626335144,0
83.60007786750793,0
83.60011649131775,0
83.60015392303467,0
83.6068217754364,0
83.60685992240906,0
83.60789227485657,0
83.60791110992432,0
83.60792064666748,0
83.60792922973633,0
83.61166095733643,0
83.61169600486755,0
83.61223244667053,0
83.6200680732727,0
83.62065768241882,0
83.62069797515869,0
83.6400682926178,0
83.64012050628662,0
83.64019846916199,0
83.64175987243652,0
83.64180946350098,0
83.64183449745178,0
83.64189839363098,0
83.64415383338928,0
83.64422392845154,0
83.64465141296387,0
83.64545845985413,0
83.64551115036011,0
83.64868927001953,0
83.6487967967987,0
83.6623523235321,0
83.66244864463806,0
83.66257762908936,0
83.6803629398346,0
83.68040370941162,0
83.68048143386841,0
83.69177293777466,0
83.69862961769104,0
83.70032787322998,0
83.70037603378296,0
83.70039868354797,0
83.70133233070374,0
83.70138144493103,0
83.7015450000763,0
83.7030816078186,0
83.70315527915955,0
83.70322060585022,0
83.70401787757874,0
83.7132499217987,0
83.71327090263367,0
83.71328735351562,0
83.71333050727844,0
83.71649098396301,0
83.71655488014221,0
83.71658086776733,0
83.71664214134216,0
83.71973252296448,0
83.71976852416992,0
83.71982431411743,0
83.72203707695007,0
83.73393392562866,0
83.73403000831604,0
83.73636531829834,0
83.73646783828735,0
83.73972964286804,0
83.73978567123413,0
83.73980665206909,0
83.75384831428528,0
83.75972414016724,0
83.75976657867432,0
83.76021575927734,0
83.779461145401,0
83.77953028678894,0
83.779545545578,0
83.78639030456543,0
83.78642749786377,0
83.78672814369202,0
83.78676414489746,0
83.78879928588867,0
83.78884077072144,0
83.7967529296875,0
83.79988193511963,0
83.7999210357666,0
83.79997205734253,0
83.80253028869629,0
83.80256223678589,0
83.80295658111572,0
83.81501317024231,0
83.81555700302124,0
83.81612753868103,0
83.81619453430176,0
83.81712365150452,0
83.81718373298645,0
83.8172378540039,0
83.81989097595215,0
83.81994271278381,0
83.81995749473572,0
83.8384461402893,0
83.83865809440613,0
83.83958053588867,0
83.83963418006897,0
83.83965563774109,0
83.84081387519836,0
83.84093928337097,0
83.84179282188416,0
83.85988569259644,0
83.85992193222046,0
83.85996222496033,0
83.88002848625183,0
83.88003134727478,0
83.88008093833923,0
83.88478755950928,0
83.88487029075623,0
83.8848922252655,0
83.88495922088623,0
83.88501763343811,0
83.88503980636597,0
83.88512706756592,0
83.88929605484009,0
83.88931894302368,0
83.88940286636353,0
83.88942265510559,0
83.89492416381836,0
83.89496397972107,0
83.89498591423035,0
83.89609599113464,0
83.8993194103241,0
83.89942336082458,0
83.89944195747375,0
83.91298055648804,0
83.91301918029785,0
83.91303706169128,0
83.91305732727051,0
83.91969275474548,0
83.9196949005127,0
83.91975402832031,0
83.93954229354858,0
83.93959522247314,0
83.93971681594849,0
83.9406886100769,0
83.94071197509766,0
83.94071674346924,0
83.96004748344421,0
83.96004986763,0
83.96034622192383,0
83.97971606254578,0
83.97975778579712,0
83.97977900505066,0
83.99608778953552,0
83.99632692337036,0
84.00047469139099,0
84.00067400932312,0
84.00070405006409,0
84.00072860717773,0
84.00081419944763,0
84.00378608703613,0
84.00847005844116,0
84.00848984718323,0
84.01424551010132,0
84.01761150360107,0
84.01766657829285,0
84.0179123878479,0
84.01793003082275,0
84.01799988746643,0
84.01803922653198,0
84.01955986022949,0
84.01959300041199,0
84.01960778236389,0
84.02211451530457,0
84.02390360832214,0
84.02484321594238,0
84.03369212150574,0
84.03802585601807,0
84.03805470466614,0
84.03955173492432,0
84.03958678245544,0
84.03966975212097,0
84.04065489768982,0
84.04074454307556,0
84.04112219810486,0
84.05736017227173,0
84.05742740631104,0
84.05747079849243,0
84.05751585960388,0
84.05947160720825,0
84.05955815315247,0
84.0595817565918,0
84.07746291160583,0
84.07749962806702,0
84.07753372192383,0
84.07967877388,0
84.07969665527344,0
84.07971358299255,0
84.08301043510437,0
84.0840425491333,0
84.10061502456665,0
84.10068559646606,0
84.10167598724365,0
84.10449171066284,0
84.11074614524841,0
84.1107861995697,0
84.11080384254456,0
84.11089539527893,0
84.11575770378113,0
84.11582136154175,0
84.11586856842041,0
84.11981010437012,0
84.11984634399414,0
84.1199312210083,0
84.12113428115845,0
84.12117075920105,0
84.12117314338684,0
84.1216332912445,0
84.12307024002075,0
84.1232557296753,0
84.12331032752991,0
84.1239082813263,0
84.12438821792603,0
84.12563133239746,0
84.12568044662476,0
84.13290166854858,0
84.13963723182678,0
84.13972163200378,0
84.13974261283875,0
84.15619325637817,0
84.15624046325684,0
84.15625953674316,0
84.15626525878906,0
84.1595368385315,0
84.15973091125488,0
84.15999174118042,0
84.16161346435547,0
84.16165041923523,0
84.16167211532593,0
84.17727899551392,0
84.17944979667664,0
84.179514169693,0
84.17953896522522,0
84.20055317878723,0
84.2007622718811,0
84.20078158378601,0
84.21299314498901,0
84.21365404129028,0
84.21498966217041,0
84.21543216705322,0
84.21547532081604,0
84.21549868583679,0
84.21781635284424,0
84.21817827224731,0
84.21910214424133,0
84.22009134292603,0
84.2201337814331,0
84.22015142440796,0
84.22200584411621,0
84.22515153884888,0
84.23977160453796,0
84.23998880386353,0
84.2400074005127,0
84.2424201965332,0
84.24247145652771,0
84.2538194656372,0
84.25386810302734,0
84.25733590126038,0
84.26134753227234,0
84.26142621040344,0
84.26594281196594,0
84.2804102897644,0
84.28044557571411,0
84.2804605960846,0
84.2804753780365,0
84.28049087524414,0
84.28050327301025,0
84.28055596351624,0
84.29644799232483,0
84.2964563369751,0
84.29710912704468,0
84.29846096038818,0
84.30030584335327,0
84.30034685134888,0
84.30040574073792,0
84.32009792327881,0
84.32014441490173,0
84.32016444206238,0
84.3324785232544,0
84.33258271217346,0
84.33260869979858,0
84.33271098136902,0
84.33704376220703,0
84.33708643913269,0
84.33713459968567,0
84.33731007575989,0
84.33967232704163,0
84.33971762657166,0
84.33973813056946,0
84.34109282493591,0
84.3411545753479,0
84.34221839904785,0
84.35441875457764,0
84.35493564605713,0
84.35493731498718,0
84.35610699653625,0
84.35943627357483,0
84.36175990104675,0
84.3617935180664,0
84.37974882125854,0
84.37978911399841,0
84.3821063041687,0
84.38482666015625,0
84.38485074043274,0
84.38490748405457,0
84.38913106918335,0
84.38915824890137,0
84.38917422294617,0
84.38917636871338,0
84.39552879333496,0
84.39561009407043,0
84.39577293395996,0
84.39901494979858,0
84.39967346191406,0
84.40003085136414,0
84.400151014328,0
84.42004942893982,0
84.4200987815857,0
84.4201135635376,0
84.42079496383667,0
84.42083430290222,0
84.42320108413696,0
84.42323517799377,0
84.4234869480133,0
84.42640924453735,0
84.42674684524536,0
84.42680931091309,0
84.42728757858276,0
84.43974995613098,0
84.439772605896,0
84.43984246253967,0
84.44039058685303,0
84.44042944908142,0
84.44212508201599,0
84.44218468666077,0
84.44304156303406,0
84.46011710166931,0
84.4601559638977,0
84.46042895317078,0
84.46341109275818,0
84.46486473083496,0
84.46487808227539,0
84.46489262580872,0
84.466304063797,0
84.46633648872375,0
84.46640300750732,0
84.47271203994751,0
84.47946643829346,0
84.47950315475464,0
84.4795196056366,0
84.49971055984497,0
84.49975967407227,0
84.4997889995575,0
84.50507116317749,0
84.50513005256653,0
84.50519609451294,0
84.50522780418396,0
84.50767064094543,0
84.50783038139343,0
84.50871396064758,0
84.52036356925964,0
84.52041125297546,0
84.52046585083008,0
84.53981041908264,0
84.53987073898315,0
84.53999972343445,0
84.55286765098572,0
84.55295848846436,0
84.55758738517761,0
84.55804753303528,0
84.55854034423828,0
84.55977964401245,0
84.55982232093811,0
84.55999255180359,0
84.57522535324097,0
84.57537055015564,0
84.57659196853638,0
84.57676339149475,0
84.5779013633728,0
84.57824945449829,0
84.57830810546875,0
84.58150339126587,0
84.58888506889343,0
84.58892726898193,0
84.58942413330078,0
84.58944153785706,0
84.59117412567139,0
84.59190225601196,0
84.59374833106995,0
84.59841704368591,0
84.59940648078918,0
84.59961581230164,0
84.59964752197266,0
84.59972620010376,0
84.61237001419067,0
84.61237287521362,0
84.61238956451416,0
84.61248230934143,0
84.61598658561707,0
84.61600804328918,0
84.61608099937439,0
84.61700987815857,0
84.61704730987549,0
84.61715698242188,0
84.61716032028198,0
84.61861395835876,0
84.61874794960022,0
84.61877179145813,0
84.61877679824829,0
84.61957120895386,0
84.61975455284119,0
84.61975526809692,0
84.62343215942383,0
84.63968706130981,0
84.63983035087585,0
84.63983678817749,0
84.64036512374878,0
84.64040923118591,0
84.64244818687439,0
84.64251947402954,0
84.64349484443665,0
84.65928912162781,0
84.65931534767151,0
84.65950989723206,0
84.65963864326477,0
84.65978932380676,0
84.6604642868042,0
84.66076183319092,0
84.6634521484375,0
84.66346836090088,0
84.66348457336426,0
84.67496657371521,0
84.67958354949951,0
84.67961144447327,0
84.67964291572571,0
84.69789576530457,0
84.69815397262573,0
84.69815587997437,0
84.69817519187927,0
84.70188617706299,0
84.7019202709198,0
84.70208096504211,0
84.70268559455872,0
84.70280838012695,0
84.70289206504822,0
84.7195143699646,0
84.71954917907715,0
84.7196261882782,0
84.72162318229675,0
84.72166228294373,0
84.72340226173401,0
84.72349762916565,0
84.72620344161987,0
84.73976731300354,0
84.73980522155762,0
84.73982453346252,0
84.75961661338806,0
84.75966095924377,0
84.7596640586853,0
84.76148533821106,0
84.76151013374329,0
84.76152682304382,0
84.76155066490173,0
84.76746463775635,0
84.7675576210022,0
84.76758146286011,0
84.76802182197571,0
84.77969431877136,0
84.77973937988281,0
84.77996158599854,0
84.80119562149048,0
84.80122447013855,0
84.80124473571777,0
84.82074928283691,0
84.82084918022156,0
84.82088613510132,0
84.82736539840698,0
84.82739043235779,0
84.82917380332947,0
84.8291974067688,0
84.82926726341248,0
84.82933497428894,0
84.83133721351624,0
84.83136415481567,0
84.83137345314026,0
84.83236622810364,0
84.83509993553162,0
84.83951210975647,0
84.83954977989197,0
84.83956503868103,0
84.85937356948853,0
84.85998773574829,0
84.8600172996521,0
84.86180686950684,0
84.86766743659973,0
84.86770868301392,0
84.87959957122803,0
84.87962889671326,0
84.87964248657227,0
84.88371086120605,0
84.88380527496338,0
84.88583612442017,0
84.88585877418518,0
84.88587021827698,0
84.8858814239502,0
84.8887038230896,0
84.88890194892883,0
84.88892030715942,0
84.8919665813446,0
84.89943552017212,0
84.8994824886322,0
84.89949560165405,0
84.90725636482239,0
84.90872144699097,0
84.9087438583374,0
84.90880727767944,0
84.91299986839294,0
84.91305875778198,0
84.91329646110535,0
84.9139392375946,0
84.91610670089722,0
84.91949653625488,0
84.91953492164612,0
84.9195511341095,0
84.92876625061035,0
84.93391060829163,0
84.93677926063538,0
84.9376711845398,0
84.9377064704895,0
84.93772292137146,0
84.93774056434631,0
84.9377429485321,0
84.93776369094849,0
84.9377818107605,0
84.941171169281,0
84.9412784576416,0
84.94183278083801,0
84.94186568260193,0
84.94188046455383,0
84.9447820186615,0
84.9459810256958,0
84.95305943489075,0
84.95945429801941,0
84.95948815345764,0
84.95954513549805,0
84.98016691207886,0
84.98025226593018,0
84.98031115531921,0
84.99543642997742,0
84.99549603462219,0
84.99584460258484,0
84.99591135978699,0
85.00035810470581,0
85.00085973739624,0
85.00242304801941,0
85.0053939819336,0
85.00598168373108,0
85.00637984275818,0
85.01026511192322,0
85.01845479011536,0
85.01871347427368,0
85.01989531517029,0
85.01992726325989,0
85.01994109153748,0
85.0269079208374,0
85.02839207649231,0
85.0284206867218,0
85.03020787239075,0
85.03050017356873,0
85.03053593635559,0
85.03064322471619,0
85.03180980682373,0
85.03877711296082,0
85.038827419281,0
85.03936314582825,0
85.03947830200195,0
85.03949069976807,0
85.04120683670044,0
85.04132556915283,0
85.05242919921875,0
85.06067228317261,0
85.060715675354,0
85.06095170974731,0
85.07942771911621,0
85.07942795753479,0
85.07946062088013,0
85.08670616149902,0
85.08677887916565,0
85.08682680130005,0
85.0871250629425,0
85.09016156196594,0
85.09020972251892,0
85.09049963951111,0
85.09423470497131,0
85.09427762031555,0
85.09451961517334,0
85.09453010559082,0
85.09549903869629,0
85.09553623199463,0
85.09576225280762,0
85.09614372253418,0
85.09961414337158,0
85.09965181350708,0
85.09966731071472,0
85.11211109161377,0
85.11244678497314,0
85.11247825622559,0
85.11259889602661,0
85.11949157714844,0
85.1195285320282,0
85.11954402923584,0
85.13971972465515,0
85.13973307609558,0
85.13977026939392,0
85.14469790458679,0
85.14471864700317,0
85.14475226402283,0
85.14679265022278,0
85.14695596694946,0
85.14928674697876,0
85.1492989063263,0
85.15335178375244,0
85.15999937057495,0
85.16003346443176,0
85.16009092330933,0
85.16046786308289,0
85.16283416748047,0
85.16283845901489,0
85.16286444664001,0
85.17705345153809,0
85.17708563804626,0
85.17714619636536,0
85.17976880073547,0
85.17980480194092,0
85.17997121810913,0
85.19403004646301,0
85.19982647895813,0
85.19986271858215,0
85.19990062713623,0
85.21952295303345,0
85.21957445144653,0
85.21957969665527,0
85.2309148311615,0
85.23120760917664,0
85.23242783546448,0
85.23243355751038,0
85.23246836662292,0
85.23587965965271,0
85.23644614219666,0
85.23708415031433,0
85.23736143112183,0
85.23741793632507,0
85.23984408378601,0
85.23987579345703,0
85.23993563652039,0
85.24031329154968,0
85.24641799926758,0
85.24644565582275,0
85.2489001750946,0
85.2491397857666,0
85.2500901222229,0
85.25482320785522,0
85.25633144378662,0
85.25636100769043,0
85.25756287574768,0
85.2595043182373,0
85.25954151153564,0
85.25955581665039,0
85.26648283004761,0
85.2665183544159,0
85.26719617843628,0
85.26833915710449,0
85.27823567390442,0
85.27826809883118,0
85.2782814502716,0
85.27829718589783,0
85.2802209854126,0
85.2802345752716,0
85.28024649620056,0
85.29471445083618,0
85.29510378837585,0
85.29562878608704,0
85.29946398735046,0
85.29961228370667,0
85.29963064193726,0
85.29990744590759,0
85.30020666122437,0
85.30037569999695,0
85.30038452148438,0
85.3161244392395,0
85.31615328788757,0
85.31616616249084,0
85.31627917289734,0
85.3195219039917,0
85.31955337524414,0
85.31956815719604,0
85.34035539627075,0
85.34036326408386,0
85.3403811454773,0
85.34123826026917,0
85.34162998199463,0
85.34184193611145,0
85.34325432777405,0
85.34637212753296,0
85.34657311439514,0
85.34689712524414,0
85.3598964214325,0
85.36009383201599,0
85.36011338233948,0
85.36159825325012,0
85.36170792579651,0
85.3672730922699,0
85.36729979515076,0
85.36760830879211,0
85.3771345615387,0
85.37980556488037,0
85.37985587120056,0
85.37987184524536,0
85.38765573501587,0
85.39951872825623,0
85.399658203125,0
85.39966034889221,0
85.41985082626343,0
85.419851064682,0
85.41993045806885,0
85.43986868858337,0
85.4399139881134,0
85.44020748138428,0
85.46501874923706,0
85.46511435508728,0
85.46513557434082,0
85.47008943557739,0
85.47010660171509,0
85.47205877304077,0
85.47207808494568,0
85.4720950126648,0
85.4721143245697,0
85.47563242912292,0
85.47566795349121,0
85.47573375701904,0
85.47670984268188,0
85.47991847991943,0
85.47996258735657,0
85.47997975349426,0
85.48147535324097,0
85.48154497146606,0
85.49226450920105,0
85.49238777160645,0
85.49304509162903,0
85.49458527565002,0
85.49957728385925,0
85.49961686134338,0
85.49964165687561,0
85.51143980026245,0
85.52065992355347,0
85.52070641517639,0
85.52098441123962,0
85.53995156288147,0
85.54001569747925,0
85.54004192352295,0
85.54592633247375,0
85.54597234725952,0
85.54612255096436,0
85.54615998268127,0
85.55177164077759,0
85.55185008049011,0
85.55212950706482,0
85.55507206916809,0
85.55510640144348,0
85.5647554397583,0
85.5647919178009,0
85.56485295295715,0
85.56489682197571,0
85.56493878364563,0
85.56619811058044,0
85.56623411178589,0
85.56653189659119,0
85.56655073165894,0
85.56848216056824,0
85.56850028038025,0
85.56859278678894,0
85.56864857673645,0
85.58241057395935,0
85.582444190979,0
85.58246111869812,0
85.58399152755737,0
85.58408546447754,0
85.5889732837677,0
85.58899545669556,0
85.58904767036438,0
85.589106798172,0
85.59396767616272,0
85.59398078918457,0
85.5943067073822,0
85.5999071598053,0
85.60033822059631,0
85.60038089752197,0
85.61991143226624,0
85.6199541091919,0
85.61996936798096,0
85.62817883491516,0
85.63673377037048,0
85.63676810264587,0
85.63689661026001,0
85.63691592216492,0
85.63851523399353,0
85.63853216171265,0
85.63874983787537,0
85.64207768440247,0
85.64209485054016,0
85.64218354225159,0
85.64263153076172,0
85.64264845848083,0
85.6457142829895,0
85.6457850933075,0
85.64644455909729,0
85.65976214408875,0
85.6598048210144,0
85.65985536575317,0
85.6616780757904,0
85.66234970092773,0
85.67955565452576,0
85.67958688735962,0
85.67959856987,0
85.6950318813324,0
85.69506645202637,0
85.69514083862305,0
85.69516444206238,0
85.69999027252197,0
85.70000839233398,0
85.70012927055359,0
85.70020532608032,0
85.70025444030762,0
85.70030689239502,0
85.70653963088989,0
85.71341681480408,0
85.71346545219421,0
85.71348357200623,0
85.7135329246521,0
85.71947121620178,0
85.71950912475586,0
85.71960639953613,0
85.73953938484192,0
85.73959994316101,0
85.73969650268555,0
85.74901151657104,0
85.74905395507812,0
85.75000262260437,0
85.75089478492737,0
85.75412726402283,0
85.75771236419678,0
85.7577497959137,0
85.76694679260254,0
85.7670214176178,0
85.7670738697052,0
85.767098903656,0
85.76723647117615,0
85.76724886894226,0
85.77489018440247,0
85.77491450309753,0
85.7749752998352,0
85.77503252029419,0
85.77961850166321,0
85.77964758872986,0
85.77968859672546,0
85.79494285583496,0
85.79498839378357,0
85.79508066177368,0
85.79685044288635,0
85.79688334465027,0
85.79689574241638,0
85.79690766334534,0
85.79869818687439,0
85.79872131347656,0
85.79873943328857,0
85.80039381980896,0
85.80042481422424,0
85.800466299057,0
85.80062341690063,0
85.80431771278381,0
85.80439043045044,0
85.81434082984924,0
85.81435632705688,0
85.81437158584595,0
85.81438899040222,0
85.81746912002563,0
85.81751227378845,0
85.81815457344055,0
85.81943392753601,0
85.81946682929993,0
85.81948232650757,0
85.83839082717896,0
85.83842587471008,0
85.83961200714111,0
85.83987808227539,0
85.84073066711426,0
85.84133052825928,0
85.84142112731934,0
85.84262609481812,0
85.85919952392578,0
85.85929584503174,0
85.85942387580872,0
85.85954070091248,0
85.85958909988403,0
85.86090469360352,0
85.86213994026184,0
85.86214876174927,0
85.86219882965088,0
85.86280918121338,0
85.87957119941711,0
85.87959241867065,0
85.87964296340942,0
85.89344429969788,0
85.89993286132812,0
85.8999674320221,0
85.90001463890076,0
85.90774655342102,0
85.90777492523193,0
85.90778946876526,0
85.90784811973572,0
85.91983246803284,0
85.9198784828186,0
85.91989707946777,0
85.93982529640198,0
85.93987488746643,0
85.9399721622467,0
85.94539308547974,0
85.94542527198792,0
85.94581389427185,0
85.94766998291016,0
85.94771695137024,0
85.95136380195618,0
85.951411485672,0
85.9519739151001,0
85.95953178405762,0
85.95957040786743,0
85.9602723121643,0
85.96899795532227,0
85.96903157234192,0
85.96912240982056,0
85.96917510032654,0
85.97045707702637,0
85.97048830986023,0
85.97054433822632,0
85.97953176498413,0
85.97956967353821,0
85.97969841957092,0
85.99741768836975,0
85.99936270713806,0
86.00293731689453,0
86.00299739837646,0
86.00329399108887,0
86.00332975387573,0
86.0124261379242,0
86.01243567466736,0
86.01838445663452,0
86.01839232444763,0
86.01850533485413,0
86.01872539520264,0
86.01986932754517,0
86.0199601650238,0
86.0199646949768,0
86.02515244483948,0
86.02518010139465,0
86.02535223960876,0
86.0287868976593,0
86.03402042388916,0
86.03406929969788,0
86.03421759605408,0
86.0343165397644,0
86.03636360168457,0
86.03644561767578,0
86.0364670753479,0
86.03752732276917,0
86.03756046295166,0
86.03947973251343,0
86.03951001167297,0
86.03952240943909,0
86.04581475257874,0
86.04600834846497,0
86.04629516601562,0
86.06012153625488,0
86.06016087532043,0
86.06021475791931,0
86.06491899490356,0
86.0649254322052,0
86.06494641304016,0
86.06501793861389,0
86.06582736968994,0
86.06584930419922,0
86.0659670829773,0
86.07367753982544,0
86.07457447052002,0
86.0794906616211,0
86.07952046394348,0
86.07953095436096,0
86.0927324295044,0
86.09946584701538,0
86.09950137138367,0
86.09989643096924,0
86.10763669013977,0
86.10767006874084,0
86.10789704322815,0
86.10791039466858,0
86.11962723731995,0
86.11962866783142,0
86.11967468261719,0
86.13990807533264,0
86.13995575904846,0
86.14007925987244,0
86.14522433280945,0
86.14530849456787,0
86.14579367637634,0
86.15255212783813,0
86.15261316299438,0
86.16001176834106,0
86.1600329875946,0
86.1600558757782,0
86.1603856086731,0
86.16114497184753,0
86.16934704780579,0
86.1740734577179,0
86.17409062385559,0
86.17410707473755,0
86.17419624328613,0
86.1752610206604,0
86.17527508735657,0
86.17589163780212,0
86.17955899238586,0
86.17959332466125,0
86.17961406707764,0
86.18199038505554,0
86.2003173828125,0
86.20036149024963,0
86.20122504234314,0
86.2120943069458,0
86.21211242675781,0
86.2136583328247,0
86.21369075775146,0
86.21370720863342,0
86.21372628211975,0
86.21607995033264,0
86.21611428260803,0
86.2177665233612,0
86.21778059005737,0
86.21995520591736,0
86.2199957370758,0
86.22001147270203,0
86.22005486488342,0
86.22731733322144,0
86.22736263275146,0
86.22954034805298,0
86.22960329055786,0
86.23180675506592,0
86.23968720436096,0
86.23995399475098,0
86.23997735977173,0
86.23999333381653,0
86.24000763893127,0
86.24196314811707,0
86.24200296401978,0
86.24213075637817,0
86.24215173721313,0
86.2423484325409,0
86.2588005065918,0
86.25884485244751,0
86.25886464118958,0
86.25927019119263,0
86.2609634399414,0
86.26136827468872,0
86.26147770881653,0
86.26158237457275,0
86.2616240978241,0
86.26222395896912,0
86.2623450756073,0
86.28096604347229,0
86.28139472007751,0
86.28142666816711,0
86.28914022445679,0
86.28967189788818,0
86.28969120979309,0
86.2899317741394,0
86.29226636886597,0
86.29229688644409,0
86.29324984550476,0
86.29962658882141,0
86.29966187477112,0
86.29967904090881,0
86.3050467967987,0
86.31814575195312,0
86.31865787506104,0
86.318678855896,0
86.31899452209473,0
86.32033896446228,0
86.32035398483276,0
86.32036757469177,0
86.32264137268066,0
86.3226752281189,0
86.32277655601501,0
86.33192491531372,0
86.3319501876831,0
86.33950185775757,0
86.33953714370728,0
86.33955240249634,0
86.35972785949707,0
86.35978055000305,0
86.35989999771118,0
86.37299132347107,0
86.37301635742188,0
86.37308692932129,0
86.37310910224915,0
86.37315273284912,0
86.37974452972412,0
86.37978172302246,0
86.379798412323,0
86.38455080986023,0
86.38467192649841,0
86.38536477088928,0
86.38539814949036,0
86.38710021972656,0
86.38715124130249,0
86.38720083236694,0
86.39369630813599,0
86.39984321594238,0
86.39986109733582,0
86.39990592002869,0
86.41739559173584,0
86.41750931739807,0
86.41917872428894,0
86.41921043395996,0
86.41940259933472,0
86.41942501068115,0
86.419442653656,0
86.41945934295654,0
86.41946315765381,0
86.43980193138123,0
86.43984603881836,0
86.4398820400238,0
86.4600293636322,0
86.46007680892944,0
86.46011161804199,0
86.46077060699463,0
86.46079087257385,0
86.4607949256897,0
86.46316194534302,0
86.46318650245667,0
86.46520829200745,0
86.46522688865662,0
86.47749972343445,0
86.47981023788452,0
86.48024892807007,0
86.48031544685364,0
86.49988460540771,0
86.49993658065796,0
86.49995732307434,0
86.51066946983337,0
86.5107171535492,0
86.51080250740051,0
86.51087546348572,0
86.51406002044678,0
86.51414370536804,0
86.5141704082489,0
86.51568460464478,0
86.51573133468628,0
86.51575064659119,0
86.51576805114746,0
86.51791715621948,0
86.51796102523804,0
86.51852440834045,0
86.51888966560364,0
86.52095198631287,0
86.52098870277405,0
86.52100348472595,0
86.52607035636902,0
86.52610158920288,0
86.52614760398865,0
86.52619004249573,0
86.5282690525055,0
86.52827596664429,0
86.52876687049866,0
86.54007744789124,0
86.54011964797974,0
86.54017543792725,0
86.54284191131592,0
86.54305839538574,0
86.5441677570343,0
86.54441523551941,0
86.55961632728577,0
86.55965852737427,0
86.5596923828125,0
86.58544087409973,0
86.58548760414124,0
86.5854914188385,0
86.58582592010498,0
86.58584904670715,0
86.58707022666931,0
86.59993863105774,0
86.59997725486755,0
86.5999960899353,0
86.60908627510071,0
86.60934472084045,0
86.61099481582642,0
86.61102247238159,0
86.61107087135315,0
86.61111164093018,0
86.61244058609009,0
86.61247396469116,0
86.6124815940857,0
86.6134603023529,0
86.61950492858887,0
86.6195375919342,0
86.61959838867188,0
86.63122606277466,0
86.63125562667847,0
86.63134431838989,0
86.6313533782959,0
86.63494610786438,0
86.63497519493103,0
86.63522720336914,0
86.63646841049194,0
86.6364905834198,0
86.63794922828674,0
86.63795685768127,0
86.63864350318909,0
86.63942384719849,0
86.63945245742798,0
86.63948678970337,0
86.64275741577148,0
86.66147208213806,0
86.66151428222656,0
86.66159796714783,0
86.66216588020325,0
86.67080616950989,0
86.6708312034607,0
86.67089414596558,0
86.67219400405884,0
86.67438983917236,0
86.67440438270569,0
86.67469882965088,0
86.67948818206787,0
86.67949604988098,0
86.67949771881104,0
86.6804633140564,0
86.68148255348206,0
86.69207406044006,0
86.69941663742065,0
86.6994481086731,0
86.6994616985321,0
86.72086906433105,0
86.72087597846985,0
86.72088527679443,0
86.72181057929993,0
86.72183394432068,0
86.72185516357422,0
86.72195363044739,0
86.72330355644226,0
86.72331881523132,0
86.72361373901367,0
86.72503709793091,0
86.72504138946533,0
86.7250566482544,0
86.72509622573853,0
86.7275812625885,0
86.72768664360046,0
86.72770833969116,0
86.73902559280396,0
86.73903250694275,0
86.73949718475342,0
86.73953342437744,0
86.73955035209656,0
86.74245715141296,0
86.74252939224243,0
86.743643283844,0
86.75663042068481,0
86.75668621063232,0
86.75675439834595,0
86.7567765712738,0
86.75870776176453,0
86.75873351097107,0
86.75881838798523,0
86.75955533981323,0
86.75957202911377,0
86.75981307029724,0
86.77939200401306,0
86.77993249893188,0
86.7799506187439,0
86.80001831054688,0
86.80005550384521,0
86.80009460449219,0
86.80112648010254,0
86.80652570724487,0
86.80654549598694,0
86.80871820449829,0
86.80893659591675,0
86.80896210670471,0
86.80897903442383,0
86.81804394721985,0
86.81806826591492,0
86.81898212432861,0
86.82078909873962,0
86.82087016105652,0
86.82472658157349,0
86.82476091384888,0
86.82476544380188,0
86.8314881324768,0
86.83149433135986,0
86.83249545097351,0
86.83972406387329,0
86.83976745605469,0
86.84271788597107,0
86.8597424030304,0
86.85976457595825,0
86.85976958274841,0
86.85978770256042,0
86.85979104042053,0
86.8598039150238,0
86.85981130599976,0
86.86297154426575,0
86.86298322677612,0
86.86299681663513,0
86.8789553642273,0
86.8797435760498,0
86.8797447681427,0
86.87974810600281,0
86.89948558807373,0
86.89951920509338,0
86.89953136444092,0
86.90421676635742,0
86.90423154830933,0
86.90424942970276,0
86.90439701080322,0
86.9069709777832,0
86.90701365470886,0
86.90719628334045,0
86.91956162452698,0
86.91960740089417,0
86.9196228981018,0
86.93993425369263,0
86.93997716903687,0
86.94002318382263,0
86.95959949493408,0
86.95964360237122,0
86.95972990989685,0
86.979665517807,0
86.97971034049988,0
86.97973132133484,0
86.99003410339355,0
86.99051451683044,0
86.9942831993103,0
86.9943835735321,0
86.99576711654663,0
87.00028729438782,0
87.00119042396545,0
87.00121521949768,0
87.01609110832214,0
87.01629209518433,0
87.01991176605225,0
87.01994276046753,0
87.01994800567627,0
87.02097606658936,0
87.02101397514343,0
87.02149677276611,0
87.02195954322815,0
87.02720165252686,0
87.02723455429077,0
87.02730059623718,0
87.03699851036072,0
87.03702116012573,0
87.03716683387756,0
87.03730535507202,0
87.03732299804688,0
87.03752756118774,0
87.0375554561615,0
87.03757190704346,0
87.03812766075134,0
87.0395917892456,0
87.0398588180542,0
87.03988075256348,0
87.04151797294617,0
87.04153347015381,0
87.0424976348877,0
87.04253244400024,0
87.04414463043213,0
87.04415130615234,0
87.06014776229858,0
87.06017231941223,0
87.06026816368103,0
87.06323790550232,0
87.07031154632568,0
87.07031583786011,0
87.07277703285217,0
87.07279372215271,0
87.07334542274475,0
87.0733711719513,0
87.07339477539062,0
87.0743772983551,0
87.07817387580872,0
87.079421043396,0
87.07945346832275,0
87.07963156700134,0
87.09954595565796,0
87.10022711753845,0
87.10029101371765,0
87.11226916313171,0
87.12015151977539,0
87.12049150466919,0
87.12063431739807,0
87.14014792442322,0
87.14019560813904,0
87.1402199268341,0
87.14125561714172,0
87.14128947257996,0
87.14209461212158,0
87.14215326309204,0
87.14463591575623,0
87.14466786384583,0
87.14549446105957,0
87.14691352844238,0
87.15156769752502,0
87.16262316703796,0
87.16263914108276,0
87.16270852088928,0
87.17999005317688,0
87.1800320148468,0
87.18268322944641,0
87.18295693397522,0
87.18299269676208,0
87.18598127365112,0
87.1860101222992,0
87.18673586845398,0
87.19941782951355,0
87.19942617416382,0
87.19945859909058,0
87.21227860450745,0
87.21369123458862,0
87.21528315544128,0
87.21536636352539,0
87.2158203125,0
87.21589398384094,0
87.21997451782227,0
87.22107028961182,0
87.22113704681396,0
87.22121620178223,0
87.22126317024231,0
87.2213122844696,0
87.22313714027405,0
87.22962379455566,0
87.22965240478516,0
87.22989296913147,0
87.22992372512817,0
87.23207688331604,0
87.23214936256409,0
87.23217225074768,0
87.23305940628052,0
87.23309016227722,0
87.23487091064453,0
87.23493504524231,0
87.23557090759277,0
87.23944783210754,0
87.23948001861572,0
87.2394962310791,0
87.25743079185486,0
87.25746774673462,0
87.25748562812805,0
87.25750517845154,0
87.26082706451416,0
87.26083540916443,0
87.26101422309875,0
87.26162242889404,0
87.26168656349182,0
87.26174139976501,0
87.27544283866882,0
87.28002595901489,0
87.28004956245422,0
87.28006482124329,0
87.30002808570862,0
87.30005836486816,0
87.30007028579712,0
87.30127835273743,0
87.30132937431335,0
87.30144333839417,0
87.30553340911865,0
87.30558228492737,0
87.30610251426697,0
87.30612993240356,0
87.31955337524414,0
87.31959176063538,0
87.31959366798401,0
87.33983302116394,0
87.33988356590271,0
87.33990931510925,0
87.35433173179626,0
87.35439014434814,0
87.35721564292908,0
87.35734701156616,0
87.35971593856812,0
87.35976958274841,0
87.35991144180298,0
87.38041853904724,0
87.38047409057617,0
87.38080286979675,0
87.39634680747986,0
87.39965343475342,0
87.39972066879272,0
87.39977407455444,0
87.39984917640686,0
87.40047645568848,0
87.4005479812622,0
87.40062427520752,0
87.40203976631165,0
87.40207314491272,0
87.40242147445679,0
87.4070315361023,0
87.41953492164612,0
87.41957259178162,0
87.42020106315613,0
87.42928743362427,0
87.42931270599365,0
87.4319715499878,0
87.4320228099823,0
87.43203258514404,0
87.4320547580719,0
87.44041705131531,0
87.44064092636108,0
87.44074630737305,0
87.44095253944397,0
87.44121217727661,0
87.44142127037048,0
87.44145774841309,0
87.44551849365234,0
87.44821810722351,0
87.44830417633057,0
87.45113968849182,0
87.45174717903137,0
87.45602178573608,0
87.45955204963684,0
87.45958590507507,0
87.45972323417664,0
87.4797351360321,0
87.48003888130188,0
87.48007726669312,0
87.48519897460938,0
87.48520016670227,0
87.48521637916565,0
87.48577618598938,0
87.4858124256134,0
87.48583316802979,0
87.48585176467896,0
87.49306392669678,0
87.49308323860168,0
87.4930989742279,0
87.49310064315796,0
87.49443244934082,0
87.49445056915283,0
87.49446773529053,0
87.4994843006134,0
87.49951934814453,0
87.49953866004944,0
87.50993394851685,0
87.51959896087646,0
87.51969742774963,0
87.51980972290039,0
87.53949403762817,0
87.53953909873962,0
87.53956007957458,0
87.5395827293396,0
87.54144072532654,0
87.54151439666748,0
87.54154086112976,0
87.54360175132751,0
87.54362988471985,0
87.5437262058258,0
87.55993747711182,0
87.56000113487244,0
87.56009483337402,0
87.56616497039795,0
87.56629037857056,0
87.56923794746399,0
87.56932306289673,0
87.57064247131348,0
87.58751893043518,0
87.58754801750183,0
87.58782720565796,0
87.5968873500824,0
87.59738969802856,0
87.59774827957153,0
87.59837126731873,0
87.60018134117126,0
87.60019373893738,0
87.60020565986633,0
87.60076999664307,0
87.60107326507568,0
87.60155200958252,0
87.60226583480835,0
87.60294842720032,0
87.6202507019043,0
87.62027430534363,0
87.6203236579895,0
87.62033653259277,0
87.62344741821289,0
87.62352538108826,0
87.62491226196289,0
87.62492895126343,0
87.62494444847107,0
87.62494683265686,0
87.62794351577759,0
87.62795615196228,0
87.62814092636108,0
87.62887811660767,0
87.62967324256897,0
87.63947343826294,0
87.63950943946838,0
87.66000509262085,0
87.66004037857056,0
87.66005659103394,0
87.67099070549011,0
87.67112731933594,0
87.67500472068787,0
87.67515158653259,0
87.67706489562988,0
87.67973113059998,0
87.679762840271,0
87.6800434589386,0
87.68341159820557,0
87.68494248390198,0
87.68497133255005,0
87.68502998352051,0
87.68596076965332,0
87.68599200248718,0
87.68680572509766,0
87.69136190414429,0
87.69999527931213,0
87.70003247261047,0
87.70012044906616,0
87.71086072921753,0
87.71091556549072,0
87.71348786354065,0
87.71367740631104,0
87.71976685523987,0
87.71979808807373,0
87.71980142593384,0
87.73966479301453,0
87.73970770835876,0
87.73972868919373,0
87.74489688873291,0
87.74492073059082,0
87.74494123458862,0
87.74793100357056,0
87.74793148040771,0
87.74829626083374,0
87.7483241558075,0
87.75061225891113,0
87.75064611434937,0
87.75065994262695,0
87.75135564804077,0
87.75139713287354,0
87.75364327430725,0
87.75368595123291,0
87.75585007667542,0
87.75967073440552,0
87.7596983909607,0
87.7597348690033,0
87.77941393852234,0
87.77944016456604,0
87.7794680595398,0
87.78931164741516,0
87.78933644294739,0
87.78934645652771,0
87.78935885429382,0
87.79430389404297,0
87.79431486129761,0
87.79432582855225,0
87.79570889472961,0
87.79934620857239,0
87.79936122894287,0
87.79937171936035,0
87.79967474937439,0
87.80034160614014,0
87.80040740966797,0
87.80048441886902,0
87.80049872398376,0
87.80055165290833,0
87.81944441795349,0
87.81944632530212,0
87.82128977775574,0
87.82132768630981,0
87.82133889198303,0
87.82135081291199,0
87.8269681930542,0
87.83110284805298,0
87.83339786529541,0
87.83737993240356,0
87.8374092578888,0
87.83926701545715,0
87.83929562568665,0
87.8393063545227,0
87.85185647010803,0
87.85965466499329,0
87.86041116714478,0
87.86043810844421,0
87.88033080101013,0
87.88037824630737,0
87.88085269927979,0
87.88267874717712,0
87.88277530670166,0
87.88280153274536,0
87.88281512260437,0
87.88665747642517,0
87.88668990135193,0
87.88709998130798,0
87.89929914474487,0
87.89941334724426,0
87.89945483207703,0
87.90019869804382,0
87.90395283699036,0
87.9043402671814,0
87.9043664932251,0
87.9043824672699,0
87.9056510925293,0
87.90571355819702,0
87.90597105026245,0
87.91025280952454,0
87.91053557395935,0
87.91944408416748,0
87.91948175430298,0
87.91949653625488,0
87.92741131782532,0
87.92748665809631,0
87.93967700004578,0
87.93971610069275,0
87.93973588943481,0
87.9512391090393,0
87.95960330963135,0
87.95963168144226,0
87.9596438407898,0
87.98476600646973,0
87.98479962348938,0
87.9850766658783,0
87.99697995185852,0
87.9970018863678,0
87.99701237678528,0
87.99705839157104,0
87.99778747558594,0
87.99781107902527,0
87.99782490730286,0
87.99936723709106,0
87.99939751625061,0
87.9994740486145,0
87.99997282028198,0
88.00084352493286,0
88.00086998939514,0
88.00091934204102,0
88.00283074378967,0
88.00285601615906,0
88.00304174423218,0
88.00587940216064,0
88.01291012763977,0
88.0129668712616,0
88.01658391952515,0
88.02009344100952,0
88.02012467384338,0
88.02014112472534,0
88.03317642211914,0
88.03324627876282,0
88.03644394874573,0
88.03645849227905,0
88.03964853286743,0
88.03965973854065,0
88.0396671295166,0
88.05158805847168,0
88.05948519706726,0
88.05952000617981,0
88.05960965156555,0
88.0798442363739,0
88.07988739013672,0
88.0799503326416,0
88.0969250202179,0
88.09834241867065,0
88.09837818145752,0
88.09885096549988,0
88.0995683670044,0
88.0996925830841,0
88.09971189498901,0
88.10437941551208,0
88.10439896583557,0
88.10565447807312,0
88.10621666908264,0
88.10881352424622,0
88.11324167251587,0
88.12038850784302,0
88.12041807174683,0
88.12043404579163,0
88.12048077583313,0
88.12056756019592,0
88.12060809135437,0
88.12067365646362,0
88.12070870399475,0
88.12073183059692,0
88.12076544761658,0
88.13280916213989,0
88.13305497169495,0
88.13549637794495,0
88.13549828529358,0
88.13988184928894,0
88.13991975784302,0
88.13997316360474,0
88.15020108222961,0
88.15937662124634,0
88.1594066619873,0
88.15941834449768,0
88.1796383857727,0
88.17966914176941,0
88.1796805858612,0
88.19948601722717,0
88.19952464103699,0
88.19953799247742,0
88.21100354194641,0
88.21102857589722,0
88.21366739273071,0
88.21369242668152,0
88.21376514434814,0
88.21378016471863,0
88.21439266204834,0
88.21440362930298,0
88.21494889259338,0
88.21568441390991,0
88.21788215637207,0
88.22324132919312,0
88.22333145141602,0
88.2233579158783,0
88.23942732810974,0
88.2394552230835,0
88.23949337005615,0
88.24090576171875,0
88.24679017066956,0
88.24681544303894,0
88.24685382843018,0
88.24819922447205,0
88.24822807312012,0
88.24824523925781,0
88.24894595146179,0
88.2489583492279,0
88.25060296058655,0
88.25062584877014,0
88.25066637992859,0
88.25776720046997,0
88.2577908039093,0
88.25780153274536,0
88.25781631469727,0
88.25961494445801,0
88.25963830947876,0
88.26076078414917,0
88.2611722946167,0
88.26128911972046,0
88.2614815235138,0
88.2617917060852,0
88.27430415153503,0
88.27517032623291,0
88.2796471118927,0
88.27967929840088,0
88.27994918823242,0
88.29945755004883,0
88.29948806762695,0
88.29958009719849,0
88.3134548664093,0
88.31347274780273,0
88.31349182128906,0
88.31367087364197,0
88.31766748428345,0
88.31773257255554,0
88.3179817199707,0
88.31966543197632,0
88.31967306137085,0
88.33980751037598,0
88.33985614776611,0
88.3398768901825,0
88.34734535217285,0
88.34738993644714,0
88.34888100624084,0
88.34892106056213,0
88.35052943229675,0
88.35865664482117,0
88.35961055755615,0
88.3596408367157,0
88.3596568107605,0
88.35966849327087,0
88.35967206954956,0
88.36042618751526,0
88.36313676834106,0
88.3631808757782,0
88.36358094215393,0
88.38008737564087,0
88.38008761405945,0
88.38011908531189,0
88.39786458015442,0
88.39976072311401,0
88.3997950553894,0
88.39984202384949,0
88.40665125846863,0
88.40691781044006,0
88.4069414138794,0
88.40870666503906,0
88.40872097015381,0
88.40876865386963,0
88.40909957885742,0
88.4091374874115,0
88.40917539596558,0
88.4109218120575,0
88.41097521781921,0
88.4195785522461,0
88.41960525512695,0
88.41961526870728,0
88.42711353302002,0
88.42716336250305,0
88.43940615653992,0
88.4394314289093,0
88.43944096565247,0
88.45160365104675,0
88.45933771133423,0
88.45936512947083,0
88.45937633514404,0
88.47429895401001,0
88.47446203231812,0
88.47454166412354,0
88.47646260261536,0
88.4795069694519,0
88.4795389175415,0
88.47955274581909,0
88.49964690208435,0
88.49968266487122,0
88.49976348876953,0
88.50184750556946,0
88.50213170051575,0
88.5022521018982,0
88.50390481948853,0
88.50391864776611,0
88.50393080711365,0
88.50399613380432,0
88.50607180595398,0
88.50635600090027,0
88.50638008117676,0
88.50643277168274,0
88.51938772201538,0
88.51942157745361,0
88.51943445205688,0
88.52559280395508,0
88.52562260627747,0
88.52564835548401,0
88.52566838264465,0
88.52765250205994,0
88.5304582118988,0
88.54024386405945,0
88.54028224945068,0
88.54033088684082,0
88.54434871673584,0
88.5444266796112,0
88.54629349708557,0
88.54655814170837,0
88.54956436157227,0
88.55744004249573,0
88.56030368804932,0
88.56088995933533,0
88.56091594696045,0
88.56100869178772,0
88.56104636192322,0
88.56108546257019,0
88.5611777305603,0
88.5612142086029,0
88.56124806404114,0
88.57933044433594,0
88.5793559551239,0
88.57936692237854,0
88.58116722106934,0
88.58275699615479,0
88.5958788394928,0
88.59929013252258,0
88.59935712814331,0
88.59941744804382,0
88.6207103729248,0
88.6207504272461,0
88.62085175514221,0
88.6231198310852,0
88.62313985824585,0
88.62317085266113,0
88.6232042312622,0
88.62324142456055,0
88.62325692176819,0
88.62384271621704,0
88.6239173412323,0
88.62428426742554,0
88.6325752735138,0
88.6327428817749,0
88.63472533226013,0
88.63502359390259,0
88.63926076889038,0
88.63929009437561,0
88.63932847976685,0
88.65074634552002,0
88.65975499153137,0
88.65978860855103,0
88.65980219841003,0
88.67940044403076,0
88.6794364452362,0
88.67950701713562,0
88.69931960105896,0
88.69934630393982,0
88.69935822486877,0
88.70035529136658,0
88.7024085521698,0
88.70245814323425,0
88.70247745513916,0
88.7049720287323,0
88.70539784431458,0
88.70546770095825,0
88.70622515678406,0
88.71982049942017,0
88.71982479095459,0
88.71985793113708,0
88.72172403335571,0
88.72175884246826,0
88.72177600860596,0
88.72182559967041,0
88.72363328933716,0
88.72365236282349,0
88.72404074668884,0
88.72487711906433,0
88.72493267059326,0
88.72634482383728,0
88.72640895843506,0
88.7394495010376,0
88.73948311805725,0
88.73960256576538,0
88.75061583518982,0
88.75956225395203,0
88.75960397720337,0
88.75962281227112,0
88.78020930290222,0
88.78025722503662,0
88.78027749061584,0
88.79068112373352,0
88.79072713851929,0
88.79074621200562,0
88.79082345962524,0
88.79348063468933,0
88.79349851608276,0
88.79506540298462,0
88.79534530639648,0
88.79984855651855,0
88.79997491836548,0
88.79999423027039,0
88.80466532707214,0
88.80467820167542,0
88.80596137046814,0
88.80597925186157,0
88.80599212646484,0
88.80600595474243,0
88.81751775741577,0
88.8175675868988,0
88.81758546829224,0
88.81944346427917,0
88.81992077827454,0
88.81992650032043,0
88.8199393749237,0
88.82049703598022,0
88.83967399597168,0
88.8396999835968,0
88.83975481987,0
88.83979749679565,0
88.83987522125244,0
88.84286642074585,0
88.84291338920593,0
88.84373092651367,0
88.8528904914856,0
88.85290312767029,0
88.85290741920471,0
88.85292530059814,0
88.85956144332886,0
88.85960531234741,0
88.85962319374084,0
88.8784830570221,0
88.87935662269592,0
88.87938475608826,0
88.87962937355042,0
88.87965607643127,0
88.88039255142212,0
88.88145136833191,0
88.90131282806396,0
88.90134835243225,0
88.9013831615448,0
88.91970992088318,0
88.91974830627441,0
88.91975355148315,0
88.92168021202087,0
88.92170214653015,0
88.92171955108643,0
88.92176365852356,0
88.92490935325623,0
88.92492723464966,0
88.92494678497314,0
88.92636203765869,0
88.92638564109802,0
88.92801356315613,0
88.92801976203918,0
88.93264555931091,0
88.93963384628296,0
88.93967318534851,0
88.9397144317627,0
88.9541985988617,0
88.95421195030212,0
88.95422053337097,0
88.95422577857971,0
88.95923900604248,0
88.95925998687744,0
88.95939183235168,0
88.95940709114075,0
88.96016240119934,0
88.96023392677307,0
88.97939348220825,0
88.9794499874115,0
88.99539518356323,0
88.99542260169983,0
88.99543404579163,0
88.99544358253479,0
88.99763536453247,0
88.997718334198,0
88.99772191047668,0
88.9989378452301,0
88.99932789802551,0
88.99935293197632,0
88.99946212768555,0
89.00322365760803,0
89.0032250881195,0
89.00405144691467,0
89.00407433509827,0
89.00410437583923,0
89.00423097610474,0
89.00752019882202,0
89.00753593444824,0
89.00826787948608,0
89.00896787643433,0
89.01940774917603,0
89.01944041252136,0
89.01944255828857,0
89.02500176429749,0
89.02587914466858,0
89.02721285820007,0
89.02723240852356,0
89.02876615524292,0
89.02902173995972,0
89.03139042854309,0
89.03989434242249,0
89.03992104530334,0
89.05943298339844,0
89.05946278572083,0
89.05952954292297,0
89.06981134414673,0
89.06983971595764,0
89.06985282897949,0
89.06995725631714,0
89.07207179069519,0
89.07210206985474,0
89.07317304611206,0
89.07390236854553,0
89.07831120491028,0
89.0798008441925,0
89.07983446121216,0
89.07985067367554,0
89.09520435333252,0
89.09902834892273,0
89.09905076026917,0
89.09906053543091,0
89.09906315803528,0
89.09939527511597,0
89.09941577911377,0
89.09944748878479,0
89.11018705368042,0
89.11021256446838,0
89.11029958724976,0
89.11941027641296,0
89.11943531036377,0
89.11943745613098,0
89.13964104652405,0
89.13990664482117,0
89.13991737365723,0
89.14165377616882,0
89.14168405532837,0
89.14350152015686,0
89.14352488517761,0
89.14520239830017,0
89.1555528640747,0
89.15560221672058,0
89.15562009811401,0
89.15577149391174,0
89.15627312660217,0
89.1563196182251,0
89.15636277198792,0
89.15945887565613,0
89.15948534011841,0
89.15948700904846,0
89.18111443519592,0
89.18114256858826,0
89.18115401268005,0
89.19495820999146,0
89.20126152038574,0
89.20138621330261,0
89.20147323608398,0
89.21658849716187,0
89.21659350395203,0
89.21771240234375,0
89.21773386001587,0
89.21774435043335,0
89.21775841712952,0
89.2192451953888,0
89.21925783157349,0
89.21933102607727,0
89.2209165096283,0
89.2209460735321,0
89.22132635116577,0
89.23940992355347,0
89.2394425868988,0
89.23946833610535,0
89.25832724571228,0
89.2583680152893,0
89.25838565826416,0
89.25839281082153,0
89.259610414505,0
89.25964021682739,0
89.25966215133667,0
89.26320481300354,0
89.26329922676086,0
89.26332807540894,0
89.26334643363953,0
89.26336741447449,0
89.27615928649902,0
89.27618646621704,0
89.27815127372742,0
89.27984070777893,0
89.27988696098328,0
89.2799060344696,0
89.30004930496216,0
89.30008339881897,0
89.30013132095337,0
89.30229544639587,0
89.3023247718811,0
89.30236291885376,0
89.30241250991821,0
89.30407500267029,0
89.30419492721558,0
89.30467700958252,0
89.30504989624023,0
89.31076908111572,0
89.31213593482971,0
89.31949591636658,0
89.3195276260376,0
89.31953978538513,0
89.339834690094,0
89.34028553962708,0
89.34032440185547,0
89.34571933746338,0
89.3457670211792,0
89.34761619567871,0
89.34762501716614,0
89.34845781326294,0
89.35577297210693,0
89.35580015182495,0
89.35583758354187,0
89.35590410232544,0
89.35972452163696,0
89.35975575447083,0
89.35976982116699,0
89.36191511154175,0
89.36194491386414,0
89.3628511428833,0
89.3637580871582,0
89.36634397506714,0
89.37612342834473,0
89.37948846817017,0
89.37951421737671,0
89.37951564788818,0
89.39298892021179,0
89.39300084114075,0
89.40031099319458,0
89.4003381729126,0
89.40037608146667,0
89.4197747707367,0
89.41980290412903,0
89.41981363296509,0
89.4280309677124,0
89.42804718017578,0
89.428058385849,0
89.42807102203369,0
89.42996501922607,0
89.43006038665771,0
89.43007731437683,0
89.43128275871277,0
89.4386305809021,0
89.44004559516907,0
89.44007110595703,0
89.44069647789001,0
89.44437408447266,0
89.44441199302673,0
89.44715571403503,0
89.44747805595398,0
89.44821000099182,0
89.45316648483276,0
89.4531946182251,0
89.45320963859558,0
89.4534957408905,0
89.45922565460205,0
89.45924949645996,0
89.4592592716217,0
89.46333336830139,0
89.46337032318115,0
89.46338558197021,0
89.46484470367432,0
89.4649441242218,0
89.46495771408081,0
89.46508193016052,0
89.46606492996216,0
89.4661476612091,0
89.46616506576538,0
89.4666600227356,0
89.47678232192993,0
89.47678351402283,0
89.47933340072632,0
89.47936201095581,0
89.47987484931946,0
89.47990369796753,0
89.48014903068542,0
89.49850225448608,0
89.49850678443909,0
89.49995231628418,0
89.49998307228088,0
89.50006079673767,0
89.50022292137146,0
89.50045871734619,0
89.51940441131592,0
89.51959538459778,0
89.51962733268738,0
89.54063153266907,0
89.5406346321106,0
89.54067516326904,0
89.5471203327179,0
89.5490734577179,0
89.54912853240967,0
89.54938745498657,0
89.55085802078247,0
89.55126285552979,0
89.55131125450134,0
89.55226421356201,0
89.55262088775635,0
89.55350017547607,0
89.55354261398315,0
89.55928301811218,0
89.55930709838867,0
89.55931830406189,0
89.57979846000671,0
89.58005237579346,0
89.58010864257812,0
89.5950448513031,0
89.60081315040588,0
89.60083818435669,0
89.60085129737854,0
89.60086297988892,0
89.60090374946594,0
89.60098195075989,0
89.60228228569031,0
89.60230350494385,0
89.60233163833618,0
89.60385489463806,0
89.60386729240417,0
89.60387945175171,0
89.60697650909424,0
89.61927890777588,0
89.61930775642395,0
89.61957216262817,0
89.62261033058167,0
89.62263083457947,0
89.62267136573792,0
89.62268614768982,0
89.62446546554565,0
89.62448859214783,0
89.62492394447327,0
89.62560868263245,0
89.6256353855133,0
89.62673854827881,0
89.62676072120667,0
89.63959741592407,0
89.63962459564209,0
89.63963723182678,0
89.65860080718994,0
89.66027069091797,0
89.66029000282288,0
89.66030478477478,0
89.66128063201904,0
89.67952227592468,0
89.67956900596619,0
89.67958426475525,0
89.69432187080383,0
89.69951701164246,0
89.69955229759216,0
89.70059728622437,0
89.70489239692688,0
89.70491647720337,0
89.70492768287659,0
89.70494031906128,0
89.70777773857117,0
89.70809841156006,0
89.70812702178955,0
89.71245312690735,0
89.7124662399292,0
89.71246671676636,0
89.71247744560242,0
89.71620559692383,0
89.71625423431396,0
89.71627068519592,0
89.71731758117676,0
89.7198760509491,0
89.71990895271301,0
89.71992039680481,0
89.73948526382446,0
89.73951864242554,0
89.73952317237854,0
89.74415946006775,0
89.74416732788086,0
89.74427795410156,0
89.74429702758789,0
89.7478699684143,0
89.747891664505,0
89.74795389175415,0
89.7487804889679,0
89.74880003929138,0
89.75246381759644,0
89.75255823135376,0
89.75257349014282,0
89.75578618049622,0
89.7595100402832,0
89.75970721244812,0
89.75981616973877,0
89.78007078170776,0
89.78010106086731,0
89.78013134002686,0
89.78319263458252,0
89.78709530830383,0
89.78740930557251,0
89.79958510398865,0
89.7996141910553,0
89.79962825775146,0
89.81032013893127,0
89.81034302711487,0
89.81048202514648,0
89.81050252914429,0
89.81181335449219,0
89.81181478500366,0
89.8118269443512,0
89.81455779075623,0
89.81611752510071,0
89.81949877738953,0
89.8195276260376,0
89.81953811645508,0
89.823251247406,0
89.82755756378174,0
89.82758259773254,0
89.82759022712708,0
89.82802057266235,0
89.83045935630798,0
89.83057475090027,0
89.83115911483765,0
89.83355689048767,0
89.83357954025269,0
89.83532071113586,0
89.83533525466919,0
89.83934783935547,0
89.83937335014343,0
89.83940172195435,0
89.8593864440918,0
89.85942196846008,0
89.85973525047302,0
89.87681698799133,0
89.87937998771667,0
89.87940979003906,0
89.88028192520142,0
89.89483761787415,0
89.89502739906311,0
89.89535117149353,0
89.89537906646729,0
89.89837074279785,0
89.89868593215942,0
89.89871430397034,0
89.89987826347351,0
89.89990258216858,0
89.89993500709534,0
89.9088728427887,0
89.91952991485596,0
89.91956043243408,0
89.91965007781982,0
89.93967461585999,0
89.93971824645996,0
89.9397509098053,0
89.96041893959045,0
89.96048903465271,0
89.96055960655212,0
89.961923122406,0
89.96197319030762,0
89.9621274471283,0
89.96215534210205,0
89.96615147590637,0
89.96620178222656,0
89.96635556221008,0
89.96674537658691,0
89.9668641090393,0
89.98006916046143,0
89.98010659217834,0
89.98012471199036,0
89.99284529685974,0
89.99289894104004,0
89.99292397499084,0
89.99294567108154,0
89.99299263954163,0
89.99300861358643,0
89.9930305480957,0
89.99304866790771,0
89.99306774139404,0
89.99527168273926,0
89.99948644638062,0
89.99987649917603,0
89.9998996257782,0
90.02027916908264,0
90.02035212516785,0
90.0204107761383,0
90.02825045585632,0
90.02891612052917,0
90.03080368041992,0
90.03083968162537,0
90.03088736534119,0
90.03094387054443,0
90.03436350822449,0
90.0343747138977,0
90.03459215164185,0
90.0351254940033,0
90.03564167022705,0
90.03978300094604,0
90.03981065750122,0
90.03981494903564,0
90.04213404655457,0
90.04216957092285,0
90.0439224243164,0
90.04426598548889,0
90.0449423789978,0
90.05985283851624,0
90.05989837646484,0
90.0599217414856,0
90.06241083145142,0
90.0634834766388,0
90.0773105621338,0
90.07769966125488,0
90.07794380187988,0
90.07798051834106,0
90.08036541938782,0
90.0804090499878,0
90.08063578605652,0
90.08124804496764,0
90.08141708374023,0
90.08231735229492,0
90.09048175811768,0
90.0998477935791,0
90.09988236427309,0
90.09989619255066,0
90.1128752231598,0
90.11290287971497,0
90.11290669441225,0
90.1129755973816,0
90.11969590187071,0
90.11972856521606,0
90.11977338790894,0
90.1400830745697,0
90.14012169837952,0
90.1402142047882,0
90.1413893699646,0
90.1414315700531,0
90.14179491996764,0
90.14367365837096,0
90.14371466636658,0
90.145348072052,0
90.14540696144104,0
90.15995812416077,0
90.16000032424928,0
90.16001725196838,0
90.18108749389648,0
90.18109440803528,0
90.18120813369752,0
90.19525599479675,0
90.19857740402222,0
90.19859385490416,0
90.1993625164032,0
90.19939064979552,0
90.19940853118896,0
90.20160603523254,0
90.20162773132324,0
90.20163774490356,0
90.20164060592651,0
90.20397996902466,0
90.2039918899536,0
90.2042157649994,0
90.20633101463318,0
90.20633482933044,0
90.2066171169281,0
90.20662093162537,0
90.20889687538148,0
90.20892453193665,0
90.2089352607727,0
90.21403694152832,0
90.21971774101256,0
90.21975040435792,0
90.21976447105408,0
90.24121618270874,0
90.24127745628356,0
90.24312806129456,0
90.25972390174866,0
90.25975441932678,0
90.259770154953,0
90.2701644897461,0
90.27019095420836,0
90.27020525932312,0
90.27022171020508,0
90.2744345664978,0
90.27446389198305,0
90.27498149871826,0
90.27568793296814,0
90.27571821212769,0
90.2771806716919,0
90.27719831466676,0
90.27947902679443,0
90.27950716018675,0
90.27958464622498,0
90.29088377952576,0
90.29328203201294,0
90.29597568511964,0
90.29994463920592,0
90.2999758720398,0
90.3000156879425,0
90.30242967605592,0
90.30404710769652,0
90.3040599822998,0
90.3040735721588,0
90.30711436271667,0
90.30713319778442,0
90.30939984321594,0
90.31009888648988,0
90.31039834022522,0
90.3136534690857,0
90.31934809684752,0
90.31935739517212,0
90.31938457489014,0
90.33964323997498,0
90.33968329429626,0
90.33976745605467,0
90.3458948135376,0
90.3474953174591,0
90.34750723838806,0
90.34752106666564,0
90.34753274917604,0
90.34758400917052,0
90.34891080856325,0
90.3489236831665,0
90.3497383594513,0
90.35048484802246,0
90.35053086280824,0
90.3512523174286,0
90.3547224998474,0
90.35941100120544,0
90.3594365119934,0
90.3594479560852,0
90.38236498832704,0
90.38239622116087,0
90.382493019104,0
90.38250637054443,0
90.39954233169556,0
90.39956665039062,0
90.39958333969116,0
90.40396904945374,0
90.40397214889526,0
90.40564131736755,0
90.40567302703856,0
90.40568661689758,0
90.40834355354308,0
90.40835618972778,0
90.40865635871889,0
90.41003680229188,0
90.4208128452301,0
90.42085385322572,0
90.42086696624756,0
90.4394006729126,0
90.43942379951476,0
90.43943452835084,0
90.45933437347412,0
90.45935130119324,0
90.45936822891235,0
90.46915197372437,0
90.4691846370697,0
90.46928572654724,0
90.46930408477785,0
90.4722957611084,0
90.47230100631714,0
90.4723129272461,0
90.47232031822205,0
90.4731433391571,0
90.47458100318909,0
90.47460961341858,0
90.4757239818573,0
90.47575879096983,0
90.47577238082886,0
90.47578620910645,0
90.47693729400636,0
90.47695851325987,0
90.47708749771118,0
90.47935318946838,0
90.47938418388368,0
90.47939801216124,0
90.4832730293274,0
90.48830080032349,0
90.48830723762512,0
90.48832654953004,0
90.48836159706116,0
90.49343514442444,0
90.4934651851654,0
90.49372506141664,0
90.49991869926453,0
90.49994730949402,0
90.5000171661377,0
90.51943564414978,0
90.51947045326231,0
90.51959705352785,0
90.5400607585907,0
90.540274143219,0
90.54032444953918,0
90.5522792339325,0
90.5597550868988,0
90.55978655815125,0
90.55983519554138,0
90.57941937446594,0
90.57945370674132,0
90.57949948310852,0
90.59739017486572,0
90.59748768806458,0
90.5975251197815,0
90.59753894805908,0
90.59888291358948,0
90.598890542984,0
90.59889602661131,0
90.59936022758484,0
90.59937596321106,0
90.59959530830383,0
90.60177636146544,0
90.60179233551024,0
90.60504078865053,0
90.60508728027344,0
90.60531568527222,0
90.61308479309082,0
90.61694169044496,0
90.61696457862854,0
90.61980986595154,0
90.61984014511108,0
90.62019515037537,0
90.64093613624571,0
90.6409502029419,0
90.640953540802,0
90.64097023010254,0
90.64097237586977,0
90.6409842967987,0
90.6410276889801,0
90.64254426956175,0
90.6425621509552,0
90.6437029838562,0
90.64456939697266,0
90.64462995529176,0
90.6454062461853,0
90.64545679092409,0
90.65889191627502,0
90.66030359268188,0
90.66034722328186,0
90.66039299964903,0
90.66123795509338,0
90.6793897151947,0
90.6794295310974,0
90.67944860458374,0
90.6843523979187,0
90.6893846988678,0
90.6894142627716,0
90.68942642211914,0
90.68942975997923,0
90.6907126903534,0
90.6907274723053,0
90.69655084609984,0
90.69776248931883,0
90.69779562950134,0
90.6978087425232,0
90.6978223323822,0
90.6999831199646,0
90.70001101493835,0
90.70002293586732,0
90.70297265052795,0
90.70298552513124,0
90.70300006866456,0
90.7030987739563,0
90.71975803375244,0
90.7198555469513,0
90.72030377388,0
90.73978352546692,0
90.73982238769533,0
90.7398738861084,0
90.74815034866332,0
90.74817442893982,0
90.7481951713562,0
90.74820256233215,0
90.7513017654419,0
90.75130891799928,0
90.75213265419006,0
90.75290560722352,0
90.75294232368468,0
90.75453162193298,0
90.7550172805786,0
90.75559997558594,0
90.76040172576904,0
90.76044487953186,0
90.7604968547821,0
90.76351737976074,0
90.780202627182,0
90.7802324295044,0
90.78028583526611,0
90.78658962249756,0
90.7904770374298,0
90.79300427436829,0
90.79303073883057,0
90.79304432868958,0
90.79942202568054,0
90.79944372177124,0
90.80515170097352,0
90.80517745018004,0
90.80561256408691,0
90.80708360671996,0
90.81782984733582,0
90.81810998916626,0
90.82306051254272,0
90.82355070114136,0
90.82359886169434,0
90.82390308380128,0
90.82391715049744,0
90.82396030426024,0
90.8239951133728,0
90.82402276992798,0
90.82405138015748,0
90.82412481307983,0
90.8398458957672,0
90.839861869812,0
90.83989024162292,0
90.84084939956664,0
90.84086346626282,0
90.84087181091309,0
90.84090995788574,0
90.84182548522948,0
90.8427472114563,0
90.85943293571472,0
90.860098361969,0
90.86012697219849,0
90.863023519516,0
90.879301071167,0
90.87932753562929,0
90.87933921813963,0
90.89814496040344,0
90.89817810058594,0
90.898193359375,0
90.89821314811708,0
90.89955377578735,0
90.89958715438844,0
90.89965558052064,0
90.90311884880066,0
90.90316367149352,0
90.90318202972412,0
90.90399408340454,0
90.91996216773988,0
90.9199924468994,0
90.9200563430786,0
90.92463302612305,0
90.92467141151428,0
90.92471933364868,0
90.9247658252716,0
90.92503833770752,0
90.92507743835448,0
90.92509293556212,0
90.92700290679932,0
90.92703127861024,0
90.93278861045836,0
90.93305277824402,0
90.93481373786926,0
90.9348485469818,0
90.93486142158508,0
90.93499517440796,0
90.9367094039917,0
90.93674087524414,0
90.9369215965271,0
90.9393482208252,0
90.93937873840332,0
90.93939256668092,0
90.95941829681396,0
90.95944952964784,0
90.95948123931883,0
90.97935342788696,0
90.97938179969788,0
90.97982573509216,0
90.99474906921388,0
90.99969673156738,0
90.99972295761108,0
90.99973201751708,0
91.0003216266632,0
91.00034976005554,0
91.0027163028717,0
91.0027334690094,0
91.00281763076782,0
91.00283479690552,0
91.0029275417328,0
91.00294208526611,0
91.003000497818,0
91.0048167705536,0
91.0100874900818,0
91.01230669021606,0
91.01948523521423,0
91.0195107460022,0
91.01951265335084,0
91.0320634841919,0
91.0394802093506,0
91.03954100608826,0
91.03955101966858,0
91.05930662155151,0
91.05932593345642,0
91.05934262275696,0
91.06306886672974,0
91.0630819797516,0
91.063138961792,0
91.06315565109252,0
91.06448793411256,0
91.06450152397156,0
91.06491923332214,0
91.06864094734192,0
91.0687770843506,0
91.06894636154176,0
91.06898546218872,0
91.07528710365295,0
91.07928657531738,0
91.07931423187256,0
91.0793914794922,0
91.09969735145567,0
91.09973120689392,0
91.09975576400755,0
91.10407757759094,0
91.1040940284729,0
91.10658383369446,0
91.106614112854,0
91.10732293128969,0
91.10733675956726,0
91.10772633552553,0
91.10946083068848,0
91.11149954795836,0
91.12135672569276,0
91.1213858127594,0
91.12140130996704,0
91.12512803077698,0
91.13118195533752,0
91.13119649887084,0
91.1312108039856,0
91.13122582435608,0
91.1329426765442,0
91.13295650482178,0
91.13300943374634,0
91.13486504554749,0
91.13489723205566,0
91.13823580741882,0
91.13825488090517,0
91.13963413238524,0
91.1396689414978,0
91.13967967033386,0
91.16078782081604,0
91.16106629371644,0
91.16110754013062,0
91.1796042919159,0
91.1796486377716,0
91.17984700202942,0
91.1933114528656,0
91.19984006881714,0
91.19988203048706,0
91.19990038871764,0
91.20191359519958,0
91.20194816589355,0
91.2019522190094,0
91.20458126068117,0
91.20473337173462,0
91.20482587814332,0
91.20483922958374,0
91.2070722579956,0
91.20710754394533,0
91.20712018013,0
91.20713138580322,0
91.20843839645386,0
91.20859241485596,0
91.20863008499146,0
91.21901750564577,0
91.22065567970276,0
91.22068762779236,0
91.226215839386,0
91.22628664970398,0
91.22684478759766,0
91.22687935829164,0
91.22691869735718,0
91.22694492340088,0
91.23730444908142,0
91.23735094070436,0
91.23737406730652,0
91.23977661132812,0
91.23981428146362,0
91.23982858657835,0
91.24138593673706,0
91.24141240119934,0
91.24721431732178,0
91.24722862243652,0
91.2537124156952,0
91.25951766967772,0
91.2595784664154,0
91.2596037387848,0
91.27515172958374,0
91.27750968933104,0
91.2775423526764,0
91.27759313583374,0
91.27946209907532,0
91.27949619293211,0
91.27949643135072,0
91.29968929290771,0
91.30007147789,0
91.30007791519164,0
91.30009961128236,0
91.30029010772704,0
91.30031323432922,0
91.30251502990724,0
91.30344796180724,0
91.30484890937804,0
91.32016921043396,0
91.32018613815308,0
91.32021355628969,0
91.32137274742126,0
91.32140374183656,0
91.32141590118408,0
91.32142949104308,0
91.3300793170929,0
91.33009243011476,0
91.33011507987976,0
91.33976554870604,0
91.33980870246889,0
91.3398504257202,0
91.35337114334106,0
91.353440284729,0
91.35844802856444,0
91.35847282409668,0
91.35952281951904,0
91.35956740379332,0
91.36017560958862,0
91.37970066070557,0
91.37973117828368,0
91.37973427772522,0
91.3935887813568,0
91.39936470985413,0
91.39939880371094,0
91.39948844909668,0
91.39950585365295,0
91.39953589439392,0
91.39953827857973,0
91.39958691596983,0
91.3996753692627,0
91.39978957176208,0
91.39980268478394,0
91.41366147994997,0
91.41941738128662,0
91.41944217681883,0
91.41945505142212,0
91.4307541847229,0
91.43092584609984,0
91.4317228794098,0
91.431734085083,0
91.43174529075624,0
91.43360328674316,0
91.43377494812012,0
91.4338047504425,0
91.43396067619324,0
91.43757653236388,0
91.43771171569824,0
91.43950724601746,0
91.43953204154968,0
91.4395477771759,0
91.43993544578552,0
91.43998384475708,0
91.44320726394652,0
91.44321918487547,0
91.44324326515198,0
91.4432442188263,0
91.44444274902344,0
91.44447183609007,0
91.44903755187988,0
91.45315837860107,0
91.45951724052428,0
91.45975279808044,0
91.4598138332367,0
91.47934293746948,0
91.47940802574158,0
91.4795823097229,0
91.49082970619202,0
91.49083852767944,0
91.49086809158324,0
91.49087429046632,0
91.49326729774477,0
91.49333882331848,0
91.4937391281128,0
91.4967520236969,0
91.49863123893738,0
91.49866914749146,0
91.49979066848756,0
91.49982166290285,0
91.49983477592468,0
91.51552295684814,0
91.51553726196288,0
91.5155475139618,0
91.51556301116943,0
91.51742815971376,0
91.51744556427002,0
91.51762127876282,0
91.51849555969238,0
91.51976752281188,0
91.51979637145996,0
91.5198245048523,0
91.52104425430298,0
91.53945350646973,0
91.539484500885,0
91.53949785232544,0
91.5590147972107,0
91.55903244018556,0
91.559720993042,0
91.55973863601685,0
91.56035208702087,0
91.5610692501068,0
91.56109476089478,0
91.56267523765564,0
91.58339071273804,0
91.58340668678284,0
91.58341932296752,0
91.58559823036194,0
91.58562016487122,0
91.58729910850523,0
91.58734393119812,0
91.58738446235655,0
91.58742332458496,0
91.5994553565979,0
91.59945607185364,0
91.59949254989624,0
91.60093641281128,0
91.60098385810852,0
91.60125470161438,0
91.6026737689972,0
91.61416602134705,0
91.61418771743774,0
91.61423850059508,0
91.6216893196106,0
91.62170624732973,0
91.62173843383788,0
91.62185525894164,0
91.6225073337555,0
91.62254977226256,0
91.62635684013368,0
91.62638974189758,0
91.64001893997192,0
91.64004802703856,0
91.64018273353577,0
91.65122604370116,0
91.65931463241576,0
91.65931487083436,0
91.65935492515564,0
91.67949914932252,0
91.67952919006348,0
91.6795744895935,0
91.68690466880798,0
91.68693470954896,0
91.6869912147522,0
91.68703317642212,0
91.687894821167,0
91.68794345855711,0
91.68895268440248,0
91.68977975845335,0
91.68980026245116,0
91.68981170654295,0
91.68992209434508,0
91.69103240966795,0
91.6910617351532,0
91.69117975234984,0
91.69335150718688,0
91.69942665100098,0
91.699547290802,0
91.6996409893036,0
91.7193639278412,0
91.71939182281494,0
91.71978092193604,0
91.73620319366456,0
91.7362380027771,0
91.73631644248962,0
91.73634052276611,0
91.7382996082306,0
91.73831725120544,0
91.73833656311037,0
91.74032688140868,0
91.74036121368408,0
91.74037671089172,0
91.7585792541504,0
91.7586452960968,0
91.75973320007324,0
91.7597713470459,0
91.7598512172699,0
91.76162147521973,0
91.7616651058197,0
91.76273560523988,0
91.77957892417908,0
91.77961373329164,0
91.77962899208067,0
91.78769874572754,0
91.78772068023682,0
91.7879741191864,0
91.7879993915558,0
91.79029512405396,0
91.79031157493591,0
91.79116320610046,0
91.79194331169128,0
91.79972052574158,0
91.79973149299622,0
91.79974174499512,0
91.79978322982788,0
91.79980874061584,0
91.79985213279724,0
91.79996848106384,0
91.79998207092284,0
91.79999160766602,0
91.81114172935486,0
91.81115293502808,0
91.8115849494934,0
91.81972551345824,0
91.81981706619264,0
91.81994080543518,0
91.8352346420288,0
91.83733582496644,0
91.83933067321776,0
91.8394787311554,0
91.8394923210144,0
91.8531618118286,0
91.85320854187012,0
91.85429072380066,0
91.85435318946838,0
91.85953044891356,0
91.85955500602722,0
91.8595712184906,0
91.87457823753356,0
91.87935972213744,0
91.87936520576476,0
91.8794150352478,0
91.89984345436096,0
91.89988017082214,0
91.89989876747131,0
91.90795016288756,0
91.91019344329834,0
91.9102268218994,0
91.91032123565674,0
91.91041254997252,0
91.91043281555176,0
91.91049313545228,0
91.91124725341795,0
91.91211748123168,0
91.91316771507265,0
91.91865634918211,0
91.91867542266846,0
91.9186828136444,0
91.91869187355042,0
91.91941499710084,0
91.91944146156312,0
91.91945552825928,0
91.92400217056274,0
91.92403507232666,0
91.92419695854188,0
91.92712211608888,0
91.92742371559144,0
91.9290850162506,0
91.92914772033691,0
91.92987823486328,0
91.94014072418211,0
91.9405710697174,0
91.94065737724304,0
91.9415521621704,0
91.94157433509828,0
91.94165635108948,0
91.94170451164246,0
91.9417850971222,0
91.94184708595276,0
91.9418888092041,0
91.95967650413512,0
91.95971059799194,0
91.96018505096436,0
91.97935843467712,0
91.97938656806946,0
91.9794270992279,0
91.99472498893738,0
91.99564719200134,0
91.9956648349762,0
91.99571084976196,0
91.99952268600464,0
91.99954962730408,0
91.99955105781557,0
92.00009536743164,0
92.00011682510376,0
92.00012707710266,0
92.0001301765442,0
92.00235199928284,0
92.00631546974182,0
92.00844287872314,0
92.02033352851868,0
92.02034282684326,0
92.02035975456238,0
92.03106331825256,0
92.03107929229736,0
92.0328061580658,0
92.0328242778778,0
92.03285789489746,0
92.03289890289308,0
92.0359754562378,0
92.03598713874815,0
92.03603839874268,0
92.03639769554138,0
92.03641295433044,0
92.038494348526,0
92.03851985931396,0
92.03954482078552,0
92.03975915908812,0
92.03977346420288,0
92.05964303016664,0
92.0596718788147,0
92.05968356132507,0
92.07933616638184,0
92.08202362060548,0
92.08205318450928,0
92.08217597007751,0
92.0982620716095,0
92.098308801651,0
92.09831190109252,0
92.09832882881165,0
92.10101461410522,0
92.10103631019592,0
92.10105395317078,0
92.10227823257446,0
92.1027159690857,0
92.10301327705383,0
92.11742091178894,0
92.11945652961732,0
92.1195125579834,0
92.12080240249634,0
92.12214040756226,0
92.1221752166748,0
92.12225079536438,0
92.12226700782776,0
92.12317419052124,0
92.1232044696808,0
92.12332606315611,0
92.13984942436218,0
92.13986563682556,0
92.13988924026488,0
92.1404194831848,0
92.14046716690063,0
92.143883228302,0
92.14390420913696,0
92.14533114433289,0
92.1566104888916,0
92.15664267539978,0
92.15665698051453,0
92.1566722393036,0
92.15937995910645,0
92.15939664840698,0
92.15941524505617,0
92.15943431854248,0
92.15974593162537,0
92.16011428833008,0
92.17944812774658,0
92.1794753074646,0
92.17979216575624,0
92.18297147750854,0
92.18463516235352,0
92.1852777004242,0
92.20355415344238,0
92.20359086990356,0
92.20364189147948,0
92.20957708358765,0
92.20984530448914,0
92.21052312850952,0
92.212073802948,0
92.21207928657532,0
92.21210432052612,0
92.21297073364258,0
92.2130000591278,0
92.21323871612547,0
92.22000908851624,0
92.22005105018616,0
92.22030186653136,0
92.2219376564026,0
92.2234983444214,0
92.22474908828735,0
92.22549629211426,0
92.2393651008606,0
92.23942065238953,0
92.23943042755128,0
92.25168132781982,0
92.25926733016968,0
92.25931692123412,0
92.259379863739,0
92.27933287620544,0
92.27936053276062,0
92.2796185016632,0
92.29202008247375,0
92.29203534126282,0
92.2920467853546,0
92.29205107688904,0
92.2964608669281,0
92.29649114608765,0
92.29735541343688,0
92.2981731891632,0
92.29954099655151,0
92.29956793785097,0
92.2996072769165,0
92.30802583694458,0
92.30830550193788,0
92.31176328659058,0
92.31342720985413,0
92.31344819068909,0
92.3135437965393,0
92.31357169151306,0
92.3135838508606,0
92.31362199783324,0
92.3197340965271,0
92.31989622116087,0
92.31991219520567,0
92.31993651390076,0
92.32170796394348,0
92.3329541683197,0
92.33298373222352,0
92.33464503288268,0
92.33470344543456,0
92.33938002586363,0
92.3394033908844,0
92.33941507339478,0
92.35945510864258,0
92.35948514938354,0
92.35996770858765,0
92.37668967247008,0
92.3799340724945,0
92.37996196746826,0
92.37997579574584,0
92.39595890045166,0
92.39597415924072,0
92.39678764343262,0
92.39684772491456,0
92.39686155319214,0
92.39743399620056,0
92.39949297904968,0
92.39951753616332,0
92.39957809448242,0
92.41519236564636,0
92.41520500183104,0
92.41565918922424,0
92.41936659812929,0
92.41939401626588,0
92.41948246955872,0
92.42083978652954,0
92.42086625099182,0
92.42099142074584,0
92.42106986045836,0
92.43731379508972,0
92.43731832504272,0
92.43735909461977,0
92.4381866455078,0
92.43953371047974,0
92.43953490257265,0
92.4395592212677,0
92.45847272872923,0
92.45869541168211,0
92.4593107700348,0
92.4593288898468,0
92.45939612388612,0
92.46007537841795,0
92.46009182929993,0
92.46071100234984,0
92.4797019958496,0
92.47973918914796,0
92.47975301742554,0
92.4920334815979,0
92.49205589294434,0
92.49216651916504,0
92.49221897125244,0
92.4941816329956,0
92.49423170089722,0
92.49432945251463,0
92.49504232406616,0
92.49643564224245,0
92.49760794639587,0
92.49937415122986,0
92.49945211410522,0
92.51398491859436,0
92.5140142440796,0
92.51402854919434,0
92.5140290260315,0
92.51838231086732,0
92.51851081848145,0
92.51853966712952,0
92.5195450782776,0
92.51960134506226,0
92.51969003677368,0
92.53960919380188,0
92.5396454334259,0
92.53971147537231,0
92.54074215888976,0
92.5407829284668,0
92.54304194450378,0
92.54311156272888,0
92.54409885406494,0
92.5581874847412,0
92.5582435131073,0
92.55833268165588,0
92.55838346481325,0
92.55951976776124,0
92.55954813957214,0
92.56250810623168,0
92.56291890144348,0
92.5629677772522,0
92.57943391799928,0
92.57946109771729,0
92.57947301864624,0
92.58074760437012,0
92.5837893486023,0
92.58393144607544,0
92.59041976928712,0
92.59068655967712,0
92.59070873260498,0
92.5907473564148,0
92.59957551956175,0
92.59960174560548,0
92.59964752197266,0
92.61934733390808,0
92.61937379837036,0
92.619868516922,0
92.6254858970642,0
92.62556529045104,0
92.62561702728271,0
92.62790560722352,0
92.62792181968688,0
92.62792587280272,0
92.62795829772948,0
92.63322448730467,0
92.63592863082886,0
92.63599181175232,0
92.63600635528564,0
92.63601899147034,0
92.63613772392272,0
92.6362636089325,0
92.63952159881592,0
92.63954758644104,0
92.63955783843994,0
92.65254807472228,0
92.65940046310423,0
92.65943026542664,0
92.6607596874237,0
92.67935228347778,0
92.67938232421876,0
92.67939567565918,0
92.69805932044984,0
92.69829273223876,0
92.6983244419098,0
92.7003812789917,0
92.70041799545288,0
92.70041966438292,0
92.70043540000916,0
92.70167708396912,0
92.7019546031952,0
92.70212149620056,0
92.7197892665863,0
92.72015595436096,0
92.72039937973022,0
92.73951363563538,0
92.73955607414246,0
92.73968815803528,0
92.74472737312315,0
92.74959540367126,0
92.74963617324828,0
92.75538873672484,0
92.75540566444396,0
92.75548768043518,0
92.75968146324158,0
92.75982689857484,0
92.75984740257265,0
92.7708523273468,0
92.77087187767027,0
92.7724859714508,0
92.77255868911745,0
92.7733085155487,0
92.77347326278688,0
92.7740490436554,0
92.77416443824768,0
92.774964094162,0
92.77952361106873,0
92.77955365180968,0
92.7796061038971,0
92.78047800064088,0
92.7812328338623,0
92.7831211090088,0
92.7988142967224,0
92.79906368255617,0
92.79947090148926,0
92.79949569702148,0
92.7995252609253,0
92.8012626171112,0
92.80126357078552,0
92.8012900352478,0
92.80133438110352,0
92.803612947464,0
92.80363154411316,0
92.80397582054138,0
92.81333613395692,0
92.81335186958312,0
92.82012844085692,0
92.82015800476074,0
92.8256585597992,0
92.82571506500244,0
92.83939909934998,0
92.83949565887453,0
92.8395175933838,0
92.85173749923706,0
92.85934042930604,0
92.8594012260437,0
92.8594160079956,0
92.87920331954956,0
92.87922954559326,0
92.87927079200745,0
92.88548970222472,0
92.88561773300172,0
92.88563132286072,0
92.8856430053711,0
92.8874785900116,0
92.88747954368591,0
92.88749361038208,0
92.88917303085329,0
92.88976764678956,0
92.88977670669556,0
92.88979077339172,0
92.8901834487915,0
92.89019417762756,0
92.8902199268341,0
92.89207530021667,0
92.89935374259947,0
92.89938259124756,0
92.89939451217651,0
92.9193811416626,0
92.91941142082214,0
92.9194118976593,0
92.9270040988922,0
92.92702388763428,0
92.92707681655884,0
92.9276294708252,0
92.93071961402892,0
92.93089818954468,0
92.9309628009796,0
92.9323832988739,0
92.93419909477234,0
92.93849444389345,0
92.93862199783324,0
92.9390881061554,0
92.93913745880128,0
92.93958449363708,0
92.939612865448,0
92.9396789073944,0
92.9595685005188,0
92.95956873893738,0
92.95959997177124,0
92.9793643951416,0
92.97939014434814,0
92.97939252853394,0
92.9967200756073,0
93.00047302246094,0
93.00050258636476,0
93.00072956085204,0
93.0180037021637,0
93.01807451248168,0
93.0189197063446,0
93.0199363231659,0
93.01997447013856,0
93.02060008049013,0
93.02061939239502,0
93.02063012123108,0
93.02065920829772,0
93.02266836166382,0
93.02269268035889,0
93.02321362495422,0
93.02347230911256,0
93.02523636817932,0
93.02523756027222,0
93.02524757385254,0
93.02529311180116,0
93.02726578712463,0
93.03089451789856,0
93.03094387054443,0
93.03210926055908,0
93.03213953971864,0
93.0332853794098,0
93.03945589065552,0
93.0394823551178,0
93.03949236869812,0
93.0501582622528,0
93.0501720905304,0
93.05018305778503,0
93.05022192001344,0
93.05940198898315,0
93.0594277381897,0
93.05944085121156,0
93.07300424575806,0
93.07303547859192,0
93.0731999874115,0
93.07932424545288,0
93.0793526172638,0
93.07936453819276,0
93.0923204421997,0
93.09951210021973,0
93.0995454788208,0
93.09956002235413,0
93.12996101379396,0
93.1299979686737,0
93.13138771057127,0
93.13141894340517,0
93.13339066505432,0
93.13339138031006,0
93.13343048095705,0
93.13345074653624,0
93.13346600532532,0
93.13347721099854,0
93.1335916519165,0
93.13368010520936,0
93.13374614715576,0
93.13376832008362,0
93.13946914672852,0
93.13950824737547,0
93.13952136039734,0
93.142906665802,0
93.14646911621094,0
93.14658999443054,0
93.14661145210266,0
93.14748430252077,0
93.14751410484314,0
93.15088701248168,0
93.15092253684998,0
93.15974450111388,0
93.1597774028778,0
93.15979146957396,0
93.1798186302185,0
93.17984771728516,0
93.17986226081848,0
93.19444227218628,0
93.19860649108888,0
93.19862818717957,0
93.19990491867064,0
93.19992470741272,0
93.20000386238098,0
93.20114183425903,0
93.20117139816284,0
93.20192003250122,0
93.20193123817444,0
93.2022716999054,0
93.2144742012024,0
93.21945405006409,0
93.21948099136353,0
93.21949243545532,0
93.22089743614195,0
93.22114396095276,0
93.2221155166626,0
93.22214031219482,0
93.2221508026123,0
93.2222020626068,0
93.2427532672882,0
93.24277973175047,0
93.24281406402588,0
93.24824476242064,0
93.24831461906432,0
93.24849247932434,0
93.25162267684937,0
93.25181531906128,0
93.2546091079712,0
93.2546248435974,0
93.25950026512146,0
93.25952434539796,0
93.25953841209412,0
93.26154971122742,0
93.2617712020874,0
93.26565408706664,0
93.2677230834961,0
93.26969742774963,0
93.27646565437315,0
93.2764937877655,0
93.27660870552064,0
93.27662420272829,0
93.27902698516846,0
93.27921104431152,0
93.2792627811432,0
93.27930474281312,0
93.27932071685792,0
93.27984261512756,0
93.29285526275636,0
93.29386949539185,0
93.29460072517396,0
93.29926919937134,0
93.29929423332214,0
93.29934763908386,0
93.3131537437439,0
93.31450963020325,0
93.3145341873169,0
93.3145875930786,0
93.31935334205627,0
93.31937670707704,0
93.3193907737732,0
93.33945441246031,0
93.33945560455322,0
93.33949136734007,0
93.34444451332092,0
93.34460186958312,0
93.34771275520325,0
93.34843111038208,0
93.3484673500061,0
93.34949827194214,0
93.34953236579896,0
93.35003709793092,0
93.3500680923462,0
93.35032153129578,0
93.3503475189209,0
93.35077261924744,0
93.35096764564514,0
93.35097479820251,0
93.36006999015808,0
93.36011815071106,0
93.36013388633728,0
93.37784624099731,0
93.37974715232848,0
93.37976384162904,0
93.37977433204652,0
93.40087580680849,0
93.4009771347046,0
93.4011492729187,0
93.40270447731018,0
93.40271663665771,0
93.40350770950316,0
93.40355706214903,0
93.40357065200806,0
93.40379810333252,0
93.4068672657013,0
93.40688514709473,0
93.40694546699524,0
93.41304802894592,0
93.41942715644836,0
93.41945505142212,0
93.41946625709534,0
93.44126510620116,0
93.4412877559662,0
93.44129824638368,0
93.44130945205688,0
93.44131994247437,0
93.44133043289185,0
93.4413423538208,0
93.44935941696168,0
93.449383020401,0
93.4494469165802,0
93.44954776763916,0
93.44956707954408,0
93.45205307006836,0
93.45206952095032,0
93.45322060585022,0
93.4598605632782,0
93.45988631248474,0
93.45992112159728,0
93.48040676116943,0
93.4804322719574,0
93.48044800758362,0
93.48045682907104,0
93.48045945167542,0
93.48047065734865,0
93.4828372001648,0
93.482848405838,0
93.48318219184875,0
93.49474883079527,0
93.49865007400513,0
93.4987723827362,0
93.49880623817444,0
93.49884128570557,0
93.49986004829408,0
93.49989151954652,0
93.50015163421632,0
93.51574516296388,0
93.51579761505128,0
93.51585268974304,0
93.5209982395172,0
93.52112817764282,0
93.5212459564209,0
93.52128767967224,0
93.52276968955994,0
93.53719663619997,0
93.53722310066225,0
93.5378086566925,0
93.539715051651,0
93.53976202011108,0
93.53976225852966,0
93.5397810935974,0
93.56000518798828,0
93.5600426197052,0
93.56013321876526,0
93.5620002746582,0
93.565327167511,0
93.58076786994934,0
93.580806016922,0
93.5808277130127,0
93.59939980506896,0
93.59943532943726,0
93.59944677352904,0
93.61996841430664,0
93.62001013755798,0
93.62006616592409,0
93.6213276386261,0
93.6251344680786,0
93.62542271614076,0
93.62611937522888,0
93.626362323761,0
93.6264979839325,0
93.6272954940796,0
93.63985061645508,0
93.63987231254578,0
93.639874458313,0
93.64572072029114,0
93.64818954467772,0
93.64821434020996,0
93.64823269844057,0
93.64825248718262,0
93.64826440811156,0
93.64826893806458,0
93.65177154541016,0
93.65205311775208,0
93.6521451473236,0
93.6543996334076,0
93.6544315814972,0
93.65746998786926,0
93.65748262405396,0
93.65855407714844,0
93.65955543518066,0
93.65983557701112,0
93.6598777770996,0
93.67940735816956,0
93.6794364452362,0
93.67946910858154,0
93.6908028125763,0
93.69106435775755,0
93.69112634658812,0
93.69117641448976,0
93.69275212287904,0
93.6927855014801,0
93.6928026676178,0
93.69280433654784,0
93.6934049129486,0
93.69943761825562,0
93.69946599006651,0
93.69948649406432,0
93.71862411499023,0
93.71967101097108,0
93.71970891952516,0
93.7197642326355,0
93.7398645877838,0
93.73990297317503,0
93.73991847038268,0
93.75983881950378,0
93.75988101959229,0
93.75989961624146,0
93.76782155036926,0
93.76783752441406,0
93.76785111427309,0
93.76786708831789,0
93.7704074382782,0
93.77047395706175,0
93.77049446105956,0
93.77286195755003,0
93.77292609214784,0
93.77311301231384,0
93.77313280105592,0
93.77469158172607,0
93.77975606918336,0
93.7797863483429,0
93.77982783317566,0
93.7850546836853,0
93.78506827354433,0
93.7850694656372,0
93.78510642051695,0
93.78762364387512,0
93.78764724731444,0
93.78766131401062,0
93.79496717453004,0
93.79932379722597,0
93.7993505001068,0
93.79988527297974,0
93.8201789855957,0
93.82020473480225,0
93.82026863098145,0
93.82028889656068,0
93.8203010559082,0
93.82260632514954,0
93.82489895820618,0
93.82491970062256,0
93.82496404647829,0
93.82945394515993,0
93.82946872711182,0
93.82951474189758,0
93.83576679229736,0
93.83579111099245,0
93.83791732788086,0
93.83792972564696,0
93.83928203582764,0
93.83930706977844,0
93.83931708335876,0
93.85869073867798,0
93.85871005058289,0
93.85871934890748,0
93.85872888565063,0
93.8595335483551,0
93.8595597743988,0
93.85957217216492,0
93.86080384254456,0
93.86083006858826,0
93.86084270477296,0
93.86133670806883,0
93.87982416152954,0
93.87984895706175,0
93.8798611164093,0
93.88070726394652,0
93.881005525589,0
93.88102960586548,0
93.88107705116272,0
93.88239622116087,0
93.88245177268982,0
93.88267493247986,0
93.8834822177887,0
93.89756441116332,0
93.8983552455902,0
93.89966011047365,0
93.8996603488922,0
93.89969086647034,0
93.91948914527892,0
93.91949653625488,0
93.91951727867126,0
93.9391794204712,0
93.93918347358704,0
93.939218044281,0
93.9392204284668,0
93.93980956077576,0
93.93983817100523,0
93.93985366821288,0
93.94253182411194,0
93.94254851341248,0
93.94266676902772,0
93.9436502456665,0
93.94368648529051,0
93.95967364311218,0
93.95971131324768,0
93.95972895622252,0
93.96195101737976,0
93.96200275421144,0
93.96868991851808,0
93.96870946884157,0
93.979633808136,0
93.97975730895996,0
93.97977662086488,0
93.98566555976868,0
93.9893398284912,0
93.98964500427246,0
93.996967792511,0
93.99757480621338,0
93.99759817123412,0
93.99761009216309,0
93.99869775772096,0
93.99872970581056,0
93.99913907051086,0
93.99950361251832,0
93.99959182739258,0
94.00005221366882,0
94.00042414665222,0
94.01198554039,0
94.01955485343932,0
94.01958012580872,0
94.02244877815248,0
94.04155373573305,0
94.04157280921936,0
94.04193592071532,0
94.04306554794312,0
94.04308581352234,0
94.04315781593324,0
94.0431706905365,0
94.04495477676392,0
94.04496645927428,0
94.04497814178468,0
94.04588174819946,0
94.04592514038086,0
94.04784345626832,0
94.04788851737976,0
94.05418872833252,0
94.05930471420288,0
94.05932903289796,0
94.05933928489684,0
94.07937622070312,0
94.07940578460692,0
94.07946372032166,0
94.08173656463624,0
94.08177661895752,0
94.08180356025696,0
94.0826699733734,0
94.08367085456848,0
94.08372378349304,0
94.08374166488647,0
94.0852701663971,0
94.08529043197632,0
94.08562588691711,0
94.0856511592865,0
94.08845114707948,0
94.08848214149477,0
94.08866548538208,0
94.09935212135316,0
94.09938383102416,0
94.09947967529295,0
94.11949253082275,0
94.11953282356262,0
94.11964297294617,0
94.13306021690369,0
94.13958883285522,0
94.13963437080383,0
94.13965177536012,0
94.16059136390686,0
94.16107487678528,0
94.16126465797424,0
94.17461156845091,0
94.1749894618988,0
94.1753740310669,0
94.17540550231934,0
94.1768786907196,0
94.17759728431702,0
94.17774868011476,0
94.179669380188,0
94.17970490455627,0
94.1797685623169,0
94.1817238330841,0
94.18174076080322,0
94.18304347991943,0
94.18335700035097,0
94.18646430969238,0
94.19948148727416,0
94.19950795173644,0
94.19950914382936,0
94.2043843269348,0
94.20440936088562,0
94.20590734481812,0
94.2059361934662,0
94.20594763755798,0
94.2059600353241,0
94.20788073539734,0
94.20789456367493,0
94.20789551734924,0
94.20816922187804,0
94.21217131614684,0
94.21968197822572,0
94.21969413757324,0
94.2197105884552,0
94.23947310447691,0
94.2395031452179,0
94.23951482772829,0
94.24098777770996,0
94.24099445343018,0
94.24101090431212,0
94.24105906486513,0
94.24498558044434,0
94.24499106407166,0
94.245445728302,0
94.24683499336244,0
94.2468478679657,0
94.24896669387816,0
94.24902725219728,0
94.25955271720886,0
94.25962281227112,0
94.25966238975523,0
94.26104187965392,0
94.26317381858826,0
94.26517057418825,0
94.2799756526947,0
94.28038024902344,0
94.28040647506714,0
94.28670287132265,0
94.2870635986328,0
94.2870819568634,0
94.28874135017396,0
94.28953051567078,0
94.2895324230194,0
94.28958368301392,0
94.29704928398132,0
94.29941058158876,0
94.29956221580504,0
94.29958724975586,0
94.32243084907532,0
94.32245349884032,0
94.32246923446657,0
94.32251811027528,0
94.32403802871704,0
94.32406067848206,0
94.3242576122284,0
94.32429265975952,0
94.32439970970154,0
94.32454133033752,0
94.33565211296082,0
94.3356945514679,0
94.33826899528503,0
94.33828830718994,0
94.3398950099945,0
94.33990836143494,0
94.33996438980104,0
94.33998465538023,0
94.34002804756165,0
94.3400411605835,0
94.34005308151244,0
94.35438132286072,0
94.35446858406068,0
94.35449147224426,0
94.3551218509674,0
94.36039328575134,0
94.36043334007265,0
94.36044836044312,0
94.38015055656432,0
94.3801839351654,0
94.3813304901123,0
94.39364099502563,0
94.39365458488464,0
94.39670062065125,0
94.3967297077179,0
94.39751648902892,0
94.39767265319824,0
94.39799189567566,0
94.3980152606964,0
94.4007179737091,0
94.40074682235718,0
94.40075755119324,0
94.40110754966736,0
94.40926265716551,0
94.4194974899292,0
94.4195249080658,0
94.4195351600647,0
94.43135738372804,0
94.4316906929016,0
94.43336415290833,0
94.4334363937378,0
94.43344259262084,0
94.43345594406128,0
94.43357253074646,0
94.43358945846558,0
94.43366026878356,0
94.43412661552428,0
94.43467020988464,0
94.43517923355104,0
94.43545007705688,0
94.44095730781557,0
94.44099354743958,0
94.44101190567017,0
94.45217943191528,0
94.4595890045166,0
94.45961785316469,0
94.45962834358215,0
94.47349905967712,0
94.47352623939514,0
94.47357034683228,0
94.4736874103546,0
94.4794855117798,0
94.47951865196228,0
94.47953248023988,0
94.50007200241087,0
94.50008630752563,0
94.50010991096497,0
94.50955080986024,0
94.5095534324646,0
94.50962257385254,0
94.51137471199036,0
94.5201542377472,0
94.52019453048706,0
94.52103328704834,0
94.52475929260254,0
94.52479720115662,0
94.52528762817384,0
94.52531886100768,0
94.52641916275024,0
94.5375874042511,0
94.53820180892944,0
94.53867530822754,0
94.53933811187744,0
94.53936338424684,0
94.53982305526732,0
94.5423150062561,0
94.54234552383424,0
94.5439567565918,0
94.54398322105408,0
94.54466557502748,0
94.5581877231598,0
94.55842685699464,0
94.55873036384584,0
94.5587604045868,0
94.56123089790344,0
94.5618941783905,0
94.56192588806152,0
94.56557273864746,0
94.56574821472168,0
94.56577444076538,0
94.57996034622192,0
94.57998657226562,0
94.58022832870483,0
94.58518409729004,0
94.5854651927948,0
94.58547806739809,0
94.58553194999696,0
94.58744883537292,0
94.58746671676636,0
94.58748030662537,0
94.58874464035034,0
94.60238528251648,0
94.60249137878418,0
94.6026041507721,0
94.60262322425842,0
94.6029281616211,0
94.60295462608336,0
94.60442543029784,0
94.60444283485413,0
94.60449147224426,0
94.6056513786316,0
94.60574102401732,0
94.60596680641174,0
94.61967134475708,0
94.61968111991882,0
94.61993646621704,0
94.6334798336029,0
94.63350415229796,0
94.63942885398863,0
94.63945174217224,0
94.63946318626404,0
94.65160775184631,0
94.65193367004396,0
94.65309762954712,0
94.65979194641112,0
94.65985870361328,0
94.65987229347228,0
94.6796329021454,0
94.67966389656068,0
94.67990279197691,0
94.68793296813963,0
94.68796157836914,0
94.68804717063904,0
94.6880660057068,0
94.68814778327942,0
94.68832111358644,0
94.68834114074708,0
94.68939423561096,0
94.69571161270142,0
94.69580078125,0
94.69581723213196,0
94.69600534439088,0
94.6970875263214,0
94.6972589492798,0
94.6977517604828,0
94.69935011863708,0
94.6993763446808,0
94.6993887424469,0
94.71776866912842,0
94.72011423110962,0
94.72014832496644,0
94.72016263008118,0
94.7202000617981,0
94.7395384311676,0
94.7395646572113,0
94.73978757858276,0
94.7400016784668,0
94.74033617973328,0
94.74134588241576,0
94.74139976501463,0
94.7424476146698,0
94.751038312912,0
94.7510576248169,0
94.7511110305786,0
94.7511501312256,0
94.75994396209715,0
94.75998735427856,0
94.76000332832336,0
94.7796311378479,0
94.78181385993958,0
94.78185606002808,0
94.7857255935669,0
94.78580832481384,0
94.7864146232605,0
94.79936838150024,0
94.79939460754396,0
94.80028295516968,0
94.8008942604065,0
94.81772184371948,0
94.81773376464844,0
94.81879782676695,0
94.81892561912537,0
94.8189377784729,0
94.81894946098328,0
94.81966781616212,0
94.81968235969543,0
94.81995177268982,0
94.8393850326538,0
94.83961868286131,0
94.8396327495575,0
94.84777116775513,0
94.84778547286987,0
94.8486053943634,0
94.84990859031676,0
94.84991359710692,0
94.8499162197113,0
94.8499195575714,0
94.85120725631714,0
94.85123872756958,0
94.8513126373291,0
94.85218572616576,0
94.85220861434937,0
94.85549807548524,0
94.85551023483276,0
94.86155200004578,0
94.86157846450806,0
94.8618004322052,0
94.86182427406312,0
94.86528825759888,0
94.86529684066772,0
94.86566495895386,0
94.86566853523254,0
94.87954092025755,0
94.8795645236969,0
94.87962651252748,0
94.88078951835632,0
94.88080525398254,0
94.88086986541748,0
94.88132858276369,0
94.8993399143219,0
94.89936661720276,0
94.8993787765503,0
94.9057080745697,0
94.90572595596312,0
94.9076762199402,0
94.90773820877077,0
94.90850353240968,0
94.90871596336363,0
94.9091818332672,0
94.91002893447876,0
94.91169214248656,0
94.91449046134947,0
94.91452169418336,0
94.91960954666138,0
94.92107892036438,0
94.92114639282228,0
94.9268720149994,0
94.92687273025513,0
94.9399027824402,0
94.93995666503906,0
94.939964056015,0
94.95028400421144,0
94.9596710205078,0
94.95967650413512,0
94.95971083641052,0
94.9794626235962,0
94.9794909954071,0
94.9795036315918,0
94.99608111381532,0
94.9961040019989,0
94.99615144729614,0
94.99616718292236,0
94.99809622764587,0
94.99811339378356,0
94.99819660186768,0
95.00091814994812,0
95.0010757446289,0
95.0011215209961,0
95.00119209289552,0
95.00120520591736,0
95.00195860862732,0
95.00554943084715,0
95.00580286979675,0
95.01562786102296,0
95.0156500339508,0
95.01570200920104,0
95.01593661308289,0
95.01865768432616,0
95.01869320869446,0
95.01919078826904,0
95.0194215774536,0
95.0194365978241,0
95.01946377754211,0
95.02305388450624,0
95.02436971664427,0
95.0265839099884,0
95.03588247299194,0
95.04135847091676,0
95.04143643379211,0
95.04145193099976,0
95.04146480560304,0
95.04321336746216,0
95.04324913024902,0
95.05107188224792,0
95.05968642234802,0
95.05971431732178,0
95.05973267555235,0
95.07730150222778,0
95.07824659347534,0
95.07829880714417,0
95.0783154964447,0
95.0793879032135,0
95.0794003009796,0
95.07941269874571,0
95.0794472694397,0
95.07945346832275,0
95.07951712608336,0
95.09775638580322,0
95.09777164459229,0
95.0977931022644,0
95.10011053085329,0
95.10014033317566,0
95.10015201568604,0
95.10015630722046,0
95.10017037391664,0
95.1002595424652,0
95.1008484363556,0
95.12023401260376,0
95.12027311325072,0
95.12185430526732,0
95.13105487823486,0
95.13105821609496,0
95.13106298446657,0
95.1310760974884,0
95.1335334777832,0
95.13353610038756,0
95.13355016708374,0
95.13413262367249,0
95.13432145118712,0
95.13709259033205,0
95.13717365264893,0
95.13741540908812,0
95.13951563835144,0
95.1395275592804,0
95.1395387649536,0
95.14804124832152,0
95.14813113212584,0
95.14817118644714,0
95.14820575714111,0
95.1594614982605,0
95.15949511528017,0
95.15951371192932,0
95.1762056350708,0
95.17640113830566,0
95.17642951011658,0
95.17946791648863,0
95.17950057983398,0
95.17950296401978,0
95.1997332572937,0
95.20129156112672,0
95.20130944252014,0
95.2049171924591,0
95.213698387146,0
95.21371006965636,0
95.21571731567384,0
95.21576309204102,0
95.21577739715576,0
95.21590065956116,0
95.21869850158691,0
95.22263956069946,0
95.2226665019989,0
95.22353196144104,0
95.22688937187196,0
95.22691869735718,0
95.22692251205444,0
95.22693061828612,0
95.23074173927309,0
95.23075413703918,0
95.23081278800964,0
95.23297953605652,0
95.23316717147829,0
95.23723292350768,0
95.23758721351624,0
95.2386510372162,0
95.23961305618286,0
95.23963856697084,0
95.2396490573883,0
95.25723648071288,0
95.2579026222229,0
95.2610502243042,0
95.26107597351074,0
95.26125025749208,0
95.27951550483704,0
95.27954578399658,0
95.27955865859984,0
95.28657269477844,0
95.28660154342651,0
95.28661704063416,0
95.28663277626038,0
95.28966283798218,0
95.28968238830566,0
95.28973174095154,0
95.29118037223816,0
95.29119777679443,0
95.29134893417358,0
95.2913613319397,0
95.2929756641388,0
95.29300832748412,0
95.29309916496275,0
95.29926300048828,0
95.2992901802063,0
95.29935026168825,0
95.32046723365784,0
95.32056045532228,0
95.3205783367157,0
95.33786749839784,0
95.34008812904358,0
95.34012246131896,0
95.34025573730467,0
95.3532862663269,0
95.35332441329956,0
95.35338687896729,0
95.35343885421752,0
95.35560131072998,0
95.35566091537476,0
95.35570359230042,0
95.35941863059998,0
95.35945439338684,0
95.35952162742616,0
95.37951803207396,0
95.3795521259308,0
95.37963724136353,0
95.38381934165956,0
95.3838346004486,0
95.38561129570007,0
95.38566279411316,0
95.38651823997498,0
95.3949339389801,0
95.39494705200195,0
95.39617705345154,0
95.39622950553894,0
95.39624357223512,0
95.39629912376404,0
95.39936542510986,0
95.39941549301147,0
95.3994438648224,0
95.41298604011536,0
95.41311430931091,0
95.41313028335573,0
95.41463327407835,0
95.42471408843994,0
95.42474365234376,0
95.42479395866394,0
95.44044899940492,0
95.44047427177428,0
95.44048547744752,0
95.44296312332152,0
95.45104813575745,0
95.45937323570251,0
95.4597029685974,0
95.45972466468812,0
95.45973896980286,0
95.45983695983888,0
95.45985746383668,0
95.4601993560791,0
95.46224355697632,0
95.46226000785828,0
95.47934651374815,0
95.4793736934662,0
95.4794306755066,0
95.48749089241028,0
95.48753452301024,0
95.48915386199953,0
95.49307990074158,0
95.49309754371644,0
95.49311208724976,0
95.49312448501588,0
95.49465322494508,0
95.49466562271118,0
95.49467968940736,0
95.49562978744508,0
95.49601292610168,0
95.49940705299376,0
95.4994432926178,0
95.49957132339478,0
95.52042484283449,0
95.52046585083008,0
95.5204815864563,0
95.52090311050416,0
95.52680253982544,0
95.52740430831908,0
95.52743673324584,0
95.52754139900208,0
95.53362202644348,0
95.53381180763245,0
95.53440833091736,0
95.53758811950684,0
95.53761172294617,0
95.53946685791016,0
95.53949856758118,0
95.54018235206604,0
95.54029822349548,0
95.5403378009796,0
95.55970811843872,0
95.55974125862122,0
95.55975699424744,0
95.58034420013428,0
95.58038520812988,0
95.5804009437561,0
95.58646368980408,0
95.58649516105652,0
95.58651375770567,0
95.5865285396576,0
95.58841061592102,0
95.5884439945221,0
95.58845543861388,0
95.58963108062744,0
95.599538564682,0
95.59956479072572,0
95.5995955467224,0
95.61377692222597,0
95.61378836631776,0
95.6151430606842,0
95.61545968055724,0
95.61548185348512,0
95.61549472808838,0
95.61789417266846,0
95.61792039871216,0
95.61844611167908,0
95.61971402168274,0
95.61972737312315,0
95.61973881721497,0
95.6200385093689,0
95.62522149086,0
95.62549185752869,0
95.63393378257751,0
95.63393568992616,0
95.63395857810974,0
95.6342568397522,0
95.6394476890564,0
95.63947439193726,0
95.63948512077332,0
95.66055059432983,0
95.6605772972107,0
95.66077780723572,0
95.67934727668762,0
95.6793932914734,0
95.67958331108092,0
95.68467783927916,0
95.684711933136,0
95.6847643852234,0
95.68598818778992,0
95.68602967262268,0
95.68743348121644,0
95.68748235702516,0
95.68823409080504,0
95.694078207016,0
95.69423532485962,0
95.6942539215088,0
95.69426941871644,0
95.69934320449828,0
95.69937133789062,0
95.69938445091248,0
95.71048831939696,0
95.71975016593932,0
95.71983885765076,0
95.71986150741576,0
95.73984098434448,0
95.7398760318756,0
95.73991680145264,0
95.75956225395204,0
95.75956439971924,0
95.75961637496948,0
95.76910519599916,0
95.76932692527772,0
95.7693521976471,0
95.76937222480774,0
95.77377033233644,0
95.7738118171692,0
95.77383661270142,0
95.77549719810486,0
95.77556657791138,0
95.77795696258544,0
95.77797389030457,0
95.78035354614258,0
95.78037309646606,0
95.78038716316225,0
95.78194665908812,0
95.79952716827393,0
95.7995538711548,0
95.79961705207825,0
95.8036847114563,0
95.80369400978088,0
95.80486488342284,0
95.8059184551239,0
95.80592226982117,0
95.80686807632446,0
95.80701613426208,0
95.80703163146973,0
95.80719184875488,0
95.8090455532074,0
95.809152841568,0
95.80935716629028,0
95.8093798160553,0
95.8138153553009,0
95.81395077705383,0
95.81398034095764,0
95.81447243690492,0
95.81956005096436,0
95.81958508491516,0
95.81959509849548,0
95.83965468406676,0
95.83967471122742,0
95.83976125717165,0
95.8598108291626,0
95.85994458198547,0
95.86080956459044,0
95.86590361595154,0
95.86590576171876,0
95.86592030525208,0
95.86592268943788,0
95.86844658851624,0
95.86850476264954,0
95.86935639381409,0
95.87061548233032,0
95.87065887451172,0
95.87928318977356,0
95.87930631637572,0
95.87931799888612,0
95.8907163143158,0
95.89073324203493,0
95.8917474746704,0
95.8949534893036,0
95.8949692249298,0
95.89499711990356,0
95.89504718780518,0
95.89821648597716,0
95.89838886260986,0
95.89867115020752,0
95.89942526817322,0
95.899555683136,0
95.89956998825072,0
95.90042996406557,0
95.90225625038148,0
95.90647077560423,0
95.9195671081543,0
95.9196925163269,0
95.92060351371764,0
95.92650437355042,0
95.92684769630432,0
95.92687368392944,0
95.92691946029665,0
95.92693638801576,0
95.92699313163756,0
95.92821097373962,0
95.9302625656128,0
95.93031334877014,0
95.93224382400513,0
95.93225979804993,0
95.93939328193665,0
95.93941831588744,0
95.93973517417908,0
95.95941019058228,0
95.95993161201476,0
95.96020030975342,0
95.96026349067688,0
95.9632658958435,0
95.96539044380188,0
95.97964024543762,0
95.97966885566711,0
95.97968101501463,0
95.99556756019592,0
95.99559354782104,0
95.99560713768004,0
95.9979259967804,0
95.998370885849,0
95.99884271621704,0
95.99951934814452,0
95.9995436668396,0
95.99955463409424,0
96.0140426158905,0
96.01472997665404,0
96.01979279518127,0
96.01982617378236,0
96.01984024047852,0
96.0393898487091,0
96.0394172668457,0
96.03946161270142,0
96.04475951194765,0
96.04478073120116,0
96.0460433959961,0
96.04606914520264,0
96.04608058929443,0
96.04608154296876,0
96.05475735664368,0
96.0547890663147,0
96.0548129081726,0
96.05481576919556,0
96.05482578277588,0
96.0548324584961,0
96.05483889579772,0
96.05484747886658,0
96.0548746585846,0
96.05493307113647,0
96.05494809150696,0
96.05645394325256,0
96.05648469924928,0
96.05668687820436,0
96.05951166152954,0
96.05953812599182,0
96.05957770347597,0
96.07927560806274,0
96.07930064201356,0
96.07935214042664,0
96.09783577919006,0
96.09950041770936,0
96.09952926635742,0
96.09954380989076,0
96.10205936431883,0
96.10208106040956,0
96.10512614250185,0
96.10529112815856,0
96.11975145339966,0
96.1197862625122,0
96.11985802650452,0
96.12777280807497,0
96.12780809402466,0
96.1286518573761,0
96.12945461273192,0
96.137446641922,0
96.13748002052309,0
96.13750290870668,0
96.13841462135316,0
96.13971543312071,0
96.13973116874696,0
96.139746427536,0
96.13975930213928,0
96.13991045951845,0
96.14346599578856,0
96.14349269866943,0
96.15514206886292,0
96.15619611740112,0
96.15797638893127,0
96.1595265865326,0
96.15955972671507,0
96.15956425666808,0
96.18007278442384,0
96.18010187149048,0
96.18014979362488,0
96.18211460113524,0
96.18226313591003,0
96.1824197769165,0
96.18243837356567,0
96.18245148658752,0
96.18260049819946,0
96.18264317512512,0
96.19099926948547,0
96.19952774047852,0
96.19956135749815,0
96.19982981681824,0
96.21990728378296,0
96.21996760368349,0
96.22084712982178,0
96.23952627182008,0
96.2395372390747,0
96.23960256576538,0
96.24004173278809,0
96.24005246162416,0
96.2414894104004,0
96.24150657653809,0
96.24151182174684,0
96.24151992797852,0
96.24465703964232,0
96.24466943740843,0
96.24499440193176,0
96.246111869812,0
96.24613356590272,0
96.24719405174255,0
96.24748992919922,0
96.26109480857848,0
96.26112174987792,0
96.2611527442932,0
96.27267003059389,0
96.2793288230896,0
96.27934193611144,0
96.2793583869934,0
96.2994556427002,0
96.29951167106628,0
96.29952502250671,0
96.30266451835632,0
96.3026933670044,0
96.30280780792236,0
96.30282950401306,0
96.30600595474245,0
96.30602502822876,0
96.30604243278503,0
96.30724811553956,0
96.3077507019043,0
96.30776953697205,0
96.30777525901794,0
96.30877256393433,0
96.30880236625671,0
96.30892157554626,0
96.31109285354614,0
96.31956553459167,0
96.3195822238922,0
96.3196051120758,0
96.33958029747008,0
96.33999347686768,0
96.34001922607422,0
96.34273099899292,0
96.34333729743958,0
96.3433554172516,0
96.34349489212036,0
96.34561491012572,0
96.345627784729,0
96.34589409828186,0
96.34743428230286,0
96.347473859787,0
96.35052299499512,0
96.3505368232727,0
96.35988736152648,0
96.3598906993866,0
96.3599259853363,0
96.36152577400208,0
96.36949110031128,0
96.36953926086426,0
96.38014960289,0
96.3801691532135,0
96.38021898269652,0
96.3920567035675,0
96.39207935333252,0
96.39211010932922,0
96.39218616485596,0
96.39448261260986,0
96.39475321769714,0
96.39502286911012,0
96.39523983001708,0
96.3969793319702,0
96.39986085891724,0
96.39988541603088,0
96.39991974830627,0
96.41814541816711,0
96.41954517364502,0
96.41956901550292,0
96.41958498954772,0
96.42244482040404,0
96.42263793945312,0
96.42344450950624,0
96.42351508140564,0
96.42352986335754,0
96.42358446121216,0
96.43522953987122,0
96.43524861335754,0
96.43584847450256,0
96.4370322227478,0
96.43705081939696,0
96.44120287895204,0
96.4413673877716,0
96.44138431549072,0
96.45036220550536,0
96.45037412643433,0
96.45937275886536,0
96.45941615104675,0
96.45943212509157,0
96.47644138336182,0
96.48028063774107,0
96.48039698600768,0
96.4804141521454,0
96.48177647590636,0
96.48180508613586,0
96.48183917999268,0
96.4819152355194,0
96.5022439956665,0
96.5022954940796,0
96.5023512840271,0
96.50242710113524,0
96.50249218940736,0
96.50252890586852,0
96.50266146659852,0
96.5038549900055,0
96.50525116920473,0
96.5150842666626,0
96.5151469707489,0
96.51535296440125,0
96.51541805267334,0
96.52018404006958,0
96.52022814750671,0
96.52025151252748,0
96.52075672149658,0
96.52077794075012,0
96.52085566520692,0
96.53961730003356,0
96.53965497016908,0
96.539696931839,0
96.54488444328308,0
96.54497838020325,0
96.54759788513184,0
96.54763078689577,0
96.55096006393433,0
96.55099678039552,0
96.55101299285889,0
96.55107712745668,0
96.55215644836426,0
96.5521891117096,0
96.55242681503296,0
96.5593559741974,0
96.55938339233398,0
96.55946326255798,0
96.5797746181488,0
96.57981133461,0
96.57983088493349,0
96.58046889305116,0
96.59753274917604,0
96.59762358665466,0
96.59989595413208,0
96.59991836547852,0
96.60008335113524,0
96.60011029243468,0
96.60013365745544,0
96.60021901130676,0
96.60028433799744,0
96.6198046207428,0
96.61986899375916,0
96.62017679214478,0
96.64115643501282,0
96.64119601249696,0
96.64418578147888,0
96.64832019805908,0
96.64836263656616,0
96.6490399837494,0
96.65038776397704,0
96.65243864059448,0
96.65370225906372,0
96.65983819961548,0
96.65987372398376,0
96.65988850593568,0
96.66291570663452,0
96.66304111480711,0
96.66330623626708,0
96.66353821754456,0
96.6662495136261,0
96.6662983894348,0
96.66760540008544,0
96.66763496398926,0
96.6801061630249,0
96.68020606040956,0
96.68035697937012,0
96.69038724899292,0
96.7001655101776,0
96.70026111602785,0
96.70033264160156,0
96.71265959739684,0
96.71274089813232,0
96.71280789375304,0
96.71288585662842,0
96.7198338508606,0
96.71988201141356,0
96.72015523910522,0
96.7401282787323,0
96.74017000198364,0
96.74046897888184,0
96.74255609512328,0
96.74261450767516,0
96.74303531646729,0
96.74626278877258,0
96.74911117553712,0
96.74940133094788,0
96.76004338264464,0
96.76009345054626,0
96.76018476486206,0
96.76100993156432,0
96.761155128479,0
96.7623279094696,0
96.7643837928772,0
96.78093552589417,0
96.78101825714111,0
96.78102231025696,0
96.79333257675172,0
96.7996597290039,0
96.7996997833252,0
96.79981184005736,0
96.80384659767152,0
96.80386710166933,0
96.80393838882446,0
96.80395889282228,0
96.80631494522096,0
96.8063461780548,0
96.80635643005373,0
96.80636143684389,0
96.8063781261444,0
96.80638360977171,0
96.8091607093811,0
96.8103928565979,0
96.81041479110718,0
96.81067848205566,0
96.8114595413208,0
96.81959629058838,0
96.8196301460266,0
96.81969618797302,0
96.83664846420288,0
96.83667039871216,0
96.84014987945557,0
96.84017062187196,0
96.84025764465332,0
96.84864330291748,0
96.8486819267273,0
96.848699092865,0
96.84871792793274,0
96.85192847251892,0
96.85196900367735,0
96.85217881202698,0
96.85596895217896,0
96.85599255561829,0
96.8598129749298,0
96.85985136032104,0
96.85991621017456,0
96.8623423576355,0
96.86235904693604,0
96.873144865036,0
96.87972640991212,0
96.8797607421875,0
96.87976479530334,0
96.90024042129517,0
96.9002857208252,0
96.90030527114868,0
96.90555882453918,0
96.90559792518616,0
96.90562391281128,0
96.90609812736513,0
96.91035914421082,0
96.91039395332336,0
96.91051983833312,0
96.91155862808228,0
96.91989707946776,0
96.92029762268066,0
96.92038345336914,0
96.94887089729308,0
96.94895601272584,0
96.94897317886353,0
96.94901990890504,0
96.94903421401978,0
96.94907307624815,0
96.94911050796507,0
96.94912314414978,0
96.94918036460876,0
96.94921040534972,0
96.9492359161377,0
96.9493215084076,0
96.94935131072998,0
96.9493772983551,0
96.9494059085846,0
96.95939326286316,0
96.95947670936584,0
96.95949459075928,0
96.96379089355467,0
96.96417927742004,0
96.96420669555664,0
96.96422410011292,0
96.966867685318,0
96.96690797805786,0
96.96692967414856,0
96.96702599525452,0
96.96866464614868,0
96.97951126098631,0
96.9795265197754,0
96.97953605651855,0
96.985102891922,0
96.98611283302309,0
96.98698592185974,0
96.99542784690856,0
96.99545097351074,0
96.9995105266571,0
96.99955916404724,0
96.99957513809204,0
97.01973414421082,0
97.01974034309389,0
97.0197913646698,0
97.02993941307068,0
97.03000831604004,0
97.03003573417664,0
97.0301592350006,0
97.0342526435852,0
97.03490114212036,0
97.03493523597716,0
97.03719782829285,0
97.04309248924255,0
97.04313468933104,0
97.04315495491028,0
97.05475759506226,0
97.05477619171144,0
97.05477786064148,0
97.05478978157043,0
97.054856300354,0
97.054922580719,0
97.05503511428832,0
97.05505514144896,0
97.0551745891571,0
97.055193901062,0
97.05521321296692,0
97.05534362792967,0
97.05994606018066,0
97.05997514724731,0
97.06001257896423,0
97.06075310707092,0
97.06077980995178,0
97.06135535240172,0
97.06138229370116,0
97.06245923042296,0
97.06247639656068,0
97.0625319480896,0
97.07962775230408,0
97.07966256141664,0
97.07970952987672,0
97.08974957466124,0
97.09637427330016,0
97.09643244743349,0
97.0964515209198,0
97.0965292453766,0
97.09666395187378,0
97.09673357009888,0
97.09690737724304,0
97.0976619720459,0
97.09985637664796,0
97.09986686706544,0
97.09990048408508,0
97.10028982162476,0
97.119549036026,0
97.11958527565002,0
97.11959981918336,0
97.1374056339264,0
97.14002990722656,0
97.14005613327026,0
97.14012956619264,0
97.15948462486269,0
97.15952157974245,0
97.15953850746156,0
97.18071985244752,0
97.18075251579285,0
97.1808307170868,0
97.18089199066162,0
97.18095231056212,0
97.18101143836977,0
97.1810746192932,0
97.18509078025818,0
97.18513107299805,0
97.18565893173218,0
97.1998028755188,0
97.19989037513731,0
97.19989585876463,0
97.20080137252808,0
97.20085191726685,0
97.20336627960204,0
97.20345878601074,0
97.21269917488098,0
97.2158019542694,0
97.21603751182556,0
97.21957659721376,0
97.21957778930664,0
97.2199296951294,0
97.24070763587952,0
97.2407488822937,0
97.2407648563385,0
97.2500057220459,0
97.25363326072691,0
97.25364899635316,0
97.25645613670348,0
97.25713753700256,0
97.25721096992493,0
97.25728869438171,0
97.25734305381776,0
97.25790238380432,0
97.2579607963562,0
97.25968742370604,0
97.25971460342409,0
97.25974440574646,0
97.25993132591248,0
97.25996375083923,0
97.26310753822328,0
97.2633409500122,0
97.26336908340454,0
97.26338148117064,0
97.26664757728577,0
97.26665377616882,0
97.2666711807251,0
97.28050327301024,0
97.2805962562561,0
97.28068900108336,0
97.29030895233154,0
97.29990243911745,0
97.29992985725404,0
97.2999575138092,0
97.3202269077301,0
97.32031726837158,0
97.320476770401,0
97.32407808303832,0
97.3245599269867,0
97.3246042728424,0
97.32470321655272,0
97.32945799827576,0
97.3296399116516,0
97.32966351509094,0
97.33132266998292,0
97.33958554267883,0
97.33962559700012,0
97.3399097919464,0
97.34248185157776,0
97.34250783920288,0
97.3455605506897,0
97.34559321403503,0
97.34725069999696,0
97.34895777702332,0
97.36134767532349,0
97.36137461662292,0
97.361407995224,0
97.36141705513,0
97.36142945289612,0
97.3615140914917,0
97.37738275527954,0
97.37741136550903,0
97.3776400089264,0
97.37769842147829,0
97.37947845458984,0
97.37951421737672,0
97.37953281402588,0
97.39578080177309,0
97.39580821990968,0
97.39583206176758,0
97.3995463848114,0
97.39958453178406,0
97.39960050582886,0
97.4120795726776,0
97.41955614089966,0
97.41960215568542,0
97.41971850395204,0
97.43987107276917,0
97.44010734558104,0
97.44049096107484,0
97.44836688041688,0
97.44838953018188,0
97.45168876647948,0
97.45174551010132,0
97.45334386825562,0
97.45337009429932,0
97.45487213134766,0
97.4548749923706,0
97.45489263534546,0
97.45502257347108,0
97.4550428390503,0
97.45820331573486,0
97.45823788642883,0
97.45868182182312,0
97.4597589969635,0
97.45980644226074,0
97.45982527732848,0
97.46279954910278,0
97.46553087234496,0
97.47969007492064,0
97.47973680496216,0
97.47982358932497,0
97.48294019699097,0
97.48586750030518,0
97.4858934879303,0
97.48592448234558,0
97.4863338470459,0
97.48640370368958,0
97.4866180419922,0
97.48812174797058,0
97.4883165359497,0
97.48839282989502,0
97.48841190338136,0
97.49614262580872,0
97.4961793422699,0
97.4961874485016,0
97.49620151519775,0
97.50091528892516,0
97.50094032287598,0
97.50095701217651,0
97.51994466781616,0
97.52001619338988,0
97.52006435394289,0
97.52010869979858,0
97.52019596099854,0
97.52023816108704,0
97.52029228210448,0
97.5210177898407,0
97.5210747718811,0
97.52111911773682,0
97.53777146339417,0
97.53781056404114,0
97.53988456726074,0
97.53995490074158,0
97.54000973701476,0
97.54080057144164,0
97.54088354110718,0
97.56015825271606,0
97.56019067764282,0
97.56026434898376,0
97.5617377758026,0
97.56876802444458,0
97.5688533782959,0
97.56889510154724,0
97.5689389705658,0
97.57971239089966,0
97.58013129234314,0
97.58016538619997,0
97.59810662269592,0
97.5981466770172,0
97.59824681282043,0
97.5997507572174,0
97.59980154037476,0
97.59982180595398,0
97.6013069152832,0
97.6199505329132,0
97.6199951171875,0
97.6201672554016,0
97.62059426307678,0
97.62067580223083,0
97.6227216720581,0
97.62276673316956,0
97.62293457984924,0
97.62296104431152,0
97.62537050247192,0
97.6254243850708,0
97.62550497055054,0
97.64030265808104,0
97.64068722724916,0
97.64087677001952,0
97.64262294769289,0
97.64267539978027,0
97.64450240135191,0
97.644629240036,0
97.6671187877655,0
97.6671929359436,0
97.66734385490416,0
97.67965364456175,0
97.67975640296936,0
97.67983031272888,0
97.69946455955504,0
97.70007967948914,0
97.70008039474487,0
97.7009735107422,0
97.71980237960815,0
97.71985840797424,0
97.72009062767027,0
97.72824239730836,0
97.72826170921326,0
97.72828841209412,0
97.72829699516296,0
97.73279476165771,0
97.7328999042511,0
97.7329318523407,0
97.741224527359,0
97.74126601219176,0
97.74129104614258,0
97.74136781692503,0
97.74263429641724,0
97.7457115650177,0
97.75272536277772,0
97.75303840637208,0
97.75306987762453,0
97.7531397342682,0
97.7535982131958,0
97.7536244392395,0
97.75376439094543,0
97.75378012657166,0
97.7585461139679,0
97.75871920585632,0
97.75921964645386,0
97.75971698760986,0
97.7597451210022,0
97.75986981391908,0
97.76060390472412,0
97.78165483474731,0
97.78170228004456,0
97.78176665306091,0
97.78183317184448,0
97.78195905685423,0
97.78201389312744,0
97.78256678581238,0
97.80012059211732,0
97.80012249946594,0
97.8001778125763,0
97.800190448761,0
97.8001925945282,0
97.80019974708556,0
97.8027606010437,0
97.8199610710144,0
97.82000827789308,0
97.82002472877502,0
97.82378125190736,0
97.82382559776306,0
97.82491445541382,0
97.8250286579132,0
97.82508397102356,0
97.82514691352844,0
97.82920789718628,0
97.82925057411194,0
97.82932424545288,0
97.8356227874756,0
97.83566904067992,0
97.83813118934631,0
97.83817315101624,0
97.83893728256226,0
97.84072351455688,0
97.84099698066711,0
97.84107637405396,0
97.85777139663696,0
97.85858249664308,0
97.85978817939758,0
97.85980939865112,0
97.85981965065002,0
97.88034725189208,0
97.88038969039916,0
97.88040614128111,0
97.88433051109314,0
97.88436341285706,0
97.88436627388,0
97.88438129425047,0
97.88439702987672,0
97.8844702243805,0
97.88540291786194,0
97.8977870941162,0
97.8999993801117,0
97.90003657341003,0
97.90003967285156,0
97.90083479881288,0
97.9116563796997,0
97.91988801956175,0
97.91992712020874,0
97.9199447631836,0
97.931138753891,0
97.9311978816986,0
97.93122100830078,0
97.93133425712584,0
97.9404480457306,0
97.94050455093384,0
97.94056177139282,0
97.95940136909483,0
97.95944166183472,0
97.95950436592102,0
97.96398329734802,0
97.96401238441469,0
97.96466875076294,0
97.96579551696776,0
97.9658579826355,0
97.96884775161745,0
97.96885657310486,0
97.96984791755676,0
97.97961640357973,0
97.979656457901,0
97.97969555854796,0
97.99462842941284,0
97.9946665763855,0
97.99504399299622,0
97.99506783485413,0
97.99718976020812,0
97.99727129936218,0
97.99742269515993,0
97.9989402294159,0
97.9991238117218,0
97.99914526939392,0
97.9995415210724,0
97.99959325790404,0
97.99985241889954,0
98.002281665802,0
98.00297808647156,0
98.00319719314577,0
98.00322198867798,0
98.00344109535216,0
98.0071189403534,0
98.01283979415894,0
98.0129098892212,0
98.01601338386536,0
98.01607632637024,0
98.01612901687622,0
98.01618504524232,0
98.01889753341676,0
98.0189492702484,0
98.0189917087555,0
98.01937699317932,0
98.01937794685364,0
98.01941537857056,0
98.0345733165741,0
98.03533506393433,0
98.04173707962036,0
98.04175662994383,0
98.0418303012848,0
98.04222893714903,0
98.04229474067688,0
98.0423309803009,0
98.05438566207886,0
98.0596525669098,0
98.05968403816225,0
98.05969715118408,0
98.07339215278624,0
98.08017539978027,0
98.0802869796753,0
98.0803017616272,0
98.0967857837677,0
98.09680414199828,0
98.09681797027588,0
98.09696197509766,0
98.09925508499146,0
98.099351644516,0
98.09977912902832,0
98.09979438781738,0
98.10039734840392,0
98.1005527973175,0
98.12024402618408,0
98.12034797668456,0
98.120374917984,0
98.12532591819765,0
98.1362166404724,0
98.13692903518675,0
98.13696813583374,0
98.13707566261292,0
98.13754796981812,0
98.13757801055908,0
98.13760948181152,0
98.14027714729308,0
98.14105439186096,0
98.14109182357788,0
98.14136147499084,0
98.1414315700531,0
98.14495301246644,0
98.14499998092651,0
98.1596405506134,0
98.15965604782104,0
98.159672498703,0
98.1799955368042,0
98.17999577522278,0
98.1800491809845,0
98.18515467643738,0
98.19253158569336,0
98.19256448745728,0
98.19264245033264,0
98.1928174495697,0
98.19594407081604,0
98.19594430923462,0
98.19622254371644,0
98.19953799247742,0
98.19958329200745,0
98.19964122772215,0
98.21301507949828,0
98.22282910346983,0
98.22288513183594,0
98.22291016578674,0
98.2401843070984,0
98.24023628234865,0
98.24033308029176,0
98.25135564804076,0
98.25140166282654,0
98.2543568611145,0
98.25439167022704,0
98.25440883636476,0
98.25442695617676,0
98.257630109787,0
98.2576653957367,0
98.25816440582275,0
98.2598841190338,0
98.259911775589,0
98.25991678237916,0
98.2628412246704,0
98.26287841796876,0
98.2653489112854,0
98.26567816734314,0
98.26930499076845,0
98.26934671401978,0
98.26936340332033,0
98.26937818527222,0
98.27123951911926,0
98.27134108543396,0
98.27136397361755,0
98.27497816085815,0
98.27960896492004,0
98.27960920333862,0
98.27964282035828,0
98.2879753112793,0
98.28801083564758,0
98.2881202697754,0
98.28814387321472,0
98.29981231689452,0
98.29985308647156,0
98.2999017238617,0
98.31771445274352,0
98.31775999069214,0
98.31850266456604,0
98.31976222991943,0
98.3198094367981,0
98.31987285614014,0
98.34039092063904,0
98.3404462337494,0
98.34293127059937,0
98.360205411911,0
98.36022400856018,0
98.36117696762084,0
98.3636417388916,0
98.37101674079896,0
98.37185788154602,0
98.3718922138214,0
98.37191224098206,0
98.3750205039978,0
98.3750638961792,0
98.37950229644775,0
98.37954640388487,0
98.37960839271544,0
98.38408708572388,0
98.38416385650636,0
98.38611102104188,0
98.39025592803956,0
98.40095496177672,0
98.40097641944884,0
98.40099263191225,0
98.40318083763124,0
98.40659260749815,0
98.40682339668274,0
98.40824151039124,0
98.40876841545104,0
98.40878987312315,0
98.4088032245636,0
98.419757604599,0
98.41977000236513,0
98.4198248386383,0
98.42928767204285,0
98.42931890487672,0
98.43042492866516,0
98.43128991127014,0
98.43485927581789,0
98.43846344947816,0
98.44004583358765,0
98.44015073776244,0
98.44132328033449,0
98.45413637161256,0
98.45420217514038,0
98.45820927619934,0
98.45824837684631,0
98.45836901664734,0
98.45839238166808,0
98.4584448337555,0
98.45848441123962,0
98.45953726768494,0
98.45962238311768,0
98.45963740348816,0
98.47359681129456,0
98.4794294834137,0
98.47946214675903,0
98.47947692871094,0
98.50098943710329,0
98.50101685523988,0
98.50108551979064,0
98.5015196800232,0
98.50173139572144,0
98.50181078910828,0
98.5019187927246,0
98.50757789611816,0
98.50803256034852,0
98.50848031044006,0
98.50955748558044,0
98.50969791412354,0
98.50993156433104,0
98.51006150245668,0
98.5111005306244,0
98.5111439228058,0
98.5111653804779,0
98.5120358467102,0
98.51957559585573,0
98.51961588859558,0
98.51963210105896,0
98.5403516292572,0
98.54039168357848,0
98.54041242599487,0
98.55648422241212,0
98.55721235275269,0
98.55737257003784,0
98.5573914051056,0
98.55969214439392,0
98.55972409248352,0
98.55979084968568,0
98.57971787452698,0
98.57976245880128,0
98.57981371879578,0
98.58488011360168,0
98.58491897583008,0
98.58498501777648,0
98.58703708648682,0
98.58722925186156,0
98.59055638313292,0
98.59060859680176,0
98.59137177467346,0
98.59467482566832,0
98.59613156318665,0
98.59956502914427,0
98.59960389137268,0
98.59962677955627,0
98.62307095527648,0
98.62309384346008,0
98.62314677238464,0
98.6247329711914,0
98.62477231025696,0
98.62821626663208,0
98.62826251983644,0
98.62844467163086,0
98.62867164611816,0
98.63177347183228,0
98.63791012763976,0
98.6380033493042,0
98.63847160339355,0
98.6397669315338,0
98.63981652259828,0
98.6398377418518,0
98.6414544582367,0
98.64150714874268,0
98.64845323562622,0
98.64858841896056,0
98.65269351005554,0
98.6606457233429,0
98.6606466770172,0
98.66068768501282,0
98.67974734306335,0
98.67978382110596,0
98.67982721328735,0
98.69847464561462,0
98.70007586479188,0
98.70012402534483,0
98.70019006729126,0
98.7005980014801,0
98.70267796516418,0
98.70287370681764,0
98.70356631278992,0
98.70358777046204,0
98.70360064506532,0
98.70370054244997,0
98.71915078163148,0
98.71919083595276,0
98.7200047969818,0
98.72003173828124,0
98.72005081176758,0
98.72042298316956,0
98.72072863578796,0
98.72362637519836,0
98.7237069606781,0
98.7239499092102,0
98.73969078063963,0
98.73996806144714,0
98.739985704422,0
98.75783848762512,0
98.75799179077148,0
98.75981855392456,0
98.76002383232117,0
98.7601237297058,0
98.76012873649596,0
98.7601797580719,0
98.78104901313782,0
98.78114819526672,0
98.78117489814758,0
98.78648447990416,0
98.78719329833984,0
98.7872405052185,0
98.78887844085692,0
98.7997977733612,0
98.80034565925598,0
98.80086255073547,0
98.81046223640442,0
98.81048369407654,0
98.8105082511902,0
98.8105115890503,0
98.81063532829285,0
98.81070184707642,0
98.81138706207275,0
98.81266617774963,0
98.81270027160645,0
98.81294131278992,0
98.8152151107788,0
98.81525492668152,0
98.81531238555908,0
98.81579279899596,0
98.81946778297424,0
98.819504737854,0
98.81951141357422,0
98.8229513168335,0
98.8231008052826,0
98.82313013076782,0
98.82319355010986,0
98.8257496356964,0
98.82578301429749,0
98.825838804245,0
98.8400444984436,0
98.84012269973756,0
98.84014892578124,0
98.84785151481628,0
98.84787607192992,0
98.85025119781494,0
98.85039615631104,0
98.85983419418336,0
98.85985541343688,0
98.8598699569702,0
98.86041355133057,0
98.86043167114258,0
98.86391282081604,0
98.86772871017456,0
98.87375569343568,0
98.87954950332642,0
98.87958312034608,0
98.87959623336792,0
98.89828824996948,0
98.89832496643066,0
98.8983871936798,0
98.89843821525574,0
98.90007472038268,0
98.90009236335754,0
98.90009784698486,0
98.90529870986938,0
98.90539288520812,0
98.905419588089,0
98.92005681991576,0
98.92015671730042,0
98.92022943496704,0
98.9401216506958,0
98.94049048423769,0
98.94055938720705,0
98.94249296188354,0
98.94266629219057,0
98.94328284263612,0
98.94331455230711,0
98.94331645965576,0
98.94345450401306,0
98.9434814453125,0
98.94360303878784,0
98.94362902641296,0
98.94380068778992,0
98.94562339782716,0
98.94570422172546,0
98.951988697052,0
98.9526846408844,0
98.9530782699585,0
98.95972800254822,0
98.95976638793944,0
98.9601662158966,0
98.96522545814514,0
98.9665904045105,0
98.9666030406952,0
98.96744966506958,0
98.96834230422974,0
98.96837306022644,0
98.96894907951356,0
98.97941756248474,0
98.97944688796996,0
98.97952342033386,0
98.99290347099304,0
98.9929313659668,0
98.9929347038269,0
98.99296617507936,0
98.99434900283812,0
98.99437308311462,0
98.99450302124023,0
98.99539613723756,0
98.99929141998292,0
98.99932336807252,0
98.99932479858398,0
99.01807045936584,0
99.01808285713196,0
99.0195631980896,0
99.01959085464478,0
99.01967430114746,0
99.02324962615968,0
99.0232870578766,0
99.02334070205688,0
99.02335500717165,0
99.02338433265686,0
99.02343249320984,0
99.0241208076477,0
99.02540254592896,0
99.03644561767578,0
99.03646969795228,0
99.03797554969788,0
99.03799986839294,0
99.03876566886902,0
99.0397310256958,0
99.03975367546082,0
99.03979110717772,0
99.05961894989014,0
99.05964303016664,0
99.05965614318848,0
99.06295776367188,0
99.06329083442688,0
99.06333351135254,0
99.06334161758424,0
99.067565202713,0
99.06795072555542,0
99.06828379631042,0
99.07358479499815,0
99.07955026626588,0
99.07957935333252,0
99.07959008216858,0
99.09248948097228,0
99.0925440788269,0
99.09255599975586,0
99.0925726890564,0
99.09472608566284,0
99.09477710723876,0
99.09487462043762,0
99.09930181503296,0
99.09930753707886,0
99.09932589530943,0
99.11809873580933,0
99.11855006217957,0
99.12026715278624,0
99.12030267715454,0
99.12034201622008,0
99.120543718338,0
99.12056469917296,0
99.1214349269867,0
99.13972282409668,0
99.13975882530212,0
99.13984417915344,0
99.1604733467102,0
99.16052865982056,0
99.16096305847168,0
99.16981363296507,0
99.16983938217165,0
99.16985940933228,0
99.1699378490448,0
99.17406296730042,0
99.17408514022829,0
99.17410707473756,0
99.17633390426636,0
99.1777696609497,0
99.17979407310486,0
99.1799657344818,0
99.17998600006104,0
99.17999958992004,0
99.18693208694458,0
99.18693614006042,0
99.18938875198364,0
99.18940567970276,0
99.18940711021423,0
99.18945956230164,0
99.18947672843932,0
99.19807529449464,0
99.19810247421265,0
99.19812202453612,0
99.20092630386353,0
99.20097160339355,0
99.20098328590392,0
99.20395398139954,0
99.20460033416748,0
99.20463132858276,0
99.20464658737184,0
99.20527124404909,0
99.219646692276,0
99.21967482566832,0
99.21971082687378,0
99.2280135154724,0
99.22827768325806,0
99.22962737083436,0
99.2296380996704,0
99.22964811325072,0
99.22965979576112,0
99.23441290855408,0
99.23442435264587,0
99.2344365119934,0
99.23571991920473,0
99.23575925827026,0
99.2369966506958,0
99.23731207847597,0
99.239839553833,0
99.23987078666688,0
99.23988461494446,0
99.25978875160216,0
99.25981640815736,0
99.25982785224916,0
99.28022146224976,0
99.2802357673645,0
99.28024816513062,0
99.28030920028688,0
99.2818796634674,0
99.29067492485046,0
99.29969644546507,0
99.29972839355467,0
99.29973030090332,0
99.3092143535614,0
99.30924582481384,0
99.30930590629578,0
99.3093490600586,0
99.31988382339478,0
99.3199405670166,0
99.31998872756958,0
99.33689188957214,0
99.33691334724426,0
99.33693194389345,0
99.33881378173828,0
99.3405532836914,0
99.34061884880066,0
99.34066033363342,0
99.3597297668457,0
99.35973286628725,0
99.35976195335388,0
99.3619270324707,0
99.36200141906738,0
99.3635950088501,0
99.3636348247528,0
99.3762345314026,0
99.37955975532532,0
99.37993264198305,0
99.380188703537,0
99.40014290809631,0
99.4002046585083,0
99.4002435207367,0
99.40472936630248,0
99.4047601222992,0
99.4065008163452,0
99.40653228759766,0
99.40762758255003,0
99.40765285491943,0
99.40771222114564,0
99.40772914886476,0
99.41112351417542,0
99.41136598587036,0
99.41513085365295,0
99.41515922546388,0
99.41517090797424,0
99.41518306732178,0
99.41644358634947,0
99.4164559841156,0
99.41646790504456,0
99.41923594474792,0
99.41971445083618,0
99.41974115371704,0
99.43113493919373,0
99.4311375617981,0
99.4326798915863,0
99.43270349502563,0
99.43992805480956,0
99.4399597644806,0
99.43997287750244,0
99.4554877281189,0
99.45550394058228,0
99.455659866333,0
99.45567870140076,0
99.4591944217682,0
99.45992374420166,0
99.45993685722352,0
99.45994758605956,0
99.46022081375122,0
99.46024656295776,0
99.47952890396118,0
99.47955632209778,0
99.47957921028136,0
99.48355197906494,0
99.4871096611023,0
99.48713159561156,0
99.48714399337769,0
99.48715567588806,0
99.48842978477478,0
99.48863434791564,0
99.48866510391235,0
99.495685338974,0
99.49691605567932,0
99.4978129863739,0
99.49968576431274,0
99.4997169971466,0
99.49972033500671,0
99.52009558677672,0
99.52011346817017,0
99.5201895236969,0
99.52785778045654,0
99.52787733078004,0
99.5278844833374,0
99.5278947353363,0
99.52990126609802,0
99.52992534637453,0
99.53039264678956,0
99.53132581710815,0
99.53136086463928,0
99.53311944007874,0
99.53319358825684,0
99.53375434875488,0
99.53771686553956,0
99.53983688354492,0
99.53987288475037,0
99.53988790512084,0
99.55727458000185,0
99.5598647594452,0
99.55990266799928,0
99.55996203422546,0
99.56383609771729,0
99.5638587474823,0
99.5641839504242,0
99.56424832344057,0
99.57959628105164,0
99.57962965965272,0
99.57968473434448,0
99.59457492828368,0
99.59460639953612,0
99.59528851509094,0
99.5967948436737,0
99.59969019889832,0
99.59972143173218,0
99.5997326374054,0
99.60154557228088,0
99.6075358390808,0
99.61936283111572,0
99.61938524246216,0
99.61938786506651,0
99.63409113883972,0
99.634113073349,0
99.63432264328004,0
99.63436985015868,0
99.63444352149963,0
99.63445687294006,0
99.63761949539185,0
99.63782501220705,0
99.6385142803192,0
99.63946986198424,0
99.63949704170228,0
99.63983345031738,0
99.63985776901244,0
99.63989877700806,0
99.64106941223145,0
99.64132452011108,0
99.64348340034483,0
99.65173125267027,0
99.6517870426178,0
99.65182304382324,0
99.65186429023744,0
99.65984010696413,0
99.65987038612366,0
99.65988111495972,0
99.6715166568756,0
99.6715326309204,0
99.67183208465576,0
99.671852350235,0
99.67195773124696,0
99.67197823524477,0
99.67216753959656,0
99.67468166351318,0
99.6746952533722,0
99.67472767829896,0
99.67724466323853,0
99.67952060699464,0
99.67955613136292,0
99.67958807945251,0
99.69907879829408,0
99.69910550117493,0
99.69915413856506,0
99.70170950889587,0
99.70174193382265,0
99.70175433158876,0
99.70235705375671,0
99.70242738723756,0
99.70244550704956,0
99.70248007774352,0
99.72083711624146,0
99.72087597846983,0
99.7209792137146,0
99.72140908241272,0
99.73953938484192,0
99.73957896232604,0
99.73964405059814,0
99.7597794532776,0
99.75982165336607,0
99.75989818572998,0
99.78026270866394,0
99.78031349182127,0
99.7803921699524,0
99.80034255981444,0
99.80038952827454,0
99.80041265487672,0
99.81083130836488,0
99.81086421012878,0
99.8119819164276,0
99.81243968009947,0
99.81246995925903,0
99.81265664100648,0
99.81889486312866,0
99.81890845298769,0
99.81891202926636,0
99.81892585754396,0
99.8189342021942,0
99.81958317756651,0
99.81960868835448,0
99.81964325904846,0
99.8225953578949,0
99.82259750366212,0
99.82501339912416,0
99.83949089050292,0
99.83951568603516,0
99.83954429626463,0
99.85988783836363,0
99.85994863510132,0
99.85995960235596,0
99.86928367614746,0
99.86930513381958,0
99.86984133720398,0
99.86986446380617,0
99.871999502182,0
99.87202286720276,0
99.8728802204132,0
99.87310886383057,0
99.8733561038971,0
99.87523579597472,0
99.87526178359984,0
99.87782764434814,0
99.87965798377992,0
99.87968158721924,0
99.87969207763672,0
99.883234500885,0
99.88360571861269,0
99.8993170261383,0
99.8993730545044,0
99.89942598342896,0
99.91951060295104,0
99.91953921318054,0
99.91955542564392,0
99.92358255386353,0
99.92362809181212,0
99.9236946105957,0
99.92374181747437,0
99.92660617828368,0
99.9266209602356,0
99.92663073539734,0
99.92741870880128,0
99.92744827270508,0
99.927663564682,0
99.92768383026124,0
99.92830872535706,0
99.9284827709198,0
99.92854166030884,0
99.9293065071106,0
99.93986535072328,0
99.93999671936037,0
99.94002437591551,0
99.95993399620056,0
99.95993995666504,0
99.95997190475464,0
99.96313428878784,0
99.96317410469057,0
99.96584486961363,0
99.96673250198364,0
99.96821689605711,0
99.98076224327087,0
99.98080134391785,0
99.98081803321838,0
99.9937539100647,0
99.99378418922424,0
99.99528193473816,0
99.99531269073486,0
99.99649477005003,0
99.9966049194336,0
99.99685025215148,0
99.99931693077087,0
99.99956393241882,0
99.99964904785156,0
99.9996588230133,0
100.00043559074402,0
100.00432538986206,0
100.0055456161499,0
100.01810026168825,0
100.01812648773192,0
100.0195379257202,0
100.01956605911256,0
100.01957631111144,0
100.02068400382996,0
100.02070879936218,0
100.02072095870972,0
100.02073431015016,0
100.02335047721864,0
100.0233759880066,0
100.02416491508484,0
100.03818583488464,0
100.03818607330322,0
100.03971838951112,0
100.03971862792967,0
100.0398416519165,0
100.0412347316742,0
100.04150795936584,0
100.04221415519714,0
100.04351449012756,0
100.06016564369202,0
100.06019186973572,0
100.0793867111206,0
100.07940316200256,0
100.07941484451294,0
100.08288741111755,0
100.08745574951172,0
100.0883812904358,0
100.08840608596802,0
100.08843541145325,0
100.08927369117735,0
100.08928203582764,0
100.089289188385,0
100.10000991821288,0
100.1000497341156,0
100.1000702381134,0
100.11187386512756,0
100.11955428123474,0
100.11958265304564,0
100.11958527565002,0
100.1392912864685,0
100.13931226730348,0
100.13931322097778,0
100.13932871818542,0
100.14219212532043,0
100.1422243118286,0
100.1422393321991,0
100.14333987236024,0
100.1433618068695,0
100.14343070983888,0
100.14468455314636,0
100.14474177360536,0
100.15761709213255,0
100.15790390968324,0
100.16004920005798,0
100.16004967689514,0
100.16008615493774,0
100.16016459465028,0
100.16048288345335,0
100.160582780838,0
100.16060447692873,0
100.16205048561096,0
100.16209053993224,0
100.16211414337158,0
100.16283679008484,0
100.17969727516174,0
100.17974710464478,0
100.18007230758668,0
100.18651294708252,0
100.1865439414978,0
100.18663454055786,0
100.18678784370422,0
100.18979144096376,0
100.19004344940186,0
100.19057822227478,0
100.19298148155212,0
100.1999261379242,0
100.1999580860138,0
100.1999773979187,0
100.22023487091064,0
100.22027540206908,0
100.22027611732484,0
100.22354507446288,0
100.2235631942749,0
100.22544026374815,0
100.22546482086182,0
100.22547554969788,0
100.22548818588255,0
100.22741317749023,0
100.22753596305849,0
100.22803163528442,0
100.2284414768219,0
100.22870588302612,0
100.22996020317078,0
100.23019909858704,0
100.23829650878906,0
100.23937058448792,0
100.23939681053162,0
100.2399516105652,0
100.2412109375,0
100.25957083702087,0
100.25960087776184,0
100.25961351394652,0
100.2779643535614,0
100.27956628799438,0
100.2795774936676,0
100.2796115875244,0
100.28625464439392,0
100.28626132011414,0
100.28628516197205,0
100.28773665428162,0
100.28971886634828,0
100.28972244262695,0
100.28989696502686,0
100.29968523979188,0
100.29974055290222,0
100.29974436759947,0
100.309499502182,0
100.31959915161131,0
100.31968450546265,0
100.31973171234132,0
100.34061741828918,0
100.34064054489136,0
100.340660572052,0
100.350487947464,0
100.3505265712738,0
100.3506155014038,0
100.35064268112184,0
100.35844707489014,0
100.35847067832948,0
100.35892152786256,0
100.36037635803224,0
100.3604109287262,0
100.3604805469513,0
100.3608832359314,0
100.36112809181212,0
100.36156249046326,0
100.36162757873537,0
100.3726601600647,0
100.37267351150513,0
100.37268710136414,0
100.37992525100708,0
100.37996912002563,0
100.37998628616332,0
100.38337111473083,0
100.38338351249696,0
100.38339471817017,0
100.38491535186768,0
100.3890507221222,0
100.38907885551453,0
100.3891167640686,0
100.39675784111024,0
100.39703321456908,0
100.39705395698547,0
100.39706254005432,0
100.39967823028564,0
100.39971494674684,0
100.40119743347168,0
100.4118390083313,0
100.4118628501892,0
100.4118766784668,0
100.41291499137878,0
100.41937971115112,0
100.41940546035768,0
100.41943955421448,0
100.43697428703308,0
100.43731355667114,0
100.43778228759766,0
100.43799591064452,0
100.4380156993866,0
100.43806052207948,0
100.44208025932312,0
100.44212603569032,0
100.44236135482788,0
100.45680332183838,0
100.45709681510924,0
100.4573130607605,0
100.4604949951172,0
100.46050548553468,0
100.4605405330658,0
100.46379804611206,0
100.46382451057434,0
100.4777204990387,0
100.47790098190308,0
100.47926759719849,0
100.47948360443117,0
100.47949934005736,0
100.47950959205627,0
100.48066425323486,0
100.4808235168457,0
100.50082993507384,0
100.50089716911316,0
100.5008990764618,0
100.50093364715576,0
100.50099086761476,0
100.50100564956664,0
100.50105547904968,0
100.50111293792725,0
100.50115776062012,0
100.50124526023863,0
100.51953101158142,0
100.51956677436829,0
100.51958179473876,0
100.52643299102785,0
100.53429746627808,0
100.53434133529665,0
100.53442239761353,0
100.53446316719057,0
100.5346610546112,0
100.5368013381958,0
100.53682088851927,0
100.53756856918336,0
100.53757429122923,0
100.53804278373718,0
100.53806138038637,0
100.53943347930908,0
100.5394642353058,0
100.53947949409483,0
100.55378818511964,0
100.56040954589844,0
100.56045269966124,0
100.56055760383606,0
100.5794267654419,0
100.57945609092712,0
100.57945775985718,0
100.585764169693,0
100.58581686019896,0
100.585834980011,0
100.58588767051695,0
100.5870110988617,0
100.58713364601137,0
100.58714866638184,0
100.59837412834167,0
100.59932947158812,0
100.5993664264679,0
100.59937715530396,0
100.6033856868744,0
100.60342168807983,0
100.6206350326538,0
100.6206624507904,0
100.62068939208984,0
100.6229350566864,0
100.62322640419006,0
100.62374377250671,0
100.62573575973512,0
100.62574100494383,0
100.6257507801056,0
100.62583208084106,0
100.62587141990662,0
100.62588596343994,0
100.63208150863647,0
100.63214063644408,0
100.63658022880554,0
100.63665413856506,0
100.64101457595824,0
100.64116835594176,0
100.64117646217346,0
100.65846037864684,0
100.65847587585448,0
100.65856289863586,0
100.65938258171082,0
100.65983653068542,0
100.65985369682312,0
100.65988731384276,0
100.66291880607604,0
100.66293406486513,0
100.6629569530487,0
100.66423058509828,0
100.67986011505128,0
100.6799178123474,0
100.67998909950256,0
100.6872398853302,0
100.6872625350952,0
100.68730998039246,0
100.68732452392578,0
100.69007277488708,0
100.69009017944336,0
100.69013452529909,0
100.69357132911682,0
100.69945502281188,0
100.69948482513428,0
100.69949650764464,0
100.71021795272829,0
100.71022748947144,0
100.71023654937744,0
100.7102460861206,0
100.71940064430235,0
100.71943092346191,0
100.71948170661926,0
100.739235162735,0
100.74063873291016,0
100.74087142944336,0
100.74096870422365,0
100.74099373817444,0
100.74108338356018,0
100.74308276176453,0
100.74310779571532,0
100.7440905570984,0
100.74411654472352,0
100.75213432312012,0
100.76138210296632,0
100.76148653030396,0
100.76173758506776,0
100.7796528339386,0
100.77968955039978,0
100.7800681591034,0
100.8003089427948,0
100.80034351348876,0
100.80035591125488,0
100.81142568588255,0
100.81143808364868,0
100.81145143508913,0
100.81146287918092,0
100.8114733695984,0
100.81148600578308,0
100.81223607063292,0
100.81224942207336,0
100.81229710578918,0
100.813218832016,0
100.81501817703248,0
100.81969285011292,0
100.81970620155334,0
100.8197181224823,0
100.81971836090088,0
100.83938145637512,0
100.83940601348876,0
100.83940649032591,0
100.86005306243896,0
100.8600857257843,0
100.86009812355042,0
100.86824131011964,0
100.86824297904968,0
100.86825251579285,0
100.8682599067688,0
100.87127780914308,0
100.87131857872008,0
100.87137031555176,0
100.87804174423218,0
100.87848544120789,0
100.88081789016724,0
100.88203358650208,0
100.8820447921753,0
100.88500261306764,0
100.88506531715392,0
100.8850769996643,0
100.89946556091309,0
100.89949107170104,0
100.89950466156006,0
100.90037846565248,0
100.90049839019775,0
100.90050268173218,0
100.90054607391356,0
100.90200352668762,0
100.9020164012909,0
100.90203070640564,0
100.9033043384552,0
100.90332007408142,0
100.90342426300047,0
100.90342950820924,0
100.90538477897644,0
100.90540289878844,0
100.90549302101137,0
100.91265606880188,0
100.9163281917572,0
100.91635608673096,0
100.91639828681946,0
100.91642761230467,0
100.91778802871704,0
100.91784143447876,0
100.91852974891664,0
100.91967797279358,0
100.91970539093018,0
100.9197165966034,0
100.9325602054596,0
100.9325876235962,0
100.93424439430235,0
100.9342839717865,0
100.93933629989624,0
100.93933773040771,0
100.93937134742735,0
100.94815707206726,0
100.95949029922484,0
100.95955801010132,0
100.95957207679749,0
100.97947287559508,0
100.97967648506165,0
100.97974419593812,0
100.99483227729796,0
100.995671749115,0
100.99950885772704,0
100.99953508377077,0
100.99954676628111,0
100.99965524673462,0
100.99966883659364,0
101.0007975101471,0
101.00080442428587,0
101.00226044654846,0
101.00229334831238,0
101.0165581703186,0
101.01656222343443,0
101.01732897758484,0
101.01816606521606,0
101.01891207695007,0
101.0196681022644,0
101.02009963989258,0
101.02011513710022,0
101.02012753486632,0
101.0220663547516,0
101.02793955802916,0
101.02796530723572,0
101.02797746658324,0
101.02840423583984,0
101.0382115840912,0
101.03825497627258,0
101.04097628593443,0
101.04100155830383,0
101.04118776321413,0
101.041188955307,0
101.0412118434906,0
101.0413212776184,0
101.0436511039734,0
101.0436635017395,0
101.05132293701172,0
101.06003022193909,0
101.06006026268004,0
101.06007122993468,0
101.07826828956604,0
101.07829403877258,0
101.07837414741516,0
101.07843899726868,0
101.07996773719788,0
101.0799732208252,0
101.07999229431152,0
101.08095788955688,0
101.0809633731842,0
101.0813570022583,0
101.0993719100952,0
101.09956455230711,0
101.09958052635191,0
101.11856532096864,0
101.11941838264464,0
101.11945009231567,0
101.11950635910034,0
101.12401223182678,0
101.12402677536012,0
101.12406945228577,0
101.12414503097534,0
101.12559676170348,0
101.1256139278412,0
101.12563347816469,0
101.13977551460266,0
101.13981437683104,0
101.13990497589111,0
101.14230632781982,0
101.14257621765135,0
101.14491510391235,0
101.14495944976808,0
101.14642119407654,0
101.14680075645448,0
101.14682054519652,0
101.14691066741943,0
101.15011143684389,0
101.15015172958374,0
101.1501727104187,0
101.15042996406557,0
101.16067719459534,0
101.16071152687071,0
101.16072535514832,0
101.16632103919984,0
101.1663374900818,0
101.17775917053224,0
101.1778130531311,0
101.17782998085022,0
101.177898645401,0
101.17938995361328,0
101.17941761016846,0
101.17946553230286,0
101.1993715763092,0
101.19939994812012,0
101.19997429847716,0
101.20959687232973,0
101.20960927009584,0
101.2096745967865,0
101.2104425430298,0
101.21229553222656,0
101.21383714675903,0
101.21789121627808,0
101.21818017959596,0
101.21966218948364,0
101.2196879386902,0
101.21972370147704,0
101.2200219631195,0
101.22003388404846,0
101.2200436592102,0
101.22005486488342,0
101.23570728302002,0
101.2357213497162,0
101.23573422431946,0
101.23717951774596,0
101.23720359802246,0
101.23972916603088,0
101.23975229263306,0
101.23978447914124,0
101.25604152679443,0
101.25605368614195,0
101.25750303268433,0
101.26088500022888,0
101.26097798347472,0
101.26099157333374,0
101.27988600730896,0
101.27994203567503,0
101.279953956604,0
101.29285979270936,0
101.29287123680116,0
101.29288077354433,0
101.2929356098175,0
101.2946286201477,0
101.29476976394652,0
101.29479098320007,0
101.29928755760191,0
101.29935145378111,0
101.2993528842926,0
101.30918335914612,0
101.319641828537,0
101.31968188285828,0
101.31969690322876,0
101.33948421478271,0
101.33952236175536,0
101.33953714370728,0
101.35975956916808,0
101.35980987548828,0
101.35981011390686,0
101.371915102005,0
101.3719654083252,0
101.37197804450987,0
101.37200379371644,0
101.37353610992432,0
101.3735601902008,0
101.3736536502838,0
101.376238822937,0
101.37629747390748,0
101.38020706176758,0
101.38024163246156,0
101.3802568912506,0
101.38029527664185,0
101.38405227661131,0
101.38406944274902,0
101.38941407203674,0
101.38944029808044,0
101.38975954055786,0
101.38978552818298,0
101.39076542854308,0
101.390807390213,0
101.391099691391,0
101.4006323814392,0
101.40106987953186,0
101.40111827850342,0
101.40220046043396,0
101.40221524238586,0
101.40222692489624,0
101.4022376537323,0
101.4028775691986,0
101.40291786193848,0
101.40294861793518,0
101.40311241149902,0
101.41990756988524,0
101.41993403434752,0
101.41998219490053,0
101.42742562294006,0
101.42743968963624,0
101.43341660499571,0
101.43371963500977,0
101.43374061584473,0
101.43384099006651,0
101.4364686012268,0
101.4367241859436,0
101.43675017356873,0
101.43788075447084,0
101.438050031662,0
101.4396436214447,0
101.43967366218568,0
101.43972182273863,0
101.44366216659546,0
101.44370937347412,0
101.44664430618286,0
101.46018314361572,0
101.4602062702179,0
101.46022057533264,0
101.4756407737732,0
101.47664427757265,0
101.47930669784546,0
101.47935652732848,0
101.47936773300172,0
101.49993085861206,0
101.49995827674866,0
101.4999701976776,0
101.50196099281312,0
101.50197458267212,0
101.5019874572754,0
101.50200152397156,0
101.50414514541626,0
101.50478887557983,0
101.50479340553284,0
101.51777791976927,0
101.51942443847656,0
101.51945424079896,0
101.519469499588,0
101.53958773612976,0
101.53968024253844,0
101.53968334197998,0
101.54894089698792,0
101.552250623703,0
101.5531451702118,0
101.55318665504456,0
101.55365824699402,0
101.55367970466614,0
101.55379700660706,0
101.55892491340636,0
101.55896759033205,0
101.55900597572328,0
101.55904746055604,0
101.56070137023926,0
101.56073379516602,0
101.56081104278564,0
101.56906723976137,0
101.56980013847352,0
101.56983923912048,0
101.5794234275818,0
101.57944869995116,0
101.57946109771729,0
101.59455108642578,0
101.59458565711977,0
101.59462118148804,0
101.59469366073608,0
101.59924387931824,0
101.59951829910278,0
101.59954738616943,0
101.59960460662842,0
101.5996618270874,0
101.60027766227722,0
101.60569286346436,0
101.60800075531006,0
101.612628698349,0
101.61953973770142,0
101.6195673942566,0
101.61965250968932,0
101.6395492553711,0
101.63957715034483,0
101.63958883285522,0
101.64295887947084,0
101.64296579360962,0
101.6441924571991,0
101.64421606063844,0
101.64426827430724,0
101.64438581466676,0
101.64709234237672,0
101.64710807800292,0
101.64768767356873,0
101.64844870567322,0
101.64847707748412,0
101.64978432655334,0
101.65013933181764,0
101.65380954742432,0
101.65383791923524,0
101.65384817123412,0
101.65385842323305,0
101.65656423568726,0
101.65669870376588,0
101.65673279762268,0
101.6597785949707,0
101.65980410575868,0
101.6598505973816,0
101.67509007453918,0
101.67981719970705,0
101.67984199523926,0
101.67985582351685,0
101.69343495368958,0
101.6936378479004,0
101.69366455078124,0
101.6938018798828,0
101.69710278511047,0
101.697279214859,0
101.69731307029724,0
101.6997127532959,0
101.6997411251068,0
101.6997525691986,0
101.70908665657043,0
101.71964979171752,0
101.719810962677,0
101.71982884407043,0
101.73956322669984,0
101.7398738861084,0
101.7399091720581,0
101.74314069747923,0
101.74317383766174,0
101.74324536323547,0
101.7433032989502,0
101.74904561042786,0
101.74918794631958,0
101.74927830696106,0
101.74933242797852,0
101.74944853782654,0
101.753737449646,0
101.75376892089844,0
101.75455117225648,0
101.75968980789185,0
101.75971460342409,0
101.75972533226012,0
101.77999114990234,0
101.77999138832092,0
101.78004622459412,0
101.78595972061156,0
101.78599500656128,0
101.78601050376892,0
101.78682708740234,0
101.7871081829071,0
101.78735256195068,0
101.79179191589355,0
101.79945015907288,0
101.79947924613953,0
101.79948210716248,0
101.81684589385986,0
101.81686091423036,0
101.82024240493774,0
101.82026886940002,0
101.82033205032349,0
101.82058429718018,0
101.82059979438782,0
101.8207938671112,0
101.82282781600952,0
101.83763194084167,0
101.83764505386353,0
101.8376874923706,0
101.84058713912964,0
101.84075236320496,0
101.8407974243164,0
101.84148097038268,0
101.84149670600893,0
101.84274077415466,0
101.84278893470764,0
101.85408997535706,0
101.85496377944946,0
101.8556854724884,0
101.8595371246338,0
101.85956001281738,0
101.85968208312988,0
101.8794937133789,0
101.87951850891112,0
101.8797538280487,0
101.883118391037,0
101.88355922698976,0
101.88359785079956,0
101.88365077972412,0
101.886944770813,0
101.88696002960204,0
101.88701701164246,0
101.8889410495758,0
101.88976454734802,0
101.8897898197174,0
101.88980078697205,0
101.89271068572998,0
101.89301443099976,0
101.89303708076476,0
101.89401936531068,0
101.90064978599548,0
101.90067481994627,0
101.90070009231567,0
101.919420003891,0
101.9194519519806,0
101.91946578025818,0
101.922593832016,0
101.9226188659668,0
101.9226553440094,0
101.92268991470335,0
101.92547583580016,0
101.92552280426024,0
101.92570090293884,0
101.92680644989014,0
101.92687559127808,0
101.9292345046997,0
101.92928314208984,0
101.93937921524048,0
101.93941307067873,0
101.9394268989563,0
101.96025013923644,0
101.9602870941162,0
101.96037006378174,0
101.96174478530884,0
101.96397590637208,0
101.96858525276184,0
101.97957921028136,0
101.97960495948792,0
101.97964811325072,0
101.98674869537354,0
101.98709058761597,0
101.98723721504211,0
101.98740005493164,0
101.98996710777284,0
101.9903073310852,0
101.9903440475464,0
101.99095869064332,0
101.99941635131836,0
101.99944877624512,0
101.99954795837402,0
102.01948809623718,0
102.01952505111694,0
102.0196602344513,0
102.0244119167328,0
102.03043389320374,0
102.03164219856262,0
102.03371930122375,0
102.03411769866943,0
102.03417634963988,0
102.03419709205627,0
102.03437733650208,0
102.03442907333374,0
102.03447699546814,0
102.0370478630066,0
102.03708529472352,0
102.0397481918335,0
102.0398247241974,0
102.03988122940063,0
102.03994131088255,0
102.0400321483612,0
102.06050610542296,0
102.0606050491333,0
102.06060695648192,0
102.07985281944276,0
102.08009004592896,0
102.08030438423155,0
102.08689498901369,0
102.09467482566832,0
102.09611558914185,0
102.09753942489624,0
102.09756541252136,0
102.09812092781068,0
102.09813857078552,0
102.09823203086852,0
102.09954261779784,0
102.09957027435304,0
102.09957551956175,0
102.10413765907288,0
102.10602688789368,0
102.1081063747406,0
102.11990189552309,0
102.11994481086732,0
102.12000966072084,0
102.12139678001404,0
102.12140011787416,0
102.12142300605774,0
102.1214246749878,0
102.12349390983582,0
102.12368083000185,0
102.12370896339417,0
102.12568283081056,0
102.12571787834167,0
102.13202929496764,0
102.1320686340332,0
102.14005064964294,0
102.14009046554564,0
102.14016079902648,0
102.15717077255248,0
102.15722727775574,0
102.1572515964508,0
102.15769863128662,0
102.15936589241028,0
102.15941953659058,0
102.15974354743958,0
102.15978741645812,0
102.1598572731018,0
102.16029715538023,0
102.16191363334656,0
102.17984700202942,0
102.1809148788452,0
102.18107771873474,0
102.18549156188963,0
102.1854956150055,0
102.18554639816284,0
102.18560409545898,0
102.18725872039796,0
102.18726205825806,0
102.18727898597716,0
102.1994264125824,0
102.19960975646973,0
102.1996419429779,0
102.22019863128662,0
102.22026300430298,0
102.2204430103302,0
102.24034476280212,0
102.24036312103271,0
102.24037551879884,0
102.26049637794496,0
102.26058340072632,0
102.26067185401917,0
102.2801194190979,0
102.28016591072084,0
102.2803168296814,0
102.2840542793274,0
102.30068254470824,0
102.30073237419128,0
102.30075311660768,0
102.30496406555176,0
102.3049910068512,0
102.30692195892334,0
102.3070273399353,0
102.30708360671996,0
102.30726456642152,0
102.31074619293211,0
102.31081128120422,0
102.31083631515504,0
102.31860661506651,0
102.31870722770692,0
102.3199906349182,0
102.32003688812256,0
102.32049250602722,0
102.32214307785034,0
102.3221960067749,0
102.32325434684752,0
102.34012413024902,0
102.34024739265442,0
102.34033584594728,0
102.3453333377838,0
102.34536147117616,0
102.34547185897829,0
102.3456220626831,0
102.34758424758913,0
102.3476083278656,0
102.34856796264648,0
102.34941506385805,0
102.34945726394652,0
102.3507001399994,0
102.35078048706056,0
102.3597800731659,0
102.3599636554718,0
102.360426902771,0
102.3613588809967,0
102.36526274681091,0
102.3653302192688,0
102.3816397190094,0
102.38170289993286,0
102.38175630569458,0
102.38437962532043,0
102.38459181785583,0
102.38465809822084,0
102.38478803634644,0
102.399432182312,0
102.39945220947266,0
102.39945769309998,0
102.4024498462677,0
102.40278887748718,0
102.40290188789368,0
102.40419054031372,0
102.40422868728638,0
102.4042944908142,0
102.40430855751038,0
102.40519452095032,0
102.40541172027588,0
102.40549993515016,0
102.40600037574768,0
102.415691614151,0
102.41572642326356,0
102.41665124893188,0
102.41671895980836,0
102.4173140525818,0
102.41734433174132,0
102.42146134376526,0
102.42149066925047,0
102.4215772151947,0
102.4353985786438,0
102.43548607826231,0
102.43551421165466,0
102.43766045570374,0
102.43789291381836,0
102.4395842552185,0
102.4396243095398,0
102.4396460056305,0
102.44649648666382,0
102.44673728942873,0
102.4597237110138,0
102.45976781845091,0
102.45979762077332,0
102.48002409934998,0
102.48006796836852,0
102.48008728027344,0
102.4863214492798,0
102.49169826507568,0
102.4919729232788,0
102.49200224876404,0
102.49205875396729,0
102.49568891525269,0
102.49574542045592,0
102.49578595161438,0
102.49993062019348,0
102.49996781349182,0
102.50009274482728,0
102.5002224445343,0
102.50197005271912,0
102.51278614997864,0
102.5201063156128,0
102.52014541625977,0
102.52027583122252,0
102.540363073349,0
102.54047226905824,0
102.54066443443298,0
102.5510880947113,0
102.55137157440186,0
102.5514235496521,0
102.5514805316925,0
102.55153369903564,0
102.55158495903017,0
102.55163645744324,0
102.55174779891968,0
102.5517966747284,0
102.55288434028624,0
102.55290389060974,0
102.55369663238524,0
102.55960655212402,0
102.55974984169006,0
102.55991649627686,0
102.5647041797638,0
102.57189083099364,0
102.58114409446716,0
102.58118748664856,0
102.5812783241272,0
102.5858507156372,0
102.58626079559326,0
102.5884759426117,0
102.5903754234314,0
102.5904049873352,0
102.59042119979858,0
102.5932195186615,0
102.5933644771576,0
102.59352254867554,0
102.59941697120668,0
102.59944558143616,0
102.599454164505,0
102.610187292099,0
102.61944556236269,0
102.6194839477539,0
102.61950016021729,0
102.63972187042236,0
102.63998436927795,0
102.64001607894896,0
102.64947962760924,0
102.64975714683531,0
102.64989376068117,0
102.64997911453248,0
102.66046118736269,0
102.66046142578124,0
102.66063690185548,0
102.66065311431883,0
102.66106390953064,0
102.66205263137816,0
102.67072200775146,0
102.67073845863342,0
102.67159986495972,0
102.67162728309631,0
102.67166137695312,0
102.67167568206789,0
102.67173457145692,0
102.67177510261536,0
102.67229557037354,0
102.6723973751068,0
102.67241930961607,0
102.6800389289856,0
102.68007445335388,0
102.68020057678224,0
102.6855447292328,0
102.69436264038086,0
102.6944088935852,0
102.69451785087584,0
102.69453644752502,0
102.6973147392273,0
102.69735169410706,0
102.69738626480104,0
102.69848275184631,0
102.69911241531372,0
102.69963216781616,0
102.6996521949768,0
102.6996660232544,0
102.719660282135,0
102.71970462799072,0
102.7197470664978,0
102.72671866416933,0
102.73608136177064,0
102.73669600486755,0
102.73673582077026,0
102.73789644241332,0
102.74046564102171,0
102.74050378799438,0
102.74055027961732,0
102.74144172668456,0
102.7416090965271,0
102.74168276786804,0
102.74262380599976,0
102.74265837669373,0
102.74435329437256,0
102.74436521530151,0
102.7601194381714,0
102.76016521453856,0
102.76018571853638,0
102.78152298927309,0
102.78156685829164,0
102.78168678283691,0
102.7896957397461,0
102.79973459243774,0
102.79976677894592,0
102.799809217453,0
102.80878257751463,0
102.80881333351137,0
102.8108296394348,0
102.81086230278017,0
102.81087732315063,0
102.81093883514404,0
102.81161189079285,0
102.81164336204527,0
102.8117003440857,0
102.81232476234436,0
102.81972050666808,0
102.82085752487184,0
102.82089066505432,0
102.83282089233398,0
102.83286356925964,0
102.8351984024048,0
102.83521223068236,0
102.83981609344482,0
102.8398597240448,0
102.8399543762207,0
102.85995554924013,0
102.85999751091003,0
102.86004638671876,0
102.88058018684389,0
102.88062167167664,0
102.8806483745575,0
102.8887221813202,0
102.89535307884216,0
102.89542198181152,0
102.89605569839478,0
102.89609479904176,0
102.89729166030884,0
102.8973069190979,0
102.8979878425598,0
102.90079855918884,0
102.90083241462708,0
102.90084528923036,0
102.90089082717896,0
102.90105390548706,0
102.9010705947876,0
102.90108275413512,0
102.9048125743866,0
102.90485262870789,0
102.90496468544006,0
102.90972828865053,0
102.91960859298706,0
102.9196298122406,0
102.91967964172365,0
102.94036412239076,0
102.94045114517212,0
102.94057750701904,0
102.95636177062988,0
102.95638704299928,0
102.95645999908449,0
102.95687627792358,0
102.9598264694214,0
102.96049284934998,0
102.96065402030943,0
102.96074557304382,0
102.960786819458,0
102.96162915229796,0
102.96412396430968,0
102.9797751903534,0
102.98002028465272,0
102.98005270957948,0
102.99543476104736,0
102.9967164993286,0
102.9967212677002,0
102.9979965686798,0
102.99806880950928,0
102.99884271621704,0
102.99965953826904,0
102.99969458580016,0
102.99975657463074,0
103.01988649368286,0
103.02062273025513,0
103.02067065238953,0
103.02109479904176,0
103.02114629745483,0
103.02228951454164,0
103.02250790596008,0
103.02656364440918,0
103.0266273021698,0
103.02664947509766,0
103.02671122550964,0
103.0277156829834,0
103.02772903442384,0
103.02775025367735,0
103.0374264717102,0
103.03983998298644,0
103.03985714912416,0
103.0409882068634,0
103.04103088378906,0
103.04297757148744,0
103.04444932937622,0
103.0444860458374,0
103.04650855064392,0
103.0465898513794,0
103.05198740959167,0
103.05974650382996,0
103.0597915649414,0
103.05981254577635,0
103.07984709739684,0
103.08037304878236,0
103.08041763305664,0
103.0906171798706,0
103.0906388759613,0
103.09095120429993,0
103.0910918712616,0
103.09126543998718,0
103.09129428863524,0
103.09136366844176,0
103.09314465522766,0
103.09972596168518,0
103.09975743293762,0
103.09985160827635,0
103.1043291091919,0
103.10472178459167,0
103.10510683059692,0
103.10512781143188,0
103.10582828521729,0
103.10597729682922,0
103.10599613189696,0
103.1079807281494,0
103.10799932479858,0
103.10801148414612,0
103.1080219745636,0
103.10861206054688,0
103.10862565040588,0
103.10864162445068,0
103.1144037246704,0
103.114413022995,0
103.11622500419617,0
103.11623859405518,0
103.1184012889862,0
103.11934065818788,0
103.1194097995758,0
103.11942219734192,0
103.1398115158081,0
103.13984441757202,0
103.13986706733704,0
103.15971636772156,0
103.1597616672516,0
103.1597776412964,0
103.16115593910216,0
103.1611704826355,0
103.16117882728577,0
103.16128754615784,0
103.16472673416138,0
103.16475367546082,0
103.16539072990416,0
103.16717791557312,0
103.17786288261414,0
103.1778736114502,0
103.17829465866087,0
103.17833423614502,0
103.17965459823608,0
103.17965650558472,0
103.17979264259338,0
103.18328166007996,0
103.18328881263731,0
103.18330597877502,0
103.19220781326294,0
103.2004327774048,0
103.20055508613586,0
103.2006368637085,0
103.21997833251952,0
103.22155809402466,0
103.22194314002992,0
103.23026156425476,0
103.2302622795105,0
103.23196864128111,0
103.2324116230011,0
103.23294472694396,0
103.23298501968384,0
103.2366213798523,0
103.23666334152222,0
103.23706936836244,0
103.2370901107788,0
103.23766541481018,0
103.23782396316528,0
103.23802638053894,0
103.23848724365234,0
103.23951935768127,0
103.23955917358398,0
103.23957633972168,0
103.24242401123048,0
103.25321865081789,0
103.25968551635742,0
103.25994563102722,0
103.25996685028076,0
103.28055691719057,0
103.28125,0
103.28127551078796,0
103.2919580936432,0
103.2919900417328,0
103.29199242591858,0
103.29201149940492,0
103.29216074943542,0
103.29218196868896,0
103.29219627380373,0
103.29221224784852,0
103.3001024723053,0
103.30012273788452,0
103.30015754699708,0
103.30181694030762,0
103.30244541168211,0
103.31953811645508,0
103.31961703300476,0
103.3196349143982,0
103.3317711353302,0
103.33180618286131,0
103.33187055587769,0
103.33189511299132,0
103.33206820487976,0
103.33209013938904,0
103.33217096328735,0
103.33337688446044,0
103.33339881896973,0
103.33341312408449,0
103.33347082138062,0
103.334543466568,0
103.33457565307616,0
103.33470487594604,0
103.33541250228882,0
103.3354423046112,0
103.3385705947876,0
103.3385844230652,0
103.34009122848512,0
103.34012293815611,0
103.3401381969452,0
103.34037375450134,0
103.35723757743835,0
103.3599123954773,0
103.3599498271942,0
103.36000037193298,0
103.36013317108154,0
103.36018466949464,0
103.36023950576782,0
103.36035561561584,0
103.36039924621582,0
103.36044430732728,0
103.37790560722352,0
103.380841255188,0
103.38088488578796,0
103.38322567939758,0
103.39971733093262,0
103.39972758293152,0
103.3997447490692,0
103.41997909545898,0
103.42002272605896,0
103.42008972167967,0
103.4247887134552,0
103.42481899261476,0
103.42549109458923,0
103.42558765411376,0
103.4259262084961,0
103.42596673965454,0
103.42652225494383,0
103.42654752731325,0
103.42909598350523,0
103.43976712226868,0
103.43981623649596,0
103.439843416214,0
103.4597704410553,0
103.45981240272522,0
103.4599220752716,0
103.4797112941742,0
103.47974514961244,0
103.47976303100586,0
103.49417281150818,0
103.49421310424805,0
103.4970519542694,0
103.4970703125,0
103.4979658126831,0
103.49999141693117,0
103.5001335144043,0
103.50013494491576,0
103.5043535232544,0
103.50438404083252,0
103.50447130203248,0
103.50470232963562,0
103.50890684127808,0
103.50957822799684,0
103.5103850364685,0
103.51122689247131,0
103.51770782470705,0
103.51945281028748,0
103.51951265335084,0
103.51965355873108,0
103.51967573165894,0
103.5248281955719,0
103.52485179901124,0
103.52980542182922,0
103.52983212471008,0
103.53965377807616,0
103.5396966934204,0
103.53986692428587,0
103.55384659767152,0
103.56175756454468,0
103.5617823600769,0
103.56185388565063,0
103.5808882713318,0
103.58114266395567,0
103.58120894432068,0
103.58785128593443,0
103.5886640548706,0
103.58999681472778,0
103.59004497528076,0
103.59712409973145,0
103.59800243377686,0
103.59822964668274,0
103.60147953033449,0
103.60158371925354,0
103.6016170978546,0
103.60170006752014,0
103.60231065750122,0
103.60232996940611,0
103.60234475135805,0
103.60631823539734,0
103.60643076896667,0
103.60645771026611,0
103.60647559165956,0
103.61987352371216,0
103.61990785598756,0
103.61991024017334,0
103.62713265419006,0
103.627206325531,0
103.62825012207033,0
103.62826418876648,0
103.62827706336977,0
103.62831425666808,0
103.6320984363556,0
103.63213229179382,0
103.63214826583862,0
103.6327338218689,0
103.6327555179596,0
103.63282489776611,0
103.63286447525024,0
103.63959980010986,0
103.63963866233826,0
103.63965630531312,0
103.64836430549622,0
103.65423774719238,0
103.65425872802734,0
103.6573088169098,0
103.65733051300047,0
103.6575140953064,0
103.65772223472597,0
103.65812849998474,0
103.66025042533876,0
103.66028833389282,0
103.66031169891356,0
103.66096019744872,0
103.6623260974884,0
103.66507887840272,0
103.66801762580872,0
103.67701435089111,0
103.68119668960573,0
103.6812138557434,0
103.68123388290404,0
103.69102120399477,0
103.69103932380676,0
103.69108629226685,0
103.69113564491272,0
103.69464039802553,0
103.69466471672058,0
103.69519257545473,0
103.69947361946106,0
103.69950294494627,0
103.6995153427124,0
103.70841884613036,0
103.71987819671632,0
103.7199161052704,0
103.71993374824524,0
103.73573589324953,0
103.73575067520142,0
103.73576474189758,0
103.73601508140564,0
103.73857975006104,0
103.73864030838013,0
103.73870515823364,0
103.74029898643494,0
103.74030089378356,0
103.74035477638245,0
103.75902986526488,0
103.75906991958618,0
103.76024603843688,0
103.7602880001068,0
103.76030921936037,0
103.76129269599916,0
103.76137113571168,0
103.76238203048706,0
103.77983236312866,0
103.77990651130676,0
103.7799196243286,0
103.7919454574585,0
103.79196667671204,0
103.79199028015135,0
103.79210305213928,0
103.79710245132446,0
103.79717445373537,0
103.79723882675172,0
103.79731726646423,0
103.797340631485,0
103.79735589027403,0
103.79743075370789,0
103.79891800880432,0
103.79989099502563,0
103.7999255657196,0
103.80071640014648,0
103.80075001716614,0
103.80139112472534,0
103.80186629295348,0
103.80669450759888,0
103.8105330467224,0
103.8196301460266,0
103.81967258453368,0
103.81969237327576,0
103.82709693908691,0
103.82716870307922,0
103.84006905555724,0
103.84011697769164,0
103.84013724327087,0
103.86025977134705,0
103.86079621315002,0
103.86088466644289,0
103.86393308639526,0
103.8639783859253,0
103.8639998435974,0
103.86402177810668,0
103.86713433265686,0
103.8671543598175,0
103.86716628074646,0
103.86871480941772,0
103.86874651908876,0
103.87716794013976,0
103.87718796730042,0
103.8802592754364,0
103.88027906417848,0
103.88036704063416,0
103.899906873703,0
103.8999092578888,0
103.89992308616638,0
103.91964077949524,0
103.91971921920776,0
103.91973781585692,0
103.919753074646,0
103.93278574943542,0
103.93283891677856,0
103.9328591823578,0
103.93290829658508,0
103.93598866462708,0
103.9360167980194,0
103.93608736991882,0
103.93956875801086,0
103.93960523605348,0
103.93960666656494,0
103.96105885505676,0
103.96111416816711,0
103.96111679077148,0
103.96863341331482,0
103.96868467330933,0
103.97136521339417,0
103.9716203212738,0
103.97352862358092,0
103.97535586357117,0
103.97987127304076,0
103.97992444038393,0
103.97992610931396,0
103.99190831184389,0
104.0003113746643,0
104.00035119056702,0
104.00041651725768,0
104.0062141418457,0
104.00624012947084,0
104.006254196167,0
104.0086944103241,0
104.00874400138856,0
104.00876188278198,0
104.0088312625885,0
104.01101064682008,0
104.01174426078796,0
104.01982474327087,0
104.019855260849,0
104.01997423171996,0
104.02152514457704,0
104.02158665657043,0
104.0249321460724,0
104.0250895023346,0
104.02802801132202,0
104.0280499458313,0
104.0280613899231,0
104.02811574935912,0
104.03411507606506,0
104.03412771224976,0
104.0342013835907,0
104.03421449661256,0
104.03422689437866,0
104.03619194030762,0
104.0363929271698,0
104.0414297580719,0
104.0414559841156,0
104.04146695137024,0
104.05240392684937,0
104.0524332523346,0
104.0524435043335,0
104.05245327949524,0
104.05394649505617,0
104.05397462844849,0
104.05406498908997,0
104.0596203804016,0
104.05965614318848,0
104.05986618995668,0
104.0732035636902,0
104.07979393005373,0
104.07982134819032,0
104.07983469963074,0
104.09659218788148,0
104.09660744667052,0
104.09665584564208,0
104.09678030014038,0
104.09679436683656,0
104.0968053340912,0
104.09681725502014,0
104.0994517803192,0
104.09946656227112,0
104.09951066970824,0
104.11940717697144,0
104.11943650245668,0
104.11943697929382,0
104.12902355194092,0
104.139671087265,0
104.13970375061037,0
104.13971757888794,0
104.15967893600464,0
104.15972447395325,0
104.159743309021,0
104.17390704154968,0
104.1739900112152,0
104.17687129974364,0
104.17743587493896,0
104.17873787879944,0
104.17881178855896,0
104.17888569831848,0
104.18082070350648,0
104.1808614730835,0
104.18124628067017,0
104.18241548538208,0
104.18245244026184,0
104.1890709400177,0
104.18913865089417,0
104.18915939331056,0
104.19560289382936,0
104.19565391540527,0
104.19566988945007,0
104.19568347930908,0
104.20185780525208,0
104.20188570022584,0
104.202130317688,0
104.20947980880736,0
104.20956754684448,0
104.21014904975893,0
104.21359539031982,0
104.21807289123537,0
104.21813130378725,0
104.21991896629332,0
104.21994686126708,0
104.21995544433594,0
104.22154831886292,0
104.2215769290924,0
104.22160148620604,0
104.22165369987488,0
104.2239408493042,0
104.22398042678832,0
104.22399425506592,0
104.23186564445496,0
104.23471570014954,0
104.23474764823914,0
104.234783411026,0
104.2396776676178,0
104.23970413208008,0
104.2397141456604,0
104.25957345962524,0
104.25959849357604,0
104.25960922241212,0
104.2796139717102,0
104.2796401977539,0
104.27965807914734,0
104.29333281517027,0
104.30069375038148,0
104.30075597763062,0
104.30079627037048,0
104.30142879486084,0
104.3014407157898,0
104.30158114433289,0
104.30159616470335,0
104.30160880088806,0
104.30162143707275,0
104.30162262916564,0
104.30174517631532,0
104.30179738998412,0
104.30194330215454,0
104.3020749092102,0
104.30208992958067,0
104.30211067199708,0
104.30302929878236,0
104.31926894187929,0
104.31929326057434,0
104.31934094429016,0
104.33816385269164,0
104.33819079399107,0
104.33828997612,0
104.338401556015,0
104.3393874168396,0
104.33955478668211,0
104.3395698070526,0
104.34031772613524,0
104.34034538269044,0
104.34091448783876,0
104.34170460700987,0
104.3417317867279,0
104.35580110549928,0
104.35591197013856,0
104.35674691200256,0
104.35987782478333,0
104.3599169254303,0
104.35998630523682,0
104.36132454872131,0
104.37980818748474,0
104.38000059127808,0
104.38008713722228,0
104.38978004455566,0
104.3994357585907,0
104.39948964118958,0
104.39976406097412,0
104.40002512931824,0
104.400048494339,0
104.40006303787231,0
104.40030670166016,0
104.40032362937929,0
104.40033769607544,0
104.40046572685242,0
104.40105938911438,0
104.40140891075134,0
104.41082525253296,0
104.4195728302002,0
104.41959834098816,0
104.4196000099182,0
104.4395318031311,0
104.43955707550047,0
104.44050073623656,0
104.44687366485596,0
104.44689631462096,0
104.44864678382874,0
104.4507508277893,0
104.45079708099364,0
104.451025724411,0
104.45144891738892,0
104.45208477973938,0
104.45220947265624,0
104.45284795761108,0
104.45304346084596,0
104.45404767990112,0
104.45430612564088,0
104.45528292655943,0
104.4593470096588,0
104.45940232276917,0
104.45958065986632,0
104.46021842956544,0
104.4762191772461,0
104.47992372512816,0
104.47994065284728,0
104.47995209693909,0
104.4829716682434,0
104.48300909996031,0
104.48303604125977,0
104.4844536781311,0
104.4968605041504,0
104.49686241149902,0
104.4968740940094,0
104.49997615814208,0
104.50001096725464,0
104.50001931190492,0
104.5004460811615,0
104.50903654098512,0
104.5091700553894,0
104.50921440124512,0
104.50932788848876,0
104.51934719085692,0
104.51937794685364,0
104.5199737548828,0
104.54067206382751,0
104.54070854187012,0
104.54070901870728,0
104.54137969017027,0
104.54141616821288,0
104.54147744178772,0
104.54331755638124,0
104.54363584518433,0
104.54513812065125,0
104.5452036857605,0
104.54728722572328,0
104.547345161438,0
104.54746508598328,0
104.5474820137024,0
104.5541079044342,0
104.5541741847992,0
104.55419731140135,0
104.55645179748537,0
104.56007647514345,0
104.5601098537445,0
104.56012439727785,0
104.5799639225006,0
104.57999515533449,0
104.579998254776,0
104.5845592021942,0
104.58457684516908,0
104.58474063873292,0
104.58476328849792,0
104.58780336380003,0
104.5879364013672,0
104.58796000480652,0
104.60017442703248,0
104.60020613670348,0
104.6002197265625,0
104.61730813980104,0
104.61961579322816,0
104.6196448802948,0
104.6196563243866,0
104.62601780891418,0
104.62608575820924,0
104.62874937057497,0
104.62877869606018,0
104.6287920475006,0
104.63071584701538,0
104.63581871986388,0
104.63584113121031,0
104.63602948188782,0
104.63765358924866,0
104.63768005371094,0
104.63940262794496,0
104.6394898891449,0
104.642329454422,0
104.6423568725586,0
104.6594889163971,0
104.65951561927795,0
104.6595253944397,0
104.67928218841551,0
104.67930579185486,0
104.67933821678162,0
104.70040273666382,0
104.70043206214903,0
104.70045852661131,0
104.7098627090454,0
104.7194151878357,0
104.71944785118104,0
104.71946740150452,0
104.73719310760498,0
104.7372224330902,0
104.73998188972472,0
104.74002146720886,0
104.74004173278809,0
104.74014854431152,0
104.74032950401306,0
104.74034881591795,0
104.74040842056274,0
104.74042987823486,0
104.74060320854188,0
104.75999474525452,0
104.76003909111024,0
104.76005792617798,0
104.76116275787354,0
104.76305890083312,0
104.76310420036316,0
104.76571106910706,0
104.76573133468628,0
104.77989363670348,0
104.77993774414062,0
104.78029203414916,0
104.7944314479828,0
104.79963397979736,0
104.79967999458312,0
104.80139875411987,0
104.8044819831848,0
104.80522727966309,0
104.80652952194214,0
104.80891966819765,0
104.80895495414734,0
104.8089554309845,0
104.81258988380432,0
104.8126208782196,0
104.81359672546388,0
104.81489062309264,0
104.81492686271667,0
104.81795835494997,0
104.817964553833,0
104.8203694820404,0
104.82040023803712,0
104.82041478157043,0
104.82484030723572,0
104.8248541355133,0
104.824942111969,0
104.82506728172302,0
104.82706570625304,0
104.82707834243774,0
104.82707977294922,0
104.8270947933197,0
104.8395698070526,0
104.83959484100342,0
104.83959627151488,0
104.84073305130003,0
104.84158182144164,0
104.84239625930786,0
104.8423981666565,0
104.8435730934143,0
104.84516644477844,0
104.85951471328735,0
104.85953998565674,0
104.8595733642578,0
104.8697612285614,1
104.87948536872864,1
104.87951159477234,1
104.87954568862916,1
104.88455271720886,1
104.90102624893188,1
104.9010603427887,1
104.90107417106628,1
104.901704788208,1
104.90185475349426,1
104.90197539329527,1
104.90203404426576,1
104.90218877792358,1
104.9022331237793,1
104.90224742889404,1
104.90538048744202,1
104.90893173217772,1
104.91015434265135,1
104.9148542881012,1
104.91487407684326,1
104.91504216194151,1
104.91506695747375,1
104.91671299934389,1
104.91704750061037,1
104.9170732498169,1
104.91925287246704,1
104.91927766799928,1
104.9192886352539,1
104.93010711669922,1
104.93013119697572,1
104.939954996109,1
104.94000601768494,1
104.94006299972534,1
104.9500024318695,1
104.95063591003418,1
104.95099401474,1
104.95180344581604,1
104.95944142341614,1
104.95950961112976,1
104.95997214317322,1
104.98014783859252,1
104.98019075393675,1
104.98021268844604,1
104.9938313961029,1
104.999840259552,1
105.00026869773863,1
105.00028467178343,1
105.00494766235352,1
105.00498461723328,1
105.0050446987152,1
105.00510048866272,1
105.0056893825531,1
105.00576210021973,1
105.00930738449097,1
105.00932908058168,1
105.0099322795868,1
105.01196146011353,1
105.01554369926453,1
105.01732301712036,1
105.01979994773863,1
105.01983308792114,1
105.01984572410583,1
105.02361392974854,1
105.03157210350037,1
105.03163266181946,1
105.03165435791016,1
105.03166604042052,1
105.0331301689148,1
105.03335404396056,1
105.03337812423706,1
105.03515195846558,1
105.0351927280426,1
105.03842282295228,1
105.03846073150636,1
105.03949451446532,1
105.03952264785768,1
105.03953409194946,1
105.04111003875732,1
105.04112386703493,1
105.04112601280212,1
105.04113364219666,1
105.04763889312744,1
105.04765248298644,1
105.04773807525636,1
105.0629460811615,1
105.06297588348389,1
105.06298828125,1
105.07971572875977,1
105.07974982261658,1
105.07976150512695,1
105.08363175392152,1
105.08901834487916,1
105.08903813362122,1
105.08909058570862,1
105.0891454219818,1
105.09482645988464,1
105.09514665603638,1
105.0952410697937,1
105.09549045562744,1
105.10022974014282,1
105.10027647018433,1
105.10031318664552,1
105.11427211761476,1
105.11428213119508,1
105.11429238319396,1
105.11519598960876,1
105.11635041236876,1
105.1164927482605,1
105.11653923988342,1
105.11933732032776,1
105.11936330795288,1
105.11936354637146,1
105.1314492225647,1
105.1314778327942,1
105.13335609436037,1
105.13338327407835,1
105.13932609558104,1
105.13935542106628,1
105.13940954208374,1
105.15948271751404,1
105.15952062606812,1
105.15953612327576,1
105.17945313453674,1
105.1794810295105,1
105.17950296401978,1
105.1852684020996,1
105.19380259513856,1
105.19382667541504,1
105.19408893585204,1
105.19411087036131,1
105.19412660598756,1
105.19412851333618,1
105.1941463947296,1
105.19960737228394,1
105.1996397972107,1
105.19971466064452,1
105.21980929374696,1
105.21981263160706,1
105.21984672546388,1
105.23647665977478,1
105.23974180221558,1
105.23978781700134,1
105.23999047279358,1
105.2435233592987,1
105.24386596679688,1
105.24791860580444,1
105.24794459342957,1
105.24801445007324,1
105.24803948402403,1
105.25843954086304,1
105.25853991508484,1
105.25857639312744,1
105.25988030433656,1
105.26007318496704,1
105.2601191997528,1
105.26280069351196,1
105.26297640800476,1
105.2668149471283,1
105.26684284210204,1
105.27325391769408,1
105.2769811153412,1
105.28006720542908,1
105.28011441230774,1
105.28013563156128,1
105.299782037735,1
105.3008587360382,1
105.3008952140808,1
105.3050820827484,1
105.31946802139282,1
105.31949615478516,1
105.3208553791046,1
105.32504034042358,1
105.3251566886902,1
105.32518649101256,1
105.32535481452942,1
105.3277108669281,1
105.32773733139038,1
105.32780122756958,1
105.32888507843018,1
105.32891535758972,1
105.32908415794373,1
105.32911777496338,1
105.3306496143341,1
105.33068442344666,1
105.33119821548462,1
105.33124709129332,1
105.33913445472716,1
105.33954977989195,1
105.33957743644714,1
105.3396451473236,1
105.3402681350708,1
105.34231781959534,1
105.34233379364014,1
105.34237933158876,1
105.35407590866087,1
105.35963892936708,1
105.35965538024902,1
105.35967540740968,1
105.37015891075134,1
105.37635564804076,1
105.37951111793518,1
105.37954473495483,1
105.37962317466736,1
105.4003927707672,1
105.40043139457704,1
105.40048003196716,1
105.4046220779419,1
105.40463781356812,1
105.40717911720276,1
105.40939164161682,1
105.4094741344452,1
105.41022777557372,1
105.41124820709229,1
105.41128206253052,1
105.41146683692932,1
105.41146874427795,1
105.4197235107422,1
105.41976189613342,1
105.41978216171265,1
105.4395830631256,1
105.43962502479552,1
105.43970084190369,1
105.46005964279176,1
105.46010518074036,1
105.46011686325072,1
105.46050119400024,1
105.46207547187804,1
105.46212434768675,1
105.46219611167908,1
105.46626830101012,1
105.46635317802428,1
105.46644449234007,1
105.46865701675416,1
105.46872878074646,1
105.47606563568117,1
105.47612857818604,1
105.47774481773376,1
105.48060059547424,1
105.48114609718324,1
105.48126816749571,1
105.49569869041444,1
105.49573063850404,1
105.49578595161438,1
105.49764633178712,1
105.49948072433472,1
105.49979591369627,1
105.49981927871704,1
105.52030277252196,1
105.52038335800172,1
105.52058339118958,1
105.52155137062071,1
105.52159643173218,1
105.5216670036316,1
105.52296018600464,1
105.52298617362976,1
105.52367973327635,1
105.53807497024536,1
105.53811049461363,1
105.53812623023988,1
105.53814697265624,1
105.54072070121764,1
105.54076027870178,1
105.5410053730011,1
105.5410542488098,1
105.5410737991333,1
105.54984426498412,1
105.54985117912292,1
105.5520966053009,1
105.55213046073914,1
105.55213069915771,1
105.5522346496582,1
105.55962014198305,1
105.55966806411745,1
105.55968642234802,1
105.57877779006958,1
105.57879877090454,1
105.57883095741272,1
105.57960200309752,1
105.58148431777954,1
105.58153748512268,1
105.5815601348877,1
105.6000154018402,1
105.60009598731996,1
105.60016059875488,1
105.60653376579285,1
105.60661673545836,1
105.60815143585204,1
105.6088089942932,1
105.6088297367096,1
105.60884618759157,1
105.61247515678406,1
105.61250472068788,1
105.61338496208192,1
105.6199586391449,1
105.62006664276124,1
105.62009191513062,1
105.62977528572084,1
105.63754963874815,1
105.64127278327942,1
105.64170813560486,1
105.64173984527588,1
105.64216089248656,1
105.64308309555054,1
105.64311933517456,1
105.64376997947691,1
105.64378786087036,1
105.64603209495544,1
105.6470501422882,1
105.64707970619202,1
105.65150570869446,1
105.65153646469116,1
105.653058052063,1
105.66015672683716,1
105.66018390655518,1
105.66025471687315,1
105.6720917224884,1
105.67212557792664,1
105.67214131355286,1
105.67215824127196,1
105.67749047279358,1
105.67753076553343,1
105.67768955230711,1
105.67770957946776,1
105.67772698402403,1
105.68017387390135,1
105.68023204803468,1
105.68025255203248,1
105.6867175102234,1
105.68764805793762,1
105.6998643875122,1
105.6998770236969,1
105.69987726211548,1
105.69987893104552,1
105.70090746879578,1
105.7030975818634,1
105.70311784744264,1
105.7031717300415,1
105.70892834663393,1
105.70894742012024,1
105.70954990386964,1
105.71947121620178,1
105.71949434280396,1
105.71952962875366,1
105.7354588508606,1
105.73549604415894,1
105.73772644996644,1
105.73775935173036,1
105.73974871635436,1
105.73978161811829,1
105.7397837638855,1
105.75011467933656,1
105.75949716567992,1
105.7596025466919,1
105.75976920127869,1
105.780864238739,1
105.7809407711029,1
105.7810959815979,1
105.80013155937196,1
105.80017137527466,1
105.80031704902648,1
105.80034255981444,1
105.80041265487672,1
105.80048441886902,1
105.80110049247742,1
105.80857801437378,1
105.80860328674316,1
105.80932331085204,1
105.8110716342926,1
105.8111171722412,1
105.81113123893738,1
105.81116819381714,1
105.81160855293274,1
105.81177163124084,1
105.81177997589111,1
105.81180143356325,1
105.81696200370789,1
105.81711387634276,1
105.82248306274414,1
105.82252311706544,1
105.82258534431458,1
105.82261157035828,1
105.8227105140686,1
105.82273435592651,1
105.82281136512756,1
105.8231828212738,1
105.82326078414916,1
105.82331919670104,1
105.82335901260376,1
105.82344317436218,1
105.82550978660583,1
105.82557725906372,1
105.83842873573305,1
105.83985257148744,1
105.83989334106444,1
105.83991146087646,1
105.8447403907776,1
105.8456254005432,1
105.84566140174866,1
105.84574007987976,1
105.84754633903503,1
105.84760570526124,1
105.84771823883057,1
105.85999202728271,1
105.86003279685974,1
105.8600845336914,1
105.87085008621216,1
105.88211154937744,1
105.88213109970091,1
105.8824245929718,1
105.8850462436676,1
105.89988160133362,1
105.89992427825928,1
105.89992785453796,1
105.9077763557434,1
105.90780305862428,1
105.90799927711488,1
105.90802335739136,1
105.91158270835876,1
105.91159629821776,1
105.91160988807678,1
105.91279935836792,1
105.91338562965392,1
105.91671323776244,1
105.92126989364624,1
105.921284198761,1
105.92129802703856,1
105.93027091026306,1
105.930330991745,1
105.93037462234496,1
105.93041157722472,1
105.940940618515,1
105.94097018241882,1
105.94102144241332,1
105.95985531806946,1
105.95989346504211,1
105.95993614196776,1
105.97991609573364,1
105.97996854782104,1
105.97998929023744,1
105.99472975730896,1
105.9947624206543,1
105.994868516922,1
105.99673295021056,1
105.99699234962463,1
105.9989891052246,1
105.99902272224426,1
105.9998881816864,1
105.99995303153992,1
105.99995636940002,1
106.00096845626832,1
106.01438021659852,1
106.01447653770448,1
106.01722311973572,1
106.01724219322205,1
106.01822805404665,1
106.0182592868805,1
106.0199737548828,1
106.02000403404236,1
106.02043294906616,1
106.0207405090332,1
106.020813703537,1
106.02082633972168,1
106.02083921432497,1
106.02102446556091,1
106.02123308181764,1
106.02125978469849,1
106.02148699760436,1
106.02209496498108,1
106.03961515426636,1
106.03965997695924,1
106.0397596359253,1
106.04881262779236,1
106.04881310462952,1
106.0488736629486,1
106.0488748550415,1
106.0532283782959,1
106.053373336792,1
106.05344319343568,1
106.05421566963196,1
106.054260969162,1
106.05606341362,1
106.05631923675536,1
106.05709862709044,1
106.0602321624756,1
106.06027579307556,1
106.06033754348756,1
106.06149411201476,1
106.08005356788637,1
106.08013105392456,1
106.08017563819884,1
106.08312582969666,1
106.08827090263368,1
106.09280848503111,1
106.09282922744752,1
106.0931339263916,1
106.09331512451172,1
106.09333610534668,1
106.09351921081544,1
106.10002613067628,1
106.10005450248718,1
106.10013818740843,1
106.10301184654236,1
106.10711073875429,1
106.10930252075195,1
106.11600661277772,1
106.11707544326782,1
106.11708664894104,1
106.11708784103394,1
106.11858057975768,1
106.11859273910522,1
106.11860513687134,1
106.11953377723694,1
106.11955404281616,1
106.11957049369812,1
106.13192582130432,1
106.13194155693054,1
106.1333999633789,1
106.13377594947816,1
106.1395387649536,1
106.13956999778748,1
106.13962006568909,1
106.15939593315125,1
106.15943503379822,1
106.16003823280334,1
106.17979407310486,1
106.17983627319336,1
106.17990612983704,1
106.19611835479736,1
106.1999897956848,1
106.20002150535583,1
106.20010566711426,1
106.20466947555542,1
106.20575737953186,1
106.208487033844,1
106.2085702419281,1
106.20864057540894,1
106.20948243141174,1
106.2129409313202,1
106.21328377723694,1
106.2134895324707,1
106.21423029899596,1
106.21979641914368,1
106.21983337402344,1
106.21986484527588,1
106.22317695617676,1
106.22320866584778,1
106.22326612472534,1
106.22348141670228,1
106.23542189598083,1
106.23561501502992,1
106.2356412410736,1
106.23766446113586,1
106.23769998550416,1
106.23932075500488,1
106.2394495010376,1
106.23946714401244,1
106.24001622200012,1
106.24004697799684,1
106.25238537788393,1
106.25242447853088,1
106.25244545936584,1
106.25246477127077,1
106.25481939315796,1
106.25486040115356,1
106.25501036643982,1
106.2597427368164,1
106.2597861289978,1
106.25980401039124,1
106.27712845802309,1
106.279767036438,1
106.27988600730896,1
106.27998399734496,1
106.28846979141235,1
106.28857684135436,1
106.28859353065492,1
106.28968000411987,1
106.29963612556458,1
106.29968237876892,1
106.2997579574585,1
106.30066967010498,1
106.30092477798462,1
106.30129361152648,1
106.30573415756226,1
106.31069159507751,1
106.31072282791138,1
106.31083059310912,1
106.31085085868835,1
106.3185670375824,1
106.31858158111572,1
106.31859636306764,1
106.32097125053406,1
106.32098650932312,1
106.32100129127502,1
106.32974815368652,1
106.32977509498596,1
106.33970594406128,1
106.33973050117493,1
106.33976078033449,1
106.35142183303832,1
106.35157561302184,1
106.3539686203003,1
106.35996556282043,1
106.36021518707275,1
106.36044430732728,1
106.37383365631104,1
106.38045716285706,1
106.38068795204164,1
106.3807168006897,1
106.404887676239,1
106.40500593185423,1
106.40502333641052,1
106.405038356781,1
106.40512776374815,1
106.40515971183775,1
106.4051957130432,1
106.4052345752716,1
106.40527200698853,1
106.40530943870544,1
106.4053990840912,1
106.4064474105835,1
106.4067611694336,1
106.41019415855408,1
106.41955065727234,1
106.41962432861328,1
106.41970491409302,1
106.4261999130249,1
106.43151712417604,1
106.43160891532898,1
106.43280100822447,1
106.43315839767456,1
106.43317794799805,1
106.4332332611084,1
106.43643260002136,1
106.43644046783449,1
106.43722009658812,1
106.4385268688202,1
106.43855953216551,1
106.43980741500854,1
106.43982768058775,1
106.43987894058228,1
106.45968389511108,1
106.45968413352966,1
106.45972990989684,1
106.46108555793762,1
106.46109414100648,1
106.46245408058168,1
106.4656138420105,1
106.4814066886902,1
106.48741221427916,1
106.48745822906494,1
106.48902678489684,1
106.4890878200531,1
106.48930716514587,1
106.48941040039062,1
106.48958539962769,1
106.50019073486328,1
106.5002212524414,1
106.50024580955504,1
106.506737947464,1
106.50800156593324,1
106.50956320762634,1
106.50984907150269,1
106.50998067855836,1
106.51004934310912,1
106.510315656662,1
106.51614880561829,1
106.51635026931764,1
106.51660084724426,1
106.51928997039796,1
106.52168154716492,1
106.52171540260316,1
106.52176547050476,1
106.53658843040466,1
106.53682470321657,1
106.53698182106018,1
106.53700852394104,1
106.53990507125854,1
106.53993320465088,1
106.53994607925416,1
106.54264640808104,1
106.54266619682312,1
106.5426709651947,1
106.55724596977234,1
106.55728268623352,1
106.55972528457642,1
106.5597631931305,1
106.55978274345398,1
106.55979919433594,1
106.55981421470642,1
106.56081175804138,1
106.58019757270812,1
106.58041334152222,1
106.5804660320282,1
106.60027956962584,1
106.60032987594604,1
106.60044145584106,1
106.61980032920836,1
106.61984896659852,1
106.61986589431764,1
106.62862157821657,1
106.62906622886658,1
106.63121008872986,1
106.63125252723694,1
106.63127374649048,1
106.6314251422882,1
106.63370013237,1
106.63376522064208,1
106.63380813598631,1
106.6360821723938,1
106.64069771766664,1
106.64073252677916,1
106.64099025726318,1
106.64172625541688,1
106.64197731018066,1
106.64449644088744,1
106.64462184906006,1
106.66026258468628,1
106.66036820411682,1
106.66038966178894,1
106.67417621612547,1
106.68194103240968,1
106.68196439743042,1
106.68273615837096,1
106.69962096214294,1
106.70029735565186,1
106.70036482810974,1
106.70243072509766,1
106.70270490646362,1
106.70278406143188,1
106.70389485359192,1
106.70498991012572,1
106.70511770248412,1
106.70532083511353,1
106.70558214187622,1
106.72014021873474,1
106.72017240524292,1
106.72018790245056,1
106.7265121936798,1
106.72653317451476,1
106.72654843330383,1
106.72846913337708,1
106.72866821289062,1
106.72891139984132,1
106.72897028923036,1
106.73082280158997,1
106.73085689544678,1
106.7317156791687,1
106.7317636013031,1
106.7358648777008,1
106.73589515686037,1
106.73590779304504,1
106.73612594604492,1
106.7375078201294,1
106.737539768219,1
106.7378227710724,1
106.7380895614624,1
106.73934841156006,1
106.73950958251952,1
106.73953652381896,1
106.75971722602844,1
106.75975775718688,1
106.7597599029541,1
106.78013682365416,1
106.78023505210876,1
106.78142476081848,1
106.79383301734924,1
106.79387998580933,1
106.79390048980711,1
106.79392504692078,1
106.8077585697174,1
106.80777883529665,1
106.80785083770752,1
106.8080620765686,1
106.80808210372923,1
106.80815052986144,1
106.81116700172424,1
106.81135272979736,1
106.81143283843994,1
106.82080817222597,1
106.82083535194396,1
106.82097101211548,1
106.82247352600098,1
106.82248783111572,1
106.82249784469604,1
106.82251477241516,1
106.82446384429932,1
106.82450127601624,1
106.82453942298888,1
106.8270812034607,1
106.82711982727052,1
106.8295567035675,1
106.82961320877077,1
106.83047318458556,1
106.84009265899658,1
106.84012627601624,1
106.84018230438232,1
106.85241603851318,1
106.85242414474487,1
106.85959506034852,1
106.8596167564392,1
106.859637260437,1
106.87022829055786,1
106.87987804412842,1
106.87992095947266,1
106.87993860244752,1
106.89218997955322,1
106.89244675636292,1
106.892596244812,1
106.89267945289612,1
106.8971118927002,1
106.897145986557,1
106.89957857131958,1
106.89961647987366,1
106.8996331691742,1
106.90448498725893,1
106.90455651283264,1
106.90703392028809,1
106.91600275039671,1
106.91934728622437,1
106.91938018798828,1
106.919438123703,1
106.94267129898073,1
106.94269108772278,1
106.94281077384947,1
106.94730186462402,1
106.94767236709596,1
106.94833183288574,1
106.94837021827698,1
106.95573949813844,1
106.95583534240724,1
106.95591616630554,1
106.95669388771056,1
106.95683670043944,1
106.95699667930604,1
106.95701789855956,1
106.95817685127258,1
106.96017408370972,1
106.96017479896544,1
106.96021771430968,1
106.97962951660156,1
106.979731798172,1
106.97975587844849,1
106.99621200561523,1
106.99798464775084,1
106.99807357788086,1
106.99815559387208,1
107.00028896331789,1
107.000337600708,1
107.00075721740724,1
107.00631308555604,1
107.00638055801392,1
107.0069727897644,1
107.00827026367188,1
107.00831055641174,1
107.00831699371338,1
107.00832509994508,1
107.00963354110718,1
107.00985145568848,1
107.00987720489502,1
107.01219940185548,1
107.01992630958556,1
107.01996159553528,1
107.01997756958008,1
107.0208113193512,1
107.02082920074464,1
107.0240581035614,1
107.02589321136476,1
107.02590990066528,1
107.02592492103577,1
107.02594113349916,1
107.0259883403778,1
107.02620887756348,1
107.0274407863617,1
107.03068256378174,1
107.03237771987916,1
107.03373146057127,1
107.03402042388916,1
107.03552341461182,1
107.03561115264893,1
107.03940081596376,1
107.03943181037904,1
107.03945589065552,1
107.05152678489684,1
107.05961775779724,1
107.05966234207152,1
107.05968070030212,1
107.07999444007874,1
107.08006381988524,1
107.08006620407104,1
107.0877480506897,1
107.08791637420654,1
107.08822560310364,1
107.08825445175172,1
107.09357690811156,1
107.09455442428587,1
107.09492182731628,1
107.09993743896484,1
107.09993863105774,1
107.09995436668396,1
107.11058139801024,1
107.12031722068788,1
107.1203591823578,1
107.12037587165833,1
107.13978934288023,1
107.13983869552612,1
107.13989210128784,1
107.16012501716614,1
107.16018557548524,1
107.1601860523224,1
107.17004871368408,1
107.17010498046876,1
107.17339897155762,1
107.17345809936523,1
107.17353558540344,1
107.17362022399902,1
107.17370867729188,1
107.17563390731812,1
107.18190383911131,1
107.18199038505554,1
107.18216371536256,1
107.18310594558716,1
107.1835401058197,1
107.18360304832458,1
107.19419288635254,1
107.19436430931091,1
107.19588923454285,1
107.19991302490234,1
107.19994068145752,1
107.199964761734,1
107.20226740837096,1
107.21027326583862,1
107.21032238006592,1
107.21448373794556,1
107.21453309059144,1
107.21464729309082,1
107.2146701812744,1
107.22007846832275,1
107.22010827064514,1
107.22012090682983,1
107.22014307975768,1
107.22125339508057,1
107.22134065628052,1
107.22470808029176,1
107.22473645210266,1
107.22479963302612,1
107.22481536865234,1
107.22494292259216,1
107.22496008872986,1
107.2250964641571,1
107.23598027229308,1
107.23620200157166,1
107.24061822891235,1
107.2406485080719,1
107.24090313911438,1
107.242742061615,1
107.24282097816469,1
107.24441123008728,1
107.25754761695862,1
107.2583634853363,1
107.25839734077454,1
107.25845289230348,1
107.2601351737976,1
107.26015496253969,1
107.26019787788393,1
107.2602186203003,1
107.2602949142456,1
107.26174330711363,1
107.27405643463136,1
107.2797462940216,1
107.279953956604,1
107.28000378608704,1
107.2949514389038,1
107.29501032829285,1
107.2950201034546,1
107.29503726959229,1
107.29999470710754,1
107.30003571510316,1
107.3003740310669,1
107.31474447250366,1
107.31476593017578,1
107.31515264511108,1
107.3172013759613,1
107.31961750984192,1
107.3196506500244,1
107.3196666240692,1
107.320707321167,1
107.33981657028198,1
107.33985996246338,1
107.33986020088196,1
107.34085416793825,1
107.34121656417848,1
107.35611772537231,1
107.35615015029909,1
107.35838580131532,1
107.36108899116516,1
107.36110424995422,1
107.3611216545105,1
107.36798357963562,1
107.36807465553284,1
107.36808609962463,1
107.3681046962738,1
107.37453413009644,1
107.38196206092834,1
107.38200688362122,1
107.38208103179932,1
107.38281273841858,1
107.38292741775513,1
107.3829538822174,1
107.38558435440063,1
107.39495611190796,1
107.39499402046204,1
107.39970111846924,1
107.3997356891632,1
107.39973759651184,1
107.41940999031068,1
107.4194347858429,1
107.41943788528442,1
107.42642521858215,1
107.42642664909364,1
107.4264440536499,1
107.4264793395996,1
107.42881751060486,1
107.42883086204527,1
107.42883467674255,1
107.42934894561768,1
107.43117618560792,1
107.43211483955383,1
107.432147026062,1
107.43621182441711,1
107.43622303009032,1
107.4378387928009,1
107.44002723693848,1
107.4400429725647,1
107.44017457962036,1
107.45982265472412,1
107.45999598503111,1
107.4600203037262,1
107.464284658432,1
107.46436667442322,1
107.46439146995544,1
107.464937210083,1
107.46714878082275,1
107.467542886734,1
107.46815371513368,1
107.46948051452635,1
107.46951699256896,1
107.46977519989014,1
107.4698042869568,1
107.47099804878236,1
107.47103500366212,1
107.47119235992432,1
107.47184896469116,1
107.47999119758606,1
107.48003196716309,1
107.48005533218384,1
107.48209023475648,1
107.48211312294006,1
107.48237586021423,1
107.48724102973938,1
107.48729395866394,1
107.4873752593994,1
107.48743224143982,1
107.49472880363464,1
107.49750304222108,1
107.497948884964,1
107.49953579902648,1
107.49967861175536,1
107.5001130104065,1
107.52041721343994,1
107.52047228813171,1
107.52048826217651,1
107.5460467338562,1
107.54608488082886,1
107.54613471031188,1
107.54623365402222,1
107.54630589485168,1
107.5464038848877,1
107.54642701148988,1
107.54681301116943,1
107.54687404632568,1
107.54688262939452,1
107.5468909740448,1
107.55456709861755,1
107.55666589736938,1
107.55678462982178,1
107.55965995788574,1
107.55969953536987,1
107.55996441841124,1
107.57897305488586,1
107.58002209663393,1
107.5800633430481,1
107.58047652244568,1
107.5998842716217,1
107.5999355316162,1
107.60020875930786,1
107.6107885837555,1
107.6112620830536,1
107.61637949943542,1
107.6164093017578,1
107.6165051460266,1
107.61663699150084,1
107.62128520011902,1
107.62130308151244,1
107.62132024765016,1
107.62148547172546,1
107.62151002883913,1
107.6215295791626,1
107.63187885284424,1
107.63879919052124,1
107.6388521194458,1
107.6388897895813,1
107.63897132873537,1
107.64014458656312,1
107.64020895957948,1
107.64033913612366,1
107.6432876586914,1
107.64330267906188,1
107.64383602142334,1
107.65978574752808,1
107.65983486175536,1
107.65985631942748,1
107.68093872070312,1
107.68097305297852,1
107.68110370635986,1
107.68751001358032,1
107.68766236305235,1
107.6908392906189,1
107.6908643245697,1
107.69457507133484,1
107.70170712471008,1
107.70176315307616,1
107.70187878608704,1
107.70940256118774,1
107.71348118782043,1
107.71967029571532,1
107.7196798324585,1
107.71970772743224,1
107.72557544708252,1
107.72605395317078,1
107.72607946395874,1
107.72613334655762,1
107.72738766670228,1
107.72743201255798,1
107.7274489402771,1
107.72854781150818,1
107.72900462150574,1
107.72902965545654,1
107.7334771156311,1
107.7339689731598,1
107.73403215408324,1
107.73405027389526,1
107.7340919971466,1
107.73935389518738,1
107.73935627937315,1
107.7393901348114,1
107.74337959289552,1
107.74345326423644,1
107.74540209770204,1
107.74541187286376,1
107.74609899520874,1
107.747887134552,1
107.75036549568176,1
107.75957345962524,1
107.7596185207367,1
107.75969290733336,1
107.77968430519104,1
107.77973747253418,1
107.78025245666504,1
107.7844066619873,1
107.78807592391968,1
107.78815245628356,1
107.78822588920592,1
107.78886437416077,1
107.78915500640868,1
107.78923487663268,1
107.79272603988647,1
107.80074763298036,1
107.80079865455627,1
107.80086970329285,1
107.81531953811646,1
107.81572818756104,1
107.81705713272096,1
107.81709051132202,1
107.81710696220398,1
107.81712532043456,1
107.820050239563,1
107.82103157043456,1
107.82106351852416,1
107.83733010292052,1
107.8373613357544,1
107.8377046585083,1
107.83953189849854,1
107.83957147598268,1
107.83958959579468,1
107.83960556983948,1
107.84026837348938,1
107.84306955337524,1
107.8430998325348,1
107.84914207458496,1
107.86007475852966,1
107.86012029647829,1
107.86020922660828,1
107.87029099464417,1
107.8799765110016,1
107.88003540039062,1
107.88010621070862,1
107.88306522369383,1
107.88308429718018,1
107.88310408592224,1
107.88315773010254,1
107.88435864448547,1
107.88437843322754,1
107.88440203666688,1
107.89476537704468,1
107.89627647399902,1
107.89829349517822,1
107.89962482452393,1
107.89965748786926,1
107.89967226982117,1
107.91114902496338,1
107.911194562912,1
107.91120266914368,1
107.91120958328248,1
107.91276907920836,1
107.91278409957886,1
107.9128031730652,1
107.91945290565492,1
107.91947960853577,1
107.9198694229126,1
107.93859243392944,1
107.9388039112091,1
107.93987441062929,1
107.93990874290466,1
107.93999433517456,1
107.94060826301576,1
107.9406599998474,1
107.94224452972412,1
107.94227051734924,1
107.94227862358092,1
107.9422891139984,1
107.94351410865784,1
107.9435510635376,1
107.9437177181244,1
107.96004700660706,1
107.9600887298584,1
107.96014928817748,1
107.9809079170227,1
107.98095631599426,1
107.98096346855164,1
107.99633884429932,1
107.99961495399477,1
107.99965643882751,1
107.99967551231384,1
108.00368523597716,1
108.00376296043396,1
108.00388526916504,1
108.00391030311584,1
108.01709938049316,1
108.01730060577393,1
108.01743125915527,1
108.01745557785034,1
108.01752281188963,1
108.0175437927246,1
108.02075815200806,1
108.02089524269104,1
108.02102279663086,1
108.02104210853577,1
108.03696942329408,1
108.03709268569946,1
108.037752866745,1
108.03779911994934,1
108.03784227371216,1
108.0378873348236,1
108.04007887840272,1
108.04009413719176,1
108.040118932724,1
108.06029224395752,1
108.06072068214417,1
108.0607213973999,1
108.06819939613342,1
108.06844687461852,1
108.06857800483704,1
108.07003903388976,1
108.07022953033449,1
108.07234406471252,1
108.07243967056274,1
108.07427072525024,1
108.07742547988892,1
108.08019042015076,1
108.08094000816344,1
108.08098983764648,1
108.09130024909972,1
108.09698700904846,1
108.09702968597412,1
108.09705114364624,1
108.0971429347992,1
108.10189294815063,1
108.10191464424132,1
108.10194158554076,1
108.10230445861816,1
108.10233497619627,1
108.1024887561798,1
108.11081671714784,1
108.12005519866943,1
108.12010312080383,1
108.12012314796448,1
108.13944840431212,1
108.1394670009613,1
108.13947653770448,1
108.14647436141968,1
108.14649367332458,1
108.1465072631836,1
108.14654779434204,1
108.14963936805724,1
108.14964294433594,1
108.14995980262756,1
108.15114045143127,1
108.15118360519408,1
108.15328431129456,1
108.15336084365843,1
108.16042637825012,1
108.16047549247742,1
108.160498380661,1
108.18032932281494,1
108.18043971061708,1
108.18048906326294,1
108.18555116653442,1
108.2002465724945,1
108.20029401779176,1
108.20031452178956,1
108.21694087982178,1
108.21696519851685,1
108.21704006195068,1
108.21706318855286,1
108.21713733673096,1
108.2171905040741,1
108.2185559272766,1
108.21862816810608,1
108.2195689678192,1
108.21961331367493,1
108.21965765953064,1
108.21976113319396,1
108.2219181060791,1
108.2219672203064,1
108.22212076187134,1
108.22213888168336,1
108.22376847267152,1
108.22377300262453,1
108.22404789924622,1
108.2247211933136,1
108.23717641830444,1
108.2372133731842,1
108.23722815513612,1
108.23730278015135,1
108.238276720047,1
108.2383553981781,1
108.23891520500185,1
108.23947381973268,1
108.23950600624084,1
108.23958110809326,1
108.26000046730042,1
108.26003670692444,1
108.26009702682497,1
108.26275205612184,1
108.26280999183656,1
108.26328754425047,1
108.26331686973572,1
108.26391506195068,1
108.2799472808838,1
108.27997255325316,1
108.28006553649902,1
108.2994794845581,1
108.30065202713013,1
108.30088448524477,1
108.31293034553528,1
108.31300806999208,1
108.3172345161438,1
108.31728625297546,1
108.3218560218811,1
108.32188630104064,1
108.32190012931824,1
108.32190942764282,1
108.3219244480133,1
108.32193517684937,1
108.32223200798036,1
108.3222472667694,1
108.32237148284912,1
108.32238721847534,1
108.32239818572998,1
108.322411775589,1
108.32242202758788,1
108.3226706981659,1
108.3226912021637,1
108.32270622253418,1
108.3310203552246,1
108.33104586601256,1
108.33295631408691,1
108.3329780101776,1
108.3393166065216,1
108.3393452167511,1
108.33956480026244,1
108.3596293926239,1
108.35967206954956,1
108.35980987548828,1
108.37112760543825,1
108.3801498413086,1
108.3801679611206,1
108.38017868995668,1
108.3839874267578,1
108.39089107513428,1
108.39103364944458,1
108.39975571632384,1
108.3997848033905,1
108.39979100227356,1
108.40058970451356,1
108.40263628959656,1
108.40428805351256,1
108.40613508224487,1
108.40670108795166,1
108.40682697296144,1
108.406920671463,1
108.40732526779176,1
108.41979336738586,1
108.42000079154968,1
108.4200325012207,1
108.42436099052428,1
108.42438292503356,1
108.42439770698547,1
108.42443346977234,1
108.4288387298584,1
108.43002486228944,1
108.43005895614624,1
108.43090867996216,1
108.43094182014464,1
108.43214130401611,1
108.43216705322266,1
108.4395101070404,1
108.43954706192017,1
108.43956327438354,1
108.45148396492004,1
108.45152974128725,1
108.45154786109924,1
108.45156455039978,1
108.45397639274596,1
108.4540205001831,1
108.45418047904968,1
108.45964574813844,1
108.45968961715698,1
108.4599494934082,1
108.47309374809264,1
108.480229139328,1
108.48039841651917,1
108.48042583465576,1
108.49621343612672,1
108.49637079238892,1
108.49657726287842,1
108.49684309959412,1
108.50009393692017,1
108.50028824806212,1
108.50031518936156,1
108.50371313095091,1
108.5039541721344,1
108.5040831565857,1
108.50440168380736,1
108.51838159561156,1
108.52035784721376,1
108.52037954330444,1
108.52047610282898,1
108.52059149742126,1
108.53993725776672,1
108.54032635688782,1
108.54176783561708,1
108.54737091064452,1
108.54794669151306,1
108.54795169830322,1
108.54802060127258,1
108.54976534843443,1
108.54998421669006,1
108.55036115646362,1
108.55204725265504,1
108.55213809013368,1
108.55988883972168,1
108.55995225906372,1
108.5602240562439,1
108.57982110977171,1
108.57987093925476,1
108.58031797409058,1
108.58198308944702,1
108.58202004432678,1
108.58520150184631,1
108.5876259803772,1
108.60029911994934,1
108.600350856781,1
108.60088419914246,1
108.60327863693236,1
108.61673188209534,1
108.61704730987547,1
108.62292098999023,1
108.62316966056824,1
108.62321400642396,1
108.62337923049928,1
108.62341070175172,1
108.62343168258668,1
108.6234965324402,1
108.63958477973938,1
108.63986134529114,1
108.6398901939392,1
108.66045999526978,1
108.66071844100952,1
108.660747051239,1
108.66372537612916,1
108.6638491153717,1
108.6639952659607,1
108.66587209701538,1
108.67106175422668,1
108.67180013656616,1
108.68099641799928,1
108.68104887008668,1
108.68181800842284,1
108.6878936290741,1
108.68792176246644,1
108.69084358215332,1
108.69860863685608,1
108.69896364212036,1
108.69900512695312,1
108.6995439529419,1
108.70022654533386,1
108.70031571388245,1
108.70033407211304,1
108.70317935943604,1
108.70339393615724,1
108.7035722732544,1
108.70783972740172,1
108.70799922943117,1
108.70801281929016,1
108.70811986923218,1
108.7148458957672,1
108.71510219573976,1
108.71512532234192,1
108.71534991264345,1
108.72300815582275,1
108.72303676605225,1
108.72328853607178,1
108.72394728660583,1
108.7240788936615,1
108.7241861820221,1
108.72430157661438,1
108.73757076263428,1
108.73791122436523,1
108.7399091720581,1
108.73994159698486,1
108.73995852470398,1
108.73997330665588,1
108.74054408073424,1
108.74081683158876,1
108.7408721446991,1
108.74876880645752,1
108.75958561897278,1
108.75962972640993,1
108.75964760780334,1
108.77998733520508,1
108.78023529052734,1
108.78056812286376,1
108.78989934921265,1
108.78993487358092,1
108.79035472869872,1
108.7903904914856,1
108.79444289207458,1
108.79468584060668,1
108.794908285141,1
108.80003952980042,1
108.80007767677309,1
108.8003752231598,1
108.81628346443176,1
108.82036232948305,1
108.8206136226654,1
108.82063174247742,1
108.82643914222716,1
108.8264570236206,1
108.83316159248352,1
108.83317685127258,1
108.83319115638731,1
108.83320832252502,1
108.8371684551239,1
108.8371696472168,1
108.837566614151,1
108.84073972702026,1
108.84099888801576,1
108.84151887893675,1
108.86016798019408,1
108.86061334609984,1
108.86101007461548,1
108.87024021148682,1
108.88075304031372,1
108.88090705871582,1
108.88099122047424,1
108.8812382221222,1
108.88126349449158,1
108.88447713851927,1
108.88450026512146,1
108.88546204566956,1
108.9040870666504,1
108.90457582473756,1
108.90457653999329,1
108.9046106338501,1
108.90462589263916,1
108.9191529750824,1
108.91919374465942,1
108.91919827461244,1
108.91923904418944,1
108.92021703720091,1
108.92025399208067,1
108.92027115821838,1
108.92434191703796,1
108.92438197135924,1
108.92505192756651,1
108.92589902877808,1
108.92690467834473,1
108.93992829322816,1
108.93993139266968,1
108.93996930122375,1
108.94096517562866,1
108.94644784927368,1
108.94652724266052,1
108.94819974899292,1
108.94827270507812,1
108.95044231414796,1
108.9504780769348,1
108.95047855377196,1
108.95052886009216,1
108.95363903045654,1
108.95368099212646,1
108.95385575294496,1
108.95946335792542,1
108.9596357345581,1
108.95966005325316,1
108.98002457618712,1
108.98006892204285,1
108.98008966445924,1
108.99470567703248,1
109.0003867149353,1
109.00040578842165,1
109.0004415512085,1
109.00248146057127,1
109.00280380249023,1
109.00283479690552,1
109.00306725502014,1
109.00467133522034,1
109.00509786605836,1
109.00531220436096,1
109.0062313079834,1
109.0085506439209,1
109.02142524719238,1
109.02147245407104,1
109.02151155471802,1
109.0216462612152,1
109.0216624736786,1
109.02398443222046,1
109.02401328086852,1
109.03981137275696,1
109.03983926773073,1
109.03993320465088,1
109.05020093917848,1
109.05059027671814,1
109.05147385597228,1
109.05148196220398,1
109.0526638031006,1
109.05317997932434,1
109.0535933971405,1
109.05414199829102,1
109.0541696548462,1
109.05966234207152,1
109.05967497825624,1
109.05979514122008,1
109.0598075389862,1
109.0638873577118,1
109.06420874595642,1
109.07972121238708,1
109.0797474384308,1
109.07976078987122,1
109.0995512008667,1
109.0995635986328,1
109.10024309158324,1
109.10064220428468,1
109.10102963447572,1
109.10104870796204,1
109.101083278656,1
109.10150957107544,1
109.10153150558472,1
109.10154294967651,1
109.10292410850523,1
109.11901879310608,1
109.11903023719788,1
109.1190402507782,1
109.11905217170715,1
109.11909866333008,1
109.1191132068634,1
109.1194257736206,1
109.1249451637268,1
109.12569499015808,1
109.12570977211,1
109.13435459136964,1
109.13459181785583,1
109.13470101356506,1
109.1347234249115,1
109.13960647583008,1
109.1396324634552,1
109.13964486122131,1
109.1593918800354,1
109.15943837165833,1
109.17976593971252,1
109.17980885505676,1
109.17982959747314,1
109.19373178482056,1
109.19982266426086,1
109.19987034797668,1
109.20024752616882,1
109.20071625709534,1
109.2007405757904,1
109.2024359703064,1
109.20247793197632,1
109.20249724388124,1
109.20254802703856,1
109.20447754859924,1
109.20449829101562,1
109.20459723472597,1
109.2066810131073,1
109.2067370414734,1
109.20682668685912,1
109.2068464756012,1
109.21008610725404,1
109.2105040550232,1
109.21208810806274,1
109.21231746673584,1
109.2204201221466,1
109.22046303749084,1
109.22048234939577,1
109.23937964439392,1
109.23941349983215,1
109.23944854736328,1
109.24061870574953,1
109.24065065383913,1
109.24066352844238,1
109.2406792640686,1
109.24580454826356,1
109.2461440563202,1
109.24618101119997,1
109.24738597869872,1
109.24741411209106,1
109.2487952709198,1
109.24885654449464,1
109.24953508377077,1
109.25933504104614,1
109.259361743927,1
109.25937223434448,1
109.26393055915833,1
109.26486921310423,1
109.26825833320618,1
109.2694535255432,1
109.26947569847108,1
109.26952242851256,1
109.27151703834534,1
109.27152800559998,1
109.27422165870668,1
109.27952551841736,1
109.27975416183472,1
109.27978920936584,1
109.28931307792664,1
109.29931616783142,1
109.2993426322937,1
109.29937958717346,1
109.31953358650208,1
109.3195617198944,1
109.31957268714903,1
109.3393325805664,1
109.33936142921448,1
109.33937335014345,1
109.35948204994202,1
109.35951972007751,1
109.35961556434631,1
109.36577200889587,1
109.36579155921936,1
109.36583495140076,1
109.36596083641052,1
109.37094402313232,1
109.37101125717165,1
109.37103319168092,1
109.37112402915956,1
109.3711507320404,1
109.37460255622864,1
109.37460708618164,1
109.3746919631958,1
109.37521409988403,1
109.3801453113556,1
109.38018465042114,1
109.3801965713501,1
109.38304901123048,1
109.38324284553528,1
109.38326120376588,1
109.38331770896912,1
109.38446283340454,1
109.38447618484496,1
109.3844907283783,1
109.39985513687134,1
109.39991068840028,1
109.400043964386,1
109.418071269989,1
109.41986083984376,1
109.41989946365356,1
109.4199481010437,1
109.42744493484496,1
109.4274525642395,1
109.4304711818695,1
109.430504322052,1
109.43051862716676,1
109.43056344985962,1
109.43947768211363,1
109.43950843811037,1
109.43951964378356,1
109.44109416007996,1
109.44110703468324,1
109.44118666648863,1
109.44205117225648,1
109.44208025932312,1
109.44347929954527,1
109.44349241256714,1
109.45096850395204,1
109.45098829269408,1
109.45099949836732,1
109.45101022720335,1
109.45241618156432,1
109.45243978500366,1
109.4524998664856,1
109.45988464355467,1
109.4599220752716,1
109.45996594429016,1
109.47283244132996,1
109.47935461997986,1
109.47937941551208,1
109.47944378852844,1
109.49965500831604,1
109.49967885017396,1
109.4998016357422,1
109.520437002182,1
109.52046275138856,1
109.52047324180604,1
109.52587175369264,1
109.52588224411012,1
109.52698516845705,1
109.5275058746338,1
109.5286672115326,1
109.52872562408449,1
109.52948093414308,1
109.53043007850648,1
109.53162837028503,1
109.53365302085876,1
109.5393042564392,1
109.53933215141296,1
109.53936743736269,1
109.5569224357605,1
109.55694603919984,1
109.55845856666564,1
109.55852794647215,1
109.55973720550536,1
109.55974316596983,1
109.55976057052612,1
109.55982303619383,1
109.56037044525146,1
109.57990765571594,1
109.57994675636292,1
109.57996201515198,1
109.58377623558044,1
109.59965538978577,1
109.59969878196716,1
109.5997233390808,1
109.6063747406006,1
109.60663175582886,1
109.60827207565308,1
109.60831379890442,1
109.60832715034483,1
109.60833835601808,1
109.61541271209715,1
109.6154408454895,1
109.61605405807497,1
109.61953997612,1
109.61958384513856,1
109.61969542503356,1
109.6259434223175,1
109.63346672058104,1
109.6342477798462,1
109.64237713813782,1
109.64258241653442,1
109.64267039299013,1
109.64424729347228,1
109.6442711353302,1
109.64428687095642,1
109.64430236816406,1
109.64517259597778,1
109.64518213272096,1
109.6456217765808,1
109.64809322357178,1
109.64854073524477,1
109.65722966194151,1
109.65727162361144,1
109.66163182258606,1
109.66165041923524,1
109.66169571876526,1
109.665682554245,1
109.67954444885254,1
109.6795883178711,1
109.67960214614868,1
109.680579662323,1
109.68059539794922,1
109.68060564994812,1
109.68065214157104,1
109.68122458457948,1
109.68124008178712,1
109.6814615726471,1
109.68400859832764,1
109.68403124809264,1
109.68404221534728,1
109.68405199050903,1
109.69197964668274,1
109.69223880767822,1
109.69225573539734,1
109.69269824028017,1
109.7000253200531,1
109.70005774497986,1
109.70007014274596,1
109.71975660324097,1
109.71978378295898,1
109.71981716156006,1
109.7316472530365,1
109.73166704177856,1
109.73172187805176,1
109.73174977302553,1
109.73183631896973,1
109.73187947273254,1
109.7318947315216,1
109.73199439048769,1
109.73202991485596,1
109.73303079605104,1
109.7330470085144,1
109.73927450180054,1
109.73927545547484,1
109.73930144309998,1
109.75082087516785,1
109.75933074951172,1
109.75935816764832,1
109.7594153881073,1
109.77972435951231,1
109.77976298332214,1
109.77976512908936,1
109.78827023506165,1
109.7882764339447,1
109.78829026222228,1
109.78830075263976,1
109.79056358337402,1
109.79058790206908,1
109.790607213974,1
109.79246497154236,1
109.80044770240784,1
109.80046772956848,1
109.80048084259032,1
109.80240035057068,1
109.80274319648744,1
109.804123878479,1
109.8041582107544,1
109.80419898033142,1
109.80425500869752,1
109.80633425712584,1
109.80636835098268,1
109.8065414428711,1
109.82044553756714,1
109.820485830307,1
109.82057809829712,1
109.83788728713988,1
109.83794498443604,1
109.84203386306764,1
109.84209728240968,1
109.84211468696594,1
109.84218549728394,1
109.842205286026,1
109.84335064888,1
109.85400295257568,1
109.85402917861938,1
109.85581517219543,1
109.85582852363586,1
109.85583972930908,1
109.85585260391235,1
109.85586524009705,1
109.85940194129944,1
109.85942697525024,1
109.85946297645567,1
109.8692705631256,1
109.87935662269592,1
109.87938189506532,1
109.8795657157898,1
109.90156364440918,1
109.90160202980042,1
109.90161848068236,1
109.90400385856628,1
109.90415787696838,1
109.90623259544373,1
109.91520643234252,1
109.91522741317748,1
109.91526913642883,1
109.91528415679932,1
109.92014837265016,1
109.9204740524292,1
109.9205014705658,1
109.92148566246031,1
109.9215133190155,1
109.921569108963,1
109.93871784210204,1
109.9391450881958,1
109.93929886817932,1
109.93931269645692,1
109.9393675327301,1
109.93969774246216,1
109.93972516059875,1
109.94179797172546,1
109.94232416152954,1
109.9423484802246,1
109.94327449798584,1
109.94330215454102,1
109.94421172142027,1
109.94436812400818,1
109.9594943523407,1
109.95952320098876,1
109.95959305763245,1
109.96075344085692,1
109.9646656513214,1
109.9649407863617,1
109.96496677398682,1
109.96516585350037,1
109.96655917167664,1
109.96668696403503,1
109.96676898002625,1
109.9797019958496,1
109.9797351360321,1
109.9798150062561,1
109.98161959648132,1
109.99951148033142,1
109.99954724311829,1
109.99961686134338,1
110.00601887702942,1
110.0062689781189,1
110.00770044326782,1
110.00773811340332,1
110.00779795646667,1
110.00784945487976,1
110.00972962379456,1
110.00974822044373,1
110.00982356071472,1
110.01054286956789,1
110.01161026954652,1
110.01643323898315,1
110.02078056335448,1
110.0208146572113,1
110.02086758613586,1
110.02101993560792,1
110.02106738090517,1
110.03639841079712,1
110.03642988204956,1
110.03990840911864,1
110.04185390472412,1
110.04188060760498,1
110.04189205169678,1
110.05265545845032,1
110.05267000198364,1
110.05297017097472,1
110.05299425125122,1
110.05532431602478,1
110.05540204048155,1
110.05585074424744,1
110.05990648269652,1
110.0599329471588,1
110.0599479675293,1
110.07966589927672,1
110.079692363739,1
110.07974219322205,1
110.0995707511902,1
110.09959149360655,1
110.09959673881532,1
110.11312794685364,1
110.1169126033783,1
110.11695909500122,1
110.11967015266418,1
110.11969590187071,1
110.11969923973083,1
110.13495898246764,1
110.13497018814088,1
110.13498091697691,1
110.13499426841736,1
110.13872385025024,1
110.1387655735016,1
110.1390781402588,1
110.13921856880188,1
110.13922047615053,1
110.1392412185669,1
110.15955948829652,1
110.15959000587463,1
110.15962076187134,1
110.16220474243164,1
110.16221237182616,1
110.16497826576231,1
110.16499471664427,1
110.16638612747192,1
110.17089653015135,1
110.1709098815918,1
110.17095685005188,1
110.17097401618958,1
110.17961955070496,1
110.17962193489076,1
110.17965078353882,1
110.18601942062378,1
110.1861650943756,1
110.18618750572205,1
110.18833231925964,1
110.18836569786072,1
110.18840432167052,1
110.188405752182,1
110.18996500968932,1
110.1899983882904,1
110.19021105766296,1
110.19070720672607,1
110.20035409927368,1
110.20037937164308,1
110.20039629936218,1
110.20358300209044,1
110.20362448692322,1
110.20520210266112,1
110.2052083015442,1
110.20527148246764,1
110.20532059669496,1
110.20736598968506,1
110.20737171173096,1
110.20774602890016,1
110.21974873542786,1
110.21978735923769,1
110.21980309486388,1
110.23986434936523,1
110.23990201950072,1
110.23995327949524,1
110.2399914264679,1
110.24004459381104,1
110.24470543861388,1
110.24476861953735,1
110.25053238868712,1
110.25967454910278,1
110.25967693328856,1
110.25970315933228,1
110.27892851829527,1
110.27893042564392,1
110.27901911735536,1
110.27903389930724,1
110.28144764900208,1
110.28148698806764,1
110.28154683113098,1
110.28156328201294,1
110.28165125846864,1
110.28351092338562,1
110.28715324401855,1
110.29961776733398,1
110.29964828491212,1
110.30196356773376,1
110.302011013031,1
110.30202579498292,1
110.30205798149107,1
110.30263090133668,1
110.30415725708008,1
110.30417251586914,1
110.30441856384276,1
110.3057987689972,1
110.308171749115,1
110.31944966316225,1
110.319477558136,1
110.31948900222778,1
110.33069372177124,1
110.33072113990784,1
110.3392858505249,1
110.33931469917296,1
110.33977842330933,1
110.35970306396484,1
110.35973954200745,1
110.35982275009157,1
110.36493492126463,1
110.36499285697936,1
110.36774802207948,1
110.36995005607604,1
110.3736126422882,1
110.37364029884338,1
110.37365436553956,1
110.37367033958436,1
110.37415385246275,1
110.37476658821106,1
110.37480330467224,1
110.38043928146362,1
110.3804726600647,1
110.38056111335754,1
110.38282799720764,1
110.3828423023224,1
110.39925909042358,1
110.40029454231262,1
110.40033864974976,1
110.40035438537598,1
110.4059784412384,1
110.4062566757202,1
110.40980410575868,1
110.4098460674286,1
110.40986275672913,1
110.40986323356628,1
110.42572045326231,1
110.425758600235,1
110.42581963539124,1
110.43942213058472,1
110.43943905830383,1
110.4399664402008,1
110.43999481201172,1
110.44000911712646,1
110.44002532958984,1
110.44069910049438,1
110.44072318077087,1
110.4407308101654,1
110.44073390960692,1
110.44077396392822,1
110.44081616401672,1
110.440833568573,1
110.44096088409424,1
110.44097709655762,1
110.44098997116087,1
110.44100379943848,1
110.44100642204285,1
110.4558563232422,1
110.45690250396729,1
110.45691132545473,1
110.4569320678711,1
110.45759558677672,1
110.45761036872864,1
110.45805597305298,1
110.45933723449708,1
110.45954918861388,1
110.45957279205322,1
110.47503328323364,1
110.4794020652771,1
110.4794270992279,1
110.47952508926392,1
110.49365878105164,1
110.49378418922424,1
110.49379777908324,1
110.4940824508667,1
110.49591708183289,1
110.49592971801758,1
110.495934009552,1
110.49983072280884,1
110.49985480308531,1
110.49987888336182,1
110.5106327533722,1
110.5106463432312,1
110.51278448104858,1
110.51281666755676,1
110.51955246925354,1
110.51958298683168,1
110.519593000412,1
110.5397970676422,1
110.53982663154602,1
110.53987145423888,1
110.54023885726927,1
110.55371165275574,1
110.55372524261476,1
110.5537440776825,1
110.55378484725952,1
110.55633330345154,1
110.5563509464264,1
110.55669331550598,1
110.55984210968018,1
110.55987215042114,1
110.55988812446594,1
110.5794427394867,1
110.57948350906372,1
110.58022737503052,1
110.59259128570557,1
110.5996961593628,1
110.59973573684692,1
110.59980583190918,1
110.61987853050232,1
110.61992383003236,1
110.61999130249023,1
110.62098503112792,1
110.62682127952576,1
110.62689089775084,1
110.62698936462402,1
110.62701034545898,1
110.62709069252014,1
110.63304090499878,1
110.63306546211244,1
110.63313150405884,1
110.63330507278442,1
110.64003682136536,1
110.64007186889648,1
110.6403305530548,1
110.64172506332396,1
110.64328908920288,1
110.64580988883972,1
110.64691209793092,1
110.64692735671996,1
110.6499228477478,1
110.6605772972107,1
110.66060733795166,1
110.66061854362488,1
110.66499662399292,1
110.66544222831726,1
110.66592717170715,1
110.6665267944336,1
110.66796684265135,1
110.66799569129944,1
110.66867661476137,1
110.67444372177124,1
110.67447423934937,1
110.67448472976685,1
110.67449402809144,1
110.67668271064758,1
110.676696062088,1
110.67671751976012,1
110.67980742454527,1
110.67985153198242,1
110.67986607551576,1
110.69979476928712,1
110.69982051849364,1
110.6998336315155,1
110.7207179069519,1
110.72074747085573,1
110.72215867042542,1
110.7267129421234,1
110.73384070396423,1
110.73385739326476,1
110.73393869400024,1
110.7339527606964,1
110.73783683776855,1
110.73785352706908,1
110.73940634727478,1
110.73943376541138,1
110.73943638801576,1
110.74050498008728,1
110.7411289215088,1
110.7411298751831,1
110.74178743362428,1
110.74181270599364,1
110.74885320663452,1
110.75927758216858,1
110.7593047618866,1
110.75938582420348,1
110.77962565422058,1
110.77967429161072,1
110.7797589302063,1
110.79491996765135,1
110.7949402332306,1
110.79777598381042,1
110.79790949821472,1
110.79821681976318,1
110.7982301712036,1
110.798259973526,1
110.79915642738342,1
110.79950332641602,1
110.7995536327362,1
110.7996542453766,1
110.8043303489685,1
110.80694150924684,1
110.81143474578856,1
110.811461687088,1
110.81245470046996,1
110.8124566078186,1
110.8124861717224,1
110.81255078315736,1
110.81941318511964,1
110.81944704055786,1
110.81950569152832,1
110.82039070129396,1
110.8207893371582,1
110.8208348751068,1
110.82216882705688,1
110.82403826713562,1
110.8427963256836,1
110.84280633926392,1
110.8428201675415,1
110.84283685684204,1
110.84285044670104,1
110.8428876399994,1
110.84291672706604,1
110.842946767807,1
110.85319447517396,1
110.85319757461548,1
110.85473823547365,1
110.85482931137084,1
110.85547804832458,1
110.85550093650818,1
110.85551762580872,1
110.85942554473876,1
110.8594446182251,1
110.859450340271,1
110.869567155838,1
110.87934470176695,1
110.87936925888062,1
110.87939476966858,1
110.89024472236632,1
110.89957189559937,1
110.89960145950316,1
110.89960503578186,1
110.91620421409608,1
110.91623330116272,1
110.9162745475769,1
110.9163088798523,1
110.9184958934784,1
110.91852807998656,1
110.91866540908812,1
110.91961312294006,1
110.91963338851927,1
110.91968965530396,1
110.92544317245483,1
110.92547416687012,1
110.92548489570618,1
110.92549514770508,1
110.93985223770142,1
110.93988108634947,1
110.93989491462708,1
110.94141221046448,1
110.94205069541933,1
110.94207835197447,1
110.9439618587494,1
110.9439890384674,1
110.94514107704164,1
110.94522428512572,1
110.94575667381288,1
110.95063495635986,1
110.95065760612488,1
110.95066499710084,1
110.95067548751832,1
110.95953583717346,1
110.95955753326416,1
110.95957326889038,1
110.97941994667052,1
110.97945261001588,1
110.97946524620056,1
110.9852364063263,1
110.9852409362793,1
110.98525857925416,1
110.98673701286316,1
110.9957582950592,1
110.99579048156738,1
110.99694204330444,1
110.996976852417,1
110.99753475189208,1
110.99754118919373,1
110.9997534751892,1
110.999769449234,1
110.99978518486024,1
111.0145959854126,1
111.01463580131532,1
111.01492166519164,1
111.01664638519289,1
111.01997017860413,1
111.02001190185548,1
111.0200297832489,1
111.0399820804596,1
111.04001140594482,1
111.04003071784972,1
111.0472183227539,1
111.04728031158449,1
111.0545015335083,1
111.05451369285583,1
111.0596959590912,1
111.05972385406494,1
111.05973482131958,1
111.06217622756958,1
111.07439422607422,1
111.07440543174744,1
111.07444858551024,1
111.07446241378784,1
111.07649326324464,1
111.07652640342712,1
111.0770366191864,1
111.08140707015993,1
111.08143925666808,1
111.08146905899048,1
111.09017848968506,1
111.09982490539552,1
111.09985423088074,1
111.10016083717346,1
111.10758423805235,1
111.10760068893433,1
111.1076114177704,1
111.10762405395508,1
111.11940622329712,1
111.11991691589355,1
111.11994242668152,1
111.13931655883788,1
111.1394579410553,1
111.13948321342468,1
111.14697790145874,1
111.14699172973631,1
111.14719080924988,1
111.14795231819151,1
111.14946055412292,1
111.15027284622192,1
111.15030002593994,1
111.15178346633913,1
111.15217924118042,1
111.1541018486023,1
111.15934896469116,1
111.1593770980835,1
111.1593897342682,1
111.17971420288086,1
111.1797444820404,1
111.17974734306335,1
111.19289040565492,1
111.19303584098816,1
111.19306087493896,1
111.19308280944824,1
111.19626498222352,1
111.19630980491638,1
111.19730639457704,1
111.19846963882446,1
111.1986334323883,1
111.19865322113036,1
111.1986758708954,1
111.19950437545776,1
111.19953894615172,1
111.19963455200195,1
111.20561385154724,1
111.20564460754396,1
111.20570254325868,1
111.20572710037231,1
111.20872449874878,1
111.2088074684143,1
111.21092414855956,1
111.21094846725464,1
111.21096467971802,1
111.21103286743164,1
111.21387219429016,1
111.2140772342682,1
111.21493530273438,1
111.21618747711182,1
111.21630477905272,1
111.21941947937012,1
111.21942019462584,1
111.21945834159852,1
111.2376148700714,1
111.23764395713806,1
111.23934149742126,1
111.2393674850464,1
111.23937892913818,1
111.24063754081726,1
111.24069476127625,1
111.24172019958496,1
111.252023935318,1
111.25221514701845,1
111.25236582756042,1
111.25246334075928,1
111.25960755348206,1
111.25963163375854,1
111.25980806350708,1
111.278644323349,1
111.27866744995116,1
111.27938055992126,1
111.27966237068176,1
111.27967858314514,1
111.27972412109376,1
111.2808554172516,1
111.28358435630798,1
111.29999923706056,1
111.30002903938292,1
111.30024409294128,1
111.31963515281676,1
111.31964993476868,1
111.3200044631958,1
111.321302652359,1
111.33962321281432,1
111.33966016769408,1
111.33967304229736,1
111.34048390388487,1
111.34049654006958,1
111.34053945541382,1
111.34063482284546,1
111.34257411956789,1
111.3426239490509,1
111.34295129776,1
111.3433346748352,1
111.3433392047882,1
111.35149049758913,1
111.35152292251588,1
111.35246419906616,1
111.35925364494324,1
111.35926342010498,1
111.35927724838255,1
111.3688063621521,1
111.37930369377136,1
111.37933254241943,1
111.3793444633484,1
111.3831660747528,1
111.38318991661072,1
111.38319230079652,1
111.38325619697572,1
111.38663816452026,1
111.38668870925903,1
111.38672971725464,1
111.3867700099945,1
111.39966082572936,1
111.39969778060912,1
111.3997130393982,1
111.4116277694702,1
111.41166639328004,1
111.41312193870544,1
111.41315960884094,1
111.41322875022888,1
111.41352701187134,1
111.41492795944214,1
111.41498732566832,1
111.42147636413574,1
111.42152047157288,1
111.4215443134308,1
111.4218692779541,1
111.42190837860107,1
111.42217659950256,1
111.42220306396484,1
111.42237997055054,1
111.42260098457336,1
111.42265582084656,1
111.42270469665527,1
111.4227225780487,1
111.43504905700684,1
111.4351041316986,1
111.43511986732484,1
111.4355525970459,1
111.4355731010437,1
111.43740391731262,1
111.439612865448,1
111.43976020812988,1
111.43977761268616,1
111.4421660900116,1
111.4421808719635,1
111.44236850738524,1
111.44238471984865,1
111.45241808891296,1
111.4525318145752,1
111.45273637771606,1
111.46103882789612,1
111.46109127998352,1
111.46113562583923,1
111.47049832344057,1
111.4797592163086,1
111.47978734970091,1
111.48016405105592,1
111.49035429954527,1
111.4904441833496,1
111.49045729637146,1
111.4904887676239,1
111.49957251548769,1
111.49959897994997,1
111.49960708618164,1
111.51054978370668,1
111.51059007644652,1
111.51062226295473,1
111.5192985534668,1
111.5194535255432,1
111.51946663856506,1
111.53945183753969,1
111.53947877883913,1
111.53948950767516,1
111.55973434448242,1
111.55976009368896,1
111.55976748466492,1
111.56571674346924,1
111.56610441207886,1
111.56733131408691,1
111.5673487186432,1
111.5682373046875,1
111.57509303092957,1
111.57511973381042,1
111.5751633644104,1
111.57690739631651,1
111.57943511009216,1
111.57947015762328,1
111.57966804504396,1
111.5996799468994,1
111.59970331192017,1
111.59972023963928,1
111.61167526245116,1
111.6117012500763,1
111.61179494857788,1
111.61350512504578,1
111.6156086921692,1
111.61816501617432,1
111.61945223808289,1
111.6194875240326,1
111.61953639984132,1
111.62516689300536,1
111.62519812583923,1
111.63147211074828,1
111.63150596618652,1
111.6397852897644,1
111.63982510566711,1
111.64058136940002,1
111.64534735679626,1
111.645409822464,1
111.6454303264618,1
111.64945030212402,1
111.6631395816803,1
111.66316628456116,1
111.66318011283876,1
111.67951107025146,1
111.67954206466676,1
111.67958450317384,1
111.6865701675415,1
111.68698930740356,1
111.68971753120422,1
111.69044041633606,1
111.6936695575714,1
111.69975090026855,1
111.69978189468384,1
111.69979500770567,1
111.70170617103577,1
111.70173001289368,1
111.70174098014832,1
111.70175337791444,1
111.70506882667542,1
111.70508408546448,1
111.70561456680298,1
111.70754051208496,1
111.70755100250244,1
111.70755290985107,1
111.70756554603577,1
111.70855498313904,1
111.70858430862428,1
111.70877981185912,1
111.72118043899536,1
111.721209526062,1
111.72122263908386,1
111.7267360687256,1
111.7319929599762,1
111.73540568351746,1
111.7359344959259,1
111.73595809936523,1
111.73642754554749,1
111.7371311187744,1
111.73953986167908,1
111.73956441879272,1
111.73957514762878,1
111.7494978904724,1
111.75996780395508,1
111.76000261306764,1
111.76001977920532,1
111.7795741558075,1
111.77961277961732,1
111.7796277999878,1
111.78672432899477,1
111.78675937652588,1
111.78945016860962,1
111.78962683677672,1
111.78980898857117,1
111.78981375694276,1
111.7898302078247,1
111.79077911376952,1
111.79815912246704,1
111.798269033432,1
111.79939460754396,1
111.79942727088928,1
111.79950618743896,1
111.81382393836977,1
111.81391668319702,1
111.8139398097992,1
111.81419396400452,1
111.8202006816864,1
111.82024097442628,1
111.82028222084044,1
111.82129716873168,1
111.8213381767273,1
111.82146883010864,1
111.83990859985352,1
111.83994364738464,1
111.83995914459229,1
111.84424948692322,1
111.8442952632904,1
111.84433555603027,1
111.84437918663023,1
111.84439730644226,1
111.85954642295836,1
111.85978746414185,1
111.85981154441832,1
111.86939525604248,1
111.87941765785216,1
111.8794424533844,1
111.87950015068054,1
111.89906144142152,1
111.89966821670532,1
111.89969611167908,1
111.89970684051514,1
111.90099716186523,1
111.90101885795592,1
111.90102291107178,1
111.90194272994997,1
111.90194511413574,1
111.90195751190186,1
111.90278840065002,1
111.91945576667786,1
111.91948127746582,1
111.91949462890624,1
111.92494130134584,1
111.9249529838562,1
111.92497062683104,1
111.92497229576112,1
111.9252107143402,1
111.925222158432,1
111.92522597312929,1
111.92523407936096,1
111.9252405166626,1
111.92996048927309,1
111.92998909950256,1
111.9300286769867,1
111.93720507621764,1
111.93723702430724,1
111.93724060058594,1
111.93725061416626,1
111.94019508361816,1
111.94147849082948,1
111.94151520729064,1
111.94154596328735,1
111.94184851646423,1
111.944096326828,1
111.95138955116272,1
111.95941829681396,1
111.95944809913637,1
111.95946621894836,1
111.97948503494264,1
111.97948837280272,1
111.97951745986938,1
111.99237775802612,1
111.99267053604126,1
111.99273800849916,1
111.99275970458984,1
111.99407505989076,1
111.99452209472656,1
111.99455404281616,1
111.9966082572937,1
111.99974966049194,1
111.99978423118591,1
111.99979877471924,1
112.0015790462494,1
112.00691723823547,1
112.00854420661926,1
112.01961588859558,1
112.01965737342834,1
112.01967430114746,1
112.03145575523376,1
112.03174805641174,1
112.03238320350648,1
112.03245043754578,1
112.03250408172607,1
112.03263759613036,1
112.04032039642334,1
112.04038715362547,1
112.0404405593872,1
112.04516959190369,1
112.04519867897034,1
112.04601836204527,1
112.04650449752808,1
112.0536811351776,1
112.0543384552002,1
112.05437898635864,1
112.05439472198486,1
112.05440592765808,1
112.05499696731567,1
112.05503535270692,1
112.0550491809845,1
112.05515360832214,1
112.0551691055298,1
112.06761646270752,1
112.06763911247252,1
112.0677080154419,1
112.07766771316528,1
112.07769060134888,1
112.08008909225464,1
112.08013701438904,1
112.08015251159668,1
112.08044290542604,1
112.08986926078796,1
112.0994040966034,1
112.0994303226471,1
112.09943151474,1
112.11980032920836,1
112.11982822418211,1
112.1198387145996,1
112.12862515449524,1
112.12864899635316,1
112.12866234779358,1
112.12884974479675,1
112.13085293769836,1
112.1308650970459,1
112.1314136981964,1
112.13358044624329,1
112.13360619544984,1
112.13387799263,1
112.13389682769775,1
112.13489651679993,1
112.13492441177368,1
112.1349413394928,1
112.1394748687744,1
112.13949918746948,1
112.13953733444214,1
112.1433973312378,1
112.14350366592409,1
112.1435251235962,1
112.1435387134552,1
112.14796090126038,1
112.15941166877748,1
112.15944266319276,1
112.15958333015442,1
112.17961025238036,1
112.17967295646667,1
112.17975544929504,1
112.18674349784852,1
112.1867904663086,1
112.18685746192932,1
112.18687629699708,1
112.18695378303528,1
112.1869752407074,1
112.18707227706908,1
112.19070768356325,1
112.20033955574036,1
112.20037364959715,1
112.20045471191406,1
112.20082569122314,1
112.20236730575562,1
112.2065360546112,1
112.20656991004944,1
112.2085461616516,1
112.20893168449402,1
112.20903038978577,1
112.20914006233215,1
112.21830368041992,1
112.21832084655762,1
112.21841478347778,1
112.2202126979828,1
112.22021961212158,1
112.2202570438385,1
112.24090909957886,1
112.24193000793456,1
112.24196910858154,1
112.25106978416444,1
112.25158739089966,1
112.25303387641908,1
112.25333094596864,1
112.25672793388368,1
112.26014280319214,1
112.2601592540741,1
112.26017260551453,1
112.27797937393188,1
112.2798364162445,1
112.279865026474,1
112.27994060516356,1
112.279967546463,1
112.2811861038208,1
112.28178977966309,1
112.2825059890747,1
112.28269171714784,1
112.28318452835084,1
112.2995080947876,1
112.29953503608704,1
112.29955315589903,1
112.30088782310486,1
112.30717706680298,1
112.30734443664552,1
112.30734467506409,1
112.30736422538756,1
112.3086085319519,1
112.3086326122284,1
112.30931067466736,1
112.30942940711977,1
112.31229567527772,1
112.32000589370728,1
112.32004809379578,1
112.3200614452362,1
112.33126997947691,1
112.33129382133484,1
112.33246994018556,1
112.33278560638428,1
112.33937072753906,1
112.33939456939696,1
112.33984470367432,1
112.35061478614809,1
112.35957765579224,1
112.359610080719,1
112.35962295532228,1
112.36958909034728,1
112.37933039665222,1
112.37935876846312,1
112.37937355041504,1
112.38609910011292,1
112.386132478714,1
112.38615202903748,1
112.38688397407532,1
112.38974595069884,1
112.38989996910097,1
112.39007616043092,1
112.3914008140564,1
112.39143013954164,1
112.39154052734376,1
112.39154100418092,1
112.3926920890808,1
112.39275813102722,1
112.3931953907013,1
112.39500737190248,1
112.39942836761476,1
112.39946246147156,1
112.39947533607484,1
112.41601419448853,1
112.41611695289612,1
112.41799211502077,1
112.41812229156494,1
112.41815686225893,1
112.41822171211244,1
112.4202606678009,1
112.42034578323364,1
112.42040753364564,1
112.42157292366028,1
112.4216239452362,1
112.42164611816406,1
112.44108891487122,1
112.44110417366028,1
112.4411554336548,1
112.44326734542848,1
112.44584202766418,1
112.44936084747314,1
112.44937682151794,1
112.4597396850586,1
112.45976734161376,1
112.459778547287,1
112.4740378856659,1
112.47405409812929,1
112.4749219417572,1
112.47988033294678,1
112.47990393638612,1
112.4799313545227,1
112.49910879135132,1
112.49912118911745,1
112.49915027618408,1
112.49919414520264,1
112.50075316429138,1
112.50079464912416,1
112.50080895423888,1
112.50379848480225,1
112.50383400917052,1
112.50387144088744,1
112.5045006275177,1
112.51635646820068,1
112.51640558242798,1
112.51782369613647,1
112.5178360939026,1
112.51999115943909,1
112.52000546455383,1
112.52001619338988,1
112.52002573013306,1
112.53998637199402,1
112.54002785682678,1
112.54014658927916,1
112.5401599407196,1
112.54017043113708,1
112.5401828289032,1
112.54024767875671,1
112.54069781303406,1
112.54070949554443,1
112.5407214164734,1
112.5447850227356,1
112.54490637779236,1
112.55439066886902,1
112.5596251487732,1
112.55965733528136,1
112.55971360206604,1
112.57994318008424,1
112.58035111427309,1
112.5803928375244,1
112.58084869384766,1
112.58087587356567,1
112.58089089393616,1
112.58189511299132,1
112.59746384620668,1
112.59746599197388,1
112.59787797927856,1
112.6001946926117,1
112.6002287864685,1
112.60032248497008,1
112.60034513473512,1
112.60036873817444,1
112.60038375854492,1
112.60039830207825,1
112.60229873657228,1
112.60233187675476,1
112.60246396064758,1
112.6081268787384,1
112.61987638473512,1
112.61991691589355,1
112.61993980407716,1
112.63974404335022,1
112.63978672027588,1
112.63990187644958,1
112.64892649650574,1
112.6489326953888,1
112.65140199661256,1
112.65140414237976,1
112.65143370628356,1
112.65147519111632,1
112.65424966812134,1
112.65431118011476,1
112.65479397773744,1
112.65686655044556,1
112.65688991546632,1
112.65945601463318,1
112.65945768356325,1
112.66001176834106,1
112.66299605369568,1
112.66301417350768,1
112.66477417945862,1
112.67940425872804,1
112.6794331073761,1
112.67950320243835,1
112.6852252483368,1
112.68524861335754,1
112.68528318405151,1
112.68719577789308,1
112.68723058700562,1
112.68728756904602,1
112.68730401992798,1
112.69000148773192,1
112.69386506080627,1
112.69996690750122,1
112.69999051094057,1
112.69999265670776,1
112.72186040878296,1
112.72190141677856,1
112.7219762802124,1
112.72203063964844,1
112.73672199249268,1
112.7367341518402,1
112.73674392700195,1
112.7367548942566,1
112.73994970321657,1
112.73998212814332,1
112.73999643325806,1
112.75869178771973,1
112.75873374938963,1
112.75877118110655,1
112.7601387500763,1
112.76016545295715,1
112.76024293899536,1
112.7602608203888,1
112.76030683517456,1
112.76279544830322,1
112.7628254890442,1
112.76283860206604,1
112.77988529205322,1
112.77996921539308,1
112.77998876571657,1
112.78469467163086,1
112.78738522529602,1
112.79988098144533,1
112.79994797706604,1
112.80000853538512,1
112.8057165145874,1
112.80608034133913,1
112.80726313591003,1
112.8072953224182,1
112.80735540390016,1
112.809800863266,1
112.81016683578493,1
112.81020283699036,1
112.81022143363953,1
112.81054306030272,1
112.81726956367493,1
112.81731986999512,1
112.8173656463623,1
112.81743502616882,1
112.81983041763306,1
112.8198630809784,1
112.81987953186037,1
112.8208167552948,1
112.82084798812866,1
112.82089972496031,1
112.83823895454408,1
112.83827662467957,1
112.84116387367249,1
112.8411819934845,1
112.84209394454956,1
112.84301853179932,1
112.84382367134094,1
112.8439519405365,1
112.84400129318236,1
112.8465449810028,1
112.84661555290222,1
112.84673571586607,1
112.84683680534364,1
112.8468611240387,1
112.85014414787292,1
112.85954451560974,1
112.85957431793211,1
112.85959649086,1
112.86933088302612,1
112.8752658367157,1
112.87528944015504,1
112.87533974647522,1
112.87537670135498,1
112.87947726249696,1
112.87955021858215,1
112.87961030006409,1
112.89367127418518,1
112.89369988441469,1
112.89420199394226,1
112.89512252807616,1
112.89991736412048,1
112.89995765686037,1
112.89999866485596,1
112.91185402870178,1
112.91263818740843,1
112.91279220581056,1
112.91286730766296,1
112.91956162452698,1
112.91966605186462,1
112.91987299919128,1
112.9369945526123,1
112.9370448589325,1
112.93713426589966,1
112.93891429901124,1
112.93898677825928,1
112.9397828578949,1
112.93982481956482,1
112.93986916542052,1
112.94276928901672,1
112.94283652305604,1
112.95104885101318,1
112.95967245101927,1
112.95970845222472,1
112.95972228050232,1
112.980144739151,1
112.9801595211029,1
112.98085236549376,1
112.98928952217102,1
112.98931431770325,1
112.98933362960815,1
112.9893877506256,1
112.9918282032013,1
112.99185252189636,1
112.99190425872804,1
112.99987292289734,1
112.99990963935852,1
113.00005149841309,1
113.0040009021759,1
113.0069510936737,1
113.0084948539734,1
113.0111563205719,1
113.019633769989,1
113.01965999603271,1
113.01967978477478,1
113.02432537078856,1
113.02442932128906,1
113.0269947052002,1
113.02701497077942,1
113.0270607471466,1
113.02706623077393,1
113.03009748458862,1
113.03012776374815,1
113.0312111377716,1
113.03164172172546,1
113.03181886672974,1
113.03369307518004,1
113.03375601768494,1
113.04057383537292,1
113.04064655303956,1
113.0597004890442,1
113.05975842475893,1
113.05978965759276,1
113.0745940208435,1
113.0770833492279,1
113.0782618522644,1
113.0798487663269,1
113.07989645004272,1
113.08003163337708,1
113.09981608390808,1
113.09986543655396,1
113.09996700286864,1
113.10407757759094,1
113.10413312911987,1
113.10426712036131,1
113.105464220047,1
113.10840129852296,1
113.10845899581908,1
113.10880970954896,1
113.12129354476927,1
113.12134838104248,1
113.12137150764464,1
113.12144327163696,1
113.12146377563477,1
113.12148571014404,1
113.12155199050903,1
113.12157416343688,1
113.12159848213196,1
113.12165093421936,1
113.12887239456175,1
113.140123128891,1
113.14016127586363,1
113.1402657032013,1
113.15738105773926,1
113.15738320350648,1
113.15739798545836,1
113.1591100692749,1
113.1709954738617,1
113.1710240840912,1
113.17109036445618,1
113.17590427398682,1
113.1759467124939,1
113.17605900764464,1
113.19027185440063,1
113.190279006958,1
113.1903133392334,1
113.209068775177,1
113.20910596847534,1
113.21173286437988,1
113.211772441864,1
113.2117886543274,1
113.21182298660278,1
113.2118890285492,1
113.21467232704164,1
113.217591047287,1
113.22141885757446,1
113.2260639667511,1
113.22607278823853,1
113.2305748462677,1
113.23062825202942,1
113.23064398765564,1
113.23627471923828,1
113.23755431175232,1
113.2375841140747,1
113.23760080337524,1
113.23930931091309,1
113.23962092399596,1
113.24020719528198,1
113.24094796180724,1
113.24098229408264,1
113.24846744537354,1
113.24849438667296,1
113.24849486351012,1
113.24891233444214,1
113.24897837638856,1
113.26966619491576,1
113.26970219612122,1
113.26977801322936,1
113.28492188453674,1
113.29362750053406,1
113.2936556339264,1
113.29425764083862,1
113.29579210281372,1
113.29894471168518,1
113.29896807670592,1
113.29902935028076,1
113.29904866218568,1
113.30003595352171,1
113.30034446716309,1
113.30856728553772,1
113.30970525741576,1
113.30971431732178,1
113.30972862243652,1
113.32801485061646,1
113.3280634880066,1
113.32807874679564,1
113.34932565689088,1
113.34937119483948,1
113.3493947982788,1
113.35250353813171,1
113.35260796546936,1
113.3526577949524,1
113.35267686843872,1
113.35444283485413,1
113.35449862480164,1
113.35453963279724,1
113.3545789718628,1
113.3546233177185,1
113.35466051101685,1
113.35469961166382,1
113.35719919204712,1
113.35721802711488,1
113.35722947120668,1
113.3572404384613,1
113.3631148338318,1
113.36311960220335,1
113.36315512657166,1
113.36319327354433,1
113.36628127098083,1
113.36631202697754,1
113.36637330055235,1
113.36933875083923,1
113.37984776496889,1
113.3798849582672,1
113.37993621826172,1
113.38441324234007,1
113.38461232185364,1
113.3846743106842,1
113.38472032546996,1
113.38662767410278,1
113.38684940338136,1
113.38726043701172,1
113.40130066871644,1
113.403151512146,1
113.40417289733888,1
113.41493773460388,1
113.41497659683228,1
113.41500806808472,1
113.41931223869324,1
113.41933298110962,1
113.4216570854187,1
113.4216604232788,1
113.42169547080994,1
113.42170429229736,1
113.43025946617126,1
113.43029260635376,1
113.43029999732973,1
113.43471217155457,1
113.43571639060974,1
113.43751454353333,1
113.43753051757812,1
113.43754196166992,1
113.4388108253479,1
113.44029378890993,1
113.44985580444336,1
113.44988584518433,1
113.44991898536682,1
113.46766710281372,1
113.46769547462463,1
113.46786737442017,1
113.48091435432434,1
113.48747277259828,1
113.48748469352722,1
113.4875717163086,1
113.4875864982605,1
113.49015784263612,1
113.49017024040222,1
113.49026203155518,1
113.49576020240784,1
113.49576139450072,1
113.49580144882202,1
113.5079493522644,1
113.50797486305235,1
113.50803208351137,1
113.517329454422,1
113.520574092865,1
113.52265167236328,1
113.5227632522583,1
113.52278399467468,1
113.5227906703949,1
113.52279472351074,1
113.5228328704834,1
113.52653312683104,1
113.52653980255128,1
113.52656531333923,1
113.5313994884491,1
113.53144264221191,1
113.53380346298218,1
113.53384494781494,1
113.54482197761536,1
113.54483270645142,1
113.54485082626344,1
113.55703139305116,1
113.56561636924744,1
113.56568717956544,1
113.5657036304474,1
113.58475804328918,1
113.58479738235474,1
113.58486080169678,1
113.59404683113098,1
113.5941925048828,1
113.59422206878662,1
113.59435081481934,1
113.5959928035736,1
113.59600949287416,1
113.5960865020752,1
113.59785628318788,1
113.59789443016052,1
113.59809613227844,1
113.59811997413637,1
113.59904456138612,1
113.59907960891724,1
113.59921503067017,1
113.59980916976927,1
113.60271143913268,1
113.60498046875,1
113.60501503944396,1
113.60506677627563,1
113.61211466789246,1
113.61945009231567,1
113.619482755661,1
113.61949801445007,1
113.63610672950745,1
113.63612818717957,1
113.63997316360474,1
113.64001965522766,1
113.64004230499268,1
113.64128184318542,1
113.64130234718324,1
113.64131355285645,1
113.64131593704224,1
113.64364051818848,1
113.64367747306824,1
113.64921021461488,1
113.6544599533081,1
113.65448784828186,1
113.65673041343688,1
113.65720534324646,1
113.6578426361084,1
113.65935897827148,1
113.65938544273376,1
113.65941500663756,1
113.6797091960907,1
113.67973899841309,1
113.6797685623169,1
113.690425157547,1
113.69138479232788,1
113.6999306678772,1
113.69996047019958,1
113.70046877861024,1
113.71587204933168,1
113.7158830165863,1
113.71589374542236,1
113.71594548225404,1
113.71789526939392,1
113.71793484687804,1
113.71831679344176,1
113.71941614151,1
113.71944046020508,1
113.71947264671326,1
113.73956751823424,1
113.73959279060364,1
113.73964428901672,1
113.7530426979065,1
113.75411367416382,1
113.75532245635986,1
113.75767612457275,1
113.75770139694214,1
113.75856614112854,1
113.75860571861269,1
113.75922060012816,1
113.7593162059784,1
113.75935077667236,1
113.77945947647096,1
113.77949118614195,1
113.77949404716492,1
113.78508138656616,1
113.79136872291564,1
113.79139971733092,1
113.79141449928284,1
113.79147958755492,1
113.79412126541138,1
113.79423308372498,1
113.79455614089966,1
113.79745125770567,1
113.79969644546507,1
113.79973030090332,1
113.79974508285522,1
113.80298209190369,1
113.8030128479004,1
113.81187582015993,1
113.81300377845764,1
113.81303644180298,1
113.81304168701172,1
113.8183217048645,1
113.81838059425354,1
113.81981587409972,1
113.8198459148407,1
113.81986093521118,1
113.83762621879578,1
113.83766412734984,1
113.84294605255128,1
113.84296941757202,1
113.84324622154236,1
113.84399461746216,1
113.84401178359984,1
113.84403657913208,1
113.8440957069397,1
113.84410166740416,1
113.84410953521729,1
113.8441126346588,1
113.8450710773468,1
113.8450915813446,1
113.85957312583923,1
113.85957908630373,1
113.85960459709167,1
113.87159395217896,1
113.87947034835815,1
113.87949347496031,1
113.87949514389038,1
113.88102412223816,1
113.88411569595335,1
113.88447952270508,1
113.88450407981873,1
113.88476872444151,1
113.8877112865448,1
113.88776469230652,1
113.88778018951416,1
113.89991688728333,1
113.89993834495544,1
113.89995121955872,1
113.90405321121216,1
113.90797853469849,1
113.90902614593506,1
113.9200382232666,1
113.92005109786987,1
113.92006587982178,1
113.9200668334961,1
113.92007756233215,1
113.92007851600648,1
113.92291212081908,1
113.92302370071413,1
113.92303609848022,1
113.9231104850769,1
113.9231264591217,1
113.92313885688782,1
113.92597031593324,1
113.92606258392334,1
113.93977451324464,1
113.93978357315063,1
113.93986225128174,1
113.95935225486755,1
113.9593813419342,1
113.95939302444458,1
113.9634404182434,1
113.9659812450409,1
113.9662537574768,1
113.9717366695404,1
113.97174835205078,1
113.97183585166933,1
113.97185277938844,1
113.97938179969788,1
113.97941255569458,1
113.97946286201476,1
113.98153519630432,1
113.9815435409546,1
113.9818549156189,1
113.98258686065674,1
113.99003386497498,1
113.99962186813354,1
113.99968647956848,1
113.99998784065248,1
114.01951789855956,1
114.0197455883026,1
114.01998805999756,1
114.02002239227296,1
114.02024030685423,1
114.02099275588988,1
114.02115249633788,1
114.0211730003357,1
114.02119135856628,1
114.02368640899658,1
114.02379703521729,1
114.02429580688477,1
114.03695559501648,1
114.03697776794434,1
114.038330078125,1
114.03837633132936,1
114.0403356552124,1
114.04037523269652,1
114.04129433631896,1
114.06166434288023,1
114.06169533729552,1
114.06175589561462,1
114.07062315940856,1
114.08002853393556,1
114.08005666732788,1
114.08027029037476,1
114.0999526977539,1
114.09997940063477,1
114.09999179840088,1
114.10861420631409,1
114.10880136489868,1
114.10882306098938,1
114.10888624191284,1
114.11045980453493,1
114.11046767234802,1
114.11047458648682,1
114.11210060119627,1
114.11212873458862,1
114.11213898658752,1
114.11214923858644,1
114.11300921440125,1
114.1130349636078,1
114.11353635787964,1
114.11353826522829,1
114.1194658279419,1
114.11946749687196,1
114.11951541900636,1
114.12078428268433,1
114.12079572677612,1
114.1208074092865,1
114.12084341049194,1
114.13944005966188,1
114.13946723937988,1
114.13951587677002,1
114.14102077484132,1
114.14104580879211,1
114.14109802246094,1
114.14136028289796,1
114.1414852142334,1
114.143536567688,1
114.14376211166382,1
114.14434695243835,1
114.14696931838988,1
114.15949034690856,1
114.1595175266266,1
114.1595540046692,1
114.17460680007936,1
114.1793131828308,1
114.17932534217834,1
114.17936325073242,1
114.19950580596924,1
114.1995439529419,1
114.1995587348938,1
