t,anomaly_label
0.0,0
6.890296936035156e-05,0
0.0111727714538574,0
0.015007734298706,0
0.0150620937347412,0
0.0152359008789062,0
0.0198273658752441,0
0.0199980735778808,0
0.0200293064117431,0
0.0234582424163818,0
0.0234992504119873,0
0.0236480236053466,0
0.0238740444183349,0
0.0240013599395751,0
0.0241310596466064,0
0.0291628837585449,0
0.0291924476623535,0
0.0292093753814697,0
0.0292234420776367,0
0.0336534976959228,0
0.0337862968444824,0
0.043605089187622,0
0.0436320304870605,0
0.0436718463897705,0
0.0480768680572509,0
0.0532140731811523,0
0.0556681156158447,0
0.055713415145874,0
0.0559821128845214,0
0.0578010082244873,0
0.0579504966735839,0
0.0580031871795654,0
0.0580995082855224,0
0.0581703186035156,0
0.0582222938537597,0
0.0595443248748779,0
0.0650451183319091,0
0.0767593383789062,0
0.0768079757690429,0
0.0851247310638427,0
0.0851821899414062,0
0.0852727890014648,0
0.0853006839752197,0
0.0879907608032226,0
0.0880365371704101,0
0.0881361961364746,0
0.0967655181884765,0
0.0971224308013916,0
0.1064918041229248,0
0.1065423488616943,0
0.1101961135864257,0
0.1102268695831298,0
0.1118159294128418,0
0.1146552562713623,0
0.1178216934204101,0
0.1178731918334961,0
0.1208577156066894,0
0.1367285251617431,0
0.136756420135498,0
0.138599157333374,0
0.1386022567749023,0
0.1418118476867675,0
0.1418356895446777,0
0.1419816017150879,0
0.141998291015625,0
0.156914472579956,0
0.1569530963897705,0
0.1588811874389648,0
0.1589176654815673,0
0.1590325832366943,0
0.1612212657928466,0
0.1772682666778564,0
0.1794943809509277,0
0.1988215446472168,0
0.1988718509674072,0
0.2016723155975341,0
0.2017147541046142,0
0.2017719745635986,0
0.2017936706542968,0
0.2044398784637451,0
0.2045185565948486,0
0.2045493125915527,0
0.207803726196289,0
0.207853078842163,0
0.2079164981842041,0
0.208620548248291,0
0.2086536884307861,0
0.2170591354370117,0
0.2170977592468261,0
0.2323176860809326,0
0.236649751663208,0
0.2366790771484375,0
0.25921630859375,0
0.2592396736145019,0
0.2592542171478271,0
0.278315782546997,0
0.2783639430999756,0
0.2784554958343506,0
0.2828507423400879,0
0.2831957340240478,0
0.2832248210906982,0
0.2833285331726074,0
0.2865886688232422,0
0.2866129875183105,0
0.2866888046264648,0
0.3030154705047607,0
0.3030793666839599,0
0.3031008243560791,0
0.3147704601287842,0
0.314798355102539,0
0.3148193359375,0
0.3148391246795654,0
0.3182623386383056,0
0.3184638023376465,0
0.3184742927551269,0
0.322620153427124,0
0.3240253925323486,0
0.3240582942962646,0
0.3245775699615478,0
0.326047420501709,0
0.3260483741760254,0
0.3279981613159179,0
0.3282523155212402,0
0.3319776058197021,0
0.3321096897125244,0
0.3353695869445801,0
0.3409047126770019,0
0.3409521579742431,0
0.3449537754058838,0
0.3450417518615722,0
0.3464612960815429,0
0.3465111255645752,0
0.3465588092803955,0
0.3466112613677978,0
0.3489844799041748,0
0.3490018844604492,0
0.3493928909301758,0
0.3613150119781494,0
0.3625509738922119,0
0.3626468181610107,0
0.3627054691314697,0
0.3659307956695556,0
0.3810811042785644,0
0.3810856342315674,0
0.3811397552490234,0
0.3934319019317627,0
0.4051060676574707,0
0.4051513671875,0
0.4052352905273437,0
0.4064259529113769,0
0.4086904525756836,0
0.4087069034576416,0
0.4091534614562988,0
0.409170389175415,0
0.4091880321502685,0
0.4092087745666504,0
0.4092648029327392,0
0.4093489646911621,0
0.4094152450561523,0
0.4094405174255371,0
0.4131815433502197,0
0.4158189296722412,0
0.4234151840209961,0
0.4248735904693603,0
0.4249048233032226,0
0.4389472007751465,0
0.438983678817749,0
0.4392008781433105,0
0.4601972103118896,0
0.4602344036102295,0
0.4602968692779541,0
0.4768257141113281,0
0.4814221858978271,0
0.4814620018005371,0
0.4815783500671386,0
0.5024571418762207,0
0.5025060176849365,0
0.5025908946990967,0
0.5091254711151123,0
0.509178638458252,0
0.5092039108276367,0
0.5092892646789551,0
0.5155022144317627,0
0.5155274868011475,0
0.515557050704956,0
0.5168147087097168,0
0.5169358253479004,0
0.5266051292419434,0
0.5266437530517578,0
0.5266587734222412,0
0.5266785621643066,0
0.5266914367675781,0
0.5267090797424316,0
0.5278141498565674,0
0.5279219150543213,0
0.5279481410980225,0
0.5308263301849365,0
0.5312314033508301,0
0.5312933921813965,0
0.5427277088165283,0
0.5428988933563232,0
0.5429394245147705,0
0.5430433750152588,0
0.5487010478973389,0
0.5488133430480957,0
0.5501096248626709,0
0.5502266883850098,0
0.5502569675445557,0
0.5503263473510742,0
0.5564882755279541,0
0.5565085411071777,0
0.557645320892334,0
0.5614044666290283,0
0.5617368221282959,0
0.561776876449585,0
0.5763363838195801,0
0.5832400321960449,0
0.5832803249359131,0
0.5833148956298828,0
0.6021182537078857,0
0.602285623550415,0
0.6025295257568359,0
0.6091704368591309,0
0.6091973781585693,0
0.6093344688415527,0
0.609365701675415,0
0.6172688007354736,0
0.617448091506958,0
0.6174685955047607,0
0.6174881458282471,0
0.6175153255462646,0
0.61899733543396,0
0.6190145015716553,0
0.6210665702819824,0
0.6211020946502686,0
0.6211135387420654,0
0.6226773262023926,0
0.6348128318786621,0
0.6366395950317383,0
0.6367638111114502,0
0.6371910572052002,0
0.6412193775177002,0
0.641460657119751,0
0.6414797306060791,0
0.6584138870239258,0
0.6584851741790771,0
0.6585068702697754,0
0.6601860523223877,0
0.6602177619934082,0
0.6602673530578613,0
0.6813666820526123,0
0.6813869476318359,0
0.6814301013946533,0
0.6873319149017334,0
0.6967997550964355,0
0.696814775466919,0
0.6970729827880859,0
0.6971030235290527,0
0.6971340179443359,0
0.6971418857574463,0
0.7010200023651123,0
0.7010598182678223,0
0.7011473178863525,0
0.701514482498169,0
0.7153241634368896,0
0.7153534889221191,0
0.7187869548797607,0
0.7188847064971924,0
0.7220425605773926,0
0.7262632846832275,0
0.7263038158416748,0
0.7263200283050537,0
0.7366247177124023,0
0.739342451095581,0
0.7393720149993896,0
0.7395615577697754,0
0.7449021339416504,0
0.7456238269805908,0
0.7461464405059814,0
0.7538752555847168,0
0.7539243698120117,0
0.7588248252868652,0
0.7588551044464111,0
0.7588627338409424,0
0.778693675994873,0
0.77890944480896,0
0.7792747020721436,0
0.7829720973968506,0
0.783355712890625,0
0.7833781242370605,0
0.7835178375244141,0
0.7853860855102539,0
0.7855148315429688,0
0.78572678565979,0
0.7897732257843018,0
0.7897951602935791,0
0.7898030281066895,0
0.7898054122924805,0
0.7988450527191162,0
0.7988452911376953,0
0.7988681793212891,0
0.7988717555999756,0
0.7989087104797363,0
0.7989935874938965,0
0.7990086078643799,0
0.8180723190307617,0
0.8181016445159912,0
0.8181116580963135,0
0.829636812210083,0
0.8297674655914307,0
0.8301088809967041,0
0.8301694393157959,0
0.8311712741851807,0
0.8326101303100586,0
0.8391051292419434,0
0.8398029804229736,0
0.8398318290710449,0
0.8398442268371582,0
0.84413743019104,0
0.8441610336303711,0
0.8442533016204834,0
0.8445379734039307,0
0.8590550422668457,0
0.8590855598449707,0
0.8595976829528809,0
0.863832950592041,0
0.8638515472412109,0
0.8640503883361816,0
0.8653018474578857,0
0.8695464134216309,0
0.8695716857910156,0
0.8695840835571289,0
0.8696212768554688,0
0.8747763633728027,0
0.875084400177002,0
0.8751246929168701,0
0.8794429302215576,0
0.8794758319854736,0
0.8794903755187988,0
0.8965122699737549,0
0.8965463638305664,0
0.9004936218261719,0
0.9005458354949951,0
0.9005477428436279,0
0.91347074508667,0
0.9135324954986572,0
0.9226620197296144,0
0.922703981399536,0
0.9227635860443116,0
0.9402523040771484,0
0.9418416023254396,0
0.9430663585662842,0
0.943103551864624,0
0.9476540088653564,0
0.9476659297943116,0
0.9590392112731934,0
0.9590668678283693,0
0.9591302871704102,0
0.963857650756836,0
0.963893175125122,0
0.9639465808868408,0
0.9655039310455322,0
0.9688107967376708,0
0.9688231945037842,0
0.9688363075256348,0
0.9794952869415284,0
0.9803352355957032,0
0.9803366661071776,0
0.9938235282897948,0
0.99867844581604,0
0.9987030029296876,0
0.998741626739502,0
1.0013952255249023,0
1.001408338546753,0
1.0014195442199707,0
1.0014302730560305,0
1.002816915512085,0
1.0033094882965088,0
1.0033373832702637,0
1.0048551559448242,0
1.0049467086791992,0
1.0073933601379397,0
1.0075674057006836,0
1.0179026126861572,0
1.0179235935211182,0
1.0180060863494873,0
1.0180189609527588,0
1.01934814453125,0
1.0231702327728271,0
1.0232155323028564,0
1.0236332416534424,0
1.023646116256714,0
1.0236601829528809,0
1.0350666046142578,0
1.038647174835205,0
1.0386712551116943,0
1.0387165546417236,0
1.0598726272583008,0
1.059903621673584,0
1.059917449951172,0
1.065506935119629,0
1.065535068511963,0
1.065546989440918,0
1.065587282180786,0
1.068691968917847,0
1.068706750869751,0
1.0689115524291992,0
1.0699362754821775,0
1.080111742019653,0
1.0801498889923096,0
1.0801682472229004,0
1.090442180633545,0
1.0911407470703125,0
1.0911846160888672,0
1.0912015438079834,0
1.0938866138458252,0
1.094041347503662,0
1.094118356704712,0
1.100395679473877,0
1.1004304885864258,0
1.1007423400878906,0
1.1011662483215332,0
1.1011946201324463,0
1.101233720779419,0
1.101248025894165,0
1.1205205917358398,0
1.1210248470306396,0
1.1224956512451172,0
1.1370656490325928,0
1.140208721160889,0
1.1404240131378174,0
1.1404926776885986,0
1.158893346786499,0
1.1589090824127195,0
1.1589176654815674,0
1.1684434413909912,0
1.1684577465057373,0
1.1700036525726318,0
1.1701743602752686,0
1.1701881885528564,0
1.1701993942260742,0
1.1717381477355957,0
1.171763896942139,0
1.1717896461486816,0
1.1730692386627195,0
1.1791200637817385,0
1.1791460514068604,0
1.1791586875915527,0
1.188227891921997,0
1.1882452964782717,0
1.188259840011597,0
1.1882765293121338,0
1.1924848556518557,0
1.1924948692321775,0
1.1924965381622314,0
1.192523956298828,0
1.1925599575042725,0
1.1987524032592771,0
1.1987760066986084,0
1.198780536651611,0
1.1988213062286377,0
1.1988613605499268,0
1.1988739967346191,0
1.220191478729248,0
1.2202188968658447,0
1.2203943729400637,0
1.226856708526611,0
1.2320916652679443,0
1.2326817512512207,0
1.2390203475952148,0
1.239046573638916,0
1.2391347885131836,0
1.2403502464294434,0
1.240415334701538,0
1.240638017654419,0
1.2406606674194336,0
1.25907564163208,0
1.2591054439544678,0
1.2591056823730469,0
1.2663304805755615,0
1.2663578987121582,0
1.2664058208465576,0
1.2683393955230713,0
1.2685370445251465,0
1.2685599327087402,0
1.2685749530792236,0
1.2699222564697266,0
1.2703166007995603,0
1.2707488536834717,0
1.2712781429290771,0
1.278836011886597,0
1.2812142372131348,0
1.2812397480010986,0
1.281252145767212,0
1.2812645435333252,0
1.2813043594360352,0
1.2813498973846436,0
1.3003273010253906,0
1.3003625869750977,0
1.300550937652588,0
1.30790376663208,0
1.3079240322113037,0
1.3079259395599363,0
1.308469295501709,0
1.3085074424743652,0
1.3103394508361816,0
1.3104190826416016,0
1.320340871810913,0
1.3203437328338623,0
1.320451259613037,0
1.3293354511260986,0
1.3323369026184082,0
1.3387584686279297,0
1.344141721725464,0
1.3442575931549072,0
1.3447372913360596,0
1.3460702896118164,0
1.3461041450500488,0
1.3474409580230713,0
1.347465991973877,0
1.3478007316589355,0
1.347829818725586,0
1.359292984008789,0
1.3593223094940186,0
1.3593335151672363,0
1.363396167755127,0
1.3634121417999268,0
1.3634586334228516,0
1.3649039268493652,0
1.3664453029632568,0
1.369190692901611,0
1.3787434101104736,0
1.3787660598754885,0
1.3787953853607178,0
1.388361930847168,0
1.388396978378296,0
1.3884644508361816,0
1.389275312423706,0
1.390324354171753,0
1.390355348587036,0
1.3913795948028564,0
1.3922343254089355,0
1.3922507762908936,0
1.3936998844146729,0
1.3937129974365234,0
1.3989529609680176,0
1.3994829654693604,0
1.399510622024536,0
1.414559841156006,0
1.4206764698028564,0
1.4207053184509275,0
1.4208478927612305,0
1.439415693283081,0
1.4394230842590332,0
1.4394268989562988,0
1.4394376277923584,0
1.4394512176513672,0
1.4405508041381836,0
1.4405665397644043,0
1.4414129257202148,0
1.4414360523223877,0
1.4417345523834229,0
1.4545934200286863,0
1.4594135284423828,0
1.4594447612762451,0
1.4594600200653076,0
1.4820001125335691,0
1.4820082187652588,0
1.4820456504821775,0
1.4847605228424072,0
1.4855122566223145,0
1.488028049468994,0
1.4880635738372805,0
1.4881508350372314,0
1.488205909729004,0
1.4882726669311523,0
1.4908158779144287,0
1.490833044052124,0
1.490844964981079,0
1.4908571243286133,0
1.4994194507598877,0
1.4994544982910156,0
1.4994690418243408,0
1.5073695182800293,0
1.5074050426483154,0
1.5076777935028076,0
1.508389234542847,0
1.5084247589111328,0
1.5099244117736816,0
1.509977102279663,0
1.5108742713928225,0
1.5238862037658691,0
1.5239248275756836,0
1.523939847946167,0
1.5298399925231934,0
1.5298430919647217,0
1.5316171646118164,0
1.5319581031799316,0
1.531963348388672,0
1.5319807529449463,0
1.5322177410125732,0
1.5324466228485107,0
1.532468557357788,0
1.5372023582458496,0
1.5372376441955566,0
1.5372626781463623,0
1.555727481842041,0
1.559112548828125,0
1.5591344833374023,0
1.5591449737548828,0
1.579280138015747,0
1.57930588722229,0
1.5793521404266355,0
1.5871591567993164,0
1.5871758460998535,0
1.5871860980987549,0
1.58719801902771,0
1.5913054943084717,0
1.591310739517212,0
1.59134840965271,0
1.59232759475708,0
1.5939624309539795,0
1.5987582206726074,0
1.5989046096801758,0
1.5989172458648682,0
1.600558519363403,0
1.600574970245361,0
1.602076530456543,0
1.6021060943603516,0
1.6189801692962646,0
1.619013786315918,0
1.6190464496612549,0
1.6390259265899658,0
1.6390509605407717,0
1.639068603515625,0
1.6428380012512207,0
1.648409128189087,0
1.6484382152557373,0
1.6484508514404297,0
1.6490120887756348,0
1.659271240234375,0
1.6592833995819092,0
1.6593315601348877,0
1.663815975189209,0
1.6638484001159668,0
1.6641902923583984,0
1.6809954643249512,0
1.6810483932495115,0
1.6810674667358398,0
1.6908113956451416,0
1.6968021392822266,0
1.6968326568603516,0
1.6970922946929932,0
1.6971118450164795,0
1.700225591659546,0
1.7002270221710205,0
1.700268030166626,0
1.702113389968872,0
1.7138230800628662,0
1.717823505401611,0
1.717859983444214,0
1.7249159812927246,0
1.7249600887298584,0
1.7250041961669922,0
1.7263405323028564,0
1.7263479232788086,0
1.7263638973236084,0
1.7336630821228027,0
1.734079122543335,0
1.7358050346374512,0
1.7366454601287842,0
1.7368357181549072,0
1.736867904663086,0
1.7377095222473145,0
1.737736463546753,0
1.7403075695037842,0
1.7433934211730957,0
1.743424415588379,0
1.7435081005096436,0
1.743821620941162,0
1.7447431087493896,0
1.7447779178619385,0
1.7454841136932373,0
1.7495355606079102,0
1.7495672702789309,0
1.7496109008789062,0
1.755216121673584,0
1.7598848342895508,0
1.7604124546051023,0
1.7605085372924805,0
1.779588222503662,0
1.7796149253845217,0
1.7796342372894287,0
1.7916905879974363,0
1.7917287349700928,0
1.7917473316192627,0
1.7917649745941162,0
1.793116569519043,0
1.7931320667266846,0
1.79327392578125,0
1.7955060005187988,0
1.7955877780914309,0
1.7970530986785889,0
1.7971312999725342,0
1.8003246784210205,0
1.8003342151641846,0
1.800335168838501,0
1.8007261753082275,0
1.8216352462768557,0
1.8216772079467771,0
1.8218131065368648,0
1.821833848953247,0
1.824409008026123,0
1.8244304656982424,0
1.8258373737335205,0
1.827764749526977,0
1.8280766010284424,0
1.8282232284545896,0
1.8358018398284912,0
1.8396356105804443,0
1.8396692276000977,0
1.8396811485290527,0
1.8599193096160889,0
1.8599553108215328,0
1.8600239753723145,0
1.8806815147399905,0
1.880725622177124,0
1.8807435035705569,0
1.8856587409973145,0
1.8858678340911863,0
1.8887522220611568,0
1.8888838291168213,0
1.8889093399047847,0
1.8895156383514404,0
1.8896958827972408,0
1.8939518928527832,0
1.896094799041748,0
1.901653528213501,0
1.9016568660736084,0
1.9016709327697756,0
1.9069297313690183,0
1.906975269317627,0
1.908935785293579,0
1.9090096950531008,0
1.909153938293457,0
1.9219374656677248,0
1.921980857849121,0
1.9224257469177248,0
1.9303479194641116,0
1.9303829669952397,0
1.9325199127197263,0
1.9325475692749023,0
1.9325509071350095,0
1.933943510055542,0
1.93650221824646,0
1.9365360736846924,0
1.9367942810058596,0
1.9405734539031985,0
1.9407289028167725,0
1.940734386444092,0
1.9525506496429443,0
1.9547667503356931,0
1.9556214809417725,0
1.9612135887146,0
1.961252212524414,0
1.9613277912139893,0
1.962404489517212,0
1.9624435901641848,0
1.9627933502197263,0
1.962831735610962,0
1.9654619693756104,0
1.965495586395264,0
1.9659667015075684,0
1.9675564765930176,0
1.9675958156585691,0
1.9676167964935305,0
1.9676668643951416,0
1.9696619510650637,0
1.96968936920166,0
1.969701051712036,0
1.976770639419556,0
1.976808786392212,0
1.9808528423309328,0
1.9808897972106931,0
1.981454849243164,0
1.98995304107666,0
1.990028381347656,0
1.9970839023590088,0
1.9971237182617188,0
1.997201681137085,0
2.025324583053589,0
2.0253751277923584,0
2.02542495727539,0
2.026741743087769,0
2.034590005874634,0
2.0346174240112305,0
2.034751892089844,0
2.034775733947754,0
2.035031318664551,0
2.035054445266724,0
2.035420179367065,0
2.0440385341644287,0
2.044074058532715,0
2.0444681644439697,0
2.044713497161865,0
2.0592873096466064,0
2.059287548065185,0
2.059328317642212,0
2.065750360488892,0
2.0657904148101807,0
2.065807342529297,0
2.065826177597046,0
2.077565908432007,0
2.0775845050811768,0
2.077681064605713,0
2.07770037651062,0
2.0802626609802246,0
2.08029842376709,0
2.080312490463257,0
2.094048023223877,0
2.099373340606689,0
2.099424362182617,0
2.1006393432617188,0
2.100736379623413,0
2.101704359054565,0
2.1017234325408936,0
2.1017403602600098,0
2.1017630100250244,0
2.118421792984009,0
2.1189627647399902,0
2.129155158996582,0
2.129199504852295,0
2.129290819168091,0
2.129318952560425,0
2.129434823989868,0
2.1294825077056885,0
2.1304075717926025,0
2.141167163848877,0
2.1411798000335693,0
2.141206979751587,0
2.142315149307251,0
2.1423375606536865,0
2.1428568363189697,0
2.143806219100952,0
2.160817861557007,0
2.160861730575561,0
2.1609246730804443,0
2.168020725250244,0
2.1699881553649902,0
2.170033693313598,0
2.17028284072876,0
2.1728312969207764,0
2.1728765964508057,0
2.172893047332764,0
2.1729133129119877,0
2.176032304763794,0
2.176078081130981,0
2.176098108291626,0
2.1761200428009038,0
2.180756092071533,0
2.180790424346924,0
2.1808056831359863,0
2.185179710388184,0
2.1856231689453125,0
2.185650110244751,0
2.185809850692749,0
2.1871016025543213,0
2.187110424041748,0
2.187143564224243,0
2.2016186714172363,0
2.201658248901367,0
2.2022628784179688,0
2.214571475982666,0
2.214637041091919,0
2.215900659561157,0
2.216019630432129,0
2.2178609371185303,0
2.219855308532715,0
2.2256550788879395,0
2.225758552551269,0
2.225910425186157,0
2.239668607711792,0
2.2396998405456543,0
2.2397639751434326,0
2.2402031421661377,0
2.247161388397217,0
2.256578207015991,0
2.2566049098968506,0
2.256678581237793,0
2.256695508956909,0
2.259838104248047,0
2.259864330291748,0
2.259907960891724,0
2.2764675617218018,0
2.2764878273010254,0
2.276493549346924,0
2.2804994583129883,0
2.280538558959961,0
2.280555248260498,0
2.3008830547332764,0
2.3009226322174072,0
2.301018476486206,0
2.3060102462768555,0
2.3076350688934326,0
2.3088552951812744,0
2.3150744438171387,0
2.315096855163574,0
2.321977138519287,0
2.322104930877685,0
2.323918342590332,0
2.327432632446289,0
2.3275482654571533,0
2.330908298492432,0
2.3310675621032715,0
2.3311209678649902,0
2.3311753273010254,0
2.332003593444824,0
2.332093477249145,0
2.3410637378692627,0
2.3411130905151367,0
2.345721960067749,0
2.352640390396118,0
2.3526711463928223,0
2.3526859283447266,0
2.3542988300323486,0
2.354519844055176,0
2.3549976348876958,0
2.355351448059082,0
2.359177827835083,0
2.360105037689209,0
2.360148906707764,0
2.3601651191711426,0
2.383377313613892,0
2.3838236331939697,0
2.3838579654693604,0
2.3928818702697754,0
2.392921209335327,0
2.3929638862609863,0
2.39303994178772,0
2.3939149379730225,0
2.394213914871216,0
2.39517879486084,0
2.395703077316284,0
2.3957741260528564,0
2.3999035358428955,0
2.39993667602539,0
2.4000184535980225,0
2.401120185852051,0
2.401125431060791,0
2.416776657104492,0
2.4167768955230717,0
2.416780471801758,0
2.416797876358032,0
2.42060661315918,0
2.420628309249878,0
2.420642614364624,0
2.422389030456543,0
2.422424554824829,0
2.4224393367767334,0
2.435567617416382,0
2.4372684955596924,0
2.437321901321411,0
2.4373226165771484,0
2.461276054382324,0
2.4613187313079834,0
2.4613358974456787,0
2.4737937450408936,0
2.4738433361053467,0
2.473906278610229,0
2.473984718322754,0
2.477574825286865,0
2.477605104446411,0
2.4776973724365234,0
2.480712652206421,0
2.4830610752105717,0
2.4844439029693604,0
2.4844491481781006,0
2.4845001697540283,0
2.494821786880493,0
2.502964735031128,0
2.5029890537261963,0
2.5030107498168945,0
2.503021717071533,0
2.505842447280884,0
2.506281852722168,0
2.506286382675171,0
2.5079808235168457,0
2.508662700653076,0
2.508872985839844,0
2.5090999603271484,0
2.509157657623291,0
2.510282278060913,0
2.5103063583374023,0
2.5206964015960693,0
2.520721912384033,0
2.5343637466430664,0
2.5402987003326416,0
2.540330648422241,0
2.5403974056243896,0
2.56082534790039,0
2.56087064743042,0
2.5609607696533203,0
2.5742056369781494,0
2.574334144592285,0
2.5763702392578125,0
2.576378345489502,0
2.576427936553955,0
2.576457023620605,0
2.580111026763916,0
2.5801241397857666,0
2.580214262008667,0
2.581123352050781,0
2.585608720779419,0
2.5858166217803955,0
2.5858314037323,0
2.5878264904022217,0
2.589418172836304,0
2.597205877304077,0
2.5972437858581543,0
2.597496747970581,0
2.598290205001831,0
2.602710723876953,0
2.602748394012451,0
2.6064743995666504,0
2.608160972595215,0
2.608319044113159,0
2.6088266372680664,0
2.6103522777557373,0
2.6106200218200684,0
2.612982273101806,0
2.6130056381225586,0
2.6212825775146484,0
2.621443271636963,0
2.6217329502105717,0
2.640094518661499,0
2.6401262283325195,0
2.640174150466919,0
2.6440651416778564,0
2.651425361633301,0
2.651456117630005,0
2.6515369415283203,0
2.6515610218048096,0
2.6602299213409424,0
2.6602892875671387,0
2.6603121757507324,0
2.662593126296997,0
2.662612199783325,0
2.662670850753784,0
2.6657462120056152,0
2.6657512187957764,0
2.665764331817627,0
2.6659188270568848,0
2.670668601989746,0
2.674539089202881,0
2.6745827198028564,0
2.681870698928833,0
2.6820409297943115,0
2.686692714691162,0
2.6867029666900635,0
2.696990489959717,0
2.697035074234009,0
2.7060024738311768,0
2.706040143966675,0
2.706174373626709,0
2.708213329315185,0
2.708766222000122,0
2.709230899810791,0
2.709275245666504,0
2.712009906768799,0
2.712052822113037,0
2.7141976356506348,0
2.7142724990844727,0
2.718915700912476,0
2.722912549972534,0
2.722936153411865,0
2.7230064868927,0
2.740772247314453,0
2.7408039569854736,0
2.740817785263061,0
2.753974914550781,0
2.7539782524108887,0
2.7560741901397705,0
2.756099939346313,0
2.7561147212982178,0
2.7561192512512207,0
2.75877046585083,0
2.759392499923706,0
2.7594223022460938,0
2.759710788726806,0
2.7599449157714844,0
2.761291027069092,0
2.761322259902954,0
2.761336326599121,0
2.78202486038208,0
2.782065391540528,0
2.782111644744873,0
2.802089214324951,0
2.8024070262908936,0
2.802452564239502,0
2.823166847229004,0
2.8232240676879883,0
2.8233397006988525,0
2.840739727020264,0
2.84079384803772,0
2.840993881225586,0
2.861607074737549,0
2.862643957138061,0
2.8626883029937744,0
2.8627586364746094,0
2.881791830062866,0
2.88184142112732,0
2.8818655014038086,0
2.892782211303711,0
2.892838478088379,0
2.8952443599700928,0
2.8953089714050293,0
2.8966424465179443,0
2.8973500728607178,0
2.897475004196167,0
2.904661178588867,0
2.905043840408325,0
2.905100584030152,0
2.905136823654175,0
2.9052138328552246,0
2.9081873893737797,0
2.908460855484009,0
2.909431219100952,0
2.913724422454834,0
2.918870210647583,0
2.921377658843994,0
2.923867702484131,0
2.924444913864136,0
2.924936056137085,0
2.939462184906006,0
2.939485549926758,0
2.9396440982818604,0
2.939734697341919,0
2.939760208129883,0
2.943199157714844,0
2.9433906078338623,0
2.9434256553649902,0
2.9437313079833984,0
2.94377064704895,0
2.9437859058380127,0
2.9437997341156006,0
2.9481751918792725,0
2.948193311691284,0
2.9482176303863525,0
2.948716878890991,0
2.9598467350006104,0
2.9598896503448486,0
2.9602339267730717,0
2.965197801589966,0
2.9652371406555176,0
2.968656063079834,0
2.968691349029541,0
2.9688758850097656,0
2.968909978866577,0
2.9714341163635254,0
2.971452236175537,0
2.972036600112915,0
2.97707200050354,0
2.977142095565796,0
2.977152109146118,0
2.9958646297454834,0
3.0014493465423584,0
3.001718282699585,0
3.001871347427368,0
3.0019187927246094,0
3.001983404159546,0
3.0020430088043213,0
3.002208948135376,0
3.005523920059204,0
3.005625009536743,0
3.007507801055908,0
3.0079004764556885,0
3.007972717285156,0
3.0100386142730717,0
3.0101609230041504,0
3.030252456665039,0
3.030263185501098,0
3.030268669128418,0
3.033132314682007,0
3.0400583744049072,0
3.0402262210845947,0
3.040450096130371,0
3.041723728179932,0
3.0441372394561768,0
3.0441854000091557,0
3.044268846511841,0
3.0552427768707275,0
3.0552711486816406,0
3.0552868843078613,0
3.0591394901275635,0
3.059166193008423,0
3.0592381954193115,0
3.080921173095703,0
3.080965042114258,0
3.081068992614746,0
3.0866990089416504,0
3.093475103378296,0
3.0940916538238525,0
3.0943257808685303,0
3.094329833984375,0
3.095434665679932,0
3.0961263179779053,0
3.09615421295166,0
3.0997204780578613,0
3.0997238159179688,0
3.1007320880889893,0
3.1007673740386963,0
3.10086727142334,0
3.101846694946289,0
3.101922035217285,0
3.1224286556243896,0
3.1224782466888428,0
3.122499465942383,0
3.141183376312256,0
3.1412625312805176,0
3.141279935836792,0
3.1531214714050293,0
3.160341739654541,0
3.1603682041168213,0
3.162550926208496,0
3.164936065673828,0
3.1649770736694336,0
3.1649959087371826,0
3.1650519371032715,0
3.1651296615600586,0
3.165180206298828,0
3.1669371128082275,0
3.167104005813598,0
3.167130470275879,0
3.167372465133667,0
3.167436122894287,0
3.167618751525879,0
3.167667865753174,0
3.171150922775269,0
3.1712915897369385,0
3.1713175773620605,0
3.183828830718994,0
3.1838719844818115,0
3.183964967727661,0
3.1937079429626465,0
3.19729995727539,0
3.197352886199951,0
3.1974613666534424,0
3.2060329914093018,0
3.2067458629608154,0
3.2070152759552,0
3.207056999206543,0
3.208247423171997,0
3.208266496658325,0
3.20827579498291,0
3.2102222442626958,0
3.21026873588562,0
3.216277599334717,0
3.216359853744507,0
3.220818042755127,0
3.2208423614501958,0
3.2209057807922363,0
3.223594903945923,0
3.23992919921875,0
3.240013599395752,0
3.24011492729187,0
3.2408907413482666,0
3.2526814937591557,0
3.25286602973938,0
3.253060340881348,0
3.2530651092529297,0
3.255067825317383,0
3.255388021469116,0
3.2554402351379395,0
3.2562625408172607,0
3.2604331970214844,0
3.2632973194122314,0
3.2633213996887207,0
3.2633373737335205,0
3.2665693759918213,0
3.2733752727508545,0
3.275019407272339,0
3.279048204421997,0
3.2790815830230717,0
3.2791168689727783,0
3.300323724746704,0
3.3003623485565186,0
3.3003666400909424,0
3.316678524017334,0
3.317021608352661,0
3.3174796104431152,0
3.317514419555664,0
3.319011211395264,0
3.319563150405884,0
3.320884943008423,0
3.3210198879241943,0
3.321106433868408,0
3.3232133388519287,0
3.323249578475952,0
3.323317766189575,0
3.324127674102783,0
3.324187994003296,0
3.3249526023864746,0
3.3307271003723145,0
3.3403804302215576,0
3.341582536697388,0
3.341583013534546,0
3.341622829437256,0
3.34595251083374,0
3.3462281227111816,0
3.358612298965454,0
3.358705282211304,0
3.358730792999268,0
3.358778476715088,0
3.360923767089844,0
3.360947847366333,0
3.360970020294189,0
3.3636043071746826,0
3.363680362701416,0
3.363720655441284,0
3.376136302947998,0
3.3807594776153564,0
3.380798578262329,0
3.380899667739868,0
3.402421236038208,0
3.4024674892425537,0
3.4024879932403564,0
3.402507305145264,0
3.404707908630371,0
3.4047539234161377,0
3.404772520065308,0
3.4078710079193115,0
3.40789008140564,0
3.410707473754883,0
3.4263486862182617,0
3.4264307022094727,0
3.4266679286956787,0
3.433346033096313,0
3.4333863258361816,0
3.436156272888184,0
3.436173439025879,0
3.438928365707397,0
3.438958168029785,0
3.4391956329345703,0
3.43921160697937,0
3.4409444332122803,0
3.4409756660461426,0
3.4428067207336426,0
3.4440550804138184,0
3.4440860748291016,0
3.444101333618164,0
3.444838523864746,0
3.4505677223205566,0
3.450885534286499,0
3.4511890411376958,0
3.451215505599976,0
3.4528913497924805,0
3.452916145324707,0
3.452948570251465,0
3.4569525718688965,0
3.456964492797852,0
3.4569954872131348,0
3.475449323654175,0
3.477297306060791,0
3.477345466613769,0
3.4787111282348637,0
3.5017364025115967,0
3.5018506050109863,0
3.5020291805267334,0
3.502042293548584,0
3.503209590911865,0
3.522620439529419,0
3.522668838500977,0
3.5234766006469727,0
3.530106544494629,0
3.530658483505249,0
3.5306687355041504,0
3.5306947231292725,0
3.5361316204071045,0
3.5361995697021484,0
3.536207437515259,0
3.5424842834472656,0
3.5426366329193115,0
3.542663097381592,0
3.5426840782165527,0
3.547105550765991,0
3.547180414199829,0
3.5472583770751958,0
3.5482430458068848,0
3.553990125656128,0
3.554107666015625,0
3.554147720336914,0
3.554404258728028,0
3.5554373264312744,0
3.555666923522949,0
3.5556893348693848,0
3.559744358062744,0
3.5600807666778564,0
3.56035590171814,0
3.5807998180389404,0
3.580843925476074,0
3.580939769744873,0
3.591859579086304,0
3.5980820655822754,0
3.598121404647827,0
3.598181962966919,0
3.5982046127319336,0
3.603645086288452,0
3.603737592697144,0
3.603754758834839,0
3.6046979427337646,0
3.604903221130371,0
3.604909658432007,0
3.60565996170044,0
3.605684280395508,0
3.607266902923584,0
3.607290267944336,0
3.609907627105713,0
3.613383293151856,0
3.621077060699463,0
3.62116289138794,0
3.621243953704834,0
3.623457670211792,0
3.626396417617798,0
3.638417482376098,0
3.641461133956909,0
3.641537666320801,0
3.642089605331421,0
3.659922361373901,0
3.6599628925323486,0
3.660027265548706,0
3.664302110671997,0
3.664478302001953,0
3.664515733718872,0
3.664853811264038,0
3.668212890625,0
3.668479681015015,0
3.6685051918029785,0
3.670443296432495,0
3.6704468727111816,0
3.670546293258667,0
3.6705615520477295,0
3.678353786468506,0
3.679409503936768,0
3.67944860458374,0
3.680131673812866,0
3.680863380432129,0
3.680863618850708,0
3.6809041500091553,0
3.697152614593506,0
3.6974029541015625,0
3.6975417137146,0
3.721059083938599,0
3.721101760864258,0
3.72116756439209,0
3.727569103240967,0
3.7275779247283936,0
3.7303175926208496,0
3.731710195541382,0
3.732938766479492,0
3.733578681945801,0
3.733597993850708,0
3.733620166778565,0
3.733731269836426,0
3.7379441261291504,0
3.738303422927856,0
3.7404632568359375,0
3.7410342693328857,0
3.741108655929565,0
3.741152763366699,0
3.741199970245361,0
3.757826566696167,0
3.758712530136109,0
3.7587404251098633,0
3.7587945461273193,0
3.774552583694458,0
3.7752761840820312,0
3.7763655185699454,0
3.7763864994049072,0
3.78067946434021,0
3.780721664428711,0
3.780839681625366,0
3.7943811416625977,0
3.7945616245269775,0
3.794809579849243,0
3.800875425338745,0
3.8008952140808105,0
3.800924777984619,0
3.820151090621948,0
3.821923017501831,0
3.821964740753174,0
3.822037935256958,0
3.822575807571411,0
3.8232860565185542,0
3.841029405593872,0
3.841033458709717,0
3.841050386428833,0
3.8432211875915527,0
3.8433098793029785,0
3.8454604148864746,0
3.8455424308776855,0
3.859788179397583,0
3.859816551208496,0
3.859818935394287,0
3.880669355392456,0
3.880708932876587,0
3.88073205947876,0
3.8898890018463135,0
3.894805431365967,0
3.895011186599731,0
3.8950355052948,0
3.895110607147217,0
3.897463321685791,0
3.897485494613648,0
3.8975095748901367,0
3.9014346599578857,0
3.901470899581909,0
3.901604652404785,0
3.909037590026856,0
3.909064531326294,0
3.909841775894165,0
3.909868478775024,0
3.912869453430176,0
3.912869691848755,0
3.912984609603882,0
3.913005352020264,0
3.9148881435394287,0
3.9152002334594727,0
3.9152112007141113,0
3.9207844734191895,0
3.920830965042114,0
3.9208359718322754,0
3.93727707862854,0
3.9373300075531006,0
3.937427759170532,0
3.9469690322875977,0
3.9520108699798575,0
3.952570915222168,0
3.956945180892944,0
3.95698881149292,0
3.9570116996765137,0
3.9570353031158447,0
3.961108684539795,0
3.9611098766326895,0
3.9611523151397705,0
3.970787048339844,0
3.9717085361480713,0
3.9718172550201416,0
3.973475456237793,0
3.981337070465088,0
3.981365203857422,0
3.981378078460693,0
3.982521533966065,0
3.9848711490631104,0
3.9935436248779297,0
3.993562698364258,0
3.993584632873535,0
3.994722366333008,0
3.996952533721924,0
3.997030258178711,0
3.997053623199463,0
4.002511024475098,0
4.002549886703491,0
4.002629995346069,0
4.005351305007935,0
4.0053887367248535,0
4.0134642124176025,0
4.013578176498413,0
4.015093088150024,0
4.020599126815796,0
4.0206451416015625,0
4.020727157592773,0
4.041060924530029,0
4.041917324066162,0
4.041962623596191,0
4.046496391296387,0
4.049746751785278,0
4.059640169143677,0
4.059671640396118,0
4.060127019882202,0
4.068591117858887,0
4.068621397018433,0
4.068636417388916,0
4.068651914596558,0
4.071617364883423,0
4.071656465530396,0
4.0716869831085205,0
4.072302341461182,0
4.079085111618042,0
4.079119682312012,0
4.079134702682495,0
4.086836099624634,0
4.086874723434448,0
4.086893558502197,0
4.086914300918579,0
4.092347860336304,0
4.092368364334106,0
4.094332933425903,0
4.094903469085693,0
4.09494161605835,0
4.098026275634766,0
4.098114252090454,0
4.100843906402588,0
4.100883722305298,0
4.100959062576294,0
4.126668930053711,0
4.127210140228272,0
4.127243041992188,0
4.140833377838135,0
4.140881061553955,0
4.140896558761597,0
4.142835140228272,0
4.1490583419799805,0
4.149098634719849,0
4.152462959289551,0
4.152479410171509,0
4.1524951457977295,0
4.15567421913147,0
4.1591880321502686,0
4.159205198287964,0
4.1595778465271,0
4.160437107086182,0
4.160459041595459,0
4.160471200942993,0
4.160543441772461,0
4.161371946334839,0
4.161399126052856,0
4.161410570144653,0
4.18141508102417,0
4.18145751953125,0
4.18152642250061,0
4.194487810134888,0
4.194516897201538,0
4.1945390701293945,0
4.1961870193481445,0
4.200190782546997,0
4.200222492218018,0
4.200259208679199,0
4.201433420181274,0
4.201778411865234,0
4.202020645141602,0
4.202964067459106,0
4.208121538162232,0
4.208139657974243,0
4.208922147750855,0
4.208962202072144,0
4.209037780761719,0
4.21446967124939,0
4.214496374130249,0
4.214605093002319,0
4.216724395751953,0
4.217313528060913,0
4.217334032058716,0
4.217406511306763,0
4.219164609909058,0
4.237354516983032,0
4.237394571304321,0
4.237483501434326,0
4.238759279251099,0
4.260416269302368,0
4.260458946228027,0
4.2609779834747314,0
4.262495517730713,0
4.26252007484436,0
4.262585878372192,0
4.262630701065064,0
4.264019966125488,0
4.264043807983398,0
4.264299631118774,0
4.265006065368652,0
4.281188726425171,0
4.281216144561768,0
4.2812371253967285,0
4.30033016204834,0
4.300370931625366,0
4.300519227981567,0
4.321454763412476,0
4.321479320526123,0
4.321505069732666,0
4.3280415534973145,0
4.329309940338135,0
4.3424131870269775,0
4.342483758926392,0
4.3425047397613525,0
4.353918075561523,0
4.353979825973511,0
4.356096029281616,0
4.356225967407227,0
4.356721878051758,0
4.35673451423645,0
4.36162257194519,0
4.361643552780151,0
4.362539768218994,0
4.363413572311401,0
4.363456964492798,0
4.363596200942993,0
4.367152214050293,0
4.367198705673218,0
4.367381811141968,0
4.367401123046875,0
4.371668338775635,0
4.379551649093628,0
4.379587888717651,0
4.379603385925293,0
4.385339975357056,0
4.387629985809326,0
4.401355504989624,0
4.401404857635498,0
4.401489496231079,0
4.403940200805664,0
4.410847187042236,0
4.411267280578613,0
4.411653757095337,0
4.412038326263428,0
4.414483547210693,0
4.415209054946899,0
4.415252208709717,0
4.4235429763793945,0
4.423582077026367,0
4.423596858978272,0
4.431910037994385,0
4.431910276412964,0
4.433680295944214,0
4.433809518814087,0
4.44253396987915,0
4.442636489868164,0
4.442777872085571,0
4.44279408454895,0
4.442975282669067,0
4.443060398101807,0
4.44307541847229,0
4.443182945251465,0
4.445929527282715,0
4.447045564651489,0
4.447231769561768,0
4.4472479820251465,0
4.447400331497192,0
4.44761061668396,0
4.44774341583252,0
4.455906629562378,0
4.4575018882751465,0
4.45753026008606,0
4.459545850753784,0
4.459876775741577,0
4.459901571273804,0
4.477373600006104,0
4.4784462451934814,0
4.478638410568237,0
4.47936749458313,0
4.479380130767822,0
4.481451034545898,0
4.4814770221710205,0
4.481530666351318,0
4.481547117233276,0
4.481575012207031,0
4.498509645462036,0
4.498709440231323,0
4.498734712600708,0
4.507026672363281,0
4.507043123245239,0
4.508668184280396,0
4.508691549301148,0
4.518592119216919,0
4.518616437911987,0
4.518627643585205,0
4.534942388534546,0
4.538443803787232,0
4.538929462432861,0
4.538935422897339,0
4.558358907699585,0
4.55838418006897,0
4.558495044708252,0
4.566728115081787,0
4.566810131072998,0
4.567842245101929,0
4.567865610122681,0
4.5678791999816895,0
4.567882061004639,0
4.569894552230835,0
4.5699427127838135,0
4.5704426765441895,0
4.570502519607544,0
4.575450420379639,0
4.576544284820557,0
4.576547622680664,0
4.576573610305786,0
4.578943729400635,0
4.578969717025757,0
4.578982353210449,0
4.599854469299316,0
4.599883556365967,0
4.599920511245728,0
4.601337671279907,0
4.601362466812134,0
4.601482629776001,0
4.603305578231812,0
4.603334426879883,0
4.604836702346802,0
4.604838132858276,0
4.6186394691467285,0
4.620390892028809,0
4.620544195175171,0
4.620563507080078,0
4.621707439422607,0
4.633258819580078,0
4.641378164291382,0
4.641417741775513,0
4.642470836639404,0
4.659583330154419,0
4.659583806991577,0
4.660461902618408,0
4.667804718017578,0
4.667829275131226,0
4.667848348617554,0
4.6750969886779785,0
4.675309181213379,0
4.6753294467926025,0
4.675424814224243,0
4.675484657287598,0
4.675504446029663,0
4.675552845001221,0
4.675566911697388,0
4.681951761245728,0
4.681983947753906,0
4.682082653045654,0
4.682102203369141,0
4.682340383529663,0
4.682471036911011,0
4.683680295944214,0
4.69917106628418,0
4.69920539855957,0
4.699281454086304,0
4.708728313446045,0
4.709234237670898,0
4.709310531616211,0
4.709329128265381,0
4.712268829345703,0
4.712308645248413,0
4.712332010269165,0
4.713223695755005,0
4.713656425476074,0
4.717402219772339,0
4.717608213424683,0
4.717639684677124,0
4.719379901885986,0
4.7195000648498535,0
4.740593910217285,0
4.740614175796509,0
4.740622282028198,0
4.74062967300415,0
4.75942587852478,0
4.759458541870117,0
4.759734630584717,0
4.763293981552124,0
4.763300657272339,0
4.766454458236694,0
4.766468048095703,0
4.76648211479187,0
4.766498565673828,0
4.768006324768066,0
4.768054962158203,0
4.768120765686035,0
4.776901483535767,0
4.780901908874512,0
4.780977487564087,0
4.781363725662232,0
4.803948879241943,0
4.803990364074707,0
4.8041040897369385,0
4.806710004806519,0
4.8067402839660645,0
4.806750297546387,0
4.806764841079712,0
4.811148166656494,0
4.811162233352661,0
4.811803340911865,0
4.812443256378174,0
4.81247615814209,0
4.814942121505737,0
4.8150012493133545,0
4.820746421813965,0
4.821211576461792,0
4.821452856063843,0
4.821593523025513,0
4.824725151062012,0
4.840505123138428,0
4.840551853179932,0
4.8405702114105225,0
4.845497608184815,0
4.851139068603516,0
4.851447343826294,0
4.851470470428467,0
4.851487398147583,0
4.856743335723877,0
4.857165098190308,0
4.857500076293945,0
4.861302137374878,0
4.861382246017456,0
4.86435866355896,0
4.867649078369141,0
4.87000298500061,0
4.87331748008728,0
4.879740715026856,0
4.879780292510986,0
4.87983250617981,0
4.887611150741577,0
4.887671947479248,0
4.887691259384155,0
4.887748718261719,0
4.889231443405151,0
4.889238357543945,0
4.889490842819214,0
4.8916778564453125,0
4.891791343688965,0
4.899315118789673,0
4.899328708648682,0
4.90060567855835,0
4.900641679763794,0
4.900656938552856,0
4.901453495025635,0
4.901489734649658,0
4.901962757110596,0
4.901983261108398,0
4.904356002807617,0
4.904397249221802,0
4.904529571533203,0
4.920634508132935,0
4.92083215713501,0
4.921049118041992,0
4.937246322631836,0
4.937297344207764,0
4.937614679336548,0
4.954788446426392,0
4.961662530899048,0
4.961684226989746,0
4.961697816848755,0
4.962657690048218,0
4.962832689285278,0
4.963788986206055,0
4.963849782943726,0
4.963998556137085,0
4.964017391204834,0
4.966814041137695,0
4.966819047927856,0
4.96785831451416,0
4.967905282974243,0
4.971723794937134,0
4.9726643562316895,0
4.980123281478882,0
4.980151176452637,0
4.981302738189697,0
4.992265462875366,0
4.992310523986816,0
4.992372512817383,0
4.992398977279663,0
4.997350454330444,0
4.997410535812378,0
4.997619390487671,0
4.997750997543335,0
4.997933626174927,0
5.003211498260498,0
5.003260612487793,0
5.003934621810913,0
5.003956317901611,0
5.003957748413086,0
5.005012035369873,0
5.020948171615601,0
5.02121114730835,0
5.021245241165161,0
5.023047924041748,0
5.023353576660156,0
5.023386001586914,0
5.025595664978027,0
5.029724836349487,0
5.029974460601807,0
5.030009031295776,0
5.04618763923645,0
5.046346426010132,0
5.046473503112793,0
5.059138298034668,0
5.059172868728638,0
5.059191703796387,0
5.080472946166992,0
5.080510139465332,0
5.080535173416138,0
5.092830419540405,0
5.10390305519104,0
5.103957414627075,0
5.103978872299194,0
5.104001998901367,0
5.1042211055755615,0
5.10427713394165,0
5.104337215423584,0
5.109494924545288,0
5.109566926956177,0
5.109608888626099,0
5.114029884338379,0
5.114054918289185,0
5.115971088409424,0
5.116043329238892,0
5.119704008102417,0
5.119717121124268,0
5.119754076004028,0
5.120396614074707,0
5.1413185596466064,0
5.141470909118652,0
5.1417295932769775,0
5.158395051956177,0
5.158441781997681,0
5.167718410491943,0
5.167734861373901,0
5.167750835418701,0
5.167766571044922,0
5.168976783752441,0
5.169021844863892,0
5.172224044799805,0
5.17223596572876,0
5.174722194671631,0
5.174743413925171,0
5.174753427505493,0
5.174760103225708,0
5.176308155059815,0
5.176342010498047,0
5.176355838775635,0
5.177437782287598,0
5.180538177490234,0
5.1805689334869385,0
5.180584192276001,0
5.183741331100464,0
5.183759689331055,0
5.183825969696045,0
5.183873653411865,0
5.187525510787964,0
5.187539577484131,0
5.187553644180298,0
5.19896411895752,0
5.199006080627441,0
5.199028730392456,0
5.207290172576904,0
5.207364559173584,0
5.209629535675049,0
5.2097039222717285,0
5.210828542709351,0
5.212062835693359,0
5.220563411712647,0
5.2206196784973145,0
5.220642328262329,0
5.229798078536987,0
5.231611728668213,0
5.231635332107544,0
5.231738805770874,0
5.240354537963867,0
5.240400791168213,0
5.240509271621704,0
5.248719692230225,0
5.2489049434661865,0
5.2489845752716064,0
5.249765396118164,0
5.252200365066528,0
5.262451648712158,0
5.262493133544922,0
5.262588739395142,0
5.262847661972046,0
5.267095327377319,0
5.267146348953247,0
5.267202138900757,0
5.267709970474243,0
5.274863004684448,0
5.274965524673462,0
5.275015592575073,0
5.279327392578125,0
5.27936315536499,0
5.279417276382446,0
5.298660755157471,0
5.299692153930664,0
5.302292108535767,0
5.3029115200042725,0
5.302953481674194,0
5.302969217300415,0
5.302990436553955,0
5.320160865783691,0
5.320199012756348,0
5.320273160934448,0
5.341086387634277,0
5.341129541397095,0
5.34115195274353,0
5.343039035797119,0
5.346906661987305,0
5.347198963165283,0
5.360142707824707,0
5.360923051834106,0
5.360944509506226,0
5.37116813659668,0
5.371867895126343,0
5.371893644332886,0
5.371907472610474,0
5.378249883651733,0
5.379478693008423,0
5.37952446937561,0
5.382038831710815,0
5.382082462310791,0
5.382107496261597,0
5.383252143859863,0
5.384472608566284,0
5.3866260051727295,0
5.3965723514556885,0
5.396573066711426,0
5.396615266799927,0
5.396633148193359,0
5.400097370147705,0
5.4001312255859375,0
5.400132656097412,0
5.400498867034912,0
5.4008400440216064,0
5.400861978530884,0
5.401475191116333,0
5.40148138999939,0
5.40207576751709,0
5.402120590209961,0
5.402215242385864,0
5.409295797348023,0
5.413160800933838,0
5.413604974746704,0
5.413640022277832,0
5.4170567989349365,0
5.417223215103149,0
5.417356491088867,0
5.418025493621826,0
5.418156623840332,0
5.42151951789856,0
5.421552658081055,0
5.42157244682312,0
5.437371015548706,0
5.4393627643585205,0
5.439746618270874,0
5.440085172653198,0
5.448813199996948,0
5.448848485946655,0
5.4490721225738525,0
5.449283599853516,0
5.45901894569397,0
5.459051847457886,0
5.459166526794434,0
5.4613196849823,0
5.46173357963562,0
5.461941003799439,0
5.462595701217651,0
5.479022264480591,0
5.479041337966919,0
5.479510545730591,0
5.485355854034424,0
5.485511779785156,0
5.4857261180877686,0
5.485750198364258,0
5.487719774246216,0
5.4879310131073,0
5.488201856613159,0
5.48853874206543,0
5.488559722900391,0
5.490736722946167,0
5.490787744522095,0
5.495429754257202,0
5.499270915985107,0
5.499301910400391,0
5.499322175979614,0
5.519695520401001,0
5.519739389419556,0
5.519756555557251,0
5.525726079940796,0
5.525855302810669,0
5.527864456176758,0
5.531501054763794,0
5.531815528869629,0
5.532220840454102,0
5.532378911972046,0
5.532607078552246,0
5.532714605331421,0
5.540042638778687,0
5.540102005004883,0
5.540219783782959,0
5.554927825927734,0
5.5600762367248535,0
5.560114860534668,0
5.560181379318237,0
5.5813539028167725,0
5.581354379653931,0
5.581481218338013,0
5.596726655960083,0
5.59678316116333,0
5.596833944320679,0
5.596863746643066,0
5.603894472122192,0
5.603916168212891,0
5.603992462158203,0
5.611234903335571,0
5.6113104820251465,0
5.611374616622925,0
5.611657381057739,0
5.611703157424927,0
5.61172080039978,0
5.611747980117798,0
5.613709449768066,0
5.613748550415039,0
5.617445230484009,0
5.6178131103515625,0
5.617851257324219,0
5.617870330810547,0
5.617908000946045,0
5.625256538391113,0
5.625295400619507,0
5.625368118286133,0
5.632824659347534,0
5.638763904571533,0
5.6388020515441895,0
5.638814449310303,0
5.642754554748535,0
5.642776250839233,0
5.642816543579102,0
5.64289927482605,0
5.647213935852051,0
5.647249221801758,0
5.647347450256348,0
5.656398773193359,0
5.658886909484863,0
5.658917665481567,0
5.659215211868286,0
5.680098056793213,0
5.680166959762573,0
5.680213689804077,0
5.693264722824097,0
5.693301677703857,0
5.6933228969573975,0
5.693340539932251,0
5.695891857147217,0
5.696024894714356,0
5.699555158615112,0
5.699588775634766,0
5.701057195663452,0
5.7010931968688965,0
5.701130390167236,0
5.701144695281982,0
5.701157569885254,0
5.701235771179199,0
5.703709363937378,0
5.703778028488159,0
5.704658031463623,0
5.720020771026611,0
5.720088243484497,0
5.720135927200317,0
5.729087114334106,0
5.729169130325317,0
5.7330098152160645,0
5.733038902282715,0
5.733048915863037,0
5.733067512512207,0
5.735438108444214,0
5.735461711883545,0
5.735669136047363,0
5.739690780639648,0
5.739697694778442,0
5.739733934402466,0
5.754604339599609,0
5.759673833847046,0
5.761252403259277,0
5.76128888130188,0
5.761843919754028,0
5.762465715408325,0
5.767142534255981,0
5.767169713973999,0
5.767181158065796,0
5.767200708389282,0
5.770251512527466,0
5.770488739013672,0
5.7711992263793945,0
5.774446964263916,0
5.774754762649536,0
5.778570652008057,0
5.778594970703125,0
5.778623342514038,0
5.794686555862427,0
5.794687509536743,0
5.796221256256104,0
5.798289060592651,0
5.798410415649414,0
5.798532485961914,0
5.818386793136597,0
5.818413972854614,0
5.818425416946411,0
5.823618412017822,0
5.823643445968628,0
5.823654651641846,0
5.823666572570801,0
5.825045108795166,0
5.825068235397339,0
5.825114011764526,0
5.835473299026489,0
5.835501194000244,0
5.835514783859253,0
5.835528135299683,0
5.83832859992981,0
5.838363170623779,0
5.83839225769043,0
5.838554620742798,0
5.838580369949341,0
5.839492082595825,0
5.854324817657471,0
5.857049465179443,0
5.8570733070373535,0
5.857133626937866,0
5.876995325088501,0
5.877023696899414,0
5.877037048339844,0
5.899280786514282,0
5.899303913116455,0
5.8993799686431885,0
5.899402379989624,0
5.900570869445801,0
5.9006054401397705,0
5.900621175765991,0
5.904788732528687,0
5.904846668243408,0
5.904941320419312,0
5.920102834701538,0
5.920147180557251,0
5.9202094078063965,0
5.9248552322387695,0
5.924881935119629,0
5.927467107772827,0
5.9274890422821045,0
5.92882251739502,0
5.940750360488892,0
5.9408018589019775,0
5.940822124481201,0
5.955677509307861,0
5.956019401550293,0
5.959825277328491,0
5.960306167602539,0
5.960480690002441,0
5.961153268814087,0
5.962600231170654,0
5.965945720672607,0
5.96597695350647,0
5.965989828109741,0
5.966000318527222,0
5.966055631637573,0
5.970464706420898,0
5.972992181777954,0
5.974095344543457,0
5.978331089019775,0
5.978357791900635,0
5.978811979293823,0
5.979623556137085,0
5.980226755142212,0
5.980252027511597,0
5.980267524719238,0
5.982051610946655,0
5.98248815536499,0
5.983013391494751,0
5.986167192459106,0
5.986197710037232,0
5.987805128097534,0
5.988138675689697,0
5.989072799682617,0
5.99994158744812,0
5.99995756149292,0
6.001647710800171,0
6.001667261123657,0
6.001671552658081,0
6.001679182052612,0
6.001682758331299,0
6.002707958221436,0
6.002735376358032,0
6.003046989440918,0
6.018281936645508,0
6.01830792427063,0
6.018317937850952,0
6.020502328872681,0
6.022653341293335,0
6.03830623626709,0
6.038370847702026,0
6.039897918701172,0
6.051270246505737,0
6.058004379272461,0
6.059398412704468,0
6.059431076049805,0
6.059622764587402,0
6.059648275375366,0
6.0596604347229,0
6.059670448303223,0
6.06165623664856,0
6.061680793762207,0
6.0621185302734375,0
6.063076972961426,0
6.063104391098023,0
6.063369989395142,0
6.063380002975464,0
6.065049171447754,0
6.065053224563599,0
6.065062522888184,0
6.066275596618652,0
6.078436136245728,0
6.078488349914551,0
6.078503608703613,0
6.094634532928467,0
6.094637393951416,0
6.094682931900024,0
6.094699382781982,0
6.095224380493164,0
6.095865249633789,0
6.096461772918701,0
6.09767484664917,0
6.097705841064453,0
6.097707271575928,0
6.097815990447998,0
6.098306179046631,0
6.099588394165039,0
6.099633693695068,0
6.10022497177124,0
6.101878643035889,0
6.117574453353882,0
6.120621204376221,0
6.1206488609313965,0
6.120651960372925,0
6.139508485794067,0
6.139544725418091,0
6.1395790576934814,0
6.151167154312134,0
6.151188373565674,0
6.153006315231323,0
6.153039216995239,0
6.153054475784302,0
6.153072118759155,0
6.155745267868042,0
6.155967473983765,0
6.155986309051514,0
6.159785985946655,0
6.159818649291992,0
6.159830808639526,0
6.161781072616577,0
6.169244766235352,0
6.169495105743408,0
6.169500827789307,0
6.1708197593688965,0
6.17095422744751,0
6.170975208282471,0
6.170990467071533,0
6.18165922164917,0
6.181689500808716,0
6.183541297912598,0
6.192530155181885,0
6.192579507827759,0
6.199275732040405,0
6.19930911064148,0
6.1993184089660645,0
6.201030254364014,0
6.201085805892944,0
6.203445911407471,0
6.219740629196167,0
6.2197747230529785,0
6.219819307327271,0
6.220954179763794,0
6.225069046020508,0
6.227449417114258,0
6.227470636367798,0
6.22807765007019,0
6.241713523864746,0
6.241760492324829,0
6.241779088973999,0
6.246899127960205,0
6.246905088424683,0
6.246933460235596,0
6.249627590179443,0
6.251495838165283,0
6.2593207359313965,0
6.259355783462524,0
6.259636640548706,0
6.270755767822266,0
6.2759668827056885,0
6.2759997844696045,0
6.277590036392212,0
6.281752586364746,0
6.28207278251648,0
6.282420635223389,0
6.283122777938843,0
6.283398389816284,0
6.284701108932495,0
6.284767866134644,0
6.285167694091797,0
6.285234928131104,0
6.285250186920166,0
6.285268306732178,0
6.289886474609375,0
6.290281295776367,0
6.290288686752319,0
6.291342258453369,0
6.292544841766357,0
6.29390287399292,0
6.293936252593994,0
6.299399375915527,0
6.299414873123169,0
6.299522876739502,0
6.299540758132935,0
6.299553632736206,0
6.30219316482544,0
6.317607879638672,0
6.317647933959961,0
6.317704439163208,0
6.319647550582886,0
6.3197832107543945,0
6.321848630905151,0
6.321880102157593,0
6.321931838989258,0
6.3219873905181885,0
6.33998966217041,0
6.3400421142578125,0
6.340132236480713,0
6.342939138412476,0
6.343234539031982,0
6.3433098793029785,0
6.344358921051025,0
6.360142707824707,0
6.360143184661865,0
6.360170125961304,0
6.379865884780884,0
6.379873275756836,0
6.379913091659546,0
6.380391597747803,0
6.38045072555542,0
6.38058614730835,0
6.380849361419678,0
6.380869626998901,0
6.381012201309204,0
6.381066083908081,0
6.406959533691406,0
6.407321214675903,0
6.407347202301025,0
6.410419225692749,0
6.410481929779053,0
6.410542964935303,0
6.411190986633301,0
6.411231517791748,0
6.420525550842285,0
6.420543670654297,0
6.420583963394165,0
6.441743850708008,0
6.441793441772461,0
6.441877126693726,0
6.452779531478882,0
6.452832937240601,0
6.4528563022613525,0
6.452879428863525,0
6.4609479904174805,0
6.4609739780426025,0
6.460998058319092,0
6.462072134017944,0
6.462368965148926,0
6.463107585906982,0
6.463810920715332,0
6.466301202774048,0
6.477012634277344,0
6.481260061264038,0
6.481307029724121,0
6.485062837600708,0
6.500554323196411,0
6.500605821609497,0
6.50070071220398,0
6.511832237243652,0
6.514977693557739,0
6.515024423599243,0
6.51505708694458,0
6.5202484130859375,0
6.5214457511901855,0
6.521606683731079,0
6.521803379058838,0
6.521804571151733,0
6.523585557937622,0
6.523799896240234,0
6.524436712265015,0
6.525334596633911,0
6.525571584701538,0
6.532666206359863,0
6.5328404903411865,0
6.534121036529541,0
6.534539699554443,0
6.534778356552124,0
6.534814119338989,0
6.539546966552734,0
6.539726734161377,0
6.539772033691406,0
6.539782524108887,0
6.53983211517334,0
6.540287256240845,0
6.545559406280518,0
6.545603513717651,0
6.545619249343872,0
6.545814037322998,0
6.555581569671631,0
6.555615663528442,0
6.5556347370147705,0
6.557178497314453,0
6.559152126312256,0
6.5591816902160645,0
6.559340953826904,0
6.561937093734741,0
6.561963796615601,0
6.562179327011108,0
6.562203645706177,0
6.577082872390747,0
6.577111721038818,0
6.577126979827881,0
6.593806028366089,0
6.593844413757324,0
6.59398341178894,0
6.595021486282349,0
6.597355842590332,0
6.59941029548645,0
6.5994553565979,0
6.599817514419556,0
6.599846839904785,0
6.599865674972534,0
6.6010825634002686,0
6.6011388301849365,0
6.603224754333496,0
6.619778394699097,0
6.61980414390564,0
6.619824409484863,0
6.6198344230651855,0
6.619842052459717,0
6.619850873947144,0
6.620688199996948,0
6.64061164855957,0
6.6406543254852295,0
6.640992403030396,0
6.644323110580444,0
6.64434814453125,0
6.645334720611572,0
6.650686502456665,0
6.659701824188232,0
6.659738779067993,0
6.659812688827515,0
6.680729389190674,0
6.680764198303223,0
6.680819272994995,0
6.688040494918823,0
6.688485622406006,0
6.68907904624939,0
6.689122676849365,0
6.690876722335815,0
6.690899848937988,0
6.691472291946411,0
6.692916870117188,0
6.693061590194702,0
6.700315237045288,0
6.700427770614624,0
6.700483560562134,0
6.702182292938232,0
6.703147172927856,0
6.7033116817474365,0
6.719001770019531,0
6.7190306186676025,0
6.719104528427124,0
6.729122877120972,0
6.72983980178833,0
6.731618404388428,0
6.731649875640869,0
6.7324159145355225,0
6.732439279556274,0
6.732499599456787,0
6.732523202896118,0
6.732579946517944,0
6.735321521759033,0
6.739643812179565,0
6.739680528640747,0
6.73978066444397,0
6.760346412658691,0
6.762183427810669,0
6.762209415435791,0
6.767327070236206,0
6.767959117889404,0
6.767992734909058,0
6.768052816390991,0
6.7736592292785645,0
6.773677587509155,0
6.774439096450806,0
6.775224208831787,0
6.775254011154175,0
6.775266408920288,0
6.775347948074341,0
6.779009342193604,0
6.779046297073364,0
6.779061794281006,0
6.780677795410156,0
6.780684947967529,0
6.781925678253174,0
6.781983375549316,0
6.78200101852417,0
6.78427791595459,0
6.784669160842896,0
6.7975382804870605,0
6.79761004447937,0
6.797634840011597,0
6.816136837005615,0
6.820681810379028,0
6.8207104206085205,0
6.82071328163147,0
6.8391547203063965,0
6.839323997497559,0
6.839354038238525,0
6.839652299880981,0
6.8449037075042725,0
6.8449766635894775,0
6.845032691955566,0
6.845315933227539,0
6.84536337852478,0
6.845463752746582,0
6.855276107788086,0
6.860828399658203,0
6.860870599746704,0
6.862461805343628,0
6.878279447555542,0
6.880589723587036,0
6.880618810653687,0
6.880805969238281,0
6.882879734039307,0
6.900490522384644,0
6.900542974472046,0
6.9006667137146,0
6.912076234817505,0
6.912636756896973,0
6.915757417678833,0
6.915813446044922,0
6.915841579437256,0
6.91586971282959,0
6.921375513076782,0
6.9220802783966064,0
6.923614025115967,0
6.924043655395508,0
6.925254583358765,0
6.9253010749816895,0
6.9253249168396,0
6.933196067810059,0
6.938343524932861,0
6.938499212265015,0
6.940709352493286,0
6.940758466720581,0
6.940864086151123,0
6.942897796630859,0
6.94291615486145,0
6.942920207977295,0
6.959353685379028,0
6.9593892097473145,0
6.959407806396484,0
6.964960336685181,0
6.964979648590088,0
6.96504020690918,0
6.965057611465454,0
6.965110063552856,0
6.965150833129883,0
6.965191841125488,0
6.9652299880981445,0
6.978840351104736,0
6.97886323928833,0
6.978878498077393,0
6.984186172485352,0
6.984205007553101,0
6.984245777130127,0
6.984259128570557,0
6.984323024749756,0
6.984368801116943,0
6.985130310058594,0
6.9990410804748535,0
6.99907660484314,0
6.999141454696655,0
7.005918502807617,0
7.010761737823486,0
7.011922836303711,0
7.01201605796814,0
7.013486862182617,0
7.01354193687439,0
7.019787073135376,0
7.01982855796814,0
7.01984715461731,0
7.035672187805176,0
7.041293382644653,0
7.041314601898193,0
7.041334390640259,0
7.04137921333313,0
7.043553352355957,0
7.043657302856445,0
7.04686427116394,0
7.048858880996704,0
7.048899173736572,0
7.049044370651245,0
7.050050497055054,0
7.050323486328125,0
7.050610065460205,0
7.050634384155273,0
7.052556991577148,0
7.052897214889526,0
7.0530407428741455,0
7.060027599334717,0
7.060137033462524,0
7.060153961181641,0
7.077225208282471,0
7.0772705078125,0
7.077333688735962,0
7.085071802139282,0
7.1005940437316895,0
7.100643634796143,0
7.101095676422119,0
7.114223003387451,0
7.116935253143311,0
7.117022514343262,0
7.1170494556427,0
7.121111631393433,0
7.121118068695068,0
7.121139287948608,0
7.123348236083984,0
7.12337851524353,0
7.125680208206177,0
7.125901460647583,0
7.125936031341553,0
7.1260528564453125,0
7.126603841781616,0
7.13482403755188,0
7.136999607086182,0
7.137005805969238,0
7.138076543807983,0
7.140293836593628,0
7.140325546264648,0
7.140430212020874,0
7.140449285507202,0
7.140503406524658,0
7.1405229568481445,0
7.140604496002197,0
7.140665769577026,0
7.1406872272491455,0
7.153740644454956,0
7.160789012908936,0
7.160879611968994,0
7.160937070846558,0
7.17888879776001,0
7.179231882095337,0
7.179259300231934,0
7.188995599746704,0
7.189010620117188,0
7.189025640487671,0
7.189069032669067,0
7.192605257034302,0
7.192609548568726,0
7.19262170791626,0
7.193420886993408,0
7.193444728851318,0
7.198663234710693,0
7.198696136474609,0
7.198791742324829,0
7.203612804412842,0
7.203696250915527,0
7.204748630523682,0
7.206060886383057,0
7.219657897949219,0
7.219700336456299,0
7.219777584075928,0
7.227306842803955,0
7.227327346801758,0
7.227345705032349,0
7.227365016937256,0
7.231707811355591,0
7.231760025024414,0
7.231805324554443,0
7.23400092124939,0
7.238978147506714,0
7.239007472991943,0
7.239015340805054,0
7.260683298110962,0
7.260751724243164,0
7.26078200340271,0
7.268453359603882,0
7.26847243309021,0
7.268486976623535,0
7.268922805786133,0
7.273656129837036,0
7.273807287216186,0
7.273868799209595,0
7.273936033248901,0
7.273951530456543,0
7.273964166641235,0
7.274094581604004,0
7.278987407684326,0
7.27900767326355,0
7.279033899307251,0
7.28376030921936,0
7.283798933029175,0
7.283814430236816,0
7.284752130508423,0
7.284772634506226,0
7.298977613449097,0
7.299015760421753,0
7.299036979675293,0
7.300727367401123,0
7.300786972045898,0
7.3018128871917725,0
7.305542230606079,0
7.305645942687988,0
7.317303419113159,0
7.317343473434448,0
7.317356824874878,0
7.330286026000977,0
7.330328226089477,0
7.330828189849853,0
7.330849885940552,0
7.3346107006073,0
7.33466911315918,0
7.3356428146362305,0
7.336456060409546,0
7.339497089385986,0
7.339516878128052,0
7.339536428451538,0
7.341894865036011,0
7.356950759887695,0
7.357014417648315,0
7.360666990280151,0
7.3607017993927,0
7.360769271850586,0
7.361748218536377,0
7.367328405380249,0
7.367362499237059,0
7.3676018714904785,0
7.367626428604126,0
7.372746229171753,0
7.372803688049316,0
7.37312912940979,0
7.378844738006592,0
7.378875017166138,0
7.380190849304199,0
7.399898052215576,0
7.399952173233032,0
7.399975061416626,0
7.404970645904541,0
7.406283617019653,0
7.409830570220947,0
7.409950017929077,0
7.412631988525391,0
7.412673950195312,0
7.413601398468018,0
7.420661449432373,0
7.420679807662964,0
7.420705556869507,0
7.423283100128174,0
7.423300743103027,0
7.423319101333618,0
7.423338174819946,0
7.435299873352051,0
7.435317277908325,0
7.435317754745483,0
7.439280986785889,0
7.44004225730896,0
7.440075635910034,0
7.459275960922241,0
7.459318161010742,0
7.459386825561523,0
7.464499711990356,0
7.473385334014893,0
7.47342586517334,0
7.473479509353638,0
7.473526000976562,0
7.476217746734619,0
7.476250171661377,0
7.47706127166748,0
7.478899955749512,0
7.478940725326538,0
7.478945016860962,0
7.499885082244873,0
7.499933004379272,0
7.499953508377075,0
7.505607843399048,0
7.505934476852417,0
7.510106801986694,0
7.51024055480957,0
7.511743783950806,0
7.520198583602905,0
7.520396947860718,0
7.520920276641846,0
7.521147012710571,0
7.521265745162964,0
7.522436141967773,0
7.522916555404663,0
7.522950649261475,0
7.523137807846069,0
7.540333986282349,0
7.540387868881226,0
7.540448665618896,0
7.547911882400513,0
7.547916889190674,0
7.547969818115234,0
7.55162763595581,0
7.55168342590332,0
7.551704406738281,0
7.551786184310913,0
7.554317474365234,0
7.554582595825195,0
7.554943799972534,0
7.555605888366699,0
7.559877872467041,0
7.559887409210205,0
7.560887098312378,0
7.566206455230713,0
7.567883968353271,0
7.567931413650513,0
7.568401336669922,0
7.568424701690674,0
7.568588018417358,0
7.568668365478516,0
7.578925609588623,0
7.578994274139404,0
7.579011917114258,0
7.5989670753479,0
7.59900689125061,0
7.599110126495361,0
7.601145267486572,0
7.601211547851562,0
7.602602958679199,0
7.602669715881348,0
7.620154619216919,0
7.620194435119629,0
7.620468378067017,0
7.640018939971924,0
7.64060640335083,0
7.640648126602173,0
7.641394853591919,0
7.6603264808654785,0
7.660376071929932,0
7.660406112670898,0
7.666235685348511,0
7.666861772537231,0
7.66690731048584,0
7.666927814483643,0
7.669718265533447,0
7.670942068099976,0
7.670984506607056,0
7.671428203582764,0
7.679187774658203,0
7.679228067398071,0
7.679791212081909,0
7.68977689743042,0
7.692094087600708,0
7.692610502243042,0
7.693310499191284,0
7.698102951049805,0
7.698164463043213,0
7.699732542037964,0
7.699776649475098,0
7.699844598770142,0
7.700834035873413,0
7.722580909729004,0
7.722622394561768,0
7.722643375396728,0
7.72651481628418,0
7.726549625396728,0
7.728802680969238,0
7.728987216949463,0
7.729007959365845,0
7.729024171829224,0
7.732898235321045,0
7.73315167427063,0
7.73323655128479,0
7.739327430725098,0
7.739336013793945,0
7.73937726020813,0
7.743681192398071,0
7.746486186981201,0
7.755657911300659,0
7.760762929916382,0
7.76080060005188,0
7.76154899597168,0
7.778476476669311,0
7.778506755828857,0
7.77855372428894,0
7.791365146636963,0
7.791388988494873,0
7.791503190994263,0
7.791526794433594,0
7.793715238571167,0
7.793739318847656,0
7.793762922286987,0
7.796369791030884,0
7.796387672424316,0
7.796403408050537,0
7.796410799026489,0
7.799403190612793,0
7.799682855606079,0
7.799722194671631,0
7.800994634628296,0
7.801033735275267,0
7.801058769226074,0
7.801414966583252,0
7.801450252532959,0
7.801647186279297,0
7.801901340484619,0
7.815555334091186,0
7.8171069622039795,0
7.817147016525267,0
7.817378759384155,0
7.840357780456543,0
7.8404059410095215,0
7.840569019317627,0
7.848700761795044,0
7.848741292953491,0
7.84879732131958,0
7.848847389221191,0
7.850564956665039,0
7.850618362426758,0
7.851306676864624,0
7.851714372634888,0
7.859703540802002,0
7.859748363494873,0
7.859825611114502,0
7.874399662017822,0
7.874462842941284,0
7.874481201171875,0
7.874595403671265,0
7.874619722366333,0
7.874644756317139,0
7.874674320220947,0
7.878639698028564,0
7.878827095031738,0
7.878938436508179,0
7.899849891662598,0
7.899850130081177,0
7.899909257888794,0
7.904377222061157,0
7.904424428939819,0
7.907267332077026,0
7.9073646068573,0
7.90908145904541,0
7.920188188552856,0
7.920240879058838,0
7.920295476913452,0
7.923402786254883,0
7.923691034317017,0
7.925353050231934,0
7.927440404891968,0
7.927483797073364,0
7.92756199836731,0
7.940175056457519,0
7.940224885940552,0
7.940246105194092,0
7.944571256637573,0
7.945007562637329,0
7.945105075836182,0
7.947037935256958,0
7.948952198028564,0
7.9503493309021,0
7.9609458446502686,0
7.961239576339722,0
7.961265325546265,0
7.961385488510132,0
7.962054014205933,0
7.962058067321777,0
7.962103605270386,0
7.967299938201904,0
7.96787691116333,0
7.967942714691162,0
7.977919340133667,0
7.977940320968628,0
7.978614091873169,0
7.978915929794311,0
7.978935718536377,0
7.999734401702881,0
7.999775648117065,0
7.999860763549805,0
8.000923156738281,0
8.001000881195068,0
8.003474473953247,0
8.020991325378418,0
8.021047115325928,0
8.021120548248291,0
8.021557807922363,0
8.022713422775269,0
8.022814512252808,0
8.02282166481018,0
8.033150911331177,0
8.033505201339722,0
8.034268856048584,0
8.043771028518677,0
8.043812036514282,0
8.043859004974365,0
8.04414415359497,0
8.044151306152344,0
8.044161081314087,0
8.044166564941406,0
8.044190406799316,0
8.044196605682373,0
8.044233798980713,0
8.060676097869873,0
8.061314105987549,0
8.061353206634521,0
8.061353921890259,0
8.07119607925415,0
8.07122802734375,0
8.072282552719116,0
8.072313070297241,0
8.077104330062866,0
8.077131986618042,0
8.077143907546997,0
8.093938827514648,0
8.093959093093872,0
8.093968391418457,0
8.09596061706543,0
8.098942518234253,0
8.099945783615112,0
8.099987506866455,0
8.100007057189941,0
8.101346969604492,0
8.101406335830688,0
8.103191614151001,0
8.103249549865723,0
8.108578205108643,0
8.117170333862305,0
8.117205619812012,0
8.117384910583496,0
8.117403745651245,0
8.11867642402649,0
8.118692636489868,0
8.11869478225708,0
8.120344400405884,0
8.121204853057861,0
8.121238946914673,0
8.12138295173645,0
8.13948941230774,0
8.139540672302246,0
8.139683246612549,0
8.147746562957764,0
8.14775538444519,0
8.153594017028809,0
8.153664112091064,0
8.15369176864624,0
8.15381932258606,0
8.155390739440918,0
8.155751466751099,0
8.155828475952148,0
8.17060661315918,0
8.170724868774414,0
8.170747995376587,0
8.170845985412598,0
8.175967931747437,0
8.181726932525635,0
8.181731700897217,0
8.181745290756226,0
8.19840693473816,0
8.198449850082397,0
8.198504209518433,0
8.199653387069702,0
8.199992656707764,0
8.200018644332886,0
8.20022201538086,0
8.200246572494507,0
8.200578927993774,0
8.200864791870117,0
8.200894117355347,0
8.201184749603271,0
8.201202630996704,0
8.202199220657349,0
8.20221996307373,0
8.20555067062378,0
8.219588994979858,0
8.219626188278198,0
8.219699621200562,0
8.235557794570923,0
8.239346742630005,0
8.239417552947998,0
8.239463806152344,0
8.259823083877563,0
8.259870052337646,0
8.25997018814087,0
8.271596670150757,0
8.271795272827148,0
8.271820306777954,0
8.273125410079956,0
8.274340867996216,0
8.274406909942627,0
8.27443242073059,0
8.277007341384888,0
8.27702522277832,0
8.277037620544434,0
8.277047634124756,0
8.278917789459229,0
8.27923035621643,0
8.279234170913696,0
8.28067421913147,0
8.2825026512146,0
8.282534837722778,0
8.282716035842896,0
8.297060489654541,0
8.29709529876709,0
8.297109365463257,0
8.305211782455444,0
8.305483102798462,0
8.306474685668945,0
8.306673049926758,0
8.306694030761719,0
8.306711435317993,0
8.306713104248047,0
8.30887770652771,0
8.30890154838562,0
8.318169355392456,0
8.318200588226318,0
8.319103956222534,0
8.319114685058594,0
8.319145679473877,0
8.32068395614624,0
8.339956045150757,0
8.339999675750732,0
8.340079545974731,0
8.360021829605103,0
8.360121965408325,0
8.360135793685913,0
8.36714506149292,0
8.367172002792358,0
8.367658138275146,0
8.367732524871826,0
8.367799997329712,0
8.367860317230225,0
8.367920875549316,0
8.367985010147095,0
8.380034685134888,0
8.380069494247437,0
8.38008451461792,0
8.385091304779053,0
8.388034105300903,0
8.388684749603271,0
8.399815559387207,0
8.39986538887024,0
8.399887800216675,0
8.420344352722168,0
8.420403718948364,0
8.420532464981079,0
8.4285306930542,0
8.428571701049805,0
8.42859411239624,0
8.428615808486938,0
8.434005737304688,0
8.434035301208496,0
8.43409252166748,0
8.438533067703247,0
8.43861198425293,0
8.440256595611572,0
8.441176891326904,0
8.44137978553772,0
8.445935249328613,0
8.4459867477417,0
8.448959350585938,0
8.461453676223755,0
8.461629629135132,0
8.461793899536133,0
8.462662935256958,0
8.462704420089722,0
8.46447491645813,0
8.4645836353302,0
8.468350648880005,0
8.468397378921509,0
8.471563577651978,0
8.473718881607056,0
8.479547262191772,0
8.47955060005188,0
8.479574918746948,0
8.500341415405273,0
8.500379800796509,0
8.500460863113403,0
8.502238750457764,0
8.503640413284302,0
8.5088369846344,0
8.508856296539307,0
8.519678831100464,0
8.519730567932129,0
8.519840002059937,0
8.535394430160522,0
8.535470247268677,0
8.53558897972107,0
8.535613059997559,0
8.541785717010498,0
8.541829824447632,0
8.541966915130615,0
8.54206657409668,0
8.542521238327026,0
8.542560338973999,0
8.54265022277832,0
8.542675256729126,0
8.545424938201904,0
8.545612096786499,0
8.547280550003052,0
8.547320127487183,0
8.547408819198608,0
8.547419786453247,0
8.549384355545044,0
8.549423933029175,0
8.549581050872803,0
8.55223822593689,0
8.560845851898193,0
8.560927152633667,0
8.56095576286316,0
8.566274166107178,0
8.56631588935852,0
8.567090511322021,0
8.567447185516357,0
8.568063259124756,0
8.568429946899414,0
8.568732261657715,0
8.577129125595093,0
8.57730221748352,0
8.577355146408081,0
8.591986417770386,0
8.599015235900879,0
8.599056005477905,0
8.599169731140137,0
8.599189043045044,0
8.59978175163269,0
8.59981632232666,0
8.600313425064087,0
8.60198450088501,0
8.602199077606201,0
8.6022367477417,0
8.602239847183228,0
8.60226821899414,0
8.604160785675049,0
8.60424542427063,0
8.620931148529053,0
8.620980024337769,0
8.621093034744263,0
8.62869119644165,0
8.631895303726196,0
8.635612964630127,0
8.639117240905762,0
8.639149904251099,0
8.639164209365845,0
8.645927429199219,0
8.645956754684448,0
8.646007061004639,0
8.646092414855957,0
8.647982120513916,0
8.648001909255981,0
8.64908742904663,0
8.655611276626587,0
8.658790349960327,0
8.658804655075073,0
8.658858060836792,0
8.678665399551392,0
8.678702592849731,0
8.678715705871582,0
8.688158512115479,0
8.688170433044434,0
8.688222408294678,0
8.688238382339478,0
8.692184686660767,0
8.692198276519775,0
8.692202091217041,0
8.693190574645996,0
8.693203926086426,0
8.696724891662598,0
8.696739435195923,0
8.696752309799194,0
8.697758197784424,0
8.69778037071228,0
8.697815895080566,0
8.70044493675232,0
8.718582153320312,0
8.71859884262085,0
8.71861982345581,0
8.739490985870361,0
8.739534139633179,0
8.739551305770874,0
8.739595174789429,0
8.746415615081787,0
8.746768236160278,0
8.759580612182617,0
8.759625911712646,0
8.759646892547607,0
8.764493942260742,0
8.764532089233398,0
8.764549255371094,0
8.764587879180908,0
8.768606901168823,0
8.768686532974243,0
8.768710851669312,0
8.7710440158844,0
8.771377563476562,0
8.771651983261108,0
8.771878719329834,0
8.779863119125366,0
8.779879570007324,0
8.780229330062866,0
8.780375957489014,0
8.780495166778564,0
8.780524969100952,0
8.782183408737183,0
8.797088146209717,0
8.797122955322266,0
8.797181606292725,0
8.82013750076294,0
8.821549892425537,0
8.82160472869873,0
8.821805238723755,0
8.82183837890625,0
8.824432134628296,0
8.82480001449585,0
8.84038519859314,0
8.840734958648682,0
8.840848207473755,0
8.842349767684937,0
8.847212553024292,0
8.847249507904053,0
8.847269535064697,0
8.847288131713867,0
8.860199451446533,0
8.860245704650879,0
8.860461235046387,0
8.871466398239136,0
8.871510982513428,0
8.871526718139648,0
8.879167795181274,0
8.879488945007324,0
8.879732370376587,0
8.88204312324524,0
8.88836669921875,0
8.88840627670288,0
8.888418436050415,0
8.888431787490845,0
8.88964319229126,0
8.89807415008545,0
8.898652791976929,0
8.898768424987793,0
8.901548862457275,0
8.901647090911865,0
8.901668787002563,0
8.919788360595703,0
8.91984224319458,0
8.919862270355225,0
8.92551326751709,0
8.926069021224976,0
8.931945323944092,0
8.940149307250977,0
8.940185070037842,0
8.940202474594116,0
8.949025869369507,0
8.94907522201538,0
8.95153546333313,0
8.951545238494873,0
8.951622486114502,0
8.951650857925415,0
8.956836700439453,0
8.956961870193481,0
8.95732831954956,0
8.95849609375,0
8.964081048965454,0
8.964749813079834,0
8.964792490005493,0
8.964894533157349,0
8.97259783744812,0
8.98457407951355,0
8.984606981277466,0
8.98484492301941,0
8.99817967414856,0
8.99819827079773,0
8.998285293579102,0
9.00773572921753,0
9.007766723632812,0
9.007884979248049,0
9.007893323898315,0
9.009984254837036,0
9.010250091552734,0
9.010254859924316,0
9.011772394180298,0
9.011792182922363,0
9.01198959350586,0
9.01200795173645,0
9.013591051101685,0
9.013596057891846,0
9.013748407363892,0
9.014365434646606,0
9.014480590820312,0
9.01883101463318,0
9.018868684768677,0
9.01888394355774,0
9.028339862823486,0
9.028364896774292,0
9.031033277511597,0
9.035927057266235,0
9.035943031311035,0
9.036060571670532,0
9.037015914916992,0
9.0391583442688,0
9.039176225662231,0
9.039210319519045,0
9.041657209396362,0
9.041751623153688,0
9.042163372039797,0
9.05442476272583,0
9.059887409210203,0
9.060003995895386,0
9.060102224349976,0
9.079195737838743,0
9.07929229736328,0
9.079387426376345,0
9.097033023834229,0
9.097074031829834,0
9.097429752349854,0
9.09747076034546,0
9.102350234985352,0
9.10239315032959,0
9.102433919906616,0
9.102522611618042,0
9.102546215057371,0
9.10265588760376,0
9.1038498878479,0
9.105623245239258,0
9.10887598991394,0
9.10914182662964,0
9.112471103668211,0
9.112493991851808,0
9.113587141036987,0
9.119126558303831,0
9.119163751602173,0
9.119237899780272,0
9.123208045959473,0
9.12329626083374,0
9.139580249786375,0
9.13962745666504,0
9.139760732650757,0
9.145839214324951,0
9.145881414413452,0
9.146061897277832,0
9.14607071876526,0
9.15121293067932,0
9.151501893997192,0
9.151642322540283,0
9.152878522872925,0
9.158658742904665,0
9.158692598342896,0
9.158870220184326,0
9.161051511764526,0
9.161430835723875,0
9.161671876907349,0
9.161813497543337,0
9.163439273834229,0
9.163463354110718,0
9.163959980010986,0
9.179200887680054,0
9.179224491119385,0
9.17924165725708,0
9.185128688812256,0
9.188425540924072,0
9.18899917602539,0
9.18903136253357,0
9.189577102661133,0
9.19834280014038,0
9.19834303855896,0
9.198395013809204,0
9.199686765670776,0
9.21988296508789,0
9.22002363204956,0
9.220273971557615,0
9.22030234336853,0
9.220327854156494,0
9.22034215927124,0
9.220367908477783,0
9.238482475280762,0
9.238518714904783,0
9.238535165786743,0
9.241499662399292,0
9.242329120635986,0
9.242365598678589,0
9.244029998779297,0
9.244057893753052,0
9.244073152542114,0
9.244107961654665,0
9.245931386947632,0
9.245972156524658,0
9.247277736663818,0
9.254918813705444,0
9.259515523910522,0
9.259552001953123,0
9.259567975997925,0
9.278531312942505,0
9.279195070266724,0
9.279443979263306,0
9.285083770751951,0
9.28511929512024,0
9.285175085067747,0
9.28525185585022,0
9.287919282913208,0
9.287943124771118,0
9.288092851638794,0
9.299914360046388,0
9.299960851669312,0
9.304795980453491,0
9.30483889579773,0
9.30705952644348,0
9.307135105133057,0
9.308496236801147,0
9.319170475006104,0
9.31921935081482,0
9.319297790527344,0
9.326043605804443,0
9.326520204544067,0
9.331220865249634,0
9.332221746444702,0
9.332252264022827,0
9.332329988479614,0
9.33248782157898,0
9.33251142501831,0
9.332578420639038,0
9.340110063552856,0
9.340191841125488,0
9.340214729309082,0
9.353530168533323,0
9.361082553863524,0
9.361134767532349,0
9.361255884170532,0
9.378554821014404,0
9.378568649291992,0
9.378581285476685,0
9.379753351211548,0
9.380521535873411,0
9.380566358566284,0
9.380770921707152,0
9.398419857025146,0
9.39845848083496,0
9.398473262786863,0
9.402659893035889,0
9.402687549591064,0
9.402689695358276,0
9.404263257980348,0
9.404287099838257,0
9.406834602355955,0
9.406871795654297,0
9.419881582260132,0
9.419939517974854,0
9.419960975646973,0
9.439769983291626,0
9.439843893051147,0
9.43986201286316,0
9.44626522064209,0
9.454332828521729,0
9.45826292037964,0
9.458309173583984,0
9.458311319351196,0
9.458648204803469,0
9.458651065826416,0
9.458656787872314,0
9.458892822265623,0
9.461306810379028,0
9.461349725723268,0
9.461424827575684,0
9.475663185119627,0
9.47707724571228,0
9.47994828224182,0
9.47998046875,0
9.480108499526978,0
9.484522819519045,0
9.486612796783447,0
9.486687898635864,0
9.487313508987429,0
9.489473819732666,0
9.48948335647583,0
9.490120649337769,0
9.49264430999756,0
9.492675065994264,0
9.492679119110107,0
9.4928240776062,0
9.49430537223816,0
9.494343996047974,0
9.49443817138672,0
9.495188474655151,0
9.495221376419067,0
9.49853777885437,0
9.498668432235718,0
9.498677015304564,0
9.499005317687988,0
9.499026775360107,0
9.517258882522585,0
9.51731538772583,0
9.517335891723633,0
9.520769119262695,0
9.540285348892212,0
9.540339231491089,0
9.540343046188354,0
9.552985191345217,0
9.55419421195984,0
9.556840181350708,0
9.556849241256714,0
9.55691123008728,0
9.557251691818236,0
9.560503721237184,0
9.560540676116943,0
9.56246852874756,0
9.563050746917725,0
9.563259840011597,0
9.564551591873167,0
9.565810203552246,0
9.576565742492676,0
9.578998565673828,0
9.582106351852415,0
9.58220911026001,0
9.582333087921144,0
9.583056926727297,0
9.585614204406738,0
9.585715055465698,0
9.585739135742188,0
9.585876226425173,0
9.58595085144043,0
9.585975408554075,0
9.59030270576477,0
9.592483758926392,0
9.594285488128662,0
9.594321489334106,0
9.596633672714232,0
9.596667528152466,0
9.597461700439451,0
9.599405765533447,0
9.59943175315857,0
9.599698781967165,0
9.60719633102417,0
9.607296705245972,0
9.607370615005491,0
9.60738492012024,0
9.614699125289915,0
9.61473512649536,0
9.615235567092896,0
9.617756843566896,0
9.61778211593628,0
9.61779260635376,0
9.635923147201538,0
9.638961791992188,0
9.639797449111938,0
9.641550779342651,0
9.659045219421388,0
9.659060716629028,0
9.65908408164978,0
9.66500687599182,0
9.665046215057371,0
9.665757179260254,0
9.666396141052246,0
9.670970439910889,0
9.671042919158936,0
9.671140909194946,0
9.6787109375,0
9.678745985031128,0
9.678792238235474,0
9.689663410186768,0
9.6984601020813,0
9.698493003845217,0
9.698527336120604,0
9.708778142929075,0
9.708812475204468,0
9.70901107788086,0
9.709067344665527,0
9.71407985687256,0
9.71410870552063,0
9.714203596115112,0
9.716342687606812,0
9.7165687084198,0
9.719117641448976,0
9.719178676605225,0
9.71917963027954,0
9.719735383987429,0
9.719823598861694,0
9.720805644989014,0
9.721394538879396,0
9.72141146659851,0
9.7214457988739,0
9.724362134933472,0
9.72440218925476,0
9.724647045135498,0
9.734967947006226,0
9.738957405090332,0
9.739155769348145,0
9.739186763763428,0
9.757637977600098,0
9.757683992385864,0
9.75775933265686,0
9.765122413635254,0
9.765125274658203,0
9.76874852180481,0
9.768796443939207,0
9.769194602966309,0
9.769959211349487,0
9.772601842880247,0
9.772631883621216,0
9.772934436798096,0
9.77623963356018,0
9.777783155441284,0
9.77782940864563,0
9.777831315994264,0
9.800304651260376,0
9.800304889678957,0
9.801105976104736,0
9.811264514923096,0
9.81407618522644,0
9.814116716384888,0
9.814238548278809,0
9.81737184524536,0
9.817376613616943,0
9.817395448684692,0
9.81992530822754,0
9.820008516311646,0
9.820077419281006,0
9.822407722473145,0
9.822442293167114,0
9.82439351081848,0
9.824407815933228,0
9.829139947891235,0
9.83189606666565,0
9.839083194732666,0
9.839816093444824,0
9.839916944503784,0
9.849923133850098,0
9.860795259475708,0
9.860825777053831,0
9.860918045043944,0
9.860987901687622,0
9.861288070678713,0
9.861335754394531,0
9.861510038375854,0
9.863574266433716,0
9.863659381866457,0
9.86449694633484,0
9.865230083465576,0
9.86547875404358,0
9.8761887550354,0
9.88004469871521,0
9.880083560943604,0
9.8801007270813,0
9.89851140975952,0
9.898572444915771,0
9.898584365844728,0
9.907828330993652,0
9.90811038017273,0
9.908209085464478,0
9.908602237701416,0
9.91352105140686,0
9.914082765579224,0
9.914120197296144,0
9.915285587310793,0
9.915322303771973,0
9.917246341705322,0
9.917497873306274,0
9.918725490570068,0
9.918765306472778,0
9.918859958648682,0
9.941076040267944,0
9.941113233566284,0
9.941184043884276,0
9.94132947921753,0
9.950799226760864,0
9.9510178565979,0
9.959655284881592,0
9.959707021713257,0
9.959831953048706,0
9.967293977737429,0
9.96734356880188,0
9.967365741729736,0
9.967388153076172,0
9.967602491378784,0
9.967669248580933,0
9.96778440475464,0
9.96799659729004,0
9.968031167984009,0
9.968051195144652,0
9.96807026863098,0
9.979815244674684,0
9.979845762252808,0
9.979866027832031,0
9.999029636383057,0
9.999282121658323,0
9.999364614486694,0
9.99993634223938,0
9.999978065490724,0
9.999996423721312,0
10.000760555267334,0
10.017804384231567,0
10.01786494255066,0
10.017890453338625,0
10.026761293411257,0
10.026866674423218,0
10.026904344558716,0
10.02698802947998,0
10.02718949317932,0
10.027257919311523,0
10.02747654914856,0
10.0407452583313,0
10.040798664093018,0
10.041024684906006,0
10.047261953353882,0
10.047292709350586,0
10.050013065338137,0
10.050085544586182,0
10.052897691726685,0
10.052928686141968,0
10.0536687374115,0
10.059266567230225,0
10.059305906295776,0
10.059412479400637,0
10.065308809280396,0
10.065334796905518,0
10.065412759780884,0
10.06546664237976,0
10.080079793930054,0
10.081714630126951,0
10.0817711353302,0
10.08654499053955,0
10.087502479553224,0
10.08842945098877,0
10.089076519012451,0
10.09964632987976,0
10.099684238433838,0
10.099737644195557,0
10.104162216186523,0
10.104185581207275,0
10.10427212715149,0
10.104886293411257,0
10.105589389801024,0
10.10561990737915,0
10.118799448013306,0
10.11884093284607,0
10.118858814239502,0
10.123044490814207,0
10.123122692108154,0
10.124634981155396,0
10.1288161277771,0
10.13927412033081,0
10.139318704605104,0
10.139412879943848,0
10.147958993911743,0
10.154807806015016,0
10.155092000961304,0
10.156647443771362,0
10.156838417053224,0
10.156862020492554,0
10.15688180923462,0
10.159515380859377,0
10.159531831741331,0
10.159634828567505,0
10.162620782852173,0
10.162628650665283,0
10.162954807281494,0
10.180103540420532,0
10.180125713348389,0
10.180200338363647,0
10.19297480583191,0
10.198236465454102,0
10.198292970657349,0
10.198315620422363,0
10.19876742362976,0
10.199037313461304,0
10.199195146560667,0
10.199244022369385,0
10.201613664627075,0
10.201985359191896,0
10.202011346817017,0
10.203354835510254,0
10.203385591506958,0
10.20378041267395,0
10.203831672668455,0
10.20634698867798,0
10.219070672988892,0
10.219095706939695,0
10.21911358833313,0
10.219152688980104,0
10.21949863433838,0
10.219686269760132,0
10.219717264175417,0
10.22239899635315,0
10.222415208816528,0
10.222423553466797,0
10.235684156417848,0
10.23737621307373,0
10.23741579055786,0
10.237433195114136,0
10.257289409637451,0
10.257338762283323,0
10.25773859024048,0
10.263843536376951,0
10.26390814781189,0
10.263971328735352,0
10.264031410217283,0
10.265624523162842,0
10.26572060585022,0
10.265785455703735,0
10.268075466156006,0
10.279437065124512,0
10.279485940933228,0
10.27957797050476,0
10.291412830352783,0
10.29142689704895,0
10.291452407836914,0
10.29167366027832,0
10.295299530029297,0
10.296005964279177,0
10.296322345733644,0
10.296484470367432,0
10.296508312225342,0
10.29883074760437,0
10.298882246017456,0
10.299177408218384,0
10.299834489822388,0
10.299865245819092,0
10.2998788356781,0
10.303178310394289,0
10.316595077514648,0
10.31885862350464,0
10.318894147872925,0
10.318929433822632,0
10.34075689315796,0
10.340997457504272,0
10.341036081314089,0
10.349416971206663,0
10.349435329437256,0
10.349451065063477,0
10.349467754364014,0
10.349483966827393,0
10.349499940872192,0
10.353869915008543,0
10.353872060775757,0
10.354650497436523,0
10.35820484161377,0
10.358482599258425,0
10.358504056930542,0
10.35852074623108,0
10.379611492156982,0
10.37965202331543,0
10.379756450653076,0
10.386210680007936,0
10.386233806610107,0
10.386300802230837,0
10.38635540008545,0
10.388768196105955,0
10.3888041973114,0
10.389836072921751,0
10.3909113407135,0
10.390944719314575,0
10.395239353179932,0
10.395282983779907,0
10.396137237548828,0
10.400057792663574,0
10.400084257125854,0
10.400096416473389,0
10.419260263442991,0
10.4192636013031,0
10.419790983200071,0
10.42285418510437,0
10.422897577285768,0
10.422916889190674,0
10.422970294952393,0
10.42689299583435,0
10.42716360092163,0
10.427572011947632,0
10.436366081237791,0
10.43643832206726,0
10.439237833023071,0
10.439287900924684,0
10.440184354782104,0
10.440213918685911,0
10.440294027328491,0
10.443971633911133,0
10.444145441055298,0
10.444205045700071,0
10.45459485054016,0
10.460569620132446,0
10.460618495941162,0
10.460687637329102,0
10.477848768234251,0
10.477899074554443,0
10.477920770645142,0
10.498411655426024,0
10.498949766159058,0
10.499398231506348,0
10.512722730636597,0
10.51275086402893,0
10.512773275375366,0
10.51290488243103,0
10.51538372039795,0
10.515407800674438,0
10.515915155410768,0
10.517414093017578,0
10.519703149795532,0
10.519748210906982,0
10.519767045974731,0
10.52399754524231,0
10.5241539478302,0
10.524227619171144,0
10.528676509857178,0
10.528748273849487,0
10.530481100082396,0
10.536202430725098,0
10.53630805015564,0
10.53834319114685,0
10.538397312164308,0
10.538533926010132,0
10.543277978897097,0
10.543413162231444,0
10.543486833572388,0
10.54355764389038,0
10.55033254623413,0
10.550598382949827,0
10.550630807876589,0
10.551799058914185,0
10.559767723083496,0
10.559854745864868,0
10.559866189956663,0
10.56482982635498,0
10.565350770950316,0
10.565671682357788,0
10.565675973892212,0
10.569482803344728,0
10.569579362869264,0
10.5702166557312,0
10.571028470993042,0
10.57397747039795,0
10.579665660858154,0
10.57971453666687,0
10.57982349395752,0
10.5984308719635,0
10.598464965820312,0
10.598532676696776,0
10.600849390029907,0
10.601070165634155,0
10.605276107788086,0
10.605324029922484,0
10.605411529541016,0
10.619632244110107,0
10.61967706680298,0
10.619774341583252,0
10.629163980484009,0
10.629198789596558,0
10.629289150238035,0
10.629361391067505,0
10.629559755325316,0
10.62963056564331,0
10.629696130752563,0
10.639898777008057,0
10.639925956726074,0
10.639974355697632,0
10.658784627914429,0
10.658790588378906,0
10.65883493423462,0
10.68587589263916,0
10.6858971118927,0
10.68662428855896,0
10.686655044555664,0
10.692035436630247,0
10.692247152328491,0
10.6922709941864,0
10.692332744598389,0
10.694764137268066,0
10.694884300231934,0
10.695730924606323,0
10.69700026512146,0
10.697027683258057,0
10.697036981582642,0
10.697062969207764,0
10.69939923286438,0
10.69994616508484,0
10.700310707092283,0
10.700813293457031,0
10.700843334197998,0
10.700866460800173,0
10.701618432998655,0
10.702085971832275,0
10.70518159866333,0
10.705223321914673,0
10.706457138061523,0
10.716875076293944,0
10.71723246574402,0
10.717283487319946,0
10.717509984970093,0
10.7181556224823,0
10.719217538833618,0
10.719273328781128,0
10.719554662704468,0
10.72008228302002,0
10.720110416412354,0
10.720171689987184,0
10.720221757888794,0
10.73578667640686,0
10.73891305923462,0
10.738958835601808,0
10.738972663879396,0
10.75857925415039,0
10.758579730987549,0
10.75864052772522,0
10.76790714263916,0
10.768059015274048,0
10.770747423171995,0
10.771054029464722,0
10.772544860839844,0
10.772569179534912,0
10.781795978546144,0
10.781832218170166,0
10.781858444213867,0
10.783420085906982,0
10.783443212509155,0
10.783562183380129,0
10.792603492736816,0
10.797595739364624,0
10.797657489776611,0
10.798834562301636,0
10.806329488754272,0
10.8093421459198,0
10.809389114379885,0
10.809402227401732,0
10.82030463218689,0
10.820332288742064,0
10.820372819900513,0
10.827383995056152,0
10.827397108078005,0
10.82792901992798,0
10.828965902328491,0
10.82902693748474,0
10.830332040786743,0
10.83038568496704,0
10.831088304519652,0
10.837668895721436,0
10.83769989013672,0
10.837746858596802,0
10.840323686599731,0
10.8403480052948,0
10.842845439910889,0
10.842872142791748,0
10.843081712722778,0
10.843329906463625,0
10.843385934829712,0
10.843420505523682,0
10.85768747329712,0
10.858020782470703,0
10.860125541687012,0
10.860183954238892,0
10.877905130386353,0
10.877910614013672,0
10.87798237800598,0
10.879419803619385,0
10.883507013320925,0
10.883734464645386,0
10.883757829666138,0
10.88398027420044,0
10.898386478424072,0
10.898417472839355,0
10.898500442504885,0
10.906110525131226,0
10.906195878982544,0
10.906211376190186,0
10.907915830612184,0
10.90794563293457,0
10.90943431854248,0
10.909488916397097,0
10.911252737045288,0
10.911339044570925,0
10.911355257034302,0
10.911400556564333,0
10.91830563545227,0
10.918705940246582,0
10.918771028518677,0
10.921810626983644,0
10.921926498413086,0
10.922229766845703,0
10.923273801803589,0
10.93862009048462,0
10.9386944770813,0
10.938718557357788,0
10.944012880325316,0
10.944196939468384,0
10.94825530052185,0
10.948296546936035,0
10.948352813720703,0
10.948407173156738,0
10.948567867279053,0
10.948622703552246,0
10.948675394058228,0
10.957185745239258,0
10.957229137420654,0
10.957245111465454,0
10.978863716125488,0
10.978885889053345,0
10.978967428207396,0
10.980682373046877,0
10.987181186676024,0
10.98721694946289,0
10.998495101928713,0
10.998536586761476,0
10.99890947341919,0
10.998935222625732,0
10.998948335647585,0
11.00335431098938,0
11.003530025482178,0
11.005370140075684,0
11.005386590957642,0
11.007455110549929,0
11.007490634918211,0
11.00855541229248,0
11.017608880996704,0
11.017640829086304,0
11.01769757270813,0
11.018758296966553,0
11.019487380981444,0
11.040821313858032,0
11.040970087051392,0
11.04098892211914,0
11.043128967285156,0
11.043155908584597,0
11.043181896209717,0
11.043212413787842,0
11.044812202453612,0
11.044845819473268,0
11.04485821723938,0
11.057613372802734,0
11.057644605636597,0
11.057940483093262,0
11.077561378479004,0
11.07758402824402,0
11.07759952545166,0
11.084768533706663,0
11.088905334472656,0
11.088931560516356,0
11.091510772705078,0
11.091540336608888,0
11.09160590171814,0
11.091729402542114,0
11.091747760772703,0
11.098000764846802,0
11.098030090332031,0
11.098036527633669,0
11.105137348175049,0
11.105142593383787,0
11.106329202651978,0
11.106364965438845,0
11.107131481170654,0
11.108726739883425,0
11.118101119995115,0
11.118177890777588,0
11.118256330490112,0
11.137712955474854,0
11.138952493667604,0
11.138989448547363,0
11.13903546333313,0
11.159216403961182,0
11.159250974655151,0
11.159316778182983,0
11.16139531135559,0
11.161412477493286,0
11.163378953933716,0
11.163439273834229,0
11.16345739364624,0
11.163898944854736,0
11.178877830505373,0
11.178906679153442,0
11.179027318954468,0
11.188881158828735,0
11.188911199569702,0
11.18892502784729,0
11.194669485092165,0
11.194991111755373,0
11.19499397277832,0
11.19500732421875,0
11.195063829421995,0
11.195076942443848,0
11.195090532302856,0
11.195180416107178,0
11.19839072227478,0
11.19841718673706,0
11.198593139648438,0
11.217350482940674,0
11.217382192611694,0
11.21741247177124,0
11.232635736465454,0
11.232646942138672,0
11.232746362686155,0
11.2327618598938,0
11.23496413230896,0
11.23517370223999,0
11.23775315284729,0
11.237781524658203,0
11.237822532653809,0
11.239482402801514,0
11.239495038986206,0
11.239527940750122,0
11.239561557769775,0
11.24077582359314,0
11.24387240409851,0
11.257518529891968,0
11.25753402709961,0
11.257779836654665,0
11.26361632347107,0
11.263736009597778,0
11.26375699043274,0
11.264163494110107,0
11.26524305343628,0
11.26630687713623,0
11.266340017318726,0
11.266881465911863,0
11.278285264968872,0
11.27830958366394,0
11.278323888778688,0
11.288803815841677,0
11.288828372955322,0
11.290282249450684,0
11.29031467437744,0
11.291800260543823,0
11.29183053970337,0
11.29189395904541,0
11.292446613311768,0
11.292465686798096,0
11.29645013809204,0
11.299122333526611,0
11.299151182174684,0
11.299201726913452,0
11.29975175857544,0
11.300854921340942,0
11.318262100219728,0
11.318289041519163,0
11.318294286727903,0
11.324431657791138,0
11.324542760849,0
11.326079845428469,0
11.326111793518066,0
11.326160669326782,0
11.326179265975952,0
11.328083992004396,0
11.328100442886353,0
11.32811713218689,0
11.338232040405272,0
11.338671684265137,0
11.338846445083618,0
11.353047609329224,0
11.358824729919434,0
11.35886287689209,0
11.358878135681152,0
11.363942384719849,0
11.364126205444336,0
11.364148139953612,0
11.36430287361145,0
11.367605686187744,0
11.367637157440186,0
11.36786961555481,0
11.377912521362305,0
11.377947092056274,0
11.378258228302002,0
11.388278722763062,0
11.389442920684814,0
11.39008402824402,0
11.39099407196045,0
11.397785186767578,0
11.397818088531494,0
11.397845029830933,0
11.39933705329895,0
11.399367094039915,0
11.399379968643188,0
11.399956941604614,0
11.399959802627563,0
11.402913570404053,0
11.403000593185425,0
11.403025150299072,0
11.406371116638184,0
11.40909504890442,0
11.409122705459597,0
11.410401582717896,0
11.414572477340698,0
11.414796352386476,0
11.414868354797363,0
11.41525101661682,0
11.415480375289915,0
11.416954040527344,0
11.4189612865448,0
11.419220685958862,0
11.422407627105711,0
11.42643904685974,0
11.42775297164917,0
11.42781901359558,0
11.427857398986816,0
11.439568042755129,0
11.439568281173706,0
11.448531866073608,0
11.448554039001465,0
11.448983192443848,0
11.450432300567629,0
11.453336238861084,0
11.454530954360962,0
11.456393718719482,0
11.457971096038818,0
11.458000659942629,0
11.458051681518556,0
11.474748849868774,0
11.477890253067017,0
11.477922201156616,0
11.477978467941284,0
11.49821424484253,0
11.49837327003479,0
11.498404264450071,0
11.503905057907104,0
11.503941297531128,0
11.504133224487305,0
11.50513219833374,0
11.507785558700562,0
11.508058309555054,0
11.508152723312378,0
11.518000364303589,0
11.5180344581604,0
11.518159627914429,0
11.523518562316896,0
11.523541688919067,0
11.524999618530272,0
11.525357246398926,0
11.526184797286987,0
11.53841495513916,0
11.53845238685608,0
11.538469314575195,0
11.546863317489624,0
11.550077676773071,0
11.550523519515991,0
11.550597190856934,0
11.550646305084229,0
11.55069661140442,0
11.55078387260437,0
11.550870418548584,0
11.550896883010864,0
11.558411836624146,0
11.558456182479858,0
11.558727025985718,0
11.57657027244568,0
11.579071998596191,0
11.57909345626831,0
11.579111099243164,0
11.59804081916809,0
11.598073720932009,0
11.598153114318848,0
11.608739852905272,0
11.61032223701477,0
11.610347270965576,0
11.610358953475952,0
11.610445737838743,0
11.610468864440918,0
11.610540390014648,0
11.611165523529053,0
11.611403942108154,0
11.61300563812256,0
11.613019227981567,0
11.617674827575684,0
11.617695569992064,0
11.617706775665283,0
11.617716550827026,0
11.617959022521973,0
11.617974996566772,0
11.618019580841064,0
11.618699550628662,0
11.61871862411499,0
11.61872172355652,0
11.637575149536133,0
11.637614727020264,0
11.63764214515686,0
11.642825603485107,0
11.64701509475708,0
11.647364854812622,0
11.64749813079834,0
11.647504806518556,0
11.648730516433716,0
11.648746728897097,0
11.649383544921877,0
11.656043767929075,0
11.65702748298645,0
11.657065153121948,0
11.657077074050903,0
11.678761720657349,0
11.679947137832642,0
11.68012833595276,0
11.682798624038696,0
11.682937145233154,0
11.68295407295227,0
11.682967901229858,0
11.68418002128601,0
11.684208393096924,0
11.684223651885986,0
11.697892904281616,0
11.697925329208374,0
11.697938442230225,0
11.701915979385376,0
11.701991319656372,0
11.704060792922974,0
11.704236030578612,0
11.718232154846191,0
11.718268871307371,0
11.71839475631714,0
11.73852014541626,0
11.738538026809692,0
11.738646984100342,0
11.747507333755491,0
11.752381324768066,0
11.752486228942873,0
11.75418472290039,0
11.754224061965942,0
11.754243850708008,0
11.759215593338013,0
11.75930404663086,0
11.759436130523682,0
11.759454250335692,0
11.759711503982544,0
11.759992361068726,0
11.760249137878418,0
11.777992010116575,0
11.77802276611328,0
11.77803635597229,0
11.786065816879272,0
11.797492504119871,0
11.797520875930786,0
11.79757809638977,0
11.80401849746704,0
11.805747985839844,0
11.805777072906494,0
11.80578875541687,0
11.80800485610962,0
11.808104515075684,0
11.808130979537964,0
11.812371969223022,0
11.81242823600769,0
11.813081502914429,0
11.813097715377808,0
11.817419528961182,0
11.817424297332764,0
11.817450284957886,0
11.837440967559814,0
11.83748459815979,0
11.837494850158691,0
11.84593391418457,0
11.845970630645752,0
11.846014261245728,0
11.8575918674469,0
11.857621431350708,0
11.85762619972229,0
11.86812424659729,0
11.868125200271606,0
11.868506908416748,0
11.868524074554443,0
11.868579149246216,0
11.868600368499756,0
11.868667125701904,0
11.871466636657717,0
11.871490478515623,0
11.871504306793211,0
11.871519565582275,0
11.872557878494264,0
11.872593402862549,0
11.872721195220947,0
11.877891540527344,0
11.877923727035522,0
11.87799072265625,0
11.878854036331177,0
11.886664628982544,0
11.886688947677612,0
11.886759519577026,0
11.887812614440918,0
11.898494720458984,0
11.89857029914856,0
11.898651123046877,0
11.90764856338501,0
11.907772064208984,0
11.907957077026367,0
11.90821933746338,0
11.908249139785768,0
11.911258220672607,0
11.911348342895508,0
11.917688608169556,0
11.917863607406616,0
11.917927503585815,0
11.923408269882202,0
11.926049947738647,0
11.934468030929564,0
11.937939643859863,0
11.937968969345093,0
11.9380521774292,0
11.958683967590332,0
11.958771467208862,0
11.9587984085083,0
11.964395761489868,0
11.964768886566162,0
11.966284275054932,0
11.966973304748535,0
11.96700954437256,0
11.967028856277466,0
11.971519231796265,0
11.971547842025757,0
11.97168254852295,0
11.982116937637327,0
11.984012126922607,0
11.984060525894163,0
11.984219312667848,0
11.984296083450316,0
11.984371185302734,0
12.004684209823608,0
12.005708932876589,0
12.00589156150818,0
12.006964921951294,0
12.00699543952942,0
12.007067680358888,0
12.007515907287598,0
12.007586240768433,0
12.00795555114746,0
12.018528699874878,0
12.018571138381958,0
12.01867175102234,0
12.02373719215393,0
12.02375316619873,0
12.030264616012571,0
12.030300617218018,0
12.030335903167725,0
12.039151668548584,0
12.03917646408081,0
12.039186477661133,0
12.03921127319336,0
12.03925395011902,0
12.039281845092772,0
12.039310455322266,0
12.039322137832642,0
12.039357423782349,0
12.039436340332031,0
12.05483341217041,0
12.057407140731812,0
12.057536363601685,0
12.05762815475464,0
12.077702283859251,0
12.077733993530272,0
12.07780909538269,0
12.098809003829956,0
12.098872184753418,0
12.098896026611328,0
12.114489793777466,0
12.114521026611328,0
12.114536762237549,0
12.114593744277954,0
12.11702036857605,0
12.117035627365112,0
12.11708164215088,0
12.11726975440979,0
12.117310523986816,0
12.1192467212677,0
12.119263648986816,0
12.12049412727356,0
12.12052607536316,0
12.120588541030884,0
12.122375965118408,0
12.122395038604736,0
12.122466564178469,0
12.122480630874634,0
12.122758865356444,0
12.122775793075562,0
12.122884511947632,0
12.138579368591309,0
12.138583421707152,0
12.138633012771606,0
12.14063596725464,0
12.145471572875977,0
12.145545721054075,0
12.158310890197754,0
12.15835165977478,0
12.158371448516846,0
12.15848183631897,0
12.158483505249023,0
12.158504486083984,0
12.158609390258787,0
12.167085886001589,0
12.167126893997192,0
12.167252779006958,0
12.177795648574827,0
12.177815198898315,0
12.177827835083008,0
12.186246156692505,0
12.188995838165283,0
12.18971848487854,0
12.197823524475098,0
12.197826862335203,0
12.19785499572754,0
12.212038516998293,0
12.212042093276978,0
12.212064504623411,0
12.212100744247437,0
12.215482711791992,0
12.215518712997437,0
12.2155339717865,0
12.215582847595217,0
12.215597867965698,0
12.218342542648315,0
12.21835446357727,0
12.218365907669067,0
12.218379974365234,0
12.218390941619871,0
12.219829559326172,0
12.238056659698486,0
12.238087177276611,0
12.238099336624146,0
12.240306615829468,0
12.243133068084717,0
12.24334454536438,0
12.24336552619934,0
12.243377923965454,0
12.257526874542236,0
12.257553815841677,0
12.257581949234009,0
12.25989556312561,0
12.25991439819336,0
12.259915590286257,0
12.261257410049438,0
12.278212308883669,0
12.27824640274048,0
12.27827262878418,0
12.296671628952026,0
12.29670786857605,0
12.296770334243774,0
12.296793699264526,0
12.29896330833435,0
12.298980712890623,0
12.299829483032228,0
12.303436040878296,0
12.303507804870604,0
12.303552150726318,0
12.304119110107422,0
12.30416703224182,0
12.304893493652344,0
12.304945230484009,0
12.305169582366943,0
12.308282375335692,0
12.317648887634276,0
12.317682266235352,0
12.317693948745728,0
12.321163654327393,0
12.324821949005129,0
12.324869632720947,0
12.33771300315857,0
12.337745904922484,0
12.33778190612793,0
12.354511976242064,0
12.35454773902893,0
12.354982137680054,0
12.355005264282228,0
12.357358932495115,0
12.35742449760437,0
12.357481241226196,0
12.35811471939087,0
12.35820722579956,0
12.35832691192627,0
12.360279321670532,0
12.360570430755615,0
12.360600471496582,0
12.360616445541382,0
12.362275838851929,0
12.362309217453005,0
12.362478017807009,0
12.36300492286682,0
12.36963438987732,0
12.369650840759276,0
12.372673273086548,0
12.372700691223145,0
12.37511920928955,0
12.375577688217165,0
12.375612497329712,0
12.378211498260498,0
12.378473281860352,0
12.378500699996948,0
12.380012035369871,0
12.380146980285645,0
12.384038925170898,0
12.38408899307251,0
12.396008491516112,0
12.402807474136353,0
12.402820348739624,0
12.402830362319946,0
12.41763973236084,0
12.41825819015503,0
12.418417930603027,0
12.425730466842651,0
12.42574667930603,0
12.425794839859009,0
12.425808191299438,0
12.42795729637146,0
12.427980422973633,0
12.428019523620604,0
12.42808437347412,0
12.428904294967651,0
12.429771184921265,0
12.437467336654665,0
12.437497854232788,0
12.437511682510376,0
12.445240259170532,0
12.446489095687866,0
12.447848081588743,0
12.448180675506592,0
12.448543310165403,0
12.448571920394896,0
12.448577642440796,0
12.448606491088867,0
12.457331657409668,0
12.457358360290527,0
12.45736813545227,0
12.46114206314087,0
12.462112188339232,0
12.477745294570925,0
12.47779655456543,0
12.477811574935911,0
12.48868703842163,0
12.488720655441284,0
12.48876142501831,0
12.488871335983276,0
12.488940715789797,0
12.489014863967896,0
12.489058256149292,0
12.489816665649414,0
12.489869594573976,0
12.494333505630491,0
12.494365215301514,0
12.49787712097168,0
12.498013496398926,0
12.498236179351808,0
12.516849040985107,0
12.518200397491457,0
12.518230676651,0
12.518468141555786,0
12.538341999053957,0
12.5384418964386,0
12.53856110572815,0
12.55554986000061,0
12.55557417869568,0
12.557605028152466,0
12.557910919189451,0
12.558466911315918,0
12.55850863456726,0
12.559358596801758,0
12.559511423110962,0
12.559533596038818,0
12.56286072731018,0
12.562899351119995,0
12.56291890144348,0
12.56465482711792,0
12.564659118652344,0
12.564933776855469,0
12.564952611923218,0
12.566617250442505,0
12.56721043586731,0
12.567251920700071,0
12.577938318252563,0
12.577991247177124,0
12.577994346618652,0
12.587268352508543,0
12.596839427947998,0
12.596872091293337,0
12.596886157989502,0
12.604098320007324,0
12.604368925094604,0
12.604384183883669,0
12.60439682006836,0
12.607287168502808,0
12.60788893699646,0
12.608805418014526,0
12.60883402824402,0
12.608865022659302,0
12.62041997909546,0
12.62044906616211,0
12.620553493499756,0
12.62089991569519,0
12.620930671691896,0
12.623083591461182,0
12.637391090393066,0
12.637556791305542,0
12.63764214515686,0
12.64911961555481,0
12.649134159088137,0
12.64918327331543,0
12.64925980567932,0
12.650548458099363,0
12.650928020477297,0
12.65110158920288,0
12.653976202011108,0
12.655548095703123,0
12.657243013381958,0
12.657243728637695,0
12.657278537750244,0
12.662669897079468,0
12.677878379821776,0
12.677915334701538,0
12.67792510986328,0
12.697740077972412,0
12.697778224945068,0
12.6978862285614,0
12.717859983444214,0
12.717981338500977,0
12.71804428100586,0
12.72142457962036,0
12.72146463394165,0
12.7214777469635,0
12.721535444259644,0
12.72166109085083,0
12.721991300582886,0
12.721994638442991,0
12.73873805999756,0
12.738739728927612,0
12.738792896270752,0
12.743133783340454,0
12.743245601654053,0
12.74549150466919,0
12.745514631271362,0
12.746568441390991,0
12.758119106292725,0
12.758208513259888,0
12.758308172225952,0
12.775764465332031,0
12.77579641342163,0
12.77881407737732,0
12.778855562210085,0
12.778929710388184,0
12.778987407684326,0
12.779162645339966,0
12.779188871383669,0
12.779209852218628,0
12.779230833053589,0
12.77933120727539,0
12.779355764389038,0
12.7803795337677,0
12.794543743133543,0
12.794572353363035,0
12.794613361358644,0
12.794660091400146,0
12.796138525009155,0
12.796148300170898,0
12.796158075332642,0
12.798759698867798,0
12.798759937286375,0
12.79879593849182,0
12.801871061325071,0
12.801887512207031,0
12.801927089691162,0
12.801940202713013,0
12.819138765335085,0
12.819162368774414,0
12.819205284118652,0
12.81978154182434,0
12.819796323776243,0
12.819806575775146,0
12.81981611251831,0
12.822412014007568,0
12.822904109954834,0
12.822932720184326,0
12.823351621627808,0
12.825714826583862,0
12.828492164611816,0
12.832831382751465,0
12.8328537940979,0
12.832926273345947,0
12.832940101623535,0
12.834251403808594,0
12.834277153015137,0
12.834290266036987,0
12.83742642402649,0
12.837456226348875,0
12.83798623085022,0
12.839641332626345,0
12.857053518295288,0
12.857075452804564,0
12.857078790664673,0
12.865016222000122,0
12.86999797821045,0
12.870028018951416,0
12.870089530944824,0
12.87019968032837,0
12.870261907577516,0
12.87029504776001,0
12.870378494262695,0
12.87047839164734,0
12.877578735351562,0
12.87764286994934,0
12.877678394317629,0
12.897574663162231,0
12.897722244262695,0
12.897852182388306,0
12.907158136367798,0
12.907393217086792,0
12.908962488174438,0
12.909042119979858,0
12.910959720611572,0
12.915082216262816,0
12.91535782814026,0
12.91755223274231,0
12.917580366134644,0
12.917590856552124,0
12.924658298492432,0
12.924685955047607,0
12.924702644348145,0
12.924745082855225,0
12.92818522453308,0
12.92844533920288,0
12.928706645965576,0
12.937260627746582,0
12.937284231185911,0
12.937311887741089,0
12.958519458770752,0
12.95856237411499,0
12.958656072616575,0
12.978309392929075,0
12.97835111618042,0
12.978959798812866,0
12.986356019973757,0
12.997727394104004,0
12.997756481170654,0
12.997761487960815,0
13.011444568634031,0
13.011467218399048,0
13.011500120162964,0
13.01158571243286,0
13.01542043685913,0
13.0155611038208,0
13.015578269958496,0
13.017462968826294,0
13.01748824119568,0
13.017520427703856,0
13.01861310005188,0
13.018807411193848,0
13.020291566848757,0
13.020341634750366,0
13.021412134170532,0
13.026925325393677,0
13.026949644088743,0
13.02696132659912,0
13.027021408081056,0
13.029049158096312,0
13.029061317443848,0
13.02907371520996,0
13.03739309310913,0
13.037421703338625,0
13.03749966621399,0
13.039398670196531,0
13.039423942565918,0
13.039427518844604,0
13.039434432983398,0
13.040660858154297,0
13.040678024291992,0
13.04069709777832,0
13.041250705718994,0
13.057042598724363,0
13.05705499649048,0
13.057063102722168,0
13.069334983825684,0
13.069448232650757,0
13.069469213485718,0
13.069481372833252,0
13.069554328918455,0
13.069568395614624,0
13.069658041000366,0
13.071711778640749,0
13.072675228118896,0
13.07734990119934,0
13.077404737472534,0
13.07740831375122,0
13.090309381484984,0
13.090309619903564,0
13.091421127319336,0
13.091464042663574,0
13.092203617095947,0
13.09744119644165,0
13.097471237182615,0
13.097524166107178,0
13.118072509765623,0
13.118104457855225,0
13.118199110031128,0
13.118767976760864,0
13.119046211242676,0
13.119705438613892,0
13.119733810424805,0
13.119882345199583,0
13.119906425476074,0
13.120757579803469,0
13.120784282684326,0
13.120798349380491,0
13.122769594192505,0
13.124382734298706,0
13.137706518173218,0
13.13774299621582,0
13.137757778167725,0
13.142916917800903,0
13.148128509521484,0
13.148144721984863,0
13.14816164970398,0
13.1482036113739,0
13.1514573097229,0
13.151750564575195,0
13.151787519454956,0
13.153726816177368,0
13.157705783843994,0
13.1577410697937,0
13.157809734344482,0
13.17977738380432,0
13.181408643722534,0
13.18143343925476,0
13.19535493850708,0
13.195531606674194,0
13.195550203323364,0
13.195566415786743,0
13.196659326553345,0
13.1966655254364,0
13.196680545806885,0
13.197986125946043,0
13.198017120361328,0
13.198036432266235,0
13.201475620269775,0
13.201492071151732,0
13.211018562316896,0
13.211072206497192,0
13.211087942123411,0
13.215327262878418,0
13.21744179725647,0
13.217467308044434,0
13.21749472618103,0
13.237306833267212,0
13.237332105636597,0
13.237367630004885,0
13.257843494415283,0
13.257853269577026,0
13.257854223251345,0
13.257867813110352,0
13.257868528366089,0
13.257877349853516,0
13.258715629577637,0
13.261698484420776,0
13.261715650558472,0
13.26176142692566,0
13.277449131011965,0
13.277481317520142,0
13.27749228477478,0
13.283375263214111,0
13.283470392227173,0
13.283483982086182,0
13.28351593017578,0
13.28640913963318,0
13.286439180374146,0
13.286726236343384,0
13.28685450553894,0
13.29748558998108,0
13.297516107559204,0
13.297520637512209,0
13.302337646484377,0
13.309802770614624,0
13.31044101715088,0
13.310465335845947,0
13.310944080352783,0
13.317328453063965,0
13.31735897064209,0
13.31741428375244,0
13.337580680847168,0
13.337618350982666,0
13.3377525806427,0
13.348351955413818,0
13.3486590385437,0
13.350383043289185,0
13.35047435760498,0
13.350499391555786,0
13.35057258605957,0
13.354589462280272,0
13.354686498641968,0
13.354714632034302,0
13.354774951934814,0
13.356324434280396,0
13.358556747436523,0
13.358599424362184,0
13.358694314956663,0
13.36229658126831,0
13.367365837097168,0
13.36751627922058,0
13.367645740509031,0
13.367684841156006,0
13.37304949760437,0
13.373291969299316,0
13.373780727386476,0
13.378822088241575,0
13.378860473632812,0
13.379202842712402,0
13.39153265953064,0
13.393608808517456,0
13.39757251739502,0
13.397605419158936,0
13.397619247436523,0
13.398409366607666,0
13.39846420288086,0
13.398987531661987,0
13.399013996124268,0
13.405611515045166,0
13.408542394638062,0
13.408568143844604,0
13.409480810165403,0
13.409512281417848,0
13.41007661819458,0
13.410101413726808,0
13.410523176193236,0
13.418066501617432,0
13.418093919754028,0
13.41814637184143,0
13.425342321395874,0
13.429660081863403,0
13.429888010025024,0
13.437743663787842,0
13.438166856765749,0
13.438479900360107,0
13.4388530254364,0
13.438879489898682,0
13.438892841339111,0
13.43904447555542,0
13.441457986831663,0
13.441474199295044,0
13.445921421051024,0
13.458784341812134,0
13.458801507949827,0
13.45881485939026,0
13.463232040405272,0
13.46325707435608,0
13.463266849517822,0
13.463277339935305,0
13.464296102523804,0
13.46433448791504,0
13.46441912651062,0
13.464849948883057,0
13.477327346801758,0
13.477359533309937,0
13.477436304092407,0
13.479417085647585,0
13.480507850646973,0
13.481716632843018,0
13.481838941574097,0
13.481853723526,0
13.48203182220459,0
13.482111692428589,0
13.495907306671144,0
13.495944738388062,0
13.49722933769226,0
13.497250318527222,0
13.49726700782776,0
13.517491102218628,0
13.51751160621643,0
13.517639875411987,0
13.517784595489502,0
13.517792463302612,0
13.536838054656982,0
13.539485931396484,0
13.539706707000732,0
13.539786577224731,0
13.558191061019896,0
13.558253049850464,0
13.558254957199097,0
13.566064834594728,0
13.566627979278564,0
13.569817781448364,0
13.569875240325928,0
13.569903135299684,0
13.56993007659912,0
13.578747987747192,0
13.578776597976685,0
13.578843832015991,0
13.58292031288147,0
13.58295750617981,0
13.582972526550291,0
13.584972858428957,0
13.59603190422058,0
13.596370935440063,0
13.596389055252075,0
13.596401691436768,0
13.598178386688232,0
13.598217248916626,0
13.598264217376707,0
13.61775803565979,0
13.617923974990845,0
13.617959976196287,0
13.628135919570925,0
13.62819480895996,0
13.628211498260498,0
13.630756616592407,0
13.630785703659058,0
13.633298635482788,0
13.633304595947266,0
13.63727569580078,0
13.637300491333008,0
13.637311935424805,0
13.657442092895508,0
13.657477378845217,0
13.657508850097656,0
13.669414043426514,0
13.673141717910768,0
13.673391819000244,0
13.673418998718262,0
13.673462629318236,0
13.675493717193604,0
13.675506591796877,0
13.675564289093018,0
13.67624831199646,0
13.677408933639526,0
13.67743444442749,0
13.677446126937866,0
13.693880081176758,0
13.694202184677124,0
13.694230318069458,0
13.69428300857544,0
13.697552680969238,0
13.697553157806396,0
13.6988525390625,0
13.699877977371216,0
13.700438976287842,0
13.700470209121704,0
13.700865983963013,0
13.700922966003418,0
13.70169234275818,0
13.701748847961426,0
13.703238248825071,0
13.703258275985718,0
13.703263998031616,0
13.703527212142944,0
13.706689834594728,0
13.708430290222168,0
13.70846939086914,0
13.708576440811155,0
13.717389106750488,0
13.717408895492554,0
13.717453241348268,0
13.737073421478271,0
13.737104892730711,0
13.737117290496826,0
13.745084762573242,0
13.745091438293455,0
13.746869802474976,0
13.7468900680542,0
13.746904611587524,0
13.746919870376589,0
13.748809814453123,0
13.74938464164734,0
13.74938941001892,0
13.74954342842102,0
13.75791597366333,0
13.757955074310305,0
13.778101921081545,0
13.778249263763428,0
13.778359413146973,0
13.793506383895874,0
13.7935688495636,0
13.793590545654297,0
13.793662786483765,0
13.796872615814207,0
13.796894073486328,0
13.796909809112549,0
13.796927213668823,0
13.798508167266846,0
13.798525094985962,0
13.798584938049316,0
13.798652172088625,0
13.7999529838562,0
13.800188779830933,0
13.804051637649536,0
13.804070711135864,0
13.814659595489502,0
13.817949771881104,0
13.81797480583191,0
13.818066596984863,0
13.837778329849243,0
13.83780598640442,0
13.83781599998474,0
13.848126411437988,0
13.848137140274048,0
13.848167181015016,0
13.848231077194214,0
13.8483624458313,0
13.848374843597412,0
13.848681449890137,0
13.84871530532837,0
13.857307434082031,0
13.857343435287476,0
13.85768747329712,0
13.862615585327148,0
13.862658023834229,0
13.862672567367554,0
13.862738132476808,0
13.865395307540894,0
13.865448713302612,0
13.865604400634766,0
13.865686655044556,0
13.877264976501465,0
13.87729024887085,0
13.877296209335327,0
13.885331392288208,0
13.888675451278688,0
13.88894248008728,0
13.897452116012571,0
13.89748477935791,0
13.89759349822998,0
13.89858102798462,0
13.898608684539797,0
13.899292707443236,0
13.917464971542358,0
13.917591094970703,0
13.917608261108398,0
13.921546697616575,0
13.921621561050417,0
13.923238039016724,0
13.923267126083374,0
13.923364639282228,0
13.923381328582764,0
13.926218271255491,0
13.926219940185549,0
13.926247358322144,0
13.938202142715454,0
13.93822717666626,0
13.938270807266235,0
13.938318490982056,0
13.938333988189695,0
13.938347578048706,0
13.938675880432127,0
13.9404296875,0
13.940463304519652,0
13.940582990646362,0
13.958804845809937,0
13.95884394645691,0
13.958860874176024,0
13.962654829025269,0
13.968245029449465,0
13.968275547027588,0
13.9683358669281,0
13.96835470199585,0
13.97058653831482,0
13.970605611801147,0
13.971201181411743,0
13.978013753890991,0
13.97804355621338,0
13.978094100952148,0
13.981414556503296,0
13.983161449432371,0
13.98483395576477,0
13.9848530292511,0
13.986080169677734,0
13.98651671409607,0
13.992655515670776,0
13.997328281402588,0
13.997359037399292,0
13.997372150421144,0
14.017525672912598,0
14.01755428314209,0
14.035908460617064,0
14.036309242248535,0
14.036332130432127,0
14.03638744354248,0
14.03750705718994,0
14.037532567977903,0
14.03754448890686,0
14.038799047470093,0
14.039198160171509,0
14.041492462158203,0
14.05768346786499,0
14.057684659957886,0
14.057734489440918,0
14.074240684509276,0
14.077326536178589,0
14.07735824584961,0
14.077371835708618,0
14.0975980758667,0
14.097829103469849,0
14.097926139831545,0
14.116868257522585,0
14.116904258728027,0
14.116957187652588,0
14.117002487182615,0
14.119203090667725,0
14.11924433708191,0
14.119341850280762,0
14.11938762664795,0
14.119443655014038,0
14.12051558494568,0
14.120715856552124,0
14.124632596969604,0
14.124668836593628,0
14.124685525894163,0
14.124832391738892,0
14.13158392906189,0
14.131630897521973,0
14.137449502944946,0
14.137484312057495,0
14.137600660324097,0
14.146933317184448,0
14.146959781646729,0
14.147057056427002,0
14.147124290466309,0
14.151305675506592,0
14.151328325271606,0
14.151350021362305,0
14.151371717453005,0
14.156440019607544,0
14.156469821929932,0
14.15665888786316,0
14.156680822372437,0
14.158697605133057,0
14.15876293182373,0
14.16012406349182,0
14.162294626235962,0
14.16236448287964,0
14.162920713424684,0
14.178301095962524,0
14.17835283279419,0
14.178419828414915,0
14.189139127731323,0
14.189273595809937,0
14.189306259155272,0
14.189344644546509,0
14.192909717559814,0
14.193217992782593,0
14.193251132965088,0
14.194512844085692,0
14.194579362869264,0
14.197457551956177,0
14.198376893997192,0
14.198403120040894,0
14.1985182762146,0
14.198538064956663,0
14.199763059616089,0
14.203541278839111,0
14.217035293579102,0
14.217310667037964,0
14.21733260154724,0
14.224705696105955,0
14.22572374343872,0
14.226040124893188,0
14.226040363311768,0
14.229750394821169,0
14.23052191734314,0
14.230563640594482,0
14.2378830909729,0
14.237915515899658,0
14.237956047058104,0
14.24113702774048,0
14.242173433303831,0
14.257829666137695,0
14.257854223251345,0
14.257899284362791,0
14.26800274848938,0
14.272781372070312,0
14.272794246673584,0
14.272835969924929,0
14.272849798202516,0
14.275219917297363,0
14.275264501571655,0
14.27528190612793,0
14.27710223197937,0
14.277126550674438,0
14.277176141738892,0
14.297407150268556,0
14.297420978546144,0
14.297441720962524,0
14.317933559417725,0
14.31797480583191,0
14.318021774291992,0
14.337670803070068,0
14.337894916534424,0
14.33792805671692,0
14.354921102523804,0
14.354929685592651,0
14.35757851600647,0
14.357675552368164,0
14.358170747756958,0
14.358213424682615,0
14.358888387680054,0
14.3595290184021,0
14.365638494491575,0
14.36638569831848,0
14.367265701293944,0
14.367291450500488,0
14.370379209518433,0
14.37076735496521,0
14.372880935668944,0
14.37292981147766,0
14.374191045761108,0
14.37812089920044,0
14.378324031829834,0
14.378379106521606,0
14.383630514144896,0
14.387064695358276,0
14.395387172698976,0
14.398035526275637,0
14.398357391357422,0
14.398375988006592,0
14.401857137680054,0
14.401878118515016,0
14.401912689208984,0
14.401965141296388,0
14.40318727493286,0
14.403559923171995,0
14.404040575027466,0
14.404521465301514,0
14.404549360275269,0
14.407159566879272,0
14.407176494598389,0
14.41449737548828,0
14.417192459106444,0
14.417221069335938,0
14.41723108291626,0
14.43712568283081,0
14.437143564224243,0
14.43715214729309,0
14.451690435409546,0
14.451714038848875,0
14.451725482940674,0
14.451738119125366,0
14.46085262298584,0
14.460864543914797,0
14.460883855819702,0
14.460901021957396,0
14.460947513580322,0
14.460978507995604,0
14.465606212615969,0
14.46590280532837,0
14.465903043746948,0
14.465929985046388,0
14.467458248138428,0
14.46771764755249,0
14.46773362159729,0
14.46826958656311,0
14.469542026519775,0
14.469569683074951,0
14.469608306884766,0
14.46965742111206,0
14.474024772644045,0
14.47404408454895,0
14.474087476730348,0
14.474212169647217,0
14.474223136901855,0
14.477282762527466,0
14.477309465408323,0
14.477323532104492,0
14.480809926986694,0
14.480834484100342,0
14.482053279876707,0
14.482081174850464,0
14.482813119888306,0
14.496923685073853,0
14.49692440032959,0
14.497475624084473,0
14.502242803573608,0
14.503560066223145,0
14.503587007522585,0
14.503601789474487,0
14.50495672225952,0
14.505105257034302,0
14.505300521850586,0
14.51780390739441,0
14.517820358276367,0
14.517910957336426,0
14.522026300430298,0
14.52467679977417,0
14.537530899047852,0
14.538371324539185,0
14.538484811782835,0
14.54250431060791,0
14.54842758178711,0
14.548439025878906,0
14.54936671257019,0
14.549746751785278,0
14.549778938293455,0
14.551191568374634,0
14.554661512374878,0
14.55499505996704,0
14.555030822753906,0
14.557925939559937,0
14.558013439178469,0
14.55806016921997,0
14.578224182128906,0
14.578245639801024,0
14.578266859054564,0
14.578288793563845,0
14.597325563430786,0
14.597357511520386,0
14.597402095794678,0
14.601780652999878,0
14.601810932159424,0
14.604515314102173,0
14.604544639587402,0
14.60558295249939,0
14.605616807937622,0
14.605634927749634,0
14.605957746505736,0
14.605998754501345,0
14.617348194122314,0
14.617387771606444,0
14.617389678955078,0
14.617406368255615,0
14.617453813552856,0
14.63716983795166,0
14.63719654083252,0
14.637207508087158,0
14.638951063156128,0
14.644073724746704,0
14.644340991973875,0
14.646199703216553,0
14.646269798278809,0
14.657574653625488,0
14.657601356506348,0
14.657604694366457,0
14.663644790649414,0
14.663874387741089,0
14.664128541946411,0
14.666743993759155,0
14.666775465011597,0
14.66678786277771,0
14.666800260543823,0
14.669981002807615,0
14.670011520385742,0
14.6700279712677,0
14.677180290222168,0
14.677210807800291,0
14.677273273468018,0
14.679121494293211,0
14.68526577949524,0
14.685563325881958,0
14.685581922531128,0
14.68564796447754,0
14.697678804397585,0
14.697712898254396,0
14.697774648666382,0
14.712934255599976,0
14.712971448898315,0
14.713318824768066,0
14.71487283706665,0
14.715086936950684,0
14.71737265586853,0
14.717504978179932,0
14.717525482177734,0
14.718039274215698,0
14.718077182769775,0
14.719592571258543,0
14.721444845199583,0
14.737085580825806,0
14.737114667892456,0
14.737540245056152,0
14.740640640258787,0
14.745761156082152,0
14.745791673660278,0
14.75719404220581,0
14.757370948791504,0
14.757517099380491,0
14.757535696029665,0
14.757553100585938,0
14.758093118667604,0
14.75809621810913,0
14.763774633407593,0
14.76435613632202,0
14.764641523361206,0
14.777587890625,0
14.77763056755066,0
14.794987201690674,0
14.797931671142578,0
14.797969579696655,0
14.797991275787354,0
14.79977035522461,0
14.800826787948608,0
14.80086612701416,0
14.800950288772585,0
14.804250478744509,0
14.804281949996948,0
14.804754972457886,0
14.805794477462769,0
14.805800914764404,0
14.807660579681396,0
14.80769157409668,0
14.817686557769775,0
14.818497896194458,0
14.81851887702942,0
14.830103874206545,0
14.837323427200316,0
14.837348461151125,0
14.83738374710083,0
14.84765338897705,0
14.847676753997805,0
14.84768772125244,0
14.849177598953249,0
14.850069284439089,0
14.850083827972412,0
14.850111722946169,0
14.85710072517395,0
14.857129335403442,0
14.857140064239502,0
14.877455711364746,0
14.877487659454346,0
14.877502202987673,0
14.881864547729492,0
14.884740352630615,0
14.897445917129517,0
14.897475719451904,0
14.897515535354614,0
14.90315580368042,0
14.906766176223757,0
14.906952381134031,0
14.90778374671936,0
14.907992839813232,0
14.90801191329956,0
14.908026695251465,0
14.917813777923584,0
14.917851209640505,0
14.917852878570557,0
14.922327041625977,0
14.922476291656494,0
14.923363208770752,0
14.924915552139282,0
14.924959897994995,0
14.933151483535768,0
14.933225870132446,0
14.935497760772703,0
14.935542345046995,0
14.935559749603271,0
14.93557620048523,0
14.93746781349182,0
14.9375102519989,0
14.937531232833862,0
14.958078622817991,0
14.958115577697754,0
14.958175420761108,0
14.97253942489624,0
14.972564220428469,0
14.972769737243652,0
14.973844051361084,0
14.982546329498293,0
14.982562065124512,0
14.982577800750732,0
14.982593059539797,0
14.982608318328856,0
14.982625722885132,0
14.982695579528809,0
14.985625982284546,0
14.985658884048462,0
14.985673427581789,0
14.987104892730711,0
14.987128496170044,0
14.988059043884276,0
14.997520446777344,0
14.997551441192629,0
14.997619867324827,0
15.0014386177063,0
15.001450061798096,0
15.001461267471312,0
15.001471757888794,0
15.00304388999939,0
15.003217458724976,0
15.003762006759644,0
15.004049062728882,0
15.004211187362673,0
15.015456914901732,0
15.015458345413208,0
15.01650595664978,0
15.01741647720337,0
15.017417192459106,0
15.0174458026886,0
15.038067817687988,0
15.038088083267212,0
15.038094282150269,0
15.041557550430298,0
15.042596340179443,0
15.042608261108398,0
15.042619705200195,0
15.043772220611572,0
15.0439932346344,0
15.044317483901978,0
15.05461049079895,0
15.057084560394289,0
15.057105302810667,0
15.057108402252195,0
15.07724952697754,0
15.077250003814695,0
15.077272653579712,0
15.082382917404177,0
15.082396984100342,0
15.082411766052246,0
15.08280062675476,0
15.082927703857422,0
15.08294415473938,0
15.082958459854126,0
15.097140312194824,0
15.097184419631958,0
15.097188472747805,0
15.117254972457886,0
15.117412090301514,0
15.117432832717896,0
15.11989712715149,0
15.119935035705566,0
15.12203884124756,0
15.122101306915283,0
15.13725471496582,0
15.137298107147217,0
15.13731575012207,0
15.152022361755373,0
15.157488584518433,0
15.157530784606934,0
15.157577753067017,0
15.1586754322052,0
15.15868067741394,0
15.15968894958496,0
15.159708738327026,0
15.15971040725708,0
15.159728050231934,0
15.16438364982605,0
15.164408445358276,0
15.164802551269531,0
15.165868043899536,0
15.165915966033936,0
15.166340112686155,0
15.166362524032593,0
15.179442167282104,0
15.179482698440552,0
15.179502964019775,0
15.179642677307127,0
15.17966890335083,0
15.179759740829468,0
15.180570363998411,0
15.182971477508543,0
15.187910079956056,0
15.19824504852295,0
15.198325395584106,0
15.198407888412476,0
15.203511714935305,0
15.203540563583374,0
15.203554153442385,0
15.203568935394289,0
15.2085599899292,0
15.209736824035645,0
15.210821628570557,0
15.210838556289673,0
15.210877180099487,0
15.210893630981444,0
15.21094298362732,0
15.212019443511965,0
15.21241855621338,0
15.217246532440186,0
15.217275142669678,0
15.217278957366943,0
15.231264114379885,0
15.237542152404783,0
15.237890720367432,0
15.237898111343384,0
15.241368532180786,0
15.244963884353638,0
15.245346307754517,0
15.24536633491516,0
15.245378971099854,0
15.257140159606934,0
15.257169485092165,0
15.25720500946045,0
15.265196800231934,0
15.2652108669281,0
15.265223979949951,0
15.265749454498293,0
15.26973032951355,0
15.269805669784546,0
15.26989245414734,0
15.269908666610718,0
15.274274110794067,0
15.274569988250732,0
15.274572134017944,0
15.27692437171936,0
15.27711272239685,0
15.27714490890503,0
15.297282934188845,0
15.297314405441284,0
15.297327995300291,0
15.308305978775024,0
15.308342218399048,0
15.310254335403442,0
15.310320138931274,0
15.317528486251833,0
15.317897081375122,0
15.317937850952148,0
15.325944662094116,0
15.337383031845093,0
15.337414979934692,0
15.337603569030762,0
15.346044063568115,0
15.347172260284424,0
15.349772930145264,0
15.349833011627195,0
15.34983491897583,0
15.349853992462158,0
15.349992275238035,0
15.350061893463137,0
15.350083112716677,0
15.35126256942749,0
15.35154128074646,0
15.35771369934082,0
15.357743263244627,0
15.357788562774658,0
15.374032020568848,0
15.377652645111084,0
15.377670526504517,0
15.37767505645752,0
15.39777398109436,0
15.398411512374878,0
15.398442029953005,0
15.402008056640623,0
15.4031183719635,0
15.403154373168944,0
15.40317177772522,0
15.406599283218384,0
15.40661334991455,0
15.406725406646729,0
15.421632766723633,0
15.42166256904602,0
15.42175555229187,0
15.422070741653442,0
15.422098636627195,0
15.42216682434082,0
15.422180414199827,0
15.423433065414429,0
15.42345118522644,0
15.423523426055908,0
15.423909664154053,0
15.43826985359192,0
15.438302040100098,0
15.43833589553833,0
15.44083285331726,0
15.44091796875,0
15.440934896469116,0
15.442070484161375,0
15.45694136619568,0
15.456947803497314,0
15.456976652145386,0
15.476885557174684,0
15.476912021636965,0
15.477393388748167,0
15.497034549713137,0
15.497040271759031,0
15.497234106063845,0
15.503829956054688,0
15.503846645355225,0
15.50386381149292,0
15.503880262374878,0
15.5073139667511,0
15.507367610931396,0
15.507391214370728,0
15.507447957992554,0
15.517283201217651,0
15.517324686050417,0
15.517457723617554,0
15.525112867355348,0
15.52519679069519,0
15.527017593383787,0
15.52704119682312,0
15.537515640258787,0
15.53757929801941,0
15.5376296043396,0
15.544902324676514,0
15.549412965774536,0
15.550641775131226,0
15.55718159675598,0
15.557286024093628,0
15.557711362838743,0
15.572391986846924,0
15.572432518005373,0
15.57473349571228,0
15.574949264526367,0
15.57533311843872,0
15.575538873672484,0
15.577844381332396,0
15.577885627746582,0
15.57789134979248,0
15.586777925491331,0
15.586798429489136,0
15.586865425109863,0
15.587148666381836,0
15.587176322937012,0
15.593914031982422,0
15.598419189453123,0
15.598452806472778,0
15.598588943481444,0
15.601248264312744,0
15.601715564727783,0
15.60216736793518,0
15.60221004486084,0
15.622111797332764,0
15.622161865234377,0
15.622211694717407,0
15.63178563117981,0
15.632206678390505,0
15.63223433494568,0
15.63426923751831,0
15.634332656860352,0
15.640167474746704,0
15.64021134376526,0
15.640224695205688,0
15.64029574394226,0
15.640336036682127,0
15.64342975616455,0
15.657345533370972,0
15.657370567321776,0
15.657397270202637,0
15.66088604927063,0
15.660916566848757,0
15.661019563674929,0
15.661096096038818,0
15.66266417503357,0
15.662704229354858,0
15.663557767868042,0
15.664437532424929,0
15.664453029632568,0
15.664462327957152,0
15.664862871170044,0
15.677325963974,0
15.677354097366331,0
15.67739963531494,0
15.691898107528688,0
15.69191288948059,0
15.691927194595335,0
15.69228172302246,0
15.69595718383789,0
15.695983409881592,0
15.69601321220398,0
15.696057796478271,0
15.697241067886353,0
15.697253227233888,0
15.697264432907104,0
15.698118686676024,0
15.698328495025637,0
15.698349714279177,0
15.699665069580078,0
15.699666023254396,0
15.703500032424929,0
15.703741312026978,0
15.717711448669434,0
15.717750310897827,0
15.71782374382019,0
15.734479904174805,0
15.737268924713137,0
15.73729944229126,0
15.737428665161133,0
15.76343274116516,0
15.763465881347656,0
15.763493776321411,0
15.763617038726808,0
15.76409125328064,0
15.765185356140137,0
15.767536401748655,0
15.767634868621826,0
15.767688512802124,0
15.767908096313477,0
15.768145561218262,0
15.768235445022585,0
15.774953365325928,0
15.77806830406189,0
15.77807068824768,0
15.778106451034546,0
15.798922777175903,0
15.798948764801024,0
15.798988819122314,0
15.811375856399536,0
15.811399936676024,0
15.81140923500061,0
15.811424493789673,0
15.813034057617188,0
15.813057899475098,0
15.813063621520996,0
15.81456446647644,0
15.814772129058838,0
15.815992832183838,0
15.81614899635315,0
15.818752527236938,0
15.818779706954956,0
15.818825960159302,0
15.82674241065979,0
15.841262102127075,0
15.841291666030884,0
15.841324090957642,0
15.843364477157593,0
15.843751192092896,0
15.84377932548523,0
15.843780755996704,0
15.846694707870483,0
15.846907377243042,0
15.846930742263794,0
15.85891604423523,0
15.858981132507324,0
15.861363410949709,0
15.867778539657593,0
15.869934797286987,0
15.872562885284424,0
15.8759446144104,0
15.875993251800535,0
15.875997066497805,0
15.876046419143677,0
15.878644466400146,0
15.878660202026367,0
15.878707885742188,0
15.878962993621826,0
15.8790385723114,0
15.879194974899292,0
15.89759874343872,0
15.897763967514038,0
15.899054527282717,0
15.899085760116575,0
15.89914345741272,0
15.899484157562256,0
15.899499416351318,0
15.920167684555054,0
15.92020559310913,0
15.920260190963743,0
15.925477981567385,0
15.925699949264526,0
15.925734043121338,0
15.925896883010864,0
15.9278883934021,0
15.928494215011597,0
15.928645610809326,0
15.92991542816162,0
15.939505338668823,0
15.93957233428955,0
15.93981671333313,0
15.94442367553711,0
15.944444417953491,0
15.948637962341309,0
15.948675394058228,0
15.948694467544556,0
15.948753356933594,0
15.948833703994753,0
15.94887638092041,0
15.948915719985962,0
15.952712535858154,0
15.955196142196655,0
15.960333824157717,0
15.960372924804688,0
15.960455656051636,0
15.97471046447754,0
15.981716871261597,0
15.981760263442991,0
15.981792688369753,0
16.001449584960938,0
16.001478672027588,0
16.001518964767456,0
16.007061004638672,0
16.00770401954651,0
16.007729530334473,0
16.007741928100586,0
16.009279489517212,0
16.009284734725952,0
16.00928568840027,0
16.013360023498535,0
16.013678789138794,0
16.01492738723755,0
16.015116453170776,0
16.02076268196106,0
16.020853996276855,0
16.0208797454834,0
16.032740116119385,0
16.03482151031494,0
16.03676128387451,0
16.039282083511353,0
16.03971552848816,0
16.03972601890564,0
16.04196810722351,0
16.041991233825684,0
16.04200267791748,0
16.042317390441895,0
16.05538034439087,0
16.055396795272827,0
16.055468559265137,0
16.058497190475464,0
16.05860996246338,0
16.058699131011963,0
16.076078176498413,0
16.079551935195923,0
16.0795795917511,0
16.07962703704834,0
16.099326372146606,0
16.09936547279358,0
16.099422216415405,0
16.105336904525757,0
16.105368852615356,0
16.105472326278687,0
16.105491638183594,0
16.107951641082764,0
16.10797119140625,0
16.108440399169922,0
16.109225273132324,0
16.10966467857361,0
16.11371612548828,0
16.113754510879517,0
16.12121272087097,0
16.12128734588623,0
16.121315956115723,0
16.133116006851196,0
16.139262676239014,0
16.13929295539856,0
16.13933300971985,0
16.160627365112305,0
16.160667419433594,0
16.160669088363647,0
16.171123504638672,0
16.17141318321228,0
16.17791247367859,0
16.177942276000977,0
16.178014755249023,0
16.17809224128723,0
16.178224802017212,0
16.178241729736328,0
16.178316116333008,0
16.17847466468811,0
16.178503274917603,0
16.178523063659668,0
16.17860460281372,0
16.180301666259766,0
16.18070101737976,0
16.180781602859497,0
16.190364360809326,0
16.190402507781982,0
16.190450191497803,0
16.193267107009888,0
16.204806804656982,0
16.205214977264404,0
16.205356121063232,0
16.211508989334106,0
16.21180033683777,0
16.211808443069458,0
16.21182680130005,0
16.21521306037903,0
16.215229511260986,0
16.21527099609375,0
16.216320276260376,0
16.21637201309204,0
16.221535682678223,0
16.221564292907715,0
16.222365379333496,0
16.22240710258484,0
16.223355054855347,0
16.223392963409424,0
16.224122762680054,0
16.22469472885132,0
16.23388385772705,0
16.246156454086304,0
16.246182918548584,0
16.246730089187622,0
16.261595964431763,0
16.261596202850342,0
16.26162338256836,0
16.268834114074707,0
16.2688570022583,0
16.26889705657959,0
16.268927812576294,0
16.268959999084473,0
16.269007205963135,0
16.269023180007935,0
16.27056121826172,0
16.28142547607422,0
16.281450748443604,0
16.28146195411682,0
16.28622841835022,0
16.286254405975342,0
16.286311864852905,0
16.286354541778564,0
16.28798222541809,0
16.288463354110718,0
16.288513660430908,0
16.289043188095093,0
16.289062023162842,0
16.292587757110596,0
16.292633533477783,0
16.302522897720337,0
16.302563428878784,0
16.302573204040527,0
16.324900150299072,0
16.324950695037842,0
16.325255155563354,0
16.338335752487183,0
16.341773986816406,0
16.34221839904785,0
16.34245538711548,0
16.342485189437866,0
16.34255576133728,0
16.356881856918335,0
16.35692000389099,0
16.356937885284424,0
16.356967449188232,0
16.360835075378418,0
16.360858917236328,0
16.3609299659729,0
16.368903160095215,0
16.368939876556396,0
16.36895990371704,0
16.374824047088623,0
16.389615535736084,0
16.390296936035156,0
16.390337228775024,0
16.399139642715454,0
16.399163961410522,0
16.399176359176636,0
16.39918828010559,0
16.402395963668823,0
16.40241265296936,0
16.402427673339844,0
16.40628743171692,0
16.406317472457886,0
16.40635323524475,0
16.42195749282837,0
16.421995878219604,0
16.4220027923584,0
16.42752504348755,0
16.427552461624146,0
16.429481267929077,0
16.42949366569519,0
16.431578159332275,0
16.431612968444824,0
16.432629823684692,0
16.432652235031128,0
16.432693004608154,0
16.432705640792847,0
16.432769060134888,0
16.433555603027344,0
16.440515995025635,0
16.4407639503479,0
16.44078779220581,0
16.440799474716187,0
16.44356417655945,0
16.44414758682251,0
16.444560766220093,0
16.448319911956787,0
16.448343753814697,0
16.44835591316223,0
16.461297273635864,0
16.461325883865356,0
16.461337089538574,0
16.481717824935913,0
16.481724739074707,0
16.486854076385498,0
16.488858699798584,0
16.49092960357666,0
16.503432750701904,0
16.50349450111389,0
16.503509283065796,0
16.503556728363037,0
16.503612279891968,0
16.503626585006714,0
16.503670692443848,0
16.50512385368347,0
16.50513744354248,0
16.505150318145752,0
16.523473978042603,0
16.523507356643677,0
16.524609327316284,0
16.5246160030365,0
16.524659395217896,0
16.525158643722534,0
16.525175094604492,0
16.5265052318573,0
16.527358531951904,0
16.5342915058136,0
16.545177936553955,0
16.54521608352661,0
16.545259475708008,0
16.566545009613037,0
16.56663179397583,0
16.566641569137573,0
16.567841053009033,0
16.56796097755432,0
16.569364547729492,0
16.572515964508057,0
16.573423385620117,0
16.573461771011353,0
16.57443141937256,0
16.574470281600952,0
16.574536561965942,0
16.574811458587646,0
16.583295583724976,0
16.583324909210205,0
16.58333945274353,0
16.583353757858276,0
16.587306022644043,0
16.587334156036377,0
16.58734941482544,0
16.60401701927185,0
16.604116201400757,0
16.60426425933838,0
16.60445261001587,0
16.60446524620056,0
16.60447597503662,0
16.604487419128418,0
16.605690002441406,0
16.605833292007446,0
16.605912923812866,0
16.619637966156006,0
16.62140393257141,0
16.622308492660522,0
16.622698307037354,0
16.62273120880127,0
16.633867502212524,0
16.641869068145752,0
16.64190125465393,0
16.64192509651184,0
16.65769600868225,0
16.657718420028687,0
16.657730102539062,0
16.657732248306274,0
16.661499500274658,0
16.66152310371399,0
16.66153359413147,0
16.68158197402954,0
16.681610822677612,0
16.681624174118042,0
16.688191175460815,0
16.68826460838318,0
16.688281297683716,0
16.689956426620483,0
16.690200567245483,0
16.690229415893555,0
16.690545558929443,0
16.69126844406128,0
16.691875457763672,0
16.691906690597534,0
16.69249939918518,0
16.699519634246826,0
16.699718475341797,0
16.699898958206177,0
16.69992208480835,0
16.70391035079956,0
16.703911304473877,0
16.703938484191895,0
16.723144054412842,0
16.723211526870728,0
16.72322916984558,0
16.742809295654297,0
16.742874145507812,0
16.742877960205078,0
16.757359743118286,0
16.759461879730225,0
16.759479761123657,0
16.76629066467285,0
16.766324520111084,0
16.766539573669434,0
16.786914825439453,0
16.786961317062378,0
16.78705859184265,0
16.79401731491089,0
16.804330110549927,0
16.80436062812805,0
16.80436134338379,0
16.821656703948975,0
16.82168483734131,0
16.821730852127075,0
16.832980394363403,0
16.832980632781982,0
16.834930896759033,0
16.836854934692383,0
16.83687949180603,0
16.836922645568848,0
16.838730096817017,0
16.8389790058136,0
16.839000940322876,0
16.840300798416138,0
16.84032654762268,0
16.840376377105713,0
16.84042525291443,0
16.84354877471924,0
16.84588313102722,0
16.845921516418457,0
16.84593415260315,0
16.849443197250366,0
16.849458932876587,0
16.851775884628296,0
16.851829767227173,0
16.853355169296265,0
16.853739023208618,0
16.8537654876709,0
16.856550931930542,0
16.862714290618896,0
16.86274290084839,0
16.86289954185486,0
16.881938457489014,0
16.881969213485718,0
16.881981134414673,0
16.902933597564697,0
16.90296769142151,0
16.902968406677246,0
16.912654161453247,0
16.91268563270569,0
16.912699937820435,0
16.915733098983765,0
16.915852785110474,0
16.91600775718689,0
16.91602897644043,0
16.916558742523193,0
16.916577339172363,0
16.917332410812378,0
16.917391538619995,0
16.918630599975586,0
16.918649435043335,0
16.918657541275024,0
16.918670177459717,0
16.919877529144287,0
16.919908046722412,0
16.91990900039673,0
16.924296379089355,0
16.924296617507935,0
16.924331665039062,0
16.924344062805176,0
16.93506908416748,0
16.94323492050171,0
16.943265914916992,0
16.943277597427368,0
16.947746753692627,0
16.95176339149475,0
16.95181369781494,0
16.95261859893799,0
16.952833652496338,0
16.952848196029663,0
16.95289707183838,0
16.955758333206177,0
16.955787897109985,0
16.955829858779907,0
16.958248615264893,0
16.960294246673584,0
16.961907863616943,0
16.96193552017212,0
16.961950540542603,0
16.98470377922058,0
16.98472309112549,0
16.98474359512329,0
16.984761953353882,0
16.992344856262207,0
16.992377758026123,0
16.992472171783447,0
16.992490768432617,0
16.992668628692627,0
16.99271059036255,0
16.992745637893677,0
16.99568486213684,0
16.99570107460022,0
17.00353193283081,0
17.003754377365112,0
17.007835388183594,0
17.007864475250244,0
17.008410453796387,0
17.01337432861328,0
17.023115873336792,0
17.023142337799072,0
17.023181915283203,0
17.042628288269043,0
17.042656183242798,0
17.042670011520386,0
17.04547095298767,0
17.045499563217163,0
17.045511722564697,0
17.04552388191223,0
17.048970699310303,0
17.048972129821777,0
17.049710988998413,0
17.05071711540222,0
17.06211805343628,0
17.062175750732422,0
17.062230110168457,0
17.062597036361694,0
17.062614679336548,0
17.067869186401367,0
17.067946672439575,0
17.067955017089844,0
17.068035125732422,0
17.074036598205566,0
17.074047327041626,0
17.074119806289673,0
17.08114194869995,0
17.081168174743652,0
17.08117914199829,0
17.09780240058899,0
17.097832202911377,0
17.09918999671936,0
17.099201202392578,0
17.10289239883423,0
17.102920055389404,0
17.10293197631836,0
17.11828875541687,0
17.123292684555054,0
17.123392343521118,0
17.123835802078247,0
17.14330792427063,0
17.143343210220337,0
17.14338207244873,0
17.14767336845398,0
17.147674322128296,0
17.14911651611328,0
17.14914846420288,0
17.1491641998291,0
17.149226188659668,0
17.15438675880432,0
17.15448522567749,0
17.154505252838135,0
17.16327738761902,0
17.163310766220093,0
17.16407299041748,0
17.164106607437134,0
17.165687561035156,0
17.16571855545044,0
17.165766716003418,0
17.168050050735474,0
17.16812300682068,0
17.168143272399902,0
17.1686270236969,0
17.187440872192383,0
17.18746280670166,0
17.18754267692566,0
17.19859790802002,0
17.19895029067993,0
17.199248552322388,0
17.19938635826111,0
17.20755434036255,0
17.207557201385498,0
17.207583904266357,0
17.208805561065674,0
17.20883584022522,0
17.20887541770935,0
17.210790395736694,0
17.210792303085327,0
17.211989164352417,0
17.212003469467163,0
17.215737342834473,0
17.224117279052734,0
17.2241473197937,0
17.22531747817993,0
17.238682985305786,0
17.244285106658936,0
17.245033740997314,0
17.2450532913208,0
17.262484550476074,0
17.262516021728516,0
17.2626314163208,0
17.28173327445984,0
17.28177785873413,0
17.28179621696472,0
17.282843589782715,0
17.28287649154663,0
17.283464193344116,0
17.28347682952881,0
17.28827953338623,0
17.288469552993774,0
17.28880000114441,0
17.289960384368896,0
17.301993370056152,0
17.302019357681274,0
17.30241823196411,0
17.30257821083069,0
17.303205966949463,0
17.322947025299072,0
17.322967529296875,0
17.322981119155884,0
17.32304883003235,0
17.323654651641846,0
17.3245849609375,0
17.32464289665222,0
17.342768669128418,0
17.343093156814575,0
17.34312629699707,0
17.347156047821045,0
17.349356651306152,0
17.351603031158447,0
17.362740516662598,0
17.362740755081177,0
17.364299058914185,0
17.36585831642151,0
17.366267919540405,0
17.36632227897644,0
17.367411136627197,0
17.367863416671753,0
17.368435621261597,0
17.36848282814026,0
17.36849570274353,0
17.368561267852783,0
17.374845504760742,0
17.384730100631714,0
17.385348081588745,0
17.38536047935486,0
17.406378507614136,0
17.407984733581543,0
17.40800142288208,0
17.408015251159668,0
17.408091068267822,0
17.41098189353943,0
17.410996437072754,0
17.411011457443237,0
17.413216829299927,0
17.413623809814453,0
17.414617776870728,0
17.41481375694275,0
17.41935110092163,0
17.419373035430908,0
17.420822858810425,0
17.42084836959839,0
17.420857906341553,0
17.420867204666138,0
17.421875953674316,0
17.422239065170288,0
17.42269229888916,0
17.426252603530884,0
17.426278829574585,0
17.426289081573486,0
17.4370219707489,0
17.443561553955078,0
17.443592071533203,0
17.444504261016846,0
17.45970845222473,0
17.459721565246582,0
17.459763288497925,0
17.459776639938354,0
17.462833642959595,0
17.462839126586914,0
17.462849855422974,0
17.46440052986145,0
17.46442461013794,0
17.464435338974,0
17.481409311294556,0
17.481453895568848,0
17.481467723846436,0
17.489447355270386,0
17.494557857513428,0
17.49574613571167,0
17.495773792266846,0
17.49582028388977,0
17.498852968215942,0
17.49888515472412,0
17.499017477035522,0
17.499066829681396,0
17.49911904335022,0
17.50097346305847,0
17.501014947891235,0
17.50364637374878,0
17.503673791885376,0
17.503723621368408,0
17.52348804473877,0
17.52352237701416,0
17.52352547645569,0
17.535706758499146,0
17.545541763305664,0
17.545572519302368,0
17.545605182647705,0
17.565247058868408,0
17.565277576446533,0
17.56532645225525,0
17.56898856163025,0
17.569058656692505,0
17.570568084716797,0
17.570592880249023,0
17.5707585811615,0
17.570781230926514,0
17.572089195251465,0
17.572103023529053,0
17.5721173286438,0
17.573578596115112,0
17.574020624160767,0
17.57485556602478,0
17.58388638496399,0
17.58390712738037,0
17.583917379379272,0
17.595075130462646,0
17.59563398361206,0
17.595658540725708,0
17.595746755599976,0
17.596899271011353,0
17.5969135761261,0
17.596970558166504,0
17.59776735305786,0
17.59781837463379,0
17.599360466003418,0
17.59944438934326,0
17.6005220413208,0
17.603882789611816,0
17.604180335998535,0
17.6105637550354,0
17.6107177734375,0
17.614192247390747,0
17.6213161945343,0
17.621342420578003,0
17.621561527252197,0
17.642286777496338,0
17.64305329322815,0
17.643186569213867,0
17.651228427886963,0
17.65125298500061,0
17.651968240737915,0
17.65199089050293,0
17.653381824493408,0
17.65343141555786,0
17.653494358062744,0
17.654719352722168,0
17.654720067977905,0
17.654768228530884,0
17.6547794342041,0
17.656234741210938,0
17.6562602519989,0
17.65646982192993,0
17.656683683395386,0
17.662017107009888,0
17.662044048309326,0
17.66205406188965,0
17.663809537887573,0
17.663957357406616,0
17.665102243423462,0
17.665129899978638,0
17.6652934551239,0
17.665308237075806,0
17.665308952331543,0
17.677568674087524,0
17.677595138549805,0
17.682641983032227,0
17.683526039123535,0
17.683561086654663,0
17.696773529052734,0
17.6969473361969,0
17.698222160339355,0
17.701705932617188,0
17.70173454284668,0
17.70237398147583,0
17.72330355644226,0
17.723336696624756,0
17.723397731781006,0
17.724742650985718,0
17.72475790977478,0
17.72604465484619,0
17.726300716400146,0
17.72632884979248,0
17.726346015930176,0
17.728151082992554,0
17.728822946548462,0
17.728858709335327,0
17.738062143325806,0
17.746628999710083,0
17.74671959877014,0
17.74690008163452,0
17.74862766265869,0
17.74874782562256,0
17.748790740966797,0
17.74882221221924,0
17.753301858901978,0
17.75333881378174,0
17.75335192680359,0
17.762207746505737,0
17.762238264083862,0
17.76224970817566,0
17.77449321746826,0
17.77713394165039,0
17.785067081451416,0
17.785131454467773,0
17.785285234451294,0
17.803886651992798,0
17.804170846939087,0
17.807149648666382,0
17.80718207359314,0
17.80721664428711,0
17.820058822631836,0
17.820122241973877,0
17.82016372680664,0
17.828295707702637,0
17.8283269405365,0
17.828383445739746,0
17.83936882019043,0
17.839372396469116,0
17.83938431739807,0
17.839454889297485,0
17.841438055038452,0
17.841476678848267,0
17.841514110565186,0
17.847321271896362,0
17.84735679626465,0
17.847371101379395,0
17.865533113479614,0
17.865946292877197,0
17.865982055664062,0
17.871601343154907,0
17.877822399139404,0
17.877851724624634,0
17.877910375595093,0
17.877930402755737,0
17.88270401954651,0
17.884076833724976,0
17.884110689163208,0
17.88436198234558,0
17.884380340576172,0
17.88439178466797,0
17.884814262390137,0
17.884929656982422,0
17.884942293167114,0
17.8850154876709,0
17.885412216186523,0
17.88547420501709,0
17.885491847991943,0
17.90278649330139,0
17.90408229827881,0
17.90412139892578,0
17.90413737297058,0
17.90415096282959,0
17.905774354934692,0
17.905874967575073,0
17.906786918640137,0
17.917896509170532,0
17.918254613876343,0
17.926071643829346,0
17.926110982894897,0
17.926709175109863,0
17.945733308792114,0
17.945770740509033,0
17.945852518081665,0
17.953227043151855,0
17.953255891799927,0
17.953651189804077,0
17.953684091567993,0
17.956878423690796,0
17.956896543502808,0
17.956915616989136,0
17.960896492004395,0
17.963911533355713,0
17.966403484344482,0
17.966441869735718,0
17.966472625732422,0
17.96656084060669,0
17.97265362739563,0
17.97266960144043,0
17.972681522369385,0
17.972705125808716,0
17.974857330322266,0
17.97488284111023,0
17.97489905357361,0
17.981923818588257,0
17.981977701187134,0
17.982016801834106,0
18.003896951675415,0
18.003936529159546,0
18.0039803981781,0
18.02538132667541,0
18.02542209625244,0
18.02550864219665,0
18.047412633895878,0
18.047449350357056,0
18.047492504119877,0
18.04954075813293,0
18.04981517791748,0
18.058828115463257,0
18.058947563171387,0
18.05897188186645,0
18.063352823257446,0
18.064911365509037,0
18.06494355201721,0
18.06498074531555,0
18.06724619865417,0
18.06727886199951,0
18.06729245185852,0
18.07039499282837,0
18.07047820091248,0
18.070536613464355,0
18.070616722106934,0
18.070636749267575,0
18.070764541625977,0
18.084752559661865,0
18.08478736877441,0
18.08486032485962,0
18.08542275428772,0
18.08544111251831,0
18.08554410934448,0
18.085562467575077,0
18.089874505996704,0
18.106454610824585,0
18.109414100646973,0
18.11088466644287,0
18.110981941223145,0
18.111429691314697,0
18.11144709587097,0
18.12340259552002,0
18.12343120574951,0
18.123451471328732,0
18.12776827812195,0
18.12779426574707,0
18.12984132766724,0
18.134647846221924,0
18.13468098640442,0
18.14599108695984,0
18.146061420440677,0
18.14611577987671,0
18.14926505088806,0
18.14928102493286,0
18.149296283721924,0
18.14933156967163,0
18.152701139450077,0
18.152715921401978,0
18.152742862701416,0
18.155047178268436,0
18.15506219863892,0
18.155070543289185,0
18.155076265335083,0
18.156732082366943,0
18.156753301620483,0
18.156763076782227,0
18.15750479698181,0
18.16511845588684,0
18.165371894836422,0
18.165635108947757,0
18.180711269378666,0
18.18074321746826,0
18.1807861328125,0
18.18083667755127,0
18.1830689907074,0
18.183084726333615,0
18.18310260772705,0
18.183107376098636,0
18.1832127571106,0
18.18336176872253,0
18.197564601898197,0
18.197585582733154,0
18.203771114349365,0
18.203834533691406,0
18.204268217086792,0
18.20429873466492,0
18.20485019683838,0
18.20672607421875,0
18.215574264526367,0
18.226114988327023,0
18.226183891296387,0
18.226248025894165,0
18.244360208511356,0
18.24440884590149,0
18.249361753463745,0
18.249393939971924,0
18.249408721923828,0
18.249422788619995,0
18.25026535987854,0
18.25046420097351,0
18.250484943389893,0
18.25347661972046,0
18.254316568374637,0
18.26037573814392,0
18.26418924331665,0
18.264212131500244,0
18.264317750930783,0
18.269901990890503,0
18.26991558074951,0
18.26992917060852,0
18.269964456558228,0
18.27973699569702,0
18.279757738113403,0
18.27977585792541,0
18.28184747695923,0
18.281859874725345,0
18.284177541732788,0
18.28423476219177,0
18.284503698349,0
18.298487901687626,0
18.29852509498596,0
18.29909062385559,0
18.30752849578857,0
18.307565927505493,0
18.307580947875977,0
18.32604956626892,0
18.326068878173828,0
18.32681560516357,0
18.32685375213623,0
18.326871156692505,0
18.33061170578003,0
18.330654621124268,0
18.33072829246521,0
18.33075523376465,0
18.33086347579956,0
18.330946683883667,0
18.331001043319706,0
18.345723390579224,0
18.345763444900516,0
18.345784664154053,0
18.35702157020569,0
18.367210626602173,0
18.36722493171692,0
18.367259979248047,0
18.391329050064087,0
18.391371726989743,0
18.39137387275696,0
18.391388177871704,0
18.39145851135254,0
18.39156675338745,0
18.391584396362305,0
18.392776250839237,0
18.392810583114624,0
18.392823934555054,0
18.392837524414062,0
18.392852067947388,0
18.392869234085083,0
18.3928861618042,0
18.39344811439514,0
18.393632411956787,0
18.39366555213928,0
18.399767875671387,0
18.399802923202515,0
18.40193486213684,0
18.4019832611084,0
18.40318989753723,0
18.40469574928284,0
18.404720306396484,0
18.40473937988281,0
18.424623727798465,0
18.424664974212646,0
18.42468404769897,0
18.424710988998413,0
18.42754292488098,0
18.427578449249268,0
18.42865562438965,0
18.4298198223114,0
18.42985439300537,0
18.429872274398804,0
18.445796728134155,0
18.44585967063904,0
18.447688817977905,0
18.46959900856018,0
18.46963477134705,0
18.46965003013611,0
18.469663381576535,0
18.471741437911987,0
18.47177219390869,0
18.4717915058136,0
18.47187852859497,0
18.47301769256592,0
18.473017930984497,0
18.47303414344788,0
18.485368967056274,0
18.485388040542603,0
18.485440015792847,0
18.497166395187374,0
18.497196674346924,0
18.50242280960083,0
18.50250554084778,0
18.507168292999268,0
18.5072033405304,0
18.50720691680908,0
18.524659633636475,0
18.52631187438965,0
18.52633619308472,0
18.526511907577515,0
18.53068733215332,0
18.531273126602173,0
18.532439947128296,0
18.532745122909542,0
18.53304123878479,0
18.533080339431763,0
18.545186042785645,0
18.5456018447876,0
18.54593706130981,0
18.548433303833008,0
18.54845142364502,0
18.548469066619877,0
18.550001621246334,0
18.552170753479004,0
18.55759167671204,0
18.564712047576904,0
18.56473922729492,0
18.564750909805294,0
18.585073709487915,0
18.58507776260376,0
18.58715915679932,0
18.587252378463745,0
18.58727049827576,0
18.58733582496643,0
18.587371826171875,0
18.5905704498291,0
18.590587377548218,0
18.590595245361328,0
18.590605974197388,0
18.590675592422485,0
18.596019983291622,0
18.596099138259888,0
18.597352027893063,0
18.60518717765808,0
18.6052086353302,0
18.605266094207764,0
18.62655258178711,0
18.626593351364136,0
18.626681327819824,0
18.63005208969116,0
18.63064193725586,0
18.63065719604492,0
18.6306676864624,0
18.63325929641724,0
18.63354778289795,0
18.6335768699646,0
18.636106491088867,0
18.63613748550415,0
18.636155128479004,0
18.636205673217773,0
18.638470888137817,0
18.638553380966187,0
18.63860321044922,0
18.647404432296756,0
18.64746761322021,0
18.64786195755005,0
18.65017604827881,0
18.65262031555176,0
18.6576623916626,0
18.667727947235107,0
18.667755126953125,0
18.67022681236267,0
18.67290496826172,0
18.672934532165527,0
18.673609733581543,0
18.673620462417603,0
18.673630952835083,0
18.67364287376404,0
18.67365598678589,0
18.67366671562195,0
18.6736958026886,0
18.68305230140686,0
18.68310236930847,0
18.683117866516117,0
18.69684839248657,0
18.69687914848328,0
18.70305323600769,0
18.703081846237183,0
18.703140258789062,0
18.72518348693848,0
18.725257396698,0
18.72649908065796,0
18.72653365135193,0
18.7269389629364,0
18.72812843322754,0
18.731548070907596,0
18.73165202140808,0
18.742238759994507,0
18.745559453964237,0
18.745635271072388,0
18.745731592178345,0
18.74576759338379,0
18.746078968048096,0
18.746117115020752,0
18.74615788459778,0
18.74617576599121,0
18.74619221687317,0
18.747576236724854,0
18.762478351593018,0
18.762506008148197,0
18.762516498565677,0
18.785996675491333,0
18.78649091720581,0
18.786723613739014,0
18.795603275299072,0
18.7956223487854,0
18.79563856124878,0
18.798676252365112,0
18.799339294433597,0
18.799354791641235,0
18.799416303634644,0
18.80527138710022,0
18.805301189422607,0
18.805460929870605,0
18.80584192276001,0
18.80622792243957,0
18.80624008178711,0
18.806326627731323,0
18.806341648101807,0
18.811436653137207,0
18.811450958251957,0
18.81146669387817,0
18.811518907547,0
18.815213441848755,0
18.815243005752563,0
18.81525707244873,0
18.81658244132996,0
18.82352352142334,0
18.82355809211731,0
18.823572635650635,0
18.846257209777832,0
18.84637665748596,0
18.846770763397217,0
18.84920382499695,0
18.849244832992557,0
18.84926199913025,0
18.8493070602417,0
18.855722427368164,0
18.85575556755066,0
18.856092929840088,0
18.859116077423096,0
18.859134674072266,0
18.85915589332581,0
18.859883308410645,0
18.862749338150024,0
18.86294388771057,0
18.86296319961548,0
18.86651921272278,0
18.86703109741211,0
18.867121934890747,0
18.883649587631226,0
18.88734221458435,0
18.88748598098755,0
18.8875789642334,0
18.889800310134888,0
18.89255928993225,0
18.892581462860107,0
18.89262843132019,0
18.89274382591248,0
18.892762899398804,0
18.89281940460205,0
18.899855852127075,0
18.89988136291504,0
18.902071952819824,0
18.9022114276886,0
18.903387308120728,0
18.906049489974976,0
18.906083345413208,0
18.9061176776886,0
18.92934489250183,0
18.92939853668213,0
18.92941951751709,0
18.9295027256012,0
18.92960238456726,0
18.94436478614807,0
18.944396018981934,0
18.944408416748047,0
18.95397448539734,0
18.9541130065918,0
18.955111980438232,0
18.955124139785767,0
18.955286741256717,0
18.95530366897583,0
18.957722902297974,0
18.95773148536682,0
18.957751035690308,0
18.959194898605347,0
18.96078324317932,0
18.964740753173828,0
18.96476721763611,0
18.964778184890747,0
18.98466372489929,0
18.984700918197632,0
18.984776735305783,0
18.99017906188965,0
18.99825501441956,0
18.99829864501953,0
18.998457193374637,0
18.99848246574402,0
19.000161170959476,0
19.00382351875305,0
19.004130840301517,0
19.00417470932007,0
19.00421714782715,0
19.00425934791565,0
19.00429916381836,0
19.00796675682068,0
19.007993936538696,0
19.00803279876709,0
19.02461338043213,0
19.02704286575317,0
19.0270631313324,0
19.02707839012146,0
19.02746891975403,0
19.027785301208496,0
19.039952278137207,0
19.04016852378845,0
19.04168581962585,0
19.04173064231873,0
19.04191374778748,0
19.0420355796814,0
19.045578002929688,0
19.052316188812256,0
19.052316427230835,0
19.052687168121334,0
19.063390731811523,0
19.063421964645386,0
19.06453895568848,0
19.081929683685303,0
19.0823667049408,0
19.08445429801941,0
19.08446502685547,0
19.08447504043579,0
19.08448553085327,0
19.084513187408447,0
19.084548711776733,0
19.103424310684204,0
19.10349011421204,0
19.10354208946228,0
19.12406802177429,0
19.12408685684204,0
19.124105215072632,0
19.12734079360962,0
19.12736868858337,0
19.12908244132996,0
19.12921714782715,0
19.12924313545227,0
19.12928676605225,0
19.129310369491577,0
19.14173984527588,0
19.141786098480225,0
19.14180326461792,0
19.141944408416748,0
19.149842023849487,0
19.1498920917511,0
19.151408195495605,0
19.151434898376465,0
19.152093172073364,0
19.152140617370605,0
19.152259588241577,0
19.157124280929565,0
19.15760564804077,0
19.161046266555783,0
19.161078691482544,0
19.16113877296448,0
19.161183834075928,0
19.166664361953732,0
19.16669464111328,0
19.166698217391968,0
19.1771023273468,0
19.17713952064514,0
19.177180528640747,0
19.192811727523804,0
19.19438147544861,0
19.19445943832397,0
19.1945436000824,0
19.197515964508057,0
19.19751739501953,0
19.1975531578064,0
19.20226550102234,0
19.20415043830872,0
19.204458475112915,0
19.204482555389404,0
19.20450210571289,0
19.20452380180359,0
19.2045955657959,0
19.20461893081665,0
19.20761513710022,0
19.21737241744995,0
19.21749758720398,0
19.218764781951904,0
19.22234010696411,0
19.22398829460144,0
19.237114906311035,0
19.23715543746948,0
19.237229585647583,0
19.24011468887329,0
19.24816083908081,0
19.248194932937626,0
19.2483024597168,0
19.24831795692444,0
19.255851984024048,0
19.255858182907104,0
19.25631284713745,0
19.2570378780365,0
19.25705337524414,0
19.257067918777462,0
19.27874779701233,0
19.27876925468445,0
19.27878427505493,0
19.279364109039307,0
19.297032356262207,0
19.297070503234863,0
19.29707217216492,0
19.30667376518249,0
19.30727195739746,0
19.307422637939453,0
19.307448863983154,0
19.311095237731934,0
19.311113834381104,0
19.31158399581909,0
19.311726570129395,0
19.312153577804565,0
19.317546129226685,0
19.317628622055054,0
19.31769204139709,0
19.32538151741028,0
19.325512886047363,0
19.32744145393372,0
19.329617500305176,0
19.338412284851078,0
19.33845829963684,0
19.3385648727417,0
19.35582137107849,0
19.35726308822632,0
19.35740351676941,0
19.35742473602295,0
19.361687898635864,0
19.361692190170288,0
19.36333465576172,0
19.363528728485107,0
19.36557936668396,0
19.365599870681763,0
19.369484663009644,0
19.369606733322144,0
19.369616508483887,0
19.369627237319943,0
19.36968779563904,0
19.36973214149475,0
19.370265007019043,0
19.37175035476685,0
19.371885299682617,0
19.37189722061157,0
19.376885652542114,0
19.376901865005493,0
19.376986742019653,0
19.39149141311645,0
19.39911460876465,0
19.399787425994877,0
19.399922132492065,0
19.400038480758667,0
19.404052019119263,0
19.404157876968384,0
19.4046528339386,0
19.405521392822266,0
19.40562510490417,0
19.40645146369934,0
19.40655303001404,0
19.40939402580261,0
19.40942978858948,0
19.40984582901001,0
19.41380190849304,0
19.426457166671756,0
19.42648196220398,0
19.426502466201782,0
19.4427649974823,0
19.44280576705933,0
19.4432590007782,0
19.44330096244812,0
19.447482347488403,0
19.447513580322266,0
19.447523593902588,0
19.45039677619934,0
19.450440168380737,0
19.45050859451294,0
19.455021619796756,0
19.467668294906616,0
19.467698335647583,0
19.467767238616943,0
19.47872638702393,0
19.478740215301517,0
19.478987216949463,0
19.479010820388797,0
19.47948837280273,0
19.479835748672485,0
19.479882955551147,0
19.485185146331787,0
19.4852135181427,0
19.485227823257446,0
19.50431752204895,0
19.50432181358337,0
19.504331827163696,0
19.504483222961422,0
19.50450682640076,0
19.506766080856323,0
19.506844758987427,0
19.50773906707764,0
19.50857138633728,0
19.525480270385746,0
19.52552032470703,0
19.52554178237915,0
19.544148206710812,0
19.54706072807312,0
19.547091722488403,0
19.547271013259888,0
19.56568717956543,0
19.56626605987549,0
19.566844701766968,0
19.567278385162357,0
19.568079710006717,0
19.568103075027462,0
19.568114280700684,0
19.568124532699585,0
19.572659254074097,0
19.572662830352783,0
19.572667598724365,0
19.57401156425476,0
19.586321353912357,0
19.586426496505737,0
19.58644843101501,0
19.593443155288696,0
19.59428668022156,0
19.599706649780277,0
19.599735736846924,0
19.60021114349365,0
19.600239753723145,0
19.603911876678467,0
19.60393619537353,0
19.603949546813965,0
19.605546474456787,0
19.605583429336548,0
19.60565686225891,0
19.607795238494877,0
19.607873916625977,0
19.610862970352173,0
19.6108980178833,0
19.620814085006717,0
19.620856761932373,0
19.62087059020996,0
19.62088441848755,0
19.62343192100525,0
19.62347292900085,0
19.623494386672974,0
19.62429356575012,0
19.62690305709839,0
19.626950979232788,0
19.626999378204346,0
19.640897035598755,0
19.641000986099243,0
19.641024827957157,0
19.64109945297241,0
19.647106885910038,0
19.64714336395264,0
19.647470235824585,0
19.66111540794373,0
19.66111993789673,0
19.661511421203613,0
19.662644386291504,0
19.662911891937256,0
19.663111209869385,0
19.666658878326416,0
19.681177616119385,0
19.68118977546692,0
19.68120312690735,0
19.68123269081116,0
19.6832857131958,0
19.683309078216556,0
19.68331241607666,0
19.68537211418152,0
19.685397148132324,0
19.685543298721317,0
19.697009086608887,0
19.697040557861328,0
19.69897508621216,0
19.698976278305054,0
19.70506882667541,0
19.7050998210907,0
19.70511555671692,0
19.725069046020508,0
19.7251079082489,0
19.7251238822937,0
19.73595762252808,0
19.746439933776852,0
19.74647879600525,0
19.746519327163696,0
19.764917135238647,0
19.7649986743927,0
19.765016317367557,0
19.784552574157715,0
19.78459072113037,0
19.786417245864868,0
19.786449670791622,0
19.78646683692932,0
19.786482334136963,0
19.78649663925171,0
19.78650951385498,0
19.786846160888672,0
19.79002547264099,0
19.7900447845459,0
19.79006505012512,0
19.805097818374637,0
19.806288480758667,0
19.806325912475582,0
19.80641269683838,0
19.809143543243408,0
19.809180974960327,0
19.810646057128903,0
19.810698986053467,0
19.811525106430054,0
19.82419443130493,0
19.825474739074707,0
19.82551074028015,0
19.82554864883423,0
19.828389167785645,0
19.841057062149048,0
19.8414843082428,0
19.8414888381958,0
19.841527700424194,0
19.84696245193481,0
19.847002029418945,0
19.847018241882324,0
19.85217356681824,0
19.85251474380493,0
19.85262417793274,0
19.86447286605835,0
19.864505529403687,0
19.864545106887817,0
19.87063717842102,0
19.870651721954346,0
19.87067294120789,0
19.870994567871094,0
19.871143579483032,0
19.87117481231689,0
19.871209621429443,0
19.873003721237183,0
19.882592916488647,0
19.88262128829956,0
19.88262224197388,0
19.893471240997314,0
19.895925283432007,0
19.89596366882324,0
19.895983457565308,0
19.89608263969421,0
19.896236658096317,0
19.896302461624146,0
19.897194623947144,0
19.89722776412964,0
19.897305250167847,0
19.90095686912537,0
19.901000261306763,0
19.90223789215088,0
19.902297258377075,0
19.905593633651733,0
19.917062520980835,0
19.91710114479065,0
19.91912007331848,0
19.925082445144653,0
19.92512083053589,0
19.92729353904724,0
19.927430868148804,0
19.92779302597046,0
19.927826166152958,0
19.92928695678711,0
19.929702043533325,0
19.931357860565186,0
19.93704462051392,0
19.937045097351078,0
19.93708896636963,0
19.9389591217041,0
19.941547870635983,0
19.95587801933289,0
19.95870566368103,0
19.95874261856079,0
19.95875716209412,0
19.977836847305294,0
19.977899074554443,0
19.99476838111877,0
19.99494051933289,0
19.99499988555908,0
19.99506187438965,0
19.9977707862854,0
19.99780011177063,0
19.99798893928528,0
20.001303672790527,0
20.001381635665894,0
20.001450061798096,0
20.0016450881958,0
20.00171208381653,0
20.003662109375,0
20.003902196884155,0
20.00466513633728,0
20.01278042793274,0
20.01282262802124,0
20.013262271881104,0
20.01330256462097,0
20.017518997192383,0
20.0175564289093,0
20.01780128479004,0
20.02027916908264,0
20.0206995010376,0
20.020729064941406,0
20.02183246612549,0
20.037665843963623,0
20.037793159484863,0
20.03781771659851,0
20.04095721244812,0
20.04122281074524,0
20.041451692581177,0
20.04174542427063,0
20.045226335525516,0
20.045305252075195,0
20.045600414276123,0
20.057324409484863,0
20.0573251247406,0
20.05737257003784,0
20.06378149986267,0
20.06381320953369,0
20.06390142440796,0
20.06392455101013,0
20.069442987442017,0
20.06955409049988,0
20.069595336914062,0
20.069596767425537,0
20.07703924179077,0
20.077068090438843,0
20.077127695083615,0
20.08343076705933,0
20.083799362182617,0
20.08391284942627,0
20.083985567092896,0
20.086520195007324,0
20.08664560317993,0
20.086711168289185,0
20.090430736541748,0
20.09048056602478,0
20.09745168685913,0
20.097678422927856,0
20.09805369377136,0
20.099244832992557,0
20.09926438331604,0
20.101902723312374,0
20.102489233016968,0
20.117117643356323,0
20.11712908744812,0
20.11778426170349,0
20.128602981567383,0
20.13737964630127,0
20.137418031692505,0
20.137437105178837,0
20.138411045074463,0
20.138427734375,0
20.15694522857666,0
20.15696430206299,0
20.15698337554932,0
20.157657146453857,0
20.15769505500793,0
20.157711505889893,0
20.16072916984558,0
20.161408185958862,0
20.16142606735229,0
20.16151785850525,0
20.17745780944824,0
20.17751383781433,0
20.177536249160767,0
20.189905166625977,0
20.196978330612183,0
20.197001457214355,0
20.197020292282104,0
20.19703865051269,0
20.198376893997192,0
20.198413372039795,0
20.19843029975891,0
20.20085644721985,0
20.200921535491943,0
20.201085567474365,0
20.20354151725769,0
20.203582525253296,0
20.212704181671143,0
20.21273684501648,0
20.21459579467773,0
20.216875314712524,0
20.217358827590942,0
20.217400789260864,0
20.21742057800293,0
20.219699382781982,0
20.237361669540405,0
20.23738408088684,0
20.237410068511963,0
20.238497257232662,0
20.257458925247192,0
20.257509231567383,0
20.25752639770508,0
20.276927947998047,0
20.276959657669067,0
20.27697253227234,0
20.283111095428467,0
20.28312826156616,0
20.28314447402954,0
20.283161401748657,0
20.28934407234192,0
20.289427757263184,0
20.28947949409485,0
20.28956961631775,0
20.29726481437683,0
20.29730534553528,0
20.29732918739319,0
20.311872005462646,0
20.311922550201416,0
20.313637256622314,0
20.313712120056152,0
20.3167142868042,0
20.31734538078308,0
20.31738495826721,0
20.317408323287964,0
20.318671226501465,0
20.318718671798703,0
20.318768978118896,0
20.31993818283081,0
20.32091498374939,0
20.321079969406128,0
20.321123361587524,0
20.325401067733765,0
20.33569550514221,0
20.33725905418396,0
20.33730912208557,0
20.337952852249146,0
20.35737371444702,0
20.357423543930054,0
20.35745143890381,0
20.364813327789307,0
20.36482548713684,0
20.36757516860962,0
20.367611169815063,0
20.36762809753418,0
20.36764550209045,0
20.369146823883057,0
20.369170427322388,0
20.36972665786743,0
20.37118649482727,0
20.377390146255493,0
20.377430200576782,0
20.37753915786743,0
20.38257884979248,0
20.38516926765442,0
20.385199546813965,0
20.38532948493957,0
20.398470163345337,0
20.398637771606445,0
20.398743152618408,0
20.398831129074097,0
20.39885449409485,0
20.398975610733032,0
20.417174339294437,0
20.417232036590576,0
20.417659759521484,0
20.41800332069397,0
20.418108463287357,0
20.421228885650635,0
20.421552896499637,0
20.4380784034729,0
20.43852567672729,0
20.43886375427246,0
20.450567960739136,0
20.455923318862915,0
20.456252336502075,0
20.458110332489014,0
20.45817756652832,0
20.45820713043213,0
20.460713624954224,0
20.46095991134644,0
20.46158456802368,0
20.46183729171753,0
20.46386122703552,0
20.46671986579895,0
20.466963052749637,0
20.47717356681824,0
20.477222442626957,0
20.47723817825317,0
20.47930192947388,0
20.4975802898407,0
20.497621297836304,0
20.51625871658325,0
20.51630663871765,0
20.517680168151852,0
20.517729997634888,0
20.517751693725582,0
20.517772674560547,0
20.52114486694336,0
20.521481037139893,0
20.521536111831665,0
20.52156352996826,0
20.52430248260498,0
20.524494171142575,0
20.526453256607056,0
20.526801824569706,0
20.53833508491516,0
20.538370370864868,0
20.538816452026367,0
20.541626453399655,0
20.545954942703247,0
20.54598999023437,0
20.55712127685547,0
20.55716848373413,0
20.55726528167725,0
20.56637930870056,0
20.566410303115845,0
20.56662654876709,0
20.566653966903687,0
20.566669702529907,0
20.56668758392334,0
20.566688537597656,0
20.56904435157776,0
20.569233655929565,0
20.56958556175232,0
20.569613695144653,0
20.57006072998047,0
20.570252418518063,0
20.57028007507324,0
20.576972246170044,0
20.57703757286072,0
20.577052116394043,0
20.595262050628666,0
20.59779977798462,0
20.597845554351807,0
20.597963333129883,0
20.60264253616333,0
20.60307884216309,0
20.60341787338257,0
20.603455543518063,0
20.60630702972412,0
20.606817960739136,0
20.610098838806152,0
20.610772371292114,0
20.61112117767334,0
20.612416744232178,0
20.61255550384521,0
20.612937450408936,0
20.617016315460205,0
20.617058515548703,0
20.617376804351807,0
20.625489950180054,0
20.630714416503903,0
20.63732075691223,0
20.637366771698,0
20.63737225532532,0
20.64861512184143,0
20.64867067337036,0
20.64869451522827,0
20.65145373344421,0
20.652453184127808,0
20.6524875164032,0
20.6557834148407,0
20.655803203582764,0
20.65743374824524,0
20.657506704330444,0
20.65752625465393,0
20.66218590736389,0
20.677396297454838,0
20.67743468284607,0
20.677449226379395,0
20.680609703063965,0
20.687279224395752,0
20.68738031387329,0
20.68739914894104,0
20.68740224838257,0
20.696925163269043,0
20.696951389312744,0
20.696993112564087,0
20.701419591903687,0
20.70143723487854,0
20.70145034790039,0
20.70309829711914,0
20.703123807907104,0
20.71311616897583,0
20.71315169334412,0
20.71717381477356,0
20.71717619895935,0
20.717221975326535,0
20.73722076416016,0
20.737266302108765,0
20.737388610839844,0
20.73900032043457,0
20.743884325027462,0
20.74398159980774,0
20.756688594818115,0
20.756726264953613,0
20.756746292114254,0
20.756765842437744,0
20.758307695388797,0
20.758351802825928,0
20.75842571258545,0
20.759758949279785,0
20.759825229644772,0
20.759902715682983,0
20.77728295326233,0
20.777342081069943,0
20.777363300323486,0
20.79473233222961,0
20.79731154441833,0
20.79804825782776,0
20.798083066940308,0
20.81739115715027,0
20.817453622817997,0
20.817491054534912,0
20.833213329315186,0
20.833214282989506,0
20.833224773406982,0
20.83327293395996,0
20.835936784744263,0
20.83596992492676,0
20.83601188659668,0
20.83602786064148,0
20.83609771728516,0
20.836890697479248,0
20.836906909942627,0
20.83695650100708,0
20.84096336364746,0
20.841253519058228,0
20.855043411254883,0
20.85505723953247,0
20.855061292648315,0
20.85509777069092,0
20.856257677078247,0
20.85709571838379,0
20.857192277908325,0
20.85724520683289,0
20.85753846168518,0
20.85755228996277,0
20.857611894607544,0
20.862441778182983,0
20.86247992515564,0
20.862486124038696,0
20.86252522468567,0
20.86550283432007,0
20.86555051803589,0
20.865905046463013,0
20.8665452003479,0
20.87918353080749,0
20.879194736480716,0
20.879204750061035,0
20.879640579223636,0
20.879658937454224,0
20.87967014312744,0
20.87976861000061,0
20.901938438415527,0
20.90195727348328,0
20.90196704864502,0
20.91209840774536,0
20.9122097492218,0
20.91229748725891,0
20.913536071777344,0
20.91358208656311,0
20.915517568588257,0
20.915568113327023,0
20.91629266738892,0
20.917826890945435,0
20.920405864715576,0
20.921277284622192,0
20.922943592071533,0
20.922972202301025,0
20.923024654388428,0
20.942842721939087,0
20.94576930999756,0
20.945769548416138,0
20.945851802825928,0
20.950210332870483,0
20.950262546539307,0
20.95128917694092,0
20.95398330688477,0
20.954020738601685,0
20.954073429107662,0
20.96474504470825,0
20.964776515960693,0
20.964816331863403,0
20.965921878814697,0
20.96594214439392,0
20.966411113739014,0
20.967754125595093,0
20.970528602600098,0
20.975642681121823,0
20.98211669921875,0
20.982186555862427,0
20.98220038414001,0
21.00354743003845,0
21.00357937812805,0
21.00364828109741,0
21.022576808929443,0
21.022598028182983,0
21.022611618041992,0
21.04149341583252,0
21.04152822494507,0
21.04153704643249,0
21.04156994819641,0
21.04165554046631,0
21.041669368743896,0
21.04168200492859,0
21.048635721206665,0
21.04864001274109,0
21.04865264892578,0
21.05102515220642,0
21.05103802680969,0
21.061524868011475,0
21.061553239822388,0
21.061607360839844,0
21.07072114944458,0
21.07077431678772,0
21.07729482650757,0
21.081802368164062,0
21.082433700561523,0
21.08246898651123,0
21.089154958724976,0
21.08918619155884,0
21.08919239044189,0
21.08920454978943,0
21.09067749977112,0
21.0906994342804,0
21.090705394744877,0
21.090786695480347,0
21.09302282333374,0
21.093311309814453,0
21.093332052230835,0
21.093345642089844,0
21.10166907310486,0
21.101698398590088,0
21.10171103477478,0
21.10244846343994,0
21.102522373199463,0
21.10275363922119,0
21.103583574295044,0
21.1036114692688,0
21.10499262809753,0
21.105018615722656,0
21.1148784160614,0
21.11796808242798,0
21.118008136749268,0
21.11802077293396,0
21.13767004013061,0
21.1377067565918,0
21.137749671936035,0
21.157175064086918,0
21.157219171524048,0
21.157238483428955,0
21.161908388137817,0
21.16192936897278,0
21.163783311843872,0
21.16380262374878,0
21.16382336616516,0
21.16390061378479,0
21.16811847686768,0
21.16816210746765,0
21.16826176643372,0
21.177170753479004,0
21.17721438407898,0
21.177215576171875,0
21.19219994544983,0
21.197321891784668,0
21.197335958480835,0
21.197347402572632,0
21.19735836982727,0
21.197369813919067,0
21.197381258010864,0
21.19821548461914,0
21.21233081817627,0
21.21236491203308,0
21.212393283843998,0
21.213642597198486,0
21.21364498138428,0
21.21490883827209,0
21.214962482452396,0
21.219438314437863,0
21.21946740150452,0
21.22071123123169,0
21.22178626060486,0
21.234078645706177,0
21.239670515060425,0
21.239697456359863,0
21.239711046218872,0
21.25688409805298,0
21.25691819190979,0
21.25856924057007,0
21.258575677871704,0
21.25858354568481,0
21.25858783721924,0
21.260811805725098,0
21.260826349258423,0
21.26086711883545,0
21.277068853378296,0
21.277097463607788,0
21.27710771560669,0
21.279360055923465,0
21.281267881393436,0
21.2962498664856,0
21.29689311981201,0
21.296923637390137,0
21.296977281570435,0
21.31704044342041,0
21.317080974578857,0
21.31730008125305,0
21.33556652069092,0
21.33562421798706,0
21.3377583026886,0
21.33786678314209,0
21.33788752555847,0
21.33790612220764,0
21.33796858787537,0
21.33802008628845,0
21.339677333831787,0
21.34378957748413,0
21.34381651878357,0
21.34383726119995,0
21.34589695930481,0
21.34591507911682,0
21.347387552261356,0
21.34747958183289,0
21.35026788711548,0
21.351533889770508,0
21.351559162139893,0
21.351563215255737,0
21.354265451431274,0
21.3542799949646,0
21.3543381690979,0
21.355252981185917,0
21.356947898864743,0
21.35698413848877,0
21.362360954284668,0
21.362399339675903,0
21.36259078979492,0
21.36269807815552,0
21.364462852478027,0
21.36448216438293,0
21.36451101303101,0
21.366403579711918,0
21.377217531204224,0
21.37725067138672,0
21.37725329399109,0
21.381024837493896,0
21.38269186019897,0
21.38400959968567,0
21.384029626846317,0
21.38418221473694,0
21.38423776626587,0
21.384289741516117,0
21.39596676826477,0
21.39599061012268,0
21.397237539291385,0
21.39726710319519,0
21.397278547286987,0
21.397961139678955,0
21.39801979064941,0
21.41702771186829,0
21.41704797744751,0
21.41706204414368,0
21.428085565567017,0
21.42954969406128,0
21.43149971961975,0
21.4367618560791,0
21.436774969100952,0
21.436784982681274,0
21.439353466033936,0
21.43938040733337,0
21.43941068649292,0
21.43944263458252,0
21.439964771270752,0
21.440078258514404,0
21.44009304046631,0
21.454978704452515,0
21.45868468284607,0
21.45881748199463,0
21.458844423294067,0
21.476905822753903,0
21.476941108703613,0
21.477322101593018,0
21.487927198410038,0
21.48795485496521,0
21.48798418045044,0
21.488930702209476,0
21.48970413208008,0
21.489819288253784,0
21.48983335494995,0
21.4969494342804,0
21.49697589874268,0
21.496986627578732,0
21.500505924224854,0
21.500534296035767,0
21.50245785713196,0
21.502485275268555,0
21.5030357837677,0
21.50362539291382,0
21.516296863555908,0
21.51702618598938,0
21.517054796218872,0
21.51713180541992,0
21.53714251518249,0
21.537145137786865,0
21.53717827796936,0
21.545817136764526,0
21.545986652374268,0
21.547643423080444,0
21.54982590675354,0
21.549890756607056,0
21.549956798553467,0
21.55267858505249,0
21.552745580673218,0
21.552809476852417,0
21.55377578735352,0
21.55381155014038,0
21.55381226539612,0
21.553887605667114,0
21.55731678009033,0
21.55735659599304,0
21.557456731796265,0
21.558562517166138,0
21.5589120388031,0
21.559155225753784,0
21.574914932250977,0
21.577492475509644,0
21.57754182815552,0
21.577563047409058,0
21.603119611740112,0
21.603159427642822,0
21.603173971176147,0
21.607160091400143,0
21.60717797279358,0
21.60719609260559,0
21.607204914093018,0
21.614572048187256,0
21.61553955078125,0
21.615623712539676,0
21.615694284439087,0
21.61575508117676,0
21.622199058532715,0
21.6222243309021,0
21.62223625183105,0
21.62789535522461,0
21.627910137176517,0
21.63258552551269,0
21.64121627807617,0
21.641217470169067,0
21.641266345977783,0
21.65141749382019,0
21.651429414749146,0
21.651442289352417,0
21.65165400505066,0
21.654731512069706,0
21.65473961830139,0
21.65474796295166,0
21.65568232536316,0
21.66092419624329,0
21.661169290542603,0
21.6611852645874,0
21.662287950515747,0
21.66232371330261,0
21.68245339393616,0
21.682466506958008,0
21.68247699737549,0
21.682487964630127,0
21.685298681259155,0
21.68532466888428,0
21.68533563613892,0
21.688175439834595,0
21.688188314437863,0
21.68905282020569,0
21.69704008102417,0
21.69706606864929,0
21.699127674102783,0
21.69917178153992,0
21.701500177383423,0
21.70152282714844,0
21.70153045654297,0
21.7220151424408,0
21.722079038619995,0
21.72208261489868,0
21.73567676544189,0
21.742722749710083,0
21.742765426635746,0
21.74277925491333,0
21.76457619667053,0
21.7646119594574,0
21.7646267414093,0
21.768999338150024,0
21.76901388168335,0
21.770626068115234,0
21.77100658416748,0
21.77102565765381,0
21.771084308624268,0
21.774088859558105,0
21.774161338806152,0
21.77432346343994,0
21.77523946762085,0
21.78331232070923,0
21.783342123031616,0
21.78338861465454,0
21.797429084777832,0
21.797451496124268,0
21.79750967025757,0
21.79752850532532,0
21.802915334701535,0
21.802944898605347,0
21.80299687385559,0
21.80329465866089,0
21.8033549785614,0
21.80388593673706,0
21.80390572547913,0
21.80393409729004,0
21.814692735672,0
21.814738035202023,0
21.815245628356934,0
21.81524634361267,0
21.815505743026733,0
21.815515279769897,0
21.81600856781006,0
21.816033840179443,0
21.816049337387085,0
21.81611466407776,0
21.816586017608643,0
21.81663537025452,0
21.82167863845825,0
21.821680784225464,0
21.821706295013428,0
21.836848258972168,0
21.83687949180603,0
21.836891174316406,0
21.85691785812378,0
21.856956720352173,0
21.856958389282227,0
21.877030611038208,0
21.87706232070923,0
21.87707114219665,0
21.893567085266117,0
21.89360547065735,0
21.893621921539307,0
21.89366579055786,0
21.89593935012817,0
21.895965576171875,0
21.89621472358704,0
21.89644145965576,0
21.897011041641235,0
21.89702773094177,0
21.89703750610352,0
21.898361444473267,0
21.89915680885315,0
21.900286197662357,0
21.90031361579895,0
21.90344309806824,0
21.90348768234253,0
21.904258489608765,0
21.917510271072388,0
21.917550086975098,0
21.91759037971497,0
21.92158937454224,0
21.921818017959595,0
21.9232234954834,0
21.92325115203857,0
21.92330050468445,0
21.923335075378414,0
21.93691682815552,0
21.936917066574097,0
21.93697023391724,0
21.948549032211304,0
21.948563814163208,0
21.948610544204712,0
21.95028853416443,0
21.95327734947205,0
21.954721927642822,0
21.957246780395508,0
21.957284927368164,0
21.95737099647522,0
21.96304535865784,0
21.963080406188965,0
21.96309900283813,0
21.963154315948486,0
21.96766185760498,0
21.96805071830749,0
21.96831011772156,0
21.982043027877808,0
21.98210120201111,0
21.982195615768436,0
21.982245922088623,0
21.9823009967804,0
21.98242783546448,0
21.982579946517944,0
21.99194359779358,0
21.998464345932007,0
21.9987051486969,0
21.998759031295776,0
22.017250537872314,0
22.017281770706177,0
22.01729464530945,0
22.017305374145508,0
22.0179500579834,0
22.017992734909058,0
22.01800966262817,0
22.0369291305542,0
22.036956310272217,0
22.036966800689697,0
22.04675030708313,0
22.046754598617557,0
22.0471625328064,0
22.049342155456543,0
22.04937195777893,0
22.049495458602905,0
22.04950785636902,0
22.052376985549927,0
22.052403450012207,0
22.052515506744385,0
22.053187608718872,0
22.05696153640747,0
22.056983709335327,0
22.056994199752808,0
22.064417600631717,0
22.06444001197815,0
22.0644793510437,0
22.06450700759888,0
22.067663431167603,0
22.067676305770878,0
22.068348169326782,0
22.07725763320923,0
22.077266693115234,0
22.07727122306824,0
22.09685230255127,0
22.09686756134033,0
22.096915006637573,0
22.10350966453552,0
22.103534698486328,0
22.104830980300903,0
22.10488176345825,0
22.10557007789612,0
22.12223863601685,0
22.12224793434143,0
22.122666358947757,0
22.12270212173462,0
22.12416672706604,0
22.12418866157532,0
22.124195098876957,0
22.124205112457275,0
22.128303050994877,0
22.12845087051392,0
22.128575801849365,0
22.14259648323059,0
22.14262843132019,0
22.14264154434204,0
22.15032410621643,0
22.15274405479431,0
22.15607714653015,0
22.162892818450928,0
22.162914752960205,0
22.162930965423584,0
22.162946462631226,0
22.16553258895874,0
22.165637016296387,0
22.165655374526978,0
22.16671657562256,0
22.16673445701599,0
22.167088985443115,0
22.18408250808716,0
22.1840980052948,0
22.18414282798767,0
22.188730001449585,0
22.18874573707581,0
22.190348863601685,0
22.190402030944824,0
22.19379568099976,0
22.19933223724365,0
22.199560403823853,0
22.19975709915161,0
22.199784517288208,0
22.20659685134888,0
22.20660972595215,0
22.206755876541138,0
22.206791400909424,0
22.20688223838806,0
22.206894874572757,0
22.206905603408813,0
22.221407890319824,0
22.221447467803955,0
22.221460103988647,0
22.22228980064392,0
22.22611212730408,0
22.22997236251831,0
22.236274242401123,0
22.236419200897217,0
22.236433267593384,0
22.236443996429443,0
22.241405248641968,0
22.241430521011356,0
22.241443872451782,0
22.263856887817383,0
22.26388359069824,0
22.26389455795288,0
22.267810583114624,0
22.26782488822937,0
22.267890453338623,0
22.26988291740417,0
22.269909858703613,0
22.269919872283936,0
22.26993179321289,0
22.2724723815918,0
22.27249765396118,0
22.272512197494507,0
22.272595643997192,0
22.28130292892456,0
22.281303644180294,0
22.28164005279541,0
22.28507781028748,0
22.28508996963501,0
22.28509998321533,0
22.28511095046997,0
22.289215564727783,0
22.28923273086548,0
22.2892804145813,0
22.289310455322266,0
22.289406538009644,0
22.290796041488647,0
22.290950059890747,0
22.297603845596317,0
22.297632694244385,0
22.297706604003903,0
22.3172070980072,0
22.31723666191101,0
22.317351579666138,0
22.33750915527344,0
22.3375985622406,0
22.33762216567993,0
22.341134786605835,0
22.34645128250122,0
22.34708309173584,0
22.359484672546387,0
22.359548568725582,0
22.359591245651245,0
22.35961604118347,0
22.3607873916626,0
22.36078929901123,0
22.360804557800293,0
22.361490726470947,0
22.361491203308105,0
22.36151623725891,0
22.377243995666504,0
22.377658367156982,0
22.3777015209198,0
22.384173154830933,0
22.396218061447144,0
22.39624929428101,0
22.39630651473999,0
22.39633083343506,0
22.40253472328186,0
22.40261387825012,0
22.40261459350586,0
22.40263295173645,0
22.40333676338196,0
22.403428554534912,0
22.403645753860477,0
22.403675079345703,0
22.404667139053345,0
22.40468382835388,0
22.40705108642578,0
22.40847158432007,0
22.416980028152462,0
22.416995763778687,0
22.41757607460022,0
22.43397855758667,0
22.437306880950928,0
22.437326669692997,0
22.43736243247986,0
22.45734405517578,0
22.45739507675171,0
22.457415103912357,0
22.465325832366943,0
22.465717554092407,0
22.46577215194702,0
22.4659116268158,0
22.471315383911133,0
22.47361946105957,0
22.473998069763184,0
22.474066734313965,0
22.47788906097412,0
22.47819662094116,0
22.47825860977173,0
22.49156856536865,0
22.491597414016724,0
22.49220585823059,0
22.492239236831665,0
22.49550747871399,0
22.49554944038391,0
22.495601177215576,0
22.496948719024655,0
22.49697208404541,0
22.497026920318604,0
22.497042894363403,0
22.497055530548096,0
22.502427339553837,0
22.502442836761475,0
22.504138231277462,0
22.504139184951782,0
22.50415349006653,0
22.504155158996586,0
22.506742477416992,0
22.50675654411316,0
22.506786823272705,0
22.517321348190308,0
22.51736640930176,0
22.51738429069519,0
22.523067712783813,0
22.52651834487915,0
22.539231061935425,0
22.53933310508728,0
22.539382457733154,0
22.551655054092407,0
22.56026291847229,0
22.56029438972473,0
22.563129663467407,0
22.563281059265137,0
22.56346297264099,0
22.56350326538086,0
22.56352186203003,0
22.563542127609253,0
22.563563346862797,0
22.5694739818573,0
22.570005893707275,0
22.57484245300293,0
22.579397678375244,0
22.57943153381348,0
22.579450130462646,0
22.58445525169373,0
22.58447265625,0
22.584523677825928,0
22.584540605545044,0
22.591506719589237,0
22.59153151512146,0
22.591596364974976,0
22.597651958465576,0
22.59768438339233,0
22.598185777664185,0
22.6082124710083,0
22.608238220214844,0
22.608275890350345,0
22.608777046203613,0
22.608799695968628,0
22.61766219139099,0
22.617726802825928,0
22.63125252723694,0
22.63129591941833,0
22.631414651870728,0
22.651172876358032,0
22.65120768547058,0
22.651221752166748,0
22.66844892501831,0
22.67300248146057,0
22.67303895950317,0
22.67324209213257,0
22.67632222175598,0
22.676377534866333,0
22.676610469818115,0
22.67676544189453,0
22.67877840995789,0
22.67931890487671,0
22.679731130599976,0
22.682358264923096,0
22.690248727798465,0
22.690367937088013,0
22.69048523902893,0
22.706515550613403,0
22.706547737121586,0
22.706584453582764,0
22.708489894866943,0
22.708511352539062,0
22.70854759216309,0
22.70858407020569,0
22.71035504341125,0
22.71038293838501,0
22.71054005622864,0
22.711912870407104,0
22.7119402885437,0
22.71411681175232,0
22.714205980300903,0
22.71867799758911,0
22.725865125656128,0
22.725887537002563,0
22.72593307495117,0
22.748230695724487,0
22.74873304367065,0
22.749027967453003,0
22.74905633926392,0
22.7490713596344,0
22.749085426330566,0
22.75048041343689,0
22.75049424171448,0
22.751134872436523,0
22.75242710113525,0
22.7524573802948,0
22.7525007724762,0
22.75734257698059,0
22.757371187210083,0
22.75737309455872,0
22.757678508758545,0
22.75982165336609,0
22.759981155395508,0
22.760152101516724,0
22.769875049591064,0
22.769900798797607,0
22.77027583122253,0
22.774433612823486,0
22.778279781341556,0
22.7783145904541,0
22.778473377227783,0
22.802093982696533,0
22.802215337753296,0
22.802234411239624,0
22.80225610733032,0
22.803494691848755,0
22.803919553756717,0
22.80395555496216,0
22.81009078025818,0
22.8101544380188,0
22.81017208099365,0
22.816250562667847,0
22.816294193267822,0
22.818925857543945,0
22.818945169448853,0
22.827488660812374,0
22.827515602111816,0
22.827531576156616,0
22.83115291595459,0
22.83209013938904,0
22.85151481628418,0
22.85154509544373,0
22.851593017578125,0
22.85602068901062,0
22.87240839004517,0
22.874659061431885,0
22.87474656105041,0
22.889753103256226,0
22.889754056930546,0
22.88977026939392,0
22.89381098747253,0
22.893821001052856,0
22.893828868865967,0
22.893901586532596,0
22.89873957633972,0
22.89878344535828,0
22.89880609512329,0
22.90002202987671,0
22.904356479644772,0
22.904412984848022,0
22.90553474426269,0
22.905573844909668,0
22.910603761672974,0
22.910635948181152,0
22.910693883895878,0
22.925509929656982,0
22.92731785774231,0
22.92734408378601,0
22.92735528945923,0
22.927983283996586,0
22.929237365722656,0
22.944008827209476,0
22.94400906562805,0
22.945394277572632,0
22.945402145385746,0
22.945425033569336,0
22.94542551040649,0
22.950462818145752,0
22.950486660003666,0
22.95050454139709,0
22.95085978507996,0
22.95092177391052,0
22.951749324798584,0
22.966699600219727,0
22.96772813796997,0
22.967728853225708,0
22.96775913238525,0
22.9686598777771,0
22.97077965736389,0
22.98092603683472,0
22.982749938964844,0
22.982786893844604,0
22.98280668258667,0
22.983845472335812,0
22.983856201171875,0
22.98701786994934,0
22.990659475326535,0
22.99069166183472,0
22.990922927856445,0
22.99481630325317,0
22.99502468109131,0
22.9979407787323,0
22.99806308746338,0
23.00749492645264,0
23.007544994354248,0
23.007546186447144,0
23.020922422409058,0
23.021039724349976,0
23.021124124526978,0
23.02120065689087,0
23.023611545562744,0
23.024056911468502,0
23.024093627929688,0
23.025144338607788,0
23.03122353553772,0
23.03127121925354,0
23.031299352645878,0
23.0384042263031,0
23.038427591323853,0
23.038530588150024,0
23.038550853729248,0
23.04090785980225,0
23.04125928878784,0
23.04134488105774,0
23.049769401550293,0
23.04979681968689,0
23.04985547065735,0
23.053864002227783,0
23.057008504867557,0
23.057044744491577,0
23.05708074569702,0
23.07821297645569,0
23.078234434127808,0
23.07825517654419,0
23.07828688621521,0
23.0952365398407,0
23.09553337097168,0
23.09556221961975,0
23.104766130447388,0
23.104793071746823,0
23.104809284210205,0
23.106210470199585,0
23.10648012161255,0
23.10807228088379,0
23.10813593864441,0
23.10935950279236,0
23.109386682510376,0
23.10944628715515,0
23.11765694618225,0
23.128748893737797,0
23.128777265548703,0
23.12901020050049,0
23.150524854660038,0
23.15055537223816,0
23.15058994293213,0
23.156729698181152,0
23.15674328804016,0
23.158079147338867,0
23.158620595932007,0
23.158648014068604,0
23.15869092941284,0
23.161884307861328,0
23.16244864463806,0
23.162484407424927,0
23.169115781784058,0
23.16914963722229,0
23.19333791732788,0
23.19363236427307,0
23.1936993598938,0
23.198002338409424,0
23.20383358001709,0
23.204331159591675,0
23.204356908798218,0
23.20437073707581,0
23.209434747695923,0
23.21040630340576,0
23.210461616516117,0
23.21089005470276,0
23.21094274520874,0
23.210959672927856,0
23.21103143692017,0
23.21104645729065,0
23.211537837982178,0
23.211565732955933,0
23.21262264251709,0
23.213996410369877,0
23.21714973449707,0
23.22894167900085,0
23.22896981239319,0
23.22898244857788,0
23.233593940734863,0
23.24991250038147,0
23.250641345977783,0
23.27093076705933,0
23.2709641456604,0
23.27097773551941,0
23.278112649917603,0
23.278151988983154,0
23.2783100605011,0
23.27832627296448,0
23.27834153175354,0
23.2784116268158,0
23.278429746627808,0
23.27844977378845,0
23.27876663208008,0
23.280164003372192,0
23.28019618988037,0
23.28083276748657,0
23.281022548675537,0
23.281073570251465,0
23.281309604644772,0
23.288301467895508,0
23.288331508636475,0
23.28857421875,0
23.28860330581665,0
23.293291091918945,0
23.293590545654297,0
23.29363822937012,0
23.29636549949646,0
23.296396493911743,0
23.298346757888797,0
23.298799514770508,0
23.298825979232788,0
23.29927158355713,0
23.2993004322052,0
23.299330472946167,0
23.30108952522278,0
23.30118989944458,0
23.32904601097107,0
23.329078435897827,0
23.32912659645081,0
23.33450436592102,0
23.34783959388733,0
23.34785771369934,0
23.347867727279663,0
23.37060856819153,0
23.37063789367676,0
23.37070846557617,0
23.394083499908447,0
23.394103288650516,0
23.398962259292603,0
23.39899682998657,0
23.399064779281616,0
23.40058135986328,0
23.40059876441956,0
23.400612354278564,0
23.400625705718998,0
23.404536962509155,0
23.40455412864685,0
23.40467977523804,0
23.40668988227844,0
23.40822005271912,0
23.412800073623657,0
23.412802696228027,0
23.41281223297119,0
23.413211345672607,0
23.426700115203857,0
23.42671751976013,0
23.428012132644653,0
23.428038835525516,0
23.42805504798889,0
23.42908000946045,0
23.42914628982544,0
23.429967403411865,0
23.430688619613647,0
23.43143105506897,0
23.439502716064453,0
23.439532995224,0
23.440099000930783,0
23.44010734558105,0
23.443384170532227,0
23.443653106689453,0
23.44393014907837,0
23.44872808456421,0
23.448755264282227,0
23.448766231536865,0
23.453531503677368,0
23.4683780670166,0
23.46843957901001,0
23.491639137268063,0
23.491676092147827,0
23.49168968200684,0
23.492755651474,0
23.492775201797485,0
23.49278926849365,0
23.493123054504395,0
23.49314284324646,0
23.49349522590637,0
23.49353337287903,0
23.499674797058105,0
23.499678134918213,0
23.5034601688385,0
23.503488063812256,0
23.50690746307373,0
23.5069272518158,0
23.506938695907596,0
23.50709891319275,0
23.50947117805481,0
23.50949788093567,0
23.509508848190308,0
23.518996477127075,0
23.519015550613403,0
23.51913452148437,0
23.520410299301147,0
23.526482105255127,0
23.52649664878845,0
23.52653241157532,0
23.53771424293518,0
23.537747144699097,0
23.537760972976685,0
23.554665565490723,0
23.555055856704712,0
23.556309461593628,0
23.556888341903687,0
23.55691909790039,0
23.55693387985229,0
23.557136297225952,0
23.557157278060917,0
23.55740189552307,0
23.561975479125977,0
23.56202530860901,0
23.562073230743408,0
23.56312847137451,0
23.56470727920532,0
23.577959299087524,0
23.578003406524655,0
23.57802963256836,0
23.578399419784542,0
23.585370540618896,0
23.58539319038391,0
23.58544921875,0
23.58549737930298,0
23.597211837768555,0
23.597250938415527,0
23.597268104553223,0
23.607673168182373,0
23.60770535469055,0
23.608072519302368,0
23.60862970352173,0
23.608662128448486,0
23.609155654907227,0
23.609205961227417,0
23.61756944656372,0
23.617610931396484,0
23.61762809753418,0
23.617995023727417,0
23.63777184486389,0
23.63800382614136,0
23.63833236694336,0
23.64629054069519,0
23.64633822441101,0
23.65000581741333,0
23.65005230903625,0
23.651548862457275,0
23.6516273021698,0
23.6516592502594,0
23.656046390533447,0
23.65777969360352,0
23.657788038253784,0
23.657833576202396,0
23.6603102684021,0
23.682521104812626,0
23.68258285522461,0
23.682660818099976,0
23.68404173851013,0
23.70302438735962,0
23.703059911727905,0
23.703097581863403,0
23.71249628067017,0
23.712507009506226,0
23.712507247924805,0
23.71252036094665,0
23.712587356567383,0
23.712618827819824,0
23.713555574417114,0
23.714634656906128,0
23.71467447280884,0
23.714828491210938,0
23.71485662460327,0
23.718590259552,0
23.718616008758545,0
23.7188184261322,0
23.737046003341675,0
23.73704719543457,0
23.73709273338318,0
23.74198079109192,0
23.75720977783203,0
23.757385730743408,0
23.75755786895752,0
23.76797342300415,0
23.768275022506717,0
23.772077322006226,0
23.772257804870605,0
23.77228355407715,0
23.77235627174377,0
23.77237892150879,0
23.773494958877563,0
23.77358651161194,0
23.77472448348999,0
23.77474284172058,0
23.774751663208008,0
23.774790048599243,0
23.77705669403076,0
23.777103662490845,0
23.77714252471924,0
23.79342484474182,0
23.79347586631775,0
23.793527364730835,0
23.79531979560852,0
23.79784321784973,0
23.79789352416992,0
23.7979953289032,0
23.80329322814941,0
23.803328275680546,0
23.803465127944943,0
23.803486585617065,0
23.80485677719116,0
23.80485892295837,0
23.804879426956177,0
23.807294368743896,0
23.807336807250977,0
23.818096160888672,0
23.8181095123291,0
23.818158864974976,0
23.8206090927124,0
23.820650100708008,0
23.82066822052002,0
23.820704698562626,0
23.836955070495605,0
23.84503173828125,0
23.845076322555546,0
23.845097303390503,0
23.84521436691284,0
23.85359811782837,0
23.853630304336548,0
23.85370683670044,0
23.873666048049927,0
23.873958349227905,0
23.873995065689087,0
23.8740291595459,0
23.87567687034607,0
23.87571358680725,0
23.87576651573181,0
23.87798023223877,0
23.880746126174927,0
23.886849641799927,0
23.88900661468506,0
23.88903546333313,0
23.88905334472656,0
23.88915967941284,0
23.889220237731934,0
23.889239072799683,0
23.893951416015625,0
23.893970489501957,0
23.89398312568665,0
23.89939045906067,0
23.899409770965576,0
23.899795293807983,0
23.899808883666992,0
23.9058210849762,0
23.905847787857056,0
23.90585994720459,0
23.916253566741943,0
23.929890394210812,0
23.929925203323364,0
23.929927110672,0
23.935899257659912,0
23.936134099960327,0
23.95040273666382,0
23.95040607452393,0
23.950453758239743,0
23.95258474349976,0
23.954317569732662,0
23.954347610473636,0
23.95442676544189,0
23.96900200843811,0
23.96903109550476,0
23.969395875930783,0
23.9892258644104,0
23.98927903175354,0
23.98928189277649,0
23.9920027256012,0
23.99204039573669,0
23.992058515548703,0
23.993197441101078,0
23.997998237609863,0
23.99800944328308,0
23.998013973236084,0
23.99802136421204,0
24.001124382019043,0
24.001138925552368,0
24.0024151802063,0
24.00242853164673,0
24.0065712928772,0
24.00658893585205,0
24.006599187850952,0
24.008909702301025,0
24.010428428649902,0
24.010520219802856,0
24.010740518569943,0
24.013445138931274,0
24.013474225997925,0
24.013591527938843,0
24.02474355697632,0
24.026647090911865,0
24.02732229232788,0
24.02735185623169,0
24.027409315109253,0
24.02935552597046,0
24.037071228027344,0
24.03713035583496,0
24.03715443611145,0
24.04444670677185,0
24.044483184814453,0
24.044501304626465,0
24.04451894760132,0
24.044675588607788,0
24.04473066329956,0
24.044878005981445,0
24.071913242340088,0
24.07194495201111,0
24.071987867355347,0
24.084825038909912,0
24.09136652946472,0
24.093519926071167,0
24.09356141090393,0
24.093578338623047,0
24.09595799446106,0
24.096240043640137,0
24.0965313911438,0
24.097506284713745,0
24.09752631187439,0
24.097543478012085,0
24.098069429397583,0
24.09810423851013,0
24.10424518585205,0
24.104297399520878,0
24.109261989593502,0
24.109298944473267,0
24.10931706428528,0
24.125481128692627,0
24.12555503845215,0
24.1257221698761,0
24.134523153305054,0
24.14964461326599,0
24.14968180656433,0
24.149682760238647,0
24.17142605781555,0
24.17146229743957,0
24.17147946357727,0
24.17302799224853,0
24.1733078956604,0
24.174658060073853,0
24.175294160842896,0
24.17539668083191,0
24.17541766166687,0
24.177650213241577,0
24.177669763565063,0
24.17767357826233,0
24.178540468215942,0
24.180257558822632,0
24.1831533908844,0
24.19450330734253,0
24.19453525543213,0
24.194594144821167,0
24.208163022994995,0
24.20820379257202,0
24.208224296569824,0
24.208253383636475,0
24.20829391479492,0
24.20830774307251,0
24.20835781097412,0
24.211413383483887,0
24.211427688598636,0
24.21144223213196,0
24.21196866035461,0
24.21203064918518,0
24.21773362159729,0
24.217832565307617,0
24.22782731056213,0
24.230489015579224,0
24.23050546646118,0
24.230576515197757,0
24.250046730041504,0
24.25010180473328,0
24.25018048286438,0
24.255326986312863,0
24.27093482017517,0
24.2709755897522,0
24.271035194396973,0
24.292787313461304,0
24.292824268341064,0
24.293808937072757,0
24.293842554092407,0
24.29417300224304,0
24.29419255256653,0
24.294208526611328,0
24.303645133972168,0
24.3036630153656,0
24.30434918403625,0
24.307785749435425,0
24.307876348495483,0
24.30789422988892,0
24.30797791481018,0
24.30799698829651,0
24.308154106140137,0
24.30817151069641,0
24.309805870056152,0
24.309821605682373,0
24.30983090400696,0
24.31149172782898,0
24.31570625305176,0
24.31591200828552,0
24.31694722175598,0
24.3172025680542,0
24.317690134048465,0
24.318257093429565,0
24.32561683654785,0
24.325648546218872,0
24.32565975189209,0
24.336889266967773,0
24.33691954612732,0
24.33696484565735,0
24.346250534057617,0
24.35160660743713,0
24.35168480873108,0
24.35336422920227,0
24.35338592529297,0
24.35373449325561,0
24.35375738143921,0
24.35510015487671,0
24.35522413253784,0
24.35545945167541,0
24.369410037994385,0
24.369478225708008,0
24.36953830718994,0
24.39130067825317,0
24.391446113586422,0
24.3914647102356,0
24.40375924110413,0
24.409019470214844,0
24.40903902053833,0
24.4090518951416,0
24.411184072494507,0
24.411212921142575,0
24.41122674942017,0
24.4112401008606,0
24.423521995544437,0
24.423523664474487,0
24.423590183258057,0
24.424773454666138,0
24.424805879592896,0
24.42713189125061,0
24.42718505859375,0
24.428006172180176,0
24.43023943901062,0
24.43026876449585,0
24.430281162261963,0
24.444197416305546,0
24.44755268096924,0
24.451108694076535,0
24.45114278793335,0
24.451219081878666,0
24.47004127502441,0
24.47005605697632,0
24.470069408416748,0
24.47008442878723,0
24.47098183631897,0
24.471062421798703,0
24.47112274169922,0
24.47407627105713,0
24.474197387695312,0
24.474219799041748,0
24.47602677345276,0
24.47826051712036,0
24.48979377746582,0
24.48982572555542,0
24.48989248275757,0
24.498868465423584,0
24.500214099884037,0
24.502055168151852,0
24.502095699310303,0
24.502114057540894,0
24.5027756690979,0
24.502859592437744,0
24.50287699699402,0
24.50928997993469,0
24.509321212768555,0
24.50933337211609,0
24.510356426239014,0
24.510458946228027,0
24.510476112365723,0
24.510947942733765,0
24.51778197288513,0
24.51791477203369,0
24.517996788024902,0
24.518117666244507,0
24.522108554840088,0
24.522200107574463,0
24.522217988967896,0
24.526790857315063,0
24.52682399749756,0
24.526856660842896,0
24.54670643806457,0
24.5474591255188,0
24.547489404678345,0
24.547614812850952,0
24.550970554351807,0
24.551283597946167,0
24.552839756011963,0
24.55318117141724,0
24.55320763587952,0
24.55327558517456,0
24.554408073425293,0
24.554598569869995,0
24.55464816093445,0
24.557048559188843,0
24.5570809841156,0
24.55709457397461,0
24.578798294067383,0
24.585465908050537,0
24.58550786972046,0
24.585569143295288,0
24.587000370025635,0
24.593190670013428,0
24.593190908432007,0
24.593684434890747,0
24.594401836395264,0
24.595155239105225,0
24.59544539451599,0
24.607726097106934,0
24.60775184631348,0
24.6077618598938,0
24.616189002990723,0
24.61624312400818,0
24.618528842926025,0
24.61859154701233,0
24.63120532035828,0
24.631245374679565,0
24.631261348724365,0
24.633455276489254,0
24.65177822113037,0
24.6523871421814,0
24.652482986450195,0
24.66709971427917,0
24.667114734649655,0
24.667207956314087,0
24.66726016998291,0
24.6869912147522,0
24.68717312812805,0
24.68723940849304,0
24.6872775554657,0
24.687318086624146,0
24.687355279922485,0
24.687395572662357,0
24.68747019767761,0
24.687511920928955,0
24.68754887580872,0
24.68758583068848,0
24.69241523742676,0
24.69247436523437,0
24.692492485046387,0
24.69346237182617,0
24.69349265098572,0
24.693541526794437,0
24.699740648269653,0
24.699776649475098,0
24.69982647895813,0
24.699857711791992,0
24.70538020133972,0
24.70540452003479,0
24.70544695854187,0
24.727224588394165,0
24.72725009918213,0
24.72726798057556,0
24.74860453605652,0
24.74863600730896,0
24.748671293258667,0
24.753824949264526,0
24.76800847053528,0
24.76803421974182,0
24.768096685409542,0
24.790752172470093,0
24.790786504745483,0
24.790855884552,0
24.79400062561035,0
24.79433536529541,0
24.796263217926025,0
24.796423196792603,0
24.796448707580566,0
24.79647707939148,0
24.798492431640625,0
24.79997706413269,0
24.800016164779663,0
24.801188230514526,0
24.80122327804565,0
24.80155086517334,0
24.80158019065857,0
24.806856393814087,0
24.806874990463257,0
24.80689311027527,0
24.808025598526,0
24.816068410873413,0
24.816313982009888,0
24.81762003898621,0
24.81782484054565,0
24.81785368919373,0
24.81941080093384,0
24.82183074951172,0
24.82433247566223,0
24.82459545135498,0
24.82461929321289,0
24.8249294757843,0
24.824970483779907,0
24.82498264312744,0
24.850656032562256,0
24.85068726539612,0
24.85072326660156,0
24.852025032043457,0
24.85208821296692,0
24.852105140686035,0
24.85219955444336,0
24.85311079025269,0
24.85312843322754,0
24.853209018707275,0
24.854464769363403,0
24.856041193008423,0
24.857097625732425,0
24.86059808731079,0
24.868953943252563,0
24.868979454040527,0
24.869313955307007,0
24.87962555885315,0
24.886306762695312,0
24.886351108551025,0
24.886399030685425,0
24.88644027709961,0
24.89110374450684,0
24.89129066467285,0
24.891308784484863,0
24.90921378135681,0
24.909247636795044,0
24.90929627418518,0
24.92157554626465,0
24.92161273956299,0
24.92165279388428,0
24.92449164390564,0
24.924535751342773,0
24.9295711517334,0
24.92960524559021,0
24.9296190738678,0
24.950207233428955,0
24.950430393218998,0
24.951547861099243,0
24.954233407974243,0
24.954267978668213,0
24.954285621643063,0
24.957514762878414,0
24.95758318901062,0
24.96359395980835,0
24.963600635528564,0
24.96363306045532,0
24.963640928268436,0
24.96529269218445,0
24.965323448181152,0
24.965394973754883,0
24.97316837310791,0
24.973199367523197,0
24.973211526870728,0
24.97399973869324,0
24.98809170722961,0
24.98812222480774,0
24.988134384155277,0
25.009621620178223,0
25.00965523719788,0
25.00968885421753,0
25.01722502708435,0
25.017257928848267,0
25.01727271080017,0
25.017289876937863,0
25.01993751525879,0
25.019941806793213,0
25.019975423812863,0
25.030834197998047,0
25.0308620929718,0
25.030908823013306,0
25.046876430511475,0
25.046878814697266,0
25.048437356948853,0
25.04849219322205,0
25.049564838409424,0
25.049567937850952,0
25.049625158309937,0
25.049669981002808,0
25.05026364326477,0
25.05028915405273,0
25.050350666046143,0
25.05160427093506,0
25.0518217086792,0
25.051854372024536,0
25.052513122558597,0
25.066843032836918,0
25.066876649856567,0
25.0669379234314,0
25.066957712173465,0
25.07075524330139,0
25.071120738983154,0
25.07119917869568,0
25.071219444274902,0
25.07202935218811,0
25.072290897369385,0
25.072320461273197,0
25.07694935798645,0
25.07698225975037,0
25.077056169509888,0
25.096036672592163,0
25.096069812774655,0
25.096414804458615,0
25.096625089645386,0
25.10819625854492,0
25.10821533203125,0
25.10830760002136,0
25.10856819152832,0
25.10858964920044,0
25.108689785003666,0
25.10881447792053,0
25.11909866333008,0
25.119129419326782,0
25.120031356811523,0
25.121137619018555,0
25.127150774002075,0
25.12723183631897,0
25.13186097145081,0
25.131887674331665,0
25.13192319869995,0
25.1450035572052,0
25.14515256881714,0
25.145440340042114,0
25.14546084403992,0
25.147454500198364,0
25.147475004196167,0
25.14748954772949,0
25.15031790733337,0
25.15119051933289,0
25.151219129562374,0
25.151262998580933,0
25.152984857559204,0
25.155712127685547,0
25.16864562034607,0
25.168665647506717,0
25.16868019104004,0
25.189154386520386,0
25.189184188842773,0
25.189589262008667,0
25.194228649139404,0
25.19426202774048,0
25.194294691085812,0
25.1957790851593,0
25.19580888748169,0
25.19667863845825,0
25.19742250442505,0
25.20685195922852,0
25.20913434028625,0
25.20916438102722,0
25.20922088623047,0
25.212185859680176,0
25.21254563331604,0
25.214497089385983,0
25.21461510658264,0
25.21693420410156,0
25.22666907310486,0
25.22893738746643,0
25.228965997695923,0
25.22897958755493,0
25.229021787643436,0
25.2290518283844,0
25.229081630706787,0
25.22911310195923,0
25.24132776260376,0
25.241366624832157,0
25.242529153823853,0
25.245853900909424,0
25.245905876159668,0
25.245917558670044,0
25.245927810668945,0
25.246849536895752,0
25.24687933921814,0
25.246957778930664,0
25.252278089523315,0
25.252310514450077,0
25.25253939628601,0
25.25664258003235,0
25.268999338150024,0
25.26903486251831,0
25.26904058456421,0
25.277000188827515,0
25.27703046798706,0
25.277076244354248,0
25.28816843032837,0
25.28820562362671,0
25.288222789764404,0
25.288241147994995,0
25.289708137512207,0
25.28984832763672,0
25.290438413619995,0
25.29141521453857,0
25.291448831558228,0
25.29324436187744,0
25.293277502059937,0
25.310380935668945,0
25.31041359901428,0
25.31045150756836,0
25.31624794006348,0
25.32536673545837,0
25.325395822525024,0
25.32540249824524,0
25.35083317756653,0
25.350865840911865,0
25.35099959373474,0
25.354064226150516,0
25.354241371154785,0
25.355570793151852,0
25.35560512542725,0
25.35580015182495,0
25.355811834335327,0
25.36000061035156,0
25.360057592391968,0
25.36083936691284,0
25.36087298393249,0
25.361697673797607,0
25.363407611846924,0
25.370580673217773,0
25.37110376358032,0
25.371166706085205,0
25.3735511302948,0
25.37377548217773,0
25.37379479408264,0
25.37398099899292,0
25.37622117996216,0
25.376241207122803,0
25.37712335586548,0
25.388766288757324,0
25.3887939453125,0
25.38880586624145,0
25.41124176979065,0
25.4112708568573,0
25.411284685134888,0
25.42825555801392,0
25.428324222564697,0
25.42893147468567,0
25.428963899612427,0
25.429015159606934,0
25.43048071861267,0
25.43055295944214,0
25.4325213432312,0
25.44353938102722,0
25.443570852279663,0
25.44361710548401,0
25.44363641738892,0
25.44482445716858,0
25.44483971595764,0
25.444855451583862,0
25.446388483047485,0
25.45064210891724,0
25.4506676197052,0
25.45067811012268,0
25.468507766723636,0
25.46894478797913,0
25.46897006034851,0
25.469247817993164,0
25.470483541488647,0
25.47075390815735,0
25.470779180526733,0
25.471481800079346,0
25.471482276916504,0
25.471494674682617,0
25.472254276275635,0
25.4722843170166,0
25.4722957611084,0
25.47233748435974,0
25.47360348701477,0
25.473634243011475,0
25.47369718551636,0
25.487638473510746,0
25.487690687179565,0
25.48771715164185,0
25.492337703704838,0
25.494250297546387,0
25.495265007019043,0
25.495301008224487,0
25.4965455532074,0
25.496549367904663,0
25.496944427490234,0
25.49697256088257,0
25.49698543548584,0
25.497679471969604,0
25.513793230056763,0
25.51381802558899,0
25.51382803916931,0
25.51383066177368,0
25.51709532737732,0
25.51712441444397,0
25.517136335372925,0
25.5370192527771,0
25.537055492401123,0
25.53708243370056,0
25.545408010482788,0
25.545446157455444,0
25.55043125152588,0
25.550585746765137,0
25.55293822288513,0
25.55331563949585,0
25.55712342262268,0
25.557153701782227,0
25.557169198989868,0
25.55718278884888,0
25.557835578918457,0
25.55804967880249,0
25.55902457237244,0
25.55954647064209,0
25.577263116836548,0
25.577329397201535,0
25.577353715896606,0
25.589503288269043,0
25.589603185653687,0
25.58967351913452,0
25.58972954750061,0
25.593117475509644,0
25.59317088127136,0
25.59322690963745,0
25.593388319015503,0
25.593491792678837,0
25.59496760368347,0
25.595044136047363,0
25.596004724502563,0
25.597559213638306,0
25.59757375717163,0
25.59759831428528,0
25.60144281387329,0
25.61768913269043,0
25.617733478546143,0
25.617753505706787,0
25.623560428619385,0
25.63778805732727,0
25.637834548950195,0
25.63785696029663,0
25.650055170059204,0
25.650102376937863,0
25.65024280548096,0
25.65027379989624,0
25.650570154190063,0
25.650639533996586,0
25.65070080757141,0
25.6508264541626,0
25.65734362602234,0
25.65742444992065,0
25.657676935195923,0
25.670541524887085,0
25.670589208602905,0
25.670610427856445,0
25.67063283920288,0
25.67586064338684,0
25.67588973045349,0
25.67611193656921,0
25.6778564453125,0
25.677898406982425,0
25.67795443534851,0
25.68128991127014,0
25.68151068687439,0
25.681655645370483,0
25.681686639785767,0
25.68814778327942,0
25.68844175338745,0
25.6885883808136,0
25.691975831985477,0
25.69679284095764,0
25.70198893547058,0
25.702030658721924,0
25.70250630378723,0
25.702566146850582,0
25.702581644058228,0
25.70943593978882,0
25.71096611022949,0
25.7111451625824,0
25.71690058708191,0
25.71692728996277,0
25.716954231262207,0
25.71953535079956,0
25.71954751014709,0
25.74875497817993,0
25.74879026412964,0
25.74882125854492,0
25.76341390609741,0
25.763447046279907,0
25.763502836227417,0
25.7635657787323,0
25.76908016204834,0
25.76940369606018,0
25.7694103717804,0
25.770038604736328,0
25.77126717567444,0
25.771578788757324,0
25.77160668373108,0
25.77708411216736,0
25.791890382766724,0
25.79192590713501,0
25.791940689086918,0
25.796130657196045,0
25.808974504470825,0
25.808974981307983,0
25.80930233001709,0
25.827129125595093,0
25.82715392112732,0
25.8272078037262,0
25.831475734710693,0
25.84001111984253,0
25.84004211425781,0
25.8400559425354,0
25.840067625045776,0
25.84007954597473,0
25.840091228485107,0
25.84009313583374,0
25.84010624885559,0
25.840108633041385,0
25.845425128936768,0
25.84739398956299,0
25.8525664806366,0
25.85260272026062,0
25.853494882583615,0
25.86245560646057,0
25.87318086624145,0
25.873210191726685,0
25.873213291168213,0
25.88253688812256,0
25.88254857063293,0
25.88256001472473,0
25.88257145881653,0
25.889662742614743,0
25.889721393585205,0
25.889740467071533,0
25.88978719711304,0
25.889869451522827,0
25.8899245262146,0
25.890339612960812,0
25.910789489746094,0
25.910928964614868,0
25.910996675491333,0
25.918594121932983,0
25.918617963790894,0
25.929961681365967,0
25.930015325546265,0
25.93003535270691,0
25.94718170166016,0
25.947205305099487,0
25.94925618171692,0
25.949298620224,0
25.949326753616333,0
25.9494366645813,0
25.951661348342896,0
25.95169878005981,0
25.951716661453247,0
25.951733589172363,0
25.95175576210022,0
25.951764822006226,0
25.953555583953857,0
25.958658456802368,0
25.958871364593502,0
25.96934199333191,0
25.96938753128052,0
25.96940565109253,0
25.974520444869995,0
25.97458553314209,0
25.97461032867432,0
25.97461581230164,0
25.97644805908203,0
25.97776699066162,0
25.97779083251953,0
25.97795963287353,0
25.977967739105225,0
25.97994065284729,0
25.981863021850582,0
25.98343801498413,0
25.99153995513916,0
25.99876546859741,0
25.99890923500061,0
25.998932123184204,0
25.998998403549194,0
25.999118089675903,0
25.99915742874145,0
25.999213457107544,0
26.00014925003052,0
26.00021767616272,0
26.001399040222168,0
26.001405239105225,0
26.00953412055969,0
26.009587049484253,0
26.009912729263306,0
26.019073009490967,0
26.02842783927917,0
26.02845573425293,0
26.02846956253052,0
26.04755139350891,0
26.047569274902344,0
26.04757714271545,0
26.05220127105713,0
26.053141355514526,0
26.053167819976807,0
26.053262948989868,0
26.054381608963013,0
26.054401636123657,0
26.054904222488403,0
26.055800199508667,0
26.057663679122925,0
26.05922794342041,0
26.067237615585327,0
26.06725096702576,0
26.06733250617981,0
26.08514380455017,0
26.08532953262329,0
26.08535408973694,0
26.085363388061523,0
26.08537793159485,0
26.085388660430908,0
26.08539128303528,0
26.08672046661377,0
26.086796283721924,0
26.08702087402344,0
26.087045669555664,0
26.087056159973145,0
26.10026216506958,0
26.10030698776245,0
26.101045846939087,0
26.104392528533936,0
26.104394912719727,0
26.10682320594788,0
26.106847763061523,0
26.10725426673889,0
26.118348598480225,0
26.118360996246334,0
26.11837244033813,0
26.11841869354248,0
26.1208655834198,0
26.120882987976078,0
26.12111020088196,0
26.125855445861816,0
26.125893115997314,0
26.12589406967163,0
26.14455819129944,0
26.144583463668823,0
26.14460110664368,0
26.14463496208191,0
26.145766496658325,0
26.14580106735229,0
26.14581322669983,0
26.15106225013733,0
26.151198148727417,0
26.15122008323669,0
26.151237964630127,0
26.163403511047363,0
26.16366147994995,0
26.16372776031494,0
26.164082527160645,0
26.16411757469177,0
26.164213180541992,0
26.164222955703732,0
26.16493034362793,0
26.164957284927368,0
26.165023803710938,0
26.177037954330444,0
26.177074432373047,0
26.17716383934021,0
26.186228275299072,0
26.18779706954956,0
26.190518379211422,0
26.190566778182983,0
26.19243359565735,0
26.192457914352417,0
26.19324111938477,0
26.202890157699585,0
26.202911853790283,0
26.203054666519165,0
26.20307803153992,0
26.20449662208557,0
26.20451283454895,0
26.20452857017517,0
26.209650993347168,0
26.2102313041687,0
26.21063256263733,0
26.21182322502136,0
26.22385001182556,0
26.22388339042664,0
26.223928689956665,0
26.23429584503174,0
26.2438702583313,0
26.24389696121216,0
26.24393582344055,0
26.25658249855041,0
26.25659394264221,0
26.25659489631653,0
26.256609201431274,0
26.259546279907227,0
26.259549856185917,0
26.25955057144165,0
26.26285719871521,0
26.262882947921756,0
26.26289415359497,0
26.27491927146912,0
26.282344818115234,0
26.282374143600464,0
26.282426357269287,0
26.3021080493927,0
26.302611112594604,0
26.302638292312626,0
26.311702966690063,0
26.311739921569824,0
26.3117516040802,0
26.311811208724976,0
26.314434051513672,0
26.3144633769989,0
26.314509630203247,0
26.315483331680294,0
26.315518617630005,0
26.318729639053345,0
26.31876516342163,0
26.32154679298401,0
26.32156729698181,0
26.321574211120605,0
26.325506687164307,0
26.327269792556763,0
26.34681749343872,0
26.347579956054688,0
26.34760856628418,0
26.34762167930603,0
26.35136365890503,0
26.351373195648197,0
26.352670907974243,0
26.352704524993896,0
26.3532612323761,0
26.35329413414001,0
26.35648274421692,0
26.35678243637085,0
26.356814861297607,0
26.359783172607425,0
26.35981249809265,0
26.35981822013855,0
26.359834909439087,0
26.361783504486084,0
26.36180686950684,0
26.361817598342896,0
26.367954969406128,0
26.36805391311645,0
26.36805939674377,0
26.37445068359375,0
26.388641834259037,0
26.38866424560547,0
26.38870072364807,0
26.397039890289307,0
26.397077083587646,0
26.397108554840088,0
26.42821311950684,0
26.4286744594574,0
26.42925477027893,0
26.429283380508423,0
26.43315601348877,0
26.43318486213684,0
26.43418955802917,0
26.43561339378357,0
26.435744524002075,0
26.438114881515503,0
26.438496351242065,0
26.438670873641968,0
26.439743041992188,0
26.439768075942997,0
26.439820289611816,0
26.44311833381653,0
26.452433824539185,0
26.452462911605835,0
26.452526092529297,0
26.453956127166748,0
26.464845418930054,0
26.464845657348636,0
26.46488785743713,0
26.483980417251587,0
26.48401117324829,0
26.484103202819824,0
26.48410987854004,0
26.485910654067997,0
26.4859356880188,0
26.48595118522644,0
26.487410306930546,0
26.487440586090088,0
26.48749327659607,0
26.50758457183838,0
26.507612228393555,0
26.50766086578369,0
26.52485966682434,0
26.52488732337952,0
26.524903059005737,0
26.52587866783142,0
26.52835512161255,0
26.52838158607483,0
26.534427642822266,0
26.534481048583984,0
26.53541254997253,0
26.54623794555664,0
26.54623818397522,0
26.54627799987793,0
26.55763053894043,0
26.55765008926392,0
26.559136390686035,0
26.55914688110352,0
26.559157133102417,0
26.55916738510132,0
26.57042145729065,0
26.570472478866577,0
26.5705144405365,0
26.58055949211121,0
26.580568313598636,0
26.58063292503357,0
26.583770990371704,0
26.593286275863647,0
26.593318462371823,0
26.593377351760864,0
26.604172706604004,0
26.60473680496216,0
26.604771375656128,0
26.605112075805664,0
26.612366914749146,0
26.612391471862797,0
26.61240863800049,0
26.613072156906128,0
26.613091468811035,0
26.613102436065677,0
26.61311435699463,0
26.613174200057983,0
26.61321496963501,0
26.61324524879456,0
26.61329340934753,0
26.623464584350582,0
26.623491525650024,0
26.62350606918335,0
26.62384366989136,0
26.630741357803345,0
26.63076853752136,0
26.630821466445923,0
26.63592338562012,0
26.63593459129333,0
26.63594484329224,0
26.63684105873108,0
26.64566373825073,0
26.64569401741028,0
26.645745515823364,0
26.657328844070435,0
26.657358169555664,0
26.657367944717407,0
26.667807579040527,0
26.66783213615417,0
26.667844772338867,0
26.670591831207275,0
26.67448353767395,0
26.67465567588806,0
26.67467784881592,0
26.67470955848694,0
26.68582510948181,0
26.68582892417908,0
26.685848474502563,0
26.685853719711304,0
26.68660378456116,0
26.6866397857666,0
26.689490795135494,0
26.6913058757782,0
26.69164037704468,0
26.691678285598755,0
26.69229006767273,0
26.692742347717285,0
26.69498300552368,0
26.70514965057373,0
26.705178260803223,0
26.70525550842285,0
26.724897384643555,0
26.724923133850098,0
26.72495436668396,0
26.72592806816101,0
26.72600793838501,0
26.727223873138428,0
26.72724747657776,0
26.728973388671875,0
26.728996753692627,0
26.729098558425903,0
26.7291111946106,0
26.729114532470703,0
26.74373340606689,0
26.74534249305725,0
26.745600938797,0
26.745627641677856,0
26.745638132095337,0
26.74616312980652,0
26.757933616638184,0
26.75796222686768,0
26.75806927680969,0
26.75808477401733,0
26.761049270629883,0
26.761069297790527,0
26.76108956336975,0
26.76734066009521,0
26.76736831665039,0
26.76737904548645,0
26.78099226951599,0
26.78697514533997,0
26.79084634780884,0
26.79087734222412,0
26.79088234901428,0
26.79595351219177,0
26.79601001739502,0
26.798009872436523,0
26.79807949066162,0
26.810997247695923,0
26.811707019805908,0
26.811866998672485,0
26.827924013137817,0
26.82928037643433,0
26.829280614852905,0
26.8293194770813,0
26.83085799217224,0
26.83087658882141,0
26.83088111877441,0
26.830890655517575,0
26.832947731018063,0
26.83299279212952,0
26.83364224433899,0
26.839936017990112,0
26.8399760723114,0
26.839986085891724,0
26.839995861053467,0
26.84099054336548,0
26.841116666793823,0
26.84114170074463,0
26.842875719070435,0
26.84742760658264,0
26.847431421279907,0
26.84746789932251,0
26.857154369354248,0
26.85719060897827,0
26.857497692108154,0
26.860475540161133,0
26.862840175628666,0
26.862976551055908,0
26.862995862960812,0
26.86299991607666,0
26.86307263374329,0
26.863126516342163,0
26.876899480819706,0
26.8771231174469,0
26.883445262908936,0
26.883769750595093,0
26.89180994033813,0
26.891840934753414,0
26.89185667037964,0
26.902522802352905,0
26.90725541114807,0
26.907394647598267,0
26.91107654571533,0
26.911125421524048,0
26.91899991035461,0
26.919013261795044,0
26.91917371749878,0
26.919193029403687,0
26.91920590400696,0
26.919219493865967,0
26.91925382614136,0
26.93009328842163,0
26.930121660232544,0
26.930173873901367,0
26.94732093811035,0
26.94735026359558,0
26.947365283966064,0
26.952966451644897,0
26.969622373580933,0
26.96966314315796,0
26.969672203063965,0
26.988628149032596,0
26.98865938186645,0
26.98867177963257,0
26.9948091506958,0
26.994825839996334,0
26.995054006576535,0
26.99506545066833,0
26.996771574020386,0
26.99725222587585,0
26.9973087310791,0
26.99922180175781,0
26.999253511428837,0
27.0011088848114,0
27.001169681549072,0
27.0018630027771,0
27.00854539871216,0
27.01433205604553,0
27.014366149902344,0
27.01438283920288,0
27.014464139938354,0
27.01450204849243,0
27.0145320892334,0
27.02548146247864,0
27.025514364242557,0
27.025594234466556,0
27.05074524879456,0
27.05079746246338,0
27.050851583480835,0
27.05111265182495,0
27.051898956298828,0
27.05192708969116,0
27.057724952697757,0
27.06905150413513,0
27.06908345222473,0
27.06913733482361,0
27.07446932792664,0
27.0744903087616,0
27.074904680252075,0
27.074925422668457,0
27.07659125328064,0
27.07661008834839,0
27.076778411865234,0
27.076797008514404,0
27.090888500213623,0
27.090921878814697,0
27.090965509414676,0
27.109238862991333,0
27.109270811080933,0
27.10936403274536,0
27.112039804458615,0
27.11207866668701,0
27.113139152526852,0
27.113196849823,0
27.11970043182373,0
27.119812488555908,0
27.11983275413513,0
27.120440244674683,0
27.120678901672363,0
27.122854471206665,0
27.122857570648197,0
27.13328695297241,0
27.13429856300354,0
27.13436508178711,0
27.134402751922607,0
27.136847496032715,0
27.136873960494995,0
27.136967182159424,0
27.14008641242981,0
27.14013624191284,0
27.14266347885132,0
27.142693519592285,0
27.15698528289795,0
27.15701985359192,0
27.15710949897766,0
27.16201090812683,0
27.162033081054688,0
27.1621618270874,0
27.16282868385315,0
27.16392827033997,0
27.1639506816864,0
27.16473746299744,0
27.165675401687626,0
27.17746591567993,0
27.17747449874878,0
27.17751169204712,0
27.194525957107544,0
27.194567680358887,0
27.194877862930294,0
27.19491696357727,0
27.196759462356567,0
27.196808576583862,0
27.19697999954224,0
27.19705820083618,0
27.19710183143616,0
27.197155952453613,0
27.199248552322388,0
27.199621438980103,0
27.201139211654663,0
27.201231718063354,0
27.20243215560913,0
27.216039419174194,0
27.21722841262817,0
27.217273235321045,0
27.217346906661987,0
27.237897157669067,0
27.23797845840454,0
27.2382390499115,0
27.24141311645508,0
27.241679906845093,0
27.24200391769409,0
27.24227523803711,0
27.24378871917725,0
27.243823289871216,0
27.243874549865723,0
27.25719809532165,0
27.25728487968445,0
27.25738859176636,0
27.26261687278748,0
27.266863107681274,0
27.27743029594421,0
27.27747106552124,0
27.277588605880737,0
27.293200731277462,0
27.299320936203003,0
27.29935431480408,0
27.29940414428711,0
27.300379037857056,0
27.300397634506226,0
27.30046439170837,0
27.300514698028564,0
27.302196264266968,0
27.302307844161987,0
27.302364826202396,0
27.30364179611206,0
27.3037326335907,0
27.304901123046875,0
27.304930925369263,0
27.317344903945923,0
27.31738924980164,0
27.317458629608154,0
27.319663047790527,0
27.319878578186035,0
27.32017827033997,0
27.320502519607544,0
27.32160472869873,0
27.321722745895386,0
27.32175040245056,0
27.33779740333557,0
27.337889909744263,0
27.33797264099121,0
27.34186315536499,0
27.346786737442017,0
27.347028732299805,0
27.351758003234863,0
27.35182499885559,0
27.35184645652771,0
27.35190796852112,0
27.36277747154236,0
27.363712310791016,0
27.363881587982178,0
27.36514568328857,0
27.3665452003479,0
27.367632150650024,0
27.374778985977173,0
27.37483859062195,0
27.375452041625977,0
27.38744425773621,0
27.38745617866516,0
27.38948917388916,0
27.389530897140503,0
27.389550924301147,0
27.39046430587769,0
27.39049816131592,0
27.391229391098022,0
27.3920578956604,0
27.39303684234619,0
27.393892526626587,0
27.39391565322876,0
27.3943510055542,0
27.394401788711548,0
27.40705347061157,0
27.407090425491333,0
27.40712189674377,0
27.430206537246704,0
27.43025803565979,0
27.430270195007324,0
27.43617606163025,0
27.45033025741577,0
27.450359344482425,0
27.45040249824524,0
27.46565103530884,0
27.46568369865417,0
27.465699911117557,0
27.46620750427246,0
27.468539714813232,0
27.46855902671814,0
27.46857714653015,0
27.470069646835327,0
27.473116397857662,0
27.47314405441284,0
27.47321557998657,0
27.489941596984863,0
27.489962339401245,0
27.489977836608887,0
27.492505073547363,0
27.495211839675903,0
27.495229244232178,0
27.4952404499054,0
27.49744772911072,0
27.49746370315552,0
27.497465133666992,0
27.497610330581665,0
27.4995436668396,0
27.50171732902527,0
27.501726865768436,0
27.50395154953003,0
27.50659155845642,0
27.50845623016357,0
27.5084924697876,0
27.50850892066956,0
27.51563811302185,0
27.528801202774048,0
27.52885127067566,0
27.528868198394772,0
27.54336714744568,0
27.543384075164795,0
27.544902563095093,0
27.5449378490448,0
27.544954538345337,0
27.54496932029724,0
27.54846429824829,0
27.54849410057068,0
27.54851484298706,0
27.55198621749878,0
27.552016258239743,0
27.55203628540039,0
27.55811190605164,0
27.558119773864743,0
27.558220386505127,0
27.558242082595825,0
27.560946702957157,0
27.560981512069706,0
27.56126618385315,0
27.569143056869507,0
27.569172620773315,0
27.5698561668396,0
27.57546830177307,0
27.57769274711609,0
27.577693223953247,0
27.597053050994877,0
27.59709143638611,0
27.5971360206604,0
27.6038830280304,0
27.60390400886536,0
27.60393500328064,0
27.603965759277344,0
27.60760927200317,0
27.60763168334961,0
27.60774397850037,0
27.60990619659424,0
27.60995960235596,0
27.61720871925354,0
27.61723256111145,0
27.617549896240234,0
27.617597818374637,0
27.617640495300293,0
27.61952567100525,0
27.63630533218384,0
27.63717126846313,0
27.63722252845764,0
27.63770341873169,0
27.637726545333862,0
27.637731790542603,0
27.637743949890137,0
27.640013217926025,0
27.640032291412357,0
27.640356302261356,0
27.657293558120728,0
27.65730571746826,0
27.6573748588562,0
27.67551326751709,0
27.67708468437195,0
27.677257299423218,0
27.67740559577942,0
27.677430629730225,0
27.68854022026062,0
27.699050664901733,0
27.69924116134644,0
27.69926762580872,0
27.70646452903748,0
27.706738233566284,0
27.7068989276886,0
27.707127809524536,0
27.70996856689453,0
27.71006679534912,0
27.710102319717407,0
27.71252202987671,0
27.71270036697388,0
27.71346354484558,0
27.713491439819336,0
27.716917753219604,0
27.71695113182068,0
27.717007875442505,0
27.720283031463623,0
27.736953258514404,0
27.736988067626957,0
27.73700261116028,0
27.742369174957275,0
27.74240779876709,0
27.743227005004883,0
27.743582487106323,0
27.743611574172974,0
27.74362635612488,0
27.745824813842773,0
27.74585461616516,0
27.745923280715942,0
27.752520084381104,0
27.75721406936645,0
27.75726795196533,0
27.75728988647461,0
27.777711868286133,0
27.77775931358337,0
27.777971267700195,0
27.797796964645386,0
27.79782462120056,0
27.79789900779724,0
27.797962188720703,0
27.800598859786987,0
27.800639152526852,0
27.800657987594604,0
27.80282497406006,0
27.80286264419556,0
27.80300354957581,0
27.80538654327393,0
27.8054141998291,0
27.805423259735107,0
27.80543684959412,0
27.80722284317017,0
27.80726432800293,0
27.807434558868408,0
27.808112621307373,0
27.808152198791504,0
27.8120551109314,0
27.812159776687626,0
27.81963872909546,0
27.81968903541565,0
27.819712162017822,0
27.82124757766724,0
27.837400197982788,0
27.83740186691284,0
27.83744740486145,0
27.83746647834778,0
27.83764958381653,0
27.83783459663391,0
27.83804607391357,0
27.84078049659729,0
27.84295868873596,0
27.843670129776,0
27.843705415725708,0
27.84379839897156,0
27.854665756225582,0
27.872374773025516,0
27.872462511062626,0
27.87265658378601,0
27.89244031906128,0
27.892476081848145,0
27.89642333984375,0
27.896547079086304,0
27.89656972885132,0
27.896583795547485,0
27.89663863182068,0
27.89673066139221,0
27.89674663543701,0
27.896790981292725,0
27.89686799049377,0
27.90690803527832,0
27.907062530517575,0
27.907514572143555,0
27.90761661529541,0
27.90763831138611,0
27.909923315048218,0
27.909936904907227,0
27.9109468460083,0
27.923868656158447,0
27.923884630203247,0
27.92408132553101,0
27.92412543296814,0
27.92416286468506,0
27.924201011657715,0
27.924307346343998,0
27.92434239387512,0
27.92437529563904,0
27.930531978607178,0
27.930558443069454,0
27.93060111999512,0
27.948335886001587,0
27.94836950302124,0
27.948383569717407,0
27.971184015274048,0
27.97122025489807,0
27.97127628326416,0
27.99125981330872,0
27.99129343032837,0
27.991310119628903,0
28.008341789245605,0
28.01272964477539,0
28.012799978256226,0
28.014103174209595,0
28.01424050331116,0
28.015421867370605,0
28.015453338623047,0
28.016982316970825,0
28.01876139640808,0
28.018770694732662,0
28.01877498626709,0
28.01878571510315,0
28.01879072189331,0
28.028475522994995,0
28.028505086898804,0
28.02854466438293,0
28.03898763656616,0
28.03900384902954,0
28.03971099853516,0
28.042792320251465,0
28.042856216430664,0
28.04287028312683,0
28.042882204055783,0
28.044190645217896,0
28.044214010238647,0
28.044219732284542,0
28.046849966049194,0
28.046954870224,0
28.047035455703732,0
28.048536777496334,0
28.048561573028564,0
28.048566818237305,0
28.048614263534542,0
28.05045199394226,0
28.05053448677063,0
28.050552129745483,0
28.063969612121586,0
28.066240787506104,0
28.066264152526852,0
28.066274166107178,0
28.069993019104004,0
28.07041072845459,0
28.07150888442993,0
28.07179570198059,0
28.0722599029541,0
28.07230114936829,0
28.072572469711304,0
28.07745599746704,0
28.07751202583313,0
28.07756018638611,0
28.107027292251587,0
28.107056617736816,0
28.10971546173096,0
28.109756231307983,0
28.109854221343998,0
28.110599994659424,0
28.110612392425537,0
28.110623598098755,0
28.112987279891968,0
28.11304783821106,0
28.121690273284912,0
28.121702671051025,0
28.121713161468502,0
28.12174415588379,0
28.12356328964233,0
28.123575925827023,0
28.12358903884888,0
28.12547874450684,0
28.125494480133057,0
28.125503063201904,0
28.14526891708374,0
28.145294666290283,0
28.14535093307495,0
28.15127897262573,0
28.154772996902462,0
28.15562844276428,0
28.159348249435425,0
28.159374237060547,0
28.15946912765503,0
28.159485578536987,0
28.1633038520813,0
28.16346001625061,0
28.163787841796875,0
28.167909383773804,0
28.167938232421875,0
28.167951107025143,0
28.18721628189087,0
28.18726921081543,0
28.18734574317932,0
28.19853043556213,0
28.198715209960938,0
28.208829164505005,0
28.20885729789734,0
28.20891904830933,0
28.222513675689697,0
28.22256302833557,0
28.222580671310425,0
28.22661805152893,0
28.23721051216125,0
28.23731756210327,0
28.237332344055176,0
28.246546983718872,0
28.247100591659542,0
28.247122526168823,0
28.251781225204468,0
28.25189685821533,0
28.25191330909729,0
28.251925945281982,0
28.254748106002808,0
28.254860401153564,0
28.254876136779785,0
28.25606083869934,0
28.26269555091858,0
28.26361441612244,0
28.2671115398407,0
28.26713895797729,0
28.26718831062317,0
28.27656888961792,0
28.276668548583984,0
28.27668023109436,0
28.276684045791622,0
28.285298347473145,0
28.285325050354004,0
28.285337686538696,0
28.305426836013797,0
28.30545473098755,0
28.30548429489136,0
28.308979749679565,0
28.30900716781616,0
28.30902075767517,0
28.310543537139893,0
28.31054377555847,0
28.31055903434753,0
28.3106062412262,0
28.312053203582764,0
28.312055587768555,0
28.31215214729309,0
28.312671184539795,0
28.312694311141968,0
28.32299017906189,0
28.323002815246586,0
28.323188543319706,0
28.325544357299805,0
28.325568675994877,0
28.325823545455933,0
28.336954832077023,0
28.336987495422363,0
28.33702802658081,0
28.346312999725345,0
28.346544981002808,0
28.347908973693848,0
28.34808921813965,0
28.348106384277344,0
28.34816718101501,0
28.350833415985107,0
28.350886583328247,0
28.351349592208862,0
28.351630687713623,0
28.362244129180908,0
28.362271785736084,0
28.362313270568848,0
28.36232900619507,0
28.36432290077209,0
28.364636421203613,0
28.36510372161865,0
28.36582040786743,0
28.36767339706421,0
28.367701530456543,0
28.36771535873413,0
28.36818122863769,0
28.388702869415283,0
28.38908791542053,0
28.38911724090576,0
28.399659395217896,0
28.399889707565308,0
28.402118921279907,0
28.402267456054688,0
28.402926683425903,0
28.413325548172,0
28.41336154937744,0
28.413375854492188,0
28.421552896499637,0
28.42157459259033,0
28.421590328216556,0
28.421606063842773,0
28.424144983291622,0
28.42415928840637,0
28.42417526245117,0
28.44232392311096,0
28.442349672317505,0
28.44239592552185,0
28.451175928115845,0
28.4512038230896,0
28.45124244689941,0
28.462077379226685,0
28.46470808982849,0
28.46473717689514,0
28.464770793914795,0
28.475512981414795,0
28.475526809692383,0
28.475537061691284,0
28.475547790527344,0
28.485260009765625,0
28.485285997390747,0
28.48529577255249,0
28.506067991256717,0
28.50609564781189,0
28.506283283233643,0
28.50757622718811,0
28.507607221603397,0
28.5092568397522,0
28.511144399642944,0
28.529769897460938,0
28.529799699783325,0
28.530055046081543,0
28.530068397521973,0
28.531217336654663,0
28.53143119812012,0
28.531596422195435,0
28.531618118286133,0
28.54535388946533,0
28.545385122299194,0
28.545398712158203,0
28.55294442176819,0
28.552997827529907,0
28.554001092910767,0
28.554154634475708,0
28.554178476333615,0
28.55424213409424,0
28.555513620376587,0
28.555599451065063,0
28.555617332458496,0
28.556862115859985,0
28.55694890022278,0
28.55696272850037,0
28.556974172592163,0
28.557602643966675,0
28.55799150466919,0
28.55807113647461,0
28.560353994369507,0
28.56596541404724,0
28.56598162651062,0
28.566020488739014,0
28.56603574752808,0
28.566814661026,0
28.566840887069706,0
28.56685209274292,0
28.576865673065186,0
28.57689380645752,0
28.57707500457764,0
28.58411765098572,0
28.58438491821289,0
28.58568334579468,0
28.585729360580444,0
28.588279724121094,0
28.59942388534546,0
28.59946084022522,0
28.601266860961918,0
28.601447582244877,0
28.602314949035645,0
28.610846996307373,0
28.610885620117188,0
28.610902070999146,0
28.63323664665222,0
28.633273601531982,0
28.63390302658081,0
28.64886355400085,0
28.648890733718872,0
28.648930072784424,0
28.648963928222656,0
28.64990901947021,0
28.64992046356201,0
28.650946855545044,0
28.65446925163269,0
28.65561056137085,0
28.65563464164734,0
28.655662775039676,0
28.66468906402588,0
28.664721727371216,0
28.66473603248596,0
28.68488097190857,0
28.68489646911621,0
28.684985399246216,0
28.684999465942383,0
28.68659782409668,0
28.686631202697757,0
28.687495231628414,0
28.687511682510376,0
28.68757438659668,0
28.6891508102417,0
28.68915963172913,0
28.691251039505005,0
28.691267251968384,0
28.69599223136902,0
28.70454788208008,0
28.704548120498657,0
28.70471334457397,0
28.724817991256717,0
28.724831342697144,0
28.726121425628666,0
28.727562189102173,0
28.72801375389099,0
28.72803831100464,0
28.728050470352173,0
28.728132247924805,0
28.72851061820984,0
28.72905302047729,0
28.72906470298767,0
28.729081630706787,0
28.745303630828857,0
28.745332717895508,0
28.74538326263428,0
28.753600120544437,0
28.767058610916138,0
28.76709198951721,0
28.76713895797729,0
28.783480644226078,0
28.783500909805294,0
28.783771514892575,0
28.78386068344116,0
28.78882837295532,0
28.78884434700012,0
28.790314435958862,0
28.7907292842865,0
28.790757417678837,0
28.790838479995728,0
28.79529047012329,0
28.795305728912357,0
28.795344591140747,0
28.79538464546204,0
28.80024600028992,0
28.800268411636356,0
28.80027866363525,0
28.800899505615234,0
28.800946712493896,0
28.80250883102417,0
28.80257248878479,0
28.808377981185917,0
28.808406352996823,0
28.8084180355072,0
28.813854932785038,0
28.81741428375244,0
28.817458152771,0
28.81759095191956,0
28.837695121765137,0
28.837706327438354,0
28.837717294692997,0
28.843145608901978,0
28.843472003936768,0
28.843647003173828,0
28.843794345855716,0
28.845924139022827,0
28.84595513343811,0
28.846227645874023,0
28.8553147315979,0
28.864717721939087,0
28.86474347114563,0
28.86474370956421,0
28.878750801086422,0
28.879630088806152,0
28.880810737609863,0
28.88089942932129,0
28.881734132766724,0
28.881758451461792,0
28.882285118103027,0
28.882601737976078,0
28.88603091239929,0
28.88605785369873,0
28.88618206977844,0
28.900945901870728,0
28.900990962982178,0
28.90100598335266,0
28.90156602859497,0
28.90161180496216,0
28.904769897460938,0
28.904797554016117,0
28.904808282852173,0
28.921290636062626,0
28.924216270446777,0
28.924701690673828,0
28.924731492996216,0
28.925231218338013,0
28.92540717124939,0
28.94446325302124,0
28.944490909576416,0
28.94455027580261,0
28.947283029556274,0
28.94731855392456,0
28.94738793373108,0
28.94741892814636,0
28.949612379074097,0
28.949625730514526,0
28.950199127197266,0
28.95070743560791,0
28.95219039916992,0
28.95490598678589,0
28.96560931205749,0
28.96563744544983,0
28.965798139572144,0
28.987300157547,0
28.98733282089233,0
28.98734879493713,0
28.987386226654053,0
28.98937678337097,0
28.989485263824463,0
28.98949146270752,0
28.99035120010376,0
28.990476369857788,0
28.99049472808838,0
28.990511178970337,0
28.99056100845337,0
28.99453330039978,0
28.99459719657898,0
28.99541711807251,0
29.009127378463745,0
29.00952100753784,0
29.009549379348755,0
29.027107000350952,0
29.028119325637817,0
29.028152465820312,0
29.02820944786072,0
29.028226613998413,0
29.02824378013611,0
29.028260231018063,0
29.02835583686829,0
29.02837872505188,0
29.02839946746826,0
29.02846121788025,0
29.03052425384521,0
29.030617237091064,0
29.03063440322876,0
29.0377209186554,0
29.037742376327515,0
29.037760019302368,0
29.04043483734131,0
29.061554431915283,0
29.06157851219177,0
29.061607360839844,0
29.06242609024048,0
29.062683582305908,0
29.062965393066406,0
29.074162244796756,0
29.074177026748657,0
29.074190855026245,0
29.07420015335083,0
29.076512098312374,0
29.07657074928284,0
29.07658839225769,0
29.077566862106323,0
29.078606843948364,0
29.08439874649048,0
29.08441710472107,0
29.08501100540161,0
29.085055589675903,0
29.08506941795349,0
29.085819959640503,0
29.086114168167114,0
29.109376192092896,0
29.109441995620728,0
29.109488248825077,0
29.11444854736328,0
29.11450839042664,0
29.114545106887817,0
29.114580392837524,0
29.114609718322757,0
29.11463713645935,0
29.114670991897583,0
29.11469864845276,0
29.12483525276184,0
29.12485980987549,0
29.12486982345581,0
29.14527130126953,0
29.145317316055294,0
29.14533257484436,0
29.15476417541504,0
29.15843963623047,0
29.158487796783447,0
29.162615299224854,0
29.16261959075928,0
29.162632703781128,0
29.16281652450561,0
29.16726875305176,0
29.167282581329346,0
29.167295932769772,0
29.167683362960812,0
29.16771364212036,0
29.167728900909424,0
29.18779492378235,0
29.187821865081787,0
29.18783450126648,0
29.194485425949097,0
29.19910168647766,0
29.199132204055783,0
29.20018768310547,0
29.20021963119507,0
29.202879667282104,0
29.20289421081543,0
29.202960729599,0
29.20407795906067,0
29.20409321784973,0
29.20540452003479,0
29.20540714263916,0
29.207220315933228,0
29.207244873046875,0
29.207255363464355,0
29.20798635482788,0
29.21306133270264,0
29.22817850112915,0
29.22822141647339,0
29.228366136550903,0
29.244834899902344,0
29.2466402053833,0
29.24707293510437,0
29.247875690460205,0
29.24792075157165,0
29.247923135757446,0
29.24793553352356,0
29.25093722343445,0
29.250961780548096,0
29.25096607208252,0
29.254708766937256,0
29.25471901893616,0
29.254728078842163,0
29.25513291358948,0
29.255151748657227,0
29.255156755447388,0
29.25517177581787,0
29.256765842437744,0
29.265791654586792,0
29.26581740379333,0
29.265847206115723,0
29.2779278755188,0
29.27795958518982,0
29.277970552444454,0
29.27992153167725,0
29.279943227767944,0
29.280083656311035,0
29.28010392189026,0
29.284910917282104,0
29.28492307662964,0
29.284955739974976,0
29.29706311225891,0
29.29775285720825,0
29.29782605171204,0
29.29786372184753,0
29.29844617843628,0
29.300188064575195,0
29.30022144317627,0
29.316972732543945,0
29.317019939422607,0
29.317030429840088,0
29.3204882144928,0
29.321899890899655,0
29.33685541152954,0
29.336885929107662,0
29.33692240715027,0
29.35025978088379,0
29.35382962226868,0
29.35391640663147,0
29.355130910873413,0
29.35514187812805,0
29.355146646499637,0
29.355152130126957,0
29.35772132873535,0
29.357754945755005,0
29.357792615890503,0
29.359387397766117,0
29.3598895072937,0
29.359919786453247,0
29.36054801940918,0
29.361570596694943,0
29.37491536140442,0
29.37810516357422,0
29.37818455696106,0
29.37822389602661,0
29.397189378738403,0
29.397236108779907,0
29.39725422859192,0
29.41506600379944,0
29.415118932724,0
29.41518759727478,0
29.415250539779663,0
29.418026447296143,0
29.41802740097046,0
29.418087005615234,0
29.41908597946167,0
29.41919159889221,0
29.41932582855225,0
29.421433687210083,0
29.42147135734558,0
29.42352557182312,0
29.427345514297485,0
29.427522897720337,0
29.42754483222961,0
29.438162803649902,0
29.438201665878296,0
29.43826651573181,0
29.43889212608337,0
29.45692443847656,0
29.45695209503174,0
29.456963062286377,0
29.461568355560303,0
29.4615740776062,0
29.461941957473755,0
29.462087631225582,0
29.46362853050232,0
29.464032649993896,0
29.464818954467773,0
29.46488332748413,0
29.47703504562378,0
29.47707200050354,0
29.47709012031555,0
29.48131465911865,0
29.4830219745636,0
29.48304414749145,0
29.483094930648804,0
29.484793424606323,0
29.48479676246643,0
29.484845399856567,0
29.49743103981018,0
29.49749445915222,0
29.49751710891724,0
29.50752139091492,0
29.507543325424194,0
29.509275913238525,0
29.50929999351501,0
29.511892795562744,0
29.51193857192993,0
29.512038946151733,0
29.51205992698669,0
29.513732194900516,0
29.51373672485352,0
29.513846397399902,0
29.5170476436615,0
29.517088890075684,0
29.51717519760132,0
29.53740739822388,0
29.53744745254517,0
29.53746652603149,0
29.552302360534668,0
29.56475782394409,0
29.565290451049805,0
29.566776990890503,0
29.56681489944458,0
29.56694531440735,0
29.56696939468384,0
29.571406602859497,0
29.57146525382996,0
29.57304835319519,0
29.575103759765625,0
29.57513976097107,0
29.57515501976013,0
29.58250379562378,0
29.588176012039185,0
29.58820581436157,0
29.588218927383423,0
29.58873057365417,0
29.58875679969788,0
29.58876895904541,0
29.589075088500977,0
29.599568128585812,0
29.59969043731689,0
29.6000394821167,0
29.601359605789185,0
29.60139036178589,0
29.602547883987427,0
29.60287070274353,0
29.60630202293396,0
29.60632705688477,0
29.606370210647583,0
29.630491971969604,0
29.63051676750183,0
29.63059711456299,0
29.63114809989929,0
29.631384134292603,0
29.63141870498657,0
29.64049768447876,0
29.64053511619568,0
29.640583992004395,0
29.64064192771912,0
29.65096688270569,0
29.651017427444454,0
29.651029109954838,0
29.66179251670837,0
29.66179370880127,0
29.662096738815308,0
29.664551496505737,0
29.668647527694706,0
29.668680906295776,0
29.668694734573364,0
29.689216375350952,0
29.689250230789185,0
29.690405130386356,0
29.690924882888797,0
29.690956115722656,0
29.69115114212036,0
29.691325187683105,0
29.69205331802368,0
29.69233202934265,0
29.692490577697757,0
29.706594705581665,0
29.706634998321533,0
29.70744609832764,0
29.707472324371334,0
29.707533597946167,0
29.71296787261963,0
29.71301031112671,0
29.729219675064087,0
29.729255199432373,0
29.729403734207157,0
29.7336642742157,0
29.7493097782135,0
29.74932336807251,0
29.74937605857849,0
29.767038583755493,0
29.76707124710083,0
29.768555402755737,0
29.76857566833496,0
29.768667221069336,0
29.76868414878845,0
29.768699407577515,0
29.76879596710205,0
29.768800497055054,0
29.770078659057617,0
29.770092725753784,0
29.77025365829468,0
29.7712881565094,0
29.77131748199463,0
29.771329402923584,0
29.77134156227112,0
29.78807044029236,0
29.78817868232727,0
29.788204193115234,0
29.78855276107788,0
29.788581371307373,0
29.788594961166385,0
29.78912115097046,0
29.792829990386963,0
29.792851209640503,0
29.792921543121334,0
29.79297661781311,0
29.79543828964233,0
29.79545497894287,0
29.79547667503357,0
29.80010962486267,0
29.800131797790527,0
29.801934480667114,0
29.802439212799072,0
29.80322527885437,0
29.808676958084103,0
29.809054136276245,0
29.80908179283142,0
29.810081958770752,0
29.816936254501343,0
29.816968202590942,0
29.81698226928711,0
29.837018966674805,0
29.837088584899902,0
29.83714509010315,0
29.842655897140503,0
29.849256992340088,0
29.849267959594727,0
29.849279403686523,0
29.849383115768436,0
29.849398851394653,0
29.84999704360962,0
29.85047554969788,0
29.857240676879883,0
29.85728120803833,0
29.857329607009888,0
29.860766887664795,0
29.862477779388428,0
29.86355447769165,0
29.87705016136169,0
29.87712860107422,0
29.87713050842285,0
29.88445472717285,0
29.88449239730835,0
29.88451051712036,0
29.884591102600098,0
29.88728976249695,0
29.8873393535614,0
29.893203020095825,0
29.894083976745605,0
29.895887851715088,0
29.897613525390625,0
29.897655963897705,0
29.897706270217896,0
29.898651123046875,0
29.89869809150696,0
29.89913558959961,0
29.917139291763306,0
29.917142391204838,0
29.91718626022339,0
29.919857025146484,0
29.937458753585812,0
29.93749451637268,0
29.937504291534424,0
29.95489740371704,0
29.957587242126465,0
29.95763182640076,0
29.957648754119877,0
29.97752332687378,0
29.977622270584103,0
29.9777672290802,0
29.989028930664062,0
29.98930048942566,0
29.992614269256592,0
29.992727994918823,0
29.992764949798584,0
29.992902278900143,0
29.997791528701782,0
29.997868299484253,0
29.997969388961792,0
29.998234033584595,0
29.99840760231018,0
29.998485326766968,0
29.998515129089355,0
30.009682416915894,0
30.009714365005493,0
30.012805700302124,0
30.01285195350647,0
30.01614475250244,0
30.016173601150516,0
30.016175031661987,0
30.01619124412537,0
30.01736950874329,0
30.01741123199463,0
30.017430067062374,0
30.019057750701904,0
30.01927900314331,0
30.019346237182617,0
30.036619663238525,0
30.037736177444454,0
30.037814378738403,0
30.03784418106079,0
30.05878257751465,0
30.058788776397705,0
30.058818817138672,0
30.05882358551025,0
30.06336760520935,0
30.063572645187374,0
30.06364583969116,0
30.070570945739743,0
30.07059454917908,0
30.0706148147583,0
30.0947105884552,0
30.094741106033325,0
30.094741821289062,0
30.096299171447757,0
30.09952735900879,0
30.099873542785645,0
30.09988164901733,0
30.099903106689453,0
30.104483127593998,0
30.104559421539307,0
30.104588985443115,0
30.104652643203732,0
30.10465431213379,0
30.104675769805908,0
30.104695320129395,0
30.11065649986267,0
30.1106870174408,0
30.110707759857178,0
30.128920316696167,0
30.12895965576172,0
30.12951898574829,0
30.142072916030884,0
30.148144483566284,0
30.14816427230835,0
30.149609088897705,0
30.150283098220825,0
30.15031337738037,0
30.150351524353027,0
30.15361261367798,0
30.15361523628235,0
30.15373373031616,0
30.169862508773804,0
30.17001271247864,0
30.171183347702023,0
30.17127585411072,0
30.171325206756592,0
30.171459674835205,0
30.173215866088867,0
30.17429804801941,0
30.176940202713013,0
30.18765377998352,0
30.18767809867859,0
30.18773412704468,0
30.195273876190186,0
30.196637868881226,0
30.19690203666687,0
30.19693374633789,0
30.198384284973145,0
30.19863486289978,0
30.198644399642944,0
30.199626922607425,0
30.1996865272522,0
30.20091700553894,0
30.20093679428101,0
30.20255422592163,0
30.207085371017456,0
30.208895921707157,0
30.20950198173523,0
30.20952153205872,0
30.20959973335266,0
30.21520709991455,0
30.229284286499023,0
30.229321241378784,0
30.22933793067932,0
30.251662492752075,0
30.25203418731689,0
30.252214670181274,0
30.25224018096924,0
30.252480506896973,0
30.25255513191223,0
30.25256729125977,0
30.25262475013733,0
30.25265622138977,0
30.25269317626953,0
30.25280523300171,0
30.25282096862793,0
30.252832412719727,0
30.25284218788147,0
30.25656223297119,0
30.25738024711609,0
30.25755739212036,0
30.25764298439026,0
30.26621913909912,0
30.26629900932312,0
30.266360759735107,0
30.277752161026,0
30.277809619903564,0
30.27782821655273,0
30.280245065689087,0
30.28049874305725,0
30.280531406402588,0
30.28054666519165,0
30.28310894966125,0
30.28318190574646,0
30.28320288658142,0
30.299043655395508,0
30.299079656600952,0
30.299168825149536,0
30.302520275115967,0
30.30256581306457,0
30.30730128288269,0
30.30733704566956,0
30.307727813720703,0
30.31779265403748,0
30.317854404449463,0
30.31787347793579,0
30.32625102996826,0
30.326330423355103,0
30.328840732574463,0
30.328917026519772,0
30.328989505767822,0
30.32904171943665,0
30.332898139953613,0
30.332960605621334,0
30.333009243011475,0
30.337491750717163,0
30.337773084640503,0
30.33794450759888,0
30.35493016242981,0
30.357417583465576,0
30.35745739936829,0
30.35747480392456,0
30.37778663635254,0
30.37788128852844,0
30.37791323661804,0
30.40088891983032,0
30.400922060012817,0
30.40095019340515,0
30.4011652469635,0
30.401193380355835,0
30.401217699050903,0
30.4013192653656,0
30.40139579772949,0
30.401669025421143,0
30.401719331741333,0
30.401726007461548,0
30.40345549583435,0
30.405117511749268,0
30.40522074699402,0
30.407982349395752,0
30.408058881759644,0
30.411241054534912,0
30.41788625717163,0
30.41855549812317,0
30.418603658676147,0
30.421159982681274,0
30.42143678665161,0
30.422115564346317,0
30.422205209732056,0
30.426018238067627,0
30.426045179367065,0
30.42618203163147,0
30.42857909202576,0
30.43775200843811,0
30.43780016899109,0
30.438219785690308,0
30.44364619255066,0
30.443907260894772,0
30.444218397140503,0
30.444252967834476,0
30.445185899734497,0
30.445597887039185,0
30.445861101150516,0
30.45798897743225,0
30.45802116394043,0
30.458033561706543,0
30.45804762840271,0
30.458078622817997,0
30.458119869232178,0
30.4581618309021,0
30.459059715271,0
30.45919132232666,0
30.459213733673096,0
30.47527503967285,0
30.477263689041138,0
30.477601528167725,0
30.477641344070435,0
30.49751162528992,0
30.49753165245056,0
30.497831106185917,0
30.50869870185852,0
30.50873875617981,0
30.50909185409546,0
30.5091335773468,0
30.515740394592285,0
30.51771211624145,0
30.517730951309204,0
30.518617391586304,0
30.518664836883545,0
30.5190110206604,0
30.519227504730225,0
30.51926565170288,0
30.51940894126892,0
30.519461631774902,0
30.53307127952576,0
30.537981748580933,0
30.53802919387817,0
30.538440227508545,0
30.557838201522827,0
30.557924032211304,0
30.557996034622192,0
30.578059434890747,0
30.578065395355225,0
30.578866720199585,0
30.595995903015137,0
30.596089124679565,0
30.598188877105716,0
30.598244428634644,0
30.598265647888184,0
30.60009241104126,0
30.60013723373413,0
30.603472232818604,0
30.603476762771606,0
30.60476779937744,0
30.604836463928223,0
30.60490202903748,0
30.60734605789185,0
30.614037036895752,0
30.616414546966556,0
30.617859363555908,0
30.61790347099304,0
30.61800241470337,0
30.621718883514404,0
30.62176728248596,0
30.62344455718994,0
30.623507738113403,0
30.62443590164185,0
30.62657642364502,0
30.63493037223816,0
30.637186765670776,0
30.637222290039062,0
30.63750982284546,0
30.645787000656128,0
30.646550178527832,0
30.646581888198853,0
30.646597623825077,0
30.656835794448853,0
30.65690565109253,0
30.65713143348694,0
30.66214799880981,0
30.662410259246823,0
30.662439584732056,0
30.67741441726685,0
30.67745852470398,0
30.677504539489743,0
30.688146352767944,0
30.70189499855041,0
30.70189881324768,0
30.701935052871704,0
30.716179370880127,0
30.71676087379456,0
30.716798305511475,0
30.716817140579224,0
30.71827793121338,0
30.718505859375,0
30.72084617614746,0
30.72167587280273,0
30.721761465072632,0
30.721904516220093,0
30.72390604019165,0
30.72393822669983,0
30.730637550354004,0
30.73074603080749,0
30.737204551696777,0
30.73724341392517,0
30.73725986480713,0
30.74751591682434,0
30.747534036636356,0
30.74754548072815,0
30.7476487159729,0
30.747857570648197,0
30.74801659584045,0
30.74803638458252,0
30.748050928115845,0
30.74817943572998,0
30.74829125404358,0
30.757521867752075,0
30.75755023956299,0
30.75756525993347,0
30.7597177028656,0
30.75974154472351,0
30.761951684951782,0
30.761954069137573,0
30.761971712112427,0
30.76257395744324,0
30.766671180725098,0
30.766871213912964,0
30.767059803009037,0
30.7773494720459,0
30.77739262580872,0
30.7774121761322,0
30.78372621536255,0
30.79040598869324,0
30.790441751480103,0
30.79051780700684,0
30.7905387878418,0
30.794557809829712,0
30.79457402229309,0
30.795162439346317,0
30.79708957672119,0
30.79712915420532,0
30.79716730117798,0
30.80534863471985,0
30.80552864074707,0
30.808092832565308,0
30.80840253829956,0
30.80926823616028,0
30.81131243705749,0
30.81578278541565,0
30.817494869232178,0
30.817542552948,0
30.817587852478027,0
30.837268829345703,0
30.837317943573,0
30.83734488487244,0
30.848912715911865,0
30.849334478378296,0
30.849666357040405,0
30.849700450897217,0
30.851287603378296,0
30.85256505012512,0
30.85363507270813,0
30.85433387756348,0
30.85738754272461,0
30.857428789138797,0
30.857532262802124,0
30.8604519367218,0
30.864572763442997,0
30.878005743026733,0
30.878047943115234,0
30.87808990478516,0
30.88875889778137,0
30.88900876045227,0
30.889189958572388,0
30.88921475410461,0
30.901365518569943,0
30.901394844055176,0
30.901469230651852,0
30.90158033370972,0
30.90160584449768,0
30.901699781417847,0
30.901721477508545,0
30.90178418159485,0
30.902958631515503,0
30.902989149093628,0
30.914876699447632,0
30.917144060134888,0
30.917208194732662,0
30.917229890823364,0
30.937607049942017,0
30.937662839889526,0
30.937690019607544,0
30.95403504371643,0
30.9543240070343,0
30.95737886428833,0
30.9573814868927,0
30.95740056037903,0
30.957476377487183,0
30.9574978351593,0
30.957579135894772,0
30.957598447799683,0
30.959506511688232,0
30.95996356010437,0
30.959986686706543,0
30.9626784324646,0
30.96271324157715,0
30.96272325515747,0
30.962990283966064,0
30.96385931968689,0
30.964022159576416,0
30.964052200317383,0
30.96436905860901,0
30.966370582580566,0
30.976940155029297,0
30.97697496414185,0
30.9771249294281,0
30.997296810150143,0
30.997348308563232,0
30.99736952781677,0
31.019720315933228,0
31.02098846435547,0
31.021074771881104,0
31.021259546279907,0
31.03759503364563,0
31.037655353546143,0
31.03899908065796,0
31.048075437545776,0
31.049959182739254,0
31.05001139640808,0
31.050068140029907,0
31.05620384216309,0
31.05624794960022,0
31.056499004364014,0
31.056540966033936,0
31.056543111801147,0
31.05769968032837,0
31.057741403579712,0
31.057842016220093,0
31.071521997451782,0
31.07158851623535,0
31.07291531562805,0
31.075602769851685,0
31.07695937156677,0
31.076988220214844,0
31.07705283164978,0
31.07796573638916,0
31.078476905822757,0
31.085875034332275,0
31.0858850479126,0
31.085908889770508,0
31.085909843444824,0
31.097818613052368,0
31.098029136657715,0
31.09823703765869,0
31.10642123222351,0
31.106569051742557,0
31.106597900390625,0
31.106925010681152,0
31.1069450378418,0
31.10813689231873,0
31.108160495758057,0
31.11651563644409,0
31.11718988418579,0
31.11723589897156,0
31.117239236831665,0
31.137819051742557,0
31.13787007331848,0
31.13787865638733,0
31.14465403556824,0
31.14507341384888,0
31.146320104599,0
31.146321535110477,0
31.14657974243164,0
31.14661264419556,0
31.156994819641117,0
31.157032251358032,0
31.1571364402771,0
31.16140365600586,0
31.161423444747925,0
31.16247153282165,0
31.16301441192627,0
31.16388177871704,0
31.177759647369385,0
31.177806854248047,0
31.1778416633606,0
31.195622444152832,0
31.197832107543945,0
31.19787979125977,0
31.199021816253666,0
31.204365730285645,0
31.204877138137817,0
31.204914808273315,0
31.20498371124268,0
31.206949949264526,0
31.207021474838257,0
31.207070112228397,0
31.20987153053284,0
31.209949731826782,0
31.212018251419067,0
31.212096691131592,0
31.213053703308105,0
31.217350482940677,0
31.217665910720825,0
31.217702388763428,0
31.22452211380005,0
31.224559783935547,0
31.2245614528656,0
31.22458267211914,0
31.226964235305783,0
31.227309703826904,0
31.227352380752563,0
31.22773027420044,0
31.23820662498474,0
31.23823285102844,0
31.238252639770508,0
31.2425549030304,0
31.24258136749268,0
31.242645740509037,0
31.242706537246704,0
31.243242502212524,0
31.24335551261902,0
31.243617296218872,0
31.25490975379944,0
31.257641077041622,0
31.257668495178223,0
31.25768613815308,0
31.277559995651245,0
31.2776038646698,0
31.277608394622803,0
31.28337264060974,0
31.283408641815186,0
31.283428192138672,0
31.28348970413208,0
31.285286903381348,0
31.28532338142395,0
31.28580904006958,0
31.30011940002441,0
31.300167560577396,0
31.3002188205719,0
31.30026197433472,0
31.3003146648407,0
31.3004846572876,0
31.300508499145508,0
31.317418098449707,0
31.31745982170105,0
31.3174786567688,0
31.3423068523407,0
31.34236216545105,0
31.342385292053223,0
31.353950023651123,0
31.35471653938293,0
31.354776620864868,0
31.35526967048645,0
31.35529065132141,0
31.35533213615417,0
31.35535478591919,0
31.357011079788208,0
31.35706043243408,0
31.35782194137573,0
31.372905492782596,0
31.37352013587952,0
31.373534202575684,0
31.375669956207275,0
31.37764525413513,0
31.3776912689209,0
31.37771153450012,0
31.379222869873047,0
31.38069796562195,0
31.388861894607544,0
31.38890171051025,0
31.388923168182373,0
31.388938903808597,0
31.3909125328064,0
31.39093041419983,0
31.39185619354248,0
31.392722129821777,0
31.39273190498352,0
31.397221565246586,0
31.397575855255127,0
31.397615909576416,0
31.39921283721924,0
31.399252891540527,0
31.399274826049805,0
31.39995574951172,0
31.417495489120483,0
31.41786336898804,0
31.417872190475464,0
31.444053888320923,0
31.444106578826904,0
31.444504499435425,0
31.445794343948364,0
31.45731282234192,0
31.457313537597656,0
31.45738434791565,0
31.466577529907227,0
31.46661353111267,0
31.466632604599,0
31.46663761138916,0
31.473605155944824,0
31.473678588867188,0
31.47372841835022,0
31.475033044815063,0
31.47504448890686,0
31.47506189346313,0
31.475062608718872,0
31.477003574371334,0
31.477036714553837,0
31.477431058883667,0
31.48014545440674,0
31.48033380508423,0
31.48038005828857,0
31.48104238510132,0
31.497150421142575,0
31.49717879295349,0
31.49720406532288,0
31.50526070594788,0
31.50531005859375,0
31.50531768798828,0
31.50533080101013,0
31.50990438461304,0
31.509910345077515,0
31.50992202758789,0
31.511229038238525,0
31.511828899383545,0
31.512856483459476,0
31.513086795806885,0
31.51711916923523,0
31.51715850830078,0
31.517208576202396,0
31.53748345375061,0
31.53751039505005,0
31.53753399848938,0
31.54853200912476,0
31.557945013046265,0
31.557989358901978,0
31.55817747116089,0
31.55957865715027,0
31.55959963798523,0
31.560298442840576,0
31.560337781906128,0
31.56038975715637,0
31.560439586639404,0
31.564388036727905,0
31.564451694488525,0
31.56490540504456,0
31.56945776939392,0
31.571665287017822,0
31.57721185684204,0
31.57725524902344,0
31.5773446559906,0
31.578205585479736,0
31.59816813468933,0
31.598217248916622,0
31.59824228286743,0
31.60611033439636,0
31.608009576797485,0
31.609814167022705,0
31.6098370552063,0
31.609881162643436,0
31.61011266708374,0
31.61030673980713,0
31.61197829246521,0
31.613025903701782,0
31.61769413948059,0
31.617737770080566,0
31.617814779281616,0
31.621660947799683,0
31.62174797058105,0
31.622433185577396,0
31.637459993362427,0
31.63751220703125,0
31.63753318786621,0
31.645771503448486,0
31.646690368652344,0
31.64671754837036,0
31.646740436553955,0
31.65135788917541,0
31.651893854141235,0
31.652677059173584,0
31.654564142227173,0
31.65751981735229,0
31.65756154060364,0
31.657630443573,0
31.66062831878662,0
31.66382503509521,0
31.67845749855041,0
31.682185888290405,0
31.68220853805542,0
31.682316541671756,0
31.68233370780945,0
31.68234753608704,0
31.682416677474976,0
31.697040796279907,0
31.69707608222961,0
31.69709610939026,0
31.70978093147278,0
31.70980167388916,0
31.7138454914093,0
31.71394824981689,0
31.7139675617218,0
31.71401619911194,0
31.71409273147583,0
31.716257333755493,0
31.716285228729248,0
31.71721720695496,0
31.71723580360413,0
31.717342376708984,0
31.717392206192017,0
31.71741414070129,0
31.717490434646606,0
31.71908068656921,0
31.71909594535828,0
31.734245777130127,0
31.73885989189148,0
31.73897123336792,0
31.73900008201599,0
31.75758719444275,0
31.75762891769409,0
31.75773572921753,0
31.764476537704468,0
31.764546632766724,0
31.767091512680054,0
31.767109632492065,0
31.767125844955444,0
31.767219066619877,0
31.76990556716919,0
31.76997661590576,0
31.77054095268249,0
31.77721190452576,0
31.777250051498413,0
31.77730131149292,0
31.778748512268063,0
31.78769326210022,0
31.78773140907288,0
31.78773307800293,0
31.787744283676147,0
31.79712915420532,0
31.797173261642456,0
31.797192573547363,0
31.80463719367981,0
31.804736137390137,0
31.80482053756714,0
31.80819034576416,0
31.80823802947998,0
31.811485290527344,0
31.811591148376465,0
31.816280841827396,0
31.81750464439392,0
31.817519903182983,0
31.81755042076111,0
31.81867241859436,0
31.82093620300293,0
31.83729696273804,0
31.837417364120483,0
31.83741927146912,0
31.838806629180908,0
31.842888116836548,0
31.842931747436523,0
31.84302663803101,0
31.85720467567444,0
31.85723567008972,0
31.857250213623047,0
31.86886167526245,0
31.868891954422,0
31.869256019592285,0
31.86950135231018,0
31.872326135635376,0
31.87795829772949,0
31.878005504608154,0
31.878028392791748,0
31.87815999984741,0
31.8975567817688,0
31.897558450698853,0
31.89760375022888,0
31.914822816848755,0
31.91677665710449,0
31.91760778427124,0
31.917641401290894,0
31.91770911216736,0
31.91855025291443,0
31.918580055236816,0
31.919949054718018,0
31.919979572296143,0
31.919999361038208,0
31.92141032218933,0
31.92141366004944,0
31.923749446868896,0
31.924285173416138,0
31.937864542007446,0
31.937907218933105,0
31.937983512878414,0
31.942790985107425,0
31.94828987121582,0
31.9485023021698,0
31.952065467834476,0
31.95210075378418,0
31.95214319229126,0
31.95218515396118,0
31.95739483833313,0
31.957427501678467,0
31.957441568374637,0
31.96574831008911,0
31.96604943275452,0
31.96654343605041,0
31.96765899658203,0
31.96776843070984,0
31.968077182769772,0
31.96810460090637,0
31.968793869018555,0
31.96898412704468,0
31.969226121902462,0
31.969314098358154,0
31.977649688720703,0
31.97768998146057,0
31.977736473083496,0
31.97977828979492,0
31.97981429100037,0
31.979965686798096,0
31.98002338409424,0
31.984755754470825,0
31.98477339744568,0
31.984790325164795,0
31.99717903137207,0
31.99721908569336,0
31.99722409248352,0
32.01630139350891,0
32.01634955406189,0
32.01946330070496,0
32.01952624320984,0
32.019606828689575,0
32.03606605529785,0
32.03618407249451,0
32.04005217552185,0
32.04006886482239,0
32.04032254219055,0
32.05485773086548,0
32.05731201171875,0
32.05731558799744,0
32.05738162994385,0
32.07738423347473,0
32.07742428779602,0
32.078529596328735,0
32.07892203330994,0
32.07919669151306,0
32.07925057411194,0
32.07929825782776,0
32.07934594154358,0
32.07938861846924,0
32.079469203948975,0
32.07958173751831,0
32.08033752441406,0
32.08173847198486,0
32.090017795562744,0
32.09005618095398,0
32.090638875961304,0
32.0906720161438,0
32.09732913970947,0
32.09737491607666,0
32.09738039970398,0
32.10434150695801,0
32.10454845428467,0
32.106913328170776,0
32.10796880722046,0
32.107975244522095,0
32.11045479774475,0
32.112966775894165,0
32.11759924888611,0
32.117873191833496,0
32.117897272109985,0
32.13494372367859,0
32.13896727561951,0
32.13902282714844,0
32.13911581039429,0
32.15894341468811,0
32.15898656845093,0
32.15941309928894,0
32.1672158241272,0
32.16723608970642,0
32.17471385002136,0
32.17475986480713,0
32.17478275299072,0
32.17480254173279,0
32.17581224441528,0
32.17592668533325,0
32.177754402160645,0
32.17782998085022,0
32.18066167831421,0
32.18225336074829,0
32.19473600387573,0
32.1947762966156,0
32.19505548477173,0
32.1953980922699,0
32.196460485458374,0
32.196802616119385,0
32.19792652130127,0
32.19799065589905,0
32.19805884361267,0
32.19810390472412,0
32.199658155441284,0
32.199689626693726,0
32.200374126434326,0
32.20041036605835,0
32.20127582550049,0
32.201311349868774,0
32.20154666900635,0
32.201571464538574,0
32.20557522773743,0
32.205605268478394,0
32.20561599731445,0
32.20662021636963,0
32.215147733688354,0
32.21771168708801,0
32.217771768569946,0
32.21782660484314,0
32.238630056381226,0
32.238829612731934,0
32.238980770111084,0
32.23900842666626,0
32.23910999298096,0
32.23927569389343,0
32.23930263519287,0
32.24252462387085,0
32.24308013916016,0
32.24351119995117,0
32.257436990737915,0
32.25826716423035,0
32.258302211761475,0
32.259753465652466,0
32.26441073417664,0
32.26443958282471,0
32.26460695266724,0
32.26470398902893,0
32.277156591415405,0
32.27716827392578,0
32.27719330787659,0
32.28196597099304,0
32.28227162361145,0
32.2823965549469,0
32.28446817398071,0
32.287540912628174,0
32.29968976974487,0
32.29990530014038,0
32.30011487007141,0
32.31604504585266,0
32.31690311431885,0
32.31887865066528,0
32.318941831588745,0
32.31895041465759,0
32.31950902938843,0
32.31954765319824,0
32.32035040855408,0
32.33713912963867,0
32.337188720703125,0
32.33721590042114,0
32.354204416275024,0
32.35421967506409,0
32.35839223861694,0
32.35951805114746,0
32.359545946121216,0
32.359567642211914,0
32.359588623046875,0
32.359606981277466,0
32.359623670578,0
32.36540865898132,0
32.36548566818237,0
32.365509271621704,0
32.36556529998779,0
32.366960763931274,0
32.369982957839966,0
32.37568235397339,0
32.37572193145752,0
32.37750291824341,0
32.37756085395813,0
32.377605676651,0
32.3781213760376,0
32.37839436531067,0
32.37917494773865,0
32.379180908203125,0
32.379199504852295,0
32.38276052474976,0
32.38422250747681,0
32.39746189117432,0
32.397505044937134,0
32.397772550582886,0
32.39949035644531,0
32.3995246887207,0
32.40166401863098,0
32.40176844596863,0
32.4034469127655,0
32.417484521865845,0
32.41754221916199,0
32.41772723197937,0
32.429168462753296,0
32.42968940734863,0
32.42971920967102,0
32.43033218383789,0
32.43248724937439,0
32.4326651096344,0
32.432695150375366,0
32.43447399139404,0
32.43451929092407,0
32.4346239566803,0
32.43464493751526,0
32.43768358230591,0
32.437729597091675,0
32.43783402442932,0
32.43942451477051,0
32.4394793510437,0
32.439826011657715,0
32.44049048423767,0
32.45787835121155,0
32.45790934562683,0
32.45793557167053,0
32.46223497390747,0
32.46281814575195,0
32.46286582946777,0
32.46288871765137,0
32.46444821357727,0
32.46445298194885,0
32.46480131149292,0
32.47692370414734,0
32.47695255279541,0
32.476961851119995,0
32.48321056365967,0
32.48321771621704,0
32.48570656776428,0
32.48575973510742,0
32.486387729644775,0
32.49706983566284,0
32.49710440635681,0
32.49710559844971,0
32.50379204750061,0
32.50420022010803,0
32.504494190216064,0
32.50453186035156,0
32.5057487487793,0
32.50577092170715,0
32.50609517097473,0
32.51744890213013,0
32.51749420166016,0
32.51756191253662,0
32.53799104690552,0
32.53804397583008,0
32.538057804107666,0
32.541587591171265,0
32.55050730705261,0
32.55051898956299,0
32.55727696418762,0
32.55763483047485,0
32.55774235725403,0
32.56093907356262,0
32.5610408782959,0
32.561187744140625,0
32.56139612197876,0
32.56422686576843,0
32.56429123878479,0
32.56433892250061,0
32.57722592353821,0
32.577274799346924,0
32.57729697227478,0
32.59753680229187,0
32.59759759902954,0
32.59821438789368,0
32.617854595184326,0
32.61794996261597,0
32.61801528930664,0
32.636791467666626,0
32.63727164268494,0
32.63744521141052,0
32.638230323791504,0
32.647207736968994,0
32.64721441268921,0
32.647237062454224,0
32.64740180969238,0
32.647549867630005,0
32.64757585525513,0
32.64764928817749,0
32.64995265007019,0
32.65001726150513,0
32.65231275558472,0
32.652376890182495,0
32.6560914516449,0
32.65728163719177,0
32.65731596946716,0
32.65733075141907,0
32.67847514152527,0
32.67859244346619,0
32.678715467453,0
32.685932874679565,0
32.6863431930542,0
32.68704891204834,0
32.68710541725159,0
32.6890983581543,0
32.689698934555054,0
32.692726135253906,0
32.696635484695435,0
32.69667434692383,0
32.69883894920349,0
32.69886541366577,0
32.69896364212036,0
32.69898581504822,0
32.69908261299133,0
32.708576917648315,0
32.70860052108765,0
32.70862293243408,0
32.708768367767334,0
32.713574171066284,0
32.716511487960815,0
32.71668457984924,0
32.71673345565796,0
32.71969437599182,0
32.71973371505737,0
32.71977972984314,0
32.71984910964966,0
32.723111629486084,0
32.737879037857056,0
32.737977743148804,0
32.73800349235535,0
32.75361156463623,0
32.757246017456055,0
32.75728511810303,0
32.75736975669861,0
32.76288557052612,0
32.76345252990723,0
32.76466727256775,0
32.76469659805298,0
32.76475191116333,0
32.76478600502014,0
32.7663836479187,0
32.766722440719604,0
32.767242431640625,0
32.76810097694397,0
32.77149486541748,0
32.77700591087341,0
32.77703928947449,0
32.7770516872406,0
32.779136180877686,0
32.78582429885864,0
32.786306858062744,0
32.78633093833923,0
32.78634214401245,0
32.7974579334259,0
32.79749011993408,0
32.79755353927612,0
32.801440954208374,0
32.80157852172852,0
32.80161094665527,0
32.80283546447754,0
32.8028678894043,0
32.80445408821106,0
32.804471015930176,0
32.81792497634888,0
32.81821060180664,0
32.81834435462952,0
32.83409094810486,0
32.837347745895386,0
32.83742594718933,0
32.83755588531494,0
32.8584771156311,0
32.85856914520264,0
32.85896944999695,0
32.87170076370239,0
32.8720018863678,0
32.87203645706177,0
32.87205529212952,0
32.87501311302185,0
32.87506031990051,0
32.8773832321167,0
32.87741994857788,0
32.8774356842041,0
32.882354497909546,0
32.882370948791504,0
32.883811235427856,0
32.884551763534546,0
32.89095163345337,0
32.8911247253418,0
32.89125728607178,0
32.89129114151001,0
32.89533042907715,0
32.89548969268799,0
32.895546436309814,0
32.898375272750854,0
32.89853835105896,0
32.89860820770264,0
32.89865684509277,0
32.898675203323364,0
32.9008846282959,0
32.90095114707947,0
32.90352129936218,0
32.90355920791626,0
32.90377950668335,0
32.90380549430847,0
32.90489387512207,0
32.904926776885986,0
32.90509057044983,0
32.92185115814209,0
32.921895027160645,0
32.921977043151855,0
32.9353883266449,0
32.93729496002197,0
32.93762803077698,0
32.93766903877258,0
32.95642805099487,0
32.95746660232544,0
32.957521200180054,0
32.958336353302,0
32.95841217041016,0
32.97726488113403,0
32.97730374336243,0
32.977355003356934,0
32.99253964424133,0
32.992589235305786,0
32.9926118850708,0
32.99268198013306,0
32.99603223800659,0
32.99633812904358,0
32.99653148651123,0
32.99760818481445,0
32.997660875320435,0
32.99768781661987,0
33.00030326843262,0
33.00401329994202,0
33.005507469177246,0
33.017900705337524,0
33.01792311668396,0
33.01795411109924,0
33.01798152923584,0
33.018003702163696,0
33.020203590393066,0
33.02035641670227,0
33.033889293670654,0
33.03710126876831,0
33.03714203834534,0
33.03716206550598,0
33.057897090911865,0
33.05790901184082,0
33.05795907974243,0
33.07384729385376,0
33.074939250946045,0
33.07494044303894,0
33.07495999336243,0
33.07496380805969,0
33.07498121261597,0
33.07552742958069,0
33.07599925994873,0
33.077975034713745,0
33.07801413536072,0
33.0780668258667,0
33.08659505844116,0
33.086626052856445,0
33.08667826652527,0
33.08673119544983,0
33.08857774734497,0
33.08918881416321,0
33.08983254432678,0
33.096256494522095,0
33.09629583358765,0
33.09707355499268,0
33.0971097946167,0
33.09719038009644,0
33.100507974624634,0
33.10061597824097,0
33.11463689804077,0
33.11740279197693,0
33.11744976043701,0
33.117525815963745,0
33.13803172111511,0
33.138261556625366,0
33.13828158378601,0
33.14649176597595,0
33.15271806716919,0
33.15804600715637,0
33.158087968826294,0
33.158103466033936,0
33.166197776794434,0
33.16625237464905,0
33.17060852050781,0
33.17063784599304,0
33.17065095901489,0
33.17066478729248,0
33.17256593704224,0
33.17268896102905,0
33.17270803451538,0
33.17410898208618,0
33.1742730140686,0
33.17427396774292,0
33.174301624298096,0
33.17769479751587,0
33.177729845047,0
33.17774176597595,0
33.1778666973114,0
33.17788887023926,0
33.177911043167114,0
33.19170618057251,0
33.19483828544617,0
33.19589972496033,0
33.196900367736816,0
33.196924448013306,0
33.19693613052368,0
33.199036836624146,0
33.19907283782959,0
33.19937872886658,0
33.19941329956055,0
33.199464559555054,0
33.199678897857666,0
33.19968771934509,0
33.19969844818115,0
33.19980072975159,0
33.20401382446289,0
33.21756362915039,0
33.21756863594055,0
33.21760940551758,0
33.22316145896912,0
33.236140727996826,0
33.23618030548096,0
33.236238956451416,0
33.236289739608765,0
33.23763418197632,0
33.23765993118286,0
33.237807750701904,0
33.25821566581726,0
33.25826644897461,0
33.25829458236694,0
33.26198172569275,0
33.26231837272644,0
33.26245045661926,0
33.2642560005188,0
33.27709197998047,0
33.27958416938782,0
33.27961564064026,0
33.28756260871887,0
33.28794026374817,0
33.28797459602356,0
33.288673877716064,0
33.2893590927124,0
33.28972601890564,0
33.28976082801819,0
33.290462255477905,0
33.29049372673035,0
33.297173500061035,0
33.2972092628479,0
33.29722499847412,0
33.30703067779541,0
33.30719828605652,0
33.3072190284729,0
33.308937549591064,0
33.30896973609924,0
33.31106805801392,0
33.31713366508484,0
33.317166328430176,0
33.31720781326294,0
33.33456516265869,0
33.33728742599487,0
33.33730602264404,0
33.33732080459595,0
33.35754466056824,0
33.35761022567749,0
33.357667207717896,0
33.357906103134155,0
33.35839605331421,0
33.37710785865784,0
33.377169132232666,0
33.37719941139221,0
33.39410424232483,0
33.39432334899902,0
33.39806318283081,0
33.39811420440674,0
33.398338317871094,0
33.398475885391235,0
33.39869832992554,0
33.39872980117798,0
33.39875626564026,0
33.39876842498779,0
33.40002679824829,0
33.40629458427429,0
33.406323194503784,0
33.408472776412964,0
33.40856909751892,0
33.4123899936676,0
33.41243386268616,0
33.41267371177673,0
33.4127094745636,0
33.41508388519287,0
33.415167570114136,0
33.4151930809021,0
33.418020486831665,0
33.4180965423584,0
33.41810083389282,0
33.41811800003052,0
33.42537307739258,0
33.42576551437378,0
33.42606210708618,0
33.42608618736267,0
33.42915201187134,0
33.429396867752075,0
33.429481983184814,0
33.43823575973511,0
33.43829584121704,0
33.43830227851868,0
33.46026802062988,0
33.46031999588013,0
33.460405349731445,0
33.46727132797241,0
33.47586417198181,0
33.47671914100647,0
33.47674107551575,0
33.4775288105011,0
33.4775767326355,0
33.47820997238159,0
33.47823643684387,0
33.47927689552307,0
33.47935342788696,0
33.47937273979187,0
33.48783540725708,0
33.49071550369263,0
33.493937969207764,0
33.493974447250366,0
33.49780607223511,0
33.49785017967224,0
33.49786686897278,0
33.499706745147705,0
33.49976682662964,0
33.50069808959961,0
33.517478942871094,0
33.5174834728241,0
33.51753497123718,0
33.52047085762024,0
33.52071785926819,0
33.5372576713562,0
33.53730654716492,0
33.5373260974884,0
33.552738428115845,0
33.55464553833008,0
33.55481266975403,0
33.554892778396606,0
33.55741262435913,0
33.557469606399536,0
33.55749487876892,0
33.57720398902893,0
33.57724404335022,0
33.577260971069336,0
33.58656644821167,0
33.58659791946411,0
33.586749792099,0
33.590070486068726,0
33.59588837623596,0
33.59598016738892,0
33.59712862968445,0
33.59714913368225,0
33.59716057777405,0
33.600955963134766,0
33.600977659225464,0
33.612969636917114,0
33.617231607437134,0
33.617257833480835,0
33.61727237701416,0
33.63762378692627,0
33.637702226638794,0
33.63772988319397,0
33.64229488372803,0
33.64234137535095,0
33.64242744445801,0
33.64245653152466,0
33.65834188461304,0
33.65843963623047,0
33.65845370292664,0
33.66997790336609,0
33.67036533355713,0
33.670390129089355,0
33.67317271232605,0
33.67319846153259,0
33.67321276664734,0
33.67332053184509,0
33.67952084541321,0
33.679540395736694,0
33.679561376571655,0
33.67958116531372,0
33.680891275405884,0
33.68093395233154,0
33.68098831176758,0
33.6864275932312,0
33.68694758415222,0
33.68698453903198,0
33.68708825111389,0
33.69704461097717,0
33.6970911026001,0
33.69719457626343,0
33.70935869216919,0
33.709444999694824,0
33.70952129364014,0
33.71136212348938,0
33.717785596847534,0
33.71782612800598,0
33.717844009399414,0
33.71789765357971,0
33.72459650039673,0
33.72461223602295,0
33.72625422477722,0
33.726295709609985,0
33.72644877433777,0
33.72647261619568,0
33.72860288619995,0
33.7290575504303,0
33.72910404205322,0
33.73830819129944,0
33.7384934425354,0
33.73866081237793,0
33.73876976966858,0
33.74206495285034,0
33.75943398475647,0
33.75974488258362,0
33.75981259346008,0
33.75983214378357,0
33.77698349952698,0
33.77708673477173,0
33.77718257904053,0
33.78662848472595,0
33.78675961494446,0
33.786800384521484,0
33.78684425354004,0
33.78948760032654,0
33.78950548171997,0
33.78961539268494,0
33.797017335891724,0
33.79705286026001,0
33.79706788063049,0
33.810471534729004,0
33.81051564216614,0
33.812132596969604,0
33.81215834617615,0
33.813119411468506,0
33.81713080406189,0
33.81716799736023,0
33.81718182563782,0
33.82122540473938,0
33.821264028549194,0
33.821282148361206,0
33.82130026817322,0
33.82418489456177,0
33.82421374320984,0
33.8244104385376,0
33.830788373947144,0
33.83220624923706,0
33.83730149269104,0
33.83733773231506,0
33.837347984313965,0
33.85762405395508,0
33.857672691345215,0
33.85792827606201,0
33.85969376564026,0
33.86770248413086,0
33.86821889877319,0
33.868248462677,0
33.86874294281006,0
33.877206563949585,0
33.877241134643555,0
33.877254009246826,0
33.886683225631714,0
33.886696577072144,0
33.88958239555359,0
33.89010071754456,0
33.890119314193726,0
33.890177488327026,0
33.89018940925598,0
33.8945038318634,0
33.89453315734863,0
33.89455223083496,0
33.895575284957886,0
33.8956184387207,0
33.89706063270569,0
33.89708971977234,0
33.897136211395264,0
33.90114712715149,0
33.90116739273071,0
33.90202617645264,0
33.90623068809509,0
33.90624451637268,0
33.917073249816895,0
33.91710090637207,0
33.917139291763306,0
33.93263387680054,0
33.937827825546265,0
33.93785643577576,0
33.93788766860962,0
33.93807530403137,0
33.93810057640076,0
33.93820261955261,0
33.93878221511841,0
33.93880796432495,0
33.93906211853027,0
33.93906784057617,0
33.93942165374756,0
33.94118332862854,0
33.95694446563721,0
33.95697617530823,0
33.95701050758362,0
33.97681140899658,0
33.97683954238892,0
33.97685146331787,0
33.99275088310242,0
33.99278235435486,0
33.992825984954834,0
33.99287700653076,0
33.995275020599365,0
33.995307207107544,0
33.99536991119385,0
33.996291637420654,0
33.99632167816162,0
33.996915340423584,0
33.99697208404541,0
33.996986865997314,0
33.997982025146484,0
33.99804496765137,0
33.999815464019775,0
34.00716495513916,0
34.0077850818634,0
34.00875163078308,0
34.00878429412842,0
34.0088574886322,0
34.009552240371704,0
34.00958490371704,0
34.01353859901428,0
34.01740050315857,0
34.017428159713745,0
34.037676095962524,0
34.0377242565155,0
34.037792921066284,0
34.038904666900635,0
34.03910756111145,0
34.039130449295044,0
34.03922438621521,0
34.042224645614624,0
34.04257678985596,0
34.04263162612915,0
34.05268049240112,0
34.05736494064331,0
34.05740475654602,0
34.05749201774597,0
34.07713484764099,0
34.07716345787048,0
34.07717418670654,0
34.08348655700684,0
34.08474016189575,0
34.09698247909546,0
34.09701156616211,0
34.09702134132385,0
34.114556550979614,0
34.114577531814575,0
34.11552810668945,0
34.115570068359375,0
34.11558389663696,0
34.11561703681946,0
34.11700987815857,0
34.117034912109375,0
34.117045879364014,0
34.118401288986206,0
34.118616580963135,0
34.118810176849365,0
34.11974573135376,0
34.119839668273926,0
34.12115120887756,0
34.12117385864258,0
34.12433099746704,0
34.12435054779053,0
34.12435984611511,0
34.12449550628662,0
34.12723398208618,0
34.128543853759766,0
34.128570556640625,0
34.13242197036743,0
34.13707423210144,0
34.13711595535278,0
34.13713812828064,0
34.15716481208801,0
34.1571946144104,0
34.15723538398743,0
34.177133560180664,0
34.17716693878174,0
34.17721605300903,0
34.193161725997925,0
34.19320797920227,0
34.19330835342407,0
34.193326473236084,0
34.194804668426514,0
34.19492840766907,0
34.19495153427124,0
34.196900367736816,0
34.197078466415405,0
34.197214126586914,0
34.20178246498108,0
34.2018027305603,0
34.20185589790344,0
34.201900243759155,0
34.20192122459412,0
34.204262256622314,0
34.21303153038025,0
34.21696376800537,0
34.21699953079224,0
34.21712350845337,0
34.237308979034424,0
34.23735022544861,0
34.237422943115234,0
34.24960803985596,0
34.25177788734436,0
34.25408172607422,0
34.254969358444214,0
34.25500845909119,0
34.255465269088745,0
34.255837202072144,0
34.2642514705658,0
34.26428842544556,0
34.26430368423462,0
34.26456356048584,0
34.26577830314636,0
34.27688980102539,0
34.27691698074341,0
34.27710580825806,0
34.28302454948425,0
34.296954870224,0
34.29698181152344,0
34.2969925403595,0
34.31277084350586,0
34.31277585029602,0
34.31280207633972,0
34.31280326843262,0
34.316171407699585,0
34.316192626953125,0
34.31682348251343,0
34.31684064865112,0
34.31685137748718,0
34.317684173583984,0
34.31773233413696,0
34.31777667999268,0
34.31925415992737,0
34.31926250457764,0
34.319676876068115,0
34.32109761238098,0
34.3369574546814,0
34.33701181411743,0
34.33702230453491,0
34.351484298706055,0
34.35646629333496,0
34.3564817905426,0
34.36090040206909,0
34.360918045043945,0
34.361058950424194,0
34.3610954284668,0
34.36113905906677,0
34.361156702041626,0
34.361244678497314,0
34.36126112937927,0
34.3612756729126,0
34.36141014099121,0
34.36143112182617,0
34.36144137382507,0
34.361483573913574,0
34.36152410507202,0
34.36853241920471,0
34.36864161491394,0
34.36888074874878,0
34.370315074920654,0
34.372427463531494,0
34.373669147491455,0
34.37689566612244,0
34.376922369003296,0
34.37693548202515,0
34.37942433357239,0
34.379568338394165,0
34.37959003448486,0
34.37960362434387,0
34.38260293006897,0
34.38261604309082,0
34.38262939453125,0
34.3935432434082,0
34.39356327056885,0
34.397061824798584,0
34.39709043502808,0
34.39710450172424,0
34.409836530685425,0
34.409913539886475,0
34.417290449142456,0
34.41732573509216,0
34.417380809783936,0
34.43383741378784,0
34.43743062019348,0
34.43747615814209,0
34.437543869018555,0
34.465230226516724,0
34.465580224990845,0
34.46561598777771,0
34.46568489074707,0
34.467931032180786,0
34.46793246269226,0
34.46795320510864,0
34.4686644077301,0
34.46867561340332,0
34.46869897842407,0
34.46928906440735,0
34.478492736816406,0
34.47851252555847,0
34.4785840511322,0
34.48902225494385,0
34.48905968666077,0
34.48906207084656,0
34.489073514938354,0
34.49092721939087,0
34.49098491668701,0
34.49101781845093,0
34.49212861061096,0
34.49216032028198,0
34.49507570266724,0
34.49508881568909,0
34.49700570106506,0
34.49703073501587,0
34.497066020965576,0
34.51662850379944,0
34.51694416999817,0
34.51696538925171,0
34.516990661621094,0
34.5371036529541,0
34.537148237228394,0
34.53745913505554,0
34.54589915275574,0
34.54592514038086,0
34.548075914382935,0
34.54948329925537,0
34.549503326416016,0
34.54955244064331,0
34.549609661102295,0
34.549646854400635,0
34.5496609210968,0
34.555925369262695,0
34.55703639984131,0
34.557069063186646,0
34.55711078643799,0
34.55792999267578,0
34.55840849876404,0
34.57760143280029,0
34.57763409614563,0
34.57767701148987,0
34.58643651008606,0
34.58661794662476,0
34.58663749694824,0
34.586705923080444,0
34.58851265907288,0
34.588576555252075,0
34.589149475097656,0
34.58991622924805,0
34.5899498462677,0
34.593737840652466,0
34.593830585479736,0
34.59759569168091,0
34.5976505279541,0
34.59766983985901,0
34.61560821533203,0
34.61563324928284,0
34.61564612388611,0
34.61566925048828,0
34.61788010597229,0
34.617948055267334,0
34.61800503730774,0
34.61890935897827,0
34.618953466415405,0
34.61915373802185,0
34.637932777404785,0
34.637985706329346,0
34.6380136013031,0
34.643492221832275,0
34.65477991104126,0
34.65488243103027,0
34.65528893470764,0
34.655314445495605,0
34.65855026245117,0
34.658567667007446,0
34.66044592857361,0
34.66865420341492,0
34.668696880340576,0
34.66874098777771,0
34.67531681060791,0
34.678048849105835,0
34.6780800819397,0
34.68024730682373,0
34.6846125125885,0
34.68462085723877,0
34.69691610336304,0
34.69694256782532,0
34.69695425033569,0
34.70251679420471,0
34.70254111289978,0
34.7025830745697,0
34.702598333358765,0
34.70499849319458,0
34.705223083496094,0
34.70568633079529,0
34.717010736465454,0
34.71704030036926,0
34.71707248687744,0
34.72388577461243,0
34.723915338516235,0
34.72572994232178,0
34.72577357292175,0
34.72650933265686,0
34.7277557849884,0
34.7370970249176,0
34.73710751533508,0
34.73712682723999,0
34.74620175361633,0
34.757254123687744,0
34.757283210754395,0
34.75729489326477,0
34.77690124511719,0
34.77708125114441,0
34.77710938453674,0
34.79581451416016,0
34.79584980010986,0
34.796284914016724,0
34.796303272247314,0
34.796671867370605,0
34.796703815460205,0
34.79672074317932,0
34.79673790931702,0
34.79675555229187,0
34.798704624176025,0
34.798739194869995,0
34.7987539768219,0
34.8045220375061,0
34.81561589241028,0
34.81564116477966,0
34.8179669380188,0
34.818000078201294,0
34.81804656982422,0
34.81817317008972,0
34.81819272041321,0
34.83801579475403,0
34.83810877799988,0
34.83829689025879,0
34.851113080978394,0
34.8593053817749,0
34.85932517051697,0
34.85936903953552,0
34.86767244338989,0
34.86768937110901,0
34.86769223213196,0
34.86770534515381,0
34.867717027664185,0
34.86773920059204,0
34.86778712272644,0
34.86786723136902,0
34.87169694900513,0
34.87173271179199,0
34.87179374694824,0
34.871814489364624,0
34.87188744544983,0
34.87191104888916,0
34.873687505722046,0
34.87757420539856,0
34.87760281562805,0
34.877811431884766,0
34.88055205345154,0
34.883766174316406,0
34.88401460647583,0
34.88422679901123,0
34.88507604598999,0
34.88509392738342,0
34.88520526885986,0
34.896055698394775,0
34.89608311653137,0
34.899879693984985,0
34.89991044998169,0
34.89999961853027,0
34.900272846221924,0
34.90029501914978,0
34.91723990440369,0
34.917240142822266,0
34.91727662086487,0
34.93722105026245,0
34.937429904937744,0
34.9374520778656,0
34.942246198654175,0
34.94566059112549,0
34.9456901550293,0
34.947561264038086,0
34.947577238082886,0
34.947601318359375,0
34.94761395454407,0
34.955719232559204,0
34.955780267715454,0
34.95616674423218,0
34.95685315132141,0
34.956878900527954,0
34.95689034461975,0
34.95738077163696,0
34.97712206840515,0
34.977155685424805,0
34.97720670700073,0
34.9833037853241,0
34.98412084579468,0
34.99778127670288,0
34.99782180786133,0
34.997825622558594,0
35.00308060646057,0
35.00310444831848,0
35.00325536727905,0
35.0032594203949,0
35.005982875823975,0
35.00601649284363,0
35.00649070739746,0
35.00757455825806,0
35.00761437416077,0
35.01108813285828,0
35.01116704940796,0
35.012906551361084,0
35.01773476600647,0
35.017794609069824,0
35.017820835113525,0
35.037474155426025,0
35.03751873970032,0
35.037638902664185,0
35.04281210899353,0
35.04290533065796,0
35.04362511634827,0
35.04365634918213,0
35.051180601119995,0
35.05121159553528,0
35.05135226249695,0
35.055803537368774,0
35.057255268096924,0
35.05725598335266,0
35.057286500930786,0
35.07745385169983,0
35.077779054641724,0
35.07845187187195,0
35.07855033874512,0
35.07864284515381,0
35.07868695259094,0
35.0787456035614,0
35.08317565917969,0
35.0831937789917,0
35.084242820739746,0
35.09710001945496,0
35.09714341163635,0
35.09716558456421,0
35.10727787017822,0
35.10736989974976,0
35.109320640563965,0
35.10942554473877,0
35.11147856712341,0
35.111488819122314,0
35.11163139343262,0
35.111684799194336,0
35.1135151386261,0
35.113685846328735,0
35.114319801330566,0
35.11447739601135,0
35.11701774597168,0
35.11708068847656,0
35.117185831069946,0
35.12957978248596,0
35.132609128952026,0
35.13740086555481,0
35.13845205307007,0
35.138492822647095,0
35.15086936950684,0
35.15091180801392,0
35.15259099006653,0
35.153022050857544,0
35.153059244155884,0
35.15307974815369,0
35.1581974029541,0
35.15826630592346,0
35.15829086303711,0
35.158358573913574,0
35.158379793167114,0
35.15843915939331,0
35.158459424972534,0
35.15854334831238,0
35.16209936141968,0
35.17736339569092,0
35.17743515968323,0
35.17745304107666,0
35.18496108055115,0
35.18500280380249,0
35.185038805007935,0
35.185075998306274,0
35.186800956726074,0
35.18680262565613,0
35.186824798583984,0
35.196879863739014,0
35.1969096660614,0
35.19696092605591,0
35.20362329483032,0
35.20374250411987,0
35.20752930641174,0
35.20756268501282,0
35.20776963233948,0
35.21702265739441,0
35.217063665390015,0
35.21708011627197,0
35.23712706565857,0
35.237191915512085,0
35.237213134765625,0
35.25789213180542,0
35.25794529914856,0
35.25796627998352,0
35.266944885253906,0
35.27373552322388,0
35.27377104759216,0
35.273791790008545,0
35.27383017539978,0
35.2770836353302,0
35.27712297439575,0
35.27719473838806,0
35.27719688415527,0
35.27720642089844,0
35.2786967754364,0
35.27875232696533,0
35.28722596168518,0
35.28922176361084,0
35.29693293571472,0
35.29698324203491,0
35.297037839889526,0
35.311506032943726,0
35.31182360649109,0
35.31234884262085,0
35.31238579750061,0
35.3136990070343,0
35.314488649368286,0
35.32008743286133,0
35.32010769844055,0
35.3201265335083,0
35.32040762901306,0
35.32042717933655,0
35.32044315338135,0
35.320560455322266,0
35.32068419456482,0
35.3374388217926,0
35.337804555892944,0
35.33802270889282,0
35.33956456184387,0
35.348142862319946,0
35.348183155059814,0
35.35737705230713,0
35.35744619369507,0
35.35750651359558,0
35.36469483375549,0
35.36474704742432,0
35.3649001121521,0
35.36500358581543,0
35.37065362930298,0
35.37085938453674,0
35.37147092819214,0
35.37354803085327,0
35.37392973899841,0
35.373950242996216,0
35.373960971832275,0
35.37777304649353,0
35.37780570983887,0
35.37807106971741,0
35.38072109222412,0
35.38081932067871,0
35.38084316253662,0
35.38241362571716,0
35.39714503288269,0
35.39715027809143,0
35.39718222618103,0
35.40206575393677,0
35.40207362174988,0
35.40210819244385,0
35.40211319923401,0
35.40630054473877,0
35.40635180473328,0
35.406378746032715,0
35.40782189369202,0
35.407829999923706,0
35.411776542663574,0
35.4118013381958,0
35.41744947433472,0
35.41749048233032,0
35.41774392127991,0
35.43436074256897,0
35.43709969520569,0
35.43734383583069,0
35.438042640686035,0
35.45734977722168,0
35.457706689834595,0
35.457757234573364,0
35.46760845184326,0
35.467671155929565,0
35.46779203414917,0
35.467830657958984,0
35.4691596031189,0
35.46962380409241,0
35.469682693481445,0
35.47976875305176,0
35.48057961463928,0
35.48059844970703,0
35.4806592464447,0
35.49373149871826,0
35.493765354156494,0
35.493829011917114,0
35.49392771720886,0
35.49394202232361,0
35.494009256362915,0
35.49478340148926,0
35.49481439590454,0
35.49486780166626,0
35.49704027175903,0
35.497074842453,0
35.49710965156555,0
35.50763511657715,0
35.50776433944702,0
35.509825468063354,0
35.51359677314758,0
35.51709246635437,0
35.5173225402832,0
35.5173978805542,0
35.53824424743652,0
35.538296699523926,0
35.53840708732605,0
35.540865659713745,0
35.54646182060242,0
35.54671764373779,0
35.55776572227478,0
35.55781960487366,0
35.557841300964355,0
35.56084990501404,0
35.56089234352112,0
35.56091523170471,0
35.56134366989136,0
35.5676486492157,0
35.56768441200256,0
35.567749977111816,0
35.570510149002075,0
35.576401710510254,0
35.57685470581055,0
35.578659772872925,0
35.57870078086853,0
35.578927993774414,0
35.595311403274536,0
35.59532833099365,0
35.595369815826416,0
35.595412492752075,0
35.59863996505737,0
35.59872364997864,0
35.59884285926819,0
35.617470264434814,0
35.61752438545227,0
35.61763429641724,0
35.62832260131836,0
35.62835335731506,0
35.6283814907074,0
35.631219148635864,0
35.63123083114624,0
35.633591175079346,0
35.63372015953064,0
35.63625383377075,0
35.63632774353027,0
35.63792824745178,0
35.63796305656433,0
35.63797903060913,0
35.63807559013367,0
35.638099193573,0
35.639437675476074,0
35.63948059082031,0
35.639636516571045,0
35.64202523231506,0
35.65759325027466,0
35.65764403343201,0
35.657665491104126,0
35.67247271537781,0
35.67287731170654,0
35.67290115356445,0
35.67292070388794,0
35.677348613739014,0
35.677374839782715,0
35.67738938331604,0
35.68333864212036,0
35.68333983421326,0
35.683361768722534,0
35.690794706344604,0
35.69554138183594,0
35.695568561553955,0
35.696739196777344,0
35.69675612449646,0
35.69676852226257,0
35.69681024551392,0
35.69777989387512,0
35.701688051223755,0
35.701704263687134,0
35.70175504684448,0
35.70642805099487,0
35.70647716522217,0
35.70869517326355,0
35.708730936050415,0
35.70933747291565,0
35.71090841293335,0
35.71690320968628,0
35.71692705154419,0
35.71693730354309,0
35.736945152282715,0
35.73698902130127,0
35.737016677856445,0
35.74177837371826,0
35.74672245979309,0
35.746755838394165,0
35.748331785202026,0
35.7483549118042,0
35.74840807914734,0
35.74844837188721,0
35.756972551345825,0
35.75699853897095,0
35.75700879096985,0
35.76054239273071,0
35.76055836677551,0
35.76061701774597,0
35.77727460861206,0
35.777304887771606,0
35.777308225631714,0
35.78367519378662,0
35.79695963859558,0
35.7969925403595,0
35.7970027923584,0
35.81712055206299,0
35.81716561317444,0
35.81718897819519,0
35.83123278617859,0
35.831461668014526,0
35.83150148391724,0
35.83165645599365,0
35.83443522453308,0
35.83509278297424,0
35.83513402938843,0
35.83705163002014,0
35.83715033531189,0
35.83790469169617,0
35.83796977996826,0
35.83801770210266,0
35.841421127319336,0
35.84167504310608,0
35.84260702133179,0
35.850268602371216,0
35.854456424713135,0
35.85448241233826,0
35.854565382003784,0
35.85468935966492,0
35.85476899147034,0
35.85479259490967,0
35.85723304748535,0
35.85726547241211,0
35.857317209243774,0
35.862531423568726,0
35.862557888031006,0
35.8625648021698,0
35.86260676383972,0
35.864222288131714,0
35.87028193473816,0
35.870323181152344,0
35.87063193321228,0
35.87752842903137,0
35.87756109237671,0
35.87757396697998,0
35.88172435760498,0
35.881730794906616,0
35.8820219039917,0
35.88203763961792,0
35.88708806037903,0
35.88714003562927,0
35.88785362243652,0
35.897090673446655,0
35.89711809158325,0
35.89712905883789,0
35.90890693664551,0
35.90893602371216,0
35.91136384010315,0
35.91138195991516,0
35.91220259666443,0
35.91389179229736,0
35.917248010635376,0
35.91727328300476,0
35.91734743118286,0
35.917908668518066,0
35.93707323074341,0
35.93709993362427,0
35.937110900878906,0
35.94186282157898,0
35.94189190864563,0
35.94515013694763,0
35.94516634941101,0
35.94555068016052,0
35.94560670852661,0
35.94564366340637,0
35.9456729888916,0
35.945730686187744,0
35.956838846206665,0
35.95705986022949,0
35.957098960876465,0
35.97722911834717,0
35.97726035118103,0
35.97727298736572,0
35.9964656829834,0
35.997536182403564,0
35.997568130493164,0
35.99758219718933,0
35.99758791923523,0
35.99760174751282,0
35.99764823913574,0
35.99773144721985,0
35.999908447265625,0
35.99992394447327,0
36.00007963180542,0
36.000603675842285,0
36.00062108039856,0
36.00226616859436,0
36.00231432914734,0
36.00481367111206,0
36.005905866622925,0
36.01698303222656,0
36.01701855659485,0
36.017033100128174,0
36.03723859786987,0
36.0372838973999,0
36.03730297088623,0
36.03857612609863,0
36.04584455490112,0
36.04588222503662,0
36.04601907730103,0
36.046088218688965,0
36.0578019618988,0
36.05785799026489,0
36.05793023109436,0
36.064430952072144,0
36.064478397369385,0
36.0645010471344,0
36.06638836860657,0
36.07519674301148,0
36.07564449310303,0
36.07705998420715,0
36.07752966880798,0
36.07764530181885,0
36.09329342842102,0
36.09333062171936,0
36.09690690040589,0
36.09693670272827,0
36.09697341918945,0
36.116934299468994,0
36.11695981025696,0
36.11697006225586,0
36.125659227371216,0
36.12659788131714,0
36.12664580345154,0
36.12668585777283,0
36.13134241104126,0
36.131381034851074,0
36.13146710395813,0
36.131484031677246,0
36.13154220581055,0
36.13620114326477,0
36.13620734214783,0
36.137423276901245,0
36.13745141029358,0
36.13746237754822,0
36.1420681476593,0
36.14209318161011,0
36.14248466491699,0
36.14248490333557,0
36.14251351356506,0
36.14252805709839,0
36.153260707855225,0
36.156893253326416,0
36.15692186355591,0
36.15693402290344,0
36.177303075790405,0
36.17732381820679,0
36.1773464679718,0
36.18749213218689,0
36.18760585784912,0
36.18762564659119,0
36.187641859054565,0
36.19058799743652,0
36.19080591201782,0
36.19084024429321,0
36.19179558753967,0
36.19689702987671,0
36.1969313621521,0
36.197009325027466,0
36.197734355926514,0
36.19775485992432,0
36.20358443260193,0
36.203654527664185,0
36.20487689971924,0
36.21779203414917,0
36.21783399581909,0
36.21785426139832,0
36.23831844329834,0
36.23843050003052,0
36.23845624923706,0
36.239606618881226,0
36.25755596160889,0
36.25759816169739,0
36.25940299034119,0
36.27071666717529,0
36.27075552940369,0
36.2707724571228,0
36.270790100097656,0
36.27497386932373,0
36.27534556388855,0
36.27617526054382,0
36.27718734741211,0
36.27721095085144,0
36.27722525596619,0
36.278096199035645,0
36.28713297843933,0
36.28715777397156,0
36.28817057609558,0
36.28819727897644,0
36.29070472717285,0
36.29073524475098,0
36.291677713394165,0
36.297309160232544,0
36.2973096370697,0
36.29817080497742,0
36.29837226867676,0
36.29865646362305,0
36.29971146583557,0
36.29975914955139,0
36.31737017631531,0
36.3174045085907,0
36.31741786003113,0
36.33777761459351,0
36.337804317474365,0
36.33783435821533,0
36.35238599777222,0
36.3563334941864,0
36.35640501976013,0
36.35697340965271,0
36.357053995132446,0
36.35707688331604,0
36.358662128448486,0
36.35877823829651,0
36.35878801345825,0
36.35879540443421,0
36.36137628555298,0
36.36142063140869,0
36.36142110824585,0
36.36189365386963,0
36.36191320419312,0
36.36192417144776,0
36.3619339466095,0
36.36434030532837,0
36.36436104774475,0
36.36437559127808,0
36.364455223083496,0
36.377713203430176,0
36.37771415710449,0
36.37774920463562,0
36.38543844223023,0
36.38545823097229,0
36.38552284240723,0
36.38555026054382,0
36.38836097717285,0
36.38839149475098,0
36.38840913772583,0
36.389525413513184,0
36.38955760002136,0
36.392831325531006,0
36.39288330078125,0
36.3968505859375,0
36.396894454956055,0
36.39691090583801,0
36.41704177856445,0
36.41706895828247,0
36.417128562927246,0
36.42713665962219,0
36.43001294136048,0
36.433066606521606,0
36.43694019317627,0
36.43697571754456,0
36.43704605102539,0
36.44945335388184,0
36.44949889183045,0
36.44959163665772,0
36.4511239528656,0
36.46987581253052,0
36.46992826461792,0
36.46998119354248,0
36.47000908851624,0
36.47004914283752,0
36.47008299827576,0
36.47012090682984,0
36.470314502716064,0
36.47047781944275,0
36.47722482681274,0
36.47757506370544,0
36.477606534957886,0
36.49473571777344,0
36.49475049972534,0
36.49487447738648,0
36.49490642547608,0
36.49741792678833,0
36.4974308013916,0
36.49744653701782,0
36.497891902923584,0
36.4979727268219,0
36.497995138168335,0
36.50126075744629,0
36.501277685165405,0
36.50363063812256,0
36.50363278388977,0
36.5061194896698,0
36.50710415840149,0
36.51503133773804,0
36.517112016677856,0
36.51711964607239,0
36.5171434879303,0
36.53704690933228,0
36.53704714775085,0
36.53709053993225,0
36.54636764526367,0
36.54713535308838,0
36.54777956008911,0
36.54805088043213,0
36.54836916923523,0
36.54839587211609,0
36.54912614822388,0
36.54961800575256,0
36.549962520599365,0
36.550940990448,0
36.55697822570801,0
36.557005405426025,0
36.5570170879364,0
36.57749652862549,0
36.57752823829651,0
36.57754325866699,0
36.57755637168884,0
36.57756757736206,0
36.57757878303528,0
36.57759094238281,0
36.579073667526245,0
36.57908296585083,0
36.57968521118164,0
36.59398865699768,0
36.59402251243591,0
36.59403562545776,0
36.59409952163696,0
36.595645904541016,0
36.59567880630493,0
36.59579992294312,0
36.596843957901,0
36.59687614440918,0
36.59688901901245,0
36.61494469642639,0
36.61530828475952,0
36.617122173309326,0
36.61715531349182,0
36.61717176437378,0
36.63489937782288,0
36.63495969772339,0
36.63744759559631,0
36.637490034103394,0
36.63750433921814,0
36.639559268951416,0
36.657304525375366,0
36.65735530853272,0
36.65745544433594,0
36.6673424243927,0
36.66740918159485,0
36.66763734817505,0
36.66766285896301,0
36.67279553413391,0
36.67288446426392,0
36.67291808128357,0
36.67764353752136,0
36.67902660369873,0
36.67906165122986,0
36.68362045288086,0
36.69627809524536,0
36.69629216194153,0
36.698049545288086,0
36.69806098937988,0
36.69809675216675,0
36.6996488571167,0
36.69966197013855,0
36.700005292892456,0
36.70695781707764,0
36.706960916519165,0
36.706971645355225,0
36.70730066299439,0
36.70988178253174,0
36.70989370346069,0
36.7099027633667,0
36.7110812664032,0
36.71299910545349,0
36.71684670448303,0
36.716859579086304,0
36.71753644943237,0
36.73382925987244,0
36.73714089393616,0
36.7371723651886,0
36.73718667030335,0
36.75710105895996,0
36.75712776184082,0
36.7571656703949,0
36.76348280906677,0
36.76350378990173,0
36.76440024375916,0
36.76440906524658,0
36.7644248008728,0
36.76446771621704,0
36.76583433151245,0
36.76677417755127,0
36.767022371292114,0
36.767035245895386,0
36.77751421928406,0
36.77754044532776,0
36.77755546569824,0
36.79342555999756,0
36.79423713684082,0
36.79687571525574,0
36.7969024181366,0
36.796937227249146,0
36.79926586151123,0
36.799850940704346,0
36.79988050460816,0
36.799903869628906,0
36.80106282234192,0
36.80119037628174,0
36.80149054527283,0
36.80775380134583,0
36.80775499343872,0
36.80996966362,0
36.810004234313965,0
36.81192779541016,0
36.81192851066589,0
36.81197118759155,0
36.812026023864746,0
36.81287145614624,0
36.81290602684021,0
36.813061237335205,0
36.81707954406738,0
36.81711387634277,0
36.8171980381012,0
36.83712339401245,0
36.83759021759033,0
36.83762860298157,0
36.837708950042725,0
36.85807204246521,0
36.85819554328919,0
36.85825538635254,0
36.87721347808838,0
36.87725806236267,0
36.87728118896485,0
36.89834451675415,0
36.89834475517273,0
36.898372173309326,0
36.90041708946228,0
36.900994300842285,0
36.90102171897888,0
36.90103435516357,0
36.903032302856445,0
36.90343403816223,0
36.90411424636841,0
36.90553998947144,0
36.90784525871277,0
36.90840435028076,0
36.91002297401428,0
36.91158151626587,0
36.91161751747131,0
36.91208505630493,0
36.91705536842346,0
36.91708731651306,0
36.91710305213928,0
36.93512654304504,0
36.93698596954346,0
36.93701410293579,0
36.937026023864746,0
36.95687818527222,0
36.95691108703613,0
36.95691537857056,0
36.96336603164673,0
36.9633674621582,0
36.965447425842285,0
36.96547627449036,0
36.96552729606629,0
36.96559548377991,0
36.96689581871033,0
36.96698212623596,0
36.96700119972229,0
36.96800351142883,0
36.97784471511841,0
36.9778516292572,0
36.97788166999817,0
36.99331212043762,0
36.99332904815674,0
36.99334073066712,0
36.99335312843323,0
36.995102405548096,0
36.99513959884644,0
36.99514269828797,0
36.997166872024536,0
36.99719858169556,0
36.99724006652832,0
36.99883699417114,0
36.99913716316223,0
37.00238871574402,0
37.00240445137024,0
37.00374937057495,0
37.017255783081055,0
37.0172917842865,0
37.01730823516846,0
37.02063488960266,0
37.02064919471741,0
37.02071666717529,0
37.02310609817505,0
37.03203749656677,0
37.032694578170776,0
37.03293561935425,0
37.03296113014221,0
37.03380465507507,0
37.03383827209473,0
37.03484010696411,0
37.03828716278076,0
37.03832197189331,0
37.03833627700806,0
37.03846001625061,0
37.03847575187683,0
37.03849124908447,0
37.038501024246216,0
37.03852200508118,0
37.038671255111694,0
37.03874468803406,0
37.05780816078186,0
37.057833194732666,0
37.05785131454468,0
37.05952525138855,0
37.07723021507263,0
37.07727098464966,0
37.07728695869446,0
37.08435463905335,0
37.08438158035278,0
37.08457636833191,0
37.08459377288818,0
37.08746552467346,0
37.08750343322754,0
37.08756136894226,0
37.089401960372925,0
37.08946061134338,0
37.091859340667725,0
37.092039585113525,0
37.09895467758179,0
37.09898328781128,0
37.09914088249207,0
37.11686944961548,0
37.11739182472229,0
37.11772632598877,0
37.12110710144043,0
37.127690076828,0
37.12770414352417,0
37.13696217536926,0
37.13699150085449,0
37.137003660202026,0
37.1412832736969,0
37.14129495620728,0
37.14129710197449,0
37.14130783081055,0
37.14306783676148,0
37.14366126060486,0
37.143667697906494,0
37.157249212265015,0
37.15731406211853,0
37.1573474407196,0
37.17729997634888,0
37.17731404304504,0
37.17732691764832,0
37.19690489768982,0
37.196937084198,0
37.19695091247559,0
37.21543765068054,0
37.21817183494568,0
37.21936583518982,0
37.21952557563782,0
37.23721957206726,0
37.2372567653656,0
37.23728394508362,0
37.24278044700623,0
37.24288868904114,0
37.24338269233704,0
37.243427991867065,0
37.246458530426025,0
37.24658703804016,0
37.24661374092102,0
37.249184370040894,0
37.249187707901,0
37.258787870407104,0
37.25960350036621,0
37.25983238220215,0
37.26175451278687,0
37.26299428939819,0
37.26477408409119,0
37.26670789718628,0
37.26687359809876,0
37.27134108543396,0
37.277100801467896,0
37.27713179588318,0
37.277132749557495,0
37.29254126548767,0
37.29319405555725,0
37.29321360588074,0
37.29321813583374,0
37.293227434158325,0
37.29324316978455,0
37.29330062866211,0
37.29494786262512,0
37.29496741294861,0
37.29497957229614,0
37.29498910903931,0
37.29605293273926,0
37.2966103553772,0
37.29663562774658,0
37.2967414855957,0
37.29746866226196,0
37.29750943183899,0
37.29752159118652,0
37.29795742034912,0
37.30314040184021,0
37.30314469337464,0
37.30575323104858,0
37.31691312789917,0
37.31693935394287,0
37.317023038864136,0
37.3332839012146,0
37.33355045318604,0
37.33499217033386,0
37.33500862121582,0
37.33501935005188,0
37.33508014678955,0
37.33768939971924,0
37.33771347999573,0
37.3395586013794,0
37.34421110153198,0
37.34423065185547,0
37.34470820426941,0
37.34503793716431,0
37.34560513496399,0
37.35047459602356,0
37.352012634277344,0
37.35372018814087,0
37.35676670074463,0
37.3567910194397,0
37.35684514045715,0
37.37791204452515,0
37.37795758247376,0
37.37801623344421,0
37.38503503799439,0
37.38767838478088,0
37.38823556900024,0
37.38839411735535,0
37.388888120651245,0
37.38902044296265,0
37.38963460922241,0
37.38986110687256,0
37.39027285575867,0
37.39473223686218,0
37.39520859718323,0
37.39572191238403,0
37.39696311950684,0
37.39699077606201,0
37.39702224731445,0
37.41705894470215,0
37.417091846466064,0
37.417107343673706,0
37.41949343681336,0
37.41970443725586,0
37.41994094848633,0
37.41996026039124,0
37.42109107971192,0
37.42111110687256,0
37.42118549346924,0
37.431960105896,0
37.43737268447876,0
37.43741226196289,0
37.43746757507324,0
37.45793175697327,0
37.45797801017761,0
37.458045959472656,0
37.46599245071411,0
37.46622109413147,0
37.46930170059204,0
37.46935725212097,0
37.4717493057251,0
37.47205924987793,0
37.47208261489868,0
37.47722220420837,0
37.47726845741272,0
37.47728681564331,0
37.49070858955383,0
37.49072551727295,0
37.49073934555054,0
37.49075746536255,0
37.49181818962097,0
37.4970223903656,0
37.49705219268799,0
37.49710249900818,0
37.5129828453064,0
37.51522517204285,0
37.51525926589966,0
37.51529860496521,0
37.51536393165589,0
37.51555681228638,0
37.51726293563843,0
37.51728940010071,0
37.5173397064209,0
37.51830887794495,0
37.5183413028717,0
37.51835227012634,0
37.51836347579956,0
37.51840496063232,0
37.51877546310425,0
37.51890254020691,0
37.51892590522766,0
37.537174701690674,0
37.53720617294312,0
37.537272453308105,0
37.5376672744751,0
37.54129219055176,0
37.54131484031677,0
37.557207107543945,0
37.557210206985474,0
37.55721807479858,0
37.55722427368164,0
37.55740833282471,0
37.55744290351868,0
37.55755829811096,0
37.558640003204346,0
37.55865216255188,0
37.55907583236694,0
37.57717037200928,0
37.577170610427856,0
37.5772020816803,0
37.591103315353394,0
37.595680713653564,0
37.59571146965027,0
37.59575414657593,0
37.59666156768799,0
37.59783887863159,0
37.59786987304688,0
37.59791922569275,0
37.5995306968689,0
37.59956336021423,0
37.59962797164917,0
37.6006600856781,0
37.60069251060486,0
37.60234522819519,0
37.60239410400391,0
37.60759544372559,0
37.61023807525635,0
37.61147332191467,0
37.617287158966064,0
37.617297410964966,0
37.61734700202942,0
37.622602224349976,0
37.62280893325806,0
37.62281823158264,0
37.62286067008972,0
37.623008251190186,0
37.62305307388306,0
37.62309670448303,0
37.638004541397095,0
37.63804602622986,0
37.63846516609192,0
37.63852858543396,0
37.642306327819824,0
37.6580126285553,0
37.65805721282959,0
37.65817451477051,0
37.66872644424439,0
37.67767930030823,0
37.678035259246826,0
37.67805981636048,0
37.69708824157715,0
37.69711470603943,0
37.6971435546875,0
37.69874000549317,0
37.6989049911499,0
37.69908976554871,0
37.69911146163941,0
37.70008611679077,0
37.700443506240845,0
37.70046615600586,0
37.70186400413513,0
37.70452904701233,0
37.706547021865845,0
37.70657539367676,0
37.7089409828186,0
37.70895671844482,0
37.70994997024536,0
37.71691823005676,0
37.71692252159119,0
37.7169451713562,0
37.71852731704712,0
37.718557596206665,0
37.72082996368408,0
37.72164750099182,0
37.72181820869446,0
37.721853494644165,0
37.74015235900879,0
37.74017834663391,0
37.740212202072144,0
37.74504113197327,0
37.745177268981934,0
37.745216846466064,0
37.74714803695679,0
37.74718117713928,0
37.74719262123108,0
37.74720358848572,0
37.74916648864746,0
37.74923586845398,0
37.74925518035889,0
37.74981594085693,0
37.75676465034485,0
37.75678992271423,0
37.75683832168579,0
37.77717137336731,0
37.77717351913452,0
37.7772114276886,0
37.7972149848938,0
37.79727244377136,0
37.79727911949158,0
37.80794024467468,0
37.80795764923096,0
37.807979345321655,0
37.80802655220032,0
37.8125479221344,0
37.81255221366882,0
37.812593936920166,0
37.81435585021973,0
37.81492638587952,0
37.81649851799011,0
37.81656455993652,0
37.817479848861694,0
37.81751775741577,0
37.81754207611084,0
37.81890892982483,0
37.82645845413208,0
37.826491594314575,0
37.82654118537903,0
37.826589822769165,0
37.8286988735199,0
37.82882595062256,0
37.82885098457336,0
37.83315753936768,0
37.83746123313904,0
37.83750033378601,0
37.83751630783081,0
37.85709571838379,0
37.8571367263794,0
37.85722303390503,0
37.87326431274414,0
37.87382364273071,0
37.87386465072632,0
37.874202251434326,0
37.88378548622131,0
37.88379406929016,0
37.88437533378601,0
37.88447380065918,0
37.88449263572693,0
37.88496422767639,0
37.88525915145874,0
37.88648533821106,0
37.88680505752564,0
37.88746047019959,0
37.89089870452881,0
37.89106464385986,0
37.89748883247376,0
37.89752578735352,0
37.90004467964173,0
37.9170880317688,0
37.917142152786255,0
37.91715288162232,0
37.92069888114929,0
37.92485666275024,0
37.92486643791199,0
37.93691563606262,0
37.93694877624512,0
37.93695878982544,0
37.9529082775116,0
37.95324230194092,0
37.9533748626709,0
37.9533998966217,0
37.95535898208618,0
37.95547580718994,0
37.955498933792114,0
37.95681548118591,0
37.95704221725464,0
37.95729041099548,0
37.95780658721924,0
37.95954084396362,0
37.963141679763794,0
37.967748165130615,0
37.96777606010437,0
37.967790603637695,0
37.967836141586304,0
37.976922035217285,0
37.97695541381836,0
37.97699332237244,0
37.9814875125885,0
37.98165535926819,0
37.98184585571289,0
37.9850640296936,0
37.98510503768921,0
37.9851188659668,0
37.98513126373291,0
37.98597359657288,0
37.98630738258362,0
37.98633933067322,0
37.99691152572632,0
37.99695658683777,0
37.99696946144104,0
38.003053188323975,0
38.00311636924744,0
38.00378608703613,0
38.00385427474976,0
38.00468969345093,0
38.01755714416504,0
38.01762843132019,0
38.0176682472229,0
38.0205762386322,0
38.02087020874024,0
38.02111625671387,0
38.021815061569214,0
38.024598360061646,0
38.0248293876648,0
38.0248441696167,0
38.032626152038574,0
38.03707718849182,0
38.03711652755737,0
38.03716611862183,0
38.05819773674011,0
38.058770179748535,0
38.05881214141846,0
38.071857929229736,0
38.07189607620239,0
38.0719153881073,0
38.07199239730835,0
38.07404112815857,0
38.07450413703919,0
38.078356981277466,0
38.0783896446228,0
38.07981944084168,0
38.07985806465149,0
38.07987546920776,0
38.07988953590393,0
38.09757423400879,0
38.097601890563965,0
38.09761261940002,0
38.10750889778137,0
38.107526779174805,0
38.1097674369812,0
38.10993933677673,0
38.11079287528992,0
38.11408448219299,0
38.11442446708679,0
38.11699628829956,0
38.11702418327332,0
38.11726832389832,0
38.12115025520325,0
38.12167119979858,0
38.12171077728272,0
38.12190890312195,0
38.12358021736145,0
38.1235933303833,0
38.12374687194824,0
38.13690781593323,0
38.137070655822754,0
38.13717436790466,0
38.15300488471985,0
38.15675330162048,0
38.15690016746521,0
38.15691781044006,0
38.17761731147766,0
38.17765545845032,0
38.177950859069824,0
38.193603515625,0
38.19367504119873,0
38.19380187988281,0
38.19456911087036,0
38.2006413936615,0
38.20067381858826,0
38.20068597793579,0
38.20076942443848,0
38.20079445838928,0
38.200807094573975,0
38.20087718963623,0
38.20091390609741,0
38.20095252990723,0
38.200990200042725,0
38.20778846740723,0
38.20778894424439,0
38.20868444442749,0
38.20972776412964,0
38.2169816493988,0
38.21702265739441,0
38.21703505516052,0
38.22266960144043,0
38.22291946411133,0
38.22294807434082,0
38.22307252883911,0
38.22481536865234,0
38.224873304367065,0
38.22489309310913,0
38.22627973556519,0
38.226316928863525,0
38.2267541885376,0
38.2267689704895,0
38.23145771026611,0
38.23149371147156,0
38.23167300224304,0
38.23703479766846,0
38.2371997833252,0
38.23732352256775,0
38.25406622886658,0
38.257242918014526,0
38.257285833358765,0
38.2573139667511,0
38.2772057056427,0
38.277241230010986,0
38.27734065055847,0
38.280336141586304,0
38.28036403656006,0
38.2804639339447,0
38.28056263923645,0
38.29436564445496,0
38.29439902305603,0
38.29450154304504,0
38.29819846153259,0
38.29831337928772,0
38.29847359657288,0
38.30388951301575,0
38.304027795791626,0
38.30840587615967,0
38.30843663215637,0
38.30926704406738,0
38.31740212440491,0
38.317644119262695,0
38.31766676902771,0
38.32356238365173,0
38.32383847236633,0
38.32454776763916,0
38.32585406303406,0
38.32587814331055,0
38.326101779937744,0
38.32677221298218,0
38.327149629592896,0
38.32757353782654,0
38.33714866638184,0
38.33717226982117,0
38.33721423149109,0
38.34084701538086,0
38.34321975708008,0
38.35262107849121,0
38.35686111450195,0
38.35689377784729,0
38.35691642761231,0
38.37725353240967,0
38.37728404998779,0
38.377289056777954,0
38.39545178413391,0
38.395485162734985,0
38.39571571350098,0
38.39574337005615,0
38.3971643447876,0
38.39737677574158,0
38.39806318283081,0
38.39894270896912,0
38.39894342422485,0
38.39944124221802,0
38.40037250518799,0
38.4004065990448,0
38.40185546875,0
38.40217471122742,0
38.40268063545227,0
38.41501903533936,0
38.41506361961365,0
38.41510200500488,0
38.41510891914368,0
38.41515612602234,0
38.41525340080261,0
38.41527199745178,0
38.4172351360321,0
38.41726541519165,0
38.41727924346924,0
38.437251567840576,0
38.43729591369629,0
38.43731474876404,0
38.4381046295166,0
38.44413781166077,0
38.44415712356568,0
38.44432544708252,0
38.44435095787048,0
38.45711708068848,0
38.45716142654419,0
38.4573392868042,0
38.469568967819214,0
38.46956968307495,0
38.47056460380554,0
38.475043535232544,0
38.47510600090027,0
38.4751250743866,0
38.47529149055481,0
38.47674322128296,0
38.47678542137146,0
38.47680616378784,0
38.477205753326416,0
38.47838068008423,0
38.4784152507782,0
38.47922444343567,0
38.49238061904907,0
38.49396634101868,0
38.49400734901428,0
38.49401044845581,0
38.4940664768219,0
38.4943151473999,0
38.49446105957031,0
38.49465203285217,0
38.4947030544281,0
38.49560451507568,0
38.49564552307129,0
38.49703741073608,0
38.497063636779785,0
38.49707412719727,0
38.51701045036316,0
38.51703643798828,0
38.51709342002869,0
38.535818338394165,0
38.53683972358704,0
38.53687071800232,0
38.53689694404602,0
38.55711436271668,0
38.557151079177856,0
38.5578031539917,0
38.57165598869324,0
38.57167172431946,0
38.57305097579956,0
38.57308268547058,0
38.57311987876892,0
38.57423448562622,0
38.57563614845276,0
38.57565498352051,0
38.57571077346802,0
38.57632756233215,0
38.57694387435913,0
38.577040910720825,0
38.57705783843994,0
38.57909631729126,0
38.59235668182373,0
38.59759616851807,0
38.59762406349182,0
38.597673416137695,0
38.59891676902771,0
38.600780725479126,0
38.600786209106445,0
38.60090136528015,0
38.60106682777405,0
38.60108280181885,0
38.6011700630188,0
38.60186886787415,0
38.60188984870911,0
38.60315012931824,0
38.603150367736816,0
38.60555553436279,0
38.60646295547485,0
38.60739231109619,0
38.617504358291626,0
38.61757397651672,0
38.61762619018555,0
38.62276244163513,0
38.62407636642456,0
38.62409210205078,0
38.624106645584106,0
38.62575078010559,0
38.6259708404541,0
38.62611603736877,0
38.63725996017456,0
38.63726019859314,0
38.63730692863464,0
38.65473413467407,0
38.658010721206665,0
38.65806269645691,0
38.658082723617554,0
38.677478551864624,0
38.677748918533325,0
38.67782068252564,0
38.68358969688416,0
38.68362379074097,0
38.68363857269287,0
38.68364143371582,0
38.6877703666687,0
38.68777227401733,0
38.68779253959656,0
38.696873903274536,0
38.696903228759766,0
38.69694375991821,0
38.714203119277954,0
38.71425104141235,0
38.71426701545715,0
38.71427774429321,0
38.71587753295898,0
38.71595406532288,0
38.71616506576538,0
38.71794486045837,0
38.71797442436218,0
38.71941494941712,0
38.72079038619995,0
38.720797300338745,0
38.72080540657044,0
38.72081136703491,0
38.72184157371521,0
38.72888541221619,0
38.72890686988831,0
38.73023343086243,0
38.731226205825806,0
38.7312490940094,0
38.73135018348694,0
38.73251509666443,0
38.732834339141846,0
38.73297572135925,0
38.73695707321167,0
38.73698282241821,0
38.73699331283569,0
38.737586975097656,0
38.75689458847046,0
38.75692319869995,0
38.75693368911743,0
38.76208281517029,0
38.76235556602478,0
38.76240634918213,0
38.762423276901245,0
38.76381254196167,0
38.76381826400757,0
38.76447796821594,0
38.76531910896301,0
38.77715849876404,0
38.77719187736511,0
38.77719330787659,0
38.778735876083374,0
38.797056913375854,0
38.79708647727966,0
38.79709815979004,0
38.80141806602478,0
38.80142617225647,0
38.80336356163025,0
38.80339121818543,0
38.80400514602661,0
38.81731843948364,0
38.81734991073608,0
38.81740689277649,0
38.81887745857239,0
38.81890511512756,0
38.81890821456909,0
38.818925619125366,0
38.82274603843689,0
38.82277417182922,0
38.82277536392212,0
38.83698654174805,0
38.83702778816223,0
38.83713126182556,0
38.85708332061768,0
38.85716152191162,0
38.85716247558594,0
38.86607241630554,0
38.87505912780762,0
38.87508773803711,0
38.87517404556274,0
38.87519907951355,0
38.87537670135498,0
38.87540078163147,0
38.87635183334351,0
38.87637591362,0
38.87713885307312,0
38.877270460128784,0
38.87732481956482,0
38.881861209869385,0
38.8970365524292,0
38.89706230163574,0
38.89706301689148,0
38.905733823776245,0
38.90575861930847,0
38.90736770629883,0
38.90739130973816,0
38.90800905227661,0
38.91147661209106,0
38.9114990234375,0
38.91731524467468,0
38.91731572151184,0
38.91732740402222,0
38.91874432563782,0
38.92041230201721,0
38.92057728767395,0
38.920599937438965,0
38.92379403114319,0
38.92381405830383,0
38.92449164390564,0
38.93698287010193,0
38.93701171875,0
38.93702435493469,0
38.956910133361816,0
38.95692753791809,0
38.95696806907654,0
38.97712445259094,0
38.97715997695923,0
38.9771773815155,0
38.9820032119751,0
38.9820339679718,0
38.98203468322754,0
38.98205471038818,0
38.98383283615112,0
38.98387432098389,0
38.98407173156738,0
38.984869956970215,0
38.997498750686646,0
38.99751114845276,0
38.99754142761231,0
39.01754283905029,0
39.01756858825684,0
39.01765012741089,0
39.03607630729675,0
39.036181926727295,0
39.03621172904968,0
39.03632640838623,0
39.03655767440796,0
39.03659009933472,0
39.03667974472046,0
39.039377212524414,0
39.03941082954407,0
39.03948450088501,0
39.03954529762268,0
39.0396740436554,0
39.04026675224304,0
39.04029822349548,0
39.04132676124573,0
39.048604011535645,0
39.05775666236877,0
39.05798697471619,0
39.05823230743408,0
39.06240701675415,0
39.0637788772583,0
39.0638382434845,0
39.06535482406616,0
39.06628108024597,0
39.06630253791809,0
39.06639552116394,0
39.07641530036926,0
39.07655668258667,0
39.07702136039734,0
39.07703924179077,0
39.07709646224976,0
39.078683376312256,0
39.078744411468506,0
39.09704256057739,0
39.09704279899597,0
39.09707760810852,0
39.11694550514221,0
39.11697268486023,0
39.11698269844055,0
39.132158041000366,0
39.13599276542664,0
39.13670539855957,0
39.13717341423035,0
39.13718986511231,0
39.13720107078552,0
39.13856267929077,0
39.13857746124268,0
39.13862776756287,0
39.1386284828186,0
39.13882780075073,0
39.13965559005737,0
39.13968992233277,0
39.140602350234985,0
39.14068388938904,0
39.15359616279602,0
39.156798362731934,0
39.15682482719421,0
39.15688133239746,0
39.17774534225464,0
39.17777752876282,0
39.1778256893158,0
39.19313669204712,0
39.19319128990173,0
39.19321060180664,0
39.19330310821533,0
39.195475816726685,0
39.19559621810913,0
39.19561576843262,0
39.19744062423706,0
39.19747281074524,0
39.19757676124573,0
39.198553800582886,0
39.19856858253479,0
39.19858193397522,0
39.19887042045593,0
39.20035696029663,0
39.20086336135864,0
39.20089554786682,0
39.20155358314514,0
39.201581954956055,0
39.202571392059326,0
39.20257472991944,0
39.20669507980347,0
39.2142870426178,0
39.21674776077271,0
39.2167718410492,0
39.21681833267212,0
39.23719382286072,0
39.237228870391846,0
39.23723316192627,0
39.25202298164368,0
39.25248408317566,0
39.25251626968384,0
39.25253248214722,0
39.25580167770386,0
39.25582551956177,0
39.25594782829285,0
39.25720620155335,0
39.25724005699158,0
39.257256746292114,0
39.25733828544617,0
39.260119676589966,0
39.265854835510254,0
39.27702069282532,0
39.27709174156189,0
39.27709650993347,0
39.29856991767883,0
39.29859948158264,0
39.29861187934876,0
39.30005598068237,0
39.30008339881897,0
39.30009508132935,0
39.3004801273346,0
39.30378603935242,0
39.30381226539612,0
39.30499505996704,0
39.305463552474976,0
39.307466983795166,0
39.30936241149902,0
39.30938839912415,0
39.31649208068848,0
39.3165225982666,0
39.3170804977417,0
39.31782484054565,0
39.31782913208008,0
39.32037687301636,0
39.33741497993469,0
39.33743953704834,0
39.33745050430298,0
39.34040236473084,0
39.34067058563232,0
39.34198570251465,0
39.342010259628296,0
39.34205198287964,0
39.34251022338867,0
39.34334897994995,0
39.34419822692871,0
39.344223499298096,0
39.35314202308655,0
39.35681819915772,0
39.356844425201416,0
39.35685563087464,0
39.37700533866882,0
39.37703990936279,0
39.37705302238464,0
39.38082814216614,0
39.38085842132568,0
39.38087439537048,0
39.38089060783386,0
39.38355779647827,0
39.38359212875366,0
39.38360929489136,0
39.39545011520386,0
39.39548635482788,0
39.397050857543945,0
39.39708662033081,0
39.39715123176575,0
39.4004020690918,0
39.4004282951355,0
39.413923025131226,0
39.41742992401123,0
39.41746425628662,0
39.417587995529175,0
39.43700385093689,0
39.43701672554016,0
39.437039852142334,0
39.44508123397827,0
39.44509482383728,0
39.44511604309082,0
39.445119857788086,0
39.448126554489136,0
39.44813895225525,0
39.44814515113831,0
39.449955224990845,0
39.44999551773071,0
39.45001173019409,0
39.45002627372742,0
39.45310401916504,0
39.453123569488525,0
39.45321583747864,0
39.455092906951904,0
39.4572172164917,0
39.457510471344,0
39.45753192901611,0
39.47727227210999,0
39.47730875015259,0
39.4773325920105,0
39.4921190738678,0
39.492135763168335,0
39.49214696884155,0
39.49215888977051,0
39.49393677711487,0
39.494473934173584,0
39.49453520774841,0
39.497029542922974,0
39.49708032608032,0
39.497193336486816,0
39.50352168083191,0
39.50369477272034,0
39.50584506988525,0
39.50586009025574,0
39.51550316810608,0
39.516897201538086,0
39.51693153381348,0
39.51745343208313,0
39.53679943084717,0
39.5368242263794,0
39.53683614730835,0
39.53684663772583,0
39.5374927520752,0
39.53859329223633,0
39.5388560295105,0
39.53887939453125,0
39.538923025131226,0
39.55783581733704,0
39.5578556060791,0
39.55790758132935,0
39.55794358253479,0
39.55798578262329,0
39.5593249797821,0
39.55987358093262,0
39.57699370384216,0
39.57702684402466,0
39.57704210281372,0
39.58328795433045,0
39.58498930931091,0
39.585004568099976,0
39.58504724502564,0
39.5873658657074,0
39.58740282058716,0
39.58856558799744,0
39.58858942985535,0
39.593345165252686,0
39.597153186798096,0
39.59718775749207,0
39.59729504585266,0
39.61602520942688,0
39.617480754852295,0
39.61748290061951,0
39.617512702941895,0
39.6179940700531,0
39.61948919296265,0
39.61952829360962,0
39.61984300613403,0
39.619951009750366,0
39.61997485160828,0
39.63713622093201,0
39.63752865791321,0
39.63755393028259,0
39.65736436843872,0
39.65737748146057,0
39.65740442276001,0
39.66303253173828,0
39.68167924880981,0
39.681723833084106,0
39.68174862861633,0
39.6818265914917,0
39.68188691139221,0
39.68194842338562,0
39.6820228099823,0
39.68826937675476,0
39.688313007354736,0
39.688334941864014,0
39.68973016738892,0
39.68978023529053,0
39.68979620933533,0
39.69005060195923,0
39.69846367835999,0
39.698466062545776,0
39.69847989082336,0
39.70419502258301,0
39.704230546951294,0
39.70423078536987,0
39.71066904067993,0
39.7107310295105,0
39.71208548545837,0
39.71229410171509,0
39.712902307510376,0
39.718029260635376,0
39.71808671951294,0
39.71811127662659,0
39.72850680351257,0
39.72902321815491,0
39.730003118515015,0
39.73004174232483,0
39.730095863342285,0
39.73011517524719,0
39.73133826255798,0
39.73168134689331,0
39.73194146156311,0
39.74045848846436,0
39.74051117897034,0
39.74068236351013,0
39.74147152900696,0
39.744611501693726,0
39.759642124176025,0
39.75970339775085,0
39.75973057746887,0
39.76070690155029,0
39.766294717788696,0
39.76884078979492,0
39.76888370513916,0
39.768940448760986,0
39.77727961540222,0
39.77733016014099,0
39.77735090255737,0
39.78939294815064,0
39.7894937992096,0
39.79752492904663,0
39.7977979183197,0
39.79792928695679,0
39.79853796958923,0
39.79856324195862,0
39.79858207702637,0
39.804136514663696,0
39.80416202545166,0
39.80664157867432,0
39.806676149368286,0
39.81217050552368,0
39.81896662712097,0
39.81900596618652,0
39.81901955604553,0
39.82142448425293,0
39.82179498672485,0
39.821821451187134,0
39.82183527946472,0
39.82523036003113,0
39.82525563240051,0
39.8252637386322,0
39.82532787322998,0
39.83709859848023,0
39.83713936805725,0
39.83715963363648,0
39.83873105049133,0
39.839998960495,0
39.844231367111206,0
39.844794034957886,0
39.84482383728027,0
39.84485912322998,0
39.85352540016174,0
39.85354495048523,0
39.85361051559448,0
39.85705089569092,0
39.85709261894226,0
39.85710835456848,0
39.87724280357361,0
39.87729001045227,0
39.877309799194336,0
39.88397264480591,0
39.88402342796326,0
39.88621783256531,0
39.886319398880005,0
39.88724637031555,0
39.89777684211731,0
39.89782190322876,0
39.89784550666809,0
39.90701675415039,0
39.90987920761109,0
39.90992736816406,0
39.9099497795105,0
39.91336989402771,0
39.91337299346924,0
39.91339635848999,0
39.91795182228088,0
39.91796541213989,0
39.91968131065369,0
39.919729471206665,0
39.91977953910828,0
39.91982436180115,0
39.92104959487915,0
39.92116189002991,0
39.92118716239929,0
39.923935651779175,0
39.93756699562073,0
39.93760776519776,0
39.93767237663269,0
39.94654750823975,0
39.94720387458801,0
39.94892430305481,0
39.94895386695862,0
39.95028519630432,0
39.95032596588135,0
39.95199632644653,0
39.95213150978088,0
39.95391654968262,0
39.95901799201965,0
39.95905542373657,0
39.95910286903381,0
39.97376155853272,0
39.977120876312256,0
39.97716307640076,0
39.97718119621277,0
39.99732995033264,0
39.99737906455994,0
39.9975061416626,0
40.01150918006897,0
40.01191806793213,0
40.012304067611694,0
40.01247358322144,0
40.01318359375,0
40.01337504386902,0
40.01399993896485,0
40.018186807632446,0
40.01837706565857,0
40.01839470863342,0
40.01953268051148,0
40.019553422927856,0
40.01962161064148,0
40.01963973045349,0
40.01985812187195,0
40.024733543396,0
40.037270307540894,0
40.03730273246765,0
40.03732347488403,0
40.03741836547852,0
40.04517126083374,0
40.04558348655701,0
40.04590940475464,0
40.04593420028687,0
40.05718493461609,0
40.05723738670349,0
40.0572669506073,0
40.060625076293945,0
40.06066060066223,0
40.06078553199768,0
40.07726311683655,0
40.07731080055237,0
40.077423095703125,0
40.08633732795715,0
40.09903430938721,0
40.09916973114014,0
40.09919810295105,0
40.11442828178406,0
40.11722230911255,0
40.11726140975952,0
40.117302656173706,0
40.11889171600342,0
40.11892199516296,0
40.11920142173767,0
40.1201400756836,0
40.120227336883545,0
40.120267391204834,0
40.12110781669617,0
40.12126350402832,0
40.1328489780426,0
40.13292098045349,0
40.13752579689026,0
40.137571573257446,0
40.13769459724426,0
40.14202952384949,0
40.145753622055054,0
40.15127205848694,0
40.15719652175903,0
40.15739560127258,0
40.15741753578186,0
40.15743541717529,0
40.15745210647583,0
40.16383051872253,0
40.16410708427429,0
40.16426372528076,0
40.1643271446228,0
40.16817331314087,0
40.168211460113525,0
40.16832518577576,0
40.17005681991577,0
40.17021822929382,0
40.170344829559326,0
40.17046475410461,0
40.17791604995728,0
40.177953481674194,0
40.17797541618347,0
40.17866849899292,0
40.18247175216675,0
40.18251776695252,0
40.182945013046265,0
40.19723606109619,0
40.19728970527649,0
40.19730758666992,0
40.21709942817688,0
40.21712684631348,0
40.21784663200378,0
40.222992181777954,0
40.223031759262085,0
40.22303485870361,0
40.22305011749268,0
40.22692346572876,0
40.22697997093201,0
40.22702693939209,0
40.22820568084717,0
40.22824263572693,0
40.23144888877869,0
40.23146915435791,0
40.23307228088379,0
40.23741817474365,0
40.23744702339173,0
40.23745059967041,0
40.2560179233551,0
40.25738334655762,0
40.25742506980896,0
40.25742530822754,0
40.27719593048096,0
40.27724027633667,0
40.2774441242218,0
40.28294563293457,0
40.28317403793335,0
40.28320288658142,0
40.28322625160217,0
40.28789806365967,0
40.28813338279724,0
40.28816676139832,0
40.289660930633545,0
40.29752564430237,0
40.29755449295044,0
40.29757475852966,0
40.30072903633118,0
40.30078744888306,0
40.31872344017029,0
40.318755865097046,0
40.31892108917236,0
40.32525420188904,0
40.32534956932068,0
40.3268678188324,0
40.32777261734009,0
40.33135962486267,0
40.34013247489929,0
40.34017372131348,0
40.3402316570282,0
40.34360122680664,0
40.34362554550171,0
40.343642234802246,0
40.34654474258423,0
40.34668445587158,0
40.34670400619507,0
40.34672141075134,0
40.34685826301575,0
40.34686875343323,0
40.3571572303772,0
40.35719847679138,0
40.35721778869629,0
40.36384677886963,0
40.36699318885803,0
40.368117332458496,0
40.3771550655365,0
40.37720465660095,0
40.37722563743591,0
40.38473868370056,0
40.38476991653442,0
40.38477182388306,0
40.38503170013428,0
40.38813829421997,0
40.388325691223145,0
40.38859534263611,0
40.39057230949402,0
40.39059901237488,0
40.39777946472168,0
40.39781808853149,0
40.39783406257629,0
40.40685749053955,0
40.40687966346741,0
40.40689277648926,0
40.406999588012695,0
40.40710926055908,0
40.40730094909668,0
40.40743899345398,0
40.40766906738281,0
40.40783333778381,0
40.41723012924194,0
40.4172842502594,0
40.41737723350525,0
40.43651866912842,0
40.43732833862305,0
40.43737196922302,0
40.43741321563721,0
40.45752453804016,0
40.45757937431336,0
40.457608461380005,0
40.45897364616394,0
40.461432456970215,0
40.461936235427856,0
40.46232485771179,0
40.46321892738342,0
40.463878870010376,0
40.463977098464966,0
40.47630524635315,0
40.47747898101807,0
40.47753429412842,0
40.47785258293152,0
40.500083208084106,0
40.50015997886658,0
40.50019097328186,0
40.51256442070007,0
40.512593030929565,0
40.51262187957764,0
40.51270246505737,0
40.51657676696777,0
40.51660227775574,0
40.51662635803223,0
40.51790261268616,0
40.518006801605225,0
40.51808023452759,0
40.519124269485474,0
40.51915097236633,0
40.51932406425476,0
40.51935052871704,0
40.53712129592896,0
40.53715372085571,0
40.53724026679993,0
40.550894260406494,0
40.557833194732666,0
40.55787372589111,0
40.55793261528015,0
40.55868148803711,0
40.55872321128845,0
40.56192207336426,0
40.56195831298828,0
40.56197476387024,0
40.56199383735657,0
40.56241488456726,0
40.56247639656067,0
40.56267213821411,0
40.56268835067749,0
40.56658887863159,0
40.57509970664978,0
40.57771444320679,0
40.5777530670166,0
40.5778067111969,0
40.59748959541321,0
40.59753847122192,0
40.59754371643066,0
40.61129426956177,0
40.61132001876831,0
40.6113383769989,0
40.6113543510437,0
40.61695265769959,0
40.61699533462525,0
40.61737012863159,0
40.617732763290405,0
40.61802220344544,0
40.61804509162903,0
40.62058663368225,0
40.62070918083191,0
40.62459421157837,0
40.62466931343079,0
40.632588148117065,0
40.63702368736267,0
40.63705515861511,0
40.63741397857666,0
40.6537709236145,0
40.65388226509094,0
40.65462350845337,0
40.654699087142944,0
40.65758299827576,0
40.65762186050415,0
40.657639265060425,0
40.66118264198303,0
40.6620557308197,0
40.66211032867432,0
40.66554832458496,0
40.66559314727783,0
40.66559863090515,0
40.6656506061554,0
40.66736054420471,0
40.66814422607422,0
40.66847896575928,0
40.66893029212952,0
40.673877239227295,0
40.67535901069641,0
40.67624115943909,0
40.67996048927307,0
40.680018186569214,0
40.68001937866211,0
40.68190598487854,0
40.6862096786499,0
40.6866466999054,0
40.68667888641357,0
40.68673872947693,0
40.69194769859314,0
40.69198226928711,0
40.69202470779419,0
40.69715976715088,0
40.69719195365906,0
40.71792650222778,0
40.71794748306274,0
40.71796631813049,0
40.73755812644959,0
40.73760795593262,0
40.73762583732605,0
40.75727844238281,0
40.75732970237732,0
40.7573504447937,0
40.76282858848572,0
40.76290464401245,0
40.76703119277954,0
40.76708340644837,0
40.77118492126465,0
40.77721667289734,0
40.777260065078735,0
40.77733087539673,0
40.7909951210022,0
40.790995359420776,0
40.79107213020325,0
40.79145097732544,0
40.79148578643799,0
40.79151439666748,0
40.79614448547363,0
40.79628348350525,0
40.79634475708008,0
40.79753017425537,0
40.79771041870117,0
40.7977135181427,0
40.80368447303772,0
40.80628204345703,0
40.80661058425903,0
40.8095166683197,0
40.80955934524536,0
40.81448936462402,0
40.81728959083557,0
40.81740355491638,0
40.81810879707336,0
40.83719992637634,0
40.83723568916321,0
40.83725190162659,0
40.84697914123535,0
40.84744238853455,0
40.84809541702271,0
40.84873270988464,0
40.8504741191864,0
40.85110116004944,0
40.85179543495178,0
40.85185527801514,0
40.852641105651855,0
40.857138872146606,0
40.857139348983765,0
40.85720753669739,0
40.86660075187683,0
40.876242876052856,0
40.87741279602051,0
40.87746024131775,0
40.87789249420166,0
40.87996315956116,0
40.88008975982666,0
40.88041090965271,0
40.89824676513672,0
40.898263454437256,0
40.89831590652466,0
40.91057538986206,0
40.91062664985657,0
40.91097950935364,0
40.91247773170471,0
40.91264462471008,0
40.915274143218994,0
40.91563820838928,0
40.91805338859558,0
40.91818571090698,0
40.91821312904358,0
40.92036294937134,0
40.92040729522705,0
40.920477628707886,0
40.92049932479858,0
40.92366361618042,0
40.923707723617554,0
40.9237174987793,0
40.92750215530396,0
40.93880224227905,0
40.938860177993774,0
40.93892574310303,0
40.95637392997742,0
40.95641732215881,0
40.95788836479187,0
40.95790672302246,0
40.957979917526245,0
40.958003282547,0
40.958077907562256,0
40.95866322517395,0
40.959463357925415,0
40.96060132980347,0
40.96069121360779,0
40.96071648597717,0
40.96297788619995,0
40.967838525772095,0
40.97026968002319,0
40.97728538513184,0
40.97732162475586,0
40.97762703895569,0
40.98797249794006,0
40.98801231384277,0
40.98828840255737,0
40.98831915855408,0
40.990344285964966,0
40.99040293693543,0
40.99078321456909,0
40.99213194847107,0
40.99219012260437,0
41.00639247894287,0
41.00644207000733,0
41.0064651966095,0
41.00684356689453,0
41.00688600540161,0
41.008410692214966,0
41.008511543273926,0
41.01726031303406,0
41.0173020362854,0
41.01731944084168,0
41.03433299064636,0
41.037429332733154,0
41.03748059272766,0
41.037999391555786,0
41.05791354179382,0
41.05797481536865,0
41.05849432945252,0
41.0671968460083,0
41.06725454330444,0
41.067638635635376,0
41.06788921356201,0
41.0730242729187,0
41.0733745098114,0
41.07432270050049,0
41.07944583892822,0
41.0794939994812,0
41.07982277870178,0
41.09022498130798,0
41.09742617607117,0
41.09747838973999,0
41.0975034236908,0
41.09796977043152,0
41.09965801239014,0
41.09971833229065,0
41.1014130115509,0
41.11519527435303,0
41.11530613899231,0
41.11551380157471,0
41.11770009994507,0
41.11807680130005,0
41.11811327934265,0
41.11932682991028,0
41.11936831474304,0
41.13396263122559,0
41.13399767875672,0
41.13411831855774,0
41.134192943573,0
41.14183807373047,0
41.141865968704224,0
41.142022132873535,0
41.149090051651,0
41.15358185768128,0
41.153602600097656,0
41.15537142753601,0
41.1553955078125,0
41.1556396484375,0
41.155667543411255,0
41.15746879577637,0
41.15750002861023,0
41.15786623954773,0
41.15798854827881,0
41.15804624557495,0
41.15809011459351,0
41.162922382354736,0
41.16294622421265,0
41.16295409202576,0
41.16296792030335,0
41.164814710617065,0
41.16490721702576,0
41.165000200271606,0
41.16602373123169,0
41.17726635932922,0
41.17728352546692,0
41.177300214767456,0
41.19551658630371,0
41.195762157440186,0
41.19580149650574,0
41.19585728645325,0
41.198219776153564,0
41.19844841957092,0
41.19848155975342,0
41.20204734802246,0
41.20224857330322,0
41.20227384567261,0
41.20243096351624,0
41.20256972312927,0
41.20524048805237,0
41.20583534240723,0
41.21061968803406,0
41.21510100364685,0
41.2174026966095,0
41.21743559837341,0
41.217488050460815,0
41.23698544502258,0
41.23705744743347,0
41.23706340789795,0
41.23810195922852,0
41.23850703239441,0
41.23879671096802,0
41.23882865905762,0
41.24003410339356,0
41.24017643928528,0
41.24023175239563,0
41.25253438949585,0
41.256980895996094,0
41.25702095031738,0
41.25712776184082,0
41.27721452713013,0
41.277254581451416,0
41.27727198600769,0
41.29717969894409,0
41.297224044799805,0
41.29755139350891,0
41.31864833831787,0
41.31867957115173,0
41.31912922859192,0
41.319130659103394,0
41.31917142868042,0
41.33752131462097,0
41.33757972717285,0
41.337605237960815,0
41.35431361198425,0
41.35454440116882,0
41.35463237762451,0
41.354838848114014,0
41.355985164642334,0
41.35607719421387,0
41.35610675811768,0
41.35842394828797,0
41.35909485816956,0
41.359100580215454,0
41.36052751541138,0
41.36162209510803,0
41.366575479507446,0
41.36660814285278,0
41.36849856376648,0
41.36859059333801,0
41.369627714157104,0
41.377267360687256,0
41.37731742858887,0
41.37733793258667,0
41.39560317993164,0
41.395636320114136,0
41.395660161972046,0
41.39596223831177,0
41.39797472953797,0
41.39824628829956,0
41.398353815078735,0
41.40180993080139,0
41.40196084976196,0
41.40772128105164,0
41.410584926605225,0
41.41062927246094,0
41.41065502166748,0
41.41070890426636,0
41.41088604927063,0
41.41289615631104,0
41.412935733795166,0
41.413285970687866,0
41.41332626342773,0
41.41857767105103,0
41.4196343421936,0
41.41968894004822,0
41.42488551139832,0
41.42636752128601,0
41.42770123481751,0
41.434990882873535,0
41.43501019477844,0
41.43502759933472,0
41.4350311756134,0
41.43786907196045,0
41.43791747093201,0
41.43806743621826,0
41.4382860660553,0
41.4382951259613,0
41.4384605884552,0
41.43978357315064,0
41.44220328330994,0
41.44221043586731,0
41.450053691864014,0
41.45007991790772,0
41.4500937461853,0
41.450108766555786,0
41.45705103874207,0
41.457091331481934,0
41.457109451293945,0
41.45825457572937,0
41.45832657814026,0
41.45852541923523,0
41.459988594055176,0
41.47709774971008,0
41.477144956588745,0
41.47724175453186,0
41.48804473876953,0
41.49059987068176,0
41.49062657356262,0
41.49073576927185,0
41.49081206321716,0
41.4908435344696,0
41.490912437438965,0
41.49203705787659,0
41.49283051490784,0
41.494258880615234,0
41.49467349052429,0
41.49722743034363,0
41.497275590896606,0
41.4974217414856,0
41.50366258621216,0
41.510716915130615,0
41.51710915565491,0
41.51720142364502,0
41.51721739768982,0
41.53692150115967,0
41.53702759742737,0
41.53706216812134,0
41.54730248451233,0
41.55731630325317,0
41.557358741760254,0
41.55789494514465,0
41.57756805419922,0
41.5776162147522,0
41.57763719558716,0
41.58568549156189,0
41.58600401878357,0
41.58726096153259,0
41.58742260932922,0
41.59059047698975,0
41.5906195640564,0
41.590797901153564,0
41.59084987640381,0
41.59090423583984,0
41.59115862846375,0
41.5976288318634,0
41.597678422927856,0
41.59780216217041,0
41.61046528816223,0
41.61250853538513,0
41.61812043190002,0
41.61825656890869,0
41.618282079696655,0
41.61978912353516,0
41.61983275413513,0
41.620583057403564,0
41.62109565734863,0
41.624239444732666,0
41.62451457977295,0
41.624541997909546,0
41.624560832977295,0
41.63102412223816,0
41.63104009628296,0
41.63104438781738,0
41.63195252418518,0
41.63709187507629,0
41.63713812828064,0
41.63717174530029,0
41.63990092277527,0
41.641589641571045,0
41.64176654815674,0
41.641775369644165,0
41.64257454872131,0
41.64261436462402,0
41.64268064498901,0
41.65733313560486,0
41.65733432769776,0
41.65744519233704,0
41.679051637649536,0
41.679107666015625,0
41.67918395996094,0
41.69795656204224,0
41.69801592826843,0
41.69809794425965,0
41.70106387138367,0
41.71059226989746,0
41.710679054260254,0
41.71073317527771,0
41.71077966690064,0
41.71334791183472,0
41.71339535713196,0
41.71480226516724,0
41.71524310112,0
41.71532487869263,0
41.71591711044312,0
41.71597194671631,0
41.71707487106323,0
41.71710467338562,0
41.71717357635498,0
41.73725748062134,0
41.74094438552856,0
41.740989446640015,0
41.74605774879456,0
41.75355911254883,0
41.753596782684326,0
41.75500798225403,0
41.75537633895874,0
41.75553274154663,0
41.75556516647339,0
41.75751423835754,0
41.75756192207336,0
41.75766205787659,0
41.75994277000427,0
41.76001739501953,0
41.7602014541626,0
41.76295590400696,0
41.7647750377655,0
41.77271938323975,0
41.7775149345398,0
41.77757954597473,0
41.7776038646698,0
41.7972776889801,0
41.79759192466736,0
41.797746419906616,0
41.81009221076965,0
41.81016683578491,0
41.81019639968872,0
41.810222148895264,0
41.815964221954346,0
41.81603789329529,0
41.816086769104,0
41.81625461578369,0
41.81630802154541,0
41.81750726699829,0
41.81754946708679,0
41.81759834289551,0
41.81988787651062,0
41.82017946243286,0
41.82210969924927,0
41.83794713020325,0
41.837979555130005,0
41.8380138874054,0
41.84732961654663,0
41.84737348556519,0
41.84742951393128,0
41.847447872161865,0
41.84837365150452,0
41.84838914871216,0
41.84851884841919,0
41.852664947509766,0
41.852689027786255,0
41.85281109809876,0
41.852861166000366,0
41.857516050338745,0
41.85755634307861,0
41.85762691497803,0
41.87711501121521,0
41.877309799194336,0
41.877482414245605,0
41.8800196647644,0
41.88024473190308,0
41.880274295806885,0
41.880985260009766,0
41.897238969802856,0
41.897353172302246,0
41.89762592315674,0
41.91063332557678,0
41.91069221496582,0
41.91077518463135,0
41.91094875335693,0
41.91158318519592,0
41.91161131858826,0
41.911696672439575,0
41.91198658943176,0
41.91201305389404,0
41.91328263282776,0
41.91336369514465,0
41.91726422309876,0
41.91756343841553,0
41.91758847236633,0
41.921026945114136,0
41.93767976760864,0
41.9377326965332,0
41.93779516220093,0
41.94127416610718,0
41.94132351875305,0
41.95784187316895,0
41.95786738395691,0
41.957884550094604,0
41.95793557167053,0
41.95873951911926,0
41.95884394645691,0
41.95891261100769,0
41.96045184135437,0
41.9609899520874,0
41.96207571029663,0
41.97777771949768,0
41.97788143157959,0
41.9779052734375,0
41.98384666442871,0
41.98729729652405,0
41.99172520637512,0
41.997684717178345,0
41.9980092048645,0
41.998011112213135,0
42.01028227806091,0
42.01179003715515,0
42.011879682540894,0
42.01190519332886,0
42.014052391052246,0
42.01449990272522,0
42.01470136642456,0
42.01604223251343,0
42.0160882472992,0
42.01734375953674,0
42.01739192008972,0
42.01746726036072,0
42.01859736442566,0
42.018622159957886,0
42.025583028793335,0
42.029213190078735,0
42.03133177757263,0
42.03720474243164,0
42.03721261024475,0
42.03723359107971,0
42.040135622024536,0
42.04017448425293,0
42.04033946990967,0
42.04039978981018,0
42.04411816596985,0
42.044161796569824,0
42.044185161590576,0
42.05463671684265,0
42.05735731124878,0
42.05753922462464,0
42.05761098861694,0
42.077531576156616,0
42.077664852142334,0
42.07774591445923,0
42.077823638916016,0
42.07932806015015,0
42.07937502861023,0
42.07983708381653,0
42.08168530464173,0
42.0817301273346,0
42.081899642944336,0
42.09751486778259,0
42.09758901596069,0
42.09763312339783,0
42.10370302200317,0
42.10374879837036,0
42.11941313743591,0
42.11945819854736,0
42.11953997612,0
42.12012815475464,0
42.12015724182129,0
42.12016558647156,0
42.12017798423767,0
42.120195150375366,0
42.12020182609558,0
42.12044978141785,0
42.12047696113586,0
42.12050533294678,0
42.13378953933716,0
42.13714647293091,0
42.13717937469482,0
42.13719248771668,0
42.15686774253845,0
42.15689587593079,0
42.15690755844116,0
42.1650652885437,0
42.16529321670532,0
42.1670196056366,0
42.16704106330872,0
42.16705703735352,0
42.16710662841797,0
42.170844316482544,0
42.17086863517761,0
42.17142248153687,0
42.17824363708496,0
42.178282260894775,0
42.17829918861389,0
42.18993091583252,0
42.19720458984375,0
42.197208881378174,0
42.1972451210022,0
42.204484701156616,0
42.20484328269959,0
42.20533442497253,0
42.20582389831543,0
42.21724557876587,0
42.21734976768494,0
42.21737432479858,0
42.21853065490723,0
42.219258308410645,0
42.22042489051819,0
42.22043347358704,0
42.22656226158142,0
42.227102279663086,0
42.2276303768158,0
42.2279007434845,0
42.23411226272583,0
42.23724246025085,0
42.23728322982788,0
42.23729920387268,0
42.25766611099243,0
42.25772547721863,0
42.257893800735474,0
42.26748585700989,0
42.26752996444702,0
42.26760220527649,0
42.26763343811035,0
42.27215337753296,0
42.27220940589905,0
42.277079343795776,0
42.27733302116394,0
42.277355432510376,0
42.2789306640625,0
42.27900576591492,0
42.28056049346924,0
42.28123617172241,0
42.29734206199646,0
42.29735255241394,0
42.297977685928345,0
42.29800462722778,0
42.29802513122559,0
42.301517963409424,0
42.30154871940613,0
42.30171751976013,0
42.301735401153564,0
42.31639122962952,0
42.31641602516174,0
42.31738662719727,0
42.31740999221802,0
42.31742668151856,0
42.31846833229065,0
42.337164878845215,0
42.33720898628235,0
42.33722710609436,0
42.347065687179565,0
42.34710288047791,0
42.34829902648926,0
42.34830093383789,0
42.3522367477417,0
42.35542321205139,0
42.35544514656067,0
42.35752272605896,0
42.35756206512451,0
42.35765075683594,0
42.36237072944641,0
42.36241888999939,0
42.362422943115234,0
42.36269545555115,0
42.366047859191895,0
42.36624598503113,0
42.36649489402771,0
42.36878943443298,0
42.36883044242859,0
42.36884880065918,0
42.3688645362854,0
42.37718653678894,0
42.37718749046326,0
42.37723779678345,0
42.3785560131073,0
42.37880516052246,0
42.37900996208191,0
42.37966346740723,0
42.39730739593506,0
42.39736199378967,0
42.39746141433716,0
42.4063024520874,0
42.40635466575623,0
42.40643668174744,0
42.40651845932007,0
42.42237114906311,0
42.4224328994751,0
42.422452211380005,0
42.42287993431091,0
42.422898054122925,0
42.42291307449341,0
42.42291879653931,0
42.42292928695679,0
42.422935962677,0
42.422951221466064,0
42.42295622825623,0
42.43719410896301,0
42.43719434738159,0
42.43722653388977,0
42.445425033569336,0
42.445464849472046,0
42.445483446121216,0
42.446044921875,0
42.44928193092346,0
42.44932699203491,0
42.44992184638977,0
42.45007038116455,0
42.45009350776672,0
42.45721793174744,0
42.45830798149109,0
42.45838975906372,0
42.47337174415589,0
42.47715520858765,0
42.47719883918762,0
42.47765517234802,0
42.49739360809326,0
42.49806308746338,0
42.49811935424805,0
42.521509408950806,0
42.52157425880432,0
42.521679401397705,0
42.52191519737244,0
42.521953105926514,0
42.53953862190247,0
42.539700746536255,0
42.53982853889465,0
42.54023742675781,0
42.5402467250824,0
42.54027724266052,0
42.54086947441101,0
42.54589247703552,0
42.54611945152283,0
42.54617214202881,0
42.55723762512207,0
42.55732798576355,0
42.55734300613403,0
42.56738495826721,0
42.56752324104309,0
42.57080507278442,0
42.57090592384338,0
42.57186388969421,0
42.57740497589111,0
42.57741975784302,0
42.57747149467468,0
42.57954239845276,0
42.586873292922974,0
42.58716583251953,0
42.58734107017517,0
42.58736538887024,0
42.59810423851013,0
42.598260164260864,0
42.598371505737305,0
42.60038423538208,0
42.6004159450531,0
42.600502252578735,0
42.60245656967163,0
42.602694034576416,0
42.60482859611511,0
42.60490560531616,0
42.618526220321655,0
42.61854338645935,0
42.618566274642944,0
42.61880993843079,0
42.61882996559143,0
42.61896538734436,0
42.61909890174866,0
42.64062666893005,0
42.64064359664917,0
42.640787839889526,0
42.64081072807312,0
42.64083361625672,0
42.640854835510254,0
42.64145731925965,0
42.65785789489746,0
42.65790605545044,0
42.6579315662384,0
42.67920804023743,0
42.67927694320679,0
42.67981624603272,0
42.68021869659424,0
42.682698488235474,0
42.68314409255981,0
42.68318724632263,0
42.697964668273926,0
42.69834542274475,0
42.69835305213928,0
42.70976805686951,0
42.70987153053284,0
42.70997071266174,0
42.712815046310425,0
42.71616196632385,0
42.71930384635925,0
42.71934866905213,0
42.719369649887085,0
42.723538637161255,0
42.73416757583618,0
42.7363383769989,0
42.73734855651856,0
42.73738193511963,0
42.73739647865296,0
42.73753261566162,0
42.73757672309876,0
42.737998247146606,0
42.73801374435425,0
42.73873543739319,0
42.7572557926178,0
42.75729060173035,0
42.75730657577515,0
42.777106285095215,0
42.77714824676514,0
42.7772433757782,0
42.791810512542725,0
42.7918860912323,0
42.79200863838196,0
42.79203295707703,0
42.79742097854614,0
42.79841637611389,0
42.799599170684814,0
42.79964804649353,0
42.80046606063843,0
42.801347494125366,0
42.80195498466492,0
42.80776786804199,0
42.80780911445618,0
42.80938982963562,0
42.80945038795471,0
42.81737065315247,0
42.81742572784424,0
42.81758761405945,0
42.83251667022705,0
42.83696794509888,0
42.83700108528137,0
42.837059020996094,0
42.85715675354004,0
42.85719847679138,0
42.85721492767334,0
42.871081829071045,0
42.87112665176392,0
42.87124443054199,0
42.87164306640625,0
42.87528157234192,0
42.875303745269775,0
42.875327825546265,0
42.87776064872742,0
42.87780833244324,0
42.87797403335571,0
42.878007650375366,0
42.87803530693054,0
42.87805414199829,0
42.87805938720703,0
42.87972640991211,0
42.879775047302246,0
42.879997968673706,0
42.88088369369507,0
42.88901829719544,0
42.89238452911377,0
42.89732623100281,0
42.89737772941589,0
42.89739751815796,0
42.920321464538574,0
42.92061614990234,0
42.92064452171326,0
42.92630577087402,0
42.926886796951294,0
42.92804193496704,0
42.92804479598999,0
42.92902946472168,0
42.93136787414551,0
42.93159699440002,0
42.93284726142883,0
42.935688734054565,0
42.93573641777039,0
42.93575239181519,0
42.93697190284729,0
42.9370002746582,0
42.93701648712158,0
42.93755865097046,0
42.9378137588501,0
42.93783473968506,0
42.9391131401062,0
42.941153049468994,0
42.9555344581604,0
42.957213163375854,0
42.95724248886109,0
42.95724487304688,0
42.96047782897949,0
42.960508823394775,0
42.96086812019348,0
42.96117067337036,0
42.97801423072815,0
42.97809529304504,0
42.97817087173462,0
42.98631000518799,0
42.98663258552551,0
42.98668050765991,0
42.98850917816162,0
42.98903512954712,0
42.99039554595947,0
42.99043035507202,0
42.99115014076233,0
42.99716591835022,0
42.997268199920654,0
42.9972767829895,0
42.9985671043396,0
43.00149726867676,0
43.00170922279358,0
43.00174403190613,0
43.01809096336365,0
43.01816463470459,0
43.01825284957886,0
43.02798271179199,0
43.028400897979736,0
43.0284366607666,0
43.02916121482849,0
43.03205442428589,0
43.03246784210205,0
43.03720712661743,0
43.03724431991577,0
43.03725814819336,0
43.04173493385315,0
43.04175448417664,0
43.04177165031433,0
43.04182291030884,0
43.045857191085815,0
43.04629063606262,0
43.04631209373474,0
43.05535507202149,0
43.05562782287598,0
43.05590629577637,0
43.05641579627991,0
43.05749559402466,0
43.057602405548096,0
43.05766010284424,0
43.05885982513428,0
43.05890417098999,0
43.059409618377686,0
43.075186252594,0
43.07791233062744,0
43.07796359062195,0
43.07804083824158,0
43.09807991981506,0
43.098196029663086,0
43.098217487335205,0
43.11928415298462,0
43.11936044692993,0
43.11953330039978,0
43.13708448410034,0
43.13710594177246,0
43.137181758880615,0
43.13720607757568,0
43.13796615600586,0
43.142220973968506,0
43.14226031303406,0
43.14227151870728,0
43.142284870147705,0
43.14451456069946,0
43.14453029632568,0
43.14453887939453,0
43.14596915245056,0
43.14669036865234,0
43.14906048774719,0
43.14932417869568,0
43.15174698829651,0
43.15716600418091,0
43.15719747543335,0
43.15720939636231,0
43.160905838012695,0
43.16091513633728,0
43.16093039512634,0
43.16094374656677,0
43.164263010025024,0
43.16442608833313,0
43.16449761390686,0
43.178038358688354,0
43.17808151245117,0
43.17824697494507,0
43.19196724891663,0
43.19728207588196,0
43.19732618331909,0
43.197394132614136,0
43.199424028396606,0
43.20015335083008,0
43.20021033287048,0
43.20023107528687,0
43.20087099075317,0
43.201013803482056,0
43.2013738155365,0
43.20208644866944,0
43.2023401260376,0
43.20429468154907,0
43.20437693595886,0
43.20778131484985,0
43.21748232841492,0
43.21752285957336,0
43.2175920009613,0
43.237075090408325,0
43.23709392547608,0
43.23735427856445,0
43.242634534835815,0
43.24853491783142,0
43.2485671043396,0
43.25007033348084,0
43.25010681152344,0
43.251630783081055,0
43.25198578834534,0
43.25200748443604,0
43.25719714164734,0
43.25723624229431,0
43.25846338272095,0
43.2753496170044,0
43.277780532836914,0
43.27782988548279,0
43.27785921096802,0
43.29732131958008,0
43.297377824783325,0
43.29740047454834,0
43.30546593666077,0
43.30550074577332,0
43.305525064468384,0
43.30555009841919,0
43.30993366241455,0
43.31000733375549,0
43.31001257896423,0
43.310701847076416,0
43.31073331832886,0
43.31783127784729,0
43.3178939819336,0
43.3180468082428,0
43.32334208488464,0
43.32356595993042,0
43.32656931877136,0
43.32661414146423,0
43.32662701606751,0
43.326637744903564,0
43.32877135276794,0
43.32901310920715,0
43.32950592041016,0
43.3370463848114,0
43.337080240249634,0
43.33709788322449,0
43.34823298454285,0
43.35423421859741,0
43.35458278656006,0
43.35617232322693,0
43.35620713233948,0
43.35622477531433,0
43.35653018951416,0
43.35797047615051,0
43.35896849632263,0
43.35930323600769,0
43.35933065414429,0
43.35934901237488,0
43.35987973213196,0
43.36085796356201,0
43.36358547210693,0
43.37773132324219,0
43.37777590751648,0
43.37785458564758,0
43.39235925674439,0
43.397571086883545,0
43.397625207901,0
43.39765191078186,0
43.40091180801392,0
43.40118193626404,0
43.40152430534363,0
43.40157866477966,0
43.40808987617493,0
43.40822410583496,0
43.41053819656372,0
43.411197900772095,0
43.411255836486816,0
43.4119291305542,0
43.41195344924927,0
43.41605520248413,0
43.41786742210388,0
43.41798162460327,0
43.41803216934204,0
43.420068979263306,0
43.43313503265381,0
43.43697857856751,0
43.43700861930847,0
43.437021017074585,0
43.45701456069946,0
43.45704746246338,0
43.4571373462677,0
43.46799635887146,0
43.46804356575012,0
43.46899604797363,0
43.46908378601074,0
43.47097206115723,0
43.47100019454956,0
43.471118688583374,0
43.47257614135742,0
43.473541021347046,0
43.474705934524536,0
43.477633237838745,0
43.47766923904419,0
43.47768688201904,0
43.48529362678528,0
43.48530125617981,0
43.48532247543335,0
43.48532724380493,0
43.48681449890137,0
43.48685574531555,0
43.48687958717346,0
43.4966778755188,0
43.49676537513733,0
43.49860644340515,0
43.4986584186554,0
43.49890327453613,0
43.50116848945618,0
43.50127291679382,0
43.517696142196655,0
43.51830697059631,0
43.51834654808045,0
43.5464506149292,0
43.54652452468872,0
43.54657816886902,0
43.55152320861816,0
43.55772304534912,0
43.55776023864746,0
43.55786490440369,0
43.55912923812866,0
43.55915069580078,0
43.5612998008728,0
43.56157517433167,0
43.56170916557312,0
43.56183552742005,0
43.56205892562866,0
43.562111377716064,0
43.56218361854553,0
43.56450605392456,0
43.56454515457153,0
43.56457996368408,0
43.56459283828735,0
43.56766867637634,0
43.567702531814575,0
43.56784558296204,0
43.57718229293823,0
43.577228307724,0
43.57759428024292,0
43.59154486656189,0
43.59878921508789,0
43.59883379936218,0
43.598986864089966,0
43.599334478378296,0
43.60056948661804,0
43.60072040557861,0
43.600750207901,0
43.60158848762512,0
43.60160851478577,0
43.60291576385498,0
43.60322093963623,0
43.60327506065369,0
43.60588192939758,0
43.6059627532959,0
43.61367034912109,0
43.61760425567627,0
43.61763262748718,0
43.61768293380737,0
43.63717484474182,0
43.637187480926514,0
43.63721036911011,0
43.64307904243469,0
43.64311170578003,0
43.643146276474,0
43.64319658279419,0
43.644089698791504,0
43.64410996437073,0
43.64412665367127,0
43.65711832046509,0
43.657156229019165,0
43.65788292884827,0
43.662917137146,0
43.66537618637085,0
43.67773532867432,0
43.67778563499451,0
43.67783498764038,0
43.69720506668091,0
43.69725108146668,0
43.69727540016174,0
43.70260500907898,0
43.70968461036682,0
43.70968580245972,0
43.71521663665772,0
43.715325355529785,0
43.7154176235199,0
43.715441942214966,0
43.72154688835144,0
43.72628855705261,0
43.72636651992798,0
43.73349070549011,0
43.733498096466064,0
43.73349928855896,0
43.7370285987854,0
43.73703742027283,0
43.73707342147827,0
43.7371199131012,0
43.7379641532898,0
43.749452114105225,0
43.74950432777405,0
43.749961853027344,0
43.74999666213989,0
43.75749492645264,0
43.75754451751709,0
43.757575035095215,0
43.75761437416077,0
43.75764966011048,0
43.75772023200989,0
43.75775718688965,0
43.757790327072144,0
43.75903081893921,0
43.75905227661133,0
43.759068965911865,0
43.77801823616028,0
43.77808952331543,0
43.778095722198486,0
43.77824306488037,0
43.7862024307251,0
43.78623986244202,0
43.78641414642334,0
43.78643703460693,0
43.79728364944458,0
43.79733419418335,0
43.79735469818115,0
43.80026483535767,0
43.80031275749207,0
43.80043768882752,0
43.8040132522583,0
43.80408048629761,0
43.80695962905884,0
43.80696511268616,0
43.815584659576416,0
43.81562042236328,0
43.815630197525024,0
43.81565427780152,0
43.81723499298096,0
43.8172779083252,0
43.81732201576233,0
43.81899094581604,0
43.81918239593506,0
43.819207191467285,0
43.83707141876221,0
43.83710837364197,0
43.83712267875672,0
43.85505747795105,0
43.85742139816284,0
43.85747456550598,0
43.85749530792236,0
43.87730860710144,0
43.87735891342163,0
43.87742424011231,0
43.8852903842926,0
43.8853452205658,0
43.8861141204834,0
43.88621950149536,0
43.8887722492218,0
43.88890814781189,0
43.88894605636597,0
43.8910026550293,0
43.898273944854736,0
43.89833164215088,0
43.89835643768311,0
43.90038275718689,0
43.90089702606201,0
43.90373611450195,0
43.90383410453797,0
43.9174268245697,0
43.917489767074585,0
43.91751503944397,0
43.93762421607971,0
43.94638991355896,0
43.94642615318298,0
43.94661140441895,0
43.95095157623291,0
43.95106220245361,0
43.9573609828949,0
43.957398414611816,0
43.95741391181946,0
43.959505796432495,0
43.95963931083679,0
43.95979332923889,0
43.9598183631897,0
43.9620668888092,0
43.96219062805176,0
43.96227049827576,0
43.963343143463135,0
43.96454930305481,0
43.97535467147827,0
43.97791361808777,0
43.97795128822327,0
43.978055477142334,0
43.99770665168762,0
43.99777674674988,0
43.99787449836731,0
44.01217222213745,0
44.01218152046204,0
44.01252794265747,0
44.01256084442139,0
44.01758623123169,0
44.01761841773987,0
44.017730474472046,0
44.02171802520752,0
44.02181792259216,0
44.02183556556702,0
44.02299094200134,0
44.02301025390625,0
44.02315902709961,0
44.02318596839905,0
44.03703594207764,0
44.03706359863281,0
44.03709936141968,0
44.042027711868286,0
44.04748749732971,0
44.04754161834717,0
44.04754853248596,0
44.0475537776947,0
44.05722975730896,0
44.05729365348816,0
44.0573136806488,0
44.059929847717285,0
44.05995154380798,0
44.059974908828735,0
44.06298232078552,0
44.0629825592041,0
44.06303858757019,0
44.0630419254303,0
44.06506013870239,0
44.06576204299927,0
44.06578826904297,0
44.07727909088135,0
44.077327489852905,0
44.077348470687866,0
44.084059715271,0
44.0923171043396,0
44.09279489517212,0
44.093382120132446,0
44.09341764450073,0
44.094051361083984,0
44.09431433677673,0
44.094571590423584,0
44.0973379611969,0
44.09738516807556,0
44.097431659698486,0
44.1007068157196,0
44.10081744194031,0
44.10350966453552,0
44.103593826293945,0
44.10474348068237,0
44.117977142333984,0
44.11808156967163,0
44.11811542510986,0
44.126816511154175,0
44.13803482055664,0
44.13807559013367,0
44.13811993598938,0
44.146562337875366,0
44.15450382232666,0
44.15531778335571,0
44.15618824958801,0
44.15794563293457,0
44.15797472000122,0
44.15797567367554,0
44.15838098526001,0
44.15843772888184,0
44.15907979011536,0
44.15909814834595,0
44.159111976623535,0
44.15924668312073,0
44.16178870201111,0
44.17692422866821,0
44.17694401741028,0
44.17701888084412,0
44.19001746177673,0
44.190053939819336,0
44.19009804725647,0
44.19020199775696,0
44.19151544570923,0
44.19153261184693,0
44.19155192375183,0
44.19276714324951,0
44.19279742240906,0
44.19457650184631,0
44.1945960521698,0
44.19556140899658,0
44.19689154624939,0
44.19692158699036,0
44.1969358921051,0
44.1986665725708,0
44.2007999420166,0
44.21697664260864,0
44.21701145172119,0
44.21712851524353,0
44.234548807144165,0
44.23711490631104,0
44.2371551990509,0
44.23724436759949,0
44.256489753723145,0
44.25653028488159,0
44.25658917427063,0
44.25749921798706,0
44.25770664215088,0
44.25772762298584,0
44.2577588558197,0
44.2606635093689,0
44.26077675819397,0
44.26096272468567,0
44.2747209072113,0
44.278252840042114,0
44.27827429771423,0
44.27829360961914,0
44.29886174201965,0
44.29888272285461,0
44.29891228675842,0
44.30643320083618,0
44.30647730827332,0
44.30649948120117,0
44.30652260780335,0
44.31034231185913,0
44.31053304672241,0
44.31056261062622,0
44.31121587753296,0
44.31178879737854,0
44.31737875938416,0
44.31748723983765,0
44.31750988960266,0
44.319514989852905,0
44.31959581375122,0
44.32683420181274,0
44.32685995101929,0
44.32687163352966,0
44.32687830924988,0
44.32690072059631,0
44.327027797698975,0
44.32705330848694,0
44.33337640762329,0
44.33761358261109,0
44.33765363693237,0
44.33773159980774,0
44.35743832588196,0
44.35747313499451,0
44.35759043693543,0
44.3651807308197,0
44.36520195007324,0
44.36713743209839,0
44.36725378036499,0
44.36727666854858,0
44.36729526519776,0
44.37086510658264,0
44.37088418006897,0
44.37095904350281,0
44.37713408470154,0
44.37717247009277,0
44.37719202041626,0
44.392139196395874,0
44.39733052253723,0
44.39737772941589,0
44.39754486083984,0
44.41850829124451,0
44.41857933998108,0
44.418721437454224,0
44.43769073486328,0
44.43771243095398,0
44.43773102760315,0
44.43976378440857,0
44.43980264663696,0
44.43982243537903,0
44.43984079360962,0
44.44241285324097,0
44.44245886802673,0
44.44282841682434,0
44.445579290390015,0
44.44562244415283,0
44.451085805892944,0
44.45159816741944,0
44.45233511924744,0
44.45665979385376,0
44.45668649673462,0
44.45686745643616,0
44.456894636154175,0
44.45756220817566,0
44.45759057998657,0
44.45876097679138,0
44.45914888381958,0
44.45941257476807,0
44.45976996421814,0
44.46060466766357,0
44.46486687660217,0
44.46617722511292,0
44.47542262077332,0
44.47546124458313,0
44.475616693496704,0
44.47563982009888,0
44.47722744941712,0
44.47725582122803,0
44.4772629737854,0
44.497286558151245,0
44.49739527702332,0
44.49741435050965,0
44.505362033844,0
44.505369424819946,0
44.505450963974,0
44.5084490776062,0
44.50850796699524,0
44.51154494285584,0
44.51166105270386,0
44.51358342170715,0
44.51529741287232,0
44.51831769943237,0
44.51842188835144,0
44.51849937438965,0
44.52276587486267,0
44.538331747055054,0
44.53837299346924,0
44.53843975067139,0
44.55679202079773,0
44.55682849884033,0
44.55687117576599,0
44.55691456794739,0
44.55698180198669,0
44.5600688457489,0
44.56009030342102,0
44.5600962638855,0
44.560104846954346,0
44.56017231941223,0
44.56020998954773,0
44.56024432182312,0
44.56027841567993,0
44.560309410095215,0
44.5603461265564,0
44.56037759780884,0
44.56042265892029,0
44.56043553352356,0
44.56046509742737,0
44.57396745681763,0
44.57753920555115,0
44.57772493362427,0
44.577855825424194,0
44.5971200466156,0
44.59716176986694,0
44.59721326828003,0
44.61188864707947,0
44.611928939819336,0
44.61205863952637,0
44.6120810508728,0
44.61603713035584,0
44.61636543273926,0
44.61640954017639,0
44.61686420440674,0
44.61690616607666,0
44.61741161346436,0
44.61743450164795,0
44.61745095252991,0
44.622215270996094,0
44.62225770950317,0
44.62270283699036,0
44.62288165092468,0
44.62889456748962,0
44.63725900650024,0
44.637373208999634,0
44.63742470741272,0
44.649778604507446,0
44.6500289440155,0
44.6502046585083,0
44.65024733543396,0
44.655189752578735,0
44.655205726623535,0
44.6553590297699,0
44.65704274177551,0
44.65707206726074,0
44.66332674026489,0
44.67709302902222,0
44.67709994316101,0
44.67713356018066,0
44.67933297157288,0
44.67936778068543,0
44.67938423156738,0
44.67980122566223,0
44.68176031112671,0
44.68179655075073,0
44.68224883079529,0
44.69727301597595,0
44.6974663734436,0
44.69755864143372,0
44.70277738571167,0
44.70286202430725,0
44.70416522026062,0
44.704246520996094,0
44.71691370010376,0
44.71924710273743,0
44.71927452087402,0
44.72278666496277,0
44.73714280128479,0
44.73717761039734,0
44.73719263076782,0
44.74780917167664,0
44.74782395362854,0
44.75005745887756,0
44.75007104873657,0
44.75008535385132,0
44.75016641616821,0
44.75436472892761,0
44.75439786911011,0
44.756446838378906,0
44.75657176971436,0
44.75867104530335,0
44.75870084762573,0
44.75871372222901,0
44.76119303703308,0
44.762187242507935,0
44.77715039253235,0
44.77718710899353,0
44.77787446975708,0
44.7829065322876,0
44.782944679260254,0
44.782999753952026,0
44.783024072647095,0
44.78876447677612,0
44.78879451751709,0
44.79004073143005,0
44.79716658592224,0
44.79721283912659,0
44.79731035232544,0
44.80202078819275,0
44.802064418792725,0
44.804370164871216,0
44.804447889328,0
44.806114196777344,0
44.80620789527893,0
44.80622553825378,0
44.8062424659729,0
44.80779218673706,0
44.80783891677856,0
44.808125019073486,0
44.81790685653687,0
44.81795287132263,0
44.81805777549744,0
44.82098412513733,0
44.82765698432922,0
44.82770442962647,0
44.82866716384888,0
44.82871103286743,0
44.833899974823,0
44.83396887779236,0
44.83464980125427,0
44.837525844573975,0
44.83756351470947,0
44.83759784698486,0
44.85702705383301,0
44.85719132423401,0
44.857226848602295,0
44.87842082977295,0
44.87847256660461,0
44.8785138130188,0
44.8943145275116,0
44.8973343372345,0
44.89743733406067,0
44.8975031375885,0
44.917614698410034,0
44.91767501831055,0
44.91778612136841,0
44.92547225952149,0
44.92550539970398,0
44.93265295028687,0
44.93284130096436,0
44.93287682533264,0
44.93290734291077,0
44.93799066543579,0
44.93803119659424,0
44.93862748146057,0
44.940738916397095,0
44.94082140922546,0
44.940964221954346,0
44.953102350234985,0
44.95311069488525,0
44.95644855499268,0
44.95646381378174,0
44.956464767456055,0
44.95954728126526,0
44.9596049785614,0
44.95962619781494,0
44.97790265083313,0
44.97804713249207,0
44.978188276290894,0
44.98521399497986,0
44.99029183387756,0
44.99756455421448,0
44.9976270198822,0
44.99765157699585,0
45.01896238327026,0
45.02162218093872,0
45.02168369293213,0
45.02189111709595,0
45.02197408676148,0
45.02205777168274,0
45.02221655845642,0
45.02253007888794,0
45.02517580986023,0
45.02591872215271,0
45.02607989311218,0
45.02611446380615,0
45.0379843711853,0
45.0384373664856,0
45.03847575187683,0
45.03857922554016,0
45.03862595558167,0
45.039406061172485,0
45.03953075408936,0
45.04326248168945,0
45.04593992233277,0
45.04707646369934,0
45.05572509765625,0
45.05575776100159,0
45.05577254295349,0
45.0557873249054,0
45.05799961090088,0
45.05802583694458,0
45.0580894947052,0
45.06097483634949,0
45.06100869178772,0
45.061015367507935,0
45.06281065940857,0
45.06284141540527,0
45.06285452842712,0
45.06286692619324,0
45.06471228599548,0
45.06474471092224,0
45.064764976501465,0
45.077107191085815,0
45.07710909843445,0
45.07715463638306,0
45.0978057384491,0
45.09785532951355,0
45.09787678718567,0
45.10291743278504,0
45.10973405838013,0
45.1097469329834,0
45.11130619049072,0
45.11134648323059,0
45.11454939842224,0
45.1145920753479,0
45.1171395778656,0
45.11718249320984,0
45.11727976799011,0
45.12552523612976,0
45.12558388710022,0
45.1256537437439,0
45.135582447052,0
45.13772439956665,0
45.13840341567993,0
45.138449907302856,0
45.13853979110718,0
45.139434814453125,0
45.13980555534363,0
45.14517211914063,0
45.15327548980713,0
45.15486669540405,0
45.15488910675049,0
45.15490460395813,0
45.159961223602295,0
45.15997910499573,0
45.16003227233887,0
45.160075426101685,0
45.16010355949402,0
45.16013550758362,0
45.16015672683716,0
45.16378998756409,0
45.17776942253113,0
45.17779898643494,0
45.17781686782837,0
45.19109296798706,0
45.1959331035614,0
45.196011781692505,0
45.19613313674927,0
45.196213483810425,0
45.198307275772095,0
45.1983380317688,0
45.19837665557861,0
45.20105195045471,0
45.201117277145386,0
45.20118522644043,0
45.203028202056885,0
45.20307183265686,0
45.20387291908264,0
45.20394682884216,0
45.20650362968445,0
45.217787981033325,0
45.21782732009888,0
45.2179012298584,0
45.23715925216675,0
45.237200021743774,0
45.23738431930542,0
45.23897099494934,0
45.24468541145325,0
45.24470019340515,0
45.24482655525208,0
45.24501800537109,0
45.2571496963501,0
45.25721597671509,0
45.25723886489868,0
45.26314878463745,0
45.26319456100464,0
45.26325845718384,0
45.26449227333069,0
45.27083110809326,0
45.2717604637146,0
45.27195858955383,0
45.27198338508606,0
45.27709865570069,0
45.27713704109192,0
45.277154207229614,0
45.28559732437134,0
45.28568077087402,0
45.28652858734131,0
45.28953242301941,0
45.289570808410645,0
45.29246044158936,0
45.29256558418274,0
45.29517793655396,0
45.29521131515503,0
45.29523253440857,0
45.29528570175171,0
45.29722094535828,0
45.29726576805115,0
45.297287464141846,0
45.30063986778259,0
45.300689697265625,0
45.30088376998901,0
45.301997423172,0
45.31774544715881,0
45.31777858734131,0
45.31792855262756,0
45.32123947143555,0
45.32126212120056,0
45.3373076915741,0
45.337366580963135,0
45.33739709854126,0
45.35860300064087,0
45.35861825942993,0
45.35865807533264,0
45.36783170700073,0
45.36785173416138,0
45.36786770820618,0
45.36788392066956,0
45.36874341964722,0
45.36878323554993,0
45.37120604515076,0
45.374103307724,0
45.37488913536072,0
45.37731289863586,0
45.377349615097046,0
45.37742209434509,0
45.37796711921692,0
45.39735674858093,0
45.39735722541809,0
45.39740896224976,0
45.40104961395264,0
45.40239644050598,0
45.405356884002686,0
45.40594911575317,0
45.40749859809876,0
45.40755391120911,0
45.417643547058105,0
45.41770195960999,0
45.41831350326538,0
45.419697761535645,0
45.4297103881836,0
45.42976474761963,0
45.42979168891907,0
45.4298198223114,0
45.438246965408325,0
45.43829393386841,0
45.43837594985962,0
45.439603090286255,0
45.43963551521301,0
45.439663887023926,0
45.4543046951294,0
45.45739150047302,0
45.457430839538574,0
45.45751214027405,0
45.47780656814575,0
45.47785997390747,0
45.4779269695282,0
45.47993016242981,0
45.47997570037842,0
45.47999691963196,0
45.48013496398926,0
45.485260009765625,0
45.48530793190002,0
45.48564410209656,0
45.497334718704224,0
45.49738478660584,0
45.49749279022217,0
45.50320386886597,0
45.50325512886048,0
45.50601005554199,0
45.50610303878784,0
45.5076367855072,0
45.51749300956726,0
45.51761388778687,0
45.51761436462402,0
45.52556681632996,0
45.526697397232056,0
45.53193259239197,0
45.53198981285095,0
45.53208160400391,0
45.53216052055359,0
45.53435397148132,0
45.53441596031189,0
45.53444910049439,0
45.53764629364014,0
45.53770351409912,0
45.53777384757996,0
45.543195724487305,0
45.54324626922608,0
45.54326391220093,0
45.543320655822754,0
45.54539656639099,0
45.54559755325317,0
45.545626640319824,0
45.54673671722412,0
45.56292366981506,0
45.56295680999756,0
45.56297254562378,0
45.56725096702576,0
45.56727862358093,0
45.56729173660278,0
45.56890368461609,0
45.56900405883789,0
45.569007396698,0
45.569021463394165,0
45.577388286590576,0
45.57747006416321,0
45.577495098114014,0
45.59807801246643,0
45.5982518196106,0
45.59849214553833,0
45.60253596305847,0
45.60255789756775,0
45.60289144515991,0
45.60293698310852,0
45.61900186538696,0
45.61902356147766,0
45.61920189857483,0
45.62502360343933,0
45.63657760620117,0
45.63699698448181,0
45.63703894615173,0
45.63711142539978,0
45.6394898891449,0
45.63955879211426,0
45.6397397518158,0
45.63979625701904,0
45.63984942436218,0
45.63989496231079,0
45.64187383651733,0
45.65485215187073,0
45.65711259841919,0
45.65742802619934,0
45.65745067596436,0
45.67773389816284,0
45.678470611572266,0
45.67865180969238,0
45.69497609138489,0
45.6950249671936,0
45.69511461257935,0
45.69513988494873,0
45.696136713027954,0
45.69619154930115,0
45.69625401496887,0
45.69745969772339,0
45.69749402999878,0
45.6975998878479,0
45.6982786655426,0
45.70049571990967,0
45.7060706615448,0
45.70611619949341,0
45.70886826515198,0
45.70892286300659,0
45.71003031730652,0
45.71732592582703,0
45.71746969223023,0
45.71753191947937,0
45.72549891471863,0
45.725518465042114,0
45.7285840511322,0
45.72860503196716,0
45.72868800163269,0
45.728708028793335,0
45.72970533370972,0
45.72986721992493,0
45.7310676574707,0
45.7371826171875,0
45.73721432685852,0
45.73722267150879,0
45.75702738761902,0
45.75706505775452,0
45.75717043876648,0
45.77722239494324,0
45.77723073959351,0
45.777273416519165,0
45.78656554222107,0
45.79256081581116,0
45.79259967803955,0
45.7926185131073,0
45.792691469192505,0
45.797139406204224,0
45.7971785068512,0
45.79741835594177,0
45.79848790168762,0
45.79852557182312,0
45.79861736297608,0
45.801403522491455,0
45.80144929885864,0
45.80146670341492,0
45.80199456214905,0
45.80545330047608,0
45.80549478530884,0
45.80552101135254,0
45.80640149116516,0
45.8064112663269,0
45.80802369117737,0
45.80804491043091,0
45.80905103683472,0
45.81736493110657,0
45.81743860244751,0
45.817498445510864,0
45.83749055862427,0
45.83863854408264,0
45.83867740631104,0
45.85027599334717,0
45.85031843185425,0
45.8503942489624,0
45.85041999816895,0
45.85204458236694,0
45.85212826728821,0
45.8528311252594,0
45.852904319763184,0
45.86708760261536,0
45.86710548400879,0
45.86715364456177,0
45.86717677116394,0
45.86721134185791,0
45.86725974082947,0
45.86728382110596,0
45.87020921707153,0
45.87049293518066,0
45.87078523635864,0
45.876914978027344,0
45.876944065094,0
45.87695837020874,0
45.881781816482544,0
45.881834745407104,0
45.88450574874878,0
45.88451290130615,0
45.88522815704346,0
45.89716386795044,0
45.897217988967896,0
45.89724159240723,0
45.90331625938416,0
45.90377950668335,0
45.903817892074585,0
45.90428042411804,0
45.90496301651001,0
45.9056761264801,0
45.90596342086792,0
45.91351866722107,0
45.91550064086914,0
45.9174542427063,0
45.9176836013794,0
45.917792081832886,0
45.93514513969421,0
45.93748140335083,0
45.93753671646118,0
45.93756341934204,0
45.9572229385376,0
45.95725774765015,0
45.95894122123718,0
45.96721291542053,0
45.9672372341156,0
45.96901226043701,0
45.96920204162598,0
45.96930909156799,0
45.969329833984375,0
45.97223925590515,0
45.97225666046143,0
45.97236490249634,0
45.97380971908569,0
45.9769937992096,0
45.97702598571777,0
45.97704124450684,0
45.98137593269348,0
45.98140859603882,0
45.98147916793823,0
45.98202681541443,0
45.98464465141296,0
45.98465895652771,0
45.984675884246826,0
45.99682903289795,0
45.99796152114868,0
45.99798941612244,0
45.998008012771606,0
45.99917221069336,0
46.00048065185547,0
46.00056409835816,0
46.0173807144165,0
46.0174195766449,0
46.01743698120117,0
46.0224838256836,0
46.02252817153931,0
46.022547006607056,0
46.0226321220398,0
46.02448129653931,0
46.02493071556091,0
46.02497601509094,0
46.02534770965576,0
46.03732371330261,0
46.03736472129822,0
46.03769588470459,0
46.03997683525085,0
46.04001808166504,0
46.04347777366638,0
46.04352164268494,0
46.04849743843079,0
46.04856562614441,0
46.048593044281006,0
46.05700755119324,0
46.057039737701416,0
46.05778217315674,0
46.06357407569885,0
46.06552720069885,0
46.066784381866455,0
46.07744145393372,0
46.07748746871948,0
46.07751822471619,0
46.08357810974121,0
46.084131956100464,0
46.08435583114624,0
46.08795404434204,0
46.09044027328491,0
46.090906381607056,0
46.091025590896606,0
46.09110116958618,0
46.09116864204407,0
46.094053983688354,0
46.094090700149536,0
46.09697866439819,0
46.09701895713806,0
46.09714603424072,0
46.11750054359436,0
46.11756062507629,0
46.11862277984619,0
46.12475728988648,0
46.12819314002991,0
46.1374888420105,0
46.13753056526184,0
46.138365507125854,0
46.14999866485596,0
46.157023429870605,0
46.15706181526184,0
46.157076358795166,0
46.16348385810852,0
46.16350197792053,0
46.16488838195801,0
46.16498804092407,0
46.16502690315247,0
46.16504669189453,0
46.16895890235901,0
46.16903018951416,0
46.16949820518494,0
46.177186489105225,0
46.177220821380615,0
46.17727994918823,0
46.18452572822571,0
46.19437170028687,0
46.19442796707153,0
46.194448471069336,0
46.19450092315674,0
46.19458222389221,0
46.19466829299927,0
46.1947340965271,0
46.19701743125916,0
46.19705605506897,0
46.19707131385803,0
46.201605796813965,0
46.201642751693726,0
46.20445013046265,0
46.204469442367554,0
46.20590400695801,0
46.21707248687744,0
46.21711707115173,0
46.21719527244568,0
46.23809552192688,0
46.2381956577301,0
46.23834753036499,0
46.24855709075928,0
46.25748801231384,0
46.25750946998596,0
46.25751209259033,0
46.257529497146606,0
46.25797152519226,0
46.25862741470337,0
46.25864934921265,0
46.26805543899536,0
46.26807141304016,0
46.2680869102478,0
46.26810312271118,0
46.26811933517456,0
46.26813197135925,0
46.26813983917236,0
46.26815390586853,0
46.26816868782044,0
46.26821684837341,0
46.26955842971802,0
46.27426218986511,0
46.27483677864075,0
46.2748646736145,0
46.274879693984985,0
46.27697777748108,0
46.27748799324036,0
46.27752542495728,0
46.281928062438965,0
46.28247594833374,0
46.28252005577088,0
46.28366541862488,0
46.28379392623901,0
46.29334568977356,0
46.293354749679565,0
46.297109842300415,0
46.29715538024902,0
46.2972207069397,0
46.317309617996216,0
46.31735348701477,0
46.31744122505188,0
46.33765745162964,0
46.33771800994873,0
46.33830094337464,0
46.34771704673767,0
46.36454796791077,0
46.3647677898407,0
46.364928007125854,0
46.36561679840088,0
46.36562085151672,0
46.36678409576416,0
46.36699628829956,0
46.36702227592468,0
46.36811447143555,0
46.3693733215332,0
46.3694121837616,0
46.36967182159424,0
46.37743139266968,0
46.37747240066528,0
46.37752389907837,0
46.38310980796814,0
46.38716411590576,0
46.38841676712036,0
46.398006200790405,0
46.39803504943848,0
46.39811968803406,0
46.39972233772278,0
46.40135383605957,0
46.40139842033386,0
46.40141725540161,0
46.40567493438721,0
46.40585470199585,0
46.40585803985596,0
46.41603755950928,0
46.41608667373657,0
46.417426347732544,0
46.4174702167511,0
46.41749095916748,0
46.43586087226868,0
46.43592882156372,0
46.43766403198242,0
46.43766641616821,0
46.43769979476929,0
46.44379639625549,0
46.45451831817627,0
46.45501112937927,0
46.45521688461304,0
46.455244064331055,0
46.4568657875061,0
46.4568784236908,0
46.45688557624817,0
46.47752356529236,0
46.47762727737427,0
46.4778254032135,0
46.48233437538147,0
46.48247623443604,0
46.48248481750488,0
46.48425269126892,0
46.4855546951294,0
46.48738169670105,0
46.49734711647034,0
46.49739456176758,0
46.497416496276855,0
46.513893127441406,0
46.5139217376709,0
46.51441764831543,0
46.51528334617615,0
46.51763391494751,0
46.51768088340759,0
46.51773548126221,0
46.52048444747925,0
46.520551919937134,0
46.52239370346069,0
46.52245688438416,0
46.52519178390503,0
46.525229930877686,0
46.52531027793884,0
46.52536249160767,0
46.529107332229614,0
46.529743909835815,0
46.529783725738525,0
46.53363132476807,0
46.54718637466431,0
46.5472047328949,0
46.54761862754822,0
46.56330919265747,0
46.563421964645386,0
46.56555128097534,0
46.5673348903656,0
46.56735515594482,0
46.56836032867432,0
46.57242393493652,0
46.572514057159424,0
46.57313656806946,0
46.5731999874115,0
46.57321810722351,0
46.573275327682495,0
46.57699155807495,0
46.57700729370117,0
46.5772066116333,0
46.57790613174439,0
46.578269958496094,0
46.583213567733765,0
46.59733819961548,0
46.597431898117065,0
46.59745168685913,0
46.60367631912232,0
46.6037187576294,0
46.60377287864685,0
46.603839635849,0
46.60386681556702,0
46.60392856597901,0
46.60397791862488,0
46.61590099334717,0
46.61594915390015,0
46.61723804473877,0
46.6172456741333,0
46.61729454994202,0
46.61906361579895,0
46.61913657188416,0
46.63771939277649,0
46.637775182724,0
46.6378014087677,0
46.64049553871155,0
46.65728831291199,0
46.65966010093689,0
46.65997815132141,0
46.663493394851685,0
46.66561007499695,0
46.66566967964173,0
46.66571497917175,0
46.67010498046875,0
46.67018842697144,0
46.67075800895691,0
46.67129874229431,0
46.67845797538757,0
46.67881941795349,0
46.67883610725403,0
46.69239544868469,0
46.69255518913269,0
46.69268774986267,0
46.69283175468445,0
46.69286298751831,0
46.69472408294678,0
46.694769620895386,0
46.69482016563416,0
46.69484210014343,0
46.69491958618164,0
46.694960594177246,0
46.698004722595215,0
46.6980242729187,0
46.69808387756348,0
46.715956687927246,0
46.71818470954895,0
46.718374729156494,0
46.71842336654663,0
46.737140417099,0
46.73714327812195,0
46.737183570861816,0
46.75781536102295,0
46.75790238380432,0
46.75792479515076,0
46.76305890083313,0
46.76317644119263,0
46.76501250267029,0
46.76518440246582,0
46.76520466804504,0
46.76532244682312,0
46.768500089645386,0
46.76851677894592,0
46.76879954338074,0
46.770050048828125,0
46.77009010314941,0
46.77010679244995,0
46.77015900611877,0
46.776145696640015,0
46.77618789672852,0
46.77638530731201,0
46.77719068527222,0
46.777257680892944,0
46.77726411819458,0
46.77859163284302,0
46.79726815223694,0
46.79731702804565,0
46.79739737510681,0
46.81551051139832,0
46.81553626060486,0
46.81556057929993,0
46.81563758850098,0
46.81843185424805,0
46.81847095489502,0
46.81859683990479,0
46.81961369514465,0
46.81964230537415,0
46.8210015296936,0
46.82272410392761,0
46.82341265678406,0
46.82489061355591,0
46.82498025894165,0
46.82611799240112,0
46.83138012886048,0
46.83600974082947,0
46.83747291564941,0
46.83752918243408,0
46.83799242973328,0
46.8573853969574,0
46.85742521286011,0
46.85744333267212,0
46.86482691764832,0
46.86484718322754,0
46.865509033203125,0
46.86553120613098,0
46.868029832839966,0
46.86804986000061,0
46.86815094947815,0
46.87710237503052,0
46.87714099884033,0
46.877164125442505,0
46.8783814907074,0
46.8825888633728,0
46.88275647163391,0
46.8828604221344,0
46.88287973403931,0
46.89724016189575,0
46.89733648300171,0
46.89735531806946,0
46.90632271766663,0
46.90686464309693,0
46.90694427490234,0
46.9070405960083,0
46.90707516670227,0
46.9102931022644,0
46.91035532951355,0
46.91137790679932,0
46.91726422309876,0
46.91731643676758,0
46.91733741760254,0
46.92264938354492,0
46.937647104263306,0
46.93790245056152,0
46.9379346370697,0
46.95876145362854,0
46.958805322647095,0
46.95881175994873,0
46.97171473503113,0
46.97443771362305,0
46.97445464134216,0
46.9761700630188,0
46.97620058059693,0
46.97625279426575,0
46.97631502151489,0
46.977970600128174,0
46.97858238220215,0
46.97930812835693,0
46.97934031486511,0
46.97939586639404,0
46.97972226142883,0
46.98015069961548,0
46.98190546035767,0
46.98299503326416,0
46.99821710586548,0
46.9987199306488,0
46.99884510040283,0
47.01553416252136,0
47.01557016372681,0
47.01558899879456,0
47.01567363739014,0
47.01587843894959,0
47.0159010887146,0
47.0159695148468,0
47.01737451553345,0
47.01743674278259,0
47.01743793487549,0
47.01830196380615,0
47.018391132354736,0
47.02071762084961,0
47.02080035209656,0
47.022706747055054,0
47.02273726463318,0
47.02275514602661,0
47.02278208732605,0
47.02699971199036,0
47.027100801467896,0
47.02712321281433,0
47.037657737731934,0
47.0377049446106,0
47.0377836227417,0
47.04491329193115,0
47.05573725700378,0
47.05753803253174,0
47.0576765537262,0
47.05781555175781,0
47.05783581733704,0
47.05980086326599,0
47.059818267822266,0
47.076953411102295,0
47.076977252960205,0
47.07699537277222,0
47.09009742736816,0
47.09021663665772,0
47.09024715423584,0
47.09183859825134,0
47.09348773956299,0
47.09530687332153,0
47.09754371643066,0
47.09757471084595,0
47.09758162498474,0
47.10233235359192,0
47.10236477851868,0
47.10236620903015,0
47.10492730140686,0
47.1050021648407,0
47.10515403747559,0
47.10607552528381,0
47.10619759559631,0
47.11606431007385,0
47.117170095443726,0
47.11721730232239,0
47.11729383468628,0
47.13724541664124,0
47.13729381561279,0
47.13731360435486,0
47.159677028656006,0
47.15970778465271,0
47.16005539894104,0
47.16041898727417,0
47.16136074066162,0
47.16138505935669,0
47.16140055656433,0
47.161417961120605,0
47.16143703460693,0
47.16145539283752,0
47.16147232055664,0
47.16148781776428,0
47.16456604003906,0
47.17743277549744,0
47.177483320236206,0
47.17749977111816,0
47.18461799621582,0
47.18466639518738,0
47.18474864959717,0
47.18476605415344,0
47.18810892105103,0
47.18813467025757,0
47.18817138671875,0
47.19695138931274,0
47.197041511535645,0
47.19704842567444,0
47.20814251899719,0
47.20817041397095,0
47.21021842956543,0
47.21042060852051,0
47.211721420288086,0
47.21346116065979,0
47.21575832366944,0
47.21799039840698,0
47.21804356575012,0
47.21836519241333,0
47.23394346237183,0
47.23740768432617,0
47.23745131492615,0
47.23751616477966,0
47.25737428665161,0
47.25740504264832,0
47.25741624832153,0
47.27357625961304,0
47.275519132614136,0
47.2769501209259,0
47.27696895599365,0
47.27698755264282,0
47.27725434303284,0
47.277405977249146,0
47.277428150177,0
47.27744555473328,0
47.2778902053833,0
47.28044676780701,0
47.28048586845398,0
47.28050136566162,0
47.28065848350525,0
47.28204774856568,0
47.28208470344544,0
47.28252720832825,0
47.28363919258118,0
47.29047870635986,0
47.29051423072815,0
47.29053997993469,0
47.29056334495544,0
47.29584455490112,0
47.29586243629456,0
47.29586887359619,0
47.297186851501465,0
47.297662019729614,0
47.29957938194275,0
47.29964852333069,0
47.29969096183777,0
47.30240225791931,0
47.30242609977722,0
47.31706166267395,0
47.31714749336243,0
47.31716704368591,0
47.337427377700806,0
47.33766341209412,0
47.337751150131226,0
47.35584282875061,0
47.35744571685791,0
47.357497453689575,0
47.35757875442505,0
47.37748074531555,0
47.37752723693848,0
47.37752819061279,0
47.39493370056152,0
47.39496374130249,0
47.39973783493042,0
47.39976406097412,0
47.39978575706482,0
47.3998544216156,0
47.39991307258606,0
47.40156841278076,0
47.40160727500916,0
47.40333008766174,0
47.40337657928467,0
47.40349292755127,0
47.40404319763184,0
47.40838599205017,0
47.40847158432007,0
47.41665959358215,0
47.416770935058594,0
47.41764807701111,0
47.41793513298035,0
47.417983531951904,0
47.42095589637756,0
47.42360997200012,0
47.426291704177856,0
47.42693114280701,0
47.42963147163391,0
47.43768644332886,0
47.43773603439331,0
47.43775677680969,0
47.440348863601685,0
47.44049692153931,0
47.44051694869995,0
47.440640449523926,0
47.44439268112183,0
47.44456171989441,0
47.44470429420471,0
47.453654289245605,0
47.45731163024902,0
47.45733332633972,0
47.45734763145447,0
47.47594618797302,0
47.477328062057495,0
47.47736024856568,0
47.477375507354736,0
47.47826910018921,0
47.47932052612305,0
47.47955656051636,0
47.49710536003113,0
47.49710655212402,0
47.49715662002564,0
47.50874948501587,0
47.508782148361206,0
47.50888204574585,0
47.51303362846375,0
47.51307678222656,0
47.51316237449646,0
47.51321482658386,0
47.51747393608093,0
47.51751923561096,0
47.51754307746887,0
47.51769089698792,0
47.51772379875183,0
47.51867389678955,0
47.52234721183777,0
47.52242112159729,0
47.52248024940491,0
47.52253723144531,0
47.524396657943726,0
47.53726100921631,0
47.53730821609497,0
47.53732919692993,0
47.568105936050415,0
47.56814193725586,0
47.56824135780335,0
47.56826400756836,0
47.56839537620544,0
47.56843781471253,0
47.56846714019776,0
47.5685088634491,0
47.568530321121216,0
47.56868028640747,0
47.56873154640198,0
47.568766832351685,0
47.57168436050415,0
47.57693529129028,0
47.57696652412415,0
47.57706809043884,0
47.58457398414612,0
47.58459162712097,0
47.58461236953735,0
47.584614515304565,0
47.58709192276001,0
47.58711624145508,0
47.58718276023865,0
47.5881495475769,0
47.58856129646301,0
47.59441590309143,0
47.59446573257446,0
47.59824180603027,0
47.59828042984009,0
47.59834170341492,0
47.59838318824768,0
47.61739420890808,0
47.61743450164795,0
47.61749863624573,0
47.63389587402344,0
47.633941411972046,0
47.63429379463196,0
47.63433766365051,0
47.63880848884583,0
47.63880896568298,0
47.638834714889526,0
47.63896656036377,0
47.639044523239136,0
47.63921451568604,0
47.63921880722046,0
47.641987323760986,0
47.648282289505005,0
47.6571855545044,0
47.65750050544739,0
47.65754294395447,0
47.66426849365234,0
47.66438055038452,0
47.66448140144348,0
47.66450190544128,0
47.66863012313843,0
47.6686646938324,0
47.66920232772827,0
47.669865131378174,0
47.67732548713684,0
47.67735433578491,0
47.6773738861084,0
47.67827653884888,0
47.67891716957092,0
47.67895197868347,0
47.696892738342285,0
47.6968936920166,0
47.69692826271057,0
47.708669900894165,0
47.70870900154114,0
47.708767890930176,0
47.7103054523468,0
47.71037459373474,0
47.71232390403748,0
47.71234130859375,0
47.71381402015686,0
47.713836431503296,0
47.71421551704407,0
47.71426153182984,0
47.71538829803467,0
47.71542072296143,0
47.71555304527283,0
47.71698236465454,0
47.71701383590698,0
47.71702814102173,0
47.72059178352356,0
47.72323656082153,0
47.73716402053833,0
47.73869776725769,0
47.738784074783325,0
47.73882341384888,0
47.75820016860962,0
47.7582004070282,0
47.75820159912109,0
47.75952959060669,0
47.75970244407654,0
47.76026344299317,0
47.7617974281311,0
47.76415038108826,0
47.76421546936035,0
47.77706980705261,0
47.77710962295532,0
47.77719521522522,0
47.7912335395813,0
47.791295289993286,0
47.79195308685303,0
47.7929105758667,0
47.79734325408936,0
47.797693490982056,0
47.79777002334595,0
47.799396991729736,0
47.799429416656494,0
47.79953408241272,0
47.800657987594604,0
47.80243945121765,0
47.802528858184814,0
47.80301332473755,0
47.80337142944336,0
47.80508804321289,0
47.806212425231934,0
47.817328691482544,0
47.81739902496338,0
47.8174216747284,0
47.81749939918518,0
47.823100090026855,0
47.82314014434815,0
47.823406457901,0
47.82364201545715,0
47.833059310913086,0
47.83310389518738,0
47.833961486816406,0
47.83710289001465,0
47.83714461326599,0
47.83718276023865,0
47.85997939109802,0
47.86002779006958,0
47.86030864715576,0
47.87131714820862,0
47.8782753944397,0
47.87830853462219,0
47.878379106521606,0
47.87981963157654,0
47.88073992729187,0
47.88074088096619,0
47.880778074264526,0
47.881614685058594,0
47.881969928741455,0
47.882487297058105,0
47.88285684585571,0
47.88426327705383,0
47.89088487625122,0
47.890915632247925,0
47.8921012878418,0
47.892112016677856,0
47.89279890060425,0
47.89712929725647,0
47.897162437438965,0
47.89743995666504,0
47.91746926307678,0
47.91751646995544,0
47.91785383224487,0
47.937291622161865,0
47.93730854988098,0
47.93734288215637,0
47.94855237007141,0
47.94860649108887,0
47.94863319396973,0
47.94869661331177,0
47.95853090286255,0
47.958658933639526,0
47.95919799804688,0
47.96338176727295,0
47.9635636806488,0
47.96359086036682,0
47.97167992591858,0
47.97170853614807,0
47.97172427177429,0
47.971824169158936,0
47.97385883331299,0
47.973896741867065,0
47.9738974571228,0
47.97486448287964,0
47.97735261917114,0
47.97739410400391,0
47.97744703292847,0
47.983741998672485,0
47.983757972717285,0
47.98482346534729,0
47.98650979995728,0
47.98770904541016,0
47.99720358848572,0
47.99723219871521,0
47.9972505569458,0
48.01738739013672,0
48.0174286365509,0
48.017446517944336,0
48.0313606262207,0
48.03140187263489,0
48.031463861465454,0
48.03148865699768,0
48.03172421455383,0
48.031742334365845,0
48.03265714645386,0
48.033284187316895,0
48.033321142196655,0
48.03734612464905,0
48.03738212585449,0
48.037445306777954,0
48.03750061988831,0
48.037556409835815,0
48.05749750137329,0
48.057532787323,0
48.05756688117981,0
48.07523918151856,0
48.07758688926697,0
48.07763886451721,0
48.07769966125488,0
48.0972216129303,0
48.097498655319214,0
48.09763479232788,0
48.105472803115845,0
48.10611867904663,0
48.10645055770874,0
48.106817960739136,0
48.11221766471863,0
48.11239290237427,0
48.1125214099884,0
48.11459398269653,0
48.1148099899292,0
48.11858725547791,0
48.11900210380554,0
48.11904191970825,0
48.11912345886231,0
48.119174003601074,0
48.13849091529846,0
48.13856554031372,0
48.13874506950378,0
48.14082837104797,0
48.155202865600586,0
48.15523362159729,0
48.15925741195679,0
48.15932369232178,0
48.16019225120544,0
48.17895150184631,0
48.17896866798401,0
48.17899560928345,0
48.17907428741455,0
48.17908525466919,0
48.17909598350525,0
48.179110527038574,0
48.179118394851685,0
48.17913484573364,0
48.17918658256531,0
48.17921829223633,0
48.18160700798035,0
48.18183612823486,0
48.18186259269714,0
48.182090282440186,0
48.18225169181824,0
48.18225646018982,0
48.18538784980774,0
48.20001196861267,0
48.20005917549133,0
48.2000744342804,0
48.211609840393066,0
48.21163511276245,0
48.21181583404541,0
48.21184182167053,0
48.21548891067505,0
48.21568655967712,0
48.21585440635681,0
48.21811056137085,0
48.21818828582764,0
48.21823263168335,0
48.21835207939148,0
48.21875619888306,0
48.21975803375244,0
48.21977758407593,0
48.220839500427246,0
48.22223138809204,0
48.22777915000916,0
48.23782873153687,0
48.23788118362427,0
48.23793649673462,0
48.237958908081055,0
48.25725555419922,0
48.25730109214783,0
48.257322788238525,0
48.26535201072693,0
48.26537299156189,0
48.2653911113739,0
48.26564526557922,0
48.26953339576721,0
48.26958084106445,0
48.26960349082947,0
48.2703697681427,0
48.27822756767273,0
48.27826380729675,0
48.27828240394592,0
48.2799220085144,0
48.280301094055176,0
48.28054332733154,0
48.28057241439819,0
48.28178691864014,0
48.28246545791626,0
48.28252172470093,0
48.29718518257141,0
48.29723024368286,0
48.297258615493774,0
48.303388833999634,0
48.30606818199158,0
48.30661511421204,0
48.30674910545349,0
48.31285929679871,0
48.31954336166382,0
48.31962060928345,0
48.31964612007141,0
48.33789253234863,0
48.33794188499451,0
48.33794593811035,0
48.354626417160034,0
48.35600233078003,0
48.35985970497131,0
48.35991287231445,0
48.36953854560852,0
48.36965823173523,0
48.37509298324585,0
48.37515425682068,0
48.37517333030701,0
48.37525796890259,0
48.37528347969055,0
48.37554097175598,0
48.37556743621826,0
48.37558817863464,0
48.38053226470947,0
48.38058304786682,0
48.38059902191162,0
48.38061356544495,0
48.38081955909729,0
48.38405632972717,0
48.39406228065491,0
48.39423942565918,0
48.394259214401245,0
48.39430952072144,0
48.39713025093079,0
48.39714503288269,0
48.39719605445862,0
48.39774465560913,0
48.39780068397522,0
48.39784121513367,0
48.39872980117798,0
48.398756980896,0
48.400153398513794,0
48.400185108184814,0
48.4015543460846,0
48.40167498588562,0
48.40178728103638,0
48.40179228782654,0
48.40296959877014,0
48.40298295021057,0
48.402992963790894,0
48.4147355556488,0
48.41697835922241,0
48.41701149940491,0
48.417492151260376,0
48.438013553619385,0
48.438708782196045,0
48.43875789642334,0
48.43877553939819,0
48.43949604034424,0
48.44007658958435,0
48.44037461280823,0
48.44041848182678,0
48.44071173667908,0
48.44090700149536,0
48.45779228210449,0
48.45786643028259,0
48.4579668045044,0
48.463741064071655,0
48.477484464645386,0
48.4775173664093,0
48.47804665565491,0
48.48003959655762,0
48.480060338974,0
48.48007488250733,0
48.480093002319336,0
48.483074426651,0
48.48322105407715,0
48.4832456111908,0
48.4971616268158,0
48.497201919555664,0
48.49722003936768,0
48.50102210044861,0
48.50106167793274,0
48.50322413444519,0
48.50328493118286,0
48.50553297996521,0
48.51747608184815,0
48.51752471923828,0
48.51754546165466,0
48.51892685890198,0
48.51940631866455,0
48.53738832473755,0
48.53744292259216,0
48.53952717781067,0
48.542990922927856,0
48.54338788986206,0
48.5436806678772,0
48.54395508766174,0
48.54686737060547,0
48.54747486114502,0
48.54753613471985,0
48.55926036834717,0
48.55930852890015,0
48.55937218666077,0
48.57757544517517,0
48.57762408256531,0
48.57770729064941,0
48.59444260597229,0
48.59880185127258,0
48.59901976585388,0
48.6007227897644,0
48.617894887924194,0
48.61794328689575,0
48.6180112361908,0
48.6329300403595,0
48.63295888900757,0
48.6329779624939,0
48.63298392295837,0
48.63724946975708,0
48.637272119522095,0
48.63729190826416,0
48.63739442825317,0
48.637417793273926,0
48.63755130767822,0
48.640132427215576,0
48.64355659484863,0
48.64500904083252,0
48.64507007598877,0
48.6493878364563,0
48.64949345588684,0
48.65192365646362,0
48.658552169799805,0
48.65860199928284,0
48.658671855926514,0
48.6639928817749,0
48.66402316093445,0
48.66409516334534,0
48.664167404174805,0
48.668946504592896,0
48.66897940635681,0
48.6690046787262,0
48.67199778556824,0
48.67797684669495,0
48.678011655807495,0
48.67809224128723,0
48.68887543678284,0
48.68889808654785,0
48.6889123916626,0
48.6889283657074,0
48.69409799575806,0
48.69416069984436,0
48.69424152374268,0
48.69439029693604,0
48.69443774223328,0
48.69463777542114,0
48.69469690322876,0
48.69816970825195,0
48.69817709922791,0
48.69821071624756,0
48.711076498031616,0
48.71628046035767,0
48.7165048122406,0
48.71713805198669,0
48.717145919799805,0
48.71723699569702,0
48.71867609024048,0
48.72177314758301,0
48.72209310531616,0
48.72303318977356,0
48.723090410232544,0
48.72310829162598,0
48.723904609680176,0
48.7239408493042,0
48.724945068359375,0
48.73265624046326,0
48.73709416389465,0
48.73720455169678,0
48.73722982406616,0
48.759438276290894,0
48.75947403907776,0
48.759588956832886,0
48.76376724243164,0
48.7637939453125,0
48.763831615448,0
48.764110803604126,0
48.77003002166748,0
48.77029252052307,0
48.770532846450806,0
48.77708578109741,0
48.77711319923401,0
48.77712631225586,0
48.7903413772583,0
48.792054414749146,0
48.79459309577942,0
48.79761958122253,0
48.79763960838318,0
48.79772090911865,0
48.799612283706665,0
48.79981088638306,0
48.7998275756836,0
48.799867391586304,0
48.80477714538574,0
48.804826498031616,0
48.80487775802612,0
48.80671310424805,0
48.80673909187317,0
48.8088755607605,0
48.808955907821655,0
48.81356477737427,0
48.81692910194397,0
48.81692934036255,0
48.81697392463684,0
48.83716130256653,0
48.8372004032135,0
48.837217807769775,0
48.84231734275818,0
48.84287786483765,0
48.843371868133545,0
48.843639850616455,0
48.84662389755249,0
48.846710443496704,0
48.84710431098938,0
48.85768485069275,0
48.857762575149536,0
48.85776591300965,0
48.86045289039612,0
48.86052227020264,0
48.86063313484192,0
48.86073398590088,0
48.86239242553711,0
48.86305522918701,0
48.863194942474365,0
48.864105463027954,0
48.87759208679199,0
48.87763023376465,0
48.87788081169128,0
48.897199392318726,0
48.89724087715149,0
48.89725947380066,0
48.90332221984863,0
48.90643239021301,0
48.90645217895508,0
48.90647768974304,0
48.90750598907471,0
48.90752673149109,0
48.90754699707031,0
48.908782958984375,0
48.90882515907288,0
48.916048765182495,0
48.91615915298462,0
48.917211294174194,0
48.91726207733154,0
48.91740417480469,0
48.91921281814575,0
48.93776321411133,0
48.93782186508179,0
48.93790531158447,0
48.95598649978638,0
48.9559977054596,0
48.95769953727722,0
48.95775818824768,0
48.957905530929565,0
48.95943212509155,0
48.95946550369263,0
48.96677923202515,0
48.96681666374207,0
48.97367191314697,0
48.97372555732727,0
48.97379112243652,0
48.97383999824524,0
48.98196530342102,0
48.981995582580566,0
48.98209524154663,0
48.98248219490051,0
48.98260569572449,0
48.9980571269989,0
48.99811506271362,0
48.99811601638794,0
49.01740026473999,0
49.01745414733887,0
49.01754903793335,0
49.02434992790222,0
49.0243866443634,0
49.02463984489441,0
49.02467203140259,0
49.031041622161865,0
49.031111001968384,0
49.03117609024048,0
49.03362321853638,0
49.03362846374512,0
49.03437304496765,0
49.03440141677856,0
49.037874937057495,0
49.03789758682251,0
49.03794074058533,0
49.043731689453125,0
49.05186033248901,0
49.052143573760986,0
49.05238699913025,0
49.052462100982666,0
49.05405306816101,0
49.054075956344604,0
49.05432438850403,0
49.05772614479065,0
49.05781269073486,0
49.0578339099884,0
49.06667423248291,0
49.06923937797546,0
49.072428703308105,0
49.076783180236816,0
49.076810359954834,0
49.07685947418213,0
49.077869176864624,0
49.07827067375183,0
49.078389167785645,0
49.07843899726868,0
49.07972359657288,0
49.07974457740784,0
49.079800844192505,0
49.097177267074585,0
49.09722685813904,0
49.09722781181336,0
49.10320401191712,0
49.10324740409851,0
49.10653352737427,0
49.10658860206604,0
49.10799169540405,0
49.108137130737305,0
49.1082010269165,0
49.10822343826294,0
49.11374878883362,0
49.113800048828125,0
49.1141836643219,0
49.11756157875061,0
49.11761069297791,0
49.11768388748169,0
49.13748455047608,0
49.13758325576782,0
49.137609243392944,0
49.15203475952149,0
49.15855073928833,0
49.15902519226074,0
49.159056663513184,0
49.169583559036255,0
49.16969037055969,0
49.170026779174805,0
49.17004585266113,0
49.17006516456604,0
49.17008423805237,0
49.17276906967163,0
49.17279529571533,0
49.1728298664093,0
49.17688179016113,0
49.17907333374024,0
49.179096698760986,0
49.17911195755005,0
49.18044710159302,0
49.19687294960022,0
49.197394132614136,0
49.19742441177368,0
49.19788026809693,0
49.21048402786255,0
49.21178126335144,0
49.2118182182312,0
49.211891889572144,0
49.21603465080261,0
49.21624374389648,0
49.21630239486694,0
49.21711349487305,0
49.21715021133423,0
49.217201709747314,0
49.222026348114014,0
49.222065687179565,0
49.22210621833801,0
49.22218298912048,0
49.22469353675842,0
49.23707938194275,0
49.237120151519775,0
49.23713898658752,0
49.24372291564941,0
49.25408911705017,0
49.25419020652771,0
49.25428080558777,0
49.255048990249634,0
49.25513482093811,0
49.255730628967285,0
49.25614595413208,0
49.25716972351074,0
49.25721430778504,0
49.25737714767456,0
49.27701544761658,0
49.277055740356445,0
49.27727437019348,0
49.27830266952515,0
49.29725670814514,0
49.29731369018555,0
49.29766798019409,0
49.304035663604736,0
49.30405902862549,0
49.30408048629761,0
49.30410170555115,0
49.30685472488403,0
49.30689740180969,0
49.30703496932984,0
49.30936813354492,0
49.30940794944763,0
49.31722092628479,0
49.31731986999512,0
49.3173451423645,0
49.32800960540772,0
49.32812523841858,0
49.33043193817139,0
49.33701419830322,0
49.337417125701904,0
49.34331917762756,0
49.34336018562317,0
49.34349489212036,0
49.349477767944336,0
49.34976887702942,0
49.353341579437256,0
49.35374569892883,0
49.35470414161682,0
49.3548686504364,0
49.36454892158508,0
49.36463737487793,0
49.36465907096863,0
49.36475372314453,0
49.36481070518494,0
49.36550378799439,0
49.36554002761841,0
49.36554408073425,0
49.36555862426758,0
49.36560869216919,0
49.3656280040741,0
49.36564540863037,0
49.36566519737244,0
49.37470936775208,0
49.37772536277771,0
49.37775802612305,0
49.37894892692566,0
49.397472620010376,0
49.39751529693604,0
49.397687911987305,0
49.40368723869324,0
49.40370678901672,0
49.403724908828735,0
49.40374398231506,0
49.406716108322144,0
49.40672540664673,0
49.4078950881958,0
49.408726930618286,0
49.40876817703247,0
49.4105441570282,0
49.41062664985657,0
49.41729784011841,0
49.41734647750855,0
49.41736888885498,0
49.43508100509644,0
49.43729710578919,0
49.43736886978149,0
49.43739080429077,0
49.45948123931885,0
49.45948147773743,0
49.45953559875488,0
49.47723698616028,0
49.48081183433533,0
49.48085045814514,0
49.48093891143799,0
49.48209619522095,0
49.482181787490845,0
49.48298907279968,0
49.48305869102478,0
49.48365950584412,0
49.48371744155884,0
49.48479819297791,0
49.48680996894837,0
49.49274206161499,0
49.49691820144653,0
49.49695372581482,0
49.497034788131714,0
49.49922251701355,0
49.49924516677856,0
49.49932241439819,0
49.49937629699707,0
49.50411057472229,0
49.50449585914612,0
49.50496959686279,0
49.50544595718384,0
49.50564813613892,0
49.50782656669617,0
49.5079882144928,0
49.51741290092468,0
49.51745820045471,0
49.51747870445252,0
49.53312778472901,0
49.53749752044678,0
49.5375452041626,0
49.53756880760193,0
49.557652711868286,0
49.55771017074585,0
49.55781579017639,0
49.560248374938965,0
49.56033754348755,0
49.57715678215027,0
49.577192068099976,0
49.577232837677,0
49.5908739566803,0
49.59090614318848,0
49.59092164039612,0
49.59093809127808,0
49.594000816345215,0
49.59402918815613,0
49.59443545341492,0
49.59488320350647,0
49.59740138053894,0
49.597442626953125,0
49.597753286361694,0
49.60248708724976,0
49.602580308914185,0
49.6037187576294,0
49.60384440422058,0
49.60869646072388,0
49.60872840881348,0
49.60877203941345,0
49.60902786254883,0
49.61277770996094,0
49.612823247909546,0
49.61319279670715,0
49.61361503601074,0
49.61711406707764,0
49.61713433265686,0
49.61722803115845,0
49.62182450294495,0
49.62185406684876,0
49.62210154533386,0
49.62224817276001,0
49.62387228012085,0
49.62403059005737,0
49.62469410896301,0
49.62495994567871,0
49.63756275177002,0
49.637574195861816,0
49.63761472702026,0
49.64307069778442,0
49.64594507217407,0
49.65717363357544,0
49.657219886779785,0
49.65733861923218,0
49.67163014411926,0
49.67228555679321,0
49.6723256111145,0
49.67235231399536,0
49.674766063690186,0
49.6749804019928,0
49.675020694732666,0
49.67787742614746,0
49.6789186000824,0
49.67899560928345,0
49.679049015045166,0
49.679129123687744,0
49.69699263572693,0
49.69700002670288,0
49.69703531265259,0
49.70273113250733,0
49.70279550552368,0
49.70440483093262,0
49.70447897911072,0
49.70565032958984,0
49.71725916862488,0
49.717262268066406,0
49.7173113822937,0
49.72642254829407,0
49.726736307144165,0
49.72835445404053,0
49.72839713096619,0
49.72884202003479,0
49.72885799407959,0
49.73410511016846,0
49.7341935634613,0
49.73523998260498,0
49.738280057907104,0
49.73832154273987,0
49.7384033203125,0
49.75828218460083,0
49.758334159851074,0
49.75924229621887,0
49.76964902877808,0
49.7774498462677,0
49.77750635147095,0
49.778836727142334,0
49.79463768005371,0
49.79467463493347,0
49.79469060897827,0
49.79475402832031,0
49.79591178894043,0
49.79592776298523,0
49.79594683647156,0
49.79733991622925,0
49.7973690032959,0
49.79738187789917,0
49.7978150844574,0
49.7980363368988,0
49.7990870475769,0
49.799108028411865,0
49.800023794174194,0
49.80681419372559,0
49.80706691741944,0
49.80721521377564,0
49.80723571777344,0
49.80837512016296,0
49.80875086784363,0
49.80880522727966,0
49.81706190109253,0
49.81708240509033,0
49.817143201828,0
49.83718132972717,0
49.83723306655884,0
49.83732509613037,0
49.85763001441956,0
49.85879397392273,0
49.85884690284729,0
49.87808656692505,0
49.8781533241272,0
49.87827157974243,0
49.88491034507752,0
49.88496541976929,0
49.88498568534851,0
49.88500571250916,0
49.888468742370605,0
49.88860297203064,0
49.888633012771606,0
49.89003467559815,0
49.89759635925293,0
49.897852420806885,0
49.89788579940796,0
49.90731477737427,0
49.90733289718628,0
49.90735054016113,0
49.90790510177612,0
49.90921401977539,0
49.90982937812805,0
49.9100546836853,0
49.910693883895874,0
49.91111159324646,0
49.91275525093079,0
49.91280555725098,0
49.91777348518372,0
49.91780495643616,0
49.91782093048096,0
49.93688607215881,0
49.93691730499268,0
49.9371190071106,0
49.947328329086304,0
49.94956517219544,0
49.95226311683655,0
49.95693325996399,0
49.956960678100586,0
49.95699834823608,0
49.97077298164368,0
49.97079491615296,0
49.97232699394226,0
49.97233819961548,0
49.97234892845154,0
49.97236752510071,0
49.98449230194092,0
49.98451662063599,0
49.98454546928406,0
49.98853063583374,0
49.988566160202026,0
49.98860359191895,0
49.98861789703369,0
49.98868060112,0
49.98872995376587,0
49.99130296707153,0
49.99134421348572,0
49.99137306213379,0
49.99140310287476,0
49.99684405326843,0
49.99687552452088,0
49.99703788757324,0
49.99859881401062,0
49.99861478805542,0
49.99867558479309,0
50.000147104263306,0
50.0001654624939,0
50.00126361846924,0
50.00127673149109,0
50.01703405380249,0
50.01707100868225,0
50.01708436012268,0
50.03839540481568,0
50.03843379020691,0
50.03848385810852,0
50.039259910583496,0
50.04377722740173,0
50.04380941390991,0
50.04382276535034,0
50.04384517669678,0
50.05680990219116,0
50.05683207511902,0
50.0568528175354,0
50.05778098106384,0
50.05787348747253,0
50.05797147750855,0
50.05943179130554,0
50.05946135520935,0
50.05990481376648,0
50.06010699272156,0
50.07711911201477,0
50.07720017433167,0
50.07724332809448,0
50.091745376586914,0
50.09174561500549,0
50.09180665016174,0
50.092989444732666,0
50.09814667701721,0
50.09824752807617,0
50.09826612472534,0
50.101850271224976,0
50.10188961029053,0
50.10194230079651,0
50.10273361206055,0
50.10707664489746,0
50.10711431503296,0
50.107364654541016,0
50.107839584350586,0
50.10810899734497,0
50.10873937606812,0
50.10881543159485,0
50.10930871963501,0
50.11775660514832,0
50.11840200424194,0
50.11864376068115,0
50.12669038772583,0
50.1267237663269,0
50.12766933441162,0
50.12989377975464,0
50.12992882728577,0
50.129942893981934,0
50.13171362876892,0
50.13200283050537,0
50.13200306892395,0
50.13202404975891,0
50.13393259048462,0
50.1376211643219,0
50.13764572143555,0
50.13791489601135,0
50.152628898620605,0
50.15852499008179,0
50.1585807800293,0
50.15892052650452,0
50.176939725875854,0
50.17733454704285,0
50.17735695838928,0
50.19648838043213,0
50.19692134857178,0
50.196924924850464,0
50.19693756103516,0
50.196940898895264,0
50.196948289871216,0
50.19695067405701,0
50.19891309738159,0
50.19893646240234,0
50.1992621421814,0
50.20034980773926,0
50.200353145599365,0
50.20152711868286,0
50.20157170295715,0
50.2100625038147,0
50.21494817733765,0
50.21599769592285,0
50.21720099449158,0
50.21723175048828,0
50.21728491783142,0
50.21730375289917,0
50.2173638343811,0
50.21769046783447,0
50.21774411201477,0
50.2178099155426,0
50.217817068099976,0
50.21833491325378,0
50.23556184768677,0
50.23641562461853,0
50.23685598373413,0
50.23688626289368,0
50.236979722976685,0
50.23850727081299,0
50.255332469940186,0
50.25723361968994,0
50.257282972335815,0
50.25731086730957,0
50.266494035720825,0
50.26663661003113,0
50.266655683517456,0
50.26667213439941,0
50.26683115959168,0
50.26685500144959,0
50.266873359680176,0
50.267385482788086,0
50.26741242408752,0
50.26742935180664,0
50.26744413375855,0
50.269816398620605,0
50.26992869377136,0
50.26995277404785,0
50.27717995643616,0
50.27721858024597,0
50.277235984802246,0
50.28849768638611,0
50.29491353034973,0
50.29498291015625,0
50.29516077041626,0
50.29516911506653,0
50.29617595672608,0
50.29800820350647,0
50.2980375289917,0
50.29805016517639,0
50.29848074913025,0
50.2985143661499,0
50.29874277114868,0
50.2987699508667,0
50.31067156791687,0
50.31071209907532,0
50.31737184524536,0
50.31737923622131,0
50.31740951538086,0
50.32416319847107,0
50.33757495880127,0
50.33760499954224,0
50.3376190662384,0
50.34749150276184,0
50.34750556945801,0
50.34755206108093,0
50.34758734703064,0
50.34762144088745,0
50.34769129753113,0
50.34776091575623,0
50.34859848022461,0
50.348613023757935,0
50.35180497169495,0
50.35699963569641,0
50.357027530670166,0
50.35703873634338,0
50.3794846534729,0
50.37952828407288,0
50.38073301315308,0
50.38748455047608,0
50.38750314712525,0
50.38753700256348,0
50.38756966590881,0
50.38862824440002,0
50.388651609420776,0
50.389156341552734,0
50.38947367668152,0
50.389702558517456,0
50.392595291137695,0
50.39261198043823,0
50.39701962471008,0
50.39704513549805,0
50.39709210395813,0
50.41703748703003,0
50.41706585884094,0
50.41707444190979,0
50.43315076828003,0
50.43731641769409,0
50.43735361099243,0
50.43737077713013,0
50.457396268844604,0
50.4574019908905,0
50.457439661026,0
50.45881676673889,0
50.45883440971375,0
50.45952653884888,0
50.459553956985474,0
50.46128749847412,0
50.46183300018311,0
50.46246027946472,0
50.47679281234741,0
50.478354930877686,0
50.478357553482056,0
50.47913670539856,0
50.47916531562805,0
50.4971809387207,0
50.49748969078064,0
50.49753308296204,0
50.51118040084839,0
50.51124906539917,0
50.51128935813904,0
50.512086629867554,0
50.512524366378784,0
50.5132360458374,0
50.51327800750733,0
50.5171434879303,0
50.51722836494446,0
50.5173647403717,0
50.5224871635437,0
50.52256274223328,0
50.52438426017761,0
50.52440595626831,0
50.52655172348023,0
50.52660012245178,0
50.526615619659424,0
50.52661752700806,0
50.53776335716248,0
50.53780674934387,0
50.53786110877991,0
50.54582715034485,0
50.545923471450806,0
50.54599380493164,0
50.5462863445282,0
50.55143857002258,0
50.55179762840271,0
50.55745005607605,0
50.55749249458313,0
50.55756497383118,0
50.56600260734558,0
50.56699228286743,0
50.56716251373291,0
50.56724667549133,0
50.57046556472778,0
50.570717096328735,0
50.57202100753784,0
50.57301735877991,0
50.57544875144959,0
50.57761001586914,0
50.57780313491821,0
50.57801818847656,0
50.57957053184509,0
50.59701466560364,0
50.59702253341675,0
50.59751009941101,0
50.615739822387695,0
50.61578154563904,0
50.6158435344696,0
50.61612701416016,0
50.61619257926941,0
50.61621403694153,0
50.61726140975952,0
50.61730074882507,0
50.61794900894165,0
50.61897563934326,0
50.619730949401855,0
50.619807720184326,0
50.62045454978943,0
50.62051582336426,0
50.62364840507507,0
50.628374099731445,0
50.63242959976196,0
50.6370108127594,0
50.63704967498779,0
50.63706374168396,0
50.64079070091248,0
50.64326095581055,0
50.64352059364319,0
50.64352655410767,0
50.64354515075684,0
50.64365887641907,0
50.64438080787659,0
50.6578950881958,0
50.65795278549194,0
50.65798354148865,0
50.66291880607605,0
50.67756104469299,0
50.67759847640991,0
50.67872667312622,0
50.68777585029602,0
50.68784809112549,0
50.687865018844604,0
50.6890594959259,0
50.69054627418518,0
50.69057846069336,0
50.6905825138092,0
50.69951343536377,0
50.699604749679565,0
50.6997492313385,0
50.70055866241455,0
50.70060133934021,0
50.7026755809784,0
50.70272374153137,0
50.71731805801392,0
50.71733617782593,0
50.71735095977783,0
50.73727107048035,0
50.73732161521912,0
50.73773741722107,0
50.74258279800415,0
50.75734519958496,0
50.75741100311279,0
50.75743222236633,0
50.76962685585022,0
50.7724974155426,0
50.77982211112976,0
50.77984809875488,0
50.77990508079529,0
50.78304934501648,0
50.78307795524597,0
50.78350329399109,0
50.78374719619751,0
50.783756494522095,0
50.78377079963684,0
50.78377962112427,0
50.78715443611145,0
50.78717350959778,0
50.78717875480652,0
50.78718900680542,0
50.79206013679504,0
50.79207515716553,0
50.792099714279175,0
50.79214930534363,0
50.79562282562256,0
50.79565262794495,0
50.79572510719299,0
50.79615998268128,0
50.79706931114197,0
50.79719376564026,0
50.7972354888916,0
50.8173394203186,0
50.817431926727295,0
50.81745624542236,0
50.82322216033936,0
50.82340121269226,0
50.82341504096985,0
50.82587122917175,0
50.82589912414551,0
50.82820153236389,0
50.82830333709717,0
50.83802604675293,0
50.838074922561646,0
50.84479069709778,0
50.8467013835907,0
50.8559410572052,0
50.85598278045654,0
50.856003522872925,0
50.8560254573822,0
50.858681201934814,0
50.85871338844299,0
50.85873770713806,0
50.85875678062439,0
50.85886669158936,0
50.86047267913818,0
50.861077070236206,0
50.86472010612488,0
50.87713980674744,0
50.87734007835388,0
50.87736105918884,0
50.87864327430725,0
50.883400201797485,0
50.88428044319153,0
50.88463354110718,0
50.88503646850586,0
50.89696645736694,0
50.897008180618286,0
50.89703297615051,0
50.90387201309204,0
50.90391993522644,0
50.90429782867432,0
50.9055609703064,0
50.90561985969544,0
50.907729387283325,0
50.90777969360352,0
50.908555030822754,0
50.91616082191467,0
50.91715335845947,0
50.917165994644165,0
50.917192459106445,0
50.91852521896362,0
50.93771481513977,0
50.93824052810669,0
50.93841862678528,0
50.94572901725769,0
50.94590854644776,0
50.95307469367981,0
50.95313119888306,0
50.95321202278137,0
50.953288078308105,0
50.95463180541992,0
50.95467019081116,0
50.95473837852478,0
50.95572376251221,0
50.95800542831421,0
50.95805239677429,0
50.95816612243652,0
50.9775927066803,0
50.97763466835022,0
50.977970600128174,0
50.98570990562439,0
50.986347675323486,0
50.98693609237671,0
50.98709201812744,0
50.99239134788513,0
50.9926438331604,0
50.99300718307495,0
50.9957799911499,0
50.99584794044495,0
50.99845099449158,0
50.99848389625549,0
50.99873638153076,0
51.001391649246216,0
51.00146961212158,0
51.00322937965393,0
51.00336670875549,0
51.00339365005493,0
51.00342559814453,0
51.00505042076111,0
51.00526118278504,0
51.00529766082764,0
51.01709747314453,0
51.01714062690735,0
51.017600774765015,0
51.02285552024841,0
51.02611255645752,0
51.03740167617798,0
51.037410259246826,0
51.0374972820282,0
51.05639386177063,0
51.05772113800049,0
51.05778360366821,0
51.05779004096985,0
51.07765483856201,0
51.07770442962647,0
51.07777786254883,0
51.09824991226196,0
51.09827756881714,0
51.09830856323242,0
51.103333473205566,0
51.10339641571045,0
51.1034300327301,0
51.103456020355225,0
51.10560536384583,0
51.10574984550476,0
51.1057767868042,0
51.11628198623657,0
51.11747431755066,0
51.1175217628479,0
51.11768341064453,0
51.13722801208496,0
51.1372983455658,0
51.150840044021606,0
51.15085887908936,0
51.15380644798279,0
51.15382385253906,0
51.155643463134766,0
51.15726327896118,0
51.15745377540589,0
51.15747666358948,0
51.159427881240845,0
51.159440994262695,0
51.170344829559326,0
51.1703577041626,0
51.17036199569702,0
51.17037582397461,0
51.17037773132324,0
51.170387983322144,0
51.1704490184784,0
51.17258501052856,0
51.17766618728638,0
51.17770433425903,0
51.177712202072144,0
51.17885184288025,0
51.1917667388916,0
51.19662261009216,0
51.19664740562439,0
51.19665884971619,0
51.19667005538941,0
51.19713306427002,0
51.19715714454651,0
51.19716763496399,0
51.20000982284546,0
51.200035572052,0
51.20007681846619,0
51.20106887817383,0
51.20111656188965,0
51.20201730728149,0
51.20205092430115,0
51.203145027160645,0
51.21684408187866,0
51.21687459945679,0
51.2168869972229,0
51.23710036277771,0
51.23713517189026,0
51.23714733123779,0
51.251527309417725,0
51.25774073600769,0
51.25775742530823,0
51.25803732872009,0
51.26173233985901,0
51.2617576122284,0
51.26202750205994,0
51.26205492019653,0
51.26233506202698,0
51.26235485076904,0
51.26249170303345,0
51.26251006126404,0
51.26267433166504,0
51.26278352737427,0
51.26279377937317,0
51.266284227371216,0
51.26696705818176,0
51.26739192008972,0
51.27803039550781,0
51.27809309959412,0
51.27811217308045,0
51.28373956680298,0
51.29725909233093,0
51.29725956916809,0
51.29730677604675,0
51.31112027168274,0
51.31154465675354,0
51.31191873550415,0
51.31219482421875,0
51.31478667259216,0
51.315038442611694,0
51.31514954566956,0
51.317018032073975,0
51.31703543663025,0
51.31710124015808,0
51.31796145439148,0
51.31801080703735,0
51.32023072242737,0
51.3203194141388,0
51.32146859169006,0
51.32375192642212,0
51.331018924713135,0
51.33740401268005,0
51.33746361732483,0
51.33748197555542,0
51.342920780181885,0
51.342936754226685,0
51.34443283081055,0
51.344433069229126,0
51.34445023536682,0
51.344587564468384,0
51.34592533111572,0
51.34601902961731,0
51.34615707397461,0
51.35487961769104,0
51.35580253601074,0
51.35716438293457,0
51.357165575027466,0
51.35717558860779,0
51.35733413696289,0
51.37762904167175,0
51.37766075134277,0
51.38153672218323,0
51.387890338897705,0
51.38799071311951,0
51.3881413936615,0
51.38815522193909,0
51.394713401794434,0
51.395015716552734,0
51.39506483078003,0
51.3999981880188,0
51.40005803108215,0
51.40011763572693,0
51.40384578704834,0
51.40386390686035,0
51.40578818321228,0
51.40582036972046,0
51.407063484191895,0
51.40973973274231,0
51.41147017478943,0
51.41683292388916,0
51.41704177856445,0
51.41705346107483,0
51.43724012374878,0
51.437257528305054,0
51.43726992607117,0
51.43911075592041,0
51.43930649757385,0
51.43933320045471,0
51.43934726715088,0
51.44091391563416,0
51.44094753265381,0
51.44179320335388,0
51.4572389125824,0
51.45727849006653,0
51.45729160308838,0
51.47343754768372,0
51.47771096229553,0
51.47775411605835,0
51.47806024551392,0
51.49708151817322,0
51.49712753295898,0
51.49721193313599,0
51.50603461265564,0
51.50607633590698,0
51.50609588623047,0
51.50635194778442,0
51.50687837600708,0
51.50689220428467,0
51.50691962242127,0
51.518080711364746,0
51.518141984939575,0
51.51817846298218,0
51.53388166427612,0
51.534265756607056,0
51.53645610809326,0
51.536484718322754,0
51.53685545921326,0
51.53688287734985,0
51.53738737106323,0
51.53901195526123,0
51.53901219367981,0
51.53961849212647,0
51.53961992263794,0
51.54103064537048,0
51.54106616973877,0
51.54134273529053,0
51.541802167892456,0
51.547735929489136,0
51.54773902893066,0
51.54913949966431,0
51.5491623878479,0
51.54924106597901,0
51.54925537109375,0
51.556905031204224,0
51.55693435668945,0
51.55699419975281,0
51.56122279167175,0
51.561248540878296,0
51.56200432777405,0
51.56241106987,0
51.56623315811157,0
51.56625580787659,0
51.56668519973755,0
51.56670880317688,0
51.57263779640198,0
51.57265329360962,0
51.57334208488464,0
51.5770480632782,0
51.5770742893219,0
51.5770845413208,0
51.59447360038757,0
51.594504594802856,0
51.59750747680664,0
51.59753465652466,0
51.59755730628967,0
51.617027759552,0
51.61705708503723,0
51.61706161499024,0
51.63579607009888,0
51.636226654052734,0
51.63840889930725,0
51.641666650772095,0
51.64172577857971,0
51.64191007614136,0
51.64268374443054,0
51.6579954624176,0
51.65803813934326,0
51.65810322761536,0
51.66886234283447,0
51.67803144454956,0
51.67803168296814,0
51.67808413505554,0
51.69710731506348,0
51.69713544845581,0
51.7032642364502,0
51.70331883430481,0
51.70344758033752,0
51.70484137535095,0
51.707382917404175,0
51.70740222930908,0
51.70742702484131,0
51.711390256881714,0
51.717010736465454,0
51.71704840660095,0
51.71713709831238,0
51.72166252136231,0
51.72166395187378,0
51.72413516044617,0
51.72417092323303,0
51.72482204437256,0
51.73711824417114,0
51.73715019226074,0
51.737162590026855,0
51.74261498451233,0
51.74328255653381,0
51.75691866874695,0
51.75694370269776,0
51.75697636604309,0
51.76309943199158,0
51.76311111450195,0
51.76536297798157,0
51.765389919281006,0
51.76542806625366,0
51.765458822250366,0
51.76551270484924,0
51.76556491851807,0
51.76560592651367,0
51.77744555473328,0
51.777488708496094,0
51.78168344497681,0
51.7817006111145,0
51.7821056842804,0
51.78214979171753,0
51.78352236747742,0
51.7835853099823,0
51.78360414505005,0
51.7844762802124,0
51.79689431190491,0
51.79692006111145,0
51.79704976081848,0
51.809598445892334,0
51.80961012840271,0
51.80962562561035,0
51.81004810333252,0
51.81181716918945,0
51.81183290481568,0
51.81183838844299,0
51.81282114982605,0
51.81285285949707,0
51.81450772285461,0
51.81452560424805,0
51.81529688835144,0
51.81619501113892,0
51.81733083724976,0
51.817360162734985,0
51.81761932373047,0
51.83785271644592,0
51.837889432907104,0
51.83794069290161,0
51.83995485305786,0
51.85749912261963,0
51.85754132270813,0
51.85764336585999,0
51.86165499687195,0
51.86202120780945,0
51.86205816268921,0
51.86240243911743,0
51.86358380317688,0
51.86375689506531,0
51.863784313201904,0
51.87781977653504,0
51.87786531448364,0
51.87801718711853,0
51.88837623596192,0
51.89639735221863,0
51.896427631378174,0
51.89719772338867,0
51.89723086357117,0
51.89742732048035,0
51.897608041763306,0
51.89763021469116,0
51.89935779571533,0
51.89940762519837,0
51.90022253990173,0
51.90034914016724,0
51.90052628517151,0
51.905349016189575,0
51.905367374420166,0
51.91445851325989,0
51.91694092750549,0
51.91697716712952,0
51.91704750061035,0
51.93600058555603,0
51.93613362312317,0
51.93706226348877,0
51.9371018409729,0
51.93711972236633,0
51.95721173286438,0
51.95726227760315,0
51.95728302001953,0
51.96944856643677,0
51.969502449035645,0
51.969528913497925,0
51.96960854530335,0
51.97783517837525,0
51.978187799453735,0
51.97936749458313,0
51.98737335205078,0
51.98764729499817,0
51.987804651260376,0
51.987937927246094,0
51.99112510681152,0
51.99547100067139,0
51.99729633331299,0
51.99742078781128,0
51.99790120124817,0
52.01165223121643,0
52.01168727874756,0
52.01170992851257,0
52.012155294418335,0
52.01402497291565,0
52.01407241821289,0
52.0141179561615,0
52.0155770778656,0
52.01559686660767,0
52.01789927482605,0
52.01792907714844,0
52.0180733203888,0
52.01849412918091,0
52.01853656768799,0
52.02430081367493,0
52.02433133125305,0
52.024334192276,0
52.02437806129456,0
52.02595973014832,0
52.02622628211975,0
52.02624082565308,0
52.0269296169281,0
52.02912640571594,0
52.0371458530426,0
52.03784203529358,0
52.03793168067932,0
52.03795909881592,0
52.04442524909973,0
52.0446047782898,0
52.04480576515198,0
52.04483246803284,0
52.05722999572754,0
52.05727171897888,0
52.05729103088379,0
52.06071734428406,0
52.06092143058777,0
52.0609450340271,0
52.06097078323364,0
52.07711338996887,0
52.07715797424317,0
52.07735276222229,0
52.08263731002808,0
52.08265471458435,0
52.08475470542908,0
52.08479285240173,0
52.09698796272278,0
52.09702825546265,0
52.09708499908447,0
52.10253643989563,0
52.102559089660645,0
52.10265040397644,0
52.10483551025391,0
52.10487771034241,0
52.10680627822876,0
52.10688948631287,0
52.11639666557312,0
52.11831092834473,0
52.11836862564087,0
52.11838912963867,0
52.13744163513184,0
52.13750219345093,0
52.13762927055359,0
52.13811016082764,0
52.13817262649536,0
52.141765117645264,0
52.14181923866272,0
52.1418399810791,0
52.14184522628784,0
52.157771825790405,0
52.15782618522644,0
52.15785241127014,0
52.163349866867065,0
52.16341543197632,0
52.16377758979797,0
52.16445875167847,0
52.17908811569214,0
52.1824631690979,0
52.18279647827149,0
52.19877099990845,0
52.19883322715759,0
52.19902849197388,0
52.1990749835968,0
52.199092626571655,0
52.19914340972901,0
52.199180603027344,0
52.199727058410645,0
52.19979953765869,0
52.19987773895264,0
52.19994115829468,0
52.199958086013794,0
52.20785999298096,0
52.207908153533936,0
52.20883250236511,0
52.208868741989136,0
52.208892583847046,0
52.21792030334473,0
52.21797323226929,0
52.218040466308594,0
52.23713159561157,0
52.2371838092804,0
52.2371871471405,0
52.23721504211426,0
52.24330425262451,0
52.24349927902222,0
52.24352407455444,0
52.24354648590088,0
52.25712704658508,0
52.2571427822113,0
52.25716781616211,0
52.259509801864624,0
52.25951933860779,0
52.25957703590393,0
52.26237368583679,0
52.26241683959961,0
52.26250982284546,0
52.26265025138855,0
52.26459050178528,0
52.26470613479614,0
52.264729738235474,0
52.27471113204956,0
52.27799463272095,0
52.27804398536682,0
52.27822208404541,0
52.29701352119446,0
52.2970495223999,0
52.29705858230591,0
52.31454300880432,0
52.31457877159119,0
52.3176703453064,0
52.31781911849976,0
52.31967639923096,0
52.33914637565613,0
52.34200286865234,0
52.34205651283264,0
52.34465193748474,0
52.34499955177307,0
52.345027685165405,0
52.34504985809326,0
52.349111795425415,0
52.34936761856079,0
52.34941029548645,0
52.3508403301239,0
52.35086679458618,0
52.35611462593079,0
52.35619568824768,0
52.35732746124268,0
52.35736632347107,0
52.35738563537598,0
52.376917362213135,0
52.37694573402405,0
52.37695956230164,0
52.38813853263855,0
52.39705491065979,0
52.39708757400513,0
52.39709830284119,0
52.41290545463562,0
52.41293549537659,0
52.41301918029785,0
52.4130380153656,0
52.4141800403595,0
52.41517114639282,0
52.415202140808105,0
52.41532897949219,0
52.41534423828125,0
52.41753077507019,0
52.41755080223084,0
52.41760587692261,0
52.41774344444275,0
52.41781282424927,0
52.41781735420227,0
52.42767333984375,0
52.428560733795166,0
52.43043088912964,0
52.43486309051514,0
52.43695974349976,0
52.436964988708496,0
52.436988830566406,0
52.45052695274353,0
52.45055961608887,0
52.45063900947571,0
52.45082139968872,0
52.457229137420654,0
52.45727062225342,0
52.4572868347168,0
52.47762680053711,0
52.47763419151306,0
52.47767734527588,0
52.48998761177063,0
52.49002981185913,0
52.490031242370605,0
52.4920060634613,0
52.49828577041626,0
52.49850034713745,0
52.49915647506714,0
52.49945282936096,0
52.4994740486145,0
52.49953818321228,0
52.49955940246582,0
52.501951932907104,0
52.50198483467102,0
52.50421953201294,0
52.50422477722168,0
52.50952768325806,0
52.509557008743286,0
52.50972962379456,0
52.50974988937378,0
52.509764432907104,0
52.51037931442261,0
52.510406255722046,0
52.51405072212219,0
52.51684045791626,0
52.51686716079712,0
52.51691818237305,0
52.53736710548401,0
52.53744029998779,0
52.537458181381226,0
52.53747034072876,0
52.53829002380371,0
52.539462089538574,0
52.53948378562927,0
52.539520025253296,0
52.53953433036804,0
52.55643701553345,0
52.55645298957825,0
52.55649662017822,0
52.55965781211853,0
52.559666872024536,0
52.56045556068421,0
52.56047439575195,0
52.58118104934693,0
52.58120632171631,0
52.58123636245728,0
52.58134818077088,0
52.58147144317627,0
52.58148431777954,0
52.5814847946167,0
52.58635377883911,0
52.58636832237244,0
52.59764313697815,0
52.597713232040405,0
52.59785723686218,0
52.598623752594,0
52.59862399101257,0
52.598654985427856,0
52.61630034446716,0
52.61670398712158,0
52.61673450469971,0
52.61678004264832,0
52.617063999176025,0
52.61771249771118,0
52.61772584915161,0
52.6193163394928,0
52.61956238746643,0
52.61979842185974,0
52.63162970542908,0
52.63708567619324,0
52.63712000846863,0
52.63718819618225,0
52.65710806846619,0
52.6571536064148,0
52.65717744827271,0
52.67739129066467,0
52.67745041847229,0
52.67757511138916,0
52.69394302368164,0
52.69398474693298,0
52.69400477409363,0
52.69410443305969,0
52.69841575622559,0
52.69846510887146,0
52.69848704338074,0
52.699742555618286,0
52.6997811794281,0
52.69979906082153,0
52.69982099533081,0
52.69983410835266,0
52.7014787197113,0
52.70184540748596,0
52.70445704460144,0
52.704474210739136,0
52.71450710296631,0
52.71726655960083,0
52.71729040145874,0
52.717581033706665,0
52.72251343727112,0
52.72272300720215,0
52.72277331352234,0
52.723997592926025,0
52.72448945045471,0
52.724600315094,0
52.72569990158081,0
52.7318172454834,0
52.73183751106262,0
52.73185110092163,0
52.73186421394348,0
52.73222374916077,0
52.73249530792236,0
52.73252463340759,0
52.73564267158508,0
52.7369556427002,0
52.736958265304565,0
52.73700475692749,0
52.73862457275391,0
52.739375829696655,0
52.74099707603455,0
52.745704650878906,0
52.75700354576111,0
52.75704288482666,0
52.75720524787903,0
52.76155471801758,0
52.76157903671265,0
52.76369786262512,0
52.76408362388611,0
52.76428461074829,0
52.76596021652222,0
52.766040086746216,0
52.76605749130249,0
52.76664209365845,0
52.772692918777466,0
52.78122639656067,0
52.78126931190491,0
52.78128695487976,0
52.79722857475281,0
52.797229051589966,0
52.797250509262085,0
52.80632400512695,0
52.80632567405701,0
52.80635142326355,0
52.80636215209961,0
52.808106660842896,0
52.80819869041443,0
52.80821776390076,0
52.80925989151001,0
52.80931830406189,0
52.81658101081848,0
52.81664705276489,0
52.8168830871582,0
52.81690216064453,0
52.81697297096253,0
52.83714485168457,0
52.83718919754028,0
52.83720660209656,0
52.84195256233215,0
52.85732126235962,0
52.85735964775085,0
52.85737681388855,0
52.862529039382935,0
52.86256742477417,0
52.86258602142334,0
52.86260366439819,0
52.86684203147888,0
52.867395877838135,0
52.86743903160095,0
52.86918139457703,0
52.87769889831543,0
52.87772154808045,0
52.877737283706665,0
52.88486194610596,0
52.88598227500916,0
52.88603329658508,0
52.88607692718506,0
52.89724493026733,0
52.89724588394165,0
52.89727854728699,0
52.9170663356781,0
52.91710996627808,0
52.91717290878296,0
52.93026804924011,0
52.93029284477234,0
52.9303195476532,0
52.93228149414063,0
52.93262553215027,0
52.93776154518128,0
52.93865609169006,0
52.93869185447693,0
52.939276456832886,0
52.939305543899536,0
52.95761442184448,0
52.95767259597778,0
52.957743883132935,0
52.97216153144837,0
52.97792983055115,0
52.97796177864075,0
52.97805571556091,0
52.98120737075806,0
52.98176646232605,0
52.99366235733032,0
52.993669509887695,0
52.99638605117798,0
52.9964644908905,0
52.99648547172546,0
52.996609687805176,0
52.99662375450134,0
52.997382164001465,0
52.9974057674408,0
52.99749612808228,0
52.99882459640503,0
53.00173044204712,0
53.00175189971924,0
53.00226187705994,0
53.00307130813599,0
53.00363945960999,0
53.003671169281006,0
53.00391745567322,0
53.01166272163391,0
53.01168656349182,0
53.01200985908508,0
53.01204609870911,0
53.01793932914734,0
53.01798176765442,0
53.01800274848938,0
53.02369594573975,0
53.02372217178345,0
53.02559733390808,0
53.026061058044434,0
53.026068687438965,0
53.02975916862488,0
53.02983021736145,0
53.034857749938965,0
53.03755497932434,0
53.03759694099426,0
53.03763484954834,0
53.05746293067932,0
53.0575110912323,0
53.05753254890442,0
53.06207060813904,0
53.06207752227783,0
53.06211352348328,0
53.06225085258484,0
53.065834522247314,0
53.065911293029785,0
53.06648635864258,0
53.06650757789612,0
53.07726430892944,0
53.077266454696655,0
53.07734680175781,0
53.08862257003784,0
53.09030103683472,0
53.09761476516724,0
53.09763908386231,0
53.09765720367432,0
53.09778666496277,0
53.10085535049439,0
53.10088276863098,0
53.100948095321655,0
53.10492658615112,0
53.10494136810303,0
53.10521841049194,0
53.106751918792725,0
53.10679817199707,0
53.10940861701965,0
53.10942316055298,0
53.11704468727112,0
53.11708068847656,0
53.11709547042847,0
53.11834788322449,0
53.12097477912903,0
53.137805223464966,0
53.13790345191956,0
53.13797664642334,0
53.14724326133728,0
53.15742111206055,0
53.15775632858277,0
53.157795906066895,0
53.17142176628113,0
53.17144298553467,0
53.17509865760803,0
53.17514753341675,0
53.17527842521668,0
53.17535352706909,0
53.17809009552002,0
53.1781165599823,0
53.17872786521912,0
53.17875814437866,0
53.17877578735352,0
53.18373084068298,0
53.18380165100098,0
53.20427012443543,0
53.20428323745728,0
53.20429468154907,0
53.20616388320923,0
53.20872569084168,0
53.21022820472717,0
53.210256576538086,0
53.21076154708862,0
53.2107846736908,0
53.210798263549805,0
53.21083116531372,0
53.210861921310425,0
53.210904121398926,0
53.21122717857361,0
53.21160888671875,0
53.21268367767334,0
53.21271181106568,0
53.212721824646,0
53.21273159980774,0
53.21396398544312,0
53.213993072509766,0
53.21409749984741,0
53.21725964546204,0
53.21728754043579,0
53.21731901168823,0
53.21783900260925,0
53.21828031539917,0
53.219141483306885,0
53.23466110229492,0
53.23474550247192,0
53.2350480556488,0
53.23507595062256,0
53.2369430065155,0
53.23697805404663,0
53.23706078529358,0
53.25431609153748,0
53.25435757637024,0
53.25443148612976,0
53.257089138031006,0
53.25713109970093,0
53.25714826583862,0
53.27402138710022,0
53.277337074279785,0
53.27763295173645,0
53.27767086029053,0
53.29749655723572,0
53.29754590988159,0
53.2976861000061,0
53.30155563354492,0
53.30187892913818,0
53.30207443237305,0
53.3021023273468,0
53.30399942398071,0
53.30404329299927,0
53.30409049987793,0
53.3172619342804,0
53.31731200218201,0
53.31742238998413,0
53.32854461669922,0
53.32854509353638,0
53.33117341995239,0
53.33119773864746,0
53.332342863082886,0
53.33732342720032,0
53.337377071380615,0
53.33785533905029,0
53.33847904205322,0
53.3385066986084,0
53.34247326850891,0
53.34252691268921,0
53.34262800216675,0
53.34277057647705,0
53.34742259979248,0
53.34785032272339,0
53.34800839424133,0
53.34893918037415,0
53.3574001789093,0
53.357457399368286,0
53.3575758934021,0
53.36429619789124,0
53.365700006484985,0
53.37765669822693,0
53.377716064453125,0
53.37830972671509,0
53.39726400375366,0
53.397814989089966,0
53.39787745475769,0
53.39789938926697,0
53.397915840148926,0
53.39793372154236,0
53.39821028709412,0
53.398972272872925,0
53.3990478515625,0
53.39932012557984,0
53.40288019180298,0
53.40292048454285,0
53.40411353111267,0
53.40415501594544,0
53.41739463806152,0
53.417426347732544,0
53.41747260093689,0
53.421430826187134,0
53.43755507469177,0
53.4378457069397,0
53.43787574768066,0
53.45338821411133,0
53.45342445373535,0
53.453442335128784,0
53.453484535217285,0
53.4569149017334,0
53.45729875564575,0
53.457319021224976,0
53.45733404159546,0
53.45797872543335,0
53.45835995674133,0
53.45970392227173,0
53.459733963012695,0
53.45973777770996,0
53.45986247062683,0
53.46044063568115,0
53.46062898635864,0
53.46066737174988,0
53.46073961257935,0
53.477232694625854,0
53.47727584838867,0
53.47734475135803,0
53.49709343910217,0
53.49719905853272,0
53.4972288608551,0
53.51487445831299,0
53.51492071151733,0
53.514941692352295,0
53.51500225067139,0
53.51762080192566,0
53.51767110824585,0
53.51773643493652,0
53.51976132392883,0
53.5204393863678,0
53.52049350738525,0
53.52064108848572,0
53.52177619934082,0
53.52793765068054,0
53.5280191898346,0
53.530006408691406,0
53.5302677154541,0
53.53144979476929,0
53.537678956985474,0
53.5377254486084,0
53.53780698776245,0
53.54043650627136,0
53.54115509986877,0
53.55849552154541,0
53.5585572719574,0
53.55866146087647,0
53.55875515937805,0
53.558852434158325,0
53.55895304679871,0
53.559107065200806,0
53.561201333999634,0
53.56124925613403,0
53.56133532524109,0
53.57776594161987,0
53.57781481742859,0
53.57783389091492,0
53.58988571166992,0
53.59720182418823,0
53.5972421169281,0
53.59726047515869,0
53.59967637062073,0
53.59974646568298,0
53.603323221206665,0
53.60334134101868,0
53.60388875007629,0
53.603965282440186,0
53.60750842094421,0
53.61616516113281,0
53.61619544029236,0
53.616209268569946,0
53.61627793312073,0
53.61729955673218,0
53.61732983589173,0
53.61734223365784,0
53.61860942840576,0
53.61863946914673,0
53.61886191368103,0
53.6370792388916,0
53.63712167739868,0
53.63713884353638,0
53.64125895500183,0
53.643330574035645,0
53.64424133300781,0
53.65702867507935,0
53.65703177452088,0
53.65707278251648,0
53.677343130111694,0
53.67739701271057,0
53.677424907684326,0
53.69247364997864,0
53.69249391555786,0
53.69251370429993,0
53.69729709625244,0
53.69734025001526,0
53.69735741615296,0
53.69743371009827,0
53.7016544342041,0
53.701722621917725,0
53.70174551010132,0
53.70322895050049,0
53.703285455703735,0
53.703287839889526,0
53.703303813934326,0
53.70954370498657,0
53.709739685058594,0
53.7097806930542,0
53.712393045425415,0
53.71259427070618,0
53.71833300590515,0
53.71836304664612,0
53.71836447715759,0
53.719417095184326,0
53.7194561958313,0
53.71963548660278,0
53.7260582447052,0
53.7263970375061,0
53.72669625282288,0
53.726744413375854,0
53.72793126106262,0
53.727986574172974,0
53.72800850868225,0
53.734493255615234,0
53.73742055892944,0
53.73745918273926,0
53.73751330375672,0
53.75791954994202,0
53.757967472076416,0
53.75805401802063,0
53.76725625991821,0
53.76735949516296,0
53.76907587051392,0
53.76937532424927,0
53.77036428451538,0
53.770416021347046,0
53.772205114364624,0
53.77288460731506,0
53.77367687225342,0
53.77431130409241,0
53.776999950408936,0
53.77703714370728,0
53.77713584899902,0
53.78590941429138,0
53.79694318771362,0
53.79699110984802,0
53.797200202941895,0
53.799108028411865,0
53.79919862747192,0
53.799240589141846,0
53.80260419845581,0
53.80269527435303,0
53.80274438858032,0
53.80946946144104,0
53.80948853492737,0
53.81158828735352,0
53.811643838882446,0
53.81316375732422,0
53.81492447853088,0
53.81885766983032,0
53.81889152526856,0
53.81890511512756,0
53.83211612701416,0
53.83696961402893,0
53.837007999420166,0
53.83702564239502,0
53.85845518112183,0
53.858917474746704,0
53.85893249511719,0
53.858940839767456,0
53.85956692695618,0
53.85959005355835,0
53.85960555076599,0
53.87737917900085,0
53.87743401527405,0
53.87749171257019,0
53.88522362709045,0
53.885247230529785,0
53.88527250289917,0
53.897186040878296,0
53.89730882644653,0
53.89755010604858,0
53.90111708641052,0
53.91720104217529,0
53.91724967956543,0
53.91733503341675,0
53.92999982833862,0
53.93002915382385,0
53.93275451660156,0
53.93284177780152,0
53.93337106704712,0
53.933401107788086,0
53.93742609024048,0
53.93744087219238,0
53.937883138656616,0
53.9379723072052,0
53.93802881240845,0
53.93951964378357,0
53.9395387172699,0
53.94119024276733,0
53.94124364852905,0
53.94163131713867,0
53.941749811172485,0
53.944953203201294,0
53.94515037536621,0
53.94517803192139,0
53.946117877960205,0
53.95716905593872,0
53.95721769332886,0
53.95735621452332,0
53.96841740608215,0
53.96846866607666,0
53.96849513053894,0
53.9685206413269,0
53.97163319587708,0
53.972142696380615,0
53.97225093841553,0
53.97445106506348,0
53.97773551940918,0
53.97778463363648,0
53.97784543037415,0
53.97804021835327,0
53.992303133010864,0
53.99707531929016,0
53.997636795043945,0
53.99766111373901,0
53.997782468795776,0
53.997803926467896,0
53.99931025505066,0
53.999375104904175,0
54.004223108291626,0
54.0042450428009,0
54.004599809646606,0
54.01045560836792,0
54.01051497459412,0
54.01056122779846,0
54.01232862472534,0
54.01691460609436,0
54.01694273948669,0
54.0169723033905,0
54.03788447380066,0
54.03792500495911,0
54.03798389434815,0
54.04542851448059,0
54.050763845443726,0
54.05201435089111,0
54.05344247817993,0
54.05374670028687,0
54.05376482009888,0
54.0538113117218,0
54.05385994911194,0
54.05391812324524,0
54.055136919021606,0
54.05751967430115,0
54.05757141113281,0
54.05759048461914,0
54.077646017074585,0
54.07769799232483,0
54.07776999473572,0
54.07956910133362,0
54.09111380577088,0
54.091137170791626,0
54.091665267944336,0
54.091710805892944,0
54.09757900238037,0
54.09762382507324,0
54.09769082069397,0
54.10309815406799,0
54.10344958305359,0
54.10348534584045,0
54.10568451881409,0
54.10607099533081,0
54.10737109184265,0
54.10780906677246,0
54.11688232421875,0
54.11709547042847,0
54.11711859703064,0
54.135701417922974,0
54.13764309883118,0
54.137664556503296,0
54.1376895904541,0
54.15716481208801,0
54.1572334766388,0
54.15725874900818,0
54.17733454704285,0
54.17738223075867,0
54.177478313446045,0
54.19725728034973,0
54.19729852676392,0
54.19754362106323,0
54.19882035255432,0
54.19883966445923,0
54.1998405456543,0
54.19987344741821,0
54.20012664794922,0
54.20016551017761,0
54.20467829704285,0
54.20470333099365,0
54.20483112335205,0
54.2052948474884,0
54.20532155036926,0
54.20533418655396,0
54.20534610748291,0
54.20725989341736,0
54.207382917404175,0
54.20754098892212,0
54.20845937728882,0
54.2170045375824,0
54.217034101486206,0
54.217045068740845,0
54.217965841293335,0
54.21799826622009,0
54.219236850738525,0
54.21927976608277,0
54.22040605545044,0
54.23713445663452,0
54.237180948257446,0
54.23720073699951,0
54.24172234535217,0
54.25109839439392,0
54.25113868713379,0
54.25118827819824,0
54.25123262405396,0
54.251670122146606,0
54.25185775756836,0
54.251909255981445,0
54.25709319114685,0
54.2571108341217,0
54.25721764564514,0
54.26807188987732,0
54.271644830703735,0
54.28294205665589,0
54.28295731544495,0
54.2829806804657,0
54.28546190261841,0
54.29092884063721,0
54.29424524307251,0
54.29432988166809,0
54.29463291168213,0
54.29468965530396,0
54.29474210739136,0
54.2948043346405,0
54.29801845550537,0
54.29805636405945,0
54.29807162284851,0
54.298354625701904,0
54.2997612953186,0
54.30070161819458,0
54.300856590271,0
54.30306363105774,0
54.30368041992188,0
54.31731295585632,0
54.317343950271606,0
54.31735801696777,0
54.33277630805969,0
54.337175369262695,0
54.33720588684082,0
54.33772778511048,0
54.33919858932495,0
54.33930802345276,0
54.34062075614929,0
54.34211087226868,0
54.34348106384277,0
54.34367227554321,0
54.34373235702515,0
54.34375500679016,0
54.34383392333984,0
54.35526895523071,0
54.357434034347534,0
54.35752201080322,0
54.35754203796387,0
54.37704181671143,0
54.37715721130371,0
54.3783802986145,0
54.3792507648468,0
54.37927174568176,0
54.3794641494751,0
54.37954711914063,0
54.39755010604858,0
54.39758849143982,0
54.39763021469116,0
54.40731430053711,0
54.407344818115234,0
54.40764403343201,0
54.41122794151306,0
54.41125392913818,0
54.41140031814575,0
54.411420583724976,0
54.41334581375122,0
54.41350984573364,0
54.41353178024292,0
54.41613483428955,0
54.41616630554199,0
54.416287422180176,0
54.41632652282715,0
54.42034435272217,0
54.420451402664185,0
54.42057490348816,0
54.42088556289673,0
54.437312841415405,0
54.43735194206238,0
54.437363386154175,0
54.44998407363892,0
54.450024127960205,0
54.45008230209351,0
54.4501895904541,0
54.45127272605896,0
54.4517035484314,0
54.451733112335205,0
54.4530463218689,0
54.45410346984863,0
54.45510506629944,0
54.4574179649353,0
54.45745897293091,0
54.457584619522095,0
54.46836018562317,0
54.46975088119507,0
54.469762086868286,0
54.46981835365296,0
54.46987748146057,0
54.4699285030365,0
54.46998143196106,0
54.4771511554718,0
54.47719311714173,0
54.477211236953735,0
54.497891664505005,0
54.49795055389404,0
54.49821186065674,0
54.503253698349,0
54.5033323764801,0
54.50541090965271,0
54.50548481941223,0
54.50657057762146,0
54.516953229904175,0
54.51695680618286,0
54.517009019851685,0
54.53787350654602,0
54.53792452812195,0
54.53812026977539,0
54.53833103179932,0
54.53863859176636,0
54.540043592453,0
54.540771484375,0
54.54081988334656,0
54.54134011268616,0
54.54262185096741,0
54.542712688446045,0
54.54353594779968,0
54.54440379142761,0
54.54627704620361,0
54.55147552490234,0
54.557225465774536,0
54.55728077888489,0
54.557358264923096,0
54.56966471672058,0
54.57024168968201,0
54.57068586349487,0
54.57076597213745,0
54.57597184181213,0
54.57748770713806,0
54.57752561569214,0
54.57782292366028,0
54.57846403121948,0
54.578535079956055,0
54.57868599891663,0
54.58011078834534,0
54.60328459739685,0
54.603341579437256,0
54.60348272323608,0
54.60350441932678,0
54.60356450080872,0
54.60360932350159,0
54.60365056991577,0
54.61691856384277,0
54.6169490814209,0
54.61698174476624,0
54.62098646163941,0
54.62910890579224,0
54.62914323806763,0
54.62925314903259,0
54.62926626205444,0
54.63701891899109,0
54.63705706596375,0
54.63707327842712,0
54.64511585235596,0
54.64515948295593,0
54.64559030532837,0
54.64668607711792,0
54.64672327041626,0
54.64674520492554,0
54.646921157836914,0
54.65031719207764,0
54.65443658828735,0
54.654465198516846,0
54.65493774414063,0
54.657121896743774,0
54.65716361999512,0
54.657264709472656,0
54.66087818145752,0
54.66164898872376,0
54.66168522834778,0
54.66175818443298,0
54.66444683074951,0
54.66447329521179,0
54.66470646858215,0
54.67731213569641,0
54.67736029624939,0
54.67744827270508,0
54.69800066947937,0
54.6980459690094,0
54.69806528091431,0
54.70631647109985,0
54.706437826156616,0
54.70770287513733,0
54.70772385597229,0
54.708831787109375,0
54.719470739364624,0
54.71947288513184,0
54.71950721740723,0
54.72422647476196,0
54.724260091781616,0
54.72528028488159,0
54.72569823265076,0
54.72573661804199,0
54.725749254226685,0
54.729403495788574,0
54.72942042350769,0
54.72943830490112,0
54.733107566833496,0
54.73407173156738,0
54.737083196640015,0
54.73712515830994,0
54.73714065551758,0
54.754563331604,0
54.75723838806152,0
54.75726866722107,0
54.75762319564819,0
54.7773826122284,0
54.7774350643158,0
54.77743697166443,0
54.7900595664978,0
54.79020142555237,0
54.79027700424194,0
54.79030656814575,0
54.796069383621216,0
54.79617166519165,0
54.79625296592712,0
54.80076479911804,0
54.80093502998352,0
54.80342435836792,0
54.80932116508484,0
54.80934262275696,0
54.81097888946533,0
54.81103849411011,0
54.81394791603088,0
54.81759786605835,0
54.8176257610321,0
54.8176429271698,0
54.83749294281006,0
54.83790564537048,0
54.8379487991333,0
54.84991836547852,0
54.850191593170166,0
54.85078740119934,0
54.85082674026489,0
54.85299873352051,0
54.853023529052734,0
54.85768723487854,0
54.85775232315064,0
54.85783290863037,0
54.85792708396912,0
54.86079406738281,0
54.86668109893799,0
54.87207770347595,0
54.87716817855835,0
54.87720537185669,0
54.87726449966431,0
54.87938141822815,0
54.879658222198486,0
54.88001108169556,0
54.88003540039063,0
54.88066458702088,0
54.88088297843933,0
54.88102889060974,0
54.88522386550903,0
54.88525724411011,0
54.8853485584259,0
54.8853645324707,0
54.88863801956177,0
54.88881611824036,0
54.88884139060974,0
54.88967967033386,0
54.88974213600159,0
54.89703440666199,0
54.8970742225647,0
54.89714884757996,0
54.89775037765503,0
54.89782357215881,0
54.91737055778504,0
54.91742253303528,0
54.918190002441406,0
54.92359185218811,0
54.9288067817688,0
54.92892646789551,0
54.93054270744324,0
54.93056774139404,0
54.93058180809021,0
54.93059158325195,0
54.93716764450073,0
54.9378399848938,0
54.93784642219544,0
54.9384765625,0
54.93851375579834,0
54.938825845718384,0
54.95716977119446,0
54.9572319984436,0
54.957250118255615,0
54.96990513801575,0
54.97679138183594,0
54.97684669494629,0
54.97712755203247,0
54.97717523574829,0
54.98116898536682,0
54.98126769065857,0
54.98130035400391,0
54.98374843597412,0
54.98386883735657,0
54.98392343521118,0
54.98469281196594,0
54.99101448059082,0
54.99515295028687,0
54.99547648429871,0
54.998541831970215,0
54.999054193496704,0
54.999523401260376,0
55.01223063468933,0
55.01228904724121,0
55.01556921005249,0
55.017772912979126,0
55.01780676841736,0
55.01792001724243,0
55.02128195762634,0
55.02140283584595,0
55.02141857147217,0
55.021430015563965,0
55.02525806427002,0
55.025283098220825,0
55.02536177635193,0
55.03219962120056,0
55.036932945251465,0
55.03712606430054,0
55.037153482437134,0
55.05766034126282,0
55.05770754814148,0
55.057729721069336,0
55.06047749519348,0
55.06095552444458,0
55.060983419418335,0
55.061078786849976,0
55.06304502487183,0
55.06307578086853,0
55.063438177108765,0
55.07774901390076,0
55.07806468009949,0
55.07811856269837,0
55.08173370361328,0
55.081859827041626,0
55.0853476524353,0
55.08544921875,0
55.08720374107361,0
55.09774160385132,0
55.098273038864136,0
55.09840083122253,0
55.10637331008911,0
55.10640788078308,0
55.10642743110657,0
55.10648012161255,0
55.11066055297852,0
55.11109733581543,0
55.11197566986084,0
55.11740803718567,0
55.11747550964356,0
55.11752486228943,0
55.12222003936768,0
55.12240529060364,0
55.122520208358765,0
55.12287068367005,0
55.12572717666626,0
55.12643027305603,0
55.12646198272705,0
55.12751889228821,0
55.13785696029663,0
55.138107776641846,0
55.13824439048767,0
55.15177249908447,0
55.15179061889648,0
55.15196251869202,0
55.15214371681213,0
55.15216374397278,0
55.15228462219238,0
55.158064126968384,0
55.15825271606445,0
55.15832257270813,0
55.15946292877197,0
55.15998911857605,0
55.16002893447876,0
55.16004705429077,0
55.16014289855957,0
55.17739582061768,0
55.17744302749634,0
55.17751622200012,0
55.19761514663696,0
55.197712659835815,0
55.19793081283569,0
55.21237301826477,0
55.21492743492127,0
55.21495723724365,0
55.21498250961304,0
55.21499466896057,0
55.215008020401,0
55.21500825881958,0
55.21502542495728,0
55.21693563461304,0
55.21700358390808,0
55.21701741218567,0
55.22009539604187,0
55.22030568122864,0
55.22458624839783,0
55.2246162891388,0
55.23375988006592,0
55.23566222190857,0
55.23736333847046,0
55.237401723861694,0
55.2374632358551,0
55.25765323638916,0
55.25770878791809,0
55.25800013542175,0
55.26584053039551,0
55.26756858825684,0
55.26759362220764,0
55.26921796798706,0
55.26945996284485,0
55.26958250999451,0
55.269611120224,0
55.27070140838623,0
55.273566484451294,0
55.27774620056152,0
55.277793407440186,0
55.27781581878662,0
55.29760456085205,0
55.2976553440094,0
55.29767632484436,0
55.30011868476868,0
55.307026386260986,0
55.307071685791016,0
55.30709385871887,0
55.30717945098877,0
55.31083393096924,0
55.31112384796143,0
55.3116762638092,0
55.31532549858093,0
55.3158700466156,0
55.317309617996216,0
55.317320108413696,0
55.317338943481445,0
55.32016754150391,0
55.32018566131592,0
55.32521224021912,0
55.32522463798523,0
55.331669092178345,0
55.33700919151306,0
55.33704853057861,0
55.33706450462341,0
55.35710644721985,0
55.35715436935425,0
55.35717868804932,0
55.373793840408325,0
55.373818159103394,0
55.37949132919312,0
55.379541635513306,0
55.37964749336243,0
55.379676818847656,0
55.379756689071655,0
55.37987947463989,0
55.37990093231201,0
55.38256049156189,0
55.38258099555969,0
55.38347220420837,0
55.38579702377319,0
55.385852098464966,0
55.385901927948,0
55.38637447357178,0
55.39693355560303,0
55.39695620536804,0
55.39698219299317,0
55.39700675010681,0
55.39962959289551,0
55.39967370033264,0
55.39969205856323,0
55.40190672874451,0
55.4020037651062,0
55.40202903747559,0
55.40208697319031,0
55.40722560882568,0
55.40726137161255,0
55.40740060806274,0
55.41081690788269,0
55.41087245941162,0
55.414220333099365,0
55.414289236068726,0
55.41700053215027,0
55.41702961921692,0
55.41704273223877,0
55.43370008468628,0
55.44270849227905,0
55.44273710250855,0
55.44275665283203,0
55.4574191570282,0
55.45742106437683,0
55.457483768463135,0
55.46288299560547,0
55.46290946006775,0
55.46300482749939,0
55.46305847167969,0
55.4661705493927,0
55.46617817878723,0
55.46661806106568,0
55.467395067214966,0
55.47755718231201,0
55.4776029586792,0
55.47762393951416,0
55.488916873931885,0
55.490971088409424,0
55.49101877212525,0
55.49104499816895,0
55.49210429191589,0
55.49216747283936,0
55.492249488830566,0
55.49352669715881,0
55.49355959892273,0
55.4960503578186,0
55.49611282348633,0
55.4975323677063,0
55.49756360054016,0
55.49758338928223,0
55.51700139045715,0
55.51724433898926,0
55.51728248596192,0
55.51730132102966,0
55.537219285964966,0
55.53756833076477,0
55.53761172294617,0
55.5480592250824,0
55.54823660850525,0
55.55010080337525,0
55.554177045822144,0
55.554229736328125,0
55.55463004112244,0
55.5550012588501,0
55.55506849288941,0
55.55513286590576,0
55.5554633140564,0
55.55763649940491,0
55.55767631530762,0
55.55774450302124,0
55.573240518569946,0
55.57329320907593,0
55.57339310646057,0
55.57342386245728,0
55.573665142059326,0
55.57369899749756,0
55.57382917404175,0
55.57546877861023,0
55.575512170791626,0
55.57553005218506,0
55.575562477111816,0
55.57719826698303,0
55.577268838882446,0
55.577295541763306,0
55.57744836807251,0
55.57747387886048,0
55.57750058174133,0
55.58062791824341,0
55.58402585983277,0
55.59772396087647,0
55.59776449203491,0
55.59783864021301,0
55.60015201568604,0
55.60016393661499,0
55.61179256439209,0
55.61184525489807,0
55.61269307136536,0
55.617470502853394,0
55.61748695373535,0
55.61749720573425,0
55.6190299987793,0
55.61990404129028,0
55.619993448257446,0
55.620073318481445,0
55.63694667816162,0
55.63698124885559,0
55.63719391822815,0
55.65003204345703,0
55.65009570121765,0
55.65012073516846,0
55.6515998840332,0
55.6548924446106,0
55.65787076950073,0
55.65789842605591,0
55.65827512741089,0
55.65845799446106,0
55.672003507614136,0
55.67212247848511,0
55.672255754470825,0
55.67234683036804,0
55.67768883705139,0
55.67774033546448,0
55.67776012420654,0
55.69913411140442,0
55.69932556152344,0
55.69935822486877,0
55.70001935958862,0
55.70019245147705,0
55.70035147666931,0
55.70271849632263,0
55.704025983810425,0
55.71701264381409,0
55.71706652641296,0
55.71723008155823,0
55.72209620475769,0
55.72221326828003,0
55.72223210334778,0
55.72227382659912,0
55.73231625556946,0
55.73780250549317,0
55.737839698791504,0
55.73785662651062,0
55.75798583030701,0
55.75803565979004,0
55.75810551643372,0
55.76093935966492,0
55.76098585128784,0
55.76336169242859,0
55.76339244842529,0
55.763444900512695,0
55.76352834701538,0
55.77794861793518,0
55.77833557128906,0
55.77844595909119,0
55.781553983688354,0
55.78175473213196,0
55.78187990188599,0
55.783469438552856,0
55.79801726341248,0
55.79802107810974,0
55.79873061180115,0
55.798771381378174,0
55.79879283905029,0
55.80252814292908,0
55.80280303955078,0
55.81782102584839,0
55.8179407119751,0
55.81807923316956,0
55.81861567497253,0
55.82597327232361,0
55.82607197761536,0
55.826215982437134,0
55.82630181312561,0
55.83775758743286,0
55.83935713768005,0
55.83944606781006,0
55.84789872169495,0
55.84798049926758,0
55.84822392463684,0
55.84825348854065,0
55.84836935997009,0
55.848392486572266,0
55.84840941429138,0
55.850613594055176,0
55.85113978385925,0
55.85118317604065,0
55.8513503074646,0
55.85798764228821,0
55.85803771018982,0
55.85842561721802,0
55.86087822914124,0
55.8608832359314,0
55.860997676849365,0
55.86106729507446,0
55.86611843109131,0
55.866737365722656,0
55.86681914329529,0
55.877864360809326,0
55.87791705131531,0
55.87811899185181,0
55.89748811721802,0
55.897549867630005,0
55.89765620231629,0
55.90838098526001,0
55.90846514701843,0
55.90855288505554,0
55.909531593322754,0
55.91724967956543,0
55.917293548583984,0
55.917311906814575,0
55.92303538322449,0
55.92844915390015,0
55.92845296859741,0
55.93032479286194,0
55.93035554885864,0
55.93047118186951,0
55.9312744140625,0
55.93701720237732,0
55.93705368041992,0
55.93715476989746,0
55.957314252853394,0
55.95736885070801,0
55.957399129867554,0
55.972243547439575,0
55.9722843170166,0
55.97250437736511,0
55.97582721710205,0
55.97760248184204,0
55.97765970230103,0
55.97802329063416,0
55.98058938980103,0
55.98160266876221,0
55.99162578582764,0
55.99384927749634,0
55.99411654472351,0
55.99661827087402,0
55.99756646156311,0
55.99759793281555,0
55.99761629104614,0
56.010910511016846,0
56.01098561286926,0
56.01156044006348,0
56.01171922683716,0
56.01214814186096,0
56.01714181900024,0
56.01716589927673,0
56.017526388168335,0
56.02741146087647,0
56.02807664871216,0
56.02809381484985,0
56.02810883522034,0
56.02993106842041,0
56.02996253967285,0
56.03000020980835,0
56.0321843624115,0
56.03427195549011,0
56.03693556785584,0
56.03696656227112,0
56.03730702400208,0
56.04096531867981,0
56.05734419822693,0
56.057392597198486,0
56.0578830242157,0
56.06252241134644,0
56.06278944015503,0
56.0628125667572,0
56.062880516052246,0
56.06507706642151,0
56.06513547897339,0
56.06516242027283,0
56.07722306251526,0
56.07727336883545,0
56.07730007171631,0
56.08831477165222,0
56.088369846344,0
56.08838939666748,0
56.08890795707703,0
56.091333866119385,0
56.09136414527893,0
56.09138798713684,0
56.09270977973938,0
56.0927791595459,0
56.09620976448059,0
56.096314430236816,0
56.09780693054199,0
56.09785747528076,0
56.09847140312195,0
56.0995078086853,0
56.11742043495178,0
56.11746406555176,0
56.11748361587525,0
56.122424364089966,0
56.12272787094116,0
56.12298655509949,0
56.1233446598053,0
56.12498831748962,0
56.12501978874207,0
56.125221252441406,0
56.13719391822815,0
56.137237787246704,0
56.13725543022156,0
56.13808465003967,0
56.14528131484985,0
56.14529299736023,0
56.15727639198303,0
56.15809154510498,0
56.15817332267761,0
56.16074013710022,0
56.16445374488831,0
56.16450023651123,0
56.16455793380737,0
56.16502261161804,0
56.16520118713379,0
56.16527366638184,0
56.16664361953735,0
56.16835165023804,0
56.17783331871033,0
56.1778781414032,0
56.17790222167969,0
56.1792995929718,0
56.19844698905945,0
56.19848918914795,0
56.198508977890015,0
56.19948959350586,0
56.19950914382935,0
56.19952917098999,0
56.19958138465881,0
56.21700072288513,0
56.21703553199768,0
56.217042207717896,0
56.23706102371216,0
56.23710823059082,0
56.23712515830994,0
56.257516622543335,0
56.25758123397827,0
56.25761723518372,0
56.27215552330017,0
56.27219462394714,0
56.272225856781006,0
56.27580118179321,0
56.27585816383362,0
56.27767038345337,0
56.27772808074951,0
56.27782797813416,0
56.27973794937134,0
56.27984929084778,0
56.28119444847107,0
56.28345942497253,0
56.28706383705139,0
56.28892636299133,0
56.29753041267395,0
56.29757905006409,0
56.29768919944763,0
56.310627460479736,0
56.31068634986877,0
56.31071710586548,0
56.31074285507202,0
56.3180456161499,0
56.31807327270508,0
56.31808924674988,0
56.31810522079468,0
56.31847429275513,0
56.31899952888489,0
56.31933617591858,0
56.319411277771,0
56.3195366859436,0
56.319562911987305,0
56.319583892822266,0
56.32044625282288,0
56.32059335708618,0
56.32059788703919,0
56.32538866996765,0
56.32586479187012,0
56.32633924484253,0
56.32638621330261,0
56.337220668792725,0
56.33728766441345,0
56.33731126785278,0
56.34721064567566,0
56.34738087654114,0
56.34972381591797,0
56.35210967063904,0
56.352116107940674,0
56.35215592384338,0
56.35388684272766,0
56.3539309501648,0
56.35425519943237,0
56.355228424072266,0
56.35766053199768,0
56.35770058631897,0
56.35778999328613,0
56.37812113761902,0
56.37890291213989,0
56.37894296646118,0
56.38425970077515,0
56.38531064987183,0
56.385353326797485,0
56.38538861274719,0
56.38694834709168,0
56.38706660270691,0
56.39049816131592,0
56.39669895172119,0
56.39676094055176,0
56.39755702018738,0
56.39762258529663,0
56.39887833595276,0
56.40051436424256,0
56.40122628211975,0
56.41705942153931,0
56.41709518432617,0
56.417112588882446,0
56.43723034858704,0
56.4372775554657,0
56.437336921691895,0
56.45046353340149,0
56.4587390422821,0
56.4587881565094,0
56.46136164665222,0
56.46268153190613,0
56.46270251274109,0
56.46326518058777,0
56.46331405639648,0
56.46798491477966,0
56.46820878982544,0
56.46825003623962,0
56.46860265731812,0
56.46889781951904,0
56.4770450592041,0
56.47709107398987,0
56.47714114189148,0
56.48501420021057,0
56.49116015434265,0
56.49188470840454,0
56.49193787574768,0
56.49195981025696,0
56.49716830253601,0
56.49721312522888,0
56.49723768234253,0
56.50572991371155,0
56.50575518608093,0
56.50709652900696,0
56.50839376449585,0
56.50844645500183,0
56.50988340377808,0
56.509995460510254,0
56.517457008361816,0
56.51750183105469,0
56.51751947402954,0
56.53489899635315,0
56.5370831489563,0
56.53711581230164,0
56.5371687412262,0
56.55018734931946,0
56.55022215843201,0
56.55711102485657,0
56.55714082717896,0
56.5571653842926,0
56.57751083374024,0
56.57751107215881,0
56.57759523391724,0
56.59403467178345,0
56.59444832801819,0
56.59475326538086,0
56.594791889190674,0
56.59797406196594,0
56.59802579879761,0
56.598052978515625,0
56.5984148979187,0
56.59844136238098,0
56.59942817687988,0
56.60468482971192,0
56.60468506813049,0
56.60471987724304,0
56.604740142822266,0
56.617032289505005,0
56.61706328392029,0
56.617074728012085,0
56.61731433868408,0
56.6174795627594,0
56.61750674247742,0
56.618375062942505,0
56.62529039382935,0
56.62531042098999,0
56.627596616745,0
56.62764477729797,0
56.629586935043335,0
56.63115382194519,0
56.63201427459717,0
56.63323521614075,0
56.63696932792664,0
56.637014389038086,0
56.63701581954956,0
56.64208269119263,0
56.64763855934143,0
56.647674798965454,0
56.6477735042572,0
56.64780521392822,0
56.64918923377991,0
56.64939332008362,0
56.64942455291748,0
56.65696287155152,0
56.65699791908264,0
56.65711808204651,0
56.67782354354858,0
56.67786931991577,0
56.67788982391357,0
56.69216299057007,0
56.70011782646179,0
56.70013952255249,0
56.70016002655029,0
56.70148944854736,0
56.701518058776855,0
56.70159864425659,0
56.70162868499756,0
56.7029721736908,0
56.714465379714966,0
56.71472191810608,0
56.714759349823,0
56.71484398841858,0
56.71486258506775,0
56.71487760543823,0
56.71691036224365,0
56.71694302558899,0
56.71699643135071,0
56.71735978126526,0
56.73599743843079,0
56.736207485198975,0
56.73713088035584,0
56.73716330528259,0
56.7371723651886,0
56.73794960975647,0
56.73830318450928,0
56.7409074306488,0
56.74099707603455,0
56.75722527503967,0
56.75726342201233,0
56.757280349731445,0
56.75904369354248,0
56.759259939193726,0
56.7598557472229,0
56.75999402999878,0
56.7776837348938,0
56.77773451805115,0
56.77775692939758,0
56.78006267547608,0
56.782732009887695,0
56.7830069065094,0
56.78304719924927,0
56.7832510471344,0
56.78327298164368,0
56.78366684913635,0
56.78370451927185,0
56.79716920852661,0
56.79721927642822,0
56.797290086746216,0
56.81251978874207,0
56.81256365776062,0
56.81264042854309,0
56.81271553039551,0
56.81310796737671,0
56.81327700614929,0
56.813316822052,0
56.81342530250549,0
56.82119131088257,0
56.821218729019165,0
56.82135057449341,0
56.82845211029053,0
56.82848763465881,0
56.82855677604675,0
56.828593730926514,0
56.83128809928894,0
56.83130526542664,0
56.83132266998291,0
56.83711504936218,0
56.83712720870972,0
56.83715057373047,0
56.83996248245239,0
56.84251070022583,0
56.857184648513794,0
56.857234954833984,0
56.85735869407654,0
56.87793493270874,0
56.878540992736816,0
56.87862300872803,0
56.88888120651245,0
56.8965220451355,0
56.89656209945679,0
56.8966178894043,0
56.89668560028076,0
56.89684677124024,0
56.89689898490906,0
56.897204637527466,0
56.8972635269165,0
56.897273540496826,0
56.89728093147278,0
56.90232062339783,0
56.90234589576721,0
56.905213832855225,0
56.90550756454468,0
56.9088339805603,0
56.91697645187378,0
56.9170126914978,0
56.917076587677,0
56.92126703262329,0
56.92169737815857,0
56.92538571357727,0
56.92541551589966,0
56.92547225952149,0
56.92553091049194,0
56.93202161788941,0
56.93204832077026,0
56.93252730369568,0
56.93710851669312,0
56.93714785575867,0
56.93955969810486,0
56.95761466026306,0
56.95783042907715,0
56.957924365997314,0
56.96478891372681,0
56.97370624542236,0
56.975996017456055,0
56.9761643409729,0
56.97634744644165,0
56.97858166694641,0
56.978976011276245,0
56.97900295257568,0
56.97958493232727,0
56.98093581199646,0
56.98118829727173,0
56.98131799697876,0
56.98422026634216,0
56.99901247024536,0
56.99907422065735,0
56.99910116195679,0
57.00078320503235,0
57.00082063674927,0
57.0104124546051,0
57.01045942306519,0
57.01127004623413,0
57.01763963699341,0
57.01768064498901,0
57.01790499687195,0
57.02677130699158,0
57.02680826187134,0
57.027015924453735,0
57.02753138542175,0
57.02776312828064,0
57.02807569503784,0
57.02992987632752,0
57.03144812583923,0
57.031471252441406,0
57.03148031234741,0
57.03149604797363,0
57.03764772415161,0
57.03768062591553,0
57.03795480728149,0
57.04322028160095,0
57.04337906837464,0
57.04344463348389,0
57.04344654083252,0
57.04862952232361,0
57.048659563064575,0
57.04876613616944,0
57.04878497123718,0
57.05599045753479,0
57.05602979660034,0
57.05603718757629,0
57.05734300613403,0
57.05743885040283,0
57.05757713317871,0
57.07709956169128,0
57.077141523361206,0
57.07724452018738,0
57.09752488136292,0
57.09757518768311,0
57.09759855270386,0
57.10603189468384,0
57.10607695579529,0
57.11660718917847,0
57.11718249320984,0
57.11723208427429,0
57.117250204086304,0
57.11726975440979,0
57.11875772476196,0
57.13726139068604,0
57.13731288909912,0
57.13736653327942,0
57.15743207931519,0
57.157543420791626,0
57.15788197517395,0
57.16380715370178,0
57.163877964019775,0
57.1662859916687,0
57.16783308982849,0
57.16786527633667,0
57.1679162979126,0
57.17289090156555,0
57.17362570762634,0
57.17402935028076,0
57.17521333694458,0
57.177711963653564,0
57.17775249481201,0
57.1777937412262,0
57.18687462806702,0
57.190778732299805,0
57.19483232498169,0
57.194865465164185,0
57.19621419906616,0
57.19622588157654,0
57.19738030433655,0
57.19741106033325,0
57.19748735427856,0
57.19752335548401,0
57.2028706073761,0
57.21875309944153,0
57.21879053115845,0
57.21884727478027,0
57.22562432289124,0
57.2256715297699,0
57.2257068157196,0
57.2257399559021,0
57.22581315040589,0
57.22582054138184,0
57.22582912445069,0
57.23349404335022,0
57.237059116363525,0
57.23722410202026,0
57.23740077018738,0
57.260114431381226,0
57.26015877723694,0
57.26018476486206,0
57.26031947135925,0
57.26034712791443,0
57.26043248176575,0
57.26045608520508,0
57.26093554496765,0
57.26102423667908,0
57.26128554344177,0
57.27730107307434,0
57.27749562263489,0
57.27778100967407,0
57.29650521278381,0
57.296613693237305,0
57.296648025512695,0
57.2967848777771,0
57.297640562057495,0
57.299447536468506,0
57.2995445728302,0
57.31880831718445,0
57.31885957717896,0
57.31888461112976,0
57.33067584037781,0
57.33070087432861,0
57.33071565628052,0
57.33129215240479,0
57.331339836120605,0
57.33254790306091,0
57.33258318901062,0
57.33321142196655,0
57.3389527797699,0
57.33899164199829,0
57.3390531539917,0
57.35220050811768,0
57.35222673416138,0
57.355135679245,0
57.35518288612366,0
57.35519862174988,0
57.355207204818726,0
57.35809326171875,0
57.35830640792847,0
57.358839988708496,0
57.35889935493469,0
57.35890603065491,0
57.35912275314331,0
57.36078763008118,0
57.36343002319336,0
57.37580323219299,0
57.377490520477295,0
57.37753772735596,0
57.377700090408325,0
57.38355326652527,0
57.38359117507935,0
57.38387751579285,0
57.38391423225403,0
57.38628697395325,0
57.3863217830658,0
57.38693046569824,0
57.387680530548096,0
57.39164996147156,0
57.40020489692688,0
57.40023231506348,0
57.40024995803833,0
57.40033459663391,0
57.40047430992127,0
57.40679383277893,0
57.40689015388489,0
57.41720747947693,0
57.41743326187134,0
57.4176082611084,0
57.42563414573669,0
57.43490767478943,0
57.437143087387085,0
57.43717813491821,0
57.43719220161438,0
57.4388370513916,0
57.439101219177246,0
57.43913388252258,0
57.4397873878479,0
57.43981003761292,0
57.439828634262085,0
57.44247531890869,0
57.45538234710693,0
57.45719122886658,0
57.45721292495728,0
57.457266092300415,0
57.4573700428009,0
57.45741295814514,0
57.45745253562927,0
57.47713088989258,0
57.47753357887268,0
57.47756910324097,0
57.47949719429016,0
57.47951674461365,0
57.47986435890198,0
57.481797218322754,0
57.48182511329651,0
57.49493718147278,0
57.49501991271973,0
57.49736928939819,0
57.49738836288452,0
57.49746489524841,0
57.51743173599243,0
57.51747488975525,0
57.517504930496216,0
57.53533577919006,0
57.53760552406311,0
57.53764772415161,0
57.53766870498657,0
57.545268535614014,0
57.54558038711548,0
57.54746961593628,0
57.54767966270447,0
57.549630641937256,0
57.54965901374817,0
57.55137038230896,0
57.55139183998108,0
57.551414012908936,0
57.55381441116333,0
57.5538649559021,0
57.55399250984192,0
57.554017066955566,0
57.55743145942688,0
57.55745029449463,0
57.55746722221375,0
57.55748724937439,0
57.55755543708801,0
57.55759000778198,0
57.55911183357239,0
57.57765865325928,0
57.57785844802856,0
57.57804751396179,0
57.57858896255493,0
57.58342719078064,0
57.58346557617188,0
57.583513259887695,0
57.58755016326904,0
57.58757257461548,0
57.5876305103302,0
57.5974977016449,0
57.59753894805908,0
57.597553968429565,0
57.60432553291321,0
57.60435152053833,0
57.608134031295776,0
57.60815668106079,0
57.61482453346253,0
57.61717224121094,0
57.61720871925354,0
57.61722373962402,0
57.62059426307678,0
57.62093710899353,0
57.62101340293884,0
57.6210412979126,0
57.624929428100586,0
57.62493634223938,0
57.62584257125855,0
57.637006521224976,0
57.63703489303589,0
57.63767647743225,0
57.63836932182312,0
57.63922119140625,0
57.64077663421631,0
57.65700674057007,0
57.6570451259613,0
57.65706205368042,0
57.66566181182861,0
57.6657304763794,0
57.66575789451599,0
57.66582083702088,0
57.66916728019714,0
57.66916871070862,0
57.67007088661194,0
57.67020225524902,0
57.67255330085754,0
57.677205324172974,0
57.677258253097534,0
57.67733144760132,0
57.68996977806091,0
57.69061326980591,0
57.69228172302246,0
57.69232344627381,0
57.69698405265808,0
57.69702124595642,0
57.69711422920227,0
57.72031354904175,0
57.72036051750183,0
57.72039008140564,0
57.73707318305969,0
57.738656759262085,0
57.73871469497681,0
57.73877096176148,0
57.75722074508667,0
57.75727081298828,0
57.75729155540466,0
57.76919722557068,0
57.76923060417175,0
57.77526783943176,0
57.77790951728821,0
57.77796864509583,0
57.778061389923096,0
57.778648853302,0
57.77874040603638,0
57.780526638031006,0
57.78055500984192,0
57.78058338165283,0
57.78060722351074,0
57.781864404678345,0
57.78328323364258,0
57.78726625442505,0
57.79887795448303,0
57.79895758628845,0
57.79985952377319,0
57.81823921203613,0
57.81830406188965,0
57.81833267211914,0
57.83725500106812,0
57.83729100227356,0
57.83730721473694,0
57.84741544723511,0
57.847450971603394,0
57.84925198554993,0
57.849292039871216,0
57.849416732788086,0
57.84943723678589,0
57.8495352268219,0
57.84956121444702,0
57.84966969490051,0
57.850935220718384,0
57.85098171234131,0
57.86033272743225,0
57.86034321784973,0
57.8603744506836,0
57.86443114280701,0
57.86756658554077,0
57.867597579956055,0
57.86764192581177,0
57.86769151687622,0
57.87728476524353,0
57.8773398399353,0
57.87737250328064,0
57.881739139556885,0
57.88179063796997,0
57.88182187080383,0
57.89734125137329,0
57.89809489250183,0
57.898319244384766,0
57.90698170661926,0
57.907031536102295,0
57.91734075546265,0
57.91739273071289,0
57.91761374473572,0
57.91849660873413,0
57.91859197616577,0
57.92923307418823,0
57.93787097930908,0
57.938236474990845,0
57.9384195804596,0
57.945136070251465,0
57.94553303718567,0
57.94717121124268,0
57.94807720184326,0
57.94811797142029,0
57.94814133644104,0
57.95153594017029,0
57.95162844657898,0
57.95166015625,0
57.95786690711975,0
57.95793557167053,0
57.95824122428894,0
57.97445106506348,0
57.977925062179565,0
57.97799873352051,0
57.97850942611694,0
57.99899744987488,0
57.99902081489563,0
57.99905800819397,0
58.015554666519165,0
58.01582026481629,0
58.01825475692749,0
58.01860475540161,0
58.019256353378296,0
58.019294023513794,0
58.02042937278748,0
58.02077889442444,0
58.02149248123169,0
58.02153158187866,0
58.02234125137329,0
58.02323746681213,0
58.02369475364685,0
58.024253606796265,0
58.02450656890869,0
58.03274488449097,0
58.03277397155762,0
58.03310418128967,0
58.034292221069336,0
58.034921169281006,0
58.03526973724365,0
58.035709857940674,0
58.037062644958496,0
58.03709697723389,0
58.03710865974426,0
58.03989243507385,0
58.03992199897766,0
58.04012155532837,0
58.040159463882446,0
58.04290366172791,0
58.04293274879456,0
58.0439727306366,0
58.04545617103577,0
58.05695462226868,0
58.05695557594299,0
58.05706024169922,0
58.05941581726074,0
58.06047606468201,0
58.06108832359314,0
58.06138586997986,0
58.06159210205078,0
58.06203293800354,0
58.0621178150177,0
58.077197551727295,0
58.0772385597229,0
58.07784652709961,0
58.09580969810486,0
58.09613752365112,0
58.09713959693909,0
58.09717631340027,0
58.09726977348328,0
58.09865617752075,0
58.09869694709778,0
58.11724066734314,0
58.11729574203491,0
58.11731839179993,0
58.128044843673706,0
58.13819766044617,0
58.13824033737183,0
58.13860702514648,0
58.14698052406311,0
58.14700555801392,0
58.14712810516357,0
58.1471529006958,0
58.1472430229187,0
58.14727115631104,0
58.14737510681152,0
58.14744257926941,0
58.14746522903442,0
58.14756345748901,0
58.15347456932068,0
58.15349626541138,0
58.157766342163086,0
58.15776872634888,0
58.15782451629639,0
58.16050386428833,0
58.16053652763367,0
58.16070032119751,0
58.16072654724121,0
58.17684459686279,0
58.17779517173767,0
58.17782020568848,0
58.1793167591095,0
58.17934489250183,0
58.17970538139343,0
58.18760919570923,0
58.18763613700867,0
58.19702458381653,0
58.197072982788086,0
58.19708967208862,0
58.20208907127381,0
58.20210194587708,0
58.20339059829712,0
58.20444941520691,0
58.21877598762512,0
58.21879816055298,0
58.21880006790161,0
58.22440028190613,0
58.22442817687988,0
58.22444128990173,0
58.22459626197815,0
58.22461128234863,0
58.22462439537048,0
58.22462463378906,0
58.23741412162781,0
58.237414598464966,0
58.237459659576416,0
58.240309953689575,0
58.24186778068543,0
58.25720167160034,0
58.25720191001892,0
58.25726318359375,0
58.2622971534729,0
58.26790690422058,0
58.26811218261719,0
58.26814270019531,0
58.268216609954834,0
58.27008771896362,0
58.27012038230896,0
58.270238399505615,0
58.2738881111145,0
58.27408313751221,0
58.27411127090454,0
58.27420020103455,0
58.27618956565857,0
58.27622413635254,0
58.276386737823486,0
58.276883125305176,0
58.27691626548767,0
58.27693033218384,0
58.29626131057739,0
58.29631161689758,0
58.29706144332886,0
58.297098875045776,0
58.29712915420532,0
58.29918837547302,0
58.29921984672546,0
58.31683301925659,0
58.317264556884766,0
58.31729698181152,0
58.31740403175354,0
58.3340368270874,0
58.33405470848084,0
58.33637070655823,0
58.33718419075012,0
58.33721828460693,0
58.33725595474243,0
58.339033126831055,0
58.33906126022339,0
58.3390748500824,0
58.35518527030945,0
58.355225801467896,0
58.35546135902405,0
58.356746435165405,0
58.3567488193512,0
58.356775522232056,0
58.356781005859375,0
58.35768532752991,0
58.37400221824646,0
58.376925230026245,0
58.37695026397705,0
58.3769600391388,0
58.39688014984131,0
58.3968939781189,0
58.39695620536804,0
58.39751482009888,0
58.39772748947144,0
58.398096323013306,0
58.398117542266846,0
58.39953064918518,0
58.399561405181885,0
58.409610748291016,0
58.4096953868866,0
58.41693377494812,0
58.41696310043335,0
58.416974782943726,0
58.43699336051941,0
58.43702125549317,0
58.43708848953247,0
58.447420597076416,0
58.45182490348816,0
58.45185279846192,0
58.4542818069458,0
58.45431876182556,0
58.454408168792725,0
58.4544563293457,0
58.45449328422546,0
58.45688056945801,0
58.4569034576416,0
58.45691633224487,0
58.477160692214966,0
58.47719883918762,0
58.477213859558105,0
58.48106908798218,0
58.49729943275452,0
58.49736428260803,0
58.4973931312561,0
58.50519824028015,0
58.50525498390198,0
58.50549125671387,0
58.50549983978272,0
58.50861048698425,0
58.50869250297546,0
58.510502576828,0
58.511279821395874,0
58.51133322715759,0
58.51424670219421,0
58.514319896698,0
58.517921686172485,0
58.51797032356262,0
58.51804447174072,0
58.53553223609924,0
58.53759789466858,0
58.53761887550354,0
58.53768539428711,0
58.5435676574707,0
58.54376554489136,0
58.54734778404236,0
58.54900932312012,0
58.54903149604797,0
58.54909133911133,0
58.54917049407959,0
58.54923129081726,0
58.54932260513306,0
58.55354833602905,0
58.55471420288086,0
58.55477547645569,0
58.5547878742218,0
58.5548198223114,0
58.55518388748169,0
58.55520987510681,0
58.557191371917725,0
58.557844161987305,0
58.557870388031006,0
58.5578818321228,0
58.570143938064575,0
58.57061243057251,0
58.57132863998413,0
58.57199287414551,0
58.5746660232544,0
58.57543897628784,0
58.57565116882324,0
58.57593655586243,0
58.57595992088318,0
58.5770308971405,0
58.57705855369568,0
58.57711529731751,0
58.59711909294128,0
58.59713101387024,0
58.59714698791504,0
58.60106444358826,0
58.60147356987,0
58.6038064956665,0
58.60385727882385,0
58.60504102706909,0
58.617748737335205,0
58.617774963378906,0
58.61778259277344,0
58.63681554794312,0
58.636844635009766,0
58.63687705993652,0
58.650874376297,0
58.65088248252869,0
58.6508994102478,0
58.65090084075928,0
58.65214657783508,0
58.65216302871704,0
58.65217876434326,0
58.652950048446655,0
58.65496873855591,0
58.656816482543945,0
58.65848970413208,0
58.65856194496155,0
58.662280321121216,0
58.6770646572113,0
58.67709970474243,0
58.67712116241455,0
58.6896333694458,0
58.68983268737793,0
58.68985915184021,0
58.68992972373962,0
58.69058299064636,0
58.69098448753357,0
58.69101095199585,0
58.69416785240173,0
58.69425344467163,0
58.69547462463379,0
58.69553852081299,0
58.69644069671631,0
58.69735288619995,0
58.697388648986816,0
58.69786548614502,0
58.70707321166992,0
58.70896768569946,0
58.7090048789978,0
58.70909523963928,0
58.7091703414917,0
58.71085214614868,0
58.71088528633118,0
58.71103286743164,0
58.7129271030426,0
58.71879148483277,0
58.718825340271,0
58.718860149383545,0
58.7340772151947,0
58.737486124038696,0
58.73757576942444,0
58.7375910282135,0
58.75687837600708,0
58.756903409957886,0
58.7569420337677,0
58.76957106590271,0
58.76958632469177,0
58.77116656303406,0
58.77121949195862,0
58.77125835418701,0
58.77127313613892,0
58.77281808853149,0
58.77299308776856,0
58.774880170822144,0
58.7749080657959,0
58.7749183177948,0
58.77492785453797,0
58.775744676589966,0
58.77576899528504,0
58.77578330039978,0
58.77619671821594,0
58.77676844596863,0
58.77680063247681,0
58.77681040763855,0
58.79391241073608,0
58.79391384124756,0
58.793923139572144,0
58.79422354698181,0
58.79520058631897,0
58.795286893844604,0
58.79530072212219,0
58.79606223106384,0
58.79609656333923,0
58.797199010849,0
58.79719924926758,0
58.79722023010254,0
58.79784965515137,0
58.797860860824585,0
58.79835653305054,0
58.81698799133301,0
58.816988468170166,0
58.81699967384338,0
58.81955528259277,0
58.81957840919495,0
58.819969177246094,0
58.8202121257782,0
58.821351528167725,0
58.82142877578735,0
58.82188153266907,0
58.83691954612732,0
58.83695149421692,0
58.83696436882019,0
58.85714077949524,0
58.857177734375,0
58.857471227645874,0
58.863471031188965,0
58.86643052101135,0
58.86766934394837,0
58.87706208229065,0
58.8770649433136,0
58.87710618972778,0
58.89347076416016,0
58.89347767829895,0
58.89352440834045,0
58.89352750778198,0
58.89531064033508,0
58.89534139633179,0
58.89536762237549,0
58.8977518081665,0
58.89796710014343,0
58.89799928665161,0
58.905781745910645,0
58.90582752227783,0
58.908188343048096,0
58.90827393531799,0
58.917471408844,0
58.9175226688385,0
58.917542695999146,0
58.92743945121765,0
58.93852162361145,0
58.93855834007263,0
58.93855905532837,0
58.93871474266052,0
58.93873381614685,0
58.94076991081238,0
58.9409248828888,0
58.94110798835754,0
58.941112756729126,0
58.94141960144043,0
58.941433906555176,0
58.94148397445679,0
58.943893909454346,0
58.94558238983154,0
58.95110535621643,0
58.956918478012085,0
58.95694398880005,0
58.95695519447327,0
58.97756695747376,0
58.97762703895569,0
58.97763967514038,0
58.98293685913086,0
58.98294591903687,0
58.98326897621155,0
58.98328971862793,0
58.98467111587525,0
58.9849054813385,0
58.98499298095703,0
58.99731159210205,0
58.99733519554138,0
58.99740529060364,0
59.0050208568573,0
59.00505304336548,0
59.00553274154663,0
59.00554871559143,0
59.00575518608093,0
59.00655770301819,0
59.00664949417114,0
59.00685930252075,0
59.007269620895386,0
59.00900053977966,0
59.01096248626709,0
59.01108932495117,0
59.01696181297302,0
59.01698780059815,0
59.01699876785278,0
59.02545952796936,0
59.02548408508301,0
59.02569842338562,0
59.02599358558655,0
59.02642226219177,0
59.0264630317688,0
59.02647638320923,0
59.03739094734192,0
59.03741574287415,0
59.03747868537903,0
59.05337047576904,0
59.05686974525452,0
59.0568950176239,0
59.05691123008728,0
59.0771381855011,0
59.07745790481568,0
59.07748961448669,0
59.08387637138367,0
59.083916664123535,0
59.08396863937378,0
59.08400511741638,0
59.086942195892334,0
59.087008237838745,0
59.08703470230103,0
59.09708046913147,0
59.09716200828552,0
59.09720993041992,0
59.103477239608765,0
59.10352373123169,0
59.10653805732727,0
59.10656213760376,0
59.10819816589356,0
59.11881875991821,0
59.118826150894165,0
59.12288570404053,0
59.12291979789734,0
59.12649941444397,0
59.13735342025757,0
59.137389183044434,0
59.1374032497406,0
59.1444582939148,0
59.14462375640869,0
59.14599084854126,0
59.14601635932922,0
59.14890432357788,0
59.14891958236694,0
59.14900350570679,0
59.150672912597656,0
59.15708327293396,0
59.15709972381592,0
59.15711307525635,0
59.1595025062561,0
59.15952491760254,0
59.16124129295349,0
59.16124439239502,0
59.16128396987915,0
59.16131830215454,0
59.16136813163757,0
59.17751979827881,0
59.177549839019775,0
59.17759418487549,0
59.192301511764526,0
59.193878173828125,0
59.195164918899536,0
59.1952121257782,0
59.196205615997314,0
59.19715523719788,0
59.197181940078735,0
59.19722628593445,0
59.197261095047,0
59.19822931289673,0
59.198997497558594,0
59.21694087982178,0
59.21696996688843,0
59.2169816493988,0
59.22109603881836,0
59.22112154960632,0
59.22113299369812,0
59.22114419937134,0
59.222012996673584,0
59.22202754020691,0
59.2225992679596,0
59.23440623283386,0
59.23446750640869,0
59.2344810962677,0
59.234490394592285,0
59.23530673980713,0
59.235626220703125,0
59.23563575744629,0
59.23751091957092,0
59.23754549026489,0
59.23756074905396,0
59.25753450393677,0
59.25755167007446,0
59.25759768486023,0
59.25763916969299,0
59.26266217231751,0
59.26269721984863,0
59.26274728775024,0
59.26278591156006,0
59.27616596221924,0
59.27617168426514,0
59.27728486061096,0
59.27731680870056,0
59.27733016014099,0
59.27734732627869,0
59.27874565124512,0
59.279818534851074,0
59.2973153591156,0
59.29735231399536,0
59.2973701953888,0
59.30712580680847,0
59.30719590187073,0
59.308640241622925,0
59.30872964859009,0
59.31056308746338,0
59.317198276519775,0
59.31719970703125,0
59.31725025177002,0
59.32472896575928,0
59.32521080970764,0
59.32696723937988,0
59.32701230049133,0
59.3274781703949,0
59.327516078948975,0
59.33765769004822,0
59.33770227432251,0
59.33787417411804,0
59.33789277076721,0
59.33791184425354,0
59.3461983203888,0
59.35747361183167,0
59.35751223564148,0
59.35751461982727,0
59.36560678482056,0
59.37382745742798,0
59.3738853931427,0
59.37389755249024,0
59.37390851974487,0
59.37394738197327,0
59.37398195266724,0
59.374053716659546,0
59.37406730651856,0
59.377288818359375,0
59.37731575965881,0
59.37732625007629,0
59.37894582748413,0
59.39698314666748,0
59.3970091342926,0
59.39703750610352,0
59.40099549293518,0
59.40102052688599,0
59.40275955200195,0
59.40282559394837,0
59.4038770198822,0
59.41528964042664,0
59.4153151512146,0
59.41534352302551,0
59.41802334785461,0
59.4180634021759,0
59.41810393333435,0
59.41947054862976,0
59.4194929599762,0
59.41964554786682,0
59.41967225074768,0
59.43704748153687,0
59.4370801448822,0
59.437111139297485,0
59.454216957092285,0
59.457064390182495,0
59.457096338272095,0
59.45715188980103,0
59.47708535194397,0
59.477123737335205,0
59.477144718170166,0
59.49129962921143,0
59.4913182258606,0
59.49133658409119,0
59.49136781692505,0
59.49439811706543,0
59.49485492706299,0
59.49532318115234,0
59.49817228317261,0
59.49819040298462,0
59.498196840286255,0
59.49821448326111,0
59.49886322021485,0
59.49894404411316,0
59.49894738197327,0
59.50561761856079,0
59.50566625595093,0
59.50571227073669,0
59.50578284263611,0
59.50580668449402,0
59.50588631629944,0
59.50591111183167,0
59.51021885871887,0
59.51751661300659,0
59.51754212379456,0
59.51763439178467,0
59.52020573616028,0
59.52024292945862,0
59.53717732429504,0
59.53724217414856,0
59.53744769096375,0
59.54722619056702,0
59.54950094223023,0
59.54952359199524,0
59.54956912994385,0
59.54996228218079,0
59.54997777938843,0
59.54998993873596,0
59.55000567436218,0
59.55148410797119,0
59.55396699905396,0
59.55707502365112,0
59.557101011276245,0
59.55713415145874,0
59.57702326774597,0
59.57712078094482,0
59.57713389396668,0
59.58993101119995,0
59.596813917160034,0
59.59686708450317,0
59.59688782691956,0
59.60391592979431,0
59.604671001434326,0
59.604676246643066,0
59.60468769073486,0
59.6046986579895,0
59.60470390319824,0
59.60471153259277,0
59.60781574249268,0
59.6078667640686,0
59.614463567733765,0
59.614521503448486,0
59.61578345298767,0
59.61709642410278,0
59.617114305496216,0
59.617116928100586,0
59.6328809261322,0
59.6328980922699,0
59.632936000823975,0
59.633113861083984,0
59.63710498809815,0
59.63712120056152,0
59.63719058036804,0
59.65711212158203,0
59.65714359283447,0
59.65715765953064,0
59.65777540206909,0
59.6581072807312,0
59.65815734863281,0
59.65918922424317,0
59.67753624916077,0
59.67786431312561,0
59.67789673805237,0
59.688889265060425,0
59.69157600402832,0
59.69162178039551,0
59.69165754318237,0
59.69179368019104,0
59.691882610321045,0
59.69194722175598,0
59.693034648895264,0
59.69322204589844,0
59.694724559783936,0
59.69473218917847,0
59.69772362709045,0
59.69772458076477,0
59.69777083396912,0
59.7170250415802,0
59.71708965301514,0
59.71716666221619,0
59.71718955039978,0
59.71732950210571,0
59.717352628707886,0
59.7173924446106,0
59.7196409702301,0
59.71972727775574,0
59.71975231170654,0
59.7340145111084,0
59.743300437927246,0
59.74334001541138,0
59.74336051940918,0
59.75782084465027,0
59.75782608985901,0
59.75784754753113,0
59.76810669898987,0
59.768298387527466,0
59.76831555366516,0
59.76832914352417,0
59.76843190193176,0
59.76853108406067,0
59.76866030693054,0
59.768852949142456,0
59.768879890441895,0
59.770538330078125,0
59.77292346954346,0
59.77707290649414,0
59.77711772918701,0
59.77713179588318,0
59.79256224632263,0
59.79686999320984,0
59.79700064659119,0
59.79701495170593,0
59.81699466705322,0
59.8170063495636,0
59.81702256202698,0
59.836902141571045,0
59.836928844451904,0
59.83694005012512,0
59.83780288696289,0
59.8379180431366,0
59.83793258666992,0
59.83794522285461,0
59.84085011482239,0
59.840866565704346,0
59.84104537963867,0
59.8439302444458,0
59.84393358230591,0
59.84397840499878,0
59.84401297569275,0
59.8448474407196,0
59.8478434085846,0
59.85023474693298,0
59.853553771972656,0
59.85371017456055,0
59.85372543334961,0
59.85376167297363,0
59.8567373752594,0
59.85676312446594,0
59.85691785812378,0
59.861687660217285,0
59.86171007156372,0
59.86172604560852,0
59.8625066280365,0
59.86483550071716,0
59.871514558792114,0
59.87693166732788,0
59.87696361541748,0
59.87701964378357,0
59.89720559120178,0
59.898029088974,0
59.89810872077942,0
59.91709470748901,0
59.91713833808899,0
59.917155504226685,0
59.93194270133972,0
59.93196702003479,0
59.93391418457031,0
59.93671154975891,0
59.93675804138184,0
59.93678116798401,0
59.936840772628784,0
59.93686079978943,0
59.93688225746155,0
59.93820595741272,0
59.93824338912964,0
59.93826699256897,0
59.93847632408142,0
59.93889832496643,0
59.945619106292725,0
59.94563508033752,0
59.94630765914917,0
59.95713710784912,0
59.957176208496094,0
59.96460223197937,0
59.96462821960449,0
59.96481204032898,0
59.96482849121094,0
59.96485376358032,0
59.96486616134644,0
59.96486783027649,0
59.96986818313599,0
59.96998286247253,0
59.96998357772827,0
59.9709415435791,0
59.97138237953186,0
59.971386432647705,0
59.97148823738098,0
59.97480773925781,0
59.97706961631775,0
59.977094888687134,0
59.97712802886963,0
59.997013568878174,0
59.99703979492188,0
59.99724841117859,0
60.00576186180115,0
60.00578474998474,0
60.0057954788208,0
60.00723457336426,0
60.011284589767456,0
60.01130485534668,0
60.01134276390076,0
60.01139497756958,0
60.01140737533569,0
60.01143860816956,0
60.01149034500122,0
60.02690243721008,0
60.02692985534668,0
60.0269410610199,0
60.033652544021606,0
60.03683638572693,0
60.036863803863525,0
60.03687477111816,0
60.056889295578,0
60.05693459510803,0
60.05696105957031,0
60.062934160232544,0
60.06299090385437,0
60.06300806999207,0
60.06309127807617,0
60.06730937957764,0
60.067362546920776,0
60.06744647026062,0
60.06746792793274,0
60.07701945304871,0
60.077054262161255,0
60.07707047462464,0
60.08333873748779,0
60.08448839187622,0
60.08474946022034,0
60.08481311798096,0
60.088828563690186,0
60.08889365196228,0
60.088948488235474,0
60.09036374092102,0
60.09060430526733,0
60.09482765197754,0
60.09486532211304,0
60.09819316864014,0
60.09826517105103,0
60.0982882976532,0
60.11815929412842,0
60.118239402771,0
60.118542194366455,0
60.13832354545593,0
60.13840317726135,0
60.13843083381653,0
60.15407133102417,0
60.15839338302612,0
60.15842962265015,0
60.15844345092773,0
60.16987943649292,0
60.16990280151367,0
60.171682357788086,0
60.17170858383179,0
60.17174363136292,0
60.17177414894104,0
60.17405533790589,0
60.17442297935486,0
60.17444944381714,0
60.17540383338928,0
60.17872619628906,0
60.17949223518372,0
60.17951941490173,0
60.17952561378479,0
60.19147753715515,0
60.197168827056885,0
60.19719123840332,0
60.19722604751587,0
60.19728112220764,0
60.19729566574097,0
60.19730567932129,0
60.19733595848084,0
60.20050406455994,0
60.200515270233154,0
60.20052671432495,0
60.2016806602478,0
60.20168423652649,0
60.20297145843506,0
60.20302128791809,0
60.203821659088135,0
60.20746374130249,0
60.20749115943909,0
60.20750188827515,0
60.20777487754822,0
60.208899974823,0
60.2090117931366,0
60.20903015136719,0
60.21699237823486,0
60.21700167655945,0
60.21702599525452,0
60.22663116455078,0
60.22725868225098,0
60.23505878448486,0
60.23690414428711,0
60.236928939819336,0
60.2369384765625,0
60.25681495666504,0
60.25684380531311,0
60.256879568099976,0
60.27709245681763,0
60.27713179588318,0
60.27716112136841,0
60.28251099586487,0
60.28252816200256,0
60.28395700454712,0
60.28417611122131,0
60.286768436431885,0
60.28681921958923,0
60.286892890930176,0
60.287489891052246,0
60.29723525047302,0
60.29727745056152,0
60.29729342460632,0
60.30040001869202,0
60.30043649673462,0
60.30184650421143,0
60.30192255973816,0
60.31715154647827,0
60.31719708442688,0
60.31721639633179,0
60.32025098800659,0
60.32162833213806,0
60.32301878929138,0
60.337310552597046,0
60.337382793426514,0
60.33738398551941,0
60.34663081169128,0
60.34729766845703,0
60.34780526161194,0
60.34927010536194,0
60.35105490684509,0
60.35106921195984,0
60.35108208656311,0
60.351786851882935,0
60.35178971290589,0
60.35339164733887,0
60.35701513290405,0
60.35704064369202,0
60.35708808898926,0
60.37772846221924,0
60.37775468826294,0
60.37780070304871,0
60.37898993492127,0
60.38009166717529,0
60.38011980056763,0
60.38090944290161,0
60.38175916671753,0
60.38178753852844,0
60.39464712142944,0
60.3946635723114,0
60.39631986618042,0
60.39675760269165,0
60.39677882194519,0
60.39678883552551,0
60.39710855484009,0
60.41263914108277,0
60.41697573661804,0
60.41697716712952,0
60.41723012924194,0
60.43708229064941,0
60.43711876869202,0
60.43713307380676,0
60.44462585449219,0
60.444639682769775,0
60.444647550582886,0
60.44465446472168,0
60.44598340988159,0
60.445995569229126,0
60.44638109207153,0
60.44778275489807,0
60.44780898094177,0
60.44781970977783,0
60.447887897491455,0
60.448890924453735,0
60.44891428947449,0
60.44898557662964,0
60.45763921737671,0
60.45767021179199,0
60.4576735496521,0
60.4634485244751,0
60.46454501152039,0
60.4656355381012,0
60.47701478004456,0
60.47703385353088,0
60.4770884513855,0
60.48515439033508,0
60.48517656326294,0
60.48519277572632,0
60.485209941864014,0
60.48716020584106,0
60.48723316192627,0
60.487324714660645,0
60.48868751525879,0
60.48872208595276,0
60.489970445632935,0
60.49004030227661,0
60.49783492088318,0
60.49789786338806,0
60.49791979789734,0
60.517218351364136,0
60.51731705665589,0
60.51731824874878,0
60.52241230010986,0
60.5326726436615,0
60.533164739608765,0
60.53799700737,0
60.53830766677856,0
60.53831052780152,0
60.53833556175232,0
60.53848958015442,0
60.538543462753296,0
60.538596391677856,0
60.55701899528504,0
60.5570559501648,0
60.5574324131012,0
60.55772948265076,0
60.55822515487671,0
60.5624144077301,0
60.566853761672974,0
60.56747245788574,0
60.567821741104126,0
60.57367658615112,0
60.57368850708008,0
60.57370042800903,0
60.57370138168335,0
60.57689070701599,0
60.57691717147827,0
60.57695436477661,0
60.57835555076599,0
60.5783679485321,0
60.57839846611023,0
60.581069231033325,0
60.58109664916992,0
60.58254623413086,0
60.58257293701172,0
60.58335614204407,0
60.59739255905152,0
60.59742140769959,0
60.5974657535553,0
60.59921836853027,0
60.599814653396606,0
60.5998272895813,0
60.59983777999878,0
60.59984755516052,0
60.59985947608948,0
60.59990859031677,0
60.6171498298645,0
60.61716818809509,0
60.61719179153442,0
60.617204666137695,0
60.619468450546265,0
60.620721101760864,0
60.63686680793762,0
60.63689470291138,0
60.63690614700317,0
60.6464524269104,0
60.64648127555847,0
60.64657402038574,0
60.64658951759338,0
60.65030169487,0
60.6503324508667,0
60.65036392211914,0
60.65089130401611,0
60.65090799331665,0
60.650914430618286,0
60.65092134475708,0
60.65107560157776,0
60.65135502815247,0
60.651445388793945,0
60.65684151649475,0
60.65684175491333,0
60.65686798095703,0
60.66350030899048,0
60.66538691520691,0
60.667174100875854,0
60.67730140686035,0
60.67733550071716,0
60.67735743522644,0
60.69416308403015,0
60.6945915222168,0
60.69590306282044,0
60.695919036865234,0
60.69593644142151,0
60.69696307182312,0
60.697959184646606,0
60.69799566268921,0
60.69801235198975,0
60.69806694984436,0
60.6983106136322,0
60.69831585884094,0
60.70143699645996,0
60.70156478881836,0
60.71696424484253,0
60.71704959869385,0
60.71706628799439,0
60.723225593566895,0
60.73823022842407,0
60.73848056793213,0
60.73850059509277,0
60.75550413131714,0
60.75555372238159,0
60.75665330886841,0
60.757301568984985,0
60.75732803344727,0
60.757341384887695,0
60.75843143463135,0
60.75843167304993,0
60.75846338272095,0
60.76075553894043,0
60.7607684135437,0
60.76079511642456,0
60.76948666572571,0
60.7732994556427,0
60.77332711219788,0
60.77588486671448,0
60.77589583396912,0
60.776177644729614,0
60.77618432044983,0
60.77758169174194,0
60.77759981155396,0
60.77761101722717,0
60.77877879142761,0
60.77918100357056,0
60.78002595901489,0
60.78453540802002,0
60.784844398498535,0
60.79469680786133,0
60.794734954833984,0
60.79570651054382,0
60.79715871810913,0
60.79718446731568,0
60.79722762107849,0
60.81592583656311,0
60.81594181060791,0
60.81595420837402,0
60.815964460372925,0
60.81775116920471,0
60.81776738166809,0
60.81781101226807,0
60.818591833114624,0
60.81860327720642,0
60.818615198135376,0
60.83694052696228,0
60.836955308914185,0
60.837501764297485,0
60.85372304916382,0
60.85686850547791,0
60.85689687728882,0
60.856910705566406,0
60.87704801559448,0
60.87712979316712,0
60.87714648246765,0
60.8832893371582,0
60.88332629203797,0
60.883654832839966,0
60.88369178771973,0
60.88646578788757,0
60.88650560379028,0
60.8866491317749,0
60.89111399650574,0
60.891122579574585,0
60.89116168022156,0
60.89123058319092,0
60.89760565757752,0
60.89761233329773,0
60.89765405654907,0
60.90035462379456,0
60.90042018890381,0
60.90155982971192,0
60.90219879150391,0
60.90224289894104,0
60.90422606468201,0
60.90425157546997,0
60.917240142822266,0
60.917240381240845,0
60.917322397232056,0
60.93740129470825,0
60.93746209144592,0
60.93765377998352,0
60.94430208206177,0
60.94674515724182,0
60.94703578948975,0
60.95811080932617,0
60.95817446708679,0
60.95853805541992,0
60.97266244888306,0
60.97340059280396,0
60.97388958930969,0
60.97392511367798,0
60.97699761390686,0
60.977030515670776,0
60.97704315185547,0
60.978744983673096,0
60.97877478599548,0
60.979182720184326,0
60.98194766044617,0
60.985013484954834,0
60.9859983921051,0
60.99185919761658,0
60.99219346046448,0
60.99305081367493,0
60.99311089515686,0
60.99442648887634,0
60.9974205493927,0
60.99744391441345,0
60.99748134613037,0
61.00221967697144,0
61.003612995147705,0
61.003634214401245,0
61.00364708900452,0
61.00538206100464,0
61.0054714679718,0
61.00596880912781,0
61.006460189819336,0
61.00654172897339,0
61.017033100128174,0
61.01706051826477,0
61.017088651657104,0
61.03703689575195,0
61.03706502914429,0
61.03710603713989,0
61.04142117500305,0
61.0464563369751,0
61.04792237281799,0
61.04794669151306,0
61.04795932769776,0
61.04814291000366,0
61.04817485809326,0
61.04820990562439,0
61.056856632232666,0
61.05688452720642,0
61.0568962097168,0
61.07722330093384,0
61.07722520828247,0
61.07726049423218,0
61.08422231674194,0
61.097265005111694,0
61.097299098968506,0
61.09735345840454,0
61.10256552696228,0
61.105045795440674,0
61.1050808429718,0
61.10513854026794,0
61.1072371006012,0
61.10737943649292,0
61.107399702072144,0
61.10754299163818,0
61.10759258270264,0
61.11768198013306,0
61.11768412590027,0
61.11771655082703,0
61.11838269233704,0
61.11844801902771,0
61.119802713394165,0
61.119853258132935,0
61.12032890319824,0
61.12035369873047,0
61.121700286865234,0
61.12173771858215,0
61.12190246582031,0
61.13789439201355,0
61.13800883293152,0
61.1382749080658,0
61.14012932777405,0
61.14559078216553,0
61.14566349983215,0
61.15728521347046,0
61.15732026100159,0
61.15733289718628,0
61.16164183616638,0
61.16165900230408,0
61.16170048713684,0
61.16171431541443,0
61.163336753845215,0
61.16335391998291,0
61.1633665561676,0
61.16404819488525,0
61.17701625823975,0
61.17704129219055,0
61.17705392837525,0
61.19193363189697,0
61.19196391105652,0
61.19197940826416,0
61.19199538230896,0
61.19216418266296,0
61.19217538833618,0
61.19218158721924,0
61.19378924369812,0
61.19381856918335,0
61.195965051651,0
61.19600939750672,0
61.19778180122376,0
61.19837713241577,0
61.19920706748962,0
61.19950747489929,0
61.20797801017761,0
61.209603786468506,0
61.217568159103394,0
61.21760535240173,0
61.21761202812195,0
61.23839449882507,0
61.238426208496094,0
61.23846936225891,0
61.23892712593079,0
61.25735330581665,0
61.25736427307129,0
61.257543325424194,0
61.25756096839905,0
61.25757336616516,0
61.25758504867554,0
61.25759768486023,0
61.26006889343262,0
61.26011157035828,0
61.26012849807739,0
61.27404499053955,0
61.276878118515015,0
61.27690744400024,0
61.27702975273132,0
61.29702687263489,0
61.29706525802612,0
61.29708170890808,0
61.31335473060608,0
61.3135871887207,0
61.3136157989502,0
61.31365084648132,0
61.31697177886963,0
61.317049503326416,0
61.31715559959412,0
61.31769275665283,0
61.31774067878723,0
61.31779336929321,0
61.31914186477661,0
61.31917309761048,0
61.32174730300903,0
61.321844816207886,0
61.32321548461914,0
61.328938484191895,0
61.33184003829956,0
61.33729076385498,0
61.33729600906372,0
61.337393045425415,0
61.34170246124268,0
61.34170794487,0
61.342989921569824,0
61.343597650527954,0
61.34363079071045,0
61.34363412857056,0
61.35089588165283,0
61.35091090202332,0
61.35137987136841,0
61.35803961753845,0
61.35823702812195,0
61.358394622802734,0
61.35908198356629,0
61.35910987854004,0
61.35912013053894,0
61.35944175720215,0
61.36118006706238,0
61.36119294166565,0
61.36120796203613,0
61.36228680610657,0
61.37693119049072,0
61.37694811820984,0
61.37695670127869,0
61.38078689575195,0
61.380825996398926,0
61.38115215301514,0
61.38117718696594,0
61.38268303871155,0
61.38316488265991,0
61.38318848609924,0
61.3972487449646,0
61.39726424217224,0
61.39736199378967,0
61.3973753452301,0
61.39738440513611,0
61.398791551589966,0
61.39881587028504,0
61.39947700500488,0
61.40032911300659,0
61.41681981086731,0
61.41686964035034,0
61.41689229011536,0
61.43274426460266,0
61.436853647232056,0
61.43686032295227,0
61.43686556816101,0
61.4568612575531,0
61.456889629364014,0
61.45690584182739,0
61.46046471595764,0
61.4604926109314,0
61.460506200790405,0
61.46051621437073,0
61.46181106567383,0
61.46182465553284,0
61.46184539794922,0
61.47484731674194,0
61.47733783721924,0
61.477372884750366,0
61.47738766670227,0
61.49708914756775,0
61.49714016914368,0
61.49715852737427,0
61.51196789741516,0
61.51230692863464,0
61.51264786720276,0
61.51286935806274,0
61.51754093170166,0
61.51756119728088,0
61.51758241653442,0
61.51760911941528,0
61.51765775680542,0
61.51774072647095,0
61.52082180976868,0
61.52086782455444,0
61.5230278968811,0
61.52312064170837,0
61.53785824775696,0
61.53790616989136,0
61.53799319267273,0
61.54234290122986,0
61.5548586845398,0
61.55486750602722,0
61.55486822128296,0
61.55505990982056,0
61.55512833595276,0
61.555153131484985,0
61.55733060836792,0
61.55735802650452,0
61.55736994743347,0
61.56398129463196,0
61.56400012969971,0
61.56401324272156,0
61.56403923034668,0
61.56869888305664,0
61.56872344017029,0
61.56873941421509,0
61.568803787231445,0
61.57730412483215,0
61.57734179496765,0
61.5773446559906,0
61.584951877594,0
61.584988594055176,0
61.58500647544861,0
61.58986163139343,0
61.58989572525024,0
61.59396982192993,0
61.59400200843811,0
61.59426999092102,0
61.5942907333374,0
61.594300985336304,0
61.594311237335205,0
61.59437370300293,0
61.59441828727722,0
61.59443640708923,0
61.59929466247559,0
61.59932374954224,0
61.59934973716736,0
61.61741209030152,0
61.617451906204224,0
61.61753511428833,0
61.62427830696106,0
61.63189625740051,0
61.6320960521698,0
61.63278889656067,0
61.63314700126648,0
61.63761281967163,0
61.63765072822571,0
61.63766670227051,0
61.64692902565002,0
61.64692997932434,0
61.646944761276245,0
61.6476309299469,0
61.64768958091736,0
61.65723991394043,0
61.65727114677429,0
61.65728402137756,0
61.66125059127808,0
61.67708992958069,0
61.67712473869324,0
61.6771924495697,0
61.69375824928284,0
61.69390416145325,0
61.69395303726196,0
61.69396090507507,0
61.69943070411682,0
61.699464082717896,0
61.69950771331787,0
61.69955086708069,0
61.69961667060852,0
61.69998002052307,0
61.70004057884216,0
61.700798749923706,0
61.701865911483765,0
61.70189714431763,0
61.70979166030884,0
61.70988321304321,0
61.71089267730713,0
61.71574592590332,0
61.7161910533905,0
61.71623110771179,0
61.71890449523926,0
61.71900773048401,0
61.719069719314575,0
61.7191219329834,0
61.7249162197113,0
61.72494077682495,0
61.72496271133423,0
61.73201775550842,0
61.73715949058533,0
61.73731279373169,0
61.73733305931091,0
61.75350713729858,0
61.753525495529175,0
61.7571337223053,0
61.75716519355774,0
61.75718331336975,0
61.77715063095093,0
61.77719807624817,0
61.7776792049408,0
61.79255437850952,0
61.79259705543518,0
61.79264283180237,0
61.79281949996948,0
61.79446792602539,0
61.79448843002319,0
61.794543504714966,0
61.79600882530213,0
61.79755330085754,0
61.797593116760254,0
61.79759883880615,0
61.80291414260864,0
61.80295896530152,0
61.804648876190186,0
61.8047103881836,0
61.80812478065491,0
61.80842161178589,0
61.8084568977356,0
61.80847454071045,0
61.81733632087708,0
61.817373752594,0
61.817391872406006,0
61.82250213623047,0
61.8225405216217,0
61.82272148132324,0
61.82277011871338,0
61.83753895759583,0
61.83758735656738,0
61.83760619163513,0
61.84497880935669,0
61.84502840042114,0
61.8470356464386,0
61.84711790084839,0
61.847638845443726,0
61.84766674041748,0
61.847686529159546,0
61.84970688819885,0
61.85163044929504,0
61.85706353187561,0
61.85710620880127,0
61.87718629837036,0
61.8772337436676,0
61.87735342979431,0
61.88963627815247,0
61.89604330062866,0
61.896138191223145,0
61.89619064331055,0
61.89621186256409,0
61.897536516189575,0
61.8975715637207,0
61.897625207901,0
61.90039110183716,0
61.90044450759888,0
61.900466203689575,0
61.90235781669617,0
61.90262126922608,0
61.90625381469727,0
61.90630030632019,0
61.91344094276428,0
61.91746997833252,0
61.91751575469971,0
61.91753649711609,0
61.940555810928345,0
61.94060277938843,0
61.94067335128784,0
61.9410572052002,0
61.94108200073242,0
61.94674420356751,0
61.94704985618591,0
61.94709134101868,0
61.9471161365509,0
61.95713949203491,0
61.95717668533325,0
61.95719122886658,0
61.9624445438385,0
61.963491916656494,0
61.9642436504364,0
61.96802473068237,0
61.96945881843567,0
61.97374701499939,0
61.97775745391846,0
61.97777724266052,0
61.97782826423645,0
61.99732422828674,0
61.99739837646485,0
61.99742078781128,0
62.01443839073181,0
62.0145697593689,0
62.01464080810547,0
62.01465892791748,0
62.02078080177307,0
62.0209550857544,0
62.02113604545593,0
62.024890422821045,0
62.02494382858277,0
62.0262017250061,0
62.02623200416565,0
62.02625131607056,0
62.02627468109131,0
62.026726722717285,0
62.02811789512634,0
62.03192281723023,0
62.03910112380981,0
62.03911733627319,0
62.03912973403931,0
62.03914213180542,0
62.05751729011536,0
62.05755138397217,0
62.05756521224976,0
62.065932273864746,0
62.06679821014404,0
62.06683349609375,0
62.06685137748718,0
62.06840991973877,0
62.06857752799988,0
62.06860280036926,0
62.0710654258728,0
62.0710916519165,0
62.071104764938354,0
62.07114624977112,0
62.07284712791443,0
62.07295608520508,0
62.07298111915589,0
62.073593854904175,0
62.07762455940247,0
62.07766532897949,0
62.077683448791504,0
62.093544721603394,0
62.0935914516449,0
62.09365916252136,0
62.09377121925354,0
62.09485602378845,0
62.09487462043762,0
62.095635414123535,0
62.09623432159424,0
62.09631967544556,0
62.09721922874451,0
62.09724378585816,0
62.09726166725159,0
62.099119663238525,0
62.099156618118286,0
62.1181058883667,0
62.11811923980713,0
62.1181960105896,0
62.12121796607971,0
62.139851331710815,0
62.13996338844299,0
62.13996934890747,0
62.14958429336548,0
62.14959335327149,0
62.15326428413391,0
62.153955936431885,0
62.15398406982422,0
62.15536785125733,0
62.15597701072693,0
62.15682363510132,0
62.15702962875366,0
62.158419370651245,0
62.15845036506653,0
62.1585533618927,0
62.15957856178284,0
62.16881513595581,0
62.17105436325073,0
62.17105746269226,0
62.17107582092285,0
62.17775058746338,0
62.17778182029724,0
62.1778256893158,0
62.185707330703735,0
62.18573546409607,0
62.18600010871887,0
62.18645834922791,0
62.18648934364319,0
62.18719220161438,0
62.18723201751709,0
62.188241481781006,0
62.19683623313904,0
62.19689798355103,0
62.19694519042969,0
62.1977767944336,0
62.21713876724243,0
62.2171790599823,0
62.221900939941406,0
62.226237058639526,0
62.226274490356445,0
62.22632169723511,0
62.22637701034546,0
62.2263970375061,0
62.22645044326782,0
62.22649073600769,0
62.23610496520996,0
62.2376880645752,0
62.23772835731506,0
62.23777103424072,0
62.24671673774719,0
62.247318267822266,0
62.25712966918945,0
62.25716471672058,0
62.25720882415772,0
62.26592040061951,0
62.266075134277344,0
62.26609826087952,0
62.26666045188904,0
62.27113556861877,0
62.27157711982727,0
62.27314782142639,0
62.27395510673523,0
62.27398157119751,0
62.27427840232849,0
62.27431201934815,0
62.274619340896606,0
62.2748818397522,0
62.27499318122864,0
62.27700519561768,0
62.2770426273346,0
62.27706003189087,0
62.29101777076721,0
62.294228315353394,0
62.29599285125733,0
62.2960410118103,0
62.29738450050354,0
62.29749393463135,0
62.29843306541443,0
62.29915356636048,0
62.29954719543457,0
62.30136728286743,0
62.310916900634766,0
62.31145095825195,0
62.312819719314575,0
62.31437253952026,0
62.31674480438232,0
62.31678557395935,0
62.316805362701416,0
62.31842231750488,0
62.31851410865784,0
62.31858682632446,0
62.3373076915741,0
62.33736252784729,0
62.33786988258362,0
62.33907055854797,0
62.34583044052124,0
62.34608769416809,0
62.35796856880188,0
62.3581166267395,0
62.3581690788269,0
62.36355113983154,0
62.36361169815064,0
62.363784313201904,0
62.363815784454346,0
62.36872744560242,0
62.36875510215759,0
62.36886286735535,0
62.370702505111694,0
62.37715482711792,0
62.37720012664795,0
62.37723636627197,0
62.384066343307495,0
62.38409447669983,0
62.38411712646485,0
62.38431334495544,0
62.38883852958679,0
62.38884520530701,0
62.3888726234436,0
62.39217710494995,0
62.39220452308655,0
62.39478349685669,0
62.39484238624573,0
62.39706897735596,0
62.39712476730347,0
62.397438764572144,0
62.39965224266052,0
62.40322160720825,0
62.417245388031006,0
62.41729807853699,0
62.41742539405823,0
62.43398094177246,0
62.4383180141449,0
62.43836998939514,0
62.43839359283447,0
62.45875215530396,0
62.45882248878479,0
62.45884680747986,0
62.46274495124817,0
62.462772369384766,0
62.46284008026123,0
62.46289253234863,0
62.47397255897522,0
62.47398996353149,0
62.47501921653748,0
62.477940797805786,0
62.47797918319702,0
62.47800946235657,0
62.49750018119812,0
62.49755525588989,0
62.49757647514343,0
62.49964189529419,0
62.5047972202301,0
62.50482797622681,0
62.51767635345459,0
62.51791000366211,0
62.51794004440308,0
62.533716678619385,0
62.53378701210022,0
62.53391242027283,0
62.5339572429657,0
62.53902316093445,0
62.539061307907104,0
62.53921723365784,0
62.53929090499878,0
62.53936767578125,0
62.54767608642578,0
62.54776120185852,0
62.5491464138031,0
62.54920387268066,0
62.54922366142273,0
62.5492422580719,0
62.55153155326843,0
62.55156326293945,0
62.55194878578186,0
62.55234336853027,0
62.55788731575012,0
62.55795454978943,0
62.55867052078247,0
62.56203007698059,0
62.56204867362976,0
62.56206393241882,0
62.56208205223084,0
62.562968015670776,0
62.56299948692322,0
62.56324815750122,0
62.57709288597107,0
62.57713389396668,0
62.57715010643005,0
62.58976721763611,0
62.59788703918457,0
62.5979323387146,0
62.59829926490784,0
62.59847259521485,0
62.5991313457489,0
62.59961175918579,0
62.599655866622925,0
62.60075044631958,0
62.60136580467224,0
62.60183835029602,0
62.60282254219055,0
62.60450911521912,0
62.60815238952637,0
62.60815262794495,0
62.61778521537781,0
62.61786866188049,0
62.61789131164551,0
62.62423586845398,0
62.62820386886597,0
62.62926530838013,0
62.64289164543152,0
62.64293098449707,0
62.643227338790894,0
62.64753746986389,0
62.64755082130432,0
62.64795398712158,0
62.6479868888855,0
62.65009903907776,0
62.65034461021423,0
62.65054392814636,0
62.65542650222778,0
62.65703821182251,0
62.65706706047058,0
62.6570782661438,0
62.67703819274902,0
62.67712116241455,0
62.67712140083313,0
62.69331240653992,0
62.6934974193573,0
62.69364023208618,0
62.69365072250366,0
62.69571590423584,0
62.695778369903564,0
62.69583988189697,0
62.69758582115173,0
62.69762563705444,0
62.69764161109924,0
62.701449155807495,0
62.70149302482605,0
62.70295310020447,0
62.70296764373779,0
62.70383548736572,0
62.704890966415405,0
62.71545147895813,0
62.71723222732544,0
62.71738314628601,0
62.71740365028381,0
62.73759317398071,0
62.7376446723938,0
62.73766541481018,0
62.75715088844299,0
62.75718021392822,0
62.760908126831055,0
62.76128363609314,0
62.76170563697815,0
62.77081727981568,0
62.77085041999817,0
62.77113676071167,0
62.771157026290894,0
62.77117609977722,0
62.77119374275208,0
62.77121090888977,0
62.77297377586365,0
62.77408289909363,0
62.77408742904663,0
62.77410936355591,0
62.77425694465637,0
62.77463483810425,0
62.77466893196106,0
62.77475738525391,0
62.77635025978088,0
62.776368379592896,0
62.77647376060486,0
62.77657222747803,0
62.777772426605225,0
62.77792000770569,0
62.77803087234497,0
62.77870965003967,0
62.77877163887024,0
62.77883267402649,0
62.7819230556488,0
62.78209662437439,0
62.78770232200623,0
62.78776693344116,0
62.79726958274841,0
62.79795813560486,0
62.79810667037964,0
62.81746912002564,0
62.817556619644165,0
62.817582845687866,0
62.83156776428223,0
62.83859252929688,0
62.8392698764801,0
62.83930778503418,0
62.84119772911072,0
62.8471245765686,0
62.84732460975647,0
62.84735441207886,0
62.84826636314392,0
62.8487114906311,0
62.84889936447144,0
62.84890127182007,0
62.8505003452301,0
62.8590772151947,0
62.8591251373291,0
62.8591742515564,0
62.85922384262085,0
62.87008261680603,0
62.87020921707153,0
62.870314598083496,0
62.87041640281677,0
62.87062358856201,0
62.870665073394775,0
62.8707058429718,0
62.87301278114319,0
62.87302136421204,0
62.87694525718689,0
62.87697386741638,0
62.87698578834534,0
62.89058876037598,0
62.89065766334534,0
62.89703416824341,0
62.89707159996033,0
62.89717221260071,0
62.91712880134583,0
62.91712999343872,0
62.91722750663757,0
62.92796444892883,0
62.9345600605011,0
62.93460130691528,0
62.940205097198486,0
62.94023251533508,0
62.94024991989136,0
62.94050621986389,0
62.941099405288696,0
62.9411187171936,0
62.94129157066345,0
62.94131636619568,0
62.94207763671875,0
62.94223237037659,0
62.95239090919495,0
62.95731544494629,0
62.95733904838562,0
62.95744442939758,0
62.97762155532837,0
62.97768306732178,0
62.97771191596985,0
62.99740386009216,0
62.99748611450195,0
62.99752235412598,0
63.01827526092529,0
63.018330812454224,0
63.01835584640503,0
63.02393770217896,0
63.02398705482483,0
63.02406644821167,0
63.0240957736969,0
63.02475142478943,0
63.02493190765381,0
63.02502202987671,0
63.025041341781616,0
63.02567481994629,0
63.02570509910584,0
63.02577233314514,0
63.0274920463562,0
63.027764320373535,0
63.02795147895813,0
63.02853846549988,0
63.02870321273804,0
63.0320827960968,0
63.03216242790222,0
63.0378201007843,0
63.03792977333069,0
63.03797364234924,0
63.05118632316589,0
63.05127143859863,0
63.05129313468933,0
63.05136775970459,0
63.05139064788818,0
63.053637742996216,0
63.05405640602112,0
63.054194927215576,0
63.0572681427002,0
63.057432651519775,0
63.05749440193176,0
63.07558917999268,0
63.07562232017517,0
63.07572197914124,0
63.07698893547058,0
63.07702350616455,0
63.07801771163941,0
63.07806944847107,0
63.0782151222229,0
63.07823443412781,0
63.07830500602722,0
63.08580660820007,0
63.08660411834717,0
63.08662796020508,0
63.088663816452026,0
63.088707447052,0
63.09089422225952,0
63.09089493751526,0
63.09175419807434,0
63.097418785095215,0
63.097769260406494,0
63.0978090763092,0
63.105178356170654,0
63.10522174835205,0
63.10548257827759,0
63.10550022125244,0
63.10553550720215,0
63.10557460784912,0
63.10557675361633,0
63.11531925201416,0
63.11768651008606,0
63.11773419380188,0
63.1178286075592,0
63.13750076293945,0
63.13756036758423,0
63.13758730888367,0
63.14228868484497,0
63.14263796806336,0
63.14538764953613,0
63.14543294906616,0
63.145456314086914,0
63.14546322822571,0
63.14731407165527,0
63.14733839035034,0
63.14793062210083,0
63.15750098228455,0
63.15754318237305,0
63.15784502029419,0
63.16047954559326,0
63.16602540016174,0
63.16607284545898,0
63.17729115486145,0
63.17734241485596,0
63.17737412452698,0
63.185080766677856,0
63.18530368804932,0
63.185508012771606,0
63.18553709983826,0
63.188507318496704,0
63.188530683517456,0
63.18853402137756,0
63.19369387626648,0
63.19372820854187,0
63.19376015663147,0
63.19379639625549,0
63.19381022453308,0
63.19685912132263,0
63.197486877441406,0
63.197513580322266,0
63.21573805809021,0
63.2157826423645,0
63.215798139572144,0
63.21763348579407,0
63.21772813796997,0
63.217745542526245,0
63.21776056289673,0
63.22479104995728,0
63.225112199783325,0
63.22528100013733,0
63.23712754249573,0
63.23717331886292,0
63.23719000816345,0
63.25283122062683,0
63.257030963897705,0
63.25706958770752,0
63.25713038444519,0
63.27723217010498,0
63.2772855758667,0
63.27730679512024,0
63.29345393180847,0
63.29397416114807,0
63.2942328453064,0
63.29426169395447,0
63.29816913604736,0
63.29819250106812,0
63.298264265060425,0
63.29839897155762,0
63.299630641937256,0
63.30015969276428,0
63.30022478103638,0
63.30193114280701,0
63.30197834968567,0
63.30618166923523,0
63.30632996559143,0
63.30920457839966,0
63.31206679344177,0
63.31734108924866,0
63.31741738319397,0
63.31742119789124,0
63.32732152938843,0
63.33834505081177,0
63.338406562805176,0
63.338438987731934,0
63.35188102722168,0
63.35200905799866,0
63.354252099990845,0
63.3561749458313,0
63.35721969604492,0
63.35725426673889,0
63.35727310180664,0
63.35766625404358,0
63.35938143730164,0
63.3594024181366,0
63.35940861701965,0
63.35973763465881,0
63.360347747802734,0
63.36356520652771,0
63.3770809173584,0
63.37710428237915,0
63.3771185874939,0
63.382439851760864,0
63.38711452484131,0
63.38714957237244,0
63.38716697692871,0
63.38854742050171,0
63.38866400718689,0
63.38882541656494,0
63.38885307312012,0
63.39705419540405,0
63.3970730304718,0
63.39708662033081,0
63.40246248245239,0
63.40248203277588,0
63.40390920639038,0
63.40396237373352,0
63.41705656051636,0
63.41709542274475,0
63.41716623306274,0
63.43719220161438,0
63.43723773956299,0
63.43726658821106,0
63.442535161972046,0
63.44910645484924,0
63.449140548706055,0
63.44916319847107,0
63.44924306869507,0
63.450806617736816,0
63.45084571838379,0
63.451218128204346,0
63.454264879226685,0
63.45711708068848,0
63.45759034156799,0
63.45762228965759,0
63.45773148536682,0
63.45777344703674,0
63.45778751373291,0
63.471041202545166,0
63.47172999382019,0
63.47187304496765,0
63.4775493144989,0
63.47759127616882,0
63.47760987281799,0
63.49755120277405,0
63.49759769439697,0
63.4982168674469,0
63.5171914100647,0
63.51741409301758,0
63.5176010131836,0
63.52057576179504,0
63.52877449989319,0
63.52935743331909,0
63.537209033966064,0
63.53748035430908,0
63.53752398490906,0
63.55112314224243,0
63.55383038520813,0
63.55418658256531,0
63.554237365722656,0
63.55768036842346,0
63.55772542953491,0
63.55798363685608,0
63.55800986289978,0
63.5580267906189,0
63.55809283256531,0
63.56046652793884,0
63.56051969528198,0
63.56565451622009,0
63.565720319747925,0
63.56580352783203,0
63.577093839645386,0
63.57713150978088,0
63.57718920707703,0
63.591819047927856,0
63.59823369979858,0
63.59837412834168,0
63.59841394424439,0
63.60206747055054,0
63.60550451278687,0
63.60810565948486,0
63.60815215110779,0
63.60836386680603,0
63.60840177536011,0
63.60850358009338,0
63.61077332496643,0
63.61093282699585,0
63.61411666870117,0
63.61411809921265,0
63.63055443763733,0
63.63059163093567,0
63.63064336776733,0
63.63123846054077,0
63.63924193382263,0
63.6392810344696,0
63.6392993927002,0
63.63975882530213,0
63.64354181289673,0
63.64356422424317,0
63.64363551139832,0
63.64542388916016,0
63.645458459854126,0
63.64556860923767,0
63.65729761123657,0
63.65733337402344,0
63.65758037567139,0
63.67823457717896,0
63.679059743881226,0
63.679096698760986,0
63.67911243438721,0
63.69722628593445,0
63.697227001190186,0
63.697279930114746,0
63.71251654624939,0
63.71289777755737,0
63.71297216415405,0
63.71300196647644,0
63.71719789505005,0
63.717246532440186,0
63.71735858917236,0
63.72056555747986,0
63.72058892250061,0
63.720885276794434,0
63.721179485321045,0
63.72121787071228,0
63.721991300582886,0
63.72245407104492,0
63.72519278526306,0
63.725231885910034,0
63.725236654281616,0
63.725279569625854,0
63.72870683670044,0
63.7287483215332,0
63.72877216339111,0
63.73743724822998,0
63.73745346069336,0
63.7375795841217,0
63.7397677898407,0
63.74630546569824,0
63.74660062789917,0
63.7576630115509,0
63.75769948959351,0
63.757723331451416,0
63.76530694961548,0
63.76564121246338,0
63.76567673683167,0
63.76585292816162,0
63.76997375488281,0
63.77044606208801,0
63.77045011520386,0
63.77228045463562,0
63.77438259124756,0
63.77709555625916,0
63.77715611457825,0
63.777159214019775,0
63.777996301651,0
63.79195213317871,0
63.79199242591858,0
63.79201292991638,0
63.792033195495605,0
63.79711723327637,0
63.7971339225769,0
63.79716181755066,0
63.81740593910217,0
63.81744647026062,0
63.81748127937317,0
63.82666254043579,0
63.82676434516907,0
63.82683992385864,0
63.82699990272522,0
63.82707190513611,0
63.8307843208313,0
63.83104491233826,0
63.83199620246887,0
63.838884353637695,0
63.8389573097229,0
63.83905267715454,0
63.85047698020935,0
63.85531139373779,0
63.85713338851929,0
63.85716485977173,0
63.85743284225464,0
63.86311912536621,0
63.863158226013184,0
63.863327741622925,0
63.86338758468628,0
63.86625027656555,0
63.867220640182495,0
63.86843180656433,0
63.87008428573608,0
63.87716722488403,0
63.877201080322266,0
63.87721562385559,0
63.88463973999024,0
63.884685754776,0
63.88474655151367,0
63.88478875160217,0
63.88681316375733,0
63.88796758651733,0
63.88810753822327,0
63.896897077560425,0
63.89692521095276,0
63.8969361782074,0
63.90262532234192,0
63.90266299247742,0
63.90419101715088,0
63.90425205230713,0
63.90608549118042,0
63.91564512252808,0
63.91759133338928,0
63.91763162612915,0
63.91765403747559,0
63.91772055625916,0
63.937257528305054,0
63.93730878829956,0
63.937329053878784,0
63.94478106498718,0
63.94489312171936,0
63.9465126991272,0
63.94655728340149,0
63.95076727867127,0
63.9507942199707,0
63.95148634910584,0
63.95156645774841,0
63.95159339904785,0
63.957993030548096,0
63.95803713798523,0
63.95815968513489,0
63.95819067955017,0
63.95824193954468,0
63.9583625793457,0
63.95838451385498,0
63.96087527275085,0
63.9609055519104,0
63.9614155292511,0
63.972097873687744,0
63.977315187454224,0
63.977720975875854,0
63.97775435447693,0
63.99776530265808,0
63.99783253669739,0
63.99786305427551,0
63.99810433387756,0
63.99818634986877,0
63.99821424484253,0
63.9982168674469,0
64.01743149757385,0
64.01753997802734,0
64.01754307746887,0
64.02429175376892,0
64.02434206008911,0
64.02449679374695,0
64.03171420097351,0
64.03179836273193,0
64.0318214893341,0
64.03217720985413,0
64.03884673118591,0
64.04141306877136,0
64.04151129722595,0
64.04454207420349,0
64.05456233024597,0
64.05491614341736,0
64.05521845817566,0
64.05525922775269,0
64.05549907684326,0
64.0555408000946,0
64.0559549331665,0
64.05829572677612,0
64.05833172798157,0
64.05834770202637,0
64.06864356994629,0
64.07702922821045,0
64.07708930969238,0
64.07708978652954,0
64.08913898468018,0
64.08925652503967,0
64.08927512168884,0
64.08936977386475,0
64.0928692817688,0
64.09293127059937,0
64.09300756454468,0
64.09400415420532,0
64.09403991699219,0
64.09605669975281,0
64.09611582756042,0
64.09743142127991,0
64.09746241569519,0
64.09751963615417,0
64.09755873680115,0
64.10114598274231,0
64.11740684509277,0
64.11740708351135,0
64.11740970611572,0
64.12012577056885,0
64.12630605697632,0
64.1263473033905,0
64.13739466667175,0
64.1374659538269,0
64.13755702972412,0
64.14872288703918,0
64.14878559112549,0
64.14935517311096,0
64.14941740036011,0
64.1551902294159,0
64.15530347824097,0
64.1553373336792,0
64.16111159324646,0
64.16117811203003,0
64.16124534606934,0
64.16206049919128,0
64.18018436431885,0
64.18020296096802,0
64.18034338951111,0
64.18037748336792,0
64.18051385879517,0
64.18055868148804,0
64.18059921264648,0
64.18065524101257,0
64.18067193031311,0
64.18072485923767,0
64.18073844909668,0
64.1807701587677,0
64.180819272995,0
64.18085289001465,0
64.18090486526489,0
64.18094110488892,0
64.18098092079163,0
64.18708968162537,0
64.18713068962097,0
64.19174981117249,0
64.19183802604675,0
64.19294476509094,0
64.19745421409607,0
64.19747853279114,0
64.19749236106873,0
64.19848322868347,0
64.19859385490417,0
64.19869899749756,0
64.19887137413025,0
64.2031455039978,0
64.20315289497375,0
64.20331287384033,0
64.20424008369446,0
64.21398496627808,0
64.21566271781921,0
64.21685767173767,0
64.21688866615295,0
64.21742630004883,0
64.23710989952087,0
64.23713088035583,0
64.23714900016785,0
64.24125695228577,0
64.257568359375,0
64.25761342048645,0
64.25789785385132,0
64.2618579864502,0
64.2618772983551,0
64.26301169395447,0
64.26305484771729,0
64.26660108566284,0
64.26685953140259,0
64.26689195632935,0
64.27218103408813,0
64.27687668800354,0
64.27687740325928,0
64.27690720558167,0
64.29707074165344,0
64.29711365699768,0
64.29719614982605,0
64.31064486503601,0
64.31077098846436,0
64.31087327003479,0
64.3109679222107,0
64.31380772590637,0
64.3138313293457,0
64.31391882896423,0
64.31582236289978,0
64.31587314605713,0
64.3170268535614,0
64.31705141067505,0
64.31712293624878,0
64.32059788703918,0
64.32064604759216,0
64.32103872299194,0
64.32243776321411,0
64.33747720718384,0
64.33755803108215,0
64.33756184577942,0
64.3427505493164,0
64.34834003448486,0
64.34847593307495,0
64.35030579566956,0
64.35068941116333,0
64.35598039627075,0
64.35600733757019,0
64.35671520233154,0
64.35739231109619,0
64.35745596885681,0
64.35748386383057,0
64.35757255554199,0
64.35791969299316,0
64.37453746795654,0
64.37731122970581,0
64.37735843658447,0
64.37738013267517,0
64.39778470993042,0
64.39784693717957,0
64.39787435531616,0
64.40809035301208,0
64.40814638137817,0
64.40837383270264,0
64.40838122367859,0
64.41129302978516,0
64.41136455535889,0
64.41186928749084,0
64.41498637199402,0
64.4153938293457,0
64.41655158996582,0
64.41663837432861,0
64.41716575622559,0
64.41721153259277,0
64.41733574867249,0
64.42138123512268,0
64.42190384864807,0
64.42195224761963,0
64.42225575447083,0
64.43034648895264,0
64.4304792881012,0
64.43050718307495,0
64.4372353553772,0
64.43728566169739,0
64.43797016143799,0
64.45049285888672,0
64.45830845832825,0
64.458984375,0
64.45936489105225,0
64.46719193458557,0
64.46728587150574,0
64.46740126609802,0
64.46743249893188,0
64.46746063232422,0
64.46748423576355,0
64.46755313873291,0
64.46760511398315,0
64.47043895721436,0
64.47537016868591,0
64.4781186580658,0
64.4784562587738,0
64.4786171913147,0
64.49773478507996,0
64.49779438972473,0
64.49821829795837,0
64.51770758628845,0
64.51776480674744,0
64.51779651641846,0
64.53774571418762,0
64.53775978088379,0
64.53785610198975,0
64.54988622665405,0
64.55066561698914,0
64.55356979370117,0
64.55361747741699,0
64.55778193473816,0
64.55780935287476,0
64.55797600746155,0
64.55886650085449,0
64.56128168106079,0
64.56131267547607,0
64.56306266784668,0
64.56311225891113,0
64.56354212760925,0
64.5635941028595,0
64.56800746917725,0
64.56828379631042,0
64.57038164138794,0
64.5762038230896,0
64.57721281051636,0
64.5772135257721,0
64.57727861404419,0
64.58017826080322,0
64.58447599411011,0
64.58971166610718,0
64.58973503112793,0
64.58974575996399,0
64.58997178077698,0
64.59071230888367,0
64.59111213684082,0
64.59114336967468,0
64.59628415107727,0
64.59638404846191,0
64.59722137451172,0
64.59725332260132,0
64.59731531143188,0
64.60130858421326,0
64.60137748718262,0
64.61789274215698,0
64.61796498298645,0
64.61798977851868,0
64.63732481002808,0
64.63736605644226,0
64.6373839378357,0
64.65286040306091,0
64.65795159339905,0
64.65799355506897,0
64.65801167488098,0
64.66555070877075,0
64.66561079025269,0
64.66564440727234,0
64.66570448875427,0
64.66954112052917,0
64.66955971717834,0
64.66982793807983,0
64.6743094921112,0
64.67452883720398,0
64.67462635040283,0
64.67464447021484,0
64.67723894119263,0
64.67727255821228,0
64.67728734016418,0
64.6789038181305,0
64.67892670631409,0
64.67893767356873,0
64.6913902759552,0
64.69536399841309,0
64.69552683830261,0
64.69554281234741,0
64.69555568695068,0
64.69737482070923,0
64.69738626480103,0
64.69739699363708,0
64.69780993461609,0
64.69783473014832,0
64.69783926010132,0
64.69902491569519,0
64.69906520843506,0
64.70033836364746,0
64.70039200782776,0
64.71716713905334,0
64.7171790599823,0
64.71720480918884,0
64.7372670173645,0
64.73731732368469,0
64.7377450466156,0
64.74241018295288,0
64.74870204925537,0
64.74908638000488,0
64.75038170814514,0
64.75092053413391,0
64.75092887878418,0
64.75141191482544,0
64.76002359390259,0
64.7600691318512,0
64.76008725166321,0
64.76943016052246,0
64.76954197883606,0
64.76956725120544,0
64.7716212272644,0
64.77449822425842,0
64.77512669563293,0
64.7773187160492,0
64.77735137939453,0
64.77736377716064,0
64.79679918289185,0
64.79682564735413,0
64.79687094688416,0
64.8026909828186,0
64.80271983146667,0
64.80273079872131,0
64.80274367332458,0
64.80310392379761,0
64.80323338508606,0
64.80339336395264,0
64.80460524559021,0
64.80463123321533,0
64.81725287437439,0
64.81727957725525,0
64.8173098564148,0
64.8181562423706,0
64.81817650794983,0
64.81983709335327,0
64.82100343704224,0
64.83066821098328,0
64.8370361328125,0
64.83706259727478,0
64.8370909690857,0
64.85703635215759,0
64.8570806980133,0
64.85709881782532,0
64.86833834648132,0
64.86836695671082,0
64.86838173866272,0
64.86842632293701,0
64.86940956115723,0
64.86944627761841,0
64.8694806098938,0
64.86949563026428,0
64.87683463096619,0
64.87686014175415,0
64.87687230110168,0
64.89695882797241,0
64.89697909355164,0
64.89713644981384,0
64.89715552330017,0
64.89723944664001,0
64.89733242988586,0
64.8973491191864,0
64.90012621879578,0
64.90015006065369,0
64.90021228790283,0
64.9032576084137,0
64.9034788608551,0
64.90663075447083,0
64.90665888786316,0
64.90817618370056,0
64.90820717811584,0
64.90821862220764,0
64.90829110145569,0
64.91166353225708,0
64.91178727149963,0
64.911794424057,0
64.91214919090271,0
64.91401624679565,0
64.91706991195679,0
64.91710305213928,0
64.91711616516113,0
64.91798377037048,0
64.92547011375427,0
64.9254982471466,0
64.92850613594055,0
64.92852568626404,0
64.92856478691101,0
64.92860817909241,0
64.92870855331421,0
64.92874240875244,0
64.92878365516663,0
64.93716740608215,0
64.937335729599,0
64.93735265731812,0
64.95316529273987,0
64.95753812789917,0
64.95758771896362,0
64.95767021179199,0
64.97706770896912,0
64.97710347175598,0
64.97711658477783,0
64.98690748214722,0
64.9878613948822,0
64.98916268348694,0
64.989177942276,0
64.98975849151611,0
64.98977589607239,0
64.98979258537292,0
64.99024319648743,0
64.9904899597168,0
64.99274373054504,0
64.99286365509033,0
64.99739837646484,0
64.99745440483093,0
64.99751853942871,0
65.01722049713135,0
65.01752877235413,0
65.01758694648743,0
65.03684616088867,0
65.03691291809082,0
65.03692555427551,0
65.05318856239319,0
65.05721688270569,0
65.05724692344666,0
65.05741906166077,0
65.07695841789246,0
65.07700753211975,0
65.07702589035034,0
65.09329414367676,0
65.09331107139587,0
65.09331345558167,0
65.09333300590515,0
65.09519362449646,0
65.09523701667786,0
65.09536242485046,0
65.09660911560059,0
65.09838891029358,0
65.09850525856018,0
65.09852313995361,0
65.09962010383606,0
65.10081720352173,0
65.1008632183075,0
65.10652804374695,0
65.10661387443542,0
65.10751342773438,0
65.11154341697693,0
65.11176466941833,0
65.11702823638916,0
65.11706614494324,0
65.11731362342834,0
65.13056874275208,0
65.13060879707336,0
65.13076686859131,0
65.13078808784485,0
65.13339638710022,0
65.13342475891113,0
65.1334502696991,0
65.13624906539917,0
65.13630843162537,0
65.13660049438477,0
65.13663649559021,0
65.13774394989014,0
65.13779616355896,0
65.13787007331848,0
65.13946652412415,0
65.13986873626709,0
65.13990092277527,0
65.1403169631958,0
65.15173959732056,0
65.15281343460083,0
65.153151512146,0
65.15338182449341,0
65.15426230430603,0
65.15447187423706,0
65.1545159816742,0
65.16091918945312,0
65.16094660758972,0
65.16096186637878,0
65.17364072799683,0
65.17701435089111,0
65.17704176902771,0
65.17705821990967,0
65.19742345809937,0
65.1974503993988,0
65.19747257232666,0
65.19750785827637,0
65.197518825531,0
65.19753003120422,0
65.19755339622498,0
65.20016312599182,0
65.20017790794373,0
65.20071148872375,0
65.20171546936035,0
65.20172762870789,0
65.20343732833862,0
65.20343780517578,0
65.20417094230652,0
65.20507597923279,0
65.20764684677124,0
65.2169861793518,0
65.21701693534851,0
65.21702742576599,0
65.23679447174072,0
65.23681974411011,0
65.23690509796143,0
65.24383783340454,0
65.24771881103516,0
65.24821972846985,0
65.2482430934906,0
65.24825501441956,0
65.25050091743469,0
65.25052666664124,0
65.25073051452637,0
65.25143623352051,0
65.25734829902649,0
65.25738096237183,0
65.25739598274231,0
65.26321196556091,0
65.26698446273804,0
65.27703380584717,0
65.27705645561218,0
65.27713656425476,0
65.2862184047699,0
65.28623676300049,0
65.28669047355652,0
65.28671383857727,0
65.28941917419434,0
65.28945827484131,0
65.28961229324341,0
65.29179072380066,0
65.29189777374268,0
65.29250311851501,0
65.29256105422974,0
65.297358751297,0
65.29739165306091,0
65.29744601249695,0
65.29798579216003,0
65.2999336719513,0
65.31381297111511,0
65.31696081161499,0
65.3169949054718,0
65.31703686714172,0
65.33722925186157,0
65.33726930618286,0
65.33729362487793,0
65.35519671440125,0
65.35524797439575,0
65.36434149742126,0
65.36439156532288,0
65.36446619033813,0
65.36455988883972,0
65.36477375030518,0
65.36483716964722,0
65.36492204666138,0
65.37717008590698,0
65.37721157073975,0
65.37726211547852,0
65.38386821746826,0
65.38410830497742,0
65.38455581665039,0
65.38723278045654,0
65.38750147819519,0
65.38768196105957,0
65.38783311843872,0
65.38967299461365,0
65.38996386528015,0
65.39016652107239,0
65.39089679718018,0
65.39796233177185,0
65.39798307418823,0
65.39821243286133,0
65.41683673858643,0
65.41686630249023,0
65.41708827018738,0
65.41800451278687,0
65.41801691055298,0
65.41802787780762,0
65.4180383682251,0
65.42038583755493,0
65.42041492462158,0
65.42274785041809,0
65.42277956008911,0
65.43268370628357,0
65.43704080581665,0
65.43706941604614,0
65.43707990646362,0
65.45730519294739,0
65.45733547210693,0
65.4573872089386,0
65.45839524269104,0
65.45900297164917,0
65.45903372764587,0
65.46100115776062,0
65.46101331710815,0
65.46102595329285,0
65.46107459068298,0
65.47690153121948,0
65.47693300247192,0
65.47694087028503,0
65.48761463165283,0
65.49203133583069,0
65.49348974227905,0
65.49514651298523,0
65.49517869949341,0
65.49585461616516,0
65.49591898918152,0
65.4977970123291,0
65.49783301353455,0
65.49785113334656,0
65.49794721603394,0
65.49799251556396,0
65.4980115890503,0
65.5003011226654,0
65.50032138824463,0
65.51759767532349,0
65.51763463020325,0
65.51765012741089,0
65.53721404075623,0
65.53723978996277,0
65.53740215301514,0
65.55718922615051,0
65.55723690986633,0
65.55736422538757,0
65.570871591568,0
65.57730507850647,0
65.5773434638977,0
65.5800576210022,0
65.58480620384216,0
65.58483099937439,0
65.5871832370758,0
65.58720064163208,0
65.58721446990967,0
65.58722925186157,0
65.58944416046143,0
65.58948755264282,0
65.5895619392395,0
65.59740281105042,0
65.59743475914001,0
65.597576379776,0
65.59845542907715,0
65.61694645881653,0
65.61695504188538,0
65.61697125434875,0
65.62124586105347,0
65.62127304077148,0
65.62128639221191,0
65.62132692337036,0
65.62141227722168,0
65.62144565582275,0
65.6214599609375,0
65.63692736625671,0
65.63695192337036,0
65.63696146011353,0
65.64640069007874,0
65.6464273929596,0
65.6482527256012,0
65.64826655387878,0
65.64976954460144,0
65.64979958534241,0
65.64992785453796,0
65.6499412059784,0
65.65478110313416,0
65.65481424331665,0
65.65482497215271,0
65.65490961074829,0
65.65680575370789,0
65.65683364868164,0
65.65684509277344,0
65.67790269851685,0
65.67850112915039,0
65.67851853370667,0
65.67853045463562,0
65.67854237556458,0
65.67855501174927,0
65.67856740951538,0
65.6785798072815,0
65.67859053611755,0
65.67859268188477,0
65.679936170578,0
65.68065810203552,0
65.6926851272583,0
65.69875502586365,0
65.69878840446472,0
65.69895148277283,0
65.70138192176819,0
65.7018575668335,0
65.70228266716003,0
65.70228433609009,0
65.70269703865051,0
65.70272207260132,0
65.70309972763062,0
65.70350933074951,0
65.70353507995605,0
65.70818758010864,0
65.70843386650085,0
65.70907664299011,0
65.71071362495422,0
65.71141195297241,0
65.7139401435852,0
65.71726942062378,0
65.7173056602478,0
65.71733784675598,0
65.73274254798889,0
65.73737072944641,0
65.73737096786499,0
65.73741483688354,0
65.75714683532715,0
65.75719285011292,0
65.75738334655762,0
65.7770209312439,0
65.77705502510071,0
65.77707624435425,0
65.7784013748169,0
65.77863264083862,0
65.78173518180847,0
65.78176736831665,0
65.78187322616577,0
65.78189325332642,0
65.78210306167603,0
65.78211903572083,0
65.78218650817871,0
65.78829455375671,0
65.79694104194641,0
65.79696941375732,0
65.79698014259338,0
65.80480074882507,0
65.80483078956604,0
65.80485391616821,0
65.80536365509033,0
65.80836296081543,0
65.8086326122284,0
65.80866074562073,0
65.81091666221619,0
65.81094694137573,0
65.81260681152344,0
65.81265234947205,0
65.81715798377991,0
65.81715941429138,0
65.81718420982361,0
65.81720924377441,0
65.83683371543884,0
65.83697485923767,0
65.83700799942017,0
65.84261393547058,0
65.84285497665405,0
65.84314322471619,0
65.8431670665741,0
65.84575724601746,0
65.84579801559448,0
65.8458137512207,0
65.84780645370483,0
65.84783816337585,0
65.84784960746765,0
65.84789085388184,0
65.84949827194214,0
65.84969735145569,0
65.84978318214417,0
65.85680294036865,0
65.85686349868774,0
65.85692429542542,0
65.87239742279053,0
65.87692070007324,0
65.87694907188416,0
65.87696242332458,0
65.89700603485107,0
65.89704418182373,0
65.89715766906738,0
65.91124153137207,0
65.91128349304199,0
65.91134881973267,0
65.91140174865723,0
65.91374683380127,0
65.91377115249634,0
65.91383767127991,0
65.91388750076294,0
65.91394209861755,0
65.91404485702515,0
65.91409039497375,0
65.91724038124084,0
65.91727590560913,0
65.9174599647522,0
65.92197751998901,0
65.9250099658966,0
65.9374053478241,0
65.9374475479126,0
65.93746614456177,0
65.94989967346191,0
65.9551773071289,0
65.95519876480103,0
65.9576268196106,0
65.95765328407288,0
65.95773005485535,0
65.95775437355042,0
65.95945119857788,0
65.95947790145874,0
65.9605963230133,0
65.96164679527283,0
65.96167159080505,0
65.9617395401001,0
65.9630172252655,0
65.96821618080139,0
65.97702646255493,0
65.97706484794617,0
65.97731566429138,0
65.99149370193481,0
65.99423360824585,0
65.9944097995758,0
65.99442076683044,0
65.99443173408508,0
65.99743700027466,0
65.99754571914673,0
65.99755954742432,0
65.99849224090576,0
65.99862027168274,0
65.9992983341217,0
65.99972891807556,0
65.99976325035095,0
66.00009655952454,0
66.00011205673218,0
66.01337337493896,0
66.01729273796082,0
66.01732301712036,0
66.01735377311707,0
66.03743410110474,0
66.03744673728943,0
66.0374584197998,0
66.0375165939331,0
66.0396454334259,0
66.03967142105103,0
66.03968501091003,0
66.04087615013123,0
66.04090237617493,0
66.04094338417053,0
66.05719089508057,0
66.05722451210022,0
66.05726933479309,0
66.07746982574463,0
66.07750225067139,0
66.07754039764404,0
66.08736205101013,0
66.09334135055542,0
66.09338116645813,0
66.09348440170288,0
66.09350514411926,0
66.09721851348877,0
66.09725141525269,0
66.09735202789307,0
66.09831070899963,0
66.09833478927612,0
66.09951424598694,0
66.09954571723938,0
66.10271525382996,0
66.10273480415344,0
66.1060106754303,0
66.10605311393738,0
66.10608887672424,0
66.10614275932312,0
66.11240315437317,0
66.1124415397644,0
66.11268305778503,0
66.11689758300781,0
66.11693096160889,0
66.11701726913452,0
66.13345980644226,0
66.13763809204102,0
66.1376941204071,0
66.13797545433044,0
66.15742683410645,0
66.15748524665833,0
66.15758609771729,0
66.17531156539917,0
66.17589902877808,0
66.17786049842834,0
66.17790031433105,0
66.17791748046875,0
66.1845772266388,0
66.18501996994019,0
66.18542838096619,0
66.186598777771,0
66.18794751167297,0
66.18860793113708,0
66.18870520591736,0
66.19328951835632,0
66.19330310821533,0
66.19453525543213,0
66.19788837432861,0
66.19791650772095,0
66.19859647750854,0
66.20412015914917,0
66.20417761802673,0
66.20441460609436,0
66.20442795753479,0
66.20866632461548,0
66.20872211456299,0
66.20936727523804,0
66.21714282035828,0
66.21716165542603,0
66.21716570854187,0
66.22115731239319,0
66.22115969657898,0
66.22357940673828,0
66.22362422943115,0
66.22463726997375,0
66.23735857009888,0
66.23738384246826,0
66.23738551139832,0
66.25697088241577,0
66.25699877738953,0
66.25705122947693,0
66.2772376537323,0
66.27724552154541,0
66.27727031707764,0
66.28997445106506,0
66.29377293586731,0
66.29510498046875,0
66.29513382911682,0
66.29514908790588,0
66.29654669761658,0
66.29663348197937,0
66.29665303230286,0
66.29779028892517,0
66.29782676696777,0
66.29784274101257,0
66.29794335365295,0
66.29797744750977,0
66.30115365982056,0
66.30121850967407,0
66.3020761013031,0
66.30413389205933,0
66.31697607040405,0
66.31700801849365,0
66.3170223236084,0
66.33366584777832,0
66.33368420600891,0
66.33638310432434,0
66.33903956413269,0
66.33906388282776,0
66.33911871910095,0
66.34504389762878,0
66.34563517570496,0
66.34761190414429,0
66.34871935844421,0
66.3500406742096,0
66.35009026527405,0
66.35046148300171,0
66.35050249099731,0
66.35055589675903,0
66.35303258895874,0
66.35306310653687,0
66.35308337211609,0
66.35317134857178,0
66.3564965724945,0
66.35705661773682,0
66.35711884498596,0
66.35713601112366,0
66.35903453826904,0
66.35915803909302,0
66.35944867134094,0
66.3766655921936,0
66.37669444084167,0
66.37708401679993,0
66.3771059513092,0
66.3780882358551,0
66.37811160087585,0
66.37818551063538,0
66.38050508499146,0
66.38074231147766,0
66.38076710700989,0
66.39332008361816,0
66.39769864082336,0
66.39771962165833,0
66.39776635169983,0
66.3978579044342,0
66.39888715744019,0
66.39893078804016,0
66.41691517829895,0
66.41693377494812,0
66.41694355010986,0
66.43278336524963,0
66.43703722953796,0
66.43706154823303,0
66.4371030330658,0
66.45727443695068,0
66.45730781555176,0
66.45732116699219,0
66.45905804634094,0
66.46071434020996,0
66.46074795722961,0
66.46076536178589,0
66.46395254135132,0
66.46403288841248,0
66.46409583091736,0
66.47644543647766,0
66.47759580612183,0
66.47762632369995,0
66.47766304016113,0
66.49702429771423,0
66.49706530570984,0
66.4971776008606,0
66.50922870635986,0
66.50927138328552,0
66.50938630104065,0
66.50940918922424,0
66.5127580165863,0
66.51279497146606,0
66.5128116607666,0
66.51369404792786,0
66.5137186050415,0
66.51566433906555,0
66.51611995697021,0
66.51683449745178,0
66.51713395118713,0
66.51717233657837,0
66.51722741127014,0
66.51964855194092,0
66.52080535888672,0
66.53720664978027,0
66.5372884273529,0
66.53736710548401,0
66.54133939743042,0
66.54141116142273,0
66.54430365562439,0
66.54436874389648,0
66.54439282417297,0
66.54444622993469,0
66.54852056503296,0
66.54857802391052,0
66.54868650436401,0
66.5571641921997,0
66.55736923217773,0
66.55753183364868,0
66.57507729530334,0
66.57758092880249,0
66.57764482498169,0
66.57766938209534,0
66.59763526916504,0
66.59767842292786,0
66.59769463539124,0
66.60630750656128,0
66.60633778572083,0
66.60635089874268,0
66.60663914680481,0
66.60960268974304,0
66.60963201522827,0
66.60964918136597,0
66.61117839813232,0
66.6112289428711,0
66.61331486701965,0
66.61347341537476,0
66.61729550361633,0
66.6173198223114,0
66.61734437942505,0
66.62150263786316,0
66.62153148651123,0
66.62154173851013,0
66.62155151367188,0
66.62348508834839,0
66.62398147583008,0
66.62400531768799,0
66.62525606155396,0
66.63703227043152,0
66.63705658912659,0
66.63710474967957,0
66.6521852016449,0
66.65375399589539,0
66.65541505813599,0
66.6554639339447,0
66.65547752380371,0
66.65548062324524,0
66.65560460090637,0
66.65760684013367,0
66.65765714645386,0
66.65790796279907,0
66.659255027771,0
66.66053438186646,0
66.6631715297699,0
66.66517329216003,0
66.67717051506042,0
66.67719864845276,0
66.67721009254456,0
66.67984080314636,0
66.68599438667297,0
66.68600463867188,0
66.68601083755493,0
66.68601894378662,0
66.6968457698822,0
66.69689083099365,0
66.69689130783081,0
66.70493531227112,0
66.70498991012573,0
66.70504236221313,0
66.70669937133789,0
66.70673203468323,0
66.70829200744629,0
66.70836853981018,0
66.71806788444519,0
66.71809244155884,0
66.71910309791565,0
66.73949432373047,0
66.73952722549438,0
66.73954200744629,0
66.74125146865845,0
66.7579071521759,0
66.75794410705566,0
66.7579927444458,0
66.76786851882935,0
66.77514266967773,0
66.77515912055969,0
66.7754123210907,0
66.7754328250885,0
66.775475025177,0
66.77560591697693,0
66.77562808990479,0
66.77564644813538,0
66.77571177482605,0
66.7772889137268,0
66.77732276916504,0
66.77733898162842,0
66.7888731956482,0
66.78890013694763,0
66.78892779350281,0
66.78898286819458,0
66.79330229759216,0
66.79347896575928,0
66.79349946975708,0
66.79482746124268,0
66.7948739528656,0
66.79742932319641,0
66.79745984077454,0
66.7974705696106,0
66.79876661300659,0
66.79881644248962,0
66.81258964538574,0
66.8169994354248,0
66.81702637672424,0
66.81706523895264,0
66.83682250976562,0
66.83684730529785,0
66.83689332008362,0
66.85709643363953,0
66.85711646080017,0
66.85712742805481,0
66.8787899017334,0
66.87880730628967,0
66.8788230419159,0
66.87884092330933,0
66.87897992134094,0
66.87898993492126,0
66.87899971008301,0
66.88175058364868,0
66.881765127182,0
66.88176679611206,0
66.88396739959717,0
66.88400340080261,0
66.8841028213501,0
66.88412141799927,0
66.8972098827362,0
66.89723443984985,0
66.89729905128479,0
66.90428876876831,0
66.90471816062927,0
66.90475916862488,0
66.90565991401672,0
66.91148662567139,0
66.91233110427856,0
66.91699457168579,0
66.91705632209778,0
66.91708993911743,0
66.92402482032776,0
66.92406821250916,0
66.92649054527283,0
66.926513671875,0
66.92775750160217,0
66.93770575523376,0
66.93775677680969,0
66.93778347969055,0
66.95127844810486,0
66.95165657997131,0
66.95442056655884,0
66.95549201965332,0
66.95560121536255,0
66.95568203926086,0
66.95752048492432,0
66.95757102966309,0
66.9582884311676,0
66.96014547348022,0
66.9605405330658,0
66.96058893203735,0
66.96089100837708,0
66.96430253982544,0
66.97794222831726,0
66.97796177864075,0
66.97798442840576,0
66.97807145118713,0
66.9782567024231,0
66.97826218605042,0
66.97842025756836,0
66.97848558425903,0
66.97854042053223,0
66.97868633270264,0
66.97870707511902,0
66.98389554023743,0
66.98721218109131,0
66.99448132514954,0
66.99451398849487,0
66.99569869041443,0
66.99734687805176,0
66.99765300750732,0
66.99766802787781,0
67.01693177223206,0
67.01693296432495,0
67.01695489883423,0
67.03142523765564,0
67.03181767463684,0
67.03184032440186,0
67.03219985961914,0
67.03293633460999,0
67.033278465271,0
67.0332899093628,0
67.03466558456421,0
67.03623127937317,0
67.03713202476501,0
67.03715586662292,0
67.03736114501953,0
67.04000973701477,0
67.04981255531311,0
67.05003046989441,0
67.05005812644958,0
67.05007290840149,0
67.05686807632446,0
67.0568962097168,0
67.05690813064575,0
67.07724452018738,0
67.07724475860596,0
67.07730221748352,0
67.07964038848877,0
67.07967829704285,0
67.07975888252258,0
67.08151721954346,0
67.08153986930847,0
67.08155989646912,0
67.08156251907349,0
67.08310842514038,0
67.08314442634583,0
67.08314561843872,0
67.09705805778503,0
67.09709358215332,0
67.09710311889648,0
67.11807990074158,0
67.11817455291748,0
67.11818170547485,0
67.1182177066803,0
67.11835646629333,0
67.12125873565674,0
67.12128472328186,0
67.13730525970459,0
67.13734841346741,0
67.13735437393188,0
67.13947677612305,0
67.14479303359985,0
67.14487481117249,0
67.15739297866821,0
67.15745186805725,0
67.15777492523193,0
67.16371440887451,0
67.1638810634613,0
67.16695833206177,0
67.1669704914093,0
67.1737151145935,0
67.17373657226562,0
67.17510795593262,0
67.17580580711365,0
67.17716813087463,0
67.17717337608337,0
67.17805218696594,0
67.1969256401062,0
67.1969587802887,0
67.1978530883789,0
67.20585918426514,0
67.20587301254272,0
67.20943641662598,0
67.20946979522705,0
67.20951056480408,0
67.21441531181335,0
67.21683931350708,0
67.21686458587646,0
67.2169258594513,0
67.23697257041931,0
67.23699975013733,0
67.23700404167175,0
67.24457597732544,0
67.2498607635498,0
67.25269055366516,0
67.25270676612854,0
67.25271725654602,0
67.25271797180176,0
67.25273323059082,0
67.25313305854797,0
67.255380153656,0
67.25539493560791,0
67.2554452419281,0
67.25545930862427,0
67.25680255889893,0
67.25681447982788,0
67.25681829452515,0
67.25753974914551,0
67.25753998756409,0
67.25756525993347,0
67.2771303653717,0
67.27716755867004,0
67.27722716331482,0
67.28173685073853,0
67.28176307678223,0
67.28315806388855,0
67.28319025039673,0
67.28412318229675,0
67.29689025878906,0
67.29691982269287,0
67.29693555831909,0
67.30864334106445,0
67.30865144729614,0
67.30866169929504,0
67.30866193771362,0
67.31114602088928,0
67.31118083000183,0
67.31157803535461,0
67.31322884559631,0
67.3132643699646,0
67.31335210800171,0
67.31336808204651,0
67.31505537033081,0
67.31515741348267,0
67.31517887115479,0
67.31649231910706,0
67.3171226978302,0
67.31715369224548,0
67.31716823577881,0
67.32073712348938,0
67.33734941482544,0
67.33736038208008,0
67.33739280700684,0
67.33960032463074,0
67.34394812583923,0
67.344074010849,0
67.3571286201477,0
67.35717058181763,0
67.3572142124176,0
67.36460328102112,0
67.36463117599487,0
67.3649377822876,0
67.36500597000122,0
67.37073636054993,0
67.37076210975647,0
67.3707857131958,0
67.37219047546387,0
67.37516331672668,0
67.37660527229309,0
67.37719750404358,0
67.37723112106323,0
67.37724494934082,0
67.38599944114685,0
67.38632678985596,0
67.38634443283081,0
67.38659238815308,0
67.39069604873657,0
67.39073038101196,0
67.39180946350098,0
67.39243364334106,0
67.3924469947815,0
67.39705634117126,0
67.39709329605103,0
67.39710426330566,0
67.40088725090027,0
67.40092587471008,0
67.40225434303284,0
67.40382075309753,0
67.41704773902893,0
67.41708731651306,0
67.41710424423218,0
67.43720841407776,0
67.437251329422,0
67.43726992607117,0
67.45284819602966,0
67.45784544944763,0
67.45807480812073,0
67.4581184387207,0
67.47761726379395,0
67.47798347473145,0
67.47801756858826,0
67.49345469474792,0
67.49367022514343,0
67.4975380897522,0
67.49758100509644,0
67.49762201309204,0
67.49775815010071,0
67.4977777004242,0
67.49865555763245,0
67.49929189682007,0
67.49933862686157,0
67.50053930282593,0
67.50349378585815,0
67.50353217124939,0
67.50504541397095,0
67.50505375862122,0
67.51754689216614,0
67.51789951324463,0
67.51806783676147,0
67.52841687202454,0
67.53733563423157,0
67.53736305236816,0
67.53766059875488,0
67.53782892227173,0
67.53785586357117,0
67.54338026046753,0
67.54382991790771,0
67.54393339157104,0
67.54402112960815,0
67.5448989868164,0
67.54493927955627,0
67.54563403129578,0
67.54904890060425,0
67.54908895492554,0
67.5490996837616,0
67.54912257194519,0
67.5519814491272,0
67.55203104019165,0
67.5522038936615,0
67.55638980865479,0
67.55778217315674,0
67.55783319473267,0
67.55792617797852,0
67.56616687774658,0
67.56624817848206,0
67.56631994247437,0
67.56638097763062,0
67.57760953903198,0
67.57765865325928,0
67.57767939567566,0
67.5915732383728,0
67.59177112579346,0
67.59207439422607,0
67.59376096725464,0
67.596036195755,0
67.59713459014893,0
67.59717130661011,0
67.59722924232483,0
67.59850430488586,0
67.59894180297852,0
67.59940814971924,0
67.59953546524048,0
67.61760473251343,0
67.61765384674072,0
67.61773252487183,0
67.63486313819885,0
67.6384630203247,0
67.63850808143616,0
67.63871502876282,0
67.65742015838623,0
67.65757465362549,0
67.65759301185608,0
67.66404628753662,0
67.66408205032349,0
67.66424703598022,0
67.66435432434082,0
67.67098879814148,0
67.67100548744202,0
67.6711597442627,0
67.67902755737305,0
67.67903447151184,0
67.67905402183533,0
67.69019627571106,0
67.69747424125671,0
67.69751119613647,0
67.69756817817688,0
67.70958733558655,0
67.71044683456421,0
67.71161150932312,0
67.71166062355042,0
67.714928150177,0
67.71500039100647,0
67.71585464477539,0
67.71731472015381,0
67.7173502445221,0
67.71750378608704,0
67.72326374053955,0
67.72335028648376,0
67.7246606349945,0
67.72483921051025,0
67.72485876083374,0
67.72487592697144,0
67.72800087928772,0
67.7280387878418,0
67.72805643081665,0
67.73740887641907,0
67.73745131492615,0
67.73746967315674,0
67.74161338806152,0
67.74409031867981,0
67.75722885131836,0
67.7574725151062,0
67.75759506225586,0
67.76523327827454,0
67.7728271484375,0
67.77285671234131,0
67.77297234535217,0
67.7730028629303,0
67.77755999565125,0
67.77762460708618,0
67.77762603759766,0
67.78013801574707,0
67.7803590297699,0
67.78062295913696,0
67.7825996875763,0
67.78264260292053,0
67.78283190727234,0
67.78285145759583,0
67.78556370735168,0
67.78586983680725,0
67.78591585159302,0
67.78720498085022,0
67.78724217414856,0
67.79290413856506,0
67.79312658309937,0
67.79514956474304,0
67.79721331596375,0
67.79724884033203,0
67.79726362228394,0
67.80884552001953,0
67.80885767936707,0
67.80886936187744,0
67.80888104438782,0
67.81842923164368,0
67.81847500801086,0
67.81855344772339,0
67.8192527294159,0
67.81928038597107,0
67.81959843635559,0
67.81961274147034,0
67.83697152137756,0
67.83705544471741,0
67.84912467002869,0
67.84913849830627,0
67.84915232658386,0
67.84916591644287,0
67.85734558105469,0
67.85739493370056,0
67.85740947723389,0
67.85746359825134,0
67.85760474205017,0
67.8576397895813,0
67.85767698287964,0
67.8576910495758,0
67.87704920768738,0
67.87706112861633,0
67.87708282470703,0
67.88948678970337,0
67.89581608772278,0
67.89585399627686,0
67.89587092399597,0
67.8958911895752,0
67.89737510681152,0
67.89738488197327,0
67.89741706848145,0
67.89931178092957,0
67.89933371543884,0
67.89934754371643,0
67.89936518669128,0
67.89943766593933,0
67.90052318572998,0
67.90057063102722,0
67.91522526741028,0
67.91750240325928,0
67.91754388809204,0
67.91757988929749,0
67.93838167190552,0
67.93842315673828,0
67.93844366073608,0
67.94427037239075,0
67.94429397583008,0
67.9459969997406,0
67.94856834411621,0
67.94860482215881,0
67.9486243724823,0
67.94986176490784,0
67.94988012313843,0
67.94995212554932,0
67.95710945129395,0
67.95715999603271,0
67.95717239379883,0
67.97821998596191,0
67.97876739501953,0
67.97876906394958,0
67.97897696495056,0
67.99511098861694,0
67.99512791633606,0
67.99524569511414,0
67.9952654838562,0
67.99767088890076,0
67.99770736694336,0
67.997727394104,0
67.99797940254211,0
67.9979817867279,0
67.99799609184265,0
68.01706075668335,0
68.01708817481995,0
68.01710057258606,0
68.01711297035217,0
68.0171422958374,0
68.01907348632812,0
68.01912641525269,0
68.0373306274414,0
68.03736090660095,0
68.03737139701843,0
68.03999948501587,0
68.04001712799072,0
68.04002642631531,0
68.04008436203003,0
68.04260420799255,0
68.04271602630615,0
68.04273319244385,0
68.04351377487183,0
68.05690097808838,0
68.05692648887634,0
68.05693650245667,0
68.06005883216858,0
68.0600860118866,0
68.0600950717926,0
68.06013798713684,0
68.06230211257935,0
68.06237554550171,0
68.06245040893555,0
68.06348919868469,0
68.07692527770996,0
68.0769453048706,0
68.07714748382568,0
68.0903787612915,0
68.09648847579956,0
68.09756278991699,0
68.09758877754211,0
68.09759306907654,0
68.10536885261536,0
68.10542249679565,0
68.1059000492096,0
68.10592722892761,0
68.10711026191711,0
68.1071605682373,0
68.10720682144165,0
68.10940790176392,0
68.10945701599121,0
68.11128807067871,0
68.11131572723389,0
68.11715292930603,0
68.11715698242188,0
68.11719155311584,0
68.13450765609741,0
68.13746237754822,0
68.13749527931213,0
68.13758277893066,0
68.15720629692078,0
68.15725374221802,0
68.15739583969116,0
68.16579604148865,0
68.16584324836731,0
68.16733980178833,0
68.16813945770264,0
68.16818404197693,0
68.16827630996704,0
68.17335391044617,0
68.1733980178833,0
68.17381429672241,0
68.17579221725464,0
68.17774510383606,0
68.17803955078125,0
68.17807602882385,0
68.17943143844604,0
68.18141961097717,0
68.19726943969727,0
68.19730830192566,0
68.20857453346252,0
68.20859742164612,0
68.20860862731934,0
68.20867967605591,0
68.21334314346313,0
68.21334791183472,0
68.21370720863342,0
68.2154815196991,0
68.2155065536499,0
68.21680736541748,0
68.21681928634644,0
68.21682929992676,0
68.21906447410583,0
68.21906566619873,0
68.22141480445862,0
68.22246503829956,0
68.22666430473328,0
68.23269176483154,0
68.23695421218872,0
68.23699736595154,0
68.23699855804443,0
68.2570207118988,0
68.25705742835999,0
68.25707268714905,0
68.2725841999054,0
68.27261662483215,0
68.27266931533813,0
68.27268934249878,0
68.27411937713623,0
68.27417492866516,0
68.2744653224945,0
68.27605247497559,0
68.27609276771545,0
68.27610874176025,0
68.27612209320068,0
68.27746248245239,0
68.27749466896057,0
68.27752685546875,0
68.27820944786072,0
68.27822065353394,0
68.2782461643219,0
68.27945065498352,0
68.28914999961853,0
68.28917908668518,0
68.28991532325745,0
68.28994512557983,0
68.29073023796082,0
68.29137325286865,0
68.29157257080078,0
68.29705715179443,0
68.29705786705017,0
68.29750609397888,0
68.29756736755371,0
68.2976143360138,0
68.30039143562317,0
68.300461769104,0
68.3171317577362,0
68.31717777252197,0
68.3171854019165,0
68.33729386329651,0
68.33761310577393,0
68.33765292167664,0
68.34156584739685,0
68.35788154602051,0
68.35788536071777,0
68.35796594619751,0
68.36724090576172,0
68.36726927757263,0
68.36737775802612,0
68.36740922927856,0
68.3675057888031,0
68.36750936508179,0
68.36755180358887,0
68.3681652545929,0
68.36821150779724,0
68.37451481819153,0
68.37704992294312,0
68.37708115577698,0
68.37710165977478,0
68.39717650413513,0
68.39720249176025,0
68.40838766098022,0
68.40841913223267,0
68.40843200683594,0
68.40847706794739,0
68.40976405143738,0
68.41136598587036,0
68.41139435768127,0
68.41147589683533,0
68.4115674495697,0
68.4126889705658,0
68.41270637512207,0
68.415292263031,0
68.41703295707703,0
68.41703605651855,0
68.41706252098083,0
68.43707728385925,0
68.43708777427673,0
68.43709516525269,0
68.43899989128113,0
68.43922591209412,0
68.43925166130066,0
68.43926334381104,0
68.44272470474243,0
68.44316148757935,0
68.44318222999573,0
68.45695662498474,0
68.45698499679565,0
68.45704197883606,0
68.460693359375,0
68.4625916481018,0
68.47451734542847,0
68.47725796699524,0
68.47728967666626,0
68.4773416519165,0
68.49831461906433,0
68.49833989143372,0
68.49835872650146,0
68.51380324363708,0
68.51383852958679,0
68.51385617256165,0
68.51391005516052,0
68.51618504524231,0
68.51628875732422,0
68.51631140708923,0
68.51701593399048,0
68.51707792282104,0
68.5171263217926,0
68.51831007003784,0
68.51833605766296,0
68.52016186714172,0
68.52021336555481,0
68.53490495681763,0
68.53494501113892,0
68.53496026992798,0
68.53496098518372,0
68.53713512420654,0
68.53727221488953,0
68.53729581832886,0
68.53793835639954,0
68.53825640678406,0
68.5383038520813,0
68.5395679473877,0
68.54251837730408,0
68.54438066482544,0
68.55094313621521,0
68.55117201805115,0
68.55783152580261,0
68.55787825584412,0
68.55789828300476,0
68.56350040435791,0
68.56363320350647,0
68.56370997428894,0
68.56378197669983,0
68.56802272796631,0
68.56851959228516,0
68.56862092018127,0
68.56898832321167,0
68.57779335975647,0
68.57784628868103,0
68.5778980255127,0
68.58443188667297,0
68.58450818061829,0
68.58452844619751,0
68.58466720581055,0
68.58619689941406,0
68.58636498451233,0
68.58654546737671,0
68.59719800949097,0
68.59722948074341,0
68.59724164009094,0
68.61076760292053,0
68.61078143119812,0
68.61110663414001,0
68.6111626625061,0
68.61172819137573,0
68.61174011230469,0
68.61689758300781,0
68.61692428588867,0
68.61698293685913,0
68.63485312461853,0
68.63713359832764,0
68.63717126846313,0
68.63720655441284,0
68.65688061714172,0
68.656911611557,0
68.65692448616028,0
68.66082525253296,0
68.66085243225098,0
68.66086673736572,0
68.66086983680725,0
68.6631510257721,0
68.66317772865295,0
68.66322565078735,0
68.66391396522522,0
68.67431044578552,0
68.67462992668152,0
68.6746575832367,0
68.67470836639404,0
68.67696285247803,0
68.67699241638184,0
68.67700409889221,0
68.6971492767334,0
68.69717907905579,0
68.69719099998474,0
68.70052719116211,0
68.7005398273468,0
68.70057010650635,0
68.70447778701782,0
68.70450472831726,0
68.7148711681366,0
68.71494555473328,0
68.7169349193573,0
68.71696615219116,0
68.71700859069824,0
68.73703455924988,0
68.73707032203674,0
68.73710036277771,0
68.75840735435486,0
68.75845527648926,0
68.7585232257843,0
68.76972270011902,0
68.77779698371887,0
68.77784132957458,0
68.77794075012207,0
68.78050780296326,0
68.78052949905396,0
68.78111863136292,0
68.78115224838257,0
68.78116798400879,0
68.78121423721313,0
68.78719401359558,0
68.78723287582397,0
68.78729915618896,0
68.7974259853363,0
68.79745960235596,0
68.79747343063354,0
68.79883217811584,0
68.79886484146118,0
68.79887557029724,0
68.79888677597046,0
68.79959630966187,0
68.7996256351471,0
68.7996416091919,0
68.80001521110535,0
68.81689119338989,0
68.8169174194336,0
68.81695365905762,0
68.81882786750793,0
68.81883978843689,0
68.81885051727295,0
68.81886053085327,0
68.82127070426941,0
68.82177662849426,0
68.82358431816101,0
68.82363867759705,0
68.8323757648468,0
68.83699083328247,0
68.83701586723328,0
68.83707118034363,0
68.85344004631042,0
68.85370540618896,0
68.85372495651245,0
68.85379886627197,0
68.85681748390198,0
68.85684466362,0
68.85685563087463,0
68.87730503082275,0
68.87733769416809,0
68.87733960151672,0
68.88621664047241,0
68.88668704032898,0
68.88717842102051,0
68.88826584815979,0
68.89193654060364,0
68.89302968978882,0
68.89727878570557,0
68.89797401428223,0
68.89799475669861,0
68.90581583976746,0
68.90583992004395,0
68.90592217445374,0
68.90634942054749,0
68.91053533554077,0
68.91131019592285,0
68.91172695159912,0
68.9117534160614,0
68.91240286827087,0
68.9169270992279,0
68.9169671535492,0
68.91698217391968,0
68.92114567756653,0
68.93707275390625,0
68.9370744228363,0
68.93712496757507,0
68.94145894050598,0
68.94745230674744,0
68.94747138023376,0
68.9487726688385,0
68.94908618927002,0
68.94910740852356,0
68.94912481307983,0
68.95797634124756,0
68.95803046226501,0
68.95812129974365,0
68.9582827091217,0
68.95833277702332,0
68.96034359931946,0
68.97838139533997,0
68.97856283187866,0
68.97871375083923,0
68.9879322052002,0
68.98795509338379,0
68.98965001106262,0
68.99005174636841,0
68.99127221107483,0
68.99173593521118,0
68.99198317527771,0
68.99203586578369,0
68.9920825958252,0
68.99697256088257,0
68.99702382087708,0
68.99703741073608,0
69.00119590759277,0
69.00126075744629,0
69.00415182113647,0
69.00418615341187,0
69.00419974327087,0
69.00421166419983,0
69.00980353355408,0
69.00983238220215,0
69.00984501838684,0
69.01942777633667,0
69.01945471763611,0
69.01949191093445,0
69.03247165679932,0
69.03707122802734,0
69.03709840774536,0
69.03714227676392,0
69.05733036994934,0
69.05734705924988,0
69.05738019943237,0
69.06247806549072,0
69.06253600120544,0
69.06253910064697,0
69.06411361694336,0
69.06411647796631,0
69.06413555145264,0
69.06612014770508,0
69.07731461524963,0
69.07734656333923,0
69.07736134529114,0
69.08485627174377,0
69.08487057685852,0
69.0851845741272,0
69.08522987365723,0
69.08654713630676,0
69.08660674095154,0
69.08712911605835,0
69.08832144737244,0
69.0886595249176,0
69.09436845779419,0
69.0944013595581,0
69.09451818466187,0
69.0954921245575,0
69.09708333015442,0
69.09711241722107,0
69.09713459014893,0
69.11696195602417,0
69.11697721481323,0
69.11719298362732,0
69.13725543022156,0
69.13926672935486,0
69.15109515190125,0
69.1582601070404,0
69.15828514099121,0
69.15830039978027,0
69.15953207015991,0
69.15955018997192,0
69.16083312034607,0
69.16086649894714,0
69.16088652610779,0
69.16089200973511,0
69.16270542144775,0
69.16272282600403,0
69.16273927688599,0
69.16383028030396,0
69.16801166534424,0
69.17345523834229,0
69.17820954322815,0
69.178231716156,0
69.17824602127075,0
69.19771218299866,0
69.19774556159973,0
69.19779300689697,0
69.21091508865356,0
69.21093988418579,0
69.21098685264587,0
69.21188879013062,0
69.21306037902832,0
69.21307110786438,0
69.21307301521301,0
69.21565008163452,0
69.21567821502686,0
69.21701264381409,0
69.2170250415802,0
69.21703600883484,0
69.21704721450806,0
69.21776747703552,0
69.21780490875244,0
69.23693633079529,0
69.2369601726532,0
69.23697090148926,0
69.2424042224884,0
69.24751138687134,0
69.24753499031067,0
69.24754619598389,0
69.2475574016571,0
69.24757885932922,0
69.24787449836731,0
69.24790906906128,0
69.25701689720154,0
69.25704383850098,0
69.25708317756653,0
69.25850486755371,0
69.25852179527283,0
69.25853228569031,0
69.25857019424438,0
69.2599105834961,0
69.25993609428406,0
69.26004576683044,0
69.26067090034485,0
69.27764296531677,0
69.28165316581726,0
69.28169083595276,0
69.28185415267944,0
69.28189134597778,0
69.28192067146301,0
69.2819619178772,0
69.28202199935913,0
69.2820348739624,0
69.28355288505554,0
69.29716205596924,0
69.29719233512878,0
69.29720425605774,0
69.31713676452637,0
69.31717562675476,0
69.31726431846619,0
69.31804084777832,0
69.31808376312256,0
69.31996750831604,0
69.3199872970581,0
69.33708763122559,0
69.33713054656982,0
69.33714890480042,0
69.34195160865784,0
69.34468054771423,0
69.3522355556488,0
69.35731983184814,0
69.35736179351807,0
69.3574845790863,0
69.37773442268372,0
69.3777871131897,0
69.37780833244324,0
69.38859796524048,0
69.38925004005432,0
69.3982584476471,0
69.3983051776886,0
69.3985595703125,0
69.3985767364502,0
69.39858341217041,0
69.39859867095947,0
69.40267825126648,0
69.40411162376404,0
69.40452814102173,0
69.40509128570557,0
69.40831732749939,0
69.41732025146484,0
69.41732954978943,0
69.41736650466919,0
69.41778802871704,0
69.4180839061737,0
69.42129921913147,0
69.42134213447571,0
69.42619776725769,0
69.43754386901855,0
69.43757057189941,0
69.43761253356934,0
69.44845938682556,0
69.44848203659058,0
69.44859385490417,0
69.44860625267029,0
69.45121431350708,0
69.45123100280762,0
69.451247215271,0
69.45191478729248,0
69.453280210495,0
69.45675086975098,0
69.46124601364136,0
69.46132326126099,0
69.46136379241943,0
69.47779655456543,0
69.47782778739929,0
69.47788214683533,0
69.49436926841736,0
69.49439024925232,0
69.49445152282715,0
69.49447178840637,0
69.50251936912537,0
69.50256872177124,0
69.50261068344116,0
69.50265574455261,0
69.50270795822144,0
69.50277853012085,0
69.50281524658203,0
69.50285577774048,0
69.5028989315033,0
69.50293850898743,0
69.50295734405518,0
69.50297689437866,0
69.50299096107483,0
69.50302505493164,0
69.50466704368591,0
69.5047025680542,0
69.50485467910767,0
69.51698994636536,0
69.51702380180359,0
69.51704120635986,0
69.51929092407227,0
69.52385067939758,0
69.5241346359253,0
69.53832173347473,0
69.5383632183075,0
69.5390932559967,0
69.5411024093628,0
69.54298949241638,0
69.5430212020874,0
69.54306411743164,0
69.54733157157898,0
69.54735350608826,0
69.54756808280945,0
69.54760646820068,0
69.5476336479187,0
69.55705165863037,0
69.5571174621582,0
69.55725502967834,0
69.56230902671814,0
69.56853365898132,0
69.56858515739441,0
69.5686023235321,0
69.5686182975769,0
69.57213163375854,0
69.57214975357056,0
69.57216930389404,0
69.57754826545715,0
69.57759237289429,0
69.57766103744507,0
69.5873749256134,0
69.58991980552673,0
69.59950971603394,0
69.59954047203064,0
69.5995523929596,0
69.60233163833618,0
69.60237669944763,0
69.60243010520935,0
69.6029634475708,0
69.6030023097992,0
69.61703419685364,0
69.61706328392029,0
69.61707520484924,0
69.62261939048767,0
69.62266325950623,0
69.62269949913025,0
69.62273740768433,0
69.6227924823761,0
69.62282395362854,0
69.62285876274109,0
69.63079476356506,0
69.63711428642273,0
69.63714218139648,0
69.63715291023254,0
69.65585207939148,0
69.65720963478088,0
69.65723609924316,0
69.65723872184753,0
69.65887117385864,0
69.6588830947876,0
69.65889477729797,0
69.67761707305908,0
69.67765045166016,0
69.67789673805237,0
69.67982077598572,0
69.6798357963562,0
69.67985010147095,0
69.69702458381653,0
69.69705486297607,0
69.6971344947815,0
69.71699237823486,0
69.71699547767639,0
69.71702718734741,0
69.73767852783203,0
69.73791646957397,0
69.73807287216187,0
69.74067211151123,0
69.7408995628357,0
69.74265027046204,0
69.74271774291992,0
69.75702500343323,0
69.75808453559875,0
69.75818157196045,0
69.7586088180542,0
69.7645959854126,0
69.7646632194519,0
69.77747917175293,0
69.77752614021301,0
69.77754664421082,0
69.79520773887634,0
69.79691171646118,0
69.79694938659668,0
69.7969901561737,0
69.79917097091675,0
69.79923868179321,0
69.79929256439209,0
69.79934430122375,0
69.79939460754395,0
69.79944157600403,0
69.80382990837097,0
69.80386662483215,0
69.80387997627258,0
69.80389332771301,0
69.80673694610596,0
69.8073468208313,0
69.80737948417664,0
69.80955719947815,0
69.80957651138306,0
69.81201791763306,0
69.81207346916199,0
69.81566166877747,0
69.81717872619629,0
69.81721091270447,0
69.81722450256348,0
69.82480144500732,0
69.82681512832642,0
69.82687401771545,0
69.82687449455261,0
69.82887935638428,0
69.82890009880066,0
69.82891368865967,0
69.8354606628418,0
69.83709216117859,0
69.83714509010315,0
69.83720541000366,0
69.83845496177673,0
69.85500812530518,0
69.85721921920776,0
69.85725021362305,0
69.85750675201416,0
69.87693643569946,0
69.87698483467102,0
69.87701606750488,0
69.88803768157959,0
69.88814353942871,0
69.88816428184509,0
69.88818311691284,0
69.89164805412292,0
69.89167332649231,0
69.89179372787476,0
69.89358258247375,0
69.89365220069885,0
69.895334482193,0
69.89541125297546,0
69.89657211303711,0
69.89717316627502,0
69.89728832244873,0
69.89730858802795,0
69.90630412101746,0
69.90633511543274,0
69.90717434883118,0
69.90761661529541,0
69.90777349472046,0
69.90781474113464,0
69.90786695480347,0
69.91687250137329,0
69.91689872741699,0
69.91690969467163,0
69.93320417404175,0
69.93717527389526,0
69.93721079826355,0
69.93722462654114,0
69.9575400352478,0
69.95754170417786,0
69.95757055282593,0
69.95758843421936,0
69.95767664909363,0
69.95983386039734,0
69.95987749099731,0
69.95988345146179,0
69.9599096775055,0
69.9776451587677,0
69.9776918888092,0
69.97771334648132,0
69.98397493362427,0
69.98405838012695,0
69.98406887054443,0
69.98837733268738,0
69.98842406272888,0
69.98845100402832,0
69.98869252204895,0
69.99018430709839,0
69.99037146568298,0
69.99060201644897,0
69.99217987060547,0
70.00635409355164,0
70.00638890266418,0
70.00640535354614,0
70.01337242126465,0
70.0133888721466,0
70.01343607902527,0
70.01346826553345,0
70.01773571968079,0
70.01776552200317,0
70.01777744293213,0
70.02026128768921,0
70.02027821540833,0
70.02180624008179,0
70.02184343338013,0
70.02271342277527,0
70.02432799339294,0
70.03098583221436,0
70.03191089630127,0
70.0369508266449,0
70.03697776794434,0
70.03698754310608,0
70.04118847846985,0
70.04669976234436,0
70.04671311378479,0
70.04810762405396,0
70.04816627502441,0
70.0482759475708,0
70.04828786849976,0
70.04832196235657,0
70.05386662483215,0
70.05721735954285,0
70.0572452545166,0
70.05725884437561,0
70.077157497406,0
70.07719659805298,0
70.0772340297699,0
70.08198189735413,0
70.08201050758362,0
70.08239960670471,0
70.08242917060852,0
70.08487391471863,0
70.08489298820496,0
70.0849437713623,0
70.08726620674133,0
70.08728694915771,0
70.09026432037354,0
70.0902829170227,0
70.09831619262695,0
70.0983498096466,0
70.09836435317993,0
70.11700916290283,0
70.11703896522522,0
70.11705613136292,0
70.12321186065674,0
70.12511277198792,0
70.12592053413391,0
70.13708281517029,0
70.13709855079651,0
70.13715672492981,0
70.14396119117737,0
70.14416456222534,0
70.14532160758972,0
70.145352602005,0
70.14560127258301,0
70.14564061164856,0
70.14717483520508,0
70.14719414710999,0
70.14721345901489,0
70.15736985206604,0
70.15741229057312,0
70.15743136405945,0
70.17770886421204,0
70.17775964736938,0
70.1778712272644,0
70.19169569015503,0
70.19710302352905,0
70.1971333026886,0
70.19722437858582,0
70.20278668403625,0
70.20281457901001,0
70.20300340652466,0
70.20302414894104,0
70.20839285850525,0
70.20842051506042,0
70.20843982696533,0
70.2093288898468,0
70.20935320854187,0
70.21543669700623,0
70.21551775932312,0
70.2183747291565,0
70.21840357780457,0
70.21859002113342,0
70.22178149223328,0
70.23323369026184,0
70.23325729370117,0
70.23326635360718,0
70.23503708839417,0
70.23506212234497,0
70.23514342308044,0
70.23695683479309,0
70.23695850372314,0
70.23698616027832,0
70.25381827354431,0
70.25767064094543,0
70.25767421722412,0
70.25837230682373,0
70.2769467830658,0
70.2769558429718,0
70.27698469161987,0
70.28268766403198,0
70.28270554542542,0
70.28271842002869,0
70.28283452987671,0
70.28513669967651,0
70.28519105911255,0
70.28521251678467,0
70.29708123207092,0
70.29713487625122,0
70.2972776889801,0
70.30159282684326,0
70.31712055206299,0
70.31715250015259,0
70.3171648979187,0
70.33766913414001,0
70.33770775794983,0
70.33777070045471,0
70.35085153579712,0
70.35097169876099,0
70.35275506973267,0
70.35279774665833,0
70.35480690002441,0
70.35486197471619,0
70.35665988922119,0
70.3577790260315,0
70.35781741142273,0
70.35787463188171,0
70.36590671539307,0
70.3665509223938,0
70.36754560470581,0
70.36759448051453,0
70.37134027481079,0
70.37138605117798,0
70.37140941619873,0
70.37508606910706,0
70.37731671333313,0
70.37735533714294,0
70.3774061203003,0
70.39140248298645,0
70.39143252372742,0
70.39176630973816,0
70.39179730415344,0
70.39801025390625,0
70.39807415008545,0
70.40057349205017,0
70.40097546577454,0
70.4010443687439,0
70.40966081619263,0
70.40973019599915,0
70.409747838974,0
70.4098072052002,0
70.40982437133789,0
70.41025471687317,0
70.41042065620422,0
70.41044235229492,0
70.41044569015503,0
70.4168553352356,0
70.41699051856995,0
70.4170081615448,0
70.4173936843872,0
70.41990923881531,0
70.42002773284912,0
70.42004227638245,0
70.42098450660706,0
70.42235589027405,0
70.42245435714722,0
70.42290496826172,0
70.4337830543518,0
70.43381547927856,0
70.43382048606873,0
70.43382620811462,0
70.43767857551575,0
70.43769121170044,0
70.43778347969055,0
70.4385118484497,0
70.43854188919067,0
70.4386191368103,0
70.45175695419312,0
70.45730924606323,0
70.4573450088501,0
70.45735621452332,0
70.47688555717468,0
70.4769229888916,0
70.47929406166077,0
70.47973990440369,0
70.47975564002991,0
70.47976517677307,0
70.4829580783844,0
70.48297691345215,0
70.48352766036987,0
70.49734282493591,0
70.49763178825378,0
70.49790263175964,0
70.51066756248474,0
70.51246976852417,0
70.51348924636841,0
70.51352334022522,0
70.51570081710815,0
70.5159752368927,0
70.51967358589172,0
70.51970338821411,0
70.51974987983704,0
70.51978707313538,0
70.52405977249146,0
70.52409839630127,0
70.52547931671143,0
70.5255115032196,0
70.52555775642395,0
70.52557802200317,0
70.53237438201904,0
70.53256964683533,0
70.53344583511353,0
70.53702926635742,0
70.53706479072571,0
70.5374391078949,0
70.55209875106812,0
70.55764150619507,0
70.5576503276825,0
70.55772399902344,0
70.576247215271,0
70.5763030052185,0
70.57677865028381,0
70.5768313407898,0
70.58165287971497,0
70.58167695999146,0
70.581702709198,0
70.59795570373535,0
70.59829497337341,0
70.59842419624329,0
70.60644292831421,0
70.60647940635681,0
70.60963582992554,0
70.6139874458313,0
70.61402106285095,0
70.6144905090332,0
70.6145567893982,0
70.61719751358032,0
70.61723637580872,0
70.61725497245789,0
70.62139987945557,0
70.62819528579712,0
70.62942576408386,0
70.63005328178406,0
70.63008427619934,0
70.63106441497803,0
70.63109517097473,0
70.63175177574158,0
70.63684487342834,0
70.63687086105347,0
70.63688254356384,0
70.65719532966614,0
70.65724110603333,0
70.65739274024963,0
70.66465544700623,0
70.67188167572021,0
70.67194485664368,0
70.67201638221741,0
70.67204189300537,0
70.674631357193,0
70.67465090751648,0
70.67506980895996,0
70.67866706848145,0
70.67870903015137,0
70.67872476577759,0
70.68069696426392,0
70.68070340156555,0
70.68071413040161,0
70.68071627616882,0
70.68174910545349,0
70.6817774772644,0
70.68179106712341,0
70.69710636138916,0
70.69714689254761,0
70.69730424880981,0
70.70434951782227,0
70.70439147949219,0
70.70682430267334,0
70.70684576034546,0
70.70774531364441,0
70.71714043617249,0
70.71749758720398,0
70.71751642227173,0
70.72303628921509,0
70.72304272651672,0
70.7241358757019,0
70.72416377067566,0
70.7241849899292,0
70.72422289848328,0
70.7280011177063,0
70.72811222076416,0
70.72812032699585,0
70.73811626434326,0
70.73823022842407,0
70.73824524879456,0
70.75712990760803,0
70.75713562965393,0
70.7571747303009,0
70.7772650718689,0
70.7773175239563,0
70.77772569656372,0
70.78316712379456,0
70.78961515426636,0
70.789626121521,0
70.7900378704071,0
70.79011178016663,0
70.7960684299469,0
70.79608488082886,0
70.79624915122986,0
70.79738426208496,0
70.79850149154663,0
70.79854083061218,0
70.8176200389862,0
70.8176531791687,0
70.8177421092987,0
70.82717943191528,0
70.82721185684204,0
70.82830095291138,0
70.82835245132446,0
70.82906079292297,0
70.83701944351196,0
70.83704614639282,0
70.8371307849884,0
70.8569917678833,0
70.85702157020569,0
70.85706758499146,0
70.8697304725647,0
70.8697555065155,0
70.86975646018982,0
70.86976838111877,0
70.87358546257019,0
70.87362122535706,0
70.87363290786743,0
70.87369298934937,0
70.87541437149048,0
70.87718892097473,0
70.8772656917572,0
70.87728071212769,0
70.87729096412659,0
70.89486718177795,0
70.89690947532654,0
70.89692401885986,0
70.89694023132324,0
70.89854288101196,0
70.8997700214386,0
70.89980125427246,0
70.9012176990509,0
70.90157699584961,0
70.90416812896729,0
70.91744875907898,0
70.91748976707458,0
70.91750454902649,0
70.93264746665955,0
70.93271780014038,0
70.93402814865112,0
70.93612241744995,0
70.9361310005188,0
70.93616223335266,0
70.93732738494873,0
70.93736600875854,0
70.93738150596619,0
70.93847990036011,0
70.93850231170654,0
70.93857622146606,0
70.939866065979,0
70.93990421295166,0
70.93991780281067,0
70.94019484519958,0
70.94163370132446,0
70.94166684150696,0
70.94180154800415,0
70.94253134727478,0
70.95880508422852,0
70.95894622802734,0
70.95896768569946,0
70.9590356349945,0
70.96000528335571,0
70.96004104614258,0
70.96006488800049,0
70.96196842193604,0
70.96206331253052,0
70.96223258972168,0
70.97047638893127,0
70.97172999382019,0
70.97785568237305,0
70.97788906097412,0
70.9779405593872,0
70.99811363220215,0
70.99816918373108,0
70.99818396568298,0
71.00314402580261,0
71.00344276428223,0
71.00609016418457,0
71.0064070224762,0
71.00925946235657,0
71.01696467399597,0
71.0169665813446,0
71.01697182655334,0
71.02274560928345,0
71.02277255058289,0
71.02291488647461,0
71.02292394638062,0
71.02557444572449,0
71.02559041976929,0
71.02563953399658,0
71.03161907196045,0
71.03844499588013,0
71.03847527503967,0
71.03848648071289,0
71.05752038955688,0
71.05754923820496,0
71.05758452415466,0
71.05843591690063,0
71.05845499038696,0
71.05847096443176,0
71.05850410461426,0
71.05946922302246,0
71.05962491035461,0
71.05964422225952,0
71.07269215583801,0
71.07271409034729,0
71.07691693305969,0
71.07694935798645,0
71.07696342468262,0
71.09111666679382,0
71.09118676185608,0
71.09704327583313,0
71.09708070755005,0
71.09711337089539,0
71.11724424362183,0
71.1174726486206,0
71.11749482154846,0
71.12256717681885,0
71.1293113231659,0
71.12957501411438,0
71.13737225532532,0
71.1374933719635,0
71.13849401473999,0
71.1516785621643,0
71.15169382095337,0
71.15174531936646,0
71.15175819396973,0
71.15198183059692,0
71.15204215049744,0
71.15209937095642,0
71.15457892417908,0
71.1585943698883,0
71.1586606502533,0
71.15894532203674,0
71.15918135643005,0
71.1777400970459,0
71.17779088020325,0
71.17975449562073,0
71.18931984901428,0
71.1974093914032,0
71.19756007194519,0
71.19758009910583,0
71.20166301727295,0
71.20183086395264,0
71.20185136795044,0
71.2018711566925,0
71.2018871307373,0
71.20199346542358,0
71.20201563835144,0
71.20518016815186,0
71.20521998405457,0
71.20524168014526,0
71.20536279678345,0
71.21293330192566,0
71.21299386024475,0
71.21410703659058,0
71.21425104141235,0
71.21526408195496,0
71.21682834625244,0
71.21689891815186,0
71.21691584587097,0
71.21695184707642,0
71.2179172039032,0
71.21796417236328,0
71.21959972381592,0
71.22844862937927,0
71.22871279716492,0
71.2288966178894,0
71.2289171218872,0
71.2350287437439,0
71.23540902137756,0
71.23572301864624,0
71.23695278167725,0
71.23698115348816,0
71.23698258399963,0
71.25481486320496,0
71.25695371627808,0
71.2569797039032,0
71.25701141357422,0
71.27679753303528,0
71.27683687210083,0
71.27686643600464,0
71.29699182510376,0
71.29702734947205,0
71.29711866378784,0
71.30367255210876,0
71.30506944656372,0
71.30654454231262,0
71.30672836303711,0
71.30677103996277,0
71.30706477165222,0
71.30710172653198,0
71.30804204940796,0
71.30807828903198,0
71.3096809387207,0
71.30975556373596,0
71.3175458908081,0
71.31767868995667,0
71.31769609451294,0
71.31770968437195,0
71.33707022666931,0
71.33710718154907,0
71.3371787071228,0
71.35174250602722,0
71.35184264183044,0
71.35419750213623,0
71.35459065437317,0
71.35461163520813,0
71.35464119911194,0
71.35760426521301,0
71.35780096054077,0
71.35782551765442,0
71.35784935951233,0
71.35845947265625,0
71.35856413841248,0
71.35984444618225,0
71.36090040206909,0
71.36718988418579,0
71.37730550765991,0
71.3783016204834,0
71.37913131713867,0
71.3958990573883,0
71.39637780189514,0
71.39640974998474,0
71.39733290672302,0
71.39734530448914,0
71.3973650932312,0
71.39736580848694,0
71.40074419975281,0
71.40084528923035,0
71.40205931663513,0
71.40314745903015,0
71.40317940711975,0
71.4039556980133,0
71.40406537055969,0
71.40424275398254,0
71.41351795196533,0
71.41354846954346,0
71.41356158256531,0
71.41357445716858,0
71.41360139846802,0
71.41758012771606,0
71.41770482063293,0
71.41797161102295,0
71.41798567771912,0
71.4179961681366,0
71.41802835464478,0
71.41807532310486,0
71.41809010505676,0
71.41817665100098,0
71.41820168495178,0
71.41901516914368,0
71.41904425621033,0
71.42127418518066,0
71.4249153137207,0
71.42493009567261,0
71.43715190887451,0
71.43718004226685,0
71.43719053268433,0
71.4485228061676,0
71.44997477531433,0
71.4505705833435,0
71.45057344436646,0
71.45187449455261,0
71.45192432403564,0
71.45195150375366,0
71.45197772979736,0
71.45300889015198,0
71.45718622207642,0
71.45718765258789,0
71.4572343826294,0
71.47684073448181,0
71.47689270973206,0
71.47696614265442,0
71.48164439201355,0
71.49735999107361,0
71.49750852584839,0
71.49759721755981,0
71.51046538352966,0
71.51048421859741,0
71.51048493385315,0
71.510502576828,0
71.51051664352417,0
71.51063346862793,0
71.51065373420715,0
71.51078033447266,0
71.51082921028137,0
71.51463007926941,0
71.51467084884644,0
71.51471328735352,0
71.51710557937622,0
71.51715278625488,0
71.51717233657837,0
71.53721404075623,0
71.53724908828735,0
71.53726696968079,0
71.55183053016663,0
71.55204176902771,0
71.5531394481659,0
71.55317378044128,0
71.55374479293823,0
71.55378031730652,0
71.55545711517334,0
71.55547547340393,0
71.5561888217926,0
71.5562834739685,0
71.55705070495605,0
71.55711507797241,0
71.55717945098877,0
71.56012964248657,0
71.57657599449158,0
71.57825779914856,0
71.57830452919006,0
71.57840728759766,0
71.58323788642883,0
71.58718705177307,0
71.58723449707031,0
71.58757948875427,0
71.59728407859802,0
71.59732747077942,0
71.59734988212585,0
71.59941911697388,0
71.59951663017273,0
71.5995717048645,0
71.6007080078125,0
71.60076212882996,0
71.61610770225525,0
71.6161425113678,0
71.6170814037323,0
71.61720442771912,0
71.61722207069397,0
71.61802816390991,0
71.63739061355591,0
71.63741612434387,0
71.63742661476135,0
71.64454174041748,0
71.64457106590271,0
71.64458346366882,0
71.6446385383606,0
71.64737939834595,0
71.64780449867249,0
71.64783334732056,0
71.65234303474426,0
71.65235805511475,0
71.6523699760437,0
71.65239715576172,0
71.65779256820679,0
71.65781831741333,0
71.6578278541565,0
71.6578540802002,0
71.65828347206116,0
71.65830993652344,0
71.6631429195404,0
71.67692136764526,0
71.67711782455444,0
71.67729210853577,0
71.68660879135132,0
71.68663835525513,0
71.68665146827698,0
71.68670272827148,0
71.68802452087402,0
71.68803596496582,0
71.68803977966309,0
71.68935775756836,0
71.68977808952332,0
71.6908929347992,0
71.69093537330627,0
71.69175791740417,0
71.69447565078735,0
71.69694805145264,0
71.69697833061218,0
71.69698929786682,0
71.71722102165222,0
71.71725654602051,0
71.7174277305603,0
71.73359704017639,0
71.73730611801147,0
71.73731517791748,0
71.73732590675354,0
71.75294899940491,0
71.75338935852051,0
71.75567603111267,0
71.75571131706238,0
71.75573015213013,0
71.7558445930481,0
71.7594268321991,0
71.75946712493896,0
71.75956058502197,0
71.77792882919312,0
71.77797436714172,0
71.77799558639526,0
71.79797649383545,0
71.79803586006165,0
71.79805827140808,0
71.79814338684082,0
71.79820728302002,0
71.79826831817627,0
71.80018663406372,0
71.81477165222168,0
71.81733059883118,0
71.81736254692078,0
71.81745219230652,0
71.83707857131958,0
71.83710861206055,0
71.83714866638184,0
71.84652352333069,0
71.84779572486877,0
71.84812927246094,0
71.84903931617737,0
71.84906435012817,0
71.84972095489502,0
71.85710978507996,0
71.85718894004822,0
71.8575541973114,0
71.8621518611908,0
71.86216449737549,0
71.86217665672302,0
71.86232233047485,0
71.8633348941803,0
71.86337399482727,0
71.86340737342834,0
71.86544179916382,0
71.87683892250061,0
71.87690091133118,0
71.8769142627716,0
71.88310670852661,0
71.88312578201294,0
71.88313317298889,0
71.88314580917358,0
71.88411068916321,0
71.88426160812378,0
71.88428902626038,0
71.88581228256226,0
71.8858392238617,0
71.88739037513733,0
71.88742160797119,0
71.89214825630188,0
71.89712262153625,0
71.89715528488159,0
71.8973491191864,0
71.91770911216736,0
71.91776871681213,0
71.9177896976471,0
71.93542981147766,0
71.93549966812134,0
71.93745517730713,0
71.93820524215698,0
71.93823719024658,0
71.9382951259613,0
71.9383397102356,0
71.93838047981262,0
71.93841934204102,0
71.94184637069702,0
71.94189214706421,0
71.94191312789917,0
71.94879460334778,0
71.95710778236389,0
71.95771813392639,0
71.95775628089905,0
71.97238302230835,0
71.97404789924622,0
71.97577285766602,0
71.97585844993591,0
71.97739267349243,0
71.97748136520386,0
71.97760725021362,0
71.97767949104309,0
71.97772026062012,0
71.9777660369873,0
71.97988224029541,0
71.98529005050659,0
71.98558354377747,0
71.98699283599854,0
71.98725581169128,0
71.9973795413971,0
71.99740600585938,0
71.99769139289856,0
72.0134584903717,0
72.02359557151794,0
72.02362513542175,0
72.02367782592773,0
72.03215312957764,0
72.0330445766449,0
72.03318738937378,0
72.03322958946228,0
72.0371515750885,0
72.03732228279114,0
72.03757929801941,0
72.05651116371155,0
72.05653691291809,0
72.05655145645142,0
72.05702018737793,0
72.05704712867737,0
72.05705857276917,0
72.05786156654358,0
72.07354426383972,0
72.07356905937195,0
72.07364892959595,0
72.0736665725708,0
72.07686185836792,0
72.07688593864441,0
72.07690072059631,0
72.09697151184082,0
72.09700393676758,0
72.09702324867249,0
72.1012351512909,0
72.1012704372406,0
72.10303950309753,0
72.10310125350952,0
72.10384225845337,0
72.11852097511292,0
72.11852741241455,0
72.1185667514801,0
72.12222695350647,0
72.12225651741028,0
72.12461757659912,0
72.12465524673462,0
72.12477612495422,0
72.12479758262634,0
72.13716435432434,0
72.13721346855164,0
72.13754224777222,0
72.14348983764648,0
72.14357304573059,0
72.14363646507263,0
72.14620041847229,0
72.14623475074768,0
72.14646458625793,0
72.14650511741638,0
72.14793872833252,0
72.14795923233032,0
72.14797306060791,0
72.14839887619019,0
72.15706539154053,0
72.15710377693176,0
72.15711951255798,0
72.1715669631958,0
72.1716091632843,0
72.17167234420776,0
72.17174553871155,0
72.17213773727417,0
72.17215275764465,0
72.17216563224792,0
72.17385268211365,0
72.176353931427,0
72.17720150947571,0
72.17722344398499,0
72.17724108695984,0
72.19420433044434,0
72.19559836387634,0
72.19711208343506,0
72.1971435546875,0
72.19715762138367,0
72.19764995574951,0
72.19768524169922,0
72.19891214370728,0
72.19925260543823,0
72.20270228385925,0
72.20419096946716,0
72.22231245040894,0
72.22234272956848,0
72.22235679626465,0
72.23101210594177,0
72.23131895065308,0
72.23150110244751,0
72.23172497749329,0
72.23175144195557,0
72.23194861412048,0
72.23268866539001,0
72.23734903335571,0
72.237375497818,0
72.23740863800049,0
72.23873829841614,0
72.254075050354,0
72.25454354286194,0
72.25456643104553,0
72.25467443466187,0
72.25781559944153,0
72.25784420967102,0
72.25787448883057,0
72.27270221710205,0
72.272794008255,0
72.27281785011292,0
72.27708530426025,0
72.27716493606567,0
72.27722549438477,0
72.29709649085999,0
72.29716062545776,0
72.297199010849,0
72.30351519584656,0
72.30357909202576,0
72.30429863929749,0
72.30436396598816,0
72.30535078048706,0
72.31750082969666,0
72.31752896308899,0
72.31755423545837,0
72.33356595039368,0
72.33357548713684,0
72.3374035358429,0
72.337406873703,0
72.33744049072266,0
72.33793377876282,0
72.33796405792236,0
72.33800792694092,0
72.338059425354,0
72.34124422073364,0
72.3415150642395,0
72.3417010307312,0
72.34274649620056,0
72.34466814994812,0
72.35823464393616,0
72.35827994346619,0
72.35837316513062,0
72.37730956077576,0
72.37735629081726,0
72.37738561630249,0
72.39840984344482,0
72.39845371246338,0
72.39847183227539,0
72.4046893119812,0
72.41716194152832,0
72.41719889640808,0
72.41727185249329,0
72.42844581604004,0
72.42847394943237,0
72.42848682403564,0
72.42875242233276,0
72.43397545814514,0
72.43400406837463,0
72.43403124809265,0
72.43951225280762,0
72.4395432472229,0
72.43957805633545,0
72.44104361534119,0
72.44105744361877,0
72.44106721878052,0
72.44109678268433,0
72.44367027282715,0
72.44367051124573,0
72.44369745254517,0
72.44601845741272,0
72.44603204727173,0
72.44800543785095,0
72.44801807403564,0
72.45089364051819,0
72.4573028087616,0
72.45732831954956,0
72.45736002922058,0
72.46816062927246,0
72.4711582660675,0
72.47118401527405,0
72.47122836112976,0
72.47131156921387,0
72.47132587432861,0
72.47137689590454,0
72.47177505493164,0
72.47207069396973,0
72.47688126564026,0
72.47690868377686,0
72.47710514068604,0
72.48200678825378,0
72.48317861557007,0
72.48320627212524,0
72.48930597305298,0
72.48936772346497,0
72.49695491790771,0
72.49698686599731,0
72.4970006942749,0
72.51719784736633,0
72.51724433898926,0
72.51726365089417,0
72.52271962165833,0
72.5306224822998,0
72.53065133094788,0
72.53321099281311,0
72.53321266174316,0
72.53323864936829,0
72.53325939178467,0
72.53830361366272,0
72.53833818435669,0
72.53838038444519,0
72.5420651435852,0
72.5420970916748,0
72.54216384887695,0
72.54394292831421,0
72.5448579788208,0
72.54594421386719,0
72.5570936203003,0
72.55711269378662,0
72.55717658996582,0
72.56211996078491,0
72.5622296333313,0
72.5622775554657,0
72.56230425834656,0
72.5624189376831,0
72.56246519088745,0
72.56259322166443,0
72.57709240913391,0
72.57712936401367,0
72.57718658447266,0
72.57929682731628,0
72.57933378219604,0
72.5812509059906,0
72.58128309249878,0
72.58254384994507,0
72.59432768821716,0
72.5948007106781,0
72.59485602378845,0
72.5949068069458,0
72.59704995155334,0
72.5972671508789,0
72.5975570678711,0
72.61711144447327,0
72.6171395778656,0
72.61715078353882,0
72.63068056106567,0
72.63070917129517,0
72.63167667388916,0
72.63169026374817,0
72.63170313835144,0
72.631751537323,0
72.63176369667053,0
72.63310861587524,0
72.63324332237244,0
72.6332619190216,0
72.6332836151123,0
72.63690567016602,0
72.63693618774414,0
72.63819622993469,0
72.63820695877075,0
72.63964247703552,0
72.63968849182129,0
72.65729355812073,0
72.65796971321106,0
72.65798568725586,0
72.65802693367004,0
72.6587438583374,0
72.65892696380615,0
72.67691779136658,0
72.67694592475891,0
72.6769814491272,0
72.68737077713013,0
72.6909990310669,0
72.6928961277008,0
72.69293165206909,0
72.69293355941772,0
72.69424510002136,0
72.69426798820496,0
72.69495368003845,0
72.69506883621216,0
72.69509696960449,0
72.69767308235168,0
72.69770193099976,0
72.69770455360413,0
72.6980562210083,0
72.6981053352356,0
72.71701121330261,0
72.7170717716217,0
72.71709108352661,0
72.73701977729797,0
72.73705840110779,0
72.7371551990509,0
72.74542498588562,0
72.7509834766388,0
72.75107932090759,0
72.75247478485107,0
72.7549238204956,0
72.7549774646759,0
72.75499868392944,0
72.75686478614807,0
72.75688242912292,0
72.75694394111633,0
72.75872349739075,0
72.75890755653381,0
72.75893950462341,0
72.75924038887024,0
72.76185536384583,0
72.77406430244446,0
72.77728581428528,0
72.77733898162842,0
72.77734327316284,0
72.79794907569885,0
72.79799628257751,0
72.7981162071228,0
72.79972457885742,0
72.79976320266724,0
72.79978203773499,0
72.79982852935791,0
72.80417919158936,0
72.80421829223633,0
72.8051393032074,0
72.81784796714783,0
72.81788897514343,0
72.81793308258057,0
72.8351001739502,0
72.83512496948242,0
72.83561539649963,0
72.83563780784607,0
72.8356728553772,0
72.83602404594421,0
72.83707427978516,0
72.83710265159607,0
72.83715534210205,0
72.84751009941101,0
72.8518419265747,0
72.85188007354736,0
72.85189700126648,0
72.85191059112549,0
72.85385322570801,0
72.85387372970581,0
72.85388922691345,0
72.8559160232544,0
72.85591650009155,0
72.85592579841614,0
72.85594630241394,0
72.85743927955627,0
72.85746765136719,0
72.85751056671143,0
72.85753631591797,0
72.85844945907593,0
72.87722873687744,0
72.87725758552551,0
72.87731528282166,0
72.8876359462738,0
72.89294123649597,0
72.89297366142273,0
72.89449095726013,0
72.89450550079346,0
72.89486861228943,0
72.89642405509949,0
72.89966750144958,0
72.89972949028015,0
72.89980101585388,0
72.89987230300903,0
72.89988875389099,0
72.90124607086182,0
72.90128540992737,0
72.90130138397217,0
72.91692018508911,0
72.91695165634155,0
72.916987657547,0
72.93696403503418,0
72.93699669837952,0
72.9385597705841,0
72.951167345047,0
72.95713782310486,0
72.95714926719666,0
72.95722937583923,0
72.97734880447388,0
72.97739624977112,0
72.97742986679077,0
72.9867012500763,0
72.98731756210327,0
72.99076771736145,0
72.9935097694397,0
72.99354767799377,0
72.99355912208557,0
72.99357581138611,0
72.9937334060669,0
72.99547910690308,0
72.99553108215332,0
72.99720430374146,0
72.99725532531738,0
72.99752259254456,0
73.00339889526367,0
73.00342416763306,0
73.00647759437561,0
73.00678515434265,0
73.0082676410675,0
73.00833296775818,0
73.01345825195312,0
73.01765298843384,0
73.01768493652344,0
73.01774072647095,0
73.04299831390381,0
73.04308891296387,0
73.04310369491577,0
73.04638051986694,0
73.04640412330627,0
73.04664635658264,0
73.04672265052795,0
73.04846811294556,0
73.04893040657043,0
73.04928374290466,0
73.04992890357971,0
73.05139183998108,0
73.05713701248169,0
73.0571699142456,0
73.05720925331116,0
73.06479620933533,0
73.06768345832825,0
73.07262539863586,0
73.07712411880493,0
73.07724857330322,0
73.07726788520813,0
73.09697794914246,0
73.09701037406921,0
73.09701132774353,0
73.10908651351929,0
73.10925960540771,0
73.10943531990051,0
73.10946726799011,0
73.11221575737,0
73.11225414276123,0
73.11264204978943,0
73.11358642578125,0
73.11358904838562,0
73.11558246612549,0
73.11563992500305,0
73.11690998077393,0
73.11694002151489,0
73.11694979667664,0
73.11983585357666,0
73.12004351615906,0
73.12007641792297,0
73.12011814117432,0
73.12175846099854,0
73.12211155891418,0
73.12244844436646,0
73.12593412399292,0
73.13692569732666,0
73.13695168495178,0
73.13707661628723,0
73.1421070098877,0
73.14222359657288,0
73.14321398735046,0
73.14338612556458,0
73.14340353012085,0
73.14347815513611,0
73.1460165977478,0
73.14607167243958,0
73.1462914943695,0
73.153813123703,0
73.15707087516785,0
73.15717649459839,0
73.15729236602783,0
73.17718887329102,0
73.1772632598877,0
73.1899299621582,0
73.18998074531555,0
73.18998384475708,0
73.19031763076782,0
73.19301056861877,0
73.19303131103516,0
73.19334244728088,0
73.19743514060974,0
73.19747400283813,0
73.19755268096924,0
73.20024991035461,0
73.2004599571228,0
73.20272421836853,0
73.20279598236084,0
73.20281457901001,0
73.21112847328186,0
73.21700429916382,0
73.2170205116272,0
73.21703219413757,0
73.23802852630615,0
73.23811078071594,0
73.23826241493225,0
73.24247908592224,0
73.24250817298889,0
73.24252200126648,0
73.24256563186646,0
73.24494099617004,0
73.24496412277222,0
73.24496650695801,0
73.25086283683777,0
73.25140309333801,0
73.25758457183838,0
73.25768160820007,0
73.25769758224487,0
73.27743411064148,0
73.27746319770813,0
73.27746415138245,0
73.29703545570374,0
73.29707026481628,0
73.29739093780518,0
73.30198669433594,0
73.31472444534302,0
73.31474375724792,0
73.31482791900635,0
73.31487822532654,0
73.31493616104126,0
73.31498765945435,0
73.31702303886414,0
73.31704807281494,0
73.31709146499634,0
73.33214831352234,0
73.3323802947998,0
73.33252024650574,0
73.3338713645935,0
73.33408856391907,0
73.33580732345581,0
73.3358268737793,0
73.33790040016174,0
73.33793306350708,0
73.3379693031311,0
73.3380925655365,0
73.33929896354675,0
73.34394764900208,0
73.35714292526245,0
73.35716557502747,0
73.35718274116516,0
73.35999464988708,0
73.36003947257996,0
73.36035418510437,0
73.36064004898071,0
73.36389946937561,0
73.36392283439636,0
73.36399292945862,0
73.3774266242981,0
73.3774745464325,0
73.37748718261719,0
73.38103103637695,0
73.38108158111572,0
73.38110852241516,0
73.38119912147522,0
73.38408780097961,0
73.38481760025024,0
73.38484764099121,0
73.3849527835846,0
73.39751720428467,0
73.3975567817688,0
73.39782738685608,0
73.40839767456055,0
73.41098499298096,0
73.41101908683777,0
73.41107153892517,0
73.41195225715637,0
73.41200375556946,0
73.41224384307861,0
73.41277551651001,0
73.41281032562256,0
73.41330528259277,0
73.41335844993591,0
73.41722512245178,0
73.4172613620758,0
73.41728091239929,0
73.4283537864685,0
73.42881441116333,0
73.43751263618469,0
73.43754625320435,0
73.43755888938904,0
73.43854236602783,0
73.44523024559021,0
73.44523930549622,0
73.44570708274841,0
73.44573187828064,0
73.45125675201416,0
73.4512825012207,0
73.45132756233215,0
73.45785593986511,0
73.45789408683777,0
73.45819854736328,0
73.47683548927307,0
73.47686195373535,0
73.47687435150146,0
73.48186755180359,0
73.4867959022522,0
73.48682260513306,0
73.48683643341064,0
73.4868495464325,0
73.48976540565491,0
73.48979353904724,0
73.48981761932373,0
73.49578666687012,0
73.49604082107544,0
73.49704504013062,0
73.4970772266388,0
73.49709010124207,0
73.4982397556305,0
73.4982738494873,0
73.51703095436096,0
73.51706886291504,0
73.51708436012268,0
73.53909826278687,0
73.53934144973755,0
73.53937339782715,0
73.55208373069763,0
73.55707240104675,0
73.55707383155823,0
73.5571117401123,0
73.57730865478516,0
73.57763481140137,0
73.58853721618652,0
73.5891375541687,0
73.59180283546448,0
73.591956615448,0
73.5919840335846,0
73.59628081321716,0
73.59702801704407,0
73.59705352783203,0
73.59716296195984,0
73.59763288497925,0
73.59767174720764,0
73.59768390655518,0
73.5992419719696,0
73.605553150177,0
73.60557699203491,0
73.60753464698792,0
73.60760712623596,0
73.61705183982849,0
73.61707878112793,0
73.61741352081299,0
73.62209057807922,0
73.6221604347229,0
73.62220454216003,0
73.62222599983215,0
73.62353324890137,0
73.62399125099182,0
73.62401843070984,0
73.6303915977478,0
73.63715052604675,0
73.63717651367188,0
73.63718819618225,0
73.64083099365234,0
73.64085555076599,0
73.64086699485779,0
73.64087963104248,0
73.64104461669922,0
73.64105892181396,0
73.64107203483582,0
73.65455746650696,0
73.65707850456238,0
73.6571056842804,0
73.65714883804321,0
73.67894458770752,0
73.67973113059998,0
73.6797661781311,0
73.68286657333374,0
73.68289637565613,0
73.68296885490417,0
73.683269739151,0
73.68606758117676,0
73.68645095825195,0
73.6864881515503,0
73.69722485542297,0
73.69725298881531,0
73.69731497764587,0
73.70470404624939,0
73.70481634140015,0
73.70918655395508,0
73.70943260192871,0
73.71098184585571,0
73.71240639686584,0
73.71533727645874,0
73.71710276603699,0
73.7171425819397,0
73.7171585559845,0
73.73719263076782,0
73.73724389076233,0
73.73725152015686,0
73.7372682094574,0
73.73737168312073,0
73.7401442527771,0
73.74035024642944,0
73.74055910110474,0
73.74068212509155,0
73.7519416809082,0
73.75196528434753,0
73.75198578834534,0
73.75718927383423,0
73.75719046592712,0
73.75723171234131,0
73.77748227119446,0
73.77752780914307,0
73.77757382392883,0
73.79223942756653,0
73.79985618591309,0
73.7998960018158,0
73.80060863494873,0
73.81771898269653,0
73.81774806976318,0
73.81800603866577,0
73.8239209651947,0
73.82393717765808,0
73.82399010658264,0
73.8268711566925,0
73.82688474655151,0
73.82689595222473,0
73.82690238952637,0
73.82700824737549,0
73.8274917602539,0
73.83732295036316,0
73.83735513687134,0
73.83795976638794,0
73.84621691703796,0
73.84626126289368,0
73.84763550758362,0
73.84937858581543,0
73.85260844230652,0
73.85724139213562,0
73.85724329948425,0
73.85726737976074,0
73.86295986175537,0
73.86299443244934,0
73.8630063533783,0
73.86301755905151,0
73.86474990844727,0
73.8649275302887,0
73.8649492263794,0
73.8738968372345,0
73.87392520904541,0
73.87420535087585,0
73.87422728538513,0
73.87513971328735,0
73.87516498565674,0
73.87527084350586,0
73.87683010101318,0
73.8768560886383,0
73.87686920166016,0
73.89697647094727,0
73.89705204963684,0
73.89706707000732,0
73.91060209274292,0
73.91538643836975,0
73.91542077064514,0
73.9154896736145,0
73.91553950309753,0
73.91850161552429,0
73.91852593421936,0
73.91859602928162,0
73.91865730285645,0
73.91867709159851,0
73.91873550415039,0
73.92006969451904,0
73.92010807991028,0
73.92306327819824,0
73.923100233078,0
73.9254982471466,0
73.92862248420715,0
73.93712377548218,0
73.93715691566467,0
73.93723559379578,0
73.94012928009033,0
73.95695185661316,0
73.95698308944702,0
73.9569902420044,0
73.96047878265381,0
73.96084761619568,0
73.96292495727539,0
73.9644923210144,0
73.96453666687012,0
73.96454334259033,0
73.96546626091003,0
73.96565127372742,0
73.96565556526184,0
73.97703623771667,0
73.97707343101501,0
73.9773199558258,0
73.98449516296387,0
73.9899513721466,0
73.99042892456055,0
73.99043464660645,0
73.9904556274414,0
73.99713826179504,0
73.99715805053711,0
73.9971776008606,0
73.99721384048462,0
73.99725031852722,0
73.99733114242554,0
73.99883317947388,0
73.99888062477112,0
74.0004014968872,0
74.00044918060303,0
74.01717042922974,0
74.01718711853027,0
74.01724863052368,0
74.03699254989624,0
74.03701949119568,0
74.0370306968689,0
74.03782439231873,0
74.05467963218689,0
74.05692887306213,0
74.05695462226868,0
74.05696630477905,0
74.0573980808258,0
74.05782437324524,0
74.05786085128784,0
74.05787253379822,0
74.05787467956543,0
74.05806756019592,0
74.0737977027893,0
74.07698440551758,0
74.07701253890991,0
74.07710933685303,0
74.09694361686707,0
74.09697961807251,0
74.0969922542572,0
74.11103820800781,0
74.11105489730835,0
74.11107110977173,0
74.1111969947815,0
74.11607480049133,0
74.11627769470215,0
74.11723351478577,0
74.11725378036499,0
74.11726975440979,0
74.11753225326538,0
74.11839699745178,0
74.11843395233154,0
74.11900329589844,0
74.11907601356506,0
74.12017393112183,0
74.12020945549011,0
74.12029194831848,0
74.12030982971191,0
74.12163782119751,0
74.12193179130554,0
74.12210297584534,0
74.12431979179382,0
74.12674689292908,0
74.13713264465332,0
74.1371693611145,0
74.13718366622925,0
74.15131521224976,0
74.15749454498291,0
74.15753746032715,0
74.15755438804626,0
74.1772232055664,0
74.17726850509644,0
74.1772882938385,0
74.18675684928894,0
74.18678331375122,0
74.19050312042236,0
74.19052457809448,0
74.19054651260376,0
74.19056749343872,0
74.19140410423279,0
74.19145274162292,0
74.19350624084473,0
74.19853210449219,0
74.19881844520569,0
74.1988410949707,0
74.1989016532898,0
74.208899974823,0
74.21166276931763,0
74.2142333984375,0
74.21424865722656,0
74.21716475486755,0
74.21719074249268,0
74.21720242500305,0
74.22269225120544,0
74.22271800041199,0
74.2239499092102,0
74.22492384910583,0
74.23774695396423,0
74.23777413368225,0
74.23780870437622,0
74.25063467025757,0
74.25063490867615,0
74.25065732002258,0
74.25066566467285,0
74.25582361221313,0
74.25637173652649,0
74.25643301010132,0
74.2570550441742,0
74.25707602500916,0
74.25707769393921,0
74.26184582710266,0
74.26228976249695,0
74.27145051956177,0
74.27677941322327,0
74.27680802345276,0
74.27690029144287,0
74.29688739776611,0
74.29691886901855,0
74.29708909988403,0
74.31049990653992,0
74.31051349639893,0
74.3105366230011,0
74.31053805351257,0
74.31273770332336,0
74.31325817108154,0
74.31329417228699,0
74.31391167640686,0
74.31394839286804,0
74.31610679626465,0
74.31616640090942,0
74.31695008277893,0
74.31698369979858,0
74.31706762313843,0
74.33755946159363,0
74.3376030921936,0
74.33769512176514,0
74.33910298347473,0
74.34484839439392,0
74.34507966041565,0
74.35682439804077,0
74.3569004535675,0
74.35696721076965,0
74.36173415184021,0
74.3617525100708,0
74.36176657676697,0
74.36220407485962,0
74.36477494239807,0
74.3647997379303,0
74.36487054824829,0
74.36626362800598,0
74.36629438400269,0
74.36630582809448,0
74.36633682250977,0
74.36720085144043,0
74.36722993850708,0
74.36735820770264,0
74.37643122673035,0
74.37701630592346,0
74.37702989578247,0
74.37721753120422,0
74.38250350952148,0
74.38519477844238,0
74.38523149490356,0
74.3855299949646,0
74.39744520187378,0
74.397531747818,0
74.39755344390869,0
74.39949822425842,0
74.39995765686035,0
74.39999103546143,0
74.4011402130127,0
74.40131449699402,0
74.40313339233398,0
74.40322089195251,0
74.4130277633667,0
74.4172477722168,0
74.41727542877197,0
74.417325258255,0
74.43704771995544,0
74.43707418441772,0
74.43710660934448,0
74.43902015686035,0
74.439044713974,0
74.43931651115417,0
74.43950867652893,0
74.44333457946777,0
74.44338059425354,0
74.44340372085571,0
74.45703196525574,0
74.45706033706665,0
74.45708680152893,0
74.46680426597595,0
74.46788620948792,0
74.46794009208679,0
74.47682809829712,0
74.47691011428833,0
74.47694969177246,0
74.48243021965027,0
74.48261332511902,0
74.48262906074524,0
74.48268032073975,0
74.48269391059875,0
74.48274397850037,0
74.48324608802795,0
74.49532461166382,0
74.49535989761353,0
74.49773812294006,0
74.49776935577393,0
74.49782013893127,0
74.4989640712738,0
74.4990119934082,0
74.51707649230957,0
74.51718235015869,0
74.51719975471497,0
74.53710150718689,0
74.53714942932129,0
74.53731799125671,0
74.54991865158081,0
74.55693316459656,0
74.55695915222168,0
74.55750727653503,0
74.55755805969238,0
74.55788159370422,0
74.55980014801025,0
74.56011629104614,0
74.56037878990173,0
74.56062483787537,0
74.56705975532532,0
74.56752228736877,0
74.56765389442444,0
74.56790566444397,0
74.57096648216248,0
74.57522416114807,0
74.57706689834595,0
74.57709884643555,0
74.57711839675903,0
74.59755611419678,0
74.59759855270386,0
74.59761667251587,0
74.59977793693542,0
74.60014152526855,0
74.60017919540405,0
74.60064506530762,0
74.60124135017395,0
74.60142421722412,0
74.60185694694519,0
74.60189509391785,0
74.6028323173523,0
74.60688924789429,0
74.60691285133362,0
74.60730910301208,0
74.60747289657593,0
74.60780692100525,0
74.60787034034729,0
74.61118078231812,0
74.61122059822083,0
74.61162781715393,0
74.61263227462769,0
74.61730909347534,0
74.61734175682068,0
74.61744809150696,0
74.62127041816711,0
74.62182426452637,0
74.62186074256897,0
74.62223267555237,0
74.62473225593567,0
74.62791442871094,0
74.62822270393372,0
74.63737654685974,0
74.63740539550781,0
74.63745307922363,0
74.65627074241638,0
74.65890097618103,0
74.65899682044983,0
74.65941882133484,0
74.67754888534546,0
74.67755126953125,0
74.6775758266449,0
74.68686747550964,0
74.68797397613525,0
74.68832993507385,0
74.68878412246704,0
74.68923258781433,0
74.68941020965576,0
74.68954944610596,0
74.69685745239258,0
74.69688439369202,0
74.69689631462097,0
74.71247506141663,0
74.71250939369202,0
74.71385025978088,0
74.71390867233276,0
74.71477103233337,0
74.71715807914734,0
74.71718859672546,0
74.71734237670898,0
74.72762084007263,0
74.72766041755676,0
74.72778964042664,0
74.72783422470093,0
74.72787356376648,0
74.72792601585388,0
74.72794651985168,0
74.72902393341064,0
74.72903966903687,0
74.73884391784668,0
74.73887801170349,0
74.7388916015625,0
74.74001955986023,0
74.75368070602417,0
74.75530695915222,0
74.75538372993469,0
74.75542068481445,0
74.75722575187683,0
74.75725388526917,0
74.75763177871704,0
74.77700853347778,0
74.77703261375427,0
74.77707958221436,0
74.79205179214478,0
74.79246473312378,0
74.79248833656311,0
74.79700827598572,0
74.7970507144928,0
74.79713892936707,0
74.81707954406738,0
74.81708025932312,0
74.81712126731873,0
74.82650327682495,0
74.82809209823608,0
74.82935285568237,0
74.82939505577087,0
74.83067727088928,0
74.83070254325867,0
74.8373658657074,0
74.83739876747131,0
74.83741235733032,0
74.8493754863739,0
74.85389351844788,0
74.85392093658447,0
74.85396909713745,0
74.85398364067078,0
74.857186794281,0
74.85721230506897,0
74.85744571685791,0
74.8582329750061,0
74.85921382904053,0
74.85924029350281,0
74.8613212108612,0
74.8614227771759,0
74.86149883270264,0
74.86156940460205,0
74.8626070022583,0
74.86263346672058,0
74.86289381980896,0
74.86424994468689,0
74.87007355690002,0
74.87010312080383,0
74.87011814117432,0
74.87094044685364,0
74.87157082557678,0
74.8717679977417,0
74.87186050415039,0
74.876868724823,0
74.87689566612244,0
74.8769063949585,0
74.87829494476318,0
74.88110542297363,0
74.88115692138672,0
74.88117146492004,0
74.8969202041626,0
74.89699006080627,0
74.89700365066528,0
74.90061593055725,0
74.90066337585449,0
74.90283966064453,0
74.91695952415466,0
74.91700983047485,0
74.92235255241394,0
74.92265629768372,0
74.92411637306213,0
74.92413568496704,0
74.92435598373413,0
74.92437601089478,0
74.92536616325378,0
74.92559695243835,0
74.92561769485474,0
74.93148136138916,0
74.93739295005798,0
74.93743324279785,0
74.9374668598175,0
74.95768737792969,0
74.95771646499634,0
74.95775604248047,0
74.9775140285492,0
74.97755980491638,0
74.97758555412292,0
74.99025535583496,0
74.99026226997375,0
74.99036192893982,0
74.990727186203,0
74.99869632720947,0
75.00119662284851,0
75.00124025344849,0
75.00885009765625,0
75.00885963439941,0
75.00886631011963,0
75.00888013839722,0
75.00888085365295,0
75.0118293762207,0
75.01190423965454,0
75.01192021369934,0
75.01193523406982,0
75.01356959342957,0
75.017578125,0
75.01759314537048,0
75.01808524131775,0
75.03726625442505,0
75.03729367256165,0
75.03730368614197,0
75.04304051399231,0
75.04306745529175,0
75.04307889938354,0
75.0430908203125,0
75.04423904418945,0
75.04429292678833,0
75.04430842399597,0
75.04436469078064,0
75.05800080299377,0
75.05802726745605,0
75.05811262130737,0
75.07065200805664,0
75.07066464424133,0
75.07074356079102,0
75.07075905799866,0
75.07275128364563,0
75.07277178764343,0
75.07311344146729,0
75.07594347000122,0
75.07595896720886,0
75.07598400115967,0
75.07599592208862,0
75.07612895965576,0
75.0761444568634,0
75.07622170448303,0
75.07689094543457,0
75.07691383361816,0
75.07707953453064,0
75.07910299301147,0
75.08150148391724,0
75.09689283370972,0
75.09692573547363,0
75.09693765640259,0
75.10134482383728,0
75.10137701034546,0
75.10321068763733,0
75.10324001312256,0
75.10380434989929,0
75.11464023590088,0
75.11464715003967,0
75.1172525882721,0
75.11759567260742,0
75.1177306175232,0
75.13716983795166,0
75.13720774650574,0
75.13746213912964,0
75.14261555671692,0
75.14274024963379,0
75.14598608016968,0
75.14621901512146,0
75.14692282676697,0
75.14694404602051,0
75.14701080322266,0
75.15720725059509,0
75.15726733207703,0
75.15734195709229,0
75.16087126731873,0
75.17757248878479,0
75.17952156066895,0
75.17957472801208,0
75.19684672355652,0
75.197181224823,0
75.19719552993774,0
75.19720149040222,0
75.1980402469635,0
75.19959783554077,0
75.1995997428894,0
75.20231127738953,0
75.20233273506165,0
75.20278978347778,0
75.20288324356079,0
75.20293521881104,0
75.2032196521759,0
75.20323896408081,0
75.20330309867859,0
75.21687722206116,0
75.21690392494202,0
75.21691513061523,0
75.22222924232483,0
75.22666692733765,0
75.22767376899719,0
75.2277238368988,0
75.22776460647583,0
75.22782254219055,0
75.22831463813782,0
75.22834277153015,0
75.234938621521,0
75.23750233650208,0
75.23751592636108,0
75.23760032653809,0
75.23761367797852,0
75.23766207695007,0
75.25727820396423,0
75.25730538368225,0
75.25731611251831,0
75.27689242362976,0
75.27692031860352,0
75.27703213691711,0
75.28817248344421,0
75.28819012641907,0
75.28829431533813,0
75.28831315040588,0
75.2899329662323,0
75.29004096984863,0
75.29063081741333,0
75.29111456871033,0
75.29301404953003,0
75.29720187187195,0
75.29723453521729,0
75.29731822013855,0
75.30629897117615,0
75.30633401870728,0
75.30799579620361,0
75.30806541442871,0
75.30950975418091,0
75.31346869468689,0
75.31348609924316,0
75.31692218780518,0
75.31695818901062,0
75.31697201728821,0
75.32406306266785,0
75.32409644126892,0
75.32414269447327,0
75.32418656349182,0
75.32676887512207,0
75.32677507400513,0
75.32714104652405,0
75.32878994941711,0
75.32882738113403,0
75.3288905620575,0
75.32896280288696,0
75.33095741271973,0
75.33099579811096,0
75.33112454414368,0
75.34305095672607,0
75.3431806564331,0
75.34320211410522,0
75.34324216842651,0
75.35741567611694,0
75.35744667053223,0
75.35745882987976,0
75.3592438697815,0
75.35927438735962,0
75.35932397842407,0
75.3593647480011,0
75.36176538467407,0
75.36179614067078,0
75.36179876327515,0
75.37875413894653,0
75.38047623634338,0
75.38128423690796,0
75.38132333755493,0
75.38134121894836,0
75.39709401130676,0
75.39714407920837,0
75.39723896980286,0
75.41722202301025,0
75.41725444793701,0
75.417325258255,0
75.42123460769653,0
75.4212760925293,0
75.42347049713135,0
75.42347478866577,0
75.42728042602539,0
75.43686842918396,0
75.43689608573914,0
75.43689823150635,0
75.44866681098938,0
75.44868493080139,0
75.44869613647461,0
75.44870853424072,0
75.44873523712158,0
75.44877886772156,0
75.448810338974,0
75.45319962501526,0
75.45694828033447,0
75.4569935798645,0
75.4570083618164,0
75.47476768493652,0
75.47480177879333,0
75.47500133514404,0
75.47500324249268,0
75.47845554351807,0
75.47936177253723,0
75.47940731048584,0
75.48031806945801,0
75.4807276725769,0
75.48075294494629,0
75.49594330787659,0
75.49594354629517,0
75.49687910079956,0
75.49691200256348,0
75.49697303771973,0
75.49910950660706,0
75.49914193153381,0
75.51580476760864,0
75.51784157752991,0
75.51788187026978,0
75.51789903640747,0
75.53714656829834,0
75.53718137741089,0
75.53751277923584,0
75.54652547836304,0
75.54686760902405,0
75.55076575279236,0
75.55080008506775,0
75.55081987380981,0
75.55083751678467,0
75.5536572933197,0
75.55369281768799,0
75.55427694320679,0
75.55481052398682,0
75.55906820297241,0
75.5591094493866,0
75.559157371521,0
75.56365084648132,0
75.56383991241455,0
75.56410264968872,0
75.56477522850037,0
75.57789993286133,0
75.57794785499573,0
75.57799696922302,0
75.59098052978516,0
75.59139585494995,0
75.59144425392151,0
75.59467434883118,0
75.59472751617432,0
75.59474849700928,0
75.59476709365845,0
75.59780716896057,0
75.59783172607422,0
75.5979015827179,0
75.60284209251404,0
75.60286450386047,0
75.60311818122864,0
75.6032965183258,0
75.60332560539246,0
75.60422921180725,0
75.60430335998535,0
75.60534691810608,0
75.6161847114563,0
75.61622047424316,0
75.6162371635437,0
75.61625361442566,0
75.61777710914612,0
75.61779499053955,0
75.61780881881714,0
75.61945748329163,0
75.61947274208069,0
75.61948823928833,0
75.62258529663086,0
75.63821792602539,0
75.63824510574341,0
75.63825511932373,0
75.65202975273132,0
75.65217208862305,0
75.65219569206238,0
75.65379595756531,0
75.65656685829163,0
75.65709733963013,0
75.65711951255798,0
75.65819907188416,0
75.65826177597046,0
75.65833163261414,0
75.66371083259583,0
75.66487312316895,0
75.67120909690857,0
75.67198038101196,0
75.67286443710327,0
75.67680835723877,0
75.67693209648132,0
75.67703199386597,0
75.68670201301575,0
75.68686604499817,0
75.68696856498718,0
75.68700790405273,0
75.68802690505981,0
75.68836736679077,0
75.68913292884827,0
75.68935132026672,0
75.68939256668091,0
75.69222450256348,0
75.69230365753174,0
75.69675731658936,0
75.69675850868225,0
75.69678974151611,0
75.71689558029175,0
75.71692943572998,0
75.71700525283813,0
75.73746848106384,0
75.73751258850098,0
75.73756217956543,0
75.75312805175781,0
75.75939679145813,0
75.7594165802002,0
75.75949883460999,0
75.75994515419006,0
75.75995993614197,0
75.76053404808044,0
75.76064491271973,0
75.76066207885742,0
75.76474356651306,0
75.76507806777954,0
75.76569771766663,0
75.76572799682617,0
75.76673007011414,0
75.77395462989807,0
75.7775890827179,0
75.77762150764465,0
75.77766752243042,0
75.78021836280823,0
75.79709386825562,0
75.79713129997253,0
75.79714775085449,0
75.80318784713745,0
75.80374312400818,0
75.80375099182129,0
75.80375933647156,0
75.80552458763123,0
75.80595517158508,0
75.80673551559448,0
75.80748867988586,0
75.80754971504211,0
75.80906248092651,0
75.8090877532959,0
75.81708788871765,0
75.81711745262146,0
75.81720352172852,0
75.83695673942566,0
75.836984872818,0
75.83722686767578,0
75.84112191200256,0
75.8411500453949,0
75.841153383255,0
75.84116721153259,0
75.8420684337616,0
75.84227466583252,0
75.84229850769043,0
75.84256052970886,0
75.85709643363953,0
75.85712242126465,0
75.85822558403015,0
75.86282348632812,0
75.86429953575134,0
75.8645658493042,0
75.86493420600891,0
75.86514663696289,0
75.86551594734192,0
75.86553359031677,0
75.8655993938446,0
75.87865233421326,0
75.87868142127991,0
75.87869358062744,0
75.88370180130005,0
75.88373041152954,0
75.8837411403656,0
75.88374352455139,0
75.88720273971558,0
75.88723635673523,0
75.88728594779968,0
75.88732290267944,0
75.88737320899963,0
75.8900785446167,0
75.89012122154236,0
75.89689207077026,0
75.89691638946533,0
75.89692711830139,0
75.91688656806946,0
75.9169225692749,0
75.9169819355011,0
75.9371771812439,0
75.93719172477722,0
75.93719410896301,0
75.93910455703735,0
75.94318580627441,0
75.94322872161865,0
75.9554078578949,0
75.95703434944153,0
75.9570620059967,0
75.95882797241211,0
75.95885944366455,0
75.95886063575745,0
75.95887780189514,0
75.96148633956909,0
75.96153020858765,0
75.96169447898865,0
75.97176861763,0
75.97787117958069,0
75.9779200553894,0
75.97799038887024,0
75.99784564971924,0
75.9979133605957,0
75.99807953834534,0
75.9980993270874,0
75.99903106689453,0
75.99907541275024,0
75.99918532371521,0
76.01763987541199,0
76.01767182350159,0
76.01768445968628,0
76.03722167015076,0
76.03722214698792,0
76.03725910186768,0
76.03898024559021,0
76.03917455673218,0
76.0391914844513,0
76.03937768936157,0
76.03938341140747,0
76.05551934242249,0
76.05553650856018,0
76.05688714981079,0
76.05690884590149,0
76.05691242218018,0
76.05753445625305,0
76.07428431510925,0
76.07449460029602,0
76.07514309883118,0
76.07514333724976,0
76.07631325721741,0
76.0764970779419,0
76.07651019096375,0
76.07652044296265,0
76.07712626457214,0
76.07715582847595,0
76.07721590995789,0
76.09715485572815,0
76.09718561172485,0
76.09720039367676,0
76.11305546760559,0
76.11327195167542,0
76.11331391334534,0
76.11398482322693,0
76.11802840232849,0
76.1180648803711,0
76.11821293830872,0
76.11891674995422,0
76.11894011497498,0
76.11895871162415,0
76.11977410316467,0
76.11981105804443,0
76.12087321281433,0
76.12092685699463,0
76.13451099395752,0
76.1379280090332,0
76.13794755935669,0
76.13957524299622,0
76.14078783988953,0
76.1432683467865,0
76.14819645881653,0
76.14825534820557,0
76.15382099151611,0
76.1538519859314,0
76.1538679599762,0
76.15593934059143,0
76.15638470649719,0
76.1563971042633,0
76.15687823295593,0
76.15691089630127,0
76.16036057472229,0
76.16044545173645,0
76.16060161590576,0
76.16139793395996,0
76.16231942176819,0
76.16323256492615,0
76.17702579498291,0
76.1770293712616,0
76.17704319953918,0
76.19067287445068,0
76.19463348388672,0
76.19466352462769,0
76.19476222991943,0
76.19478225708008,0
76.19717979431152,0
76.19719624519348,0
76.19721102714539,0
76.20330786705017,0
76.20334124565125,0
76.2033543586731,0
76.20350098609924,0
76.20411133766174,0
76.20412969589233,0
76.20430493354797,0
76.20444750785828,0
76.21707606315613,0
76.21710348129272,0
76.217120885849,0
76.23573899269104,0
76.23682188987732,0
76.23684883117676,0
76.236891746521,0
76.24023509025574,0
76.2412178516388,0
76.2431743144989,0
76.24321699142456,0
76.25737690925598,0
76.25740218162537,0
76.25741362571716,0
76.26032328605652,0
76.26068305969238,0
76.2606999874115,0
76.27682733535767,0
76.27682781219482,0
76.27686309814453,0
76.28210091590881,0
76.29688000679016,0
76.29690766334534,0
76.29691934585571,0
76.30592751502991,0
76.30596256256104,0
76.30601906776428,0
76.30603981018066,0
76.30627918243408,0
76.30629992485046,0
76.30631709098816,0
76.30719232559204,0
76.30722546577454,0
76.31719303131104,0
76.31726145744324,0
76.31728625297546,0
76.31794691085815,0
76.31807208061218,0
76.32051825523376,0
76.32057189941406,0
76.32058548927307,0
76.32059001922607,0
76.32303476333618,0
76.32307314872742,0
76.32322430610657,0
76.3371512889862,0
76.33719515800476,0
76.33723759651184,0
76.33803987503052,0
76.34985303878784,0
76.3498923778534,0
76.35804772377014,0
76.3580870628357,0
76.35810828208923,0
76.36114597320557,0
76.36118054389954,0
76.36124753952026,0
76.3613178730011,0
76.36641955375671,0
76.36661696434021,0
76.36670112609863,0
76.3674201965332,0
76.37729811668396,0
76.37734055519104,0
76.3773581981659,0
76.39217948913574,0
76.39230370521545,0
76.39232325553894,0
76.39232563972473,0
76.39339089393616,0
76.39343190193176,0
76.39347100257874,0
76.39351296424866,0
76.393550157547,0
76.39358949661255,0
76.393625497818,0
76.39488792419434,0
76.39713597297668,0
76.39717149734497,0
76.39721298217773,0
76.41764664649963,0
76.41770362854004,0
76.4177417755127,0
76.42075157165527,0
76.42083883285522,0
76.4209213256836,0
76.42093849182129,0
76.42275619506836,0
76.42286038398743,0
76.42288851737976,0
76.43768739700317,0
76.43771243095398,0
76.43772649765015,0
76.44560670852661,0
76.44765734672546,0
76.45030307769775,0
76.45777869224548,0
76.45780754089355,0
76.4578230381012,0
76.46675181388855,0
76.46677708625793,0
76.46774911880493,0
76.4679160118103,0
76.47318196296692,0
76.47319555282593,0
76.4735004901886,0
76.4749367237091,0
76.47693681716919,0
76.47695064544678,0
76.47839951515198,0
76.47846817970276,0
76.49765157699585,0
76.49771428108215,0
76.49772787094116,0
76.49971199035645,0
76.50000166893005,0
76.50327134132385,0
76.50329971313477,0
76.50472640991211,0
76.51540637016296,0
76.51540899276733,0
76.51729035377502,0
76.51732587814331,0
76.5173544883728,0
76.53733468055725,0
76.53738212585449,0
76.5374002456665,0
76.53982758522034,0
76.53985214233398,0
76.53987073898315,0
76.5403892993927,0
76.54339933395386,0
76.54341793060303,0
76.54343819618225,0
76.54524111747742,0
76.54556179046631,0
76.54557991027832,0
76.54558277130127,0
76.55586552619934,0
76.55611872673035,0
76.556147813797,0
76.55805659294128,0
76.55914735794067,0
76.55918669700623,0
76.55999708175659,0
76.57890295982361,0
76.57894682884216,0
76.57899498939514,0
76.58051633834839,0
76.58064198493958,0
76.5806655883789,0
76.58082175254822,0
76.58393883705139,0
76.58397126197815,0
76.58399438858032,0
76.58627772331238,0
76.59871006011963,0
76.59909343719482,0
76.5991427898407,0
76.60420632362366,0
76.60677361488342,0
76.60684299468994,0
76.60935378074646,0
76.60967254638672,0
76.61057376861572,0
76.61935186386108,0
76.61939001083374,0
76.61940574645996,0
76.62535810470581,0
76.62542986869812,0
76.62546944618225,0
76.62555503845215,0
76.62561774253845,0
76.62573289871216,0
76.62590551376343,0
76.63758134841919,0
76.63761639595032,0
76.63770604133606,0
76.65827560424805,0
76.65830564498901,0
76.6591284275055,0
76.67697834968567,0
76.67700815200806,0
76.67702746391296,0
76.69690012931824,0
76.69694805145264,0
76.69696259498596,0
76.70812559127808,0
76.7164556980133,0
76.71649241447449,0
76.71673202514648,0
76.71676278114319,0
76.71771788597107,0
76.7178111076355,0
76.71786522865295,0
76.71803665161133,0
76.71807909011841,0
76.71816802024841,0
76.71821880340576,0
76.71826934814453,0
76.72354793548584,0
76.7236762046814,0
76.72509670257568,0
76.7371015548706,0
76.73754024505615,0
76.7375807762146,0
76.74859499931335,0
76.74864029884338,0
76.75138568878174,0
76.7516553401947,0
76.75169205665588,0
76.75213122367859,0
76.75882172584534,0
76.7588586807251,0
76.75918292999268,0
76.7600564956665,0
76.76024031639099,0
76.76044273376465,0
76.76048445701599,0
76.76082491874695,0
76.77890133857727,0
76.77893853187561,0
76.77895212173462,0
76.78207516670227,0
76.78239727020264,0
76.78254508972168,0
76.78256106376648,0
76.7827320098877,0
76.78288435935974,0
76.78290939331055,0
76.78307604789734,0
76.78883481025696,0
76.78888654708862,0
76.78890037536621,0
76.78968739509583,0
76.79052734375,0
76.79063272476196,0
76.79084157943726,0
76.79134178161621,0
76.79137444496155,0
76.79276895523071,0
76.79278945922852,0
76.79362320899963,0
76.79695343971252,0
76.79698657989502,0
76.79706072807312,0
76.81173253059387,0
76.81176948547363,0
76.81178665161133,0
76.81183815002441,0
76.81705331802368,0
76.81708192825317,0
76.81716561317444,0
76.83713388442993,0
76.83730816841125,0
76.83743500709534,0
76.85699963569641,0
76.857017993927,0
76.85702586174011,0
76.86987376213074,0
76.86996364593506,0
76.87001037597656,0
76.87110996246338,0
76.87416958808899,0
76.87421464920044,0
76.87704873085022,0
76.87708687782288,0
76.87738871574402,0
76.87932801246643,0
76.87935328483582,0
76.87955689430237,0
76.87957954406738,0
76.89853143692017,0
76.8987021446228,0
76.89884424209595,0
76.91711640357971,0
76.9173812866211,0
76.91747164726257,0
76.9184319972992,0
76.92253637313843,0
76.92253994941711,0
76.9374771118164,0
76.9376015663147,0
76.93765354156494,0
76.95017313957214,0
76.9502227306366,0
76.95023274421692,0
76.95024275779724,0
76.95834016799927,0
76.95837140083313,0
76.95839262008667,0
76.95844459533691,0
76.95860004425049,0
76.95865249633789,0
76.95874524116516,0
76.95881056785583,0
76.96045112609863,0
76.9605143070221,0
76.96322679519653,0
76.9697253704071,0
76.97831654548645,0
76.97834777832031,0
76.97878766059875,0
76.98063492774963,0
76.98078656196594,0
76.98088669776917,0
76.98093605041504,0
76.98480701446533,0
76.98489260673523,0
76.98491096496582,0
76.99738597869873,0
76.99747681617737,0
76.9975368976593,0
77.00640869140625,0
77.00658202171326,0
77.0068781375885,0
77.0069363117218,0
77.00777864456177,0
77.00780248641968,0
77.0078136920929,0
77.00787162780762,0
77.0091004371643,0
77.0091404914856,0
77.00936102867126,0
77.01609897613525,0
77.01721930503845,0
77.01724123954773,0
77.01738119125366,0
77.0181941986084,0
77.02197527885437,0
77.03693151473999,0
77.03695344924927,0
77.03695464134216,0
77.03971934318542,0
77.03974199295044,0
77.0397527217865,0
77.03976464271545,0
77.04241299629211,0
77.04243063926697,0
77.0432620048523,0
77.05342984199524,0
77.05921745300293,0
77.05924081802368,0
77.05930590629578,0
77.07773351669312,0
77.07776761054993,0
77.08099150657654,0
77.08100366592407,0
77.08101558685303,0
77.08117985725403,0
77.08119630813599,0
77.08121180534363,0
77.08122634887695,0
77.08422040939331,0
77.09482836723328,0
77.09487867355347,0
77.09689855575562,0
77.09693098068237,0
77.0969467163086,0
77.11730766296387,0
77.11730885505676,0
77.11734008789062,0
77.12863302230835,0
77.12874341011047,0
77.12999439239502,0
77.13246417045593,0
77.13367700576782,0
77.13769364356995,0
77.1377203464508,0
77.13782215118408,0
77.14668536186218,0
77.14671444892883,0
77.14672374725342,0
77.14673399925232,0
77.14813613891602,0
77.1481556892395,0
77.15626358985901,0
77.15638542175293,0
77.15643572807312,0
77.15707421302795,0
77.15743684768677,0
77.15743708610535,0
77.1778473854065,0
77.17795968055725,0
77.17798805236816,0
77.19434022903442,0
77.19741582870483,0
77.19743633270264,0
77.1983847618103,0
77.21487140655518,0
77.2151038646698,0
77.21528935432434,0
77.21532368659973,0
77.2176525592804,0
77.21767234802246,0
77.21769833564758,0
77.21773600578308,0
77.21777534484863,0
77.21779704093933,0
77.21786618232727,0
77.21790170669556,0
77.21801352500916,0
77.21803212165833,0
77.21804738044739,0
77.21990156173706,0
77.22189617156982,0
77.22342658042908,0
77.23597979545593,0
77.2360029220581,0
77.23600721359253,0
77.23601984977722,0
77.23720693588257,0
77.23725128173828,0
77.23729133605957,0
77.23905420303345,0
77.23923254013062,0
77.239262342453,0
77.24079298973083,0
77.24080514907837,0
77.24081349372864,0
77.2408173084259,0
77.2422878742218,0
77.24232053756714,0
77.24242496490479,0
77.25736331939697,0
77.2573893070221,0
77.25740051269531,0
77.25778985023499,0
77.27518725395203,0
77.27528166770935,0
77.27529859542847,0
77.2753119468689,0
77.2838044166565,0
77.28384780883789,0
77.28388500213623,0
77.29681849479675,0
77.29682970046997,0
77.29686427116394,0
77.3020749092102,0
77.3020887374878,0
77.30285406112671,0
77.31689786911011,0
77.31693005561829,0
77.31700658798218,0
77.32661175727844,0
77.32668781280518,0
77.32859468460083,0
77.328693151474,0
77.32952070236206,0
77.33736681938171,0
77.33744549751282,0
77.33746361732483,0
77.35606241226196,0
77.35606503486633,0
77.35718178749084,0
77.35721611976624,0
77.35764646530151,0
77.35928630828857,0
77.35953259468079,0
77.3596715927124,0
77.35970258712769,0
77.37770318984985,0
77.37774729728699,0
77.377765417099,0
77.38287782669067,0
77.38290762901306,0
77.38301038742065,0
77.38528895378113,0
77.38647389411926,0
77.38760924339294,0
77.39587092399597,0
77.39591097831726,0
77.39758086204529,0
77.39788103103638,0
77.39790558815002,0
77.4170434474945,0
77.41711378097534,0
77.41717171669006,0
77.42550301551819,0
77.4255473613739,0
77.42696404457092,0
77.43138265609741,0
77.431556224823,0
77.43157315254211,0
77.43158555030823,0
77.43417763710022,0
77.43449902534485,0
77.43477487564087,0
77.4353437423706,0
77.43730401992798,0
77.43732762336731,0
77.43735527992249,0
77.43908619880676,0
77.4564139842987,0
77.45701670646667,0
77.45714998245239,0
77.45716500282288,0
77.46443939208984,0
77.4644672870636,0
77.46451044082642,0
77.46452808380127,0
77.47852754592896,0
77.47855401039124,0
77.47856974601746,0
77.48433923721313,0
77.48435854911804,0
77.48439240455627,0
77.48622250556946,0
77.48624515533447,0
77.48628234863281,0
77.48746752738953,0
77.48750853538513,0
77.487628698349,0
77.48813581466675,0
77.48816990852356,0
77.49422788619995,0
77.49428391456604,0
77.4951503276825,0
77.49692273139954,0
77.49694800376892,0
77.49717593193054,0
77.515061378479,0
77.51509857177734,0
77.51703071594238,0
77.5170681476593,0
77.51708364486694,0
77.53761506080627,0
77.5376615524292,0
77.53781867027283,0
77.5420651435852,0
77.54206585884094,0
77.54208755493164,0
77.54225325584412,0
77.54665780067444,0
77.5466878414154,0
77.54719138145447,0
77.54874777793884,0
77.55834436416626,0
77.55837035179138,0
77.55838394165039,0
77.5609998703003,0
77.56103038787842,0
77.56107115745544,0
77.56113338470459,0
77.56183934211731,0
77.5621771812439,0
77.5626699924469,0
77.57697081565857,0
77.57702803611755,0
77.57702946662903,0
77.580331325531,0
77.58257126808167,0
77.59254431724548,0
77.59257316589355,0
77.59746932983398,0
77.59751272201538,0
77.59756755828857,0
77.61610126495361,0
77.61616826057434,0
77.61720395088196,0
77.6172502040863,0
77.6177499294281,0
77.61779356002808,0
77.63559746742249,0
77.63570547103882,0
77.63583135604858,0
77.63585567474365,0
77.63744592666626,0
77.63747334480286,0
77.63748550415039,0
77.63844180107117,0
77.63891553878784,0
77.63896131515503,0
77.65530228614807,0
77.66416573524475,0
77.66416811943054,0
77.66422986984253,0
77.67726540565491,0
77.67729449272156,0
77.67733001708984,0
77.69327855110168,0
77.69331073760986,0
77.69338130950928,0
77.69339632987976,0
77.6943027973175,0
77.69431734085083,0
77.69436764717102,0
77.69671392440796,0
77.69672846794128,0
77.69679284095764,0
77.69684958457947,0
77.69688582420349,0
77.6989152431488,0
77.6989643573761,0
77.7132396697998,0
77.71730589866638,0
77.71739912033081,0
77.71749353408813,0
77.71758103370667,0
77.71790170669556,0
77.71823358535767,0
77.71874165534973,0
77.71916842460632,0
77.72082161903381,0
77.72084259986877,0
77.72561120986938,0
77.72562909126282,0
77.72564005851746,0
77.72564363479614,0
77.72577738761902,0
77.72578597068787,0
77.7257936000824,0
77.7274706363678,0
77.73683166503906,0
77.73686051368713,0
77.73695302009583,0
77.74275779724121,0
77.74283838272095,0
77.7439832687378,0
77.74430894851685,0
77.74437713623047,0
77.74447059631348,0
77.74652147293091,0
77.7466766834259,0
77.74673104286194,0
77.75774502754211,0
77.75778436660767,0
77.75785613059998,0
77.77802538871765,0
77.7780659198761,0
77.77811646461487,0
77.78302884101868,0
77.78818917274475,0
77.78843641281128,0
77.78845763206482,0
77.788654088974,0
77.79105401039124,0
77.79107904434204,0
77.79206681251526,0
77.79563570022583,0
77.79567313194275,0
77.79799771308899,0
77.79802918434143,0
77.7982611656189,0
77.79929232597351,0
77.79932498931885,0
77.81661176681519,0
77.81678438186646,0
77.81681513786316,0
77.81682562828064,0
77.81836581230164,0
77.8368182182312,0
77.83710765838623,0
77.83712983131409,0
77.85692691802979,0
77.85711240768433,0
77.85714793205261,0
77.8751277923584,0
77.87680387496948,0
77.87684535980225,0
77.8769702911377,0
77.89689207077026,0
77.89689254760742,0
77.89698648452759,0
77.90839529037476,0
77.90842700004578,0
77.91042709350586,0
77.91046619415283,0
77.91057705879211,0
77.91062545776367,0
77.91450381278992,0
77.91452670097351,0
77.91464114189148,0
77.91590404510498,0
77.91593909263611,0
77.9170892238617,0
77.91710424423218,0
77.91711759567261,0
77.92027258872986,0
77.92030143737793,0
77.92108511924744,0
77.92277717590332,0
77.92414045333862,0
77.9370596408844,0
77.937096118927,0
77.93711137771606,0
77.95293021202087,0
77.95465898513794,0
77.95616817474365,0
77.95781564712524,0
77.95807957649231,0
77.95810413360596,0
77.95826482772827,0
77.95879435539246,0
77.95920848846436,0
77.95982480049133,0
77.96210408210754,0
77.96240592002869,0
77.9628312587738,0
77.96298789978027,0
77.96624112129211,0
77.96625900268555,0
77.96627831459045,0
77.9663245677948,0
77.96634268760681,0
77.97706627845764,0
77.97709226608276,0
77.9771032333374,0
77.99177932739258,0
77.99798202514648,0
77.9980399608612,0
77.99807906150818,0
77.99931836128235,0
77.99934244155884,0
77.99948692321777,0
77.99950790405273,0
78.00631809234619,0
78.0064024925232,0
78.00647592544556,0
78.0068826675415,0
78.00690603256226,0
78.01431274414062,0
78.01433730125427,0
78.01446890830994,0
78.01692056655884,0
78.01695322990417,0
78.01698589324951,0
78.037442445755,0
78.0374710559845,0
78.03751134872437,0
78.0423309803009,0
78.04234886169434,0
78.04244780540466,0
78.04246282577515,0
78.04408884048462,0
78.04418849945068,0
78.04419493675232,0
78.04473114013672,0
78.057537317276,0
78.05884313583374,0
78.05888366699219,0
78.05894756317139,0
78.074960231781,0
78.07681274414062,0
78.07684278488159,0
78.07685422897339,0
78.09698414802551,0
78.09718155860901,0
78.0972650051117,0
78.10320377349854,0
78.1032326221466,0
78.10327816009521,0
78.1033194065094,0
78.10493516921997,0
78.10495185852051,0
78.104984998703,0
78.1066484451294,0
78.1066780090332,0
78.10806202888489,0
78.10807919502258,0
78.11739015579224,0
78.11739253997803,0
78.11744809150696,0
78.13147330284119,0
78.13711380958557,0
78.13712096214294,0
78.1371660232544,0
78.15745234489441,0
78.15749406814575,0
78.15760231018066,0
78.17015743255615,0
78.17111277580261,0
78.17472267150879,0
78.17477178573608,0
78.17478513717651,0
78.1747977733612,0
78.17481088638306,0
78.17482495307922,0
78.17512607574463,0
78.1751503944397,0
78.17693161964417,0
78.17696523666382,0
78.17703127861023,0
78.18680763244629,0
78.18682718276978,0
78.18689107894897,0
78.18691205978394,0
78.18894982337952,0
78.18898510932922,0
78.18904709815979,0
78.19085049629211,0
78.19091391563416,0
78.19705581665039,0
78.1970911026001,0
78.19710874557495,0
78.19883060455322,0
78.19886660575867,0
78.20204758644104,0
78.20512199401855,0
78.20515036582947,0
78.2051522731781,0
78.2051899433136,0
78.21626877784729,0
78.2163074016571,0
78.21638751029968,0
78.21683645248413,0
78.21780824661255,0
78.2179856300354,0
78.21799325942993,0
78.23712277412415,0
78.23715019226074,0
78.23719000816345,0
78.23882460594177,0
78.24193859100342,0
78.24217987060547,0
78.24221801757812,0
78.24251961708069,0
78.2426700592041,0
78.24290680885315,0
78.25697827339172,0
78.25700688362122,0
78.25701951980591,0
78.25785970687866,0
78.25828647613525,0
78.25854110717773,0
78.27729988098145,0
78.27731800079346,0
78.27736186981201,0
78.27823781967163,0
78.27845931053162,0
78.27865219116211,0
78.27883124351501,0
78.28663682937622,0
78.28690958023071,0
78.2869324684143,0
78.29706954956055,0
78.2970883846283,0
78.29709768295288,0
78.3084168434143,0
78.30844449996948,0
78.31008863449097,0
78.31017541885376,0
78.3108856678009,0
78.31273055076599,0
78.31683087348938,0
78.31685638427734,0
78.31695628166199,0
78.33692789077759,0
78.33699178695679,0
78.33704566955566,0
78.33785247802734,0
78.34293222427368,0
78.34308528900146,0
78.35730385780334,0
78.35737299919128,0
78.35761427879333,0
78.37729167938232,0
78.37736892700195,0
78.37737011909485,0
78.3851466178894,0
78.38520789146423,0
78.38541054725647,0
78.3857011795044,0
78.39272594451904,0
78.39274430274963,0
78.39274907112122,0
78.39341878890991,0
78.39341998100281,0
78.39612579345703,0
78.39762258529663,0
78.39765191078186,0
78.39769744873047,0
78.41717171669006,0
78.4172031879425,0
78.41772127151489,0
78.42103362083435,0
78.42106080055237,0
78.4210832118988,0
78.42119002342224,0
78.43699860572815,0
78.4370265007019,0
78.43706154823303,0
78.45718812942505,0
78.45721864700317,0
78.45721912384033,0
78.4797899723053,0
78.47982096672058,0
78.47987508773804,0
78.4866144657135,0
78.4901819229126,0
78.49019861221313,0
78.49025392532349,0
78.4903576374054,0
78.49368071556091,0
78.49371600151062,0
78.49376225471497,0
78.49499177932739,0
78.49501895904541,0
78.49503326416016,0
78.49504399299622,0
78.4968159198761,0
78.49684190750122,0
78.4968433380127,0
78.49884748458862,0
78.49887728691101,0
78.4989664554596,0
78.49961709976196,0
78.49964213371277,0
78.50074434280396,0
78.50076031684875,0
78.51723146438599,0
78.51726412773132,0
78.51749777793884,0
78.53708600997925,0
78.53717303276062,0
78.53719234466553,0
78.54746985435486,0
78.5572669506073,0
78.5574882030487,0
78.55751085281372,0
78.55926537513733,0
78.55981087684631,0
78.56301593780518,0
78.56304597854614,0
78.5636785030365,0
78.56371235847473,0
78.56492114067078,0
78.56705784797668,0
78.56708526611328,0
78.5672435760498,0
78.57713079452515,0
78.57716274261475,0
78.57717609405518,0
78.59210515022278,0
78.59245228767395,0
78.59246444702148,0
78.59548211097717,0
78.59550595283508,0
78.59570908546448,0
78.59573364257812,0
78.59651589393616,0
78.59655141830444,0
78.59720611572266,0
78.59720706939697,0
78.59724569320679,0
78.5982313156128,0
78.59828472137451,0
78.6022596359253,0
78.61632800102234,0
78.61658358573914,0
78.61659979820251,0
78.61661791801453,0
78.61715173721313,0
78.61718487739563,0
78.61720108985901,0
78.63767671585083,0
78.63797688484192,0
78.63799166679382,0
78.64188480377197,0
78.64191341400146,0
78.64208698272705,0
78.64307284355164,0
78.64472699165344,0
78.64620327949524,0
78.65820097923279,0
78.65865206718445,0
78.65867948532104,0
78.67341947555542,0
78.67344999313354,0
78.67706418037415,0
78.677077293396,0
78.6770875453949,0
78.67846608161926,0
78.67976427078247,0
78.67980980873108,0
78.67982292175293,0
78.67983603477478,0
78.68260335922241,0
78.68262028694153,0
78.68263077735901,0
78.6826798915863,0
78.68420839309692,0
78.68492031097412,0
78.68502116203308,0
78.68715929985046,0
78.69092321395874,0
78.69095158576965,0
78.69096398353577,0
78.69515919685364,0
78.6951744556427,0
78.6957700252533,0
78.69811153411865,0
78.69816875457764,0
78.69822669029236,0
78.71687936782837,0
78.71691250801086,0
78.71711754798889,0
78.72173070907593,0
78.72174620628357,0
78.72275424003601,0
78.72278046607971,0
78.72320222854614,0
78.72320365905762,0
78.72408318519592,0
78.72417211532593,0
78.72471141815186,0
78.73689484596252,0
78.73692655563354,0
78.7371437549591,0
78.74064230918884,0
78.7424681186676,0
78.75238227844238,0
78.75766229629517,0
78.75769686698914,0
78.75774621963501,0
78.77744364738464,0
78.77747797966003,0
78.7774932384491,0
78.78814911842346,0
78.7882719039917,0
78.7885913848877,0
78.78862071037292,0
78.79334044456482,0
78.79337167739868,0
78.79391360282898,0
78.79469919204712,0
78.79473114013672,0
78.79693365097046,0
78.79695081710815,0
78.79696369171143,0
78.79697585105896,0
78.79697775840759,0
78.7980809211731,0
78.81712412834167,0
78.81712460517883,0
78.81716918945312,0
78.82494258880615,0
78.82497000694275,0
78.82501077651978,0
78.82504105567932,0
78.8276720046997,0
78.8277633190155,0
78.82857036590576,0
78.82883286476135,0
78.83696603775024,0
78.836993932724,0
78.83700513839722,0
78.85691571235657,0
78.85694146156311,0
78.85873007774353,0
78.87428736686707,0
78.8743143081665,0
78.87473201751709,0
78.87551641464233,0
78.87603330612183,0
78.87604022026062,0
78.87610816955566,0
78.87654328346252,0
78.87683773040771,0
78.87685871124268,0
78.87689590454102,0
78.88099646568298,0
78.88165736198425,0
78.881680727005,0
78.88171911239624,0
78.88438558578491,0
78.88441181182861,0
78.88442707061768,0
78.89681601524353,0
78.89684414863586,0
78.89690661430359,0
78.89830994606018,0
78.89833760261536,0
78.89989948272705,0
78.89991617202759,0
78.90104031562805,0
78.90107202529907,0
78.90108299255371,0
78.90113592147827,0
78.91209125518799,0
78.91217064857483,0
78.91219067573547,0
78.91735124588013,0
78.91739344596863,0
78.91741800308228,0
78.93234038352966,0
78.93739914894104,0
78.9374041557312,0
78.93744492530823,0
78.95750880241394,0
78.95755410194397,0
78.95757246017456,0
78.96863079071045,0
78.96876430511475,0
78.9707145690918,0
78.97360134124756,0
78.97363662719727,0
78.97369503974915,0
78.97744989395142,0
78.97745728492737,0
78.97767210006714,0
78.9814989566803,0
78.98189234733582,0
78.98192381858826,0
78.98819541931152,0
78.99189448356628,0
78.99215412139893,0
78.99218773841858,0
78.99221467971802,0
78.99724340438843,0
78.99728035926819,0
78.99729585647583,0
79.00022912025452,0
79.00042080879211,0
79.00046443939209,0
79.00610899925232,0
79.00617122650146,0
79.0061731338501,0
79.00695776939392,0
79.01697421073914,0
79.01699328422546,0
79.01702976226807,0
79.01816248893738,0
79.01895308494568,0
79.03714776039124,0
79.03717684745789,0
79.03740739822388,0
79.0420572757721,0
79.04640054702759,0
79.04646921157837,0
79.04649305343628,0
79.04656267166138,0
79.04857969284058,0
79.04884910583496,0
79.04890823364258,0
79.05316877365112,0
79.05753350257874,0
79.05755949020386,0
79.05759406089783,0
79.07700061798096,0
79.07702779769897,0
79.07703828811646,0
79.08172988891602,0
79.08225798606873,0
79.08231258392334,0
79.08233618736267,0
79.0831789970398,0
79.08376455307007,0
79.08437204360962,0
79.08482074737549,0
79.08484506607056,0
79.08885931968689,0
79.08891153335571,0
79.09738755226135,0
79.09742259979248,0
79.09743905067444,0
79.11316227912903,0
79.1169364452362,0
79.11697101593018,0
79.11698317527771,0
79.1370530128479,0
79.13709020614624,0
79.13709092140198,0
79.14557456970215,0
79.14636492729187,0
79.14710068702698,0
79.14712333679199,0
79.14727926254272,0
79.14743733406067,0
79.149240732193,0
79.1496262550354,0
79.14973068237305,0
79.16080594062805,0
79.16084337234497,0
79.16089057922363,0
79.1777675151825,0
79.17780590057373,0
79.17782235145569,0
79.18722081184387,0
79.18748736381531,0
79.18752026557922,0
79.1885027885437,0
79.19065189361572,0
79.1911096572876,0
79.19114875793457,0
79.19435596466064,0
79.19749140739441,0
79.19751787185669,0
79.19755053520203,0
79.19765949249268,0
79.19776034355164,0
79.1978542804718,0
79.19787406921387,0
79.20596551895142,0
79.20620155334473,0
79.20621681213379,0
79.20785999298096,0
79.20824193954468,0
79.2102358341217,0
79.21025800704956,0
79.21116709709167,0
79.21270322799683,0
79.21754956245422,0
79.2175805568695,0
79.21762371063232,0
79.22388339042664,0
79.22872185707092,0
79.23718428611755,0
79.23721480369568,0
79.23740816116333,0
79.24078130722046,0
79.24216556549072,0
79.24220705032349,0
79.24243140220642,0
79.24335813522339,0
79.24374580383301,0
79.24377369880676,0
79.24378561973572,0
79.247718334198,0
79.25692534446716,0
79.25720524787903,0
79.25722885131836,0
79.2769684791565,0
79.27699565887451,0
79.27720165252686,0
79.29075527191162,0
79.29685974121094,0
79.29688787460327,0
79.29690051078796,0
79.30278539657593,0
79.30325102806091,0
79.30330610275269,0
79.3034155368805,0
79.30447626113892,0
79.30462431907654,0
79.30481338500977,0
79.30540704727173,0
79.30543422698975,0
79.31038618087769,0
79.31042790412903,0
79.31698942184448,0
79.31702160835266,0
79.31702375411987,0
79.33761358261108,0
79.33772277832031,0
79.33774495124817,0
79.34198379516602,0
79.34805107116699,0
79.34807848930359,0
79.35355019569397,0
79.35359001159668,0
79.35373139381409,0
79.35375690460205,0
79.3570454120636,0
79.35708594322205,0
79.35737991333008,0
79.38008403778076,0
79.38049387931824,0
79.38054323196411,0
79.3818986415863,0
79.38217210769653,0
79.38243436813354,0
79.38273811340332,0
79.39745259284973,0
79.39750289916992,0
79.39774441719055,0
79.40180492401123,0
79.40185260772705,0
79.40253782272339,0
79.40257906913757,0
79.40607213973999,0
79.40611410140991,0
79.41791009902954,0
79.41794848442078,0
79.41810083389282,0
79.42189931869507,0
79.42193031311035,0
79.42357921600342,0
79.42360067367554,0
79.4236011505127,0
79.42361497879028,0
79.42384576797485,0
79.42387318611145,0
79.4238760471344,0
79.42520570755005,0
79.43748474121094,0
79.4375114440918,0
79.4375593662262,0
79.45705127716064,0
79.45707702636719,0
79.45708656311035,0
79.4583809375763,0
79.45840167999268,0
79.45843362808228,0
79.45845675468445,0
79.46456789970398,0
79.46459150314331,0
79.46459674835205,0
79.46460747718811,0
79.47692394256592,0
79.47695016860962,0
79.47696375846863,0
79.48678398132324,0
79.48705315589905,0
79.49018406867981,0
79.49094414710999,0
79.49096822738647,0
79.49100399017334,0
79.49678134918213,0
79.49680805206299,0
79.4968192577362,0
79.50457882881165,0
79.50459957122803,0
79.50528001785278,0
79.50665402412415,0
79.50665426254272,0
79.50825452804565,0
79.50828862190247,0
79.51304149627686,0
79.51692795753479,0
79.51693558692932,0
79.51696228981018,0
79.53567862510681,0
79.53569960594177,0
79.5370032787323,0
79.53704142570496,0
79.53716897964478,0
79.55610346794128,0
79.55612683296204,0
79.55614829063416,0
79.55617022514343,0
79.55824851989746,0
79.55948305130005,0
79.55952620506287,0
79.56469440460205,0
79.56474328041077,0
79.56561923027039,0
79.57763910293579,0
79.57763934135437,0
79.57769989967346,0
79.59390020370483,0
79.59847378730774,0
79.5985312461853,0
79.59857821464539,0
79.61809420585632,0
79.61818099021912,0
79.61828255653381,0
79.6315450668335,0
79.63367819786072,0
79.63371896743774,0
79.63373756408691,0
79.63634252548218,0
79.63635778427124,0
79.6370735168457,0
79.63709115982056,0
79.63710427284241,0
79.63711643218994,0
79.63875842094421,0
79.63923144340515,0
79.64039921760559,0
79.6404070854187,0
79.6409432888031,0
79.64299321174622,0
79.65391969680786,0
79.65727043151855,0
79.6573576927185,0
79.65736389160156,0
79.65840315818787,0
79.65889358520508,0
79.65891671180725,0
79.65892815589905,0
79.66140699386597,0
79.66141271591187,0
79.67308521270752,0
79.67520785331726,0
79.67522025108337,0
79.67522406578064,0
79.67523074150085,0
79.67926669120789,0
79.67927646636963,0
79.67928409576416,0
79.68452668190002,0
79.68454122543335,0
79.68455457687378,0
79.68548250198364,0
79.70013427734375,0
79.70015788078308,0
79.70017313957214,0
79.71262550354004,0
79.71325850486755,0
79.71328401565552,0
79.71329665184021,0
79.71609091758728,0
79.7161192893982,0
79.71750950813293,0
79.71753406524658,0
79.71753764152527,0
79.71832633018494,0
79.71834540367126,0
79.71835947036743,0
79.71879363059998,0
79.71891641616821,0
79.73118877410889,0
79.7368905544281,0
79.73689103126526,0
79.73696422576904,0
79.75777888298035,0
79.75782442092896,0
79.75790095329285,0
79.77716565132141,0
79.77720761299133,0
79.77749967575073,0
79.78093099594116,0
79.7818775177002,0
79.78489875793457,0
79.7849371433258,0
79.78495478630066,0
79.78495597839355,0
79.78522086143494,0
79.78593277931213,0
79.7859411239624,0
79.7971580028534,0
79.79719948768616,0
79.79721784591675,0
79.8187050819397,0
79.81979942321777,0
79.819815158844,0
79.81983256340027,0
79.81985306739807,0
79.81986999511719,0
79.82185506820679,0
79.82200503349304,0
79.82480645179749,0
79.82642364501953,0
79.82810592651367,0
79.82843828201294,0
79.82999873161316,0
79.83835744857788,0
79.83837509155273,0
79.8384337425232,0
79.83986592292786,0
79.84027123451233,0
79.84028959274292,0
79.8403549194336,0
79.84314370155334,0
79.84314680099487,0
79.84368205070496,0
79.85701394081116,0
79.85704159736633,0
79.85704255104065,0
79.8724913597107,0
79.8770067691803,0
79.87703537940979,0
79.87704586982727,0
79.89680171012878,0
79.89682006835938,0
79.89690041542053,0
79.90047025680542,0
79.90050077438354,0
79.90051412582397,0
79.90052628517151,0
79.90106296539307,0
79.90110516548157,0
79.90112090110779,0
79.91729426383972,0
79.91733145713806,0
79.91740703582764,0
79.93346285820007,0
79.93369650840759,0
79.93753409385681,0
79.93755674362183,0
79.93757271766663,0
79.93763828277588,0
79.93866753578186,0
79.93985223770142,0
79.93992352485657,0
79.94003510475159,0
79.94005513191223,0
79.94210195541382,0
79.94211864471436,0
79.94217324256897,0
79.94401168823242,0
79.94885182380676,0
79.94887185096741,0
79.95722126960754,0
79.95723915100098,0
79.95726013183594,0
79.95968174934387,0
79.95981407165527,0
79.9598319530487,0
79.95984983444214,0
79.96357464790344,0
79.96371865272522,0
79.96374273300171,0
79.96908569335938,0
79.97461223602295,0
79.97466778755188,0
79.97840404510498,0
79.97841238975525,0
79.97843289375305,0
79.97843408584595,0
79.97853684425354,0
79.99749255180359,0
79.99753427505493,0
79.9975483417511,0
80.00954937934875,0
80.01021409034729,0
80.0104079246521,0
80.01407623291016,0
80.01410841941833,0
80.01774311065674,0
80.01779079437256,0
80.01793217658997,0
80.01910090446472,0
80.01919651031494,0
80.02079010009766,0
80.02476906776428,0
80.03528499603271,0
80.03699493408203,0
80.03701162338257,0
80.0392849445343,0
80.04060626029968,0
80.0407600402832,0
80.0409038066864,0
80.04103636741638,0
80.05713295936584,0
80.05715847015381,0
80.05718946456909,0
80.06160616874695,0
80.06162214279175,0
80.0617573261261,0
80.06314444541931,0
80.06555819511414,0
80.07902956008911,0
80.07906222343445,0
80.07906317710876,0
80.08720850944519,0
80.09146332740784,0
80.09147500991821,0
80.09148597717285,0
80.09148645401001,0
80.0937569141388,0
80.09375977516174,0
80.09377574920654,0
80.094717502594,0
80.09475612640381,0
80.0967800617218,0
80.09680604934692,0
80.09681701660156,0
80.09863996505737,0
80.09867453575134,0
80.1168966293335,0
80.11693096160889,0
80.11704182624817,0
80.13713026046753,0
80.13715100288391,0
80.13715314865112,0
80.13717007637024,0
80.14435696601868,0
80.14439296722412,0
80.15711975097656,0
80.15717506408691,0
80.1571946144104,0
80.16480255126953,0
80.16483187675476,0
80.16485285758972,0
80.16492199897766,0
80.17362689971924,0
80.1736524105072,0
80.17374205589294,0
80.17609453201294,0
80.17609977722168,0
80.17612099647522,0
80.17612385749817,0
80.1791307926178,0
80.17915320396423,0
80.1792471408844,0
80.18358707427979,0
80.18424344062805,0
80.18426942825317,0
80.19092559814453,0
80.19708228111267,0
80.19709944725037,0
80.19736790657043,0
80.21757435798645,0
80.21759462356567,0
80.21763586997986,0
80.21771121025085,0
80.21782302856445,0
80.21788454055786,0
80.2179069519043,0
80.21796345710754,0
80.21800875663757,0
80.21808981895447,0
80.21818923950195,0
80.21824812889099,0
80.218266248703,0
80.21833062171936,0
80.21991229057312,0
80.22486162185669,0
80.22553777694702,0
80.23702788352966,0
80.23705792427063,0
80.23706936836243,0
80.24115061759949,0
80.244961977005,0
80.24528527259827,0
80.24531126022339,0
80.24532341957092,0
80.247243642807,0
80.24734282493591,0
80.24787259101868,0
80.2567732334137,0
80.25679755210876,0
80.25694489479065,0
80.27692866325378,0
80.27695775032043,0
80.27709889411926,0
80.29689288139343,0
80.29692268371582,0
80.29693531990051,0
80.31261825561523,0
80.32135200500488,0
80.32137823104858,0
80.32138514518738,0
80.32139492034912,0
80.32140946388245,0
80.32151222229004,0
80.32152843475342,0
80.32154107093811,0
80.32180690765381,0
80.32457613945007,0
80.32460641860962,0
80.32560300827026,0
80.32563066482544,0
80.3269522190094,0
80.32697868347168,0
80.32771039009094,0
80.33709239959717,0
80.33712601661682,0
80.33712959289551,0
80.35474276542664,0
80.35477781295776,0
80.35479521751404,0
80.3548150062561,0
80.35770344734192,0
80.35774540901184,0
80.35777974128723,0
80.35842752456665,0
80.35864686965942,0
80.35868263244629,0
80.37773036956787,0
80.37778544425964,0
80.37780475616455,0
80.39242815971375,0
80.39736199378967,0
80.39740920066833,0
80.39741587638855,0
80.42067575454712,0
80.4209954738617,0
80.42103385925293,0
80.42105269432068,0
80.42105650901794,0
80.42107796669006,0
80.42107963562012,0
80.42278337478638,0
80.4229109287262,0
80.42293739318848,0
80.43744134902954,0
80.43896055221558,0
80.43986129760742,0
80.44121074676514,0
80.44129633903503,0
80.44303941726685,0
80.44304180145264,0
80.45692014694214,0
80.4569206237793,0
80.45701861381531,0
80.46023225784302,0
80.46025824546814,0
80.4602677822113,0
80.46027731895447,0
80.46157050132751,0
80.46172332763672,0
80.46175265312195,0
80.46263337135315,0
80.4774398803711,0
80.47744011878967,0
80.47747731208801,0
80.48885226249695,0
80.48887491226196,0
80.48888659477234,0
80.49022960662842,0
80.49092173576355,0
80.49100136756897,0
80.49101829528809,0
80.49203538894653,0
80.49287247657776,0
80.49833917617798,0
80.49836897850037,0
80.49838161468506,0
80.50683999061584,0
80.50687050819397,0
80.50690054893494,0
80.50695514678955,0
80.50697755813599,0
80.51680254936218,0
80.51682877540588,0
80.51686263084412,0
80.52554488182068,0
80.52820563316345,0
80.52997064590454,0
80.53688669204712,0
80.53690004348755,0
80.53698563575745,0
80.54720950126648,0
80.5472719669342,0
80.5495491027832,0
80.54962849617004,0
80.54982686042786,0
80.55182552337646,0
80.55199885368347,0
80.55201745033264,0
80.55258750915527,0
80.55756974220276,0
80.55759954452515,0
80.55762720108032,0
80.57711219787598,0
80.57713007926941,0
80.57717800140381,0
80.58979797363281,0
80.59530568122864,0
80.59552717208862,0
80.59555435180664,0
80.59562635421753,0
80.59703969955444,0
80.59707188606262,0
80.59708452224731,0
80.5988347530365,0
80.59884858131409,0
80.59885549545288,0
80.59998226165771,0
80.60001420974731,0
80.60130548477173,0
80.60136151313782,0
80.61746883392334,0
80.61750388145447,0
80.61751794815063,0
80.63709306716919,0
80.63712215423584,0
80.63718819618225,0
80.64931440353394,0
80.6564416885376,0
80.6567063331604,0
80.65672659873962,0
80.65716338157654,0
80.65718507766724,0
80.65719604492188,0
80.65800595283508,0
80.65980744361877,0
80.65983557701111,0
80.66058588027954,0
80.66218161582947,0
80.66221022605896,0
80.66243314743042,0
80.66244339942932,0
80.66728258132935,0
80.66729879379272,0
80.66730904579163,0
80.66731429100037,0
80.66966700553894,0
80.67749619483948,0
80.67750692367554,0
80.67751717567444,0
80.68997645378113,0
80.69570875167847,0
80.69573211669922,0
80.69576621055603,0
80.69582796096802,0
80.69686841964722,0
80.69709014892578,0
80.6971070766449,0
80.70008707046509,0
80.70012331008911,0
80.70025706291199,0
80.70127773284912,0
80.70134544372559,0
80.70242285728455,0
80.70246362686157,0
80.70467567443848,0
80.70667481422424,0
80.70749139785767,0
80.71625018119812,0
80.71677350997925,0
80.7167980670929,0
80.71680879592896,0
80.7169075012207,0
80.71791911125183,0
80.71818113327026,0
80.71831917762756,0
80.71834111213684,0
80.73152875900269,0
80.73154640197754,0
80.7318868637085,0
80.73676323890686,0
80.7367889881134,0
80.7368369102478,0
80.75225615501404,0
80.75691270828247,0
80.75694465637207,0
80.75695943832397,0
80.77778315544128,0
80.7778308391571,0
80.77858114242554,0
80.78634572029114,0
80.78638291358948,0
80.78641390800476,0
80.78870868682861,0
80.78879046440125,0
80.78922939300537,0
80.78926467895508,0
80.79722189903259,0
80.79725742340088,0
80.7972719669342,0
80.7998514175415,0
80.80232238769531,0
80.81525182723999,0
80.81533622741699,0
80.81726217269897,0
80.81729364395142,0
80.81733918190002,0
80.82184219360352,0
80.82189345359802,0
80.8315167427063,0
80.83750987052917,0
80.83759117126465,0
80.8376202583313,0
80.85741543769836,0
80.85742592811584,0
80.85750102996826,0
80.85750365257263,0
80.85751342773438,0
80.85757255554199,0
80.85758566856384,0
80.85899949073792,0
80.85901474952698,0
80.85905623435974,0
80.87439632415771,0
80.87696576118469,0
80.87699151039124,0
80.8770227432251,0
80.89342904090881,0
80.89346170425415,0
80.89347314834595,0
80.89348483085632,0
80.89706420898438,0
80.8970935344696,0
80.89720392227173,0
80.9169442653656,0
80.91697764396667,0
80.91699481010437,0
80.92653465270996,0
80.92657208442688,0
80.9265947341919,0
80.92773008346558,0
80.92876148223877,0
80.92984223365784,0
80.92988753318787,0
80.93123841285706,0
80.93701171875,0
80.9370493888855,0
80.93716287612915,0
80.94493198394775,0
80.94501209259033,0
80.94658088684082,0
80.9482262134552,0
80.94823884963989,0
80.95003294944763,0
80.95005631446838,0
80.95007658004761,0
80.95010375976562,0
80.95913076400757,0
80.95917439460754,0
80.95919346809387,0
80.97808241844177,0
80.97817516326904,0
80.97820353507996,0
80.9828872680664,0
80.99726891517639,0
80.99731040000916,0
80.99748682975769,0
81.0125732421875,0
81.01318264007568,0
81.01322984695435,0
81.013347864151,0
81.01736092567444,0
81.01740431785583,0
81.0174925327301,0
81.01935410499573,0
81.01936054229736,0
81.02041411399841,0
81.02131175994873,0
81.02135133743286,0
81.0239622592926,0
81.02467799186707,0
81.02597713470459,0
81.033611536026,0
81.03363609313965,0
81.03372478485107,0
81.03374123573303,0
81.0370602607727,0
81.03710293769836,0
81.03711867332458,0
81.04532980918884,0
81.04534935951233,0
81.0456154346466,0
81.04684352874756,0
81.0494794845581,0
81.04992914199829,0
81.05702519416809,0
81.05705499649048,0
81.05709624290466,0
81.07700753211975,0
81.07702016830444,0
81.07702970504761,0
81.08784079551697,0
81.08785390853882,0
81.08788967132568,0
81.08801436424255,0
81.09124946594238,0
81.09127950668335,0
81.09226107597351,0
81.09293842315674,0
81.09328436851501,0
81.09720015525818,0
81.09722948074341,0
81.09723973274231,0
81.09909629821777,0
81.09913730621338,0
81.09996151924133,0
81.11695909500122,0
81.11714625358582,0
81.11716914176941,0
81.11841893196106,0
81.11864733695984,0
81.11988043785095,0
81.11990690231323,0
81.12079215049744,0
81.1208131313324,0
81.13692712783813,0
81.13696026802063,0
81.13724732398987,0
81.1446521282196,0
81.14468908309937,0
81.14477801322937,0
81.14740586280823,0
81.14797925949097,0
81.14800357818604,0
81.14801359176636,0
81.14975333213806,0
81.1503643989563,0
81.15096998214722,0
81.15142869949341,0
81.15703320503235,0
81.15707063674927,0
81.1570930480957,0
81.15947437286377,0
81.16099190711975,0
81.16102814674377,0
81.16108059883118,0
81.17772960662842,0
81.17777442932129,0
81.17796897888184,0
81.18451404571533,0
81.1845338344574,0
81.18489360809326,0
81.18719696998596,0
81.1872444152832,0
81.18935966491699,0
81.1893663406372,0
81.19035148620605,0
81.19648337364197,0
81.19980716705322,0
81.19983768463135,0
81.20047950744629,0
81.21738862991333,0
81.21754145622253,0
81.21755981445312,0
81.22181844711304,0
81.2218701839447,0
81.2218759059906,0
81.22188925743103,0
81.2248272895813,0
81.22493553161621,0
81.2249402999878,0
81.23565435409546,0
81.23665690422058,0
81.2371871471405,0
81.23720932006836,0
81.23721122741699,0
81.237863779068,0
81.25502109527588,0
81.25509238243103,0
81.25513291358948,0
81.25514817237854,0
81.25762271881104,0
81.25766682624817,0
81.25767970085144,0
81.27699613571167,0
81.27699637413025,0
81.27702736854553,0
81.28946924209595,0
81.28970575332642,0
81.29024910926819,0
81.29086327552795,0
81.29181933403015,0
81.29676747322083,0
81.29679131507874,0
81.29682064056396,0
81.30550861358643,0
81.30550980567932,0
81.30720901489258,0
81.30726480484009,0
81.30865001678467,0
81.31690812110901,0
81.31693696975708,0
81.31695532798767,0
81.31928515434265,0
81.3195493221283,0
81.32023763656616,0
81.32222723960876,0
81.32226395606995,0
81.32231616973877,0
81.33255243301392,0
81.33258581161499,0
81.33315825462341,0
81.33697724342346,0
81.33703279495239,0
81.33706092834473,0
81.35113644599915,0
81.35725498199463,0
81.35729575157166,0
81.35731363296509,0
81.3752236366272,0
81.37526631355286,0
81.37554669380188,0
81.37557291984558,0
81.3773090839386,0
81.37732768058777,0
81.37734508514404,0
81.3970079421997,0
81.39703941345215,0
81.39710760116577,0
81.41720914840698,0
81.41725659370422,0
81.41896486282349,0
81.42577052116394,0
81.42666506767273,0
81.42724347114563,0
81.42927646636963,0
81.42974424362183,0
81.43091487884521,0
81.43116354942322,0
81.43229651451111,0
81.4327347278595,0
81.43276143074036,0
81.43314957618713,0
81.43320965766907,0
81.43544578552246,0
81.43551230430603,0
81.43742632865906,0
81.4374692440033,0
81.43749666213989,0
81.4375491142273,0
81.45688557624817,0
81.4570529460907,0
81.4571475982666,0
81.46288323402405,0
81.46322178840637,0
81.4633948802948,0
81.46339821815491,0
81.46535992622375,0
81.46695637702942,0
81.47853493690491,0
81.47856640815735,0
81.47860956192017,0
81.49057126045227,0
81.49383640289307,0
81.49447393417358,0
81.49454975128174,0
81.4954993724823,0
81.49552488327026,0
81.49719786643982,0
81.49721479415894,0
81.49725675582886,0
81.49733328819275,0
81.49755954742432,0
81.4991238117218,0
81.50456714630127,0
81.50490736961365,0
81.50492978096008,0
81.5050253868103,0
81.50633454322815,0
81.50664329528809,0
81.50668168067932,0
81.51696825027466,0
81.51718282699585,0
81.51720643043518,0
81.53334045410156,0
81.5369279384613,0
81.53695774078369,0
81.53701853752136,0
81.55732107162476,0
81.55736446380615,0
81.55762910842896,0
81.55833220481873,0
81.55845355987549,0
81.56003475189209,0
81.56022310256958,0
81.56325769424438,0
81.56358742713928,0
81.5636875629425,0
81.5637047290802,0
81.56380891799927,0
81.57738423347473,0
81.57741475105286,0
81.5775203704834,0
81.59708213806152,0
81.59722661972046,0
81.59726738929749,0
81.60966086387634,0
81.61596941947937,0
81.62101101875305,0
81.62105202674866,0
81.62106657028198,0
81.62107992172241,0
81.62109422683716,0
81.62110829353333,0
81.62114000320435,0
81.62115621566772,0
81.62117433547974,0
81.62542033195496,0
81.62569618225098,0
81.62829160690308,0
81.62831830978394,0
81.62977647781372,0
81.6297767162323,0
81.62979936599731,0
81.62980961799622,0
81.63283061981201,0
81.63313627243042,0
81.63353967666626,0
81.63723540306091,0
81.63762879371643,0
81.6376314163208,0
81.6401104927063,0
81.64013695716858,0
81.6417179107666,0
81.64175081253052,0
81.64293217658997,0
81.64321875572205,0
81.64356589317322,0
81.65705966949463,0
81.65706062316895,0
81.6570999622345,0
81.67910289764404,0
81.67912983894348,0
81.67914271354675,0
81.68344497680664,0
81.69708251953125,0
81.6971046924591,0
81.6971082687378,0
81.7107458114624,0
81.71077108383179,0
81.71082806587219,0
81.71084570884705,0
81.71235060691833,0
81.71239256858826,0
81.71241092681885,0
81.7139573097229,0
81.71397256851196,0
81.71535563468933,0
81.71539640426636,0
81.71597146987915,0
81.71692824363708,0
81.71696615219116,0
81.71696710586548,0
81.71816754341125,0
81.72192978858948,0
81.722731590271,0
81.73704719543457,0
81.73707842826843,0
81.73710203170776,0
81.74468660354614,0
81.75009322166443,0
81.75017786026001,0
81.75157427787781,0
81.75159168243408,0
81.75163984298706,0
81.75169134140015,0
81.75516843795776,0
81.75519704818726,0
81.75523900985718,0
81.75682425498962,0
81.75685477256775,0
81.75691962242126,0
81.77717638015747,0
81.77721214294434,0
81.77722787857056,0
81.7900722026825,0
81.79586148262024,0
81.79780673980713,0
81.79783654212952,0
81.79784774780273,0
81.79786849021912,0
81.79792404174805,0
81.79796099662781,0
81.8017566204071,0
81.80183243751526,0
81.80185174942017,0
81.80198121070862,0
81.80204558372498,0
81.80215740203857,0
81.80219435691833,0
81.8039984703064,0
81.80592203140259,0
81.806804895401,0
81.81700396537781,0
81.81708526611328,0
81.81710290908813,0
81.81990146636963,0
81.82209825515747,0
81.82220983505249,0
81.82224750518799,0
81.82272624969482,0
81.8227710723877,0
81.82279014587402,0
81.83718943595886,0
81.83728575706482,0
81.83730936050415,0
81.83892369270325,0
81.83897042274475,0
81.83898663520813,0
81.83931851387024,0
81.84024834632874,0
81.84028196334839,0
81.84052848815918,0
81.84131646156311,0
81.85726499557495,0
81.85730218887329,0
81.8573203086853,0
81.87401843070984,0
81.87671542167664,0
81.87749123573303,0
81.87753367424011,0
81.87755370140076,0
81.88013005256653,0
81.8801634311676,0
81.89386224746704,0
81.89403033256531,0
81.89405083656311,0
81.8969669342041,0
81.89718246459961,0
81.89724230766296,0
81.91708731651306,0
81.91710758209229,0
81.91714406013489,0
81.92152953147888,0
81.92157649993896,0
81.9232428073883,0
81.92329382896423,0
81.92398238182068,0
81.93717288970947,0
81.93720936775208,0
81.9372251033783,0
81.94862794876099,0
81.94889521598816,0
81.95041489601135,0
81.95045518875122,0
81.95075869560242,0
81.95079827308655,0
81.95346093177795,0
81.95352363586426,0
81.95354771614075,0
81.9537193775177,0
81.9569582939148,0
81.9570062160492,0
81.95702409744263,0
81.9653570652008,0
81.96563172340393,0
81.96575427055359,0
81.96576929092407,0
81.96900534629822,0
81.96934938430786,0
81.96939301490784,0
81.97761464118958,0
81.97766280174255,0
81.97776174545288,0
81.99707651138306,0
81.99711656570435,0
81.99773812294006,0
82.00289559364319,0
82.00296592712402,0
82.0172803401947,0
82.01737356185913,0
82.01739025115967,0
82.02373886108398,0
82.023841381073,0
82.02580261230469,0
82.03669762611389,0
82.03674149513245,0
82.03680205345154,0
82.03688216209412,0
82.03762984275818,0
82.03766393661499,0
82.03767967224121,0
82.03966236114502,0
82.03971791267395,0
82.03976631164551,0
82.04266858100891,0
82.05732560157776,0
82.05737066268921,0
82.05748319625854,0
82.05990743637085,0
82.05995726585388,0
82.06004285812378,0
82.06007194519043,0
82.0647222995758,0
82.06482195854187,0
82.06599593162537,0
82.07780599594116,0
82.07786512374878,0
82.07789731025696,0
82.0973448753357,0
82.09739112854004,0
82.09749674797058,0
82.10811614990234,0
82.1081554889679,0
82.10817360877991,0
82.10818028450012,0
82.10955810546875,0
82.10959672927856,0
82.10983872413635,0
82.11087155342102,0
82.11090755462646,0
82.11317539215088,0
82.11324787139893,0
82.11479330062866,0
82.11757230758667,0
82.117591381073,0
82.11762380599976,0
82.12399768829346,0
82.12448930740356,0
82.12592554092407,0
82.12595081329346,0
82.12980198860168,0
82.13004040718079,0
82.1304976940155,0
82.13065528869629,0
82.13068199157715,0
82.13371634483337,0
82.13718390464783,0
82.13753747940063,0
82.13757514953613,0
82.15731978416443,0
82.15736722946167,0
82.15747022628784,0
82.15877079963684,0
82.17759370803833,0
82.17774438858032,0
82.17774653434753,0
82.19113779067993,0
82.19821524620056,0
82.19842386245728,0
82.19843029975891,0
82.20159912109375,0
82.20186066627502,0
82.20205187797546,0
82.20208811759949,0
82.20366144180298,0
82.20402002334595,0
82.20406818389893,0
82.20526075363159,0
82.21569728851318,0
82.22206020355225,0
82.22206115722656,0
82.22218823432922,0
82.22261762619019,0
82.22266030311584,0
82.22289514541626,0
82.22320890426636,0
82.2239282131195,0
82.22498536109924,0
82.2353892326355,0
82.23558163642883,0
82.23559999465942,0
82.23565936088562,0
82.23697710037231,0
82.23701357841492,0
82.23707795143127,0
82.23823142051697,0
82.23827886581421,0
82.23830127716064,0
82.25569105148315,0
82.25755000114441,0
82.25760698318481,0
82.25763082504272,0
82.25771880149841,0
82.2588381767273,0
82.27744913101196,0
82.27750182151794,0
82.27752637863159,0
82.29066586494446,0
82.29072999954224,0
82.29078412055969,0
82.29083609580994,0
82.29088973999023,0
82.2909483909607,0
82.29099726676941,0
82.29797530174255,0
82.29801106452942,0
82.29810619354248,0
82.30754208564758,0
82.3076069355011,0
82.30808186531067,0
82.30814218521118,0
82.30952715873718,0
82.31332397460938,0
82.31345748901367,0
82.31698417663574,0
82.31702375411987,0
82.31705522537231,0
82.31705737113953,0
82.31706762313843,0
82.31712365150452,0
82.31808352470398,0
82.31954669952393,0
82.31957459449768,0
82.31964087486267,0
82.33756589889526,0
82.33756923675537,0
82.33762407302856,0
82.33981680870056,0
82.34058451652527,0
82.34062099456787,0
82.34065198898315,0
82.34361052513123,0
82.3436450958252,0
82.34403491020203,0
82.34445929527283,0
82.35348129272461,0
82.35373044013977,0
82.35399270057678,0
82.3540267944336,0
82.35721349716187,0
82.3572506904602,0
82.35726642608643,0
82.37555646896362,0
82.37574291229248,0
82.37588214874268,0
82.37763857841492,0
82.37821984291077,0
82.37822771072388,0
82.39449763298035,0
82.39483189582825,0
82.39839506149292,0
82.39841961860657,0
82.3984911441803,0
82.39851069450378,0
82.39857316017151,0
82.41157531738281,0
82.4172637462616,0
82.41730856895447,0
82.4173333644867,0
82.4374771118164,0
82.43753838539124,0
82.43767786026001,0
82.46090531349182,0
82.46099638938904,0
82.46103262901306,0
82.46322226524353,0
82.46384978294373,0
82.46849346160889,0
82.46871948242188,0
82.47809195518494,0
82.47809863090515,0
82.47821712493896,0
82.48521518707275,0
82.48585414886475,0
82.4859185218811,0
82.48940706253052,0
82.4952118396759,0
82.49523544311523,0
82.49714350700378,0
82.4971649646759,0
82.49789929389954,0
82.50142121315002,0
82.50149607658386,0
82.51729846000671,0
82.51735424995422,0
82.51737642288208,0
82.52790784835815,0
82.53532004356384,0
82.53559613227844,0
82.53847360610962,0
82.53849744796753,0
82.53852343559265,0
82.53854608535767,0
82.53860211372375,0
82.53875923156738,0
82.53878569602966,0
82.55095911026001,0
82.5510606765747,0
82.55109715461731,0
82.55379390716553,0
82.55740451812744,0
82.55784225463867,0
82.55805468559265,0
82.55805492401123,0
82.55901980400085,0
82.56263899803162,0
82.57438015937805,0
82.57761764526367,0
82.57786655426025,0
82.57789659500122,0
82.58955502510071,0
82.5895779132843,0
82.58959865570068,0
82.58965468406677,0
82.58967924118042,0
82.58972477912903,0
82.58978199958801,0
82.59092974662781,0
82.59100270271301,0
82.59115767478943,0
82.59117722511292,0
82.59163641929626,0
82.59190654754639,0
82.59193229675293,0
82.59440898895264,0
82.59445977210999,0
82.59828352928162,0
82.59832406044006,0
82.59833884239197,0
82.60395002365112,0
82.60406756401062,0
82.60414028167725,0
82.612233877182,0
82.61227941513062,0
82.61229372024536,0
82.61246514320374,0
82.61248254776001,0
82.61249470710754,0
82.61250829696655,0
82.61557722091675,0
82.61761689186096,0
82.61764430999756,0
82.61765670776367,0
82.63708782196045,0
82.63712811470032,0
82.6371397972107,0
82.64524435997009,0
82.64526772499084,0
82.64540553092957,0
82.64544939994812,0
82.64562225341797,0
82.64585876464844,0
82.64592599868774,0
82.64868402481079,0
82.65111112594604,0
82.65570092201233,0
82.65750241279602,0
82.65753602981567,0
82.65755271911621,0
82.68013072013855,0
82.68016290664673,0
82.68018293380737,0
82.68336796760559,0
82.68351006507874,0
82.6835367679596,0
82.68425583839417,0
82.68589472770691,0
82.68591117858887,0
82.68604373931885,0
82.69742608070374,0
82.69746828079224,0
82.6975417137146,0
82.70068383216858,0
82.70073103904724,0
82.70331239700317,0
82.7033462524414,0
82.71680903434753,0
82.71683430671692,0
82.71713590621948,0
82.73263144493103,0
82.73712086677551,0
82.73719191551208,0
82.73721671104431,0
82.75816941261292,0
82.75936698913574,0
82.76070952415466,0
82.7614815235138,0
82.76151943206787,0
82.76418328285217,0
82.76429533958435,0
82.76432132720947,0
82.76434135437012,0
82.77826929092407,0
82.77831935882568,0
82.77835392951965,0
82.78087973594666,0
82.78088140487671,0
82.78129720687866,0
82.78938913345337,0
82.79854130744934,0
82.79865169525146,0
82.79867267608643,0
82.79869198799133,0
82.79870772361755,0
82.79885172843933,0
82.80070328712463,0
82.80160546302795,0
82.80221366882324,0
82.80499482154846,0
82.80501198768616,0
82.81705331802368,0
82.81707239151001,0
82.81709599494934,0
82.81852602958679,0
82.81855511665344,0
82.81868505477905,0
82.81870722770691,0
82.82141709327698,0
82.82146310806274,0
82.82146716117859,0
82.82162666320801,0
82.83771538734436,0
82.83778834342957,0
82.8379373550415,0
82.85043621063232,0
82.85049176216125,0
82.8505163192749,0
82.85144996643066,0
82.85464024543762,0
82.8552668094635,0
82.85553908348083,0
82.85628247261047,0
82.8578577041626,0
82.85790371894836,0
82.85797810554504,0
82.86242032051086,0
82.86668801307678,0
82.86968350410461,0
82.87329721450806,0
82.87740659713745,0
82.87744808197021,0
82.8774664402008,0
82.88265633583069,0
82.88288378715515,0
82.88297700881958,0
82.88307905197144,0
82.89966177940369,0
82.89969158172607,0
82.89970421791077,0
82.90304446220398,0
82.90310049057007,0
82.90313839912415,0
82.9032187461853,0
82.90328526496887,0
82.90432167053223,0
82.90434527397156,0
82.91403937339783,0
82.91696166992188,0
82.91699194908142,0
82.91700387001038,0
82.93719100952148,0
82.93724870681763,0
82.93738007545471,0
82.94204902648926,0
82.94205141067505,0
82.94432282447815,0
82.94443726539612,0
82.94446325302124,0
82.94448733329773,0
82.94653654098511,0
82.94681453704834,0
82.94692492485046,0
82.95754528045654,0
82.95759439468384,0
82.95763158798218,0
82.97486233711243,0
82.97795033454895,0
82.97795724868774,0
82.9779703617096,0
82.99762296676636,0
82.99765944480896,0
82.99768877029419,0
82.99771785736084,0
82.99800610542297,0
82.99803638458252,0
82.99819946289062,0
83.01770782470703,0
83.01775455474854,0
83.01777267456055,0
83.02392864227295,0
83.0243091583252,0
83.02439188957214,0
83.02592134475708,0
83.02599167823792,0
83.02849769592285,0
83.02855730056763,0
83.0292661190033,0
83.03034210205078,0
83.03740000724792,0
83.03747653961182,0
83.03749990463257,0
83.05547738075256,0
83.05753874778748,0
83.05760312080383,0
83.05772304534912,0
83.0776162147522,0
83.07767486572266,0
83.07770776748657,0
83.0882351398468,0
83.08827829360962,0
83.08829832077026,0
83.08831930160522,0
83.09595847129822,0
83.09600734710693,0
83.09653973579407,0
83.09732127189636,0
83.09732508659363,0
83.09737825393677,0
83.10091376304626,0
83.10095047950745,0
83.10096502304077,0
83.10106897354126,0
83.10633134841919,0
83.10776710510254,0
83.10780453681946,0
83.10798668861389,0
83.1135516166687,0
83.11358618736267,0
83.11498141288757,0
83.11503529548645,0
83.11699485778809,0
83.11702609062195,0
83.11703824996948,0
83.1185142993927,0
83.13860964775085,0
83.13869738578796,0
83.13879346847534,0
83.15739059448242,0
83.15745306015015,0
83.15758061408997,0
83.17769956588745,0
83.17772817611694,0
83.177809715271,0
83.17791438102722,0
83.17827868461609,0
83.1783127784729,0
83.17833685874939,0
83.18113398551941,0
83.18118810653687,0
83.18437337875366,0
83.18441915512085,0
83.18995571136475,0
83.18999290466309,0
83.1903886795044,0
83.19731855392456,0
83.19735264778137,0
83.1973659992218,0
83.19907569885254,0
83.20648622512817,0
83.20685982704163,0
83.20704102516174,0
83.20735025405884,0
83.20906591415405,0
83.20917844772339,0
83.20919895172119,0
83.21227645874023,0
83.21234798431396,0
83.21236252784729,0
83.21237659454346,0
83.2172486782074,0
83.21725273132324,0
83.21727848052979,0
83.21729183197021,0
83.218829870224,0
83.23647952079773,0
83.23651123046875,0
83.23657035827637,0
83.2373354434967,0
83.237375497818,0
83.23739504814148,0
83.23776292800903,0
83.2394859790802,0
83.23953175544739,0
83.23980331420898,0
83.24095606803894,0
83.25710558891296,0
83.25715923309326,0
83.25718235969543,0
83.26424837112427,0
83.26896238327026,0
83.27784037590027,0
83.27787470817566,0
83.2778844833374,0
83.2929470539093,0
83.2929916381836,0
83.2942407131195,0
83.29428291320801,0
83.29750204086304,0
83.29753732681274,0
83.29755473136902,0
83.29757046699524,0
83.29758858680725,0
83.29951190948486,0
83.3010139465332,0
83.30104422569275,0
83.30111980438232,0
83.30113768577576,0
83.30201816558838,0
83.30204725265503,0
83.3020555973053,0
83.3028655052185,0
83.30291271209717,0
83.30530595779419,0
83.30533766746521,0
83.31240844726562,0
83.31801843643188,0
83.31803393363953,0
83.31835460662842,0
83.3183844089508,0
83.31840491294861,0
83.31842184066772,0
83.31843638420105,0
83.32280135154724,0
83.32283902168274,0
83.32316970825195,0
83.33104109764099,0
83.33743047714233,0
83.33749532699585,0
83.33751177787781,0
83.3451337814331,0
83.34538459777832,0
83.34882521629333,0
83.34887099266052,0
83.34914469718933,0
83.34931373596191,0
83.34946036338806,0
83.34950876235962,0
83.34955763816833,0
83.35727429389954,0
83.35731482505798,0
83.35742282867432,0
83.37362337112427,0
83.37793731689453,0
83.37798404693604,0
83.37808561325073,0
83.39291477203369,0
83.39317536354065,0
83.39321398735046,0
83.39370584487915,0
83.39733123779297,0
83.39737796783447,0
83.39790225028992,0
83.41721272468567,0
83.41803503036499,0
83.41816735267639,0
83.42426586151123,0
83.42430424690247,0
83.42435932159424,0
83.42648482322693,0
83.42656087875366,0
83.42800855636597,0
83.42809057235718,0
83.42901945114136,0
83.43712067604065,0
83.43755054473877,0
83.43784236907959,0
83.44774460792542,0
83.44778680801392,0
83.44822669029236,0
83.44828391075134,0
83.44838953018188,0
83.44844222068787,0
83.44849252700806,0
83.44856381416321,0
83.45518636703491,0
83.45713019371033,0
83.45717096328735,0
83.457266330719,0
83.47327256202698,0
83.47854733467102,0
83.47864651679993,0
83.47883009910583,0
83.49805402755737,0
83.49810814857483,0
83.49815607070923,0
83.51714181900024,0
83.5171730518341,0
83.51719617843628,0
83.53002619743347,0
83.53004717826843,0
83.53163051605225,0
83.53166937828064,0
83.53214502334595,0
83.53218412399292,0
83.53727602958679,0
83.53736639022827,0
83.53739047050476,0
83.53751587867737,0
83.5375440120697,0
83.53909158706665,0
83.53928756713867,0
83.53935837745667,0
83.54244756698608,0
83.54246187210083,0
83.55725431442261,0
83.55729746818542,0
83.55755925178528,0
83.56066465377808,0
83.56069707870483,0
83.56079697608948,0
83.560879945755,0
83.56715083122253,0
83.56717610359192,0
83.56720209121704,0
83.56730008125305,0
83.57724738121033,0
83.5772955417633,0
83.57746481895447,0
83.59364414215088,0
83.59370064735413,0
83.59402823448181,0
83.59406280517578,0
83.597323179245,0
83.59734416007996,0
83.59736371040344,0
83.60074853897095,0
83.60190200805664,0
83.60198783874512,0
83.60222363471985,0
83.6039936542511,0
83.60423946380615,0
83.61031937599182,0
83.61038088798523,0
83.61403489112854,0
83.61410236358643,0
83.61723804473877,0
83.61725664138794,0
83.61727619171143,0
83.63022661209106,0
83.63050174713135,0
83.63090896606445,0
83.63705778121948,0
83.63711500167847,0
83.63712334632874,0
83.63936042785645,0
83.64083743095398,0
83.64088869094849,0
83.64090275764465,0
83.65878438949585,0
83.65882754325867,0
83.65885066986084,0
83.66483616828918,0
83.66514229774475,0
83.6651840209961,0
83.66671586036682,0
83.67258596420288,0
83.67262578010559,0
83.67264342308044,0
83.6726906299591,0
83.6773567199707,0
83.67740774154663,0
83.6774308681488,0
83.68159198760986,0
83.68175029754639,0
83.68177962303162,0
83.68433856964111,0
83.68434810638428,0
83.69197034835815,0
83.69198775291443,0
83.69734859466553,0
83.69738435745239,0
83.69739890098572,0
83.7183153629303,0
83.7183690071106,0
83.71848702430725,0
83.7322645187378,0
83.7374620437622,0
83.73752856254578,0
83.73755216598511,0
83.75742411613464,0
83.75743985176086,0
83.75747084617615,0
83.76457333564758,0
83.76470613479614,0
83.76658987998962,0
83.7668628692627,0
83.76690316200256,0
83.76701784133911,0
83.77197504043579,0
83.77197647094727,0
83.77200031280518,0
83.77337098121643,0
83.77357244491577,0
83.773681640625,0
83.7737033367157,0
83.77768540382385,0
83.77772688865662,0
83.7777464389801,0
83.78775310516357,0
83.78778171539307,0
83.7878143787384,0
83.78846573829651,0
83.79747772216797,0
83.79751300811768,0
83.79758191108704,0
83.7980284690857,0
83.79806447029114,0
83.79808115959167,0
83.79809808731079,0
83.80265283584595,0
83.80274844169617,0
83.80286502838135,0
83.80460786819458,0
83.80463004112244,0
83.80675864219666,0
83.80715084075928,0
83.81247091293335,0
83.81846761703491,0
83.81855654716492,0
83.81857085227966,0
83.83743333816528,0
83.8374764919281,0
83.83756971359253,0
83.83869862556458,0
83.83870792388916,0
83.83872437477112,0
83.83918833732605,0
83.84142279624939,0
83.84150385856628,0
83.84308242797852,0
83.85633730888367,0
83.8584566116333,0
83.85850143432617,0
83.8585696220398,0
83.86025166511536,0
83.87861943244934,0
83.878746509552,0
83.87877941131592,0
83.8811240196228,0
83.88910150527954,0
83.88914251327515,0
83.88923025131226,0
83.88925814628601,0
83.89792966842651,0
83.8980553150177,0
83.8982925415039,0
83.90690159797668,0
83.90693616867065,0
83.90695071220398,0
83.91002535820007,0
83.91041922569275,0
83.91344571113586,0
83.91352200508118,0
83.9171552658081,0
83.91718673706055,0
83.91719484329224,0
83.92221140861511,0
83.93724298477173,0
83.93728542327881,0
83.93738627433777,0
83.94562315940857,0
83.94570803642273,0
83.95025396347046,0
83.95029473304749,0
83.95035076141357,0
83.95040535926819,0
83.95056939125061,0
83.95061326026917,0
83.9507474899292,0
83.95724964141846,0
83.95729684829712,0
83.95731711387634,0
83.9777774810791,0
83.9778356552124,0
83.97788381576538,0
83.99238061904907,0
83.99964427947998,0
83.99970936775208,0
83.99980068206787,0
84.01743912696838,0
84.01748442649841,0
84.0175530910492,0
84.0257363319397,0
84.0257740020752,0
84.02586340904236,0
84.02591800689697,0
84.02782225608826,0
84.0278525352478,0
84.02786993980408,0
84.02861547470093,0
84.02868723869324,0
84.03471755981445,0
84.03503465652466,0
84.03711462020874,0
84.03730177879333,0
84.03739094734192,0
84.05883741378784,0
84.05900883674622,0
84.05904412269592,0
84.05987310409546,0
84.06004905700684,0
84.06007933616638,0
84.06010413169861,0
84.06371927261353,0
84.06382513046265,0
84.06411910057068,0
84.065265417099,0
84.07713603973389,0
84.077228307724,0
84.07800102233887,0
84.07944130897522,0
84.08102464675903,0
84.08289670944214,0
84.08514165878296,0
84.09794521331787,0
84.09798955917358,0
84.09799766540527,0
84.10959959030151,0
84.10989236831665,0
84.11011958122253,0
84.11098575592041,0
84.11589288711548,0
84.11707377433777,0
84.11710524559021,0
84.11720824241638,0
84.11873626708984,0
84.12533473968506,0
84.12537002563477,0
84.12696290016174,0
84.12701368331909,0
84.13336968421936,0
84.13767075538635,0
84.13771057128906,0
84.1377649307251,0
84.15802574157715,0
84.15863132476807,0
84.15877985954285,0
84.16699314117432,0
84.16708636283875,0
84.17312908172607,0
84.17317247390747,0
84.17319178581238,0
84.17333149909973,0
84.17518019676208,0
84.17533016204834,0
84.17764806747437,0
84.1776921749115,0
84.17848134040833,0
84.17876863479614,0
84.18015885353088,0
84.18040776252747,0
84.18165254592896,0
84.19738388061523,0
84.19742059707642,0
84.197438955307,0
84.19916296005249,0
84.19919514656067,0
84.20009660720825,0
84.20038485527039,0
84.2009060382843,0
84.20108652114868,0
84.20125770568848,0
84.20158863067627,0
84.20197558403015,0
84.20295262336731,0
84.20301699638367,0
84.20392489433289,0
84.217205286026,0
84.21723318099976,0
84.21727848052979,0
84.22229933738708,0
84.22493982315063,0
84.22497630119324,0
84.23698091506958,0
84.23701333999634,0
84.23708629608154,0
84.24042439460754,0
84.24046063423157,0
84.24050807952881,0
84.24055576324463,0
84.24144887924194,0
84.2414984703064,0
84.2418041229248,0
84.25732612609863,0
84.25736975669861,0
84.25742363929749,0
84.25871109962463,0
84.25875496864319,0
84.25900030136108,0
84.25902891159058,0
84.26139688491821,0
84.26145076751709,0
84.26147627830505,0
84.262042760849,0
84.27727723121643,0
84.27733111381531,0
84.2778058052063,0
84.2783477306366,0
84.27837491035461,0
84.28179931640625,0
84.28275847434998,0
84.29848861694336,0
84.29853796958923,0
84.2985634803772,0
84.30107998847961,0
84.30125975608826,0
84.30365514755249,0
84.30890893936157,0
84.30923390388489,0
84.31499767303467,0
84.31499814987183,0
84.31753396987915,0
84.31756258010864,0
84.31756782531738,0
84.33597826957703,0
84.33777165412903,0
84.33780646324158,0
84.33783674240112,0
84.34140300750732,0
84.3416121006012,0
84.35526514053345,0
84.35528588294983,0
84.35530710220337,0
84.35537362098694,0
84.35743737220764,0
84.35748767852783,0
84.35750818252563,0
84.3602066040039,0
84.36023473739624,0
84.3603982925415,0
84.3774824142456,0
84.37751507759094,0
84.3776364326477,0
84.38960313796997,0
84.39796662330627,0
84.40416836738586,0
84.404221534729,0
84.40495777130127,0
84.40501952171326,0
84.40623426437378,0
84.40626931190491,0
84.40771126747131,0
84.40790486335754,0
84.40857481956482,0
84.41002988815308,0
84.41012048721313,0
84.41225576400757,0
84.4122850894928,0
84.41566491127014,0
84.41751503944397,0
84.41755294799805,0
84.41760563850403,0
84.43715524673462,0
84.43719363212585,0
84.43729305267334,0
84.45739126205444,0
84.45744109153748,0
84.45765542984009,0
84.47080779075623,0
84.47085285186768,0
84.47090458869934,0
84.47093486785889,0
84.47881579399109,0
84.4789469242096,0
84.47903823852539,0
84.4790689945221,0
84.47915983200073,0
84.4791841506958,0
84.48065900802612,0
84.48308849334717,0
84.48901724815369,0
84.49783849716187,0
84.49875164031982,0
84.49877882003784,0
84.49885845184326,0
84.49891114234924,0
84.49895858764648,0
84.4990131855011,0
84.50423383712769,0
84.50453519821167,0
84.5048098564148,0
84.50814509391785,0
84.50818037986755,0
84.51020383834839,0
84.51021838188171,0
84.51193737983704,0
84.51204776763916,0
84.51211357116699,0
84.5121283531189,0
84.51708340644836,0
84.51710247993469,0
84.51714944839478,0
84.51902365684509,0
84.51978373527527,0
84.51978731155396,0
84.5372474193573,0
84.53724789619446,0
84.5372588634491,0
84.54510807991028,0
84.55168032646179,0
84.55173921585083,0
84.55782961845398,0
84.55783748626709,0
84.55791592597961,0
84.56164026260376,0
84.563467502594,0
84.56349420547485,0
84.56356048583984,0
84.56361246109009,0
84.56369066238403,0
84.56379294395447,0
84.56395196914673,0
84.5640001296997,0
84.57308530807495,0
84.57807111740112,0
84.5797905921936,0
84.57983350753784,0
84.59721684455872,0
84.59726643562317,0
84.5972888469696,0
84.60351824760437,0
84.60398602485657,0
84.60399413108826,0
84.60401797294617,0
84.61155200004578,0
84.61159920692444,0
84.61215829849243,0
84.61444544792175,0
84.6145236492157,0
84.61456274986267,0
84.61465716362,0
84.6170961856842,0
84.61715698242188,0
84.61722540855408,0
84.63720107078552,0
84.6372537612915,0
84.63737082481384,0
84.65858960151672,0
84.65859150886536,0
84.65865731239319,0
84.67748975753784,0
84.67786359786987,0
84.67875409126282,0
84.68830394744873,0
84.69721508026123,0
84.69725632667542,0
84.69727444648743,0
84.71715712547302,0
84.71720218658447,0
84.72009181976318,0
84.72824478149414,0
84.72829675674438,0
84.72831916809082,0
84.72834420204163,0
84.72862100601196,0
84.73023533821106,0
84.73026371002197,0
84.73162269592285,0
84.73230266571045,0
84.73417353630066,0
84.73422288894653,0
84.73757934570312,0
84.73822975158691,0
84.73826766014099,0
84.73830246925354,0
84.73830318450928,0
84.7500228881836,0
84.75642561912537,0
84.75747466087341,0
84.75747919082642,0
84.75752305984497,0
84.75754022598267,0
84.7630786895752,0
84.76311564445496,0
84.7631413936615,0
84.76327610015869,0
84.7634654045105,0
84.76359224319458,0
84.76363134384155,0
84.77040958404541,0
84.77041578292847,0
84.77043271064758,0
84.77070689201355,0
84.7708249092102,0
84.77097606658936,0
84.77100110054016,0
84.77790093421936,0
84.77795004844666,0
84.77805209159851,0
84.78977346420288,0
84.79666662216187,0
84.79669451713562,0
84.79682517051697,0
84.79757380485535,0
84.7978789806366,0
84.79805612564087,0
84.80078315734863,0
84.80190587043762,0
84.80205368995667,0
84.80225729942322,0
84.80561375617981,0
84.80566716194153,0
84.80573534965515,0
84.80579686164856,0
84.81249856948853,0
84.81729483604431,0
84.81733107566833,0
84.81759214401245,0
84.83750867843628,0
84.83759832382202,0
84.83766007423401,0
84.84922981262207,0
84.84926676750183,0
84.84928870201111,0
84.84953284263611,0
84.85946226119995,0
84.85951805114746,0
84.85954284667969,0
84.86082673072815,0
84.86083269119263,0
84.86087250709534,0
84.86120867729187,0
84.86129426956177,0
84.8613977432251,0
84.87171673774719,0
84.87200593948364,0
84.87208294868469,0
84.8724160194397,0
84.8738706111908,0
84.87430548667908,0
84.87434101104736,0
84.87807512283325,0
84.87855172157288,0
84.87856650352478,0
84.88605117797852,0
84.8881242275238,0
84.89102578163147,0
84.8910665512085,0
84.89346027374268,0
84.89348721504211,0
84.89708542823792,0
84.89711475372314,0
84.89715194702148,0
84.91735863685608,0
84.91739010810852,0
84.9174633026123,0
84.9318482875824,0
84.93727993965149,0
84.93733072280884,0
84.93733668327332,0
84.93819880485535,0
84.93821120262146,0
84.93962669372559,0
84.93965744972229,0
84.93992900848389,0
84.93993782997131,0
84.94112515449524,0
84.94135618209839,0
84.94137978553772,0
84.94261956214905,0
84.95522022247314,0
84.95602893829346,0
84.95606803894043,0
84.95614504814148,0
84.95717978477478,0
84.95718264579773,0
84.95734214782715,0
84.97720336914062,0
84.97766828536987,0
84.97769927978516,0
84.99116349220276,0
84.9911961555481,0
84.99124360084534,0
84.99530816078186,0
84.99534964561462,0
84.99543309211731,0
84.9954571723938,0
84.99869012832642,0
84.99891257286072,0
84.99894618988037,0
84.99961280822754,0
85.0012629032135,0
85.00130271911621,0
85.00365996360779,0
85.00368595123291,0
85.00540685653687,0
85.00608944892883,0
85.01710319519043,0
85.01717901229858,0
85.01719999313354,0
85.01722311973572,0
85.02363896369934,0
85.02366805076599,0
85.02371025085449,0
85.0237455368042,0
85.02788877487183,0
85.02789235115051,0
85.02842593193054,0
85.03141951560974,0
85.0368721485138,0
85.03694438934326,0
85.03722834587097,0
85.05783104896545,0
85.0578498840332,0
85.05788850784302,0
85.06244254112244,0
85.0624885559082,0
85.06253790855408,0
85.06263256072998,0
85.06277990341187,0
85.06291270256042,0
85.06299018859863,0
85.06310534477234,0
85.06495475769043,0
85.07727885246277,0
85.0773184299469,0
85.07752704620361,0
85.07834482192993,0
85.09729170799255,0
85.09834003448486,0
85.09838461875916,0
85.1110610961914,0
85.11109519004822,0
85.11117959022522,0
85.11146712303162,0
85.11564445495605,0
85.1156678199768,0
85.11650800704956,0
85.1173677444458,0
85.11738920211792,0
85.11740636825562,0
85.11760592460632,0
85.11763024330139,0
85.1201388835907,0
85.12019848823547,0
85.12127780914307,0
85.12807846069336,0
85.13694190979004,0
85.13697409629822,0
85.13709473609924,0
85.14471101760864,0
85.15094017982483,0
85.15095806121826,0
85.15507459640503,0
85.15512251853943,0
85.15516781806946,0
85.15522313117981,0
85.15529370307922,0
85.15539860725403,0
85.15549492835999,0
85.15743398666382,0
85.15747499465942,0
85.15852952003479,0
85.16325998306274,0
85.16581439971924,0
85.17836356163025,0
85.17840719223022,0
85.17843055725098,0
85.18289947509766,0
85.18892407417297,0
85.18915700912476,0
85.18919134140015,0
85.18924474716187,0
85.19083666801453,0
85.19086337089539,0
85.19155669212341,0
85.1977789402008,0
85.1978178024292,0
85.19785904884338,0
85.20240759849548,0
85.20244216918945,0
85.20320916175842,0
85.20329260826111,0
85.21503281593323,0
85.2173399925232,0
85.21734976768494,0
85.21738409996033,0
85.21841049194336,0
85.21843767166138,0
85.2187807559967,0
85.21881890296936,0
85.21986961364746,0
85.21996736526489,0
85.2199912071228,0
85.23247694969177,0
85.23691534996033,0
85.23694252967834,0
85.23730707168579,0
85.25275230407715,0
85.25277352333069,0
85.25326013565063,0
85.25332498550415,0
85.27020525932312,0
85.27023935317993,0
85.27035331726074,0
85.27961301803589,0
85.28008556365967,0
85.2801558971405,0
85.28343987464905,0
85.2962486743927,0
85.29851007461548,0
85.2985270023346,0
85.29854440689087,0
85.29856014251709,0
85.3048722743988,0
85.3049578666687,0
85.30497574806213,0
85.30498933792114,0
85.31170558929443,0
85.3118314743042,0
85.31260013580322,0
85.31263399124146,0
85.31266069412231,0
85.32721185684204,0
85.32723879814148,0
85.32728576660156,0
85.332359790802,0
85.35027027130127,0
85.35030388832092,0
85.35034394264221,0
85.36059427261353,0
85.36063408851624,0
85.36274266242981,0
85.36277842521667,0
85.363037109375,0
85.36307048797607,0
85.36608266830444,0
85.36608290672302,0
85.36610341072083,0
85.37119102478027,0
85.37122583389282,0
85.3713686466217,0
85.37635588645935,0
85.3841667175293,0
85.38419842720032,0
85.38421368598938,0
85.38450884819031,0
85.3900682926178,0
85.39009118080139,0
85.39009857177734,0
85.39876127243042,0
85.39880156517029,0
85.39885807037354,0
85.40142703056335,0
85.40147614479065,0
85.40380644798279,0
85.40389633178711,0
85.41254568099976,0
85.41257882118225,0
85.41262912750244,0
85.41316795349121,0
85.42599058151245,0
85.42602920532227,0
85.4260458946228,0
85.43576693534851,0
85.43580222129822,0
85.43594598770142,0
85.43596839904785,0
85.43894672393799,0
85.44052028656006,0
85.44056057929993,0
85.45081686973572,0
85.45085382461548,0
85.45085835456848,0
85.45867323875427,0
85.4587185382843,0
85.45873403549194,0
85.45875072479248,0
85.46091175079346,0
85.46113634109497,0
85.4611668586731,0
85.46265172958374,0
85.47082495689392,0
85.47085738182068,0
85.4709575176239,0
85.47703194618225,0
85.47703552246094,0
85.47706151008606,0
85.48869109153748,0
85.4887285232544,0
85.48893475532532,0
85.48893547058105,0
85.49017095565796,0
85.49018239974976,0
85.49254822731018,0
85.4954743385315,0
85.49561619758606,0
85.49809503555298,0
85.49817204475403,0
85.51066040992737,0
85.51069355010986,0
85.51070976257324,0
85.52926063537598,0
85.52930331230164,0
85.5293231010437,0
85.5496289730072,0
85.55096340179443,0
85.55099415779114,0
85.55105257034302,0
85.55245184898376,0
85.55344843864441,0
85.55791783332825,0
85.55840563774109,0
85.55941414833069,0
85.55942988395691,0
85.55944514274597,0
85.55946040153503,0
85.56380772590637,0
85.56382441520691,0
85.564049243927,0
85.56630229949951,0
85.57086753845215,0
85.57089614868164,0
85.57091498374939,0
85.57696199417114,0
85.57760238647461,0
85.57774329185486,0
85.57797765731812,0
85.57985854148865,0
85.57988715171814,0
85.58049368858337,0
85.58831644058228,0
85.58835005760193,0
85.58869409561157,0
85.59501886367798,0
85.59504318237305,0
85.59524822235107,0
85.5953094959259,0
85.60807299613953,0
85.60810589790344,0
85.60814309120178,0
85.6157910823822,0
85.61715579032898,0
85.61968207359314,0
85.62715244293213,0
85.62717914581299,0
85.62722945213318,0
85.64513921737671,0
85.64516997337341,0
85.64518189430237,0
85.64984488487244,0
85.65006113052368,0
85.65008592605591,0
85.6501145362854,0
85.65166211128235,0
85.65167546272278,0
85.6516900062561,0
85.65364408493042,0
85.65531611442566,0
85.66699624061584,0
85.66703057289124,0
85.66706466674805,0
85.670734167099,0
85.68603944778442,0
85.68606495857239,0
85.68629240989685,0
85.70027589797974,0
85.70028781890869,0
85.70029902458191,0
85.7003104686737,0
85.7024998664856,0
85.70250153541565,0
85.70254063606262,0
85.70671939849854,0
85.70676064491272,0
85.70735621452332,0
85.71343946456909,0
85.7134644985199,0
85.72461867332458,0
85.72464156150818,0
85.72465491294861,0
85.74518752098083,0
85.74524307250977,0
85.7476499080658,0
85.74772906303406,0
85.7477617263794,0
85.74788999557495,0
85.74805402755737,0
85.74806356430054,0
85.74807858467102,0
85.74974942207336,0
85.7497763633728,0
85.74990701675415,0
85.75049018859863,0
85.7539644241333,0
85.75404644012451,0
85.76231956481934,0
85.76233172416687,0
85.76233744621277,0
85.76234674453735,0
85.76502561569214,0
85.76504373550415,0
85.76539587974548,0
85.76824116706848,0
85.76826739311218,0
85.76828026771545,0
85.7771668434143,0
85.77719926834106,0
85.77721452713013,0
85.79580497741699,0
85.8006432056427,0
85.80067753791809,0
85.8006808757782,0
85.80070304870605,0
85.8111183643341,0
85.81115508079529,0
85.81116914749146,0
85.81243896484375,0
85.81245803833008,0
85.81275844573975,0
85.82661700248718,0
85.82681345939636,0
85.82684803009033,0
85.84814786911011,0
85.84817600250244,0
85.8513331413269,0
85.86157727241516,0
85.8620080947876,0
85.86491656303406,0
85.86493158340454,0
85.86584138870239,0
85.86718392372131,0
85.86741185188293,0
85.86758303642273,0
85.87611484527588,0
85.87613606452942,0
85.87622475624084,0
85.87623906135559,0
85.88130068778992,0
85.88133430480957,0
85.88139224052429,0
85.8858871459961,0
85.88591051101685,0
85.88591527938843,0
85.90506720542908,0
85.90509533882141,0
85.90512728691101,0
85.91040372848511,0
85.9140636920929,0
85.9140796661377,0
85.9152307510376,0
85.91523218154907,0
85.9162986278534,0
85.91631150245667,0
85.92047810554504,0
85.92205500602722,0
85.92577314376831,0
85.92580127716064,0
85.92581129074097,0
85.9312756061554,0
85.94519853591919,0
85.94522714614868,0
85.94525051116943,0
85.95189642906189,0
85.95210909843445,0
85.95212626457214,0
85.95219135284424,0
85.96774315834045,0
85.96777963638306,0
85.96797275543213,0
85.98489594459534,0
85.98491716384888,0
85.9872887134552,0
85.98807859420776,0
85.9881181716919,0
85.98822975158691,0
85.98824667930603,0
85.98902297019958,0
85.9890558719635,0
85.98920941352844,0
85.9904932975769,0
85.99052834510803,0
85.99054312705994,0
85.99142503738403,0
86.00337386131287,0
86.0033962726593,0
86.00344729423523,0
86.00348472595215,0
86.00717997550964,0
86.0072135925293,0
86.00937008857727,0
86.00951147079468,0
86.0104067325592,0
86.01040697097778,0
86.01054883003235,0
86.01075553894043,0
86.01254963874817,0
86.01704692840576,0
86.01707816123962,0
86.01709365844727,0
86.04783082008362,0
86.04786443710327,0
86.04787945747375,0
86.05608487129211,0
86.06073141098022,0
86.06074237823486,0
86.06078481674194,0
86.0608742237091,0
86.06688618659973,0
86.06691312789917,0
86.06692433357239,0
86.08485531806946,0
86.08488702774048,0
86.08576941490173,0
86.09034585952759,0
86.09163093566895,0
86.10033416748047,0
86.1005494594574,0
86.10056614875793,0
86.10060286521912,0
86.1065354347229,0
86.10656237602234,0
86.10657501220703,0
86.10658621788025,0
86.1067566871643,0
86.10676956176758,0
86.10677933692932,0
86.11050248146057,0
86.1105535030365,0
86.11058783531189,0
86.11060094833374,0
86.12448358535767,0
86.12451243400574,0
86.1245436668396,0
86.13595962524414,0
86.14034748077393,0
86.14065885543823,0
86.14677262306213,0
86.14677286148071,0
86.14679765701294,0
86.15615010261536,0
86.15619111061096,0
86.15620851516724,0
86.15626049041748,0
86.15637946128845,0
86.15642523765564,0
86.15717196464539,0
86.1659734249115,0
86.1660008430481,0
86.16604280471802,0
86.17824506759644,0
86.18546056747437,0
86.18557214736938,0
86.18558883666992,0
86.18562078475952,0
86.19031000137329,0
86.1903429031372,0
86.1903555393219,0
86.20132207870483,0
86.20166110992432,0
86.20169305801392,0
86.20264101028442,0
86.20289731025696,0
86.20439028739929,0
86.20446372032166,0
86.20604944229126,0
86.21365690231323,0
86.21369361877441,0
86.21370816230774,0
86.21474432945251,0
86.2147626876831,0
86.21477460861206,0
86.2148163318634,0
86.22632217407227,0
86.2263548374176,0
86.2263753414154,0
86.23154926300049,0
86.23157405853271,0
86.23175621032715,0
86.23181915283203,0
86.2451810836792,0
86.24518132209778,0
86.24522066116333,0
86.25472569465637,0
86.25475025177002,0
86.25478291511536,0
86.25482034683228,0
86.25692868232727,0
86.25695466995239,0
86.25702333450317,0
86.27692174911499,0
86.2769513130188,0
86.27696228027344,0
86.28117632865906,0
86.281569480896,0
86.2815945148468,0
86.28225541114807,0
86.296879529953,0
86.29824995994568,0
86.29827666282654,0
86.30986905097961,0
86.30989599227905,0
86.30991268157959,0
86.3099627494812,0
86.31110000610352,0
86.31113839149475,0
86.31118583679199,0
86.31137919425964,0
86.31192684173584,0
86.31349492073059,0
86.31688976287842,0
86.31695294380188,0
86.31696605682373,0
86.33185124397278,0
86.33720755577087,0
86.33723664283752,0
86.33726835250854,0
86.35699105262756,0
86.35699129104614,0
86.35704565048218,0
86.35995936393738,0
86.36133599281311,0
86.36382913589478,0
86.36428046226501,0
86.36429524421692,0
86.36430859565735,0
86.36517906188965,0
86.3652720451355,0
86.36559796333313,0
86.37261605262756,0
86.37744951248169,0
86.37750720977783,0
86.3775475025177,0
86.39706993103027,0
86.39731431007385,0
86.3973617553711,0
86.40424489974976,0
86.40582299232483,0
86.40734696388245,0
86.40737056732178,0
86.40808629989624,0
86.40895652770996,0
86.40911412239075,0
86.40916156768799,0
86.40920948982239,0
86.41018342971802,0
86.41038727760315,0
86.41695880889893,0
86.41699314117432,0
86.41705751419067,0
86.42530798912048,0
86.42691659927368,0
86.43700504302979,0
86.43703484535217,0
86.43704771995544,0
86.43783760070801,0
86.45730447769165,0
86.45735549926758,0
86.45737481117249,0
86.46231007575989,0
86.46233654022217,0
86.46275115013123,0
86.4627788066864,0
86.46355724334717,0
86.46356916427612,0
86.4644923210144,0
86.46664118766785,0
86.46665287017822,0
86.4666657447815,0
86.46689176559448,0
86.4677062034607,0
86.46783781051636,0
86.46793127059937,0
86.47239851951599,0
86.47706198692322,0
86.47709059715271,0
86.47709369659424,0
86.49697065353394,0
86.49699330329895,0
86.4970486164093,0
86.50867080688477,0
86.51041054725647,0
86.51043057441711,0
86.51047086715698,0
86.51054668426514,0
86.5105938911438,0
86.51062512397766,0
86.51871848106384,0
86.51873350143433,0
86.51878309249878,0
86.51881408691406,0
86.51882767677307,0
86.51883864402771,0
86.51888632774353,0
86.52457690238953,0
86.52460241317749,0
86.52479410171509,0
86.53737473487854,0
86.53738689422607,0
86.53747987747192,0
86.53749322891235,0
86.53750395774841,0
86.53753066062927,0
86.54640817642212,0
86.54641032218933,0
86.54643440246582,0
86.56696629524231,0
86.56699538230896,0
86.56705212593079,0
86.58905124664307,0
86.58908200263977,0
86.58914232254028,0
86.58961534500122,0
86.58963918685913,0
86.58972120285034,0
86.59150528907776,0
86.59606385231018,0
86.59622526168823,0
86.59626770019531,0
86.59627294540405,0
86.60022306442261,0
86.6002516746521,0
86.60175728797913,0
86.60177636146545,0
86.60426497459412,0
86.6079568862915,0
86.60830950737,0
86.60833978652954,0
86.60835146903992,0
86.61895322799683,0
86.62767314910889,0
86.62769055366516,0
86.62770366668701,0
86.64423060417175,0
86.64425826072693,0
86.64428663253784,0
86.6475076675415,0
86.64751029014587,0
86.64752125740051,0
86.64929175376892,0
86.6510922908783,0
86.65109658241272,0
86.6511082649231,0
86.65242552757263,0
86.6641321182251,0
86.66416049003601,0
86.66452598571777,0
86.66909003257751,0
86.66912269592285,0
86.66913366317749,0
86.67021107673645,0
86.67133617401123,0
86.67147374153137,0
86.67149090766907,0
86.67282152175903,0
86.672847032547,0
86.6728584766388,0
86.67286372184753,0
86.6742639541626,0
86.67429375648499,0
86.67445993423462,0
86.68946766853333,0
86.68949437141418,0
86.68950581550598,0
86.69699907302856,0
86.69702672958374,0
86.69703698158264,0
86.70259666442871,0
86.7026138305664,0
86.70361280441284,0
86.70365595817566,0
86.71511387825012,0
86.71697282791138,0
86.71700024604797,0
86.71747612953186,0
86.73693037033081,0
86.73696184158325,0
86.73697566986084,0
86.7418224811554,0
86.74193549156189,0
86.74316430091858,0
86.74476885795593,0
86.74480032920837,0
86.74519896507263,0
86.74586582183838,0
86.74589800834656,0
86.74594807624817,0
86.75132179260254,0
86.75722193717957,0
86.75725293159485,0
86.75732183456421,0
86.77353835105896,0
86.77376103401184,0
86.7737820148468,0
86.7738664150238,0
86.77693748474121,0
86.77697253227234,0
86.77698731422424,0
86.79723691940308,0
86.79728293418884,0
86.79741311073303,0
86.8040668964386,0
86.80406999588013,0
86.80411982536316,0
86.80636358261108,0
86.80868721008301,0
86.81855607032776,0
86.81860375404358,0
86.81870222091675,0
86.8257110118866,0
86.82578206062317,0
86.8293023109436,0
86.82938480377197,0
86.83194613456726,0
86.83704018592834,0
86.8370749950409,0
86.83713960647583,0
86.8402509689331,0
86.8402853012085,0
86.84030103683472,0
86.84089350700378,0
86.84484815597534,0
86.84534668922424,0
86.84540629386902,0
86.8583357334137,0
86.85836887359619,0
86.8584156036377,0
86.86258625984192,0
86.86664652824402,0
86.8682291507721,0
86.86843419075012,0
86.86845254898071,0
86.86907768249512,0
86.86915254592896,0
86.86959934234619,0
86.87683081626892,0
86.8768572807312,0
86.8768675327301,0
86.88971662521362,0
86.89227199554443,0
86.8932557106018,0
86.8935763835907,0
86.8948929309845,0
86.89491271972656,0
86.89555644989014,0
86.89731097221375,0
86.89733695983887,0
86.89736866950989,0
86.90337419509888,0
86.9038679599762,0
86.90388369560242,0
86.90404748916626,0
86.91786026954651,0
86.91787886619568,0
86.91789293289185,0
86.92442607879639,0
86.92463636398315,0
86.9247350692749,0
86.92645049095154,0
86.92675185203552,0
86.92692446708679,0
86.92694592475891,0
86.92866063117981,0
86.9289140701294,0
86.92935037612915,0
86.93705773353577,0
86.93722319602966,0
86.9372386932373,0
86.94461798667908,0
86.94492554664612,0
86.94596910476685,0
86.94599270820618,0
86.94604587554932,0
86.94606161117554,0
86.94867944717407,0
86.94880366325378,0
86.94890522956848,0
86.94994068145752,0
86.95247340202332,0
86.95335149765015,0
86.95702600479126,0
86.95705080032349,0
86.9570643901825,0
86.97807931900024,0
86.97818326950073,0
86.97820568084717,0
86.97829008102417,0
86.98286890983582,0
86.98288869857788,0
86.98295259475708,0
86.98964309692383,0
86.98967361450195,0
86.98971462249756,0
86.99395489692688,0
86.99401879310608,0
86.99580311775208,0
86.99587535858154,0
87.00901293754578,0
87.00904655456543,0
87.00913691520691,0
87.02717733383179,0
87.02720904350281,0
87.02730298042297,0
87.03163313865662,0
87.04678511619568,0
87.04680395126343,0
87.04711389541626,0
87.06407189369202,0
87.06410026550293,0
87.06414198875427,0
87.07722330093384,0
87.07723784446716,0
87.07753467559814,0
87.07755041122437,0
87.08053088188171,0
87.08056688308716,0
87.08060240745544,0
87.08597016334534,0
87.08599925041199,0
87.08604550361633,0
87.0918378829956,0
87.1046667098999,0
87.10469102859497,0
87.10470128059387,0
87.11544489860535,0
87.11548447608948,0
87.11700177192688,0
87.11704397201538,0
87.12606835365295,0
87.12609815597534,0
87.12610912322998,0
87.13191151618958,0
87.14706301689148,0
87.14709281921387,0
87.14710927009583,0
87.16543412208557,0
87.16543745994568,0
87.16769671440125,0
87.16777634620667,0
87.16779470443726,0
87.1678102016449,0
87.16871500015259,0
87.16873979568481,0
87.16874361038208,0
87.17086482048035,0
87.17088055610657,0
87.17089653015137,0
87.17176461219788,0
87.17179894447327,0
87.1718487739563,0
87.17186284065247,0
87.17339301109314,0
87.17341613769531,0
87.17380213737488,0
87.18875980377197,0
87.18878936767578,0
87.1888222694397,0
87.18978214263916,0
87.19428753852844,0
87.1948754787445,0
87.19490218162537,0
87.19495296478271,0
87.19750928878784,0
87.19762349128723,0
87.19765496253967,0
87.19864797592163,0
87.19868016242981,0
87.19915795326233,0
87.19920682907104,0
87.1992244720459,0
87.20057129859924,0
87.20062828063965,0
87.20796251296997,0
87.20942687988281,0
87.21106719970703,0
87.22859930992126,0
87.22865414619446,0
87.22865533828735,0
87.2350583076477,0
87.24617457389832,0
87.24620389938354,0
87.2462694644928,0
87.26242113113403,0
87.26244354248047,0
87.26251077651978,0
87.26252460479736,0
87.27073502540588,0
87.27076292037964,0
87.27081274986267,0
87.27462196350098,0
87.27468252182007,0
87.27469658851624,0
87.27474474906921,0
87.2833981513977,0
87.28358769416809,0
87.28708338737488,0
87.28710508346558,0
87.28714203834534,0
87.30395293235779,0
87.30397939682007,0
87.3040235042572,0
87.30922865867615,0
87.30924415588379,0
87.30925583839417,0
87.30967044830322,0
87.31322431564331,0
87.31324648857117,0
87.31342625617981,0
87.313467502594,0
87.31350541114807,0
87.31458806991577,0
87.31460309028625,0
87.32458686828613,0
87.32463264465332,0
87.32467031478882,0
87.34477972984314,0
87.34480881690979,0
87.34482073783875,0
87.34823560714722,0
87.35165739059448,0
87.35172462463379,0
87.35491633415222,0
87.35494446754456,0
87.35505843162537,0
87.35510683059692,0
87.35527396202087,0
87.35533094406128,0
87.35536885261536,0
87.35543632507324,0
87.35638189315796,0
87.36680245399475,0
87.36681318283081,0
87.36682891845703,0
87.37077903747559,0
87.3870165348053,0
87.38705110549927,0
87.38710474967957,0
87.41005778312683,0
87.4100980758667,0
87.41113376617432,0
87.41116523742676,0
87.41117882728577,0
87.41121912002563,0
87.41465926170349,0
87.41466188430786,0
87.4146740436554,0
87.4166054725647,0
87.41667795181274,0
87.41854095458984,0
87.41855525970459,0
87.42263078689575,0
87.42264580726624,0
87.42300653457642,0
87.42302989959717,0
87.42304372787476,0
87.42308568954468,0
87.42313480377197,0
87.42666721343994,0
87.42669248580933,0
87.42672681808472,0
87.43105030059814,0
87.44416546821594,0
87.44419026374817,0
87.44422578811646,0
87.45686912536621,0
87.45689582824707,0
87.4571545124054,0
87.4613025188446,0
87.46132493019104,0
87.46133732795715,0
87.46137952804565,0
87.46512532234192,0
87.46520853042603,0
87.46522545814514,0
87.46627235412598,0
87.47724890708923,0
87.47727584838867,0
87.47728824615479,0
87.4827024936676,0
87.48271751403809,0
87.48296570777893,0
87.48298001289368,0
87.48496913909912,0
87.48504948616028,0
87.48505663871765,0
87.48610043525696,0
87.48647212982178,0
87.48972940444946,0
87.48987793922424,0
87.49703645706177,0
87.49709868431091,0
87.4971489906311,0
87.51735854148865,0
87.51738905906677,0
87.51740193367004,0
87.53334641456604,0
87.53687477111816,0
87.53699135780334,0
87.53700494766235,0
87.55700874328613,0
87.55704379081726,0
87.55705785751343,0
87.56297039985657,0
87.56300473213196,0
87.56418204307556,0
87.56421518325806,0
87.56428980827332,0
87.56434273719788,0
87.56760454177856,0
87.56762599945068,0
87.5678117275238,0
87.5770993232727,0
87.57715153694153,0
87.57719731330872,0
87.58204650878906,0
87.58493661880493,0
87.58659386634827,0
87.59712719917297,0
87.59716820716858,0
87.59718990325928,0
87.60380959510803,0
87.6062421798706,0
87.60626578330994,0
87.60634398460388,0
87.60646057128906,0
87.60652732849121,0
87.6065514087677,0
87.60784244537354,0
87.60799098014832,0
87.61194610595703,0
87.61197304725647,0
87.61719298362732,0
87.61723589897156,0
87.6180191040039,0
87.63725423812866,0
87.6372742652893,0
87.63729476928711,0
87.63899755477905,0
87.65704798698425,0
87.65707659721375,0
87.65711569786072,0
87.66623544692993,0
87.6662528514862,0
87.66629648208618,0
87.66631054878235,0
87.66716408729553,0
87.66717839241028,0
87.66723418235779,0
87.66802859306335,0
87.66811037063599,0
87.66811943054199,0
87.66812205314636,0
87.66940331459045,0
87.66980314254761,0
87.66982579231262,0
87.67758131027222,0
87.67760801315308,0
87.67760992050171,0
87.68192648887634,0
87.68673920631409,0
87.68678045272827,0
87.68678259849548,0
87.6867949962616,0
87.68763899803162,0
87.68805980682373,0
87.68813419342041,0
87.69705843925476,0
87.69705867767334,0
87.69709610939026,0
87.70919609069824,0
87.7092387676239,0
87.70928621292114,0
87.70934104919434,0
87.71073698997498,0
87.71190142631531,0
87.71780109405518,0
87.71782946586609,0
87.71786952018738,0
87.7327766418457,0
87.73678207397461,0
87.73690271377563,0
87.73691391944885,0
87.75255060195923,0
87.75261449813843,0
87.7568416595459,0
87.75687003135681,0
87.75692296028137,0
87.77727603912354,0
87.77776622772217,0
87.77779483795166,0
87.78263211250305,0
87.78266716003418,0
87.78267788887024,0
87.78268909454346,0
87.78528475761414,0
87.78534150123596,0
87.78539204597473,0
87.7854163646698,0
87.79515790939331,0
87.79519176483154,0
87.79710054397583,0
87.79713940620422,0
87.79717779159546,0
87.79749965667725,0
87.7975811958313,0
87.81477785110474,0
87.81616616249084,0
87.81806206703186,0
87.81810069084167,0
87.8181962966919,0
87.81835627555847,0
87.83599734306335,0
87.83603262901306,0
87.83850812911987,0
87.83854293823242,0
87.8387885093689,0
87.83882880210876,0
87.83887314796448,0
87.85565900802612,0
87.85567927360535,0
87.85573124885559,0
87.85705304145813,0
87.85706830024719,0
87.85708260536194,0
87.87696599960327,0
87.87698912620544,0
87.87699890136719,0
87.89703440666199,0
87.89766335487366,0
87.8978021144867,0
87.90799045562744,0
87.91246318817139,0
87.91248798370361,0
87.91273498535156,0
87.91290593147278,0
87.91407942771912,0
87.91416621208191,0
87.91686511039734,0
87.91706991195679,0
87.91722297668457,0
87.91902160644531,0
87.91904926300049,0
87.91914391517639,0
87.9264464378357,0
87.92646074295044,0
87.92647004127502,0
87.92647933959961,0
87.92649102210999,0
87.92650365829468,0
87.92799162864685,0
87.92800116539001,0
87.92801785469055,0
87.93688774108887,0
87.93691802024841,0
87.93693542480469,0
87.9403760433197,0
87.94381046295166,0
87.94383764266968,0
87.94486236572266,0
87.94488835334778,0
87.94490075111389,0
87.94491386413574,0
87.95100235939026,0
87.9510407447815,0
87.95143437385559,0
87.95759773254395,0
87.95762968063354,0
87.95764470100403,0
87.97292876243591,0
87.98807120323181,0
87.98810958862305,0
87.9881272315979,0
88.00744938850403,0
88.00747728347778,0
88.00756907463074,0
88.01049017906189,0
88.0106360912323,0
88.01063776016235,0
88.01087808609009,0
88.01440596580505,0
88.01470637321472,0
88.01495385169983,0
88.01554942131042,0
88.01565289497375,0
88.01756119728088,0
88.01799488067627,0
88.01894450187683,0
88.0259108543396,0
88.02692127227783,0
88.02925109863281,0
88.02927732467651,0
88.02927923202515,0
88.04761862754822,0
88.04787397384644,0
88.04863834381104,0
88.04989695549011,0
88.05016541481018,0
88.05047655105591,0
88.05050373077393,0
88.05971097946167,0
88.0597517490387,0
88.06005048751831,0
88.0611720085144,0
88.0627646446228,0
88.06630229949951,0
88.06632900238037,0
88.06633996963501,0
88.08390235900879,0
88.0839307308197,0
88.08439683914185,0
88.0941092967987,0
88.10458993911743,0
88.10461688041687,0
88.10462975502014,0
88.11988162994385,0
88.11989831924438,0
88.12297701835632,0
88.12300562858582,0
88.1230194568634,0
88.12307357788086,0
88.12389373779297,0
88.12390303611755,0
88.12449145317078,0
88.12493777275085,0
88.12497806549072,0
88.12498950958252,0
88.14125156402588,0
88.14147210121155,0
88.14282560348511,0
88.14287662506104,0
88.14373230934143,0
88.14622592926025,0
88.14622735977173,0
88.14625525474548,0
88.16641354560852,0
88.1664412021637,0
88.16650199890137,0
88.1675796508789,0
88.16760277748108,0
88.16763949394226,0
88.16765546798706,0
88.17126774787903,0
88.17149043083191,0
88.17150926589966,0
88.17254424095154,0
88.17255473136902,0
88.17255735397339,0
88.17256546020508,0
88.17389631271362,0
88.1739194393158,0
88.17393398284912,0
88.17396211624146,0
88.18452191352844,0
88.18453669548035,0
88.18454670906067,0
88.18575596809387,0
88.18604326248169,0
88.18606638908386,0
88.1862473487854,0
88.1873025894165,0
88.18733501434326,0
88.1873505115509,0
88.18913269042969,0
88.18916869163513,0
88.19300532341003,0
88.19305682182312,0
88.19393420219421,0
88.19686150550842,0
88.19688844680786,0
88.19689989089966,0
88.21243047714233,0
88.22766494750977,0
88.22769522666931,0
88.22770857810974,0
88.2431128025055,0
88.2431263923645,0
88.24353766441345,0
88.24365401268005,0
88.24688172340393,0
88.2469048500061,0
88.24694609642029,0
88.24782800674438,0
88.247887134552,0
88.24792504310608,0
88.24879789352417,0
88.25000095367432,0
88.26400637626648,0
88.26403617858887,0
88.26425957679749,0
88.27136731147766,0
88.28354382514954,0
88.28357148170471,0
88.2837586402893,0
88.30379819869995,0
88.30390310287476,0
88.30391550064087,0
88.31176662445068,0
88.3117904663086,0
88.31179285049438,0
88.31180548667908,0
88.31181216239929,0
88.31439065933228,0
88.31440663337708,0
88.31441855430603,0
88.31443071365356,0
88.31484746932983,0
88.31489205360413,0
88.31571340560913,0
88.31572890281677,0
88.31786131858826,0
88.31946349143982,0
88.32451319694519,0
88.32454252243042,0
88.32455682754517,0
88.3331835269928,0
88.34425950050354,0
88.34428644180298,0
88.34428882598877,0
88.35834550857544,0
88.35835218429565,0
88.35841083526611,0
88.35847616195679,0
88.36217164993286,0
88.36220288276672,0
88.36222052574158,0
88.36734962463379,0
88.36737513542175,0
88.36743402481079,0
88.3875515460968,0
88.3875834941864,0
88.38778114318848,0
88.39560866355896,0
88.40936422348022,0
88.40943932533264,0
88.40948581695557,0
88.42264533042908,0
88.42340111732483,0
88.42343521118164,0
88.42345333099365,0
88.4292266368866,0
88.42926573753357,0
88.42967867851257,0
88.42971992492676,0
88.42975926399231,0
88.42981123924255,0
88.4298505783081,0
88.44745683670044,0
88.44908595085144,0
88.44917130470276,0
88.4549241065979,0
88.45496320724487,0
88.45619344711304,0
88.45622515678406,0
88.45623564720154,0
88.45624566078186,0
88.45833897590637,0
88.45836973190308,0
88.45838451385498,0
88.45862317085266,0
88.46582245826721,0
88.46584844589233,0
88.4658772945404,0
88.47049880027771,0
88.47083973884583,0
88.47086238861084,0
88.47087478637695,0
88.4734935760498,0
88.47350573539734,0
88.47351884841919,0
88.47445774078369,0
88.47757816314697,0
88.47760605812073,0
88.47761654853821,0
88.47765254974365,0
88.48372745513916,0
88.48740863800049,0
88.48757767677307,0
88.48779153823853,0
88.48781394958496,0
88.49027705192566,0
88.49054598808289,0
88.49056959152222,0
88.49526453018188,0
88.49558329582214,0
88.49729800224304,0
88.49732422828674,0
88.49733662605286,0
88.49802875518799,0
88.49805927276611,0
88.5137767791748,0
88.51676177978516,0
88.5167875289917,0
88.5168399810791,0
88.53795886039734,0
88.53805017471313,0
88.538161277771,0
88.54309678077698,0
88.54310464859009,0
88.54630661010742,0
88.5463478565216,0
88.54644823074341,0
88.54647588729858,0
88.54651379585266,0
88.54654669761658,0
88.54657626152039,0
88.55737018585205,0
88.55744290351868,0
88.55746078491211,0
88.57140803337097,0
88.57695317268372,0
88.57699084281921,0
88.57709383964539,0
88.59710788726807,0
88.59717798233032,0
88.59727668762207,0
88.60701370239258,0
88.60705614089966,0
88.60708093643188,0
88.60711026191711,0
88.6120445728302,0
88.61207485198975,0
88.6120982170105,0
88.61394929885864,0
88.61397457122803,0
88.61742901802063,0
88.61747169494629,0
88.61758136749268,0
88.61912560462952,0
88.61922407150269,0
88.6206796169281,0
88.6235568523407,0
88.63839840888977,0
88.63861584663391,0
88.63863801956177,0
88.63867831230164,0
88.65904307365417,0
88.65907740592957,0
88.65910196304321,0
88.66649746894836,0
88.67099118232727,0
88.67205834388733,0
88.67233633995056,0
88.67315173149109,0
88.6731653213501,0
88.67376780509949,0
88.67481565475464,0
88.67483139038086,0
88.67485523223877,0
88.67486715316772,0
88.67550110816956,0
88.67732763290405,0
88.67735743522644,0
88.67736744880676,0
88.67799949645996,0
88.67803072929382,0
88.67934465408325,0
88.68774819374084,0
88.68780994415283,0
88.68873953819275,0
88.68876838684082,0
88.6897964477539,0
88.68986678123474,0
88.690105676651,0
88.69251132011414,0
88.69252705574036,0
88.69588470458984,0
88.69599032402039,0
88.6969735622406,0
88.69699549674988,0
88.69719672203064,0
88.71354460716248,0
88.72459888458252,0
88.72502017021179,0
88.72507190704346,0
88.74406170845032,0
88.74409294128418,0
88.7441017627716,0
88.74648666381836,0
88.74650025367737,0
88.74772500991821,0
88.74777817726135,0
88.74781584739685,0
88.74785351753235,0
88.74964165687561,0
88.74966335296631,0
88.74971795082092,0
88.75041365623474,0
88.75114226341248,0
88.75394749641418,0
88.76551818847656,0
88.76554679870605,0
88.76559519767761,0
88.78558707237244,0
88.78560972213745,0
88.7863540649414,0
88.7864317893982,0
88.78982543945312,0
88.79010677337646,0
88.79035758972168,0
88.79359483718872,0
88.79361057281494,0
88.79377818107605,0
88.79435920715332,0
88.79440522193909,0
88.79712963104248,0
88.79715156555176,0
88.80633926391602,0
88.80658411979675,0
88.80664110183716,0
88.82410478591919,0
88.8295669555664,0
88.82962155342102,0
88.8299913406372,0
88.83045387268066,0
88.83403587341309,0
88.843576669693,0
88.84359359741211,0
88.84360766410828,0
88.84616613388062,0
88.85115838050842,0
88.8511872291565,0
88.85145854949951,0
88.85299825668335,0
88.85302400588989,0
88.85303568840027,0
88.86662220954895,0
88.86665153503418,0
88.86666417121887,0
88.87265110015869,0
88.88395047187805,0
88.88398623466492,0
88.88399934768677,0
88.89354705810547,0
88.89357328414917,0
88.89433813095093,0
88.8943395614624,0
88.90395665168762,0
88.90398001670837,0
88.90401530265808,0
88.92439532279968,0
88.9244499206543,0
88.92446279525757,0
88.9290337562561,0
88.92905831336975,0
88.92909169197083,0
88.93114995956421,0
88.93117713928223,0
88.93325638771057,0
88.93326711654663,0
88.93459796905518,0
88.93461918830872,0
88.93462944030762,0
88.9347231388092,0
88.94735193252563,0
88.94737887382507,0
88.94743609428406,0
88.95157527923584,0
88.95158958435059,0
88.95160579681396,0
88.95238733291626,0
88.95563220977783,0
88.95567178726196,0
88.95658755302429,0
88.95784187316895,0
88.95786046981812,0
88.95791625976562,0
88.9594349861145,0
88.95960283279419,0
88.95960569381714,0
88.96000814437866,0
88.96279406547546,0
88.9635751247406,0
88.9663724899292,0
88.96639752388,0
88.96640825271606,0
88.97689962387085,0
88.97693419456482,0
88.97698760032654,0
88.98604536056519,0
88.9864935874939,0
88.9865231513977,0
88.9883131980896,0
88.98881387710571,0
88.98925185203552,0
88.98939514160156,0
88.9894380569458,0
88.98948454856873,0
88.9908664226532,0
88.99092888832092,0
88.99765825271606,0
88.99769115447998,0
88.99773240089417,0
89.01095795631409,0
89.01701879501343,0
89.01709532737732,0
89.01718711853027,0
89.03585171699524,0
89.03588032722473,0
89.0382194519043,0
89.03826713562012,0
89.03982782363892,0
89.0399022102356,0
89.03996086120605,0
89.05294561386108,0
89.05298733711243,0
89.05513834953308,0
89.05829954147339,0
89.05831670761108,0
89.05832958221436,0
89.07274174690247,0
89.07738780975342,0
89.07742643356323,0
89.07743954658508,0
89.09718608856201,0
89.09721279144287,0
89.09722375869751,0
89.11212968826294,0
89.11214089393616,0
89.1121518611908,0
89.11216378211975,0
89.1147952079773,0
89.11709880828857,0
89.11715149879456,0
89.11724901199341,0
89.11748576164246,0
89.12001395225525,0
89.12002730369568,0
89.12035179138184,0
89.12041091918945,0
89.12143802642822,0
89.13703274726868,0
89.13713836669922,0
89.13715147972107,0
89.14819359779358,0
89.14820718765259,0
89.14927172660828,0
89.1492965221405,0
89.14930820465088,0
89.14932131767273,0
89.15197658538818,0
89.15215826034546,0
89.15217733383179,0
89.1540150642395,0
89.15404415130615,0
89.15436935424805,0
89.15438485145569,0
89.15517401695251,0
89.15520143508911,0
89.15533256530762,0
89.15578579902649,0
89.15706539154053,0
89.15708994865417,0
89.15713262557983,0
89.17701840400696,0
89.17704725265503,0
89.1771125793457,0
89.19502520561218,0
89.19523000717163,0
89.19526076316833,0
89.19542694091797,0
89.19666981697083,0
89.19691395759583,0
89.19692349433899,0
89.19735884666443,0
89.19739270210266,0
89.1973946094513,0
89.19899845123291,0
89.19918966293335,0
89.20161008834839,0
89.20164346694946,0
89.202627658844,0
89.21366596221924,0
89.21712231636047,0
89.21741127967834,0
89.21772241592407,0
89.23876404762268,0
89.23887896537781,0
89.23890447616577,0
89.23892116546631,0
89.23956441879272,0
89.23960566520691,0
89.23988842964172,0
89.24160194396973,0
89.2416398525238,0
89.24266791343689,0
89.25614190101624,0
89.25748372077942,0
89.25752711296082,0
89.25754451751709,0
89.25835418701172,0
89.25905179977417,0
89.27686500549316,0
89.27689576148987,0
89.27690863609314,0
89.29099321365356,0
89.29101419448853,0
89.29102683067322,0
89.29103803634644,0
89.29319405555725,0
89.29321765899658,0
89.2939350605011,0
89.29442262649536,0
89.295738697052,0
89.29659390449524,0
89.29688334465027,0
89.29690098762512,0
89.29691290855408,0
89.29719400405884,0
89.30275797843933,0
89.30276775360107,0
89.30333971977234,0
89.3169093132019,0
89.31693387031555,0
89.3170702457428,0
89.32185530662537,0
89.32205486297607,0
89.32254028320312,0
89.32275748252869,0
89.32286381721497,0
89.32288122177124,0
89.32574129104614,0
89.32577514648438,0
89.32798385620117,0
89.33712029457092,0
89.33714008331299,0
89.33720850944519,0
89.35241413116455,0
89.35738348960876,0
89.35745406150818,0
89.35750532150269,0
89.37710809707642,0
89.37720274925232,0
89.37746119499207,0
89.38785862922668,0
89.38798356056213,0
89.38811779022217,0
89.38814282417297,0
89.39023184776306,0
89.39029335975647,0
89.39140582084656,0
89.39248657226562,0
89.39283394813538,0
89.39287853240967,0
89.39312696456909,0
89.39365315437317,0
89.39367771148682,0
89.39370393753052,0
89.39498114585876,0
89.3950707912445,0
89.39797043800354,0
89.39801096916199,0
89.3980667591095,0
89.41035079956055,0
89.41043138504028,0
89.41155695915222,0
89.42067813873291,0
89.4207227230072,0
89.42074584960938,0
89.42081308364868,0
89.42086052894592,0
89.42090964317322,0
89.42096853256226,0
89.42114210128784,0
89.42119312286377,0
89.4212384223938,0
89.43334174156189,0
89.43725419044495,0
89.43727898597717,0
89.43751931190491,0
89.45587706565857,0
89.45589470863342,0
89.45593643188477,0
89.45595359802246,0
89.45696711540222,0
89.45708584785461,0
89.457102060318,0
89.4582211971283,0
89.4584014415741,0
89.45857119560242,0
89.47312235832214,0
89.47703528404236,0
89.47707462310791,0
89.47721004486084,0
89.49748468399048,0
89.49753475189209,0
89.49755430221558,0
89.50190210342407,0
89.501953125,0
89.50206112861633,0
89.50209140777588,0
89.50671696662903,0
89.50677180290222,0
89.50683879852295,0
89.51801753044128,0
89.51807022094727,0
89.518559217453,0
89.51860642433167,0
89.51867508888245,0
89.5234375,0
89.52346754074097,0
89.5373945236206,0
89.53744530677795,0
89.5374653339386,0
89.54483461380005,0
89.55195546150208,0
89.55201768875122,0
89.55530714988708,0
89.55532932281494,0
89.55541944503784,0
89.55544066429138,0
89.55694580078125,0
89.55699229240417,0
89.55700874328613,0
89.55707859992981,0
89.55733156204224,0
89.55738520622253,0
89.5599672794342,0
89.5621964931488,0
89.57444930076599,0
89.57901954650879,0
89.57912683486938,0
89.57918977737427,0
89.5976197719574,0
89.59770178794861,0
89.59824562072754,0
89.61840772628784,0
89.61846566200256,0
89.61849188804626,0
89.6310510635376,0
89.63110589981079,0
89.63113164901733,0
89.63119411468506,0
89.63610887527466,0
89.63614344596863,0
89.63764071464539,0
89.63769555091858,0
89.63793277740479,0
89.63891673088074,0
89.64127516746521,0
89.64133524894714,0
89.64496183395386,0
89.64526748657227,0
89.6520459651947,0
89.65252161026001,0
89.65277934074402,0
89.65302896499634,0
89.65477895736694,0
89.65520524978638,0
89.65552735328674,0
89.65716671943665,0
89.65720558166504,0
89.65753650665283,0
89.6628954410553,0
89.66962885856628,0
89.66964817047119,0
89.66988635063171,0
89.67034792900085,0
89.67234563827515,0
89.6723780632019,0
89.67321228981018,0
89.67767405509949,0
89.677729845047,0
89.67774748802185,0
89.68260836601257,0
89.687246799469,0
89.68787288665771,0
89.69718050956726,0
89.69743847846985,0
89.69745779037476,0
89.71704506874084,0
89.71708869934082,0
89.71710681915283,0
89.74173092842102,0
89.74192404747009,0
89.74193358421326,0
89.75010251998901,0
89.75034141540527,0
89.75381660461426,0
89.75587105751038,0
89.75642585754395,0
89.75764489173889,0
89.75767660140991,0
89.75771379470825,0
89.75792479515076,0
89.75900483131409,0
89.75922417640686,0
89.75927495956421,0
89.75946235656738,0
89.75948286056519,0
89.75973963737488,0
89.7598237991333,0
89.76186084747314,0
89.76536297798157,0
89.7770323753357,0
89.77707171440125,0
89.77718210220337,0
89.78900361061096,0
89.78904271125793,0
89.78904581069946,0
89.78906512260437,0
89.79167938232422,0
89.79170417785645,0
89.79171013832092,0
89.79318928718567,0
89.7932608127594,0
89.79544019699097,0
89.79544949531555,0
89.79830288887024,0
89.79834938049316,0
89.79836797714233,0
89.79838442802429,0
89.79897332191467,0
89.81723833084106,0
89.81724405288696,0
89.81728553771973,0
89.82229828834534,0
89.83081388473511,0
89.83515548706055,0
89.83541822433472,0
89.83544731140137,0
89.83595371246338,0
89.83632850646973,0
89.83635950088501,0
89.83738899230957,0
89.83744049072266,0
89.83744668960571,0
89.84079360961914,0
89.84110927581787,0
89.84114456176758,0
89.84116315841675,0
89.84254479408264,0
89.84282231330872,0
89.84295320510864,0
89.85171341896057,0
89.85771584510803,0
89.85776424407959,0
89.85783123970032,0
89.87657070159912,0
89.87660527229309,0
89.87661790847778,0
89.87668466567993,0
89.87692713737488,0
89.87834525108337,0
89.8783643245697,0
89.88165736198425,0
89.88170099258423,0
89.88171577453613,0
89.89742922782898,0
89.89745759963989,0
89.89777517318726,0
89.90074729919434,0
89.90077137947083,0
89.90262341499329,0
89.90290355682373,0
89.90345788002014,0
89.92386031150818,0
89.92389488220215,0
89.92422080039978,0
89.92456388473511,0
89.92459225654602,0
89.92721819877625,0
89.92724561691284,0
89.92728209495544,0
89.92731976509094,0
89.92742824554443,0
89.92746090888977,0
89.92749738693237,0
89.93695545196533,0
89.93698406219482,0
89.93701720237732,0
89.95366024971008,0
89.95686864852905,0
89.95728492736816,0
89.95731663703918,0
89.97749042510986,0
89.97758603096008,0
89.9776463508606,0
89.98991990089417,0
89.98996448516846,0
89.99004220962524,0
89.99011826515198,0
89.99036502838135,0
89.99042987823486,0
89.99049115180969,0
89.99223017692566,0
89.99554085731506,0
89.99742197990417,0
89.9974582195282,0
89.99767541885376,0
89.99867606163025,0
89.99875378608704,0
90.00063705444336,0
90.00071287155151,0
90.00199723243713,0
90.01706433296204,0
90.0172324180603,0
90.01737880706787,0
90.02300810813904,0
90.02326321601868,0
90.02330136299133,0
90.02337431907654,0
90.02505850791931,0
90.02545928955078,0
90.02547931671143,0
90.02648615837097,0
90.03807759284973,0
90.03817462921143,0
90.03857183456421,0
90.05486583709717,0
90.05494022369385,0
90.05806374549866,0
90.05814552307129,0
90.05822587013245,0
90.06260991096497,0
90.06280779838562,0
90.06282424926758,0
90.06291055679321,0
90.06299376487732,0
90.06301069259644,0
90.06306195259094,0
90.0724778175354,0
90.07249355316162,0
90.07313108444214,0
90.0731644630432,0
90.07721757888794,0
90.07724022865295,0
90.07725048065186,0
90.07726216316225,0
90.0776059627533,0
90.0776300430298,0
90.09476017951964,0
90.09513068199158,0
90.09651851654051,0
90.09697270393372,0
90.09700393676758,0
90.09701585769652,0
90.09751081466676,0
90.11702418327332,0
90.11704993247986,0
90.11727571487428,0
90.13688564300536,0
90.13691210746764,0
90.13692235946657,0
90.15634942054749,0
90.15707564353944,0
90.15710544586182,0
90.1571159362793,0
90.16031265258788,0
90.16048216819765,0
90.1770040988922,0
90.17704272270204,0
90.17705965042114,0
90.18485355377196,0
90.18488788604736,0
90.18490695953368,0
90.18499803543092,0
90.18765473365784,0
90.187814950943,0
90.18783855438232,0
90.18957686424255,0
90.18977522850037,0
90.19349980354308,0
90.19356060028076,0
90.19358015060423,0
90.19863843917848,0
90.19865798950195,0
90.19873929023744,0
90.21294116973876,0
90.21804308891296,0
90.218097448349,0
90.21815729141235,0
90.23821568489076,0
90.23849654197691,0
90.23853468894958,0
90.24137210845949,0
90.24196648597716,0
90.24202036857604,0
90.242112159729,0
90.2520272731781,0
90.2520911693573,0
90.25235867500304,0
90.25246381759644,0
90.26342034339903,0
90.2634539604187,0
90.26352310180664,0
90.26740837097168,0
90.26742339134216,0
90.27502942085266,0
90.27505207061768,0
90.27508735656738,0
90.27510142326356,0
90.27714037895204,0
90.27724838256836,0
90.27726340293884,0
90.291118144989,0
90.29122400283812,0
90.29141926765442,0
90.29151201248168,0
90.29213285446168,0
90.29348754882812,0
90.29351568222046,0
90.29471778869627,0
90.29473209381104,0
90.2972650527954,0
90.29728865623474,0
90.29746317863464,0
90.29942989349364,0
90.31165099143982,0
90.31167507171632,0
90.3170268535614,0
90.3170771598816,0
90.31708931922913,0
90.33712673187256,0
90.33715558052064,0
90.33721685409546,0
90.34635472297668,0
90.34638357162476,0
90.34642124176024,0
90.3464834690094,0
90.3507363796234,0
90.35161566734314,0
90.35189819335938,0
90.35191679000854,0
90.35192823410034,0
90.3519687652588,0
90.35204005241394,0
90.35280966758728,0
90.35298657417296,0
90.35312724113464,0
90.35336923599245,0
90.35754632949828,0
90.35758304595949,0
90.35760045051576,0
90.36046195030212,0
90.36049103736876,0
90.36050367355348,0
90.36051726341248,0
90.3773398399353,0
90.37756061553956,0
90.37757921218872,0
90.38520979881288,0
90.38601636886597,0
90.38642621040344,0
90.38911628723145,0
90.3891215324402,0
90.39144587516785,0
90.39151644706726,0
90.39228582382202,0
90.39794754981996,0
90.39798760414124,0
90.39803910255432,0
90.40224003791808,0
90.40229940414427,0
90.40239214897156,0
90.40241408348083,0
90.4126317501068,0
90.41283869743349,0
90.41293454170228,0
90.4173092842102,0
90.41734957695007,0
90.41736555099487,0
90.43593502044678,0
90.4378752708435,0
90.4379060268402,0
90.43792581558228,0
90.45053696632384,0
90.45057082176208,0
90.450585603714,0
90.45726943016052,0
90.4573073387146,0
90.45732259750366,0
90.46435737609865,0
90.46439051628111,0
90.46440601348876,0
90.46907353401184,0
90.47148251533508,0
90.47701144218443,0
90.47704935073853,0
90.4772562980652,0
90.48637056350708,0
90.48991990089417,0
90.49018335342409,0
90.49020791053772,0
90.49196243286131,0
90.49435377120972,0
90.4943664073944,0
90.49437880516052,0
90.49588131904602,0
90.49590682983398,0
90.49687814712524,0
90.49694347381592,0
90.49695801734924,0
90.49882459640504,0
90.49882650375366,0
90.51695322990416,0
90.51695609092712,0
90.51698422431946,0
90.53692030906676,0
90.53695011138916,0
90.53696298599245,0
90.54959797859192,0
90.55331039428712,0
90.55333852767944,0
90.55686330795288,0
90.5568962097168,0
90.55690884590148,0
90.55691075325012,0
90.55692481994627,0
90.55694031715392,0
90.55694389343262,0
90.55800676345824,0
90.55807423591614,0
90.55809211730956,0
90.55839133262634,0
90.55842399597168,0
90.55843019485474,0
90.55843114852904,0
90.56131148338318,0
90.56135511398315,0
90.56135630607604,0
90.57720589637756,0
90.5772397518158,0
90.5772545337677,0
90.58151483535768,0
90.59747004508972,0
90.59781265258788,0
90.59785342216492,0
90.60445475578308,0
90.60504579544067,0
90.60508942604064,0
90.60511016845705,0
90.60706210136414,0
90.60708713531494,0
90.60716700553894,0
90.60874223709106,0
90.6087818145752,0
90.60965538024902,0
90.60978293418884,0
90.6170392036438,0
90.61721420288086,0
90.61727094650269,0
90.63393425941469,0
90.64173913002014,0
90.6417965888977,0
90.64182496070862,0
90.65847492218018,0
90.65862321853638,0
90.65875101089478,0
90.67280793190002,0
90.67282032966614,0
90.67283296585084,0
90.6731185913086,0
90.67526149749756,0
90.6754870414734,0
90.67551112174988,0
90.67573380470276,0
90.67713689804076,0
90.67716670036316,0
90.6773965358734,0
90.6796510219574,0
90.68289947509766,0
90.68982863426208,0
90.68990015983582,0
90.68991327285768,0
90.68995714187622,0
90.69680881500244,0
90.69682908058168,0
90.69711875915527,0
90.7011513710022,0
90.70115542411804,0
90.70123028755188,0
90.70261001586914,0
90.70264101028442,0
90.70384240150452,0
90.70388078689577,0
90.7176742553711,0
90.71770477294922,0
90.71791887283324,0
90.73683500289916,0
90.7368619441986,0
90.7369613647461,0
90.74467539787292,0
90.75072026252748,0
90.75072312355042,0
90.75176119804382,0
90.75177335739136,0
90.75178503990172,0
90.7518401145935,0
90.7529833316803,0
90.7529866695404,0
90.75299882888794,0
90.75553178787231,0
90.75649642944336,0
90.75702595710754,0
90.75705313682556,0
90.75719356536864,0
90.77626514434814,0
90.77726912498474,0
90.7773084640503,0
90.77732491493224,0
90.78643441200256,0
90.78647208213806,0
90.7865002155304,0
90.7865219116211,0
90.79704761505128,0
90.797128200531,0
90.79712843894958,0
90.79871487617493,0
90.79873490333556,0
90.7988657951355,0
90.80083537101746,0
90.8010277748108,0
90.80331873893738,0
90.8033561706543,0
90.81100130081175,0
90.81105637550354,0
90.81108689308168,0
90.81120800971983,0
90.81742262840272,0
90.81743025779724,0
90.8174684047699,0
90.83736681938171,0
90.83741664886476,0
90.8374388217926,0
90.85746622085573,0
90.85749220848083,0
90.85751128196716,0
90.85858654975893,0
90.85862278938292,0
90.85869240760805,0
90.86037969589232,0
90.87742185592651,0
90.87767815589903,0
90.8777174949646,0
90.88158249855042,0
90.88160681724548,0
90.88161039352416,0
90.88161969184875,0
90.88543725013731,0
90.88546562194824,0
90.88547706604004,0
90.88726687431335,0
90.88821721076964,0
90.8974061012268,0
90.89744877815248,0
90.89749908447266,0
90.91048192977904,0
90.9152693748474,0
90.9152810573578,0
90.91725873947144,0
90.91727471351624,0
90.91756129264832,0
90.91758632659912,0
90.91759991645812,0
90.93696427345276,0
90.93699407577516,0
90.93706154823305,0
90.94205403327942,0
90.94605660438538,0
90.94605684280396,0
90.957017660141,0
90.95704197883606,0
90.95708346366882,0
90.96169328689577,0
90.96213674545288,0
90.96215867996216,0
90.96220660209656,0
90.96590304374696,0
90.96592259407043,0
90.96650862693788,0
90.97728657722472,0
90.97731685638428,0
90.97736072540285,0
90.99076533317566,0
90.99757075309752,0
90.99761509895325,0
90.9976887702942,0
91.00202345848083,0
91.00205850601196,0
91.00210809707642,0
91.00218677520752,0
91.00290727615356,0
91.00349354743958,0
91.00366497039796,0
91.00503253936768,0
91.00529837608336,0
91.00661396980286,0
91.0067970752716,0
91.01782393455504,0
91.01795387268066,0
91.01801061630248,0
91.01806378364564,0
91.02005505561829,0
91.03402471542358,0
91.03756523132324,0
91.03760933876038,0
91.0376284122467,0
91.05746173858644,0
91.0574939250946,0
91.05769419670104,0
91.0650520324707,0
91.06507754325868,0
91.06509017944336,0
91.06510305404665,0
91.06620264053343,0
91.06623411178587,0
91.0672128200531,0
91.0686354637146,0
91.06864333152772,0
91.06866025924684,0
91.06880831718443,0
91.07696676254272,0
91.07699370384216,0
91.07702827453612,0
91.08485889434814,0
91.08487296104433,0
91.0848903656006,0
91.08495116233826,0
91.09168839454652,0
91.09189772605896,0
91.0919201374054,0
91.09196853637695,0
91.0920193195343,0
91.09217691421507,0
91.0921847820282,0
91.0952877998352,0
91.09531950950624,0
91.09692716598512,0
91.09695219993591,0
91.09698057174684,0
91.09771680831908,0
91.09772849082948,0
91.1170744895935,0
91.117103099823,0
91.11713790893556,0
91.13271021842957,0
91.1368522644043,0
91.136883020401,0
91.1368956565857,0
91.15690279006958,0
91.15693354606628,0
91.15694689750671,0
91.16169500350952,0
91.1619358062744,0
91.16325759887695,0
91.16327691078186,0
91.16333317756651,0
91.1633813381195,0
91.16469049453735,0
91.16471028327942,0
91.16504311561584,0
91.16546201705933,0
91.17735123634338,0
91.17739129066469,0
91.17769646644592,0
91.19690990447998,0
91.19693756103516,0
91.19704174995422,0
91.19713425636292,0
91.1971673965454,0
91.19755840301514,0
91.1980094909668,0
91.2013111114502,0
91.20135140419006,0
91.2014012336731,0
91.20198440551758,0
91.20200824737547,0
91.20378708839417,0
91.2039885520935,0
91.21522569656372,0
91.21752882003784,0
91.21757054328918,0
91.2179024219513,0
91.2187044620514,0
91.23718357086182,0
91.237468957901,0
91.23747086524963,0
91.2392008304596,0
91.24198246002196,0
91.24294543266296,0
91.2429735660553,0
91.25485610961914,0
91.25515174865724,0
91.25523948669434,0
91.25525951385498,0
91.25755500793456,0
91.25759267807008,0
91.2576458454132,0
91.2624056339264,0
91.2657721042633,0
91.28115487098694,0
91.28120684623718,0
91.281245470047,0
91.29687309265135,0
91.29689741134644,0
91.29690837860107,0
91.3131730556488,0
91.31320381164552,0
91.31321501731873,0
91.31322813034058,0
91.31398415565492,0
91.31584882736206,0
91.31807065010072,0
91.31815886497498,0
91.31817507743835,0
91.31818461418152,0
91.31819105148315,0
91.31819534301758,0
91.31822299957275,0
91.31823706626892,0
91.31922054290771,0
91.31922364234924,0
91.3368170261383,0
91.33684611320496,0
91.33685684204102,0
91.33686423301695,0
91.33693838119508,0
91.3369493484497,0
91.33707332611084,0
91.33765363693236,0
91.33775210380554,0
91.33900237083436,0
91.33918261528017,0
91.34009504318236,0
91.34022378921507,0
91.34039521217346,0
91.35025787353516,0
91.3505482673645,0
91.35069036483765,0
91.35070753097534,0
91.35073137283324,0
91.35074281692503,0
91.35075521469116,0
91.35692548751832,0
91.35694122314452,0
91.35747241973876,0
91.37698006629944,0
91.37701344490053,0
91.37710046768188,0
91.38942337036131,0
91.38972783088684,0
91.38988494873048,0
91.39002919197084,0
91.39453506469728,0
91.39465236663818,0
91.3946726322174,0
91.39472317695618,0
91.39592862129211,0
91.3973035812378,0
91.3973343372345,0
91.39745616912842,0
91.39754700660706,0
91.39767026901244,0
91.39947366714478,0
91.39953708648682,0
91.40356397628784,0
91.41608762741087,0
91.41610383987428,0
91.41743206977844,0
91.41745662689208,0
91.41749715805054,0
91.41751313209534,0
91.41752862930298,0
91.41834783554076,0
91.41851258277892,0
91.41856360435486,0
91.43093514442444,0
91.43803310394289,0
91.43818163871764,0
91.4383156299591,0
91.4576451778412,0
91.45768332481384,0
91.4576997756958,0
91.46554565429688,0
91.46556329727171,0
91.46737957000732,0
91.4674108028412,0
91.46861624717712,0
91.46861934661864,0
91.46912550926208,0
91.469895362854,0
91.47698950767516,0
91.47698974609376,0
91.48566746711732,0
91.485684633255,0
91.48595237731934,0
91.48679566383362,0
91.48693537712096,0
91.4869658946991,0
91.48747038841248,0
91.48895311355592,0
91.48898148536682,0
91.492427110672,0
91.49246001243591,0
91.49384427070618,0
91.49387288093568,0
91.49388337135316,0
91.49389314651488,0
91.49703741073608,0
91.49706482887268,0
91.49707555770874,0
91.5112464427948,0
91.51135778427124,0
91.51137399673462,0
91.51743006706238,0
91.51746034622192,0
91.51819086074828,0
91.53280425071716,0
91.5368583202362,0
91.53735208511353,0
91.53739881515504,0
91.5569531917572,0
91.55697917938232,0
91.55778956413268,0
91.55787873268127,0
91.559091091156,0
91.56103205680849,0
91.56106376647948,0
91.5611183643341,0
91.5612859725952,0
91.56130409240724,0
91.56185364723206,0
91.572998046875,0
91.57764077186584,0
91.5779674053192,0
91.57801175117493,0
91.59687733650208,0
91.59690761566162,0
91.59697794914246,0
91.60191035270692,0
91.60194373130798,0
91.60250067710876,0
91.60253572463988,0
91.60571098327635,0
91.60572957992554,0
91.60574841499329,0
91.60913586616516,0
91.60925102233888,0
91.61085653305054,0
91.61091160774232,0
91.6134796142578,0
91.61724424362184,0
91.61730027198792,0
91.6173734664917,0
91.63773202896118,0
91.6377818584442,0
91.63780188560486,0
91.6448576450348,0
91.64711689949036,0
91.64732718467712,0
91.64816665649414,0
91.65759539604188,0
91.6575961112976,0
91.65763235092165,0
91.66169452667236,0
91.66170144081116,0
91.66179537773132,0
91.66351103782654,0
91.66637921333312,0
91.67682695388794,0
91.67685341835022,0
91.67774391174316,0
91.69926023483276,0
91.69958972930908,0
91.69963765144348,0
91.70134925842284,0
91.70519423484802,0
91.70521020889282,0
91.71711492538452,0
91.7171392440796,0
91.71716737747192,0
91.73409295082092,0
91.73416256904602,0
91.7341775894165,0
91.734224319458,0
91.73426175117493,0
91.73427724838255,0
91.73431706428528,0
91.73438477516174,0
91.73441457748412,0
91.73454284667967,0
91.73457407951356,0
91.7345848083496,0
91.73680543899536,0
91.73682808876038,0
91.73686051368712,0
91.74148535728456,0
91.74380159378052,0
91.75910258293152,0
91.7591941356659,0
91.75935649871826,0
91.77692985534668,0
91.7769513130188,0
91.77701330184937,0
91.7853901386261,0
91.78543424606325,0
91.78557443618774,0
91.78559494018556,0
91.78752183914185,0
91.7876250743866,0
91.78764533996582,0
91.79191589355467,0
91.79195547103882,0
91.79197025299072,0
91.79198265075684,0
91.79252099990843,0
91.79291534423828,0
91.79296898841858,0
91.7930028438568,0
91.79774451255798,0
91.79779601097108,0
91.79781579971312,0
91.81729459762572,0
91.81738758087158,0
91.81766963005066,0
91.8260862827301,0
91.82617497444151,0
91.82867765426636,0
91.82868814468384,0
91.82985472679138,0
91.83749985694884,0
91.83753561973572,0
91.83757662773132,0
91.8386013507843,0
91.83929562568665,0
91.83933210372923,0
91.83939385414124,0
91.8438994884491,0
91.84403681755066,0
91.84479188919067,0
91.85797786712646,0
91.8580322265625,0
91.87059330940248,0
91.87716341018675,0
91.87719535827635,0
91.87724256515504,0
91.89693260192873,0
91.89693570137024,0
91.8969659805298,0
91.90541982650755,0
91.90581154823305,0
91.90583539009094,0
91.9058473110199,0
91.90684008598328,0
91.9069278240204,0
91.90694308280943,0
91.90805339813232,0
91.9080777168274,0
91.91547179222108,0
91.91555976867676,0
91.91669750213624,0
91.9173994064331,0
91.91775274276732,0
91.91778087615968,0
91.91818451881409,0
91.936181306839,0
91.93703603744508,0
91.9370617866516,0
91.93707394599916,0
91.94177770614624,0
91.95696377754211,0
91.95699214935304,0
91.95700263977052,0
91.96881461143494,0
91.96885371208192,0
91.96889352798462,0
91.96895790100098,0
91.97115111351012,0
91.9711697101593,0
91.97201180458067,0
91.97725987434389,0
91.97729563713074,0
91.9773440361023,0
91.98940944671632,0
91.99384093284608,0
91.99403548240662,0
91.9942111968994,0
91.99423122406006,0
91.99733138084412,0
91.99734663963318,0
91.9973602294922,0
91.99767351150513,0
91.99800395965576,0
91.99803590774536,0
91.9990737438202,0
91.9991693496704,0
91.9997091293335,0
91.9997718334198,0
92.0136706829071,0
92.0137095451355,0
92.01372408866882,0
92.0137379169464,0
92.01608967781068,0
92.016117811203,0
92.01642179489136,0
92.0174663066864,0
92.01750230789185,0
92.01755666732788,0
92.03303289413452,0
92.03741574287416,0
92.03760123252869,0
92.03893733024596,0
92.05783796310423,0
92.05787873268127,0
92.05789518356325,0
92.06307530403136,0
92.06311774253844,0
92.06318807601927,0
92.06323289871216,0
92.06338453292848,0
92.06340456008913,0
92.06432437896729,0
92.07761073112488,0
92.07782769203186,0
92.07796120643616,0
92.07802772521973,0
92.07882833480836,0
92.09710144996644,0
92.0971302986145,0
92.09714078903198,0
92.1098747253418,0
92.11379146575928,0
92.11484289169312,0
92.1148533821106,0
92.11486792564392,0
92.11625814437866,0
92.11627960205078,0
92.11698770523073,0
92.11700344085692,0
92.1170129776001,0
92.1176118850708,0
92.11816215515135,0
92.11861515045166,0
92.11916732788086,0
92.11919045448305,0
92.13683152198792,0
92.13685703277588,0
92.13686871528624,0
92.14039516448976,0
92.14407539367676,0
92.14409160614014,0
92.14529299736024,0
92.14544677734376,0
92.14709663391112,0
92.14711666107178,0
92.15705609321594,0
92.15709972381592,0
92.15711450576782,0
92.16300535202026,0
92.163024187088,0
92.16309094429016,0
92.1642336845398,0
92.1660053730011,0
92.17349791526794,0
92.17703914642334,0
92.17706179618835,0
92.17759251594543,0
92.19734382629396,0
92.19738340377808,0
92.19743824005128,0
92.2102620601654,0
92.2105484008789,0
92.2105712890625,0
92.21064281463624,0
92.21802687644958,0
92.2181077003479,0
92.2182035446167,0
92.23738622665404,0
92.2374348640442,0
92.23753547668456,0
92.24486923217772,0
92.24489998817444,0
92.24565029144289,0
92.24718189239502,0
92.24721240997314,0
92.25744223594666,0
92.2574462890625,0
92.25747203826904,0
92.2591278553009,0
92.25917100906372,0
92.26035618782043,0
92.26098799705504,0
92.26396441459656,0
92.264586687088,0
92.26517152786256,0
92.2658281326294,0
92.2769935131073,0
92.27703928947447,0
92.27705597877502,0
92.28430318832396,0
92.28443717956544,0
92.28453946113586,0
92.28455352783205,0
92.28793430328368,0
92.2879514694214,0
92.28796529769896,0
92.28880763053894,0
92.29300045967102,0
92.2934410572052,0
92.29345655441284,0
92.29349184036256,0
92.2968270778656,0
92.29685139656068,0
92.2970232963562,0
92.3019757270813,0
92.302396774292,0
92.30245518684389,0
92.30390000343324,0
92.30404829978944,0
92.30561900138856,0
92.30597567558289,0
92.3170964717865,0
92.3171238899231,0
92.31713461875916,0
92.31977486610413,0
92.33694100379944,0
92.33696961402892,0
92.33698105812071,0
92.34050416946413,0
92.34050822257996,0
92.34182834625244,0
92.3441162109375,0
92.3441445827484,0
92.34417939186096,0
92.34430193901062,0
92.34445142745972,0
92.34450674057008,0
92.35833096504211,0
92.3583643436432,0
92.35839343070984,0
92.36282968521118,0
92.3638641834259,0
92.36465334892272,0
92.37684845924376,0
92.37688064575195,0
92.37689352035522,0
92.37732577323914,0
92.3776080608368,0
92.37831211090088,0
92.37879037857056,0
92.37907028198242,0
92.37914037704468,0
92.3798406124115,0
92.3905394077301,0
92.3905429840088,0
92.39699244499208,0
92.39702868461607,0
92.397043466568,0
92.40861010551453,0
92.40867018699646,0
92.41711187362672,0
92.41715216636658,0
92.4171724319458,0
92.43608736991882,0
92.4376425743103,0
92.43769574165344,0
92.43775415420532,0
92.44564080238342,0
92.44611167907716,0
92.44747233390808,0
92.44758868217468,0
92.45761489868164,0
92.45765519142152,0
92.45765924453735,0
92.46052837371826,0
92.46054935455322,0
92.4605700969696,0
92.46602439880373,0
92.46908712387084,0
92.46952867507936,0
92.4796290397644,0
92.47966313362122,0
92.48050045967102,0
92.48536467552184,0
92.48544931411745,0
92.4854645729065,0
92.4854748249054,0
92.4877381324768,0
92.48774075508118,0
92.48776912689208,0
92.49717879295348,0
92.49720621109007,0
92.49721693992616,0
92.501540184021,0
92.50155901908876,0
92.50632619857788,0
92.50632667541504,0
92.50635027885436,0
92.50667071342468,0
92.5066900253296,0
92.50669312477112,0
92.50669956207275,0
92.50699973106384,0
92.50701904296876,0
92.5173716545105,0
92.51739740371704,0
92.51745533943176,0
92.53582382202148,0
92.53698015213013,0
92.53700804710388,0
92.53702020645142,0
92.53972864151,0
92.5397560596466,0
92.55727577209473,0
92.55731415748596,0
92.55733060836792,0
92.56117749214172,0
92.5614504814148,0
92.56145453453064,0
92.56147193908691,0
92.56696248054504,0
92.56700158119202,0
92.56701850891112,0
92.56782937049866,0
92.56988167762756,0
92.57701325416564,0
92.57705116271973,0
92.57710671424866,0
92.58230566978456,0
92.60025930404665,0
92.60030364990234,0
92.60037517547607,0
92.60759401321413,0
92.60767364501952,0
92.60783338546752,0
92.60786819458008,0
92.61061763763428,0
92.61063814163208,0
92.6107099056244,0
92.6114296913147,0
92.61152982711792,0
92.61296057701112,0
92.61301803588869,0
92.61723518371582,0
92.6172947883606,0
92.61729550361632,0
92.62417221069336,0
92.6370964050293,0
92.63714051246644,0
92.63742399215698,0
92.65836882591248,0
92.65837264060974,0
92.65856170654295,0
92.67018556594849,0
92.67024517059326,0
92.67029929161072,0
92.67043542861938,0
92.67695021629332,0
92.67697596549988,0
92.67713832855225,0
92.69741368293762,0
92.69743847846983,0
92.69747495651244,0
92.70498132705688,0
92.704993724823,0
92.70503520965576,0
92.706059217453,0
92.71094107627869,0
92.71095490455627,0
92.71740651130676,0
92.71743679046632,0
92.71744418144226,0
92.7191128730774,0
92.719158411026,0
92.7200059890747,0
92.72138023376463,0
92.73712515830994,0
92.73715233802795,0
92.73718452453612,0
92.75253462791444,0
92.7570822238922,0
92.75711369514464,0
92.75715327262878,0
92.76025867462158,0
92.76027369499208,0
92.76054763793944,0
92.76072096824646,0
92.76074409484865,0
92.7609224319458,0
92.7637825012207,0
92.7637903690338,0
92.76405191421507,0
92.76506400108336,0
92.76507997512816,0
92.7650876045227,0
92.76509213447572,0
92.76884722709656,0
92.76886820793152,0
92.76904916763306,0
92.77688479423524,0
92.77692317962646,0
92.7769238948822,0
92.78069233894348,0
92.78450655937196,0
92.78495717048644,0
92.78497219085692,0
92.78508186340332,0
92.78654646873474,0
92.78679633140564,0
92.78686141967772,0
92.7925398349762,0
92.79257249832152,0
92.7942397594452,0
92.79429411888124,0
92.79684281349182,0
92.79687118530272,0
92.79744958877563,0
92.81289601325987,0
92.81702184677124,0
92.8170680999756,0
92.81721496582033,0
92.83704376220705,0
92.83749914169312,0
92.837828874588,0
92.83787488937378,0
92.84082651138306,0
92.84087347984314,0
92.84196424484252,0
92.8432548046112,0
92.84339737892152,0
92.84342765808104,0
92.85166788101196,0
92.85768866539,0
92.85772967338562,0
92.8577299118042,0
92.88037252426147,0
92.8804054260254,0
92.89002466201782,0
92.89265394210815,0
92.8926784992218,0
92.89269042015076,0
92.89270234107973,0
92.89834666252136,0
92.89837551116943,0
92.89838790893556,0
92.90383672714232,0
92.90404891967772,0
92.9042193889618,0
92.90528845787048,0
92.9055154323578,0
92.90780448913574,0
92.90783166885376,0
92.90965700149536,0
92.90978956222534,0
92.9167866706848,0
92.91681361198424,0
92.91700768470764,0
92.93683981895448,0
92.93702101707458,0
92.93703413009644,0
92.94937562942503,0
92.95332717895508,0
92.95332884788512,0
92.95643186569214,0
92.95793676376344,0
92.95798778533936,0
92.95799040794373,0
92.95919132232666,0
92.9592924118042,0
92.9593288898468,0
92.9594190120697,0
92.95943784713744,0
92.959454536438,0
92.95946741104126,0
92.96137261390686,0
92.97249627113342,0
92.97702074050903,0
92.97703337669373,0
92.97704768180849,0
92.99710297584534,0
92.9971387386322,0
92.99717712402344,0
93.00907731056212,0
93.00911593437196,0
93.00938296318054,0
93.00944209098816,0
93.01250433921814,0
93.01254987716676,0
93.01268601417542,0
93.01388454437256,0
93.013925075531,0
93.015939950943,0
93.01596522331238,0
93.01748824119568,0
93.01751041412354,0
93.01752519607544,0
93.0211033821106,0
93.02113509178162,0
93.02115392684937,0
93.02120280265808,0
93.0212264060974,0
93.0213179588318,0
93.02136826515198,0
93.0279369354248,0
93.0294861793518,0
93.03090023994446,0
93.03772807121275,0
93.03777599334715,0
93.03779864311218,0
93.0394823551178,0
93.04149746894836,0
93.0415153503418,0
93.0415346622467,0
93.04295897483826,0
93.04301977157591,0
93.04336667060852,0
93.05755257606506,0
93.05762481689452,0
93.05767107009888,0
93.0577793121338,0
93.07747960090636,0
93.07767486572266,0
93.0776982307434,0
93.0777587890625,0
93.07842206954956,0
93.07845282554626,0
93.0784628391266,0
93.08237552642822,0
93.08252501487732,0
93.08283281326294,0
93.097998380661,0
93.09802341461182,0
93.09803533554076,0
93.10282588005066,0
93.10285210609436,0
93.1041374206543,0
93.10414099693298,0
93.11687564849854,0
93.11690282821657,0
93.11710214614868,0
93.12034034729004,0
93.13693857192992,0
93.13696765899658,0
93.13698697090148,0
93.14120173454285,0
93.14121890068054,0
93.14426350593568,0
93.14428853988647,0
93.14429187774658,0
93.14430785179138,0
93.14437890052795,0
93.14442682266235,0
93.1444857120514,0
93.15716862678528,0
93.15720105171204,0
93.15723657608032,0
93.1772117614746,0
93.17724633216858,0
93.1772882938385,0
93.17822170257568,0
93.18275237083436,0
93.18277287483215,0
93.18278670310974,0
93.18280529975893,0
93.19704365730286,0
93.19707870483398,0
93.19709324836732,0
93.20348572731018,0
93.20416116714478,0
93.20440411567688,0
93.20502066612244,0
93.2050883769989,0
93.20728588104248,0
93.20736026763916,0
93.21385788917542,0
93.21534323692322,0
93.21712970733644,0
93.2171552181244,0
93.21723675727844,0
93.23780393600464,0
93.23784923553468,0
93.23786401748656,0
93.23962140083312,0
93.23999762535097,0
93.24022722244264,0
93.24040174484252,0
93.24480056762695,0
93.2450704574585,0
93.24509620666504,0
93.25779104232788,0
93.25781726837158,0
93.25791478157043,0
93.26588344573976,0
93.26666712760924,0
93.26689267158508,0
93.26699376106262,0
93.26949763298036,0
93.26962637901306,0
93.26974678039552,0
93.2698097229004,0
93.27737975120544,0
93.27749371528624,0
93.2775101661682,0
93.27964687347412,0
93.27996516227722,0
93.28020167350768,0
93.28033208847046,0
93.2828414440155,0
93.28285574913023,0
93.28286933898926,0
93.2970485687256,0
93.29707884788512,0
93.2978129386902,0
93.29819130897522,0
93.29821920394896,0
93.29942727088928,0
93.29947590827942,0
93.31397342681883,0
93.3168580532074,0
93.31688332557678,0
93.3168933391571,0
93.33705639839172,0
93.3370804786682,0
93.3370840549469,0
93.34948563575745,0
93.34950041770936,0
93.35052299499512,0
93.35054993629456,0
93.3506636619568,0
93.35068082809448,0
93.3542456626892,0
93.35428881645204,0
93.35432410240172,0
93.35616183280943,0
93.35782146453856,0
93.35785245895386,0
93.35786557197572,0
93.35860967636108,0
93.36407589912416,0
93.3679745197296,0
93.36827683448792,0
93.36892676353456,0
93.37622237205504,0
93.37714886665344,0
93.37718033790588,0
93.37719416618349,0
93.38160443305968,0
93.38183546066284,0
93.38186120986938,0
93.38187837600708,0
93.39711499214172,0
93.39714980125429,0
93.39719319343568,0
93.3991367816925,0
93.39917325973512,0
93.39958357810974,0
93.40452361106873,0
93.40456414222716,0
93.4058666229248,0
93.4059431552887,0
93.4175419807434,0
93.41757583618164,0
93.41757655143738,0
93.42994451522829,0
93.4370927810669,0
93.43713545799255,0
93.43715190887453,0
93.45780277252196,0
93.45784735679626,0
93.4578640460968,0
93.46648263931274,0
93.4667582511902,0
93.46676754951476,0
93.46678519248962,0
93.47243404388428,0
93.4724576473236,0
93.4741895198822,0
93.4749984741211,0
93.47884702682497,0
93.4788806438446,0
93.47892737388612,0
93.49706411361694,0
93.49709177017212,0
93.49712991714478,0
93.50138187408449,0
93.5014078617096,0
93.50141882896423,0
93.50143098831175,0
93.50462746620178,0
93.50465846061708,0
93.50512862205504,0
93.50514125823976,0
93.50534582138062,0
93.51722264289856,0
93.5173716545105,0
93.51738452911376,0
93.52274250984192,0
93.5227644443512,0
93.52761554718018,0
93.52764391899107,0
93.52765369415285,0
93.52766752243042,0
93.52906942367554,0
93.52924752235413,0
93.52973747253418,0
93.53078031539916,0
93.53695631027222,0
93.53701972961426,0
93.53705143928528,0
93.54353070259094,0
93.5435597896576,0
93.54422855377196,0
93.54424500465392,0
93.54425644874571,0
93.54431223869324,0
93.54765725135805,0
93.5476770401001,0
93.54768109321594,0
93.5575032234192,0
93.55753707885742,0
93.55755043029784,0
93.57714796066284,0
93.57718563079834,0
93.57719922065736,0
93.5775978565216,0
93.5833044052124,0
93.5833330154419,0
93.5834255218506,0
93.58352613449097,0
93.59713649749756,0
93.59717273712158,0
93.597186088562,0
93.59909725189208,0
93.59930682182312,0
93.60122609138487,0
93.6012716293335,0
93.60135054588318,0
93.6035578250885,0
93.60360813140868,0
93.61192011833192,0
93.61743807792664,0
93.61751556396484,0
93.61756801605225,0
93.637464761734,0
93.63746738433838,0
93.6378526687622,0
93.65485453605652,0
93.65491318702698,0
93.65500688552856,0
93.65510892868042,0
93.65538120269775,0
93.65557098388672,0
93.65772581100464,0
93.65780091285706,0
93.66473627090454,0
93.6767120361328,0
93.67763233184814,0
93.67776322364809,0
93.67778325080872,0
93.6822624206543,0
93.6888108253479,0
93.68882584571838,0
93.69408655166626,0
93.6940975189209,0
93.69421076774596,0
93.6943690776825,0
93.69439268112184,0
93.69447922706604,0
93.69630241394044,0
93.69638895988464,0
93.69722962379456,0
93.697252035141,0
93.69726252555849,0
93.69809246063232,0
93.69992280006409,0
93.69995093345642,0
93.7013726234436,0
93.70140814781188,0
93.71700954437256,0
93.71703767776488,0
93.71705150604248,0
93.73611426353456,0
93.73767137527466,0
93.7376983165741,0
93.73774790763856,0
93.7377908229828,0
93.73803901672365,0
93.75216245651244,0
93.7521755695343,0
93.75466394424438,0
93.7546877861023,0
93.75499391555786,0
93.7550196647644,0
93.75717997550964,0
93.75720262527466,0
93.75721287727356,0
93.77712106704712,0
93.77715229988098,0
93.77719259262084,0
93.78248643875122,0
93.78254294395448,0
93.78298377990724,0
93.78511667251588,0
93.78514885902403,0
93.78516030311584,0
93.78517127037048,0
93.7878897190094,0
93.7880117893219,0
93.78803253173828,0
93.78903794288637,0
93.79707217216492,0
93.79708743095398,0
93.797105550766,0
93.79928779602052,0
93.79931473731996,0
93.79942178726196,0
93.79942393302916,0
93.80277061462402,0
93.8047034740448,0
93.81629014015198,0
93.81720876693726,0
93.81723189353944,0
93.81730341911316,0
93.81897163391112,0
93.81902146339417,0
93.83713579177856,0
93.83717584609984,0
93.8371968269348,0
93.8388261795044,0
93.83886528015135,0
93.83902597427368,0
93.8399772644043,0
93.84120988845824,0
93.84176921844482,0
93.84182715415956,0
93.85682272911072,0
93.86219096183775,0
93.862211227417,0
93.86298775672913,0
93.86539077758788,0
93.86541533470154,0
93.86546969413756,0
93.8655219078064,0
93.87796449661256,0
93.87800335884094,0
93.87802147865295,0
93.88097977638245,0
93.88101410865784,0
93.88152647018433,0
93.88294529914856,0
93.88368582725523,0
93.88585114479064,0
93.88586664199828,0
93.89691400527954,0
93.89694738388062,0
93.89696025848389,0
93.91717672348022,0
93.9172055721283,0
93.93225979804993,0
93.93703198432922,0
93.9370346069336,0
93.93705487251282,0
93.95788192749023,0
93.95792865753174,0
93.9579336643219,0
93.96246194839478,0
93.96248173713684,0
93.96507334709167,0
93.96510195732117,0
93.96511578559875,0
93.96517491340636,0
93.96684527397156,0
93.96686172485352,0
93.96687722206116,0
93.97663879394533,0
93.97714495658876,0
93.97717261314392,0
93.97718286514282,0
93.98189735412598,0
93.98308897018433,0
93.98311400413512,0
93.98315906524658,0
93.99702048301695,0
93.99702954292296,0
93.99705910682678,0
93.99992537498474,0
94.00001406669617,0
94.00003385543825,0
94.00238943099976,0
94.00242614746094,0
94.00422263145448,0
94.00426936149596,0
94.01705002784728,0
94.0170886516571,0
94.01710391044617,0
94.020423412323,0
94.02046847343443,0
94.02056407928468,0
94.02062273025513,0
94.0232572555542,0
94.02329754829408,0
94.02332997322084,0
94.02435541152954,0
94.03753471374512,0
94.03757619857788,0
94.03758120536804,0
94.04547142982484,0
94.0460124015808,0
94.04605627059937,0
94.04608011245728,0
94.04845905303956,0
94.0490140914917,0
94.049298286438,0
94.04940152168274,0
94.05165147781372,0
94.05715584754944,0
94.057199716568,0
94.0575819015503,0
94.06459093093872,0
94.0703148841858,0
94.07738733291626,0
94.07743287086488,0
94.07744884490968,0
94.07821989059448,0
94.08623957633972,0
94.08658003807068,0
94.08658242225648,0
94.08661079406738,0
94.08932495117188,0
94.08950567245483,0
94.0911350250244,0
94.09706330299376,0
94.09710144996644,0
94.09879541397096,0
94.09880685806274,0
94.10098528862,0
94.1012885570526,0
94.11702466011047,0
94.11702919006348,0
94.1170494556427,0
94.1369206905365,0
94.13694739341736,0
94.13695883750916,0
94.14356565475464,0
94.14751505851746,0
94.14780831336977,0
94.14909791946413,0
94.1491219997406,0
94.14913415908812,0
94.14914536476137,0
94.15043044090272,0
94.15044379234314,0
94.1504647731781,0
94.15678119659424,0
94.1568067073822,0
94.15684294700624,0
94.17699337005617,0
94.17700600624084,0
94.17701864242554,0
94.1905300617218,0
94.19499826431274,0
94.19503045082092,0
94.19507241249084,0
94.19511246681212,0
94.19720125198364,0
94.19723415374756,0
94.19733762741087,0
94.19950652122498,0
94.20091676712036,0
94.20152831077576,0
94.2015507221222,0
94.20164728164671,0
94.2028830051422,0
94.2029550075531,0
94.20777583122252,0
94.21270608901978,0
94.21414732933044,0
94.2172555923462,0
94.21728706359865,0
94.21733403205872,0
94.22998142242432,0
94.23708653450012,0
94.23708724975586,0
94.23713779449464,0
94.25716876983644,0
94.257169008255,0
94.25724840164185,0
94.2708969116211,0
94.270916223526,0
94.27093482017516,0
94.27095437049866,0
94.27109575271606,0
94.27135825157166,0
94.2713828086853,0
94.27820229530334,0
94.27842330932616,0
94.2785005569458,0
94.2817451953888,0
94.2817680835724,0
94.2817804813385,0
94.2818431854248,0
94.2846040725708,0
94.2847809791565,0
94.28480052947998,0
94.28690552711488,0
94.29717707633972,0
94.29719138145448,0
94.2972288131714,0
94.30388569831848,0
94.30390906333923,0
94.3039116859436,0
94.30393838882446,0
94.30448031425476,0
94.30511569976808,0
94.3052499294281,0
94.3053970336914,0
94.30540823936462,0
94.30961108207704,0
94.30962777137756,0
94.31700992584229,0
94.31703805923462,0
94.3170530796051,0
94.3301603794098,0
94.33702111244202,0
94.3370611667633,0
94.33707642555235,0
94.35251188278198,0
94.3526487350464,0
94.35687732696532,0
94.35693717002869,0
94.35697627067566,0
94.3770625591278,0
94.37725400924684,0
94.37736415863036,0
94.3891351222992,0
94.38916754722597,0
94.38918328285216,0
94.38952016830444,0
94.39147710800172,0
94.39180183410645,0
94.39197969436646,0
94.39270901679993,0
94.39700508117676,0
94.3970422744751,0
94.39837503433228,0
94.39876866340636,0
94.39878630638124,0
94.399977684021,0
94.40098214149477,0
94.4171142578125,0
94.41716146469116,0
94.41726851463318,0
94.42293524742126,0
94.42658829689026,0
94.42937302589417,0
94.4385063648224,0
94.43850660324097,0
94.4389305114746,0
94.43925166130066,0
94.43947625160216,0
94.43955445289612,0
94.43962001800536,0
94.44433403015135,0
94.44437074661256,0
94.44444012641908,0
94.45216417312622,0
94.45711922645567,0
94.45716381072998,0
94.45739221572876,0
94.47760558128356,0
94.47832083702087,0
94.47832345962524,0
94.49144005775452,0
94.49281930923462,0
94.49302697181702,0
94.4930613040924,0
94.49311804771423,0
94.49346089363098,0
94.49360036849976,0
94.49712753295898,0
94.49782633781432,0
94.49787282943726,0
94.49997115135191,0
94.50001287460329,0
94.50146913528442,0
94.5015263557434,0
94.51385593414308,0
94.51388120651244,0
94.51389169692992,0
94.51390099525452,0
94.51549339294434,0
94.51567482948305,0
94.51575708389282,0
94.51682138442992,0
94.51684546470642,0
94.51687288284302,0
94.5371425151825,0
94.53716611862184,0
94.5372085571289,0
94.54400205612184,0
94.54794836044312,0
94.5487015247345,0
94.55090284347534,0
94.55093336105348,0
94.55094838142396,0
94.55099654197691,0
94.5511064529419,0
94.5511510372162,0
94.55118203163148,0
94.5568552017212,0
94.55689692497252,0
94.5569121837616,0
94.56348586082458,0
94.56591391563416,0
94.56861329078674,0
94.57711052894592,0
94.57713794708252,0
94.57723784446716,0
94.58199429512024,0
94.58341312408449,0
94.58342719078064,0
94.58364391326904,0
94.58365631103516,0
94.5836853981018,0
94.58406925201416,0
94.59218764305116,0
94.59221863746644,0
94.59400391578674,0
94.59402465820312,0
94.59690284729004,0
94.59693551063538,0
94.5969488620758,0
94.61128973960876,0
94.61746382713318,0
94.61750650405884,0
94.6175229549408,0
94.63303089141846,0
94.63343858718872,0
94.63347911834715,0
94.6334993839264,0
94.63723969459534,0
94.63727807998656,0
94.63729619979858,0
94.65714144706726,0
94.657240152359,0
94.65725183486938,0
94.65920519828796,0
94.65950512886047,0
94.66087770462036,0
94.66094827651978,0
94.6771640777588,0
94.67719221115112,0
94.67790746688844,0
94.68805575370789,0
94.68860602378844,0
94.6886749267578,0
94.68896102905272,0
94.69150924682616,0
94.69157886505128,0
94.6916000843048,0
94.69690370559692,0
94.6969404220581,0
94.6969542503357,0
94.70345759391785,0
94.70352625846864,0
94.70653247833252,0
94.70653510093688,0
94.70830750465392,0
94.70930123329164,0
94.71745586395264,0
94.71748638153076,0
94.71755242347716,0
94.73624897003174,0
94.73690271377563,0
94.73695182800292,0
94.736976146698,0
94.75708365440369,0
94.75711154937744,0
94.7571234703064,0
94.76154971122742,0
94.7615773677826,0
94.7625937461853,0
94.76318264007568,0
94.76320600509644,0
94.76359367370604,0
94.76492857933044,0
94.76503229141235,0
94.7651720046997,0
94.7667555809021,0
94.76678347587584,0
94.7667911052704,0
94.76679372787476,0
94.77697014808656,0
94.7770025730133,0
94.77725172042848,0
94.77871751785278,0
94.77893161773682,0
94.77903747558594,0
94.77953052520752,0
94.79688119888306,0
94.79689168930054,0
94.79691982269289,0
94.80142545700072,0
94.8014476299286,0
94.80174469947816,0
94.80185723304749,0
94.80396795272829,0
94.80403923988342,0
94.8042652606964,0
94.80471086502077,0
94.80474495887756,0
94.80641198158264,0
94.80646800994872,0
94.8125295639038,0
94.81690382957458,0
94.81693434715272,0
94.81701064109802,0
94.83725786209106,0
94.83730578422546,0
94.8373246192932,0
94.8432240486145,0
94.84330940246582,0
94.84353256225586,0
94.84365153312685,0
94.84585952758788,0
94.84636735916138,0
94.84639167785645,0
94.84723663330078,0
94.8492329120636,0
94.85713577270508,0
94.85724449157716,0
94.85757613182068,0
94.87704992294312,0
94.8770878314972,0
94.8771104812622,0
94.88647603988647,0
94.8974859714508,0
94.89748883247375,0
94.89752054214478,0
94.90096735954285,0
94.90097904205322,0
94.90098929405212,0
94.90099954605104,0
94.9033703804016,0
94.9034149646759,0
94.90345335006714,0
94.91699481010436,0
94.91702270507812,0
94.91707015037537,0
94.93063116073608,0
94.93065452575684,0
94.93180966377258,0
94.93186831474304,0
94.93259000778198,0
94.93434762954712,0
94.93698310852052,0
94.9370288848877,0
94.93704271316528,0
94.95070719718932,0
94.95466947555542,0
94.95469284057616,0
94.9575653076172,0
94.95760750770567,0
94.95762324333192,0
94.95766758918762,0
94.9577488899231,0
94.95779156684875,0
94.95785450935364,0
94.95791912078856,0
94.95794773101808,0
94.95797729492188,0
94.95868468284608,0
94.976966381073,0
94.97699213027954,0
94.97700214385986,0
94.99263787269592,0
94.9926745891571,0
94.99269580841064,0
94.99272274971008,0
94.99450397491456,0
94.99458622932434,0
94.99494528770448,0
94.99624013900755,0
94.99625778198242,0
94.99726724624634,0
94.9972825050354,0
94.99761629104614,0
94.9994764328003,0
94.99954795837402,0
95.00171685218812,0
95.00202226638794,0
95.00216794013976,0
95.00218462944032,0
95.00658845901488,0
95.0067217350006,0
95.0068588256836,0
95.01817870140076,0
95.01821827888487,0
95.01828503608704,0
95.03719902038574,0
95.037250995636,0
95.05177664756776,0
95.0571150779724,0
95.0571596622467,0
95.05725026130676,0
95.07886838912964,0
95.0789120197296,0
95.07893061637878,0
95.08900308609007,0
95.08903050422668,0
95.0898129940033,0
95.0898425579071,0
95.09276127815248,0
95.09282779693604,0
95.09414911270142,0
95.09416961669922,0
95.09445571899414,0
95.09710597991943,0
95.09713768959044,0
95.09718227386476,0
95.10132646560668,0
95.10134363174438,0
95.10544013977052,0
95.11733150482178,0
95.11735486984252,0
95.11736869812012,0
95.13744401931764,0
95.13750886917114,0
95.13752484321594,0
95.13953852653503,0
95.13955330848694,0
95.14318299293518,0
95.14319825172424,0
95.14321041107178,0
95.14322280883788,0
95.14570474624634,0
95.14577436447144,0
95.14728689193726,0
95.14737176895142,0
95.14930558204652,0
95.15209484100342,0
95.15323519706726,0
95.15690922737122,0
95.15704989433289,0
95.15706706047058,0
95.1570782661438,0
95.1769630908966,0
95.17697596549988,0
95.17761945724487,0
95.19403457641602,0
95.1941909790039,0
95.19431042671204,0
95.19471836090088,0
95.19787549972534,0
95.19788885116576,0
95.19795155525208,0
95.19808149337769,0
95.19815826416016,0
95.19839811325072,0
95.19885969161987,0
95.19893264770508,0
95.21497344970705,0
95.21503114700316,0
95.2169098854065,0
95.2169439792633,0
95.2169587612152,0
95.21755838394164,0
95.21760845184326,0
95.2184112071991,0
95.2197651863098,0
95.22884917259216,0
95.23036527633668,0
95.23214149475098,0
95.23217844963074,0
95.23222398757936,0
95.23222589492798,0
95.2322404384613,0
95.2330243587494,0
95.23324728012084,0
95.23339986801147,0
95.23363280296326,0
95.2349750995636,0
95.23506236076356,0
95.2350823879242,0
95.236989736557,0
95.2370264530182,0
95.23709154129028,0
95.25262093544006,0
95.25832200050354,0
95.25832509994508,0
95.25833988189696,0
95.27694439888,0
95.27697658538818,0
95.27704000473022,0
95.2808599472046,0
95.28091478347778,0
95.28093075752258,0
95.28103184700012,0
95.2842915058136,0
95.284405708313,0
95.28444147109984,0
95.29824542999268,0
95.29847550392152,0
95.29863786697388,0
95.30041241645812,0
95.30043935775755,0
95.30314135551453,0
95.30318427085876,0
95.30401849746704,0
95.31686639785768,0
95.31689357757568,0
95.3184778690338,0
95.31965827941896,0
95.31967043876648,0
95.32141041755676,0
95.32142305374146,0
95.32143592834473,0
95.32144832611084,0
95.33544778823853,0
95.3354823589325,0
95.33550524711607,0
95.337473154068,0
95.337872505188,0
95.3379135131836,0
95.3568470478058,0
95.35687780380248,0
95.3572599887848,0
95.3771481513977,0
95.37717366218568,0
95.37717604637146,0
95.3826141357422,0
95.39722394943236,0
95.39729571342468,0
95.39729952812196,0
95.4088306427002,0
95.408997297287,0
95.40922808647156,0
95.40985941886902,0
95.41452145576476,0
95.415354013443,0
95.415358543396,0
95.41783952713013,0
95.41786003112792,0
95.41786885261536,0
95.41787981987,0
95.41794061660768,0
95.41932535171507,0
95.41946148872375,0
95.4204592704773,0
95.42963814735413,0
95.4311637878418,0
95.43135690689088,0
95.43148469924928,0
95.4315094947815,0
95.43155932426453,0
95.43248438835144,0
95.43314051628111,0
95.43581676483154,0
95.43699240684508,0
95.43703150749208,0
95.43710732460022,0
95.45374393463136,0
95.45770478248596,0
95.45770573616028,0
95.45775032043456,0
95.47719073295592,0
95.47723436355592,0
95.47725200653076,0
95.48848485946657,0
95.48850417137146,0
95.48851823806764,0
95.48853516578674,0
95.49182510375977,0
95.491845369339,0
95.49186515808104,0
95.494775056839,0
95.49480748176576,0
95.49481987953186,0
95.49514746665956,0
95.49894309043884,0
95.49896264076231,0
95.49897599220276,0
95.49900770187378,0
95.49902200698853,0
95.4990940093994,0
95.50182962417604,0
95.50188136100768,0
95.51033091545104,0
95.5103633403778,0
95.51147294044496,0
95.51515626907349,0
95.51516795158386,0
95.5151801109314,0
95.51519227027892,0
95.52142930030824,0
95.52146482467651,0
95.52148056030272,0
95.52324628829956,0
95.52325701713562,0
95.52659511566162,0
95.52662253379822,0
95.5273904800415,0
95.5275330543518,0
95.53095531463624,0
95.53096294403076,0
95.5376603603363,0
95.53768992424013,0
95.53770112991332,0
95.54114961624146,0
95.54116773605348,0
95.54221987724304,0
95.54224681854248,0
95.54443502426147,0
95.5444598197937,0
95.54448294639587,0
95.5444929599762,0
95.5447552204132,0
95.55841827392578,0
95.55844736099245,0
95.5584797859192,0
95.57371115684508,0
95.57741618156432,0
95.57746028900146,0
95.57749819755554,0
95.59592461586,0
95.59594464302064,0
95.59595799446106,0
95.59597301483154,0
95.59826636314392,0
95.5982973575592,0
95.5983111858368,0
95.59835624694824,0
95.59842681884766,0
95.59844827651978,0
95.61698317527772,0
95.61702227592468,0
95.61709809303284,0
95.63851380348206,0
95.6385428905487,0
95.63868141174316,0
95.63871192932127,0
95.64020085334778,0
95.6424639225006,0
95.64249396324158,0
95.65375518798828,0
95.65767312049866,0
95.65772032737732,0
95.65773868560792,0
95.67747783660889,0
95.67751693725586,0
95.6775803565979,0
95.69146704673769,0
95.69151473045348,0
95.69153261184692,0
95.69173955917358,0
95.6918432712555,0
95.69521355628969,0
95.69530296325684,0
95.69544744491576,0
95.6970283985138,0
95.69705867767334,0
95.6971037387848,0
95.70120406150818,0
95.70125460624696,0
95.70569396018982,0
95.70571064949036,0
95.70750975608826,0
95.7075412273407,0
95.70758867263794,0
95.70760488510132,0
95.71092748641968,0
95.7109398841858,0
95.71099543571472,0
95.7173080444336,0
95.71749711036682,0
95.71752500534058,0
95.73775577545166,0
95.73776960372923,0
95.73778319358826,0
95.73990964889526,0
95.74446415901184,0
95.74447703361513,0
95.75683641433716,0
95.75687766075134,0
95.75688934326172,0
95.76266026496889,0
95.76268267631532,0
95.76275515556335,0
95.76283144950868,0
95.76290702819824,0
95.762943983078,0
95.7630603313446,0
95.77911710739136,0
95.77921772003174,0
95.77931451797484,0
95.784325838089,0
95.79686188697816,0
95.79689407348631,0
95.79711818695068,0
95.81711840629578,0
95.81715798377992,0
95.81717944145204,0
95.823499917984,0
95.8235354423523,0
95.8235523700714,0
95.82362627983092,0
95.827614068985,0
95.8276550769806,0
95.82807564735413,0
95.82919025421144,0
95.82923078536987,0
95.83649826049805,0
95.8365728855133,0
95.83759117126463,0
95.8376202583313,0
95.8376293182373,0
95.83845973014832,0
95.84071612358092,0
95.85135793685912,0
95.8572268486023,0
95.85727214813232,0
95.85729265213013,0
95.87853622436523,0
95.87878966331482,0
95.87879586219788,0
95.8792839050293,0
95.87951016426086,0
95.87967252731325,0
95.87970185279846,0
95.89756798744202,0
95.8976047039032,0
95.8978579044342,0
95.90602731704712,0
95.90607738494872,0
95.90610194206238,0
95.90717673301695,0
95.91224241256714,0
95.91279983520508,0
95.91328716278076,0
95.91332745552064,0
95.91714072227478,0
95.91716623306274,0
95.91717720031738,0
95.93682622909546,0
95.9369342327118,0
95.93694043159483,0
95.94327163696288,0
95.94720244407654,0
95.94943976402284,0
95.94946384429932,0
95.94947028160097,0
95.9494767189026,0
95.94948482513428,0
95.94949555397034,0
95.94949865341188,0
95.94953966140748,0
95.95296239852904,0
95.95300030708312,0
95.95320105552672,0
95.95335793495178,0
95.954204082489,0
95.9543788433075,0
95.9543981552124,0
95.95680212974548,0
95.95682621002196,0
95.95685696601868,0
95.97295212745668,0
95.97707486152648,0
95.97710633277892,0
95.97712326049805,0
95.99714183807372,0
95.99717545509338,0
95.99721765518188,0
96.0086920261383,0
96.0087218284607,0
96.0087399482727,0
96.00875401496889,0
96.01086854934692,0
96.01089310646056,0
96.01120281219482,0
96.01203966140748,0
96.01211166381836,0
96.0135760307312,0
96.01360440254211,0
96.01697731018066,0
96.01698160171507,0
96.01703262329102,0
96.024884223938,0
96.02799367904665,0
96.0335214138031,0
96.03993082046507,0
96.03994750976562,0
96.03996229171752,0
96.03997707366943,0
96.03999423980711,0
96.0400071144104,0
96.04142785072328,0
96.04231095314026,0
96.04234194755554,0
96.04293632507324,0
96.05577540397644,0
96.05710864067078,0
96.05714321136476,0
96.05717587471008,0
96.05803203582764,0
96.05808401107788,0
96.07716798782349,0
96.0772066116333,0
96.07726621627808,0
96.0788311958313,0
96.08012223243712,0
96.080153465271,0
96.08018803596497,0
96.08335852622986,0
96.08478951454164,0
96.08514475822447,0
96.09326648712158,0
96.09328365325928,0
96.09708547592165,0
96.09711122512816,0
96.09712171554564,0
96.11401844024658,0
96.114027261734,0
96.11577892303468,0
96.11677312850952,0
96.1168155670166,0
96.1175091266632,0
96.13696336746216,0
96.13699078559875,0
96.1370015144348,0
96.1473515033722,0
96.14736580848694,0
96.14747953414916,0
96.14749884605408,0
96.14751148223876,0
96.1475875377655,0
96.14846134185792,0
96.14891767501832,0
96.150856256485,0
96.15085649490356,0
96.15704679489136,0
96.157071352005,0
96.15716934204102,0
96.1587929725647,0
96.15960264205933,0
96.17751431465148,0
96.17756843566896,0
96.17756938934326,0
96.1884605884552,0
96.1885106563568,0
96.18854546546936,0
96.1885883808136,0
96.19102668762208,0
96.19105553627014,0
96.19110918045044,0
96.19411396980286,0
96.19420409202576,0
96.19459223747252,0
96.1946177482605,0
96.19685697555542,0
96.1969223022461,0
96.19710278511047,0
96.19931936264038,0
96.2009654045105,0
96.20124864578248,0
96.20141100883484,0
96.201669216156,0
96.2094886302948,0
96.20955395698547,0
96.20957469940186,0
96.21700882911682,0
96.2170422077179,0
96.21705961227416,0
96.23144268989564,0
96.23707699775696,0
96.2371392250061,0
96.23715543746948,0
96.25686860084534,0
96.25782895088196,0
96.25788474082948,0
96.25802564620972,0
96.25896072387695,0
96.25922226905824,0
96.25927782058716,0
96.26005172729492,0
96.26015734672546,0
96.26027607917786,0
96.27810168266296,0
96.27820348739624,0
96.2782289981842,0
96.29666423797607,0
96.29933214187622,0
96.2993643283844,0
96.2994260787964,0
96.31731724739076,0
96.3173987865448,0
96.31741070747375,0
96.32354998588562,0
96.32355761528017,0
96.32476019859314,0
96.32478356361388,0
96.32490873336792,0
96.32492923736572,0
96.32728457450868,0
96.32729744911194,0
96.32730913162231,0
96.33692240715028,0
96.33694791793825,0
96.3372688293457,0
96.34095597267152,0
96.34096884727478,0
96.34382724761964,0
96.34388256072998,0
96.34389901161194,0
96.35605096817017,0
96.35617351531982,0
96.35630464553832,0
96.35632491111755,0
96.35705637931824,0
96.35706782341003,0
96.3570785522461,0
96.3609299659729,0
96.36094856262208,0
96.36096215248108,0
96.37758493423462,0
96.37761855125429,0
96.37769198417664,0
96.38101124763487,0
96.38290667533876,0
96.39520931243896,0
96.39720821380617,0
96.39724063873292,0
96.39728593826294,0
96.39995288848876,0
96.40180110931396,0
96.40182852745056,0
96.40186667442322,0
96.4169409275055,0
96.41697239875792,0
96.41709351539612,0
96.4306902885437,0
96.43087077140808,0
96.43090772628784,0
96.43167281150818,0
96.43174052238464,0
96.4333553314209,0
96.433424949646,0
96.43688654899596,0
96.43691611289978,0
96.43697786331175,0
96.45132780075072,0
96.45698022842409,0
96.45708203315736,0
96.45780324935912,0
96.45910692214966,0
96.45980882644652,0
96.4598445892334,0
96.45990777015686,0
96.46339392662048,0
96.46348452568054,0
96.46353363990784,0
96.46494054794312,0
96.46497941017152,0
96.46499466896056,0
96.46506237983704,0
96.47716403007507,0
96.47719717025755,0
96.47724103927612,0
96.47912812232973,0
96.47915649414062,0
96.48273038864136,0
96.4828600883484,0
96.49763083457948,0
96.49765920639038,0
96.49770784378052,0
96.51176500320436,0
96.5118019580841,0
96.51182007789612,0
96.51185441017152,0
96.51577258110046,0
96.51578903198242,0
96.51580357551576,0
96.51702618598938,0
96.51707315444946,0
96.51708793640135,0
96.51746535301208,0
96.51749229431152,0
96.51986408233644,0
96.51989126205444,0
96.51990604400636,0
96.52591729164124,0
96.5339469909668,0
96.53408575057983,0
96.53417325019836,0
96.53700757026672,0
96.53703308105467,0
96.53703546524048,0
96.55310201644896,0
96.55312848091124,0
96.55617380142212,0
96.5562207698822,0
96.55623722076416,0
96.55626893043518,0
96.5568151473999,0
96.55684018135072,0
96.55750465393066,0
96.57731795310974,0
96.5773537158966,0
96.57736682891846,0
96.58989691734314,0
96.58994436264038,0
96.58998918533324,0
96.5914511680603,0
96.59538912773132,0
96.59541916847228,0
96.59545803070068,0
96.59549379348756,0
96.59759426116943,0
96.59762740135191,0
96.59763932228088,0
96.60230135917664,0
96.6023371219635,0
96.6032783985138,0
96.6033217906952,0
96.6176905632019,0
96.61772084236144,0
96.6177442073822,0
96.63717937469482,0
96.6372241973877,0
96.63907265663148,0
96.63929152488708,0
96.64382648468018,0
96.6438524723053,0
96.64417624473572,0
96.6470592021942,0
96.65722036361694,0
96.65735745429993,0
96.65737891197205,0
96.67371344566344,0
96.67384743690492,0
96.67437171936037,0
96.67831015586852,0
96.67881488800047,0
96.6788501739502,0
96.67887139320374,0
96.68102812767027,0
96.68536901474,0
96.69718146324158,0
96.69721508026124,0
96.6972279548645,0
96.71183395385742,0
96.7118752002716,0
96.71188879013062,0
96.71210718154909,0
96.71685886383057,0
96.716872215271,0
96.71688318252563,0
96.716899394989,0
96.71701073646544,0
96.71702313423155,0
96.71966910362244,0
96.71970534324646,0
96.72126340866087,0
96.72127604484558,0
96.72502160072328,0
96.7250430583954,0
96.72504806518556,0
96.72506022453308,0
96.72507190704346,0
96.72618103027344,0
96.72621011734007,0
96.72752404212952,0
96.73683309555054,0
96.7368597984314,0
96.73687052726746,0
96.7516906261444,0
96.75188541412354,0
96.75461888313292,0
96.75477004051208,0
96.75479030609132,0
96.75494337081908,0
96.754962682724,0
96.75508880615234,0
96.75511431694032,0
96.75713610649107,0
96.75715184211732,0
96.75719952583312,0
96.76089787483215,0
96.76147818565369,0
96.77604222297668,0
96.77703833580016,0
96.77707147598268,0
96.77714610099792,0
96.78384113311768,0
96.7838740348816,0
96.78388953208923,0
96.7839035987854,0
96.80102705955504,0
96.80106043815611,0
96.8011212348938,0
96.8020715713501,0
96.80208206176758,0
96.802508354187,0
96.80300664901732,0
96.8030092716217,0
96.80327582359314,0
96.80331134796144,0
96.8142066001892,0
96.81503224372864,0
96.8158187866211,0
96.81685543060304,0
96.81688213348389,0
96.81689429283142,0
96.83713936805724,0
96.83717226982117,0
96.83718633651732,0
96.8384974002838,0
96.83882594108582,0
96.83895993232728,0
96.83899068832396,0
96.84162974357604,0
96.841650724411,0
96.84206223487854,0
96.85751605033876,0
96.85755896568298,0
96.85762906074524,0
96.87747859954834,0
96.87752079963684,0
96.87753868103027,0
96.8970091342926,0
96.89701962471008,0
96.89759516716003,0
96.91751217842102,0
96.9175350666046,0
96.91754627227785,0
96.91874861717224,0
96.93686962127686,0
96.9368953704834,0
96.93690657615662,0
96.94979619979858,0
96.9499807357788,0
96.95134425163268,0
96.95153403282166,0
96.95155572891235,0
96.95156741142272,0
96.95347309112547,0
96.95348644256592,0
96.9539544582367,0
96.95563769340517,0
96.955664396286,0
96.95734977722168,0
96.9573757648468,0
96.9573893547058,0
96.95821452140808,0
96.958256483078,0
96.97183680534364,0
96.97551155090332,0
96.9769971370697,0
96.97702884674072,0
96.97708010673524,0
96.98265075683594,0
96.98513197898863,0
96.98516321182252,0
96.98528027534483,0
96.9852967262268,0
96.98740839958192,0
96.98744010925292,0
96.9874622821808,0
96.98824977874756,0
96.99386835098268,0
96.99471735954285,0
96.99568271636964,0
96.99570894241332,0
96.9972116947174,0
96.99724006652832,0
96.99729871749878,0
96.99821543693542,0
96.99845480918884,0
96.99898266792296,0
96.9997706413269,0
96.99979758262634,0
97.00091171264648,0
97.0012230873108,0
97.00997948646544,0
97.01686453819276,0
97.01689457893372,0
97.0169072151184,0
97.0371527671814,0
97.03782892227171,0
97.03785419464111,0
97.03978991508484,0
97.03980684280396,0
97.03997254371644,0
97.04011535644533,0
97.04209113121031,0
97.04222774505617,0
97.04224753379822,0
97.05717825889587,0
97.05721282958984,0
97.05722784996031,0
97.061537027359,0
97.06420946121216,0
97.06591272354126,0
97.07893776893616,0
97.07895398139954,0
97.07898592948914,0
97.07913398742676,0
97.07919716835022,0
97.07980012893675,0
97.07982134819032,0
97.08755040168762,0
97.0875689983368,0
97.08820819854736,0
97.09839797019958,0
97.09844255447388,0
97.09917902946472,0
97.10001730918884,0
97.10013675689696,0
97.1006133556366,0
97.11702680587769,0
97.11705231666564,0
97.11706590652466,0
97.13213324546814,0
97.13790369033812,0
97.1379292011261,0
97.13801598548888,0
97.15729546546936,0
97.15732979774477,0
97.15754747390748,0
97.15757489204408,0
97.15758728981018,0
97.16045355796814,0
97.16049885749815,0
97.16051578521729,0
97.16056275367735,0
97.16066336631776,0
97.16070079803468,0
97.160742521286,0
97.1770555973053,0
97.1771068572998,0
97.17712593078612,0
97.19020771980286,0
97.19712924957275,0
97.19714641571044,0
97.19876980781557,0
97.19879961013794,0
97.19881319999696,0
97.19882535934448,0
97.19886994361876,0
97.19896221160889,0
97.19900178909302,0
97.19905304908752,0
97.20050859451294,0
97.20054388046265,0
97.20176529884338,0
97.2019338607788,0
97.20455050468443,0
97.21283149719238,0
97.21286177635191,0
97.21291851997375,0
97.21296215057372,0
97.21473169326782,0
97.2147340774536,0
97.21481275558472,0
97.21829915046692,0
97.21829962730408,0
97.21835064888,0
97.23257660865784,0
97.23705720901488,0
97.23709678649902,0
97.23711347579956,0
97.25712418556212,0
97.25716924667358,0
97.25718665122986,0
97.2631778717041,0
97.26321744918825,0
97.26349067687988,0
97.2635269165039,0
97.26582789421082,0
97.26627564430235,0
97.2663187980652,0
97.2672770023346,0
97.26874923706056,0
97.26984119415285,0
97.27860903739928,0
97.27864813804626,0
97.27870631217957,0
97.2952389717102,0
97.29524946212769,0
97.29525804519652,0
97.29747176170348,0
97.2974886894226,0
97.29772663116456,0
97.29868626594543,0
97.3015434741974,0
97.30155754089355,0
97.30461430549622,0
97.30481004714966,0
97.3069908618927,0
97.31148099899292,0
97.3115301132202,0
97.31154251098631,0
97.31439661979675,0
97.31690692901611,0
97.31693601608276,0
97.31717801094057,0
97.32013702392578,0
97.32509779930116,0
97.32510113716124,0
97.32622122764587,0
97.32627058029176,0
97.32642912864684,0
97.32644438743591,0
97.32813596725464,0
97.32818150520325,0
97.328200340271,0
97.33102560043336,0
97.33705472946168,0
97.33708167076112,0
97.33709406852722,0
97.35093188285828,0
97.35101747512816,0
97.35107851028442,0
97.35109281539916,0
97.35789942741394,0
97.35792350769044,0
97.3579375743866,0
97.37724876403809,0
97.37728118896484,0
97.37729454040527,0
97.39102458953856,0
97.39116072654724,0
97.3912193775177,0
97.39239501953124,0
97.39421224594116,0
97.3952386379242,0
97.3955545425415,0
97.39652228355408,0
97.39900493621826,0
97.3990924358368,0
97.39913702011108,0
97.39925384521484,0
97.40074253082275,0
97.40657806396484,0
97.40660214424132,0
97.40664768218994,0
97.40669131278992,0
97.41760468482973,0
97.41797494888306,0
97.418687582016,0
97.42004418373108,0
97.42045211791992,0
97.42048597335815,0
97.42188811302184,0
97.4219183921814,0
97.42220091819765,0
97.42221355438232,0
97.42294430732728,0
97.4229793548584,0
97.4230616092682,0
97.43100476264954,0
97.43705630302428,0
97.43728590011597,0
97.4374532699585,0
97.45548224449158,0
97.45550990104675,0
97.45559406280518,0
97.45564150810242,0
97.45790195465088,0
97.45793771743774,0
97.45795202255248,0
97.45899295806883,0
97.45904564857484,0
97.45906734466551,0
97.4724850654602,0
97.477530002594,0
97.47757577896118,0
97.4776360988617,0
97.49755144119264,0
97.49758243560792,0
97.49760937690736,0
97.5065267086029,0
97.50684523582458,0
97.507709980011,0
97.50800108909608,0
97.50832462310792,0
97.5086236000061,0
97.5098750591278,0
97.50988602638245,0
97.51025795936584,0
97.51118993759157,0
97.51123309135436,0
97.51493430137634,0
97.51496028900146,0
97.51683926582336,0
97.51687622070312,0
97.51692986488342,0
97.53687953948976,0
97.53690528869627,0
97.53690719604492,0
97.55591678619383,0
97.55851340293884,0
97.55854415893556,0
97.55859231948853,0
97.57697176933289,0
97.57701134681702,0
97.57734417915344,0
97.59121108055116,0
97.59124207496644,0
97.59125709533691,0
97.5912721157074,0
97.59364938735962,0
97.5944709777832,0
97.5946967601776,0
97.59732842445374,0
97.5973424911499,0
97.59749150276184,0
97.59838914871216,0
97.60149550437929,0
97.60154938697816,0
97.60283589363098,0
97.60291457176208,0
97.61234307289124,0
97.61701607704164,0
97.61708784103394,0
97.61710906028748,0
97.63441920280457,0
97.6344861984253,0
97.63471913337708,0
97.63474440574646,0
97.63749241828918,0
97.63751578330994,0
97.63759922981262,0
97.63868021965028,0
97.6387176513672,0
97.63879156112672,0
97.65719962120056,0
97.65725111961363,0
97.65739846229552,0
97.66384243965148,0
97.6639039516449,0
97.6640944480896,0
97.66430068016052,0
97.6668930053711,0
97.66695427894592,0
97.6669545173645,0
97.67068696022034,0
97.67776799201964,0
97.67782187461852,0
97.67784333229064,0
97.69594860076904,0
97.69790697097778,0
97.69795036315918,0
97.6983880996704,0
97.69842195510864,0
97.69842410087584,0
97.69844031333923,0
97.69848585128784,0
97.6985387802124,0
97.69857478141785,0
97.70177793502808,0
97.7017912864685,0
97.70181894302368,0
97.7018711566925,0
97.70689034461977,0
97.71611642837524,0
97.71709823608398,0
97.7171277999878,0
97.71824741363524,0
97.7308418750763,0
97.73768973350523,0
97.73787236213684,0
97.73848176002502,0
97.75492095947266,0
97.75492119789124,0
97.7555160522461,0
97.7555205821991,0
97.75768089294434,0
97.7576982975006,0
97.75786662101746,0
97.7578821182251,0
97.75788378715517,0
97.77687406539916,0
97.77690052986144,0
97.77690410614014,0
97.79027986526488,0
97.79031801223756,0
97.79037404060364,0
97.79117894172668,0
97.79295444488524,0
97.79590892791748,0
97.7973973751068,0
97.7974247932434,0
97.79743671417236,0
97.8156876564026,0
97.81571412086488,0
97.81579160690308,0
97.81580328941344,0
97.81675839424132,0
97.81711030006409,0
97.81712651252748,0
97.81754326820374,0
97.81783556938171,0
97.81941223144533,0
97.81967568397522,0
97.82112979888916,0
97.8217875957489,0
97.824401140213,0
97.8330419063568,0
97.83323287963869,0
97.83340764045715,0
97.8334255218506,0
97.83558773994446,0
97.83560752868652,0
97.83566403388976,0
97.83770084381104,0
97.83771514892578,0
97.83773255348206,0
97.85092687606812,0
97.85711216926576,0
97.85714602470398,0
97.8571469783783,0
97.87739610671996,0
97.87743759155272,0
97.87752437591551,0
97.89224362373352,0
97.89232087135316,0
97.89236855506896,0
97.89241409301758,0
97.89245843887328,0
97.89250826835632,0
97.89255738258362,0
97.89581322669984,0
97.89584803581238,0
97.8971438407898,0
97.89717435836792,0
97.89718747138976,0
97.89796376228333,0
97.89799904823305,0
97.90146493911745,0
97.90150451660156,0
97.90151643753052,0
97.90152621269226,0
97.90344977378844,0
97.90348839759828,0
97.9035050868988,0
97.9171838760376,0
97.91721177101137,0
97.91722178459167,0
97.93172121047974,0
97.93722128868104,0
97.9372215270996,0
97.93733477592468,0
97.95693635940552,0
97.95696568489076,0
97.95767402648926,0
97.96117377281188,0
97.96125173568726,0
97.96254706382751,0
97.96257185935974,0
97.96260023117064,0
97.96263408660889,0
97.96413373947144,0
97.96414828300476,0
97.96416115760805,0
97.96460509300232,0
97.97690987586977,0
97.9769411087036,0
97.9769766330719,0
97.98204350471497,0
97.98329830169678,0
97.99713563919067,0
97.99713587760924,0
97.99718165397644,0
98.00786089897156,0
98.00789761543274,0
98.00791335105896,0
98.00793147087096,0
98.0131483078003,0
98.01318526268004,0
98.0132429599762,0
98.01383352279665,0
98.01390266418456,0
98.01616859436037,0
98.01729011535645,0
98.01733016967772,0
98.01735019683838,0
98.01745104789734,0
98.03747367858888,0
98.03749895095824,0
98.03751683235168,0
98.03927445411682,0
98.05817794799805,0
98.05822825431824,0
98.05825781822205,0
98.07540845870972,0
98.07599687576294,0
98.07603979110718,0
98.0760624408722,0
98.07735252380373,0
98.07752799987792,0
98.077552318573,0
98.0974645614624,0
98.09749746322632,0
98.09790897369383,0
98.110862493515,0
98.11089825630188,0
98.11093878746031,0
98.11213660240172,0
98.1136782169342,0
98.11561393737792,0
98.11708974838255,0
98.11741185188292,0
98.11763763427734,0
98.1204080581665,0
98.12044858932497,0
98.12203335762024,0
98.12208700180054,0
98.13758540153503,0
98.1376130580902,0
98.13762378692628,0
98.13906073570251,0
98.14385032653809,0
98.14386415481567,0
98.1472191810608,0
98.14723825454712,0
98.14727711677553,0
98.14729070663452,0
98.15716981887816,0
98.15717816352844,0
98.15718507766724,0
98.15718865394592,0
98.15719842910768,0
98.15719866752625,0
98.15879726409912,0
98.15885829925536,0
98.158864736557,0
98.15962553024292,0
98.16005635261536,0
98.1601140499115,0
98.16013097763062,0
98.1769814491272,0
98.17701172828674,0
98.17706990242004,0
98.195294380188,0
98.19589185714722,0
98.19614124298096,0
98.1961681842804,0
98.19618225097656,0
98.19810891151428,0
98.19817209243774,0
98.19822120666504,0
98.19949984550476,0
98.1995975971222,0
98.19959783554076,0
98.20121216773988,0
98.20124173164368,0
98.20375108718872,0
98.20378971099854,0
98.20589804649352,0
98.20737290382384,0
98.20833683013916,0
98.21686720848083,0
98.21689009666444,0
98.21690154075624,0
98.2320601940155,0
98.23706674575806,0
98.23709416389464,0
98.23709559440611,0
98.25712633132936,0
98.2574737071991,0
98.2575089931488,0
98.27438831329346,0
98.27443027496338,0
98.2744915485382,0
98.2750723361969,0
98.2755572795868,0
98.27556371688844,0
98.27558374404909,0
98.27738046646118,0
98.27741813659668,0
98.27748680114746,0
98.27917766571044,0
98.2792353630066,0
98.27962899208067,0
98.28916668891908,0
98.2901918888092,0
98.2905297279358,0
98.29078149795532,0
98.29181599617004,0
98.2922294139862,0
98.2924816608429,0
98.29759931564332,0
98.2976417541504,0
98.29780983924866,0
98.2978584766388,0
98.30056929588318,0
98.30060815811156,0
98.31758165359496,0
98.31760716438292,0
98.31763744354248,0
98.33591437339784,0
98.33828043937685,0
98.338303565979,0
98.33832168579102,0
98.35601687431335,0
98.35604429244997,0
98.35631465911864,0
98.35633683204652,0
98.35646438598631,0
98.35647821426392,0
98.3577184677124,0
98.35774159431458,0
98.3577916622162,0
98.37715315818788,0
98.37718081474304,0
98.37718486785889,0
98.37786316871644,0
98.3778839111328,0
98.37789940834044,0
98.38016605377196,0
98.3973150253296,0
98.39733147621156,0
98.39734840393066,0
98.40038990974426,0
98.40053391456604,0
98.401695728302,0
98.40172910690308,0
98.40245604515076,0
98.40246081352234,0
98.40329170227052,0
98.40331101417542,0
98.4130346775055,0
98.41305994987488,0
98.41306900978088,0
98.41308045387268,0
98.41524267196657,0
98.41528153419496,0
98.41543173789978,0
98.41697311401369,0
98.417010307312,0
98.4170262813568,0
98.43713974952698,0
98.43722939491272,0
98.43810820579527,0
98.4423496723175,0
98.45088028907776,0
98.4509654045105,0
98.45110201835632,0
98.45112466812134,0
98.4521496295929,0
98.4522135257721,0
98.45316505432127,0
98.45731019973756,0
98.45737099647522,0
98.45738816261292,0
98.46327090263368,0
98.46669173240662,0
98.46972751617432,0
98.4776668548584,0
98.47770667076112,0
98.47772192955016,0
98.4786732196808,0
98.47891354560852,0
98.47894549369812,0
98.47901654243468,0
98.49738073349,0
98.49739933013916,0
98.49741125106812,0
98.50265645980836,0
98.502671957016,0
98.5027482509613,0
98.50506377220154,0
98.5050916671753,0
98.5077440738678,0
98.50774717330933,0
98.51686215400696,0
98.51688408851624,0
98.51689887046814,0
98.53597950935364,0
98.53722047805786,0
98.53724360466003,0
98.53724431991576,0
98.54020667076112,0
98.54020881652832,0
98.55695390701294,0
98.55712413787842,0
98.5573718547821,0
98.56845116615295,0
98.568541765213,0
98.56862688064577,0
98.56865215301514,0
98.5704550743103,0
98.57046890258788,0
98.57073998451231,0
98.57116794586182,0
98.5725908279419,0
98.57319712638856,0
98.57683062553406,0
98.57683110237122,0
98.57685828208923,0
98.59735488891602,0
98.5973551273346,0
98.59739112854004,0
98.59927439689636,0
98.59929251670836,0
98.59934377670288,0
98.59935879707336,0
98.6019835472107,0
98.6019971370697,0
98.60201120376588,0
98.60505437850952,0
98.60509705543518,0
98.60647439956664,0
98.60648703575134,0
98.61532354354858,0
98.61687684059144,0
98.6168887615204,0
98.61690092086792,0
98.6195628643036,0
98.61958885192873,0
98.6196014881134,0
98.61961603164671,0
98.63703393936156,0
98.63707065582275,0
98.637104511261,0
98.64142680168152,0
98.64194798469543,0
98.64198899269104,0
98.64403057098389,0
98.64406895637512,0
98.64409160614014,0
98.64411067962646,0
98.64647221565248,0
98.64650583267212,0
98.64686965942384,0
98.65202116966248,0
98.65716934204102,0
98.657208442688,0
98.6572265625,0
98.67783212661745,0
98.67788076400755,0
98.67799425125122,0
98.6973831653595,0
98.69741702079772,0
98.69745254516602,0
98.70748853683472,0
98.70749044418336,0
98.7075023651123,0
98.7075057029724,0
98.71009612083436,0
98.71010994911194,0
98.71019101142883,0
98.71142077445984,0
98.7152624130249,0
98.71528148651124,0
98.71532559394836,0
98.71703672409058,0
98.71844530105592,0
98.7184796333313,0
98.72428274154665,0
98.72433233261108,0
98.7260947227478,0
98.73703622817992,0
98.7370662689209,0
98.7370765209198,0
98.739351272583,0
98.7393684387207,0
98.7412130832672,0
98.7412359714508,0
98.74126505851746,0
98.7414083480835,0
98.7457790374756,0
98.74579548835754,0
98.7458109855652,0
98.74924039840698,0
98.75705099105836,0
98.75708103179932,0
98.7571108341217,0
98.77688908576964,0
98.77697920799255,0
98.77701711654665,0
98.784410238266,0
98.7845299243927,0
98.78454685211182,0
98.78459882736206,0
98.78763890266418,0
98.78765511512756,0
98.78766942024232,0
98.7876844406128,0
98.78768634796144,0
98.79456520080566,0
98.7946231365204,0
98.79758214950562,0
98.7976245880127,0
98.7976415157318,0
98.8171877861023,0
98.81719398498537,0
98.81727862358092,0
98.830011844635,0
98.8376398086548,0
98.83766102790833,0
98.83767914772034,0
98.83769965171814,0
98.8406946659088,0
98.8406949043274,0
98.84071350097656,0
98.84434676170348,0
98.84457087516785,0
98.8446009159088,0
98.8446295261383,0
98.84470510482788,0
98.85120916366576,0
98.85706734657288,0
98.85709190368652,0
98.85722470283508,0
98.85884380340576,0
98.85887479782104,0
98.85892820358276,0
98.85897755622864,0
98.86272835731506,0
98.86278581619264,0
98.86283040046692,0
98.8723850250244,0
98.87242698669434,0
98.87256932258606,0
98.87259006500244,0
98.87466192245483,0
98.87470412254332,0
98.87487292289734,0
98.87737822532654,0
98.87769389152528,0
98.87775492668152,0
98.89426040649414,0
98.8942859172821,0
98.89882564544678,0
98.89895272254944,0
98.89905381202698,0
98.91462278366087,0
98.91463589668274,0
98.9159767627716,0
98.91708135604858,0
98.917085647583,0
98.917866230011,0
98.93746376037598,0
98.93773221969604,0
98.93776655197144,0
98.94976377487184,0
98.94977474212646,0
98.95103979110718,0
98.95127964019775,0
98.9520981311798,0
98.95304894447328,0
98.95307302474976,0
98.95312237739564,0
98.95313835144044,0
98.95346117019652,0
98.95864796638487,0
98.9594268798828,0
98.95969247817992,0
98.96171975135805,0
98.96182322502136,0
98.97687125205994,0
98.9771409034729,0
98.97719526290894,0
98.97722935676576,0
98.97942042350768,0
98.9797010421753,0
98.97981238365172,0
98.97981262207033,0
98.9798939228058,0
98.97991228103638,0
98.99251770973206,0
98.9925491809845,0
98.99477553367616,0
98.99480533599854,0
98.99766898155212,0
98.99770164489746,0
98.99794220924376,0
99.01042795181274,0
99.0172243118286,0
99.01726126670836,0
99.01727652549744,0
99.03287410736084,0
99.0347695350647,0
99.03492140769958,0
99.03494668006896,0
99.03700351715088,0
99.03707933425903,0
99.03714489936829,0
99.0572316646576,0
99.05728101730348,0
99.05760836601256,0
99.06542253494264,0
99.06555318832396,0
99.0664792060852,0
99.06839609146118,0
99.0754852294922,0
99.07602834701538,0
99.07675194740295,0
99.0767936706543,0
99.07749819755554,0
99.07752394676208,0
99.07783365249634,0
99.07957005500792,0
99.07967162132265,0
99.09732222557068,0
99.09736585617064,0
99.09742045402528,0
99.1155607700348,0
99.11558723449708,0
99.11610388755798,0
99.11613011360168,0
99.1161458492279,0
99.1167860031128,0
99.11681127548218,0
99.11730456352234,0
99.12781691551208,0
99.1285617351532,0
99.12859511375429,0
99.12879514694214,0
99.12879776954652,0
99.12882280349731,0
99.12883377075195,0
99.12884664535522,0
99.13055491447447,0
99.13377571105956,0
99.13380074501038,0
99.13381123542786,0
99.13382172584534,0
99.13578033447266,0
99.13579630851746,0
99.1358094215393,0
99.1373999118805,0
99.13742804527284,0
99.13745307922365,0
99.15696930885316,0
99.157000541687,0
99.15704107284546,0
99.16056847572328,0
99.16666507720949,0
99.16668915748596,0
99.16837573051453,0
99.16855144500732,0
99.16855311393738,0
99.16862940788268,0
99.16866946220398,0
99.17708158493042,0
99.17710781097412,0
99.17725419998168,0
99.18118095397948,0
99.18120765686037,0
99.18315649032591,0
99.18317317962646,0
99.1872169971466,0
99.19707679748537,0
99.19710397720335,0
99.19712018966676,0
99.2079701423645,0
99.20824575424194,0
99.20839953422546,0
99.20843124389648,0
99.210275888443,0
99.21029353141785,0
99.21077632904051,0
99.21108078956604,0
99.21224761009216,0
99.21391677856444,0
99.21682286262512,0
99.2168231010437,0
99.21686053276062,0
99.2285177707672,0
99.23308300971983,0
99.23905539512634,0
99.23905730247498,0
99.23909616470335,0
99.2391631603241,0
99.25500082969666,0
99.2550368309021,0
99.25723123550416,0
99.25726699829102,0
99.25732588768004,0
99.25851726531982,0
99.25855565071106,0
99.26043581962584,0
99.26079845428468,0
99.26083397865295,0
99.27757668495178,0
99.27766609191896,0
99.2776951789856,0
99.2978081703186,0
99.29784893989564,0
99.29788947105408,0
99.29894804954527,0
99.30735731124878,0
99.30737662315369,0
99.31761837005617,0
99.31764101982117,0
99.31768655776978,0
99.33317017555235,0
99.33318328857422,0
99.3332314491272,0
99.33326268196106,0
99.33332991600037,0
99.33336186408997,0
99.33344626426695,0
99.33519268035889,0
99.33523106575012,0
99.33725118637084,0
99.3372631072998,0
99.3372757434845,0
99.33728456497192,0
99.33732318878174,0
99.33876490592957,0
99.34372091293336,0
99.34373211860655,0
99.34374451637268,0
99.3458092212677,0
99.34590268135072,0
99.3459484577179,0
99.34598636627196,0
99.35925674438477,0
99.35928392410278,0
99.35929346084596,0
99.36235666275024,0
99.3624210357666,0
99.36270093917848,0
99.36270236968994,0
99.36518359184264,0
99.3652765750885,0
99.36529278755188,0
99.36541485786438,0
99.37687516212463,0
99.37689876556396,0
99.3769097328186,0
99.37706899642944,0
99.37715029716492,0
99.377192735672,0
99.37723207473756,0
99.38250064849854,0
99.3826014995575,0
99.3826048374176,0
99.39739346504211,0
99.39742541313171,0
99.39745736122131,0
99.4029221534729,0
99.40292239189148,0
99.4032380580902,0
99.4032530784607,0
99.41006302833556,0
99.417231798172,0
99.4172613620758,0
99.4172821044922,0
99.43200612068176,0
99.4320273399353,0
99.4320423603058,0
99.43212890625,0
99.43704462051392,0
99.43708395957948,0
99.43711614608765,0
99.45724678039552,0
99.45732164382936,0
99.45735001564026,0
99.45744156837463,0
99.45746183395386,0
99.45753931999208,0
99.45887327194214,0
99.47774195671082,0
99.47779750823976,0
99.47782158851624,0
99.49040198326112,0
99.49088597297668,0
99.49092507362366,0
99.49094724655151,0
99.49339556694032,0
99.49402570724487,0
99.49556088447572,0
99.4971067905426,0
99.4971489906311,0
99.4980809688568,0
99.50421357154846,0
99.5070469379425,0
99.5081684589386,0
99.50819253921507,0
99.5089819431305,0
99.50948882102966,0
99.51871585845949,0
99.51874542236328,0
99.5192847251892,0
99.53614473342896,0
99.53722596168518,0
99.53726577758788,0
99.53735733032228,0
99.54195618629456,0
99.54199075698853,0
99.55751180648804,0
99.55755043029784,0
99.5575704574585,0
99.55761551856996,0
99.56113362312315,0
99.56116819381714,0
99.5612211227417,0
99.5631422996521,0
99.56340742111206,0
99.56343245506288,0
99.5640721321106,0
99.5778317451477,0
99.57788133621216,0
99.57790422439577,0
99.58189797401428,0
99.58312773704527,0
99.59760308265686,0
99.59818172454834,0
99.59834599494934,0
99.61050367355348,0
99.61053705215454,0
99.61055111885072,0
99.61056351661682,0
99.61195373535156,0
99.61197996139526,0
99.61202383041382,0
99.61782789230348,0
99.61786246299744,0
99.61791658401488,0
99.61942291259766,0
99.61944770812988,0
99.62400126457214,0
99.62409687042236,0
99.62609386444092,0
99.62615776062012,0
99.62618088722228,0
99.62622141838074,0
99.63114714622498,0
99.63143038749696,0
99.6314458847046,0
99.63194417953493,0
99.63749861717224,0
99.63753747940063,0
99.6375925540924,0
99.63878202438354,0
99.638813495636,0
99.63904404640198,0
99.63906955718994,0
99.6439528465271,0
99.64408898353577,0
99.64438009262084,0
99.65714383125304,0
99.657155752182,0
99.65718007087708,0
99.6643488407135,0
99.66827273368835,0
99.67146563529968,0
99.67697024345398,0
99.67764902114868,0
99.67769455909728,0
99.6887140274048,0
99.68929886817932,0
99.68933415412904,0
99.68940997123718,0
99.69051861763,0
99.6905562877655,0
99.69096302986144,0
99.69556069374084,0
99.6955726146698,0
99.6973888874054,0
99.6973979473114,0
99.69743132591248,0
99.71066975593568,0
99.71069717407228,0
99.7173523902893,0
99.717383146286,0
99.71739768981934,0
99.731698513031,0
99.73731780052184,0
99.73735642433168,0
99.73737573623656,0
99.75725603103638,0
99.7573835849762,0
99.75783252716064,0
99.76477932929993,0
99.76486682891846,0
99.76706862449646,0
99.76953721046448,0
99.7695734500885,0
99.76959109306335,0
99.76970887184144,0
99.76990795135498,0
99.76991820335388,0
99.77081441879272,0
99.77715635299684,0
99.77720093727112,0
99.77756834030151,0
99.79576921463013,0
99.79947304725648,0
99.79956793785097,0
99.79959654808044,0
99.79990768432616,0
99.8012330532074,0
99.8014452457428,0
99.81099724769592,0
99.81101942062378,0
99.8110408782959,0
99.8115692138672,0
99.81160235404968,0
99.8120265007019,0
99.81205606460573,0
99.81224465370178,0
99.81714606285097,0
99.8171718120575,0
99.81718468666077,0
99.82757186889648,0
99.82842302322388,0
99.8284502029419,0
99.82846474647522,0
99.82882976531982,0
99.82887482643127,0
99.82919812202454,0
99.83181166648863,0
99.8318326473236,0
99.83184218406676,0
99.83187317848206,0
99.83329486846924,0
99.83333015441896,0
99.83345150947572,0
99.83619165420532,0
99.83739709854126,0
99.83743357658386,0
99.8374502658844,0
99.8395335674286,0
99.85102105140686,0
99.85760569572447,0
99.85764575004578,0
99.85771489143372,0
99.87726354599,0
99.87737703323364,0
99.87739777565002,0
99.89747786521912,0
99.89795851707458,0
99.8980164527893,0
99.90397882461548,0
99.90403199195862,0
99.90414834022522,0
99.9042398929596,0
99.90931367874146,0
99.90935492515564,0
99.91001105308531,0
99.91542196273804,0
99.91546988487244,0
99.91763663291933,0
99.91767573356628,0
99.91774249076845,0
99.93393754959106,0
99.93396854400636,0
99.93608164787292,0
99.93778848648073,0
99.93784832954408,0
99.93893599510191,0
99.95757460594176,0
99.95765805244446,0
99.957679271698,0
99.9771637916565,0
99.977210521698,0
99.97723007202148,0
99.99025416374208,0
99.99059915542604,0
99.99262976646423,0
99.99266815185548,0
99.99268889427184,0
99.99314713478088,0
99.99659371376038,0
99.99662351608276,0
99.99664759635924,0
99.99753308296204,0
99.99782228469849,0
99.9982271194458,0
99.99852705001832,0
100.00528597831726,0
100.00929594039916,0
100.01485085487366,0
100.01535725593568,0
100.01624584197998,0
100.0162980556488,0
100.01727175712584,0
100.01730704307556,0
100.01736640930176,0
100.0195746421814,0
100.03700137138368,0
100.03703999519348,0
100.03705501556396,0
100.04304051399232,0
100.04447531700134,0
100.0460569858551,0
100.04640197753906,0
100.04671716690063,0
100.04673910140993,0
100.04687070846558,0
100.04726886749268,0
100.0480706691742,0
100.04934406280518,0
100.05704474449158,0
100.05706357955933,0
100.05715703964232,0
100.06978678703308,0
100.06982946395874,0
100.06988859176636,0
100.06995844841003,0
100.07012009620668,0
100.07024216651917,0
100.07046675682068,0
100.07461380958556,0
100.07463884353638,0
100.07464742660522,0
100.07496619224548,0
100.07500076293944,0
100.0752203464508,0
100.07525777816772,0
100.07757139205933,0
100.07759714126588,0
100.07768750190736,0
100.09789490699768,0
100.097962141037,0
100.09798574447632,0
100.11072778701782,0
100.11077785491943,0
100.11706495285034,0
100.11710667610168,0
100.11720824241638,0
100.12341809272766,0
100.12345814704896,0
100.1246747970581,0
100.13059091567992,0
100.13072872161864,0
100.13245582580566,0
100.13252687454224,0
100.13264656066896,0
100.13276529312134,0
100.13698244094849,0
100.13701486587524,0
100.13706016540527,0
100.14588403701782,0
100.14610719680786,0
100.14629626274107,0
100.15026998519896,0
100.15087080001832,0
100.15403175354004,0
100.15777039527892,0
100.15791082382202,0
100.15793061256409,0
100.1779203414917,0
100.17796730995178,0
100.17796754837036,0
100.19318890571594,0
100.19323897361755,0
100.19326186180116,0
100.19331812858582,0
100.1969838142395,0
100.19702863693236,0
100.19713973999023,0
100.19750380516052,0
100.19754528999329,0
100.1976249217987,0
100.2045078277588,0
100.2045111656189,0
100.20662260055542,0
100.20665669441225,0
100.2074851989746,0
100.21651649475098,0
100.21655082702635,0
100.21659684181212,0
100.21686244010924,0
100.21692061424255,0
100.2172076702118,0
100.21843266487122,0
100.22093605995178,0
100.2209792137146,0
100.22101926803587,0
100.22353267669678,0
100.23002910614014,0
100.23717498779295,0
100.2372100353241,0
100.23722505569458,0
100.25723481178284,0
100.2573263645172,0
100.2573561668396,0
100.26709175109865,0
100.26724481582642,0
100.26727080345154,0
100.2673327922821,0
100.2676055431366,0
100.26763319969176,0
100.26775789260864,0
100.26802492141724,0
100.27764415740968,0
100.27779483795166,0
100.2778160572052,0
100.28738951683044,0
100.28744101524352,0
100.28753471374512,0
100.2875678539276,0
100.28776788711548,0
100.28786993026732,0
100.28789973258972,0
100.28947448730467,0
100.2895209789276,0
100.296133518219,0
100.29615783691406,0
100.29737281799316,0
100.29741311073305,0
100.29775929450987,0
100.29928183555604,0
100.299329996109,0
100.29935359954834,0
100.2996063232422,0
100.30103182792664,0
100.30136632919312,0
100.3014039993286,0
100.31700730323792,0
100.31704568862916,0
100.31751108169556,0
100.32086944580078,0
100.32270908355711,0
100.33652114868164,0
100.33758449554443,0
100.3376078605652,0
100.33779501914978,0
100.34228134155272,0
100.34256052970886,0
100.35441422462463,0
100.35448217391968,0
100.35455536842346,0
100.35468220710754,0
100.35738897323608,0
100.357430934906,0
100.35747480392456,0
100.36023330688477,0
100.36086416244508,0
100.36092901229858,0
100.37749671936037,0
100.37759518623352,0
100.38331627845764,0
100.3904287815094,0
100.3908143043518,0
100.3908519744873,0
100.39085388183594,0
100.39428734779358,0
100.39431381225586,0
100.39432907104492,0
100.39735341072084,0
100.39736461639404,0
100.39740657806396,0
100.39901161193848,0
100.39960551261902,0
100.41039085388184,0
100.4104299545288,0
100.41784763336182,0
100.41788339614868,0
100.41795825958252,0
100.43744492530824,0
100.43749046325684,0
100.4376106262207,0
100.45463514328004,0
100.45730638504028,0
100.45736360549928,0
100.4573917388916,0
100.4776849746704,0
100.47774863243104,0
100.47786831855774,0
100.48970866203308,0
100.4897723197937,0
100.48983860015868,0
100.4899046421051,0
100.49612379074097,0
100.49627828598022,0
100.4964084625244,0
100.49827647209167,0
100.49830675125122,0
100.49867367744446,0
100.50107860565186,0
100.50356340408324,0
100.50451683998108,0
100.51772594451904,0
100.5177562236786,0
100.51779294013976,0
100.51839351654051,0
100.51841735839844,0
100.5206286907196,0
100.52070951461792,0
100.5214684009552,0
100.5232594013214,0
100.5269422531128,0
100.53716516494752,0
100.53720617294312,0
100.5372245311737,0
100.54820084571838,0
100.54846477508544,0
100.55018138885498,0
100.55051326751708,0
100.5505392551422,0
100.55088782310486,0
100.55234503746031,0
100.55281853675842,0
100.55284428596497,0
100.55707812309264,0
100.55710506439208,0
100.55712127685548,0
100.55713725090028,0
100.55760145187378,0
100.55762958526611,0
100.55764842033386,0
100.55767560005188,0
100.55797791481018,0
100.55803680419922,0
100.57326316833496,0
100.57710146903992,0
100.57712817192078,0
100.5771472454071,0
100.59728956222534,0
100.5973494052887,0
100.5974464416504,0
100.6038534641266,0
100.60431361198424,0
100.60567116737366,0
100.60571026802064,0
100.60887217521667,0
100.60890865325928,0
100.60893368721008,0
100.61146521568298,0
100.61153769493104,0
100.61729574203493,0
100.61732029914856,0
100.61739611625671,0
100.6196312904358,0
100.61973309516908,0
100.63687515258788,0
100.63690710067748,0
100.63691806793211,0
100.64245796203612,0
100.65714287757874,0
100.6572127342224,0
100.65723705291748,0
100.66603064537048,0
100.6664493083954,0
100.6664731502533,0
100.66668128967284,0
100.66804790496826,0
100.66869616508484,0
100.66883206367493,0
100.6762638092041,0
100.67731618881226,0
100.67733860015868,0
100.67837691307068,0
100.68643522262572,0
100.68648099899292,0
100.68649935722352,0
100.68678879737854,0
100.69720101356506,0
100.6972393989563,0
100.69725704193117,0
100.70222210884094,0
100.70223593711852,0
100.7022626399994,0
100.70437026023863,0
100.7044107913971,0
100.7062611579895,0
100.70633816719057,0
100.71756219863892,0
100.7175908088684,0
100.71760058403017,0
100.72176241874696,0
100.72414040565492,0
100.73709511756896,0
100.73712801933289,0
100.7371425628662,0
100.74399089813232,0
100.7496304512024,0
100.74992561340332,0
100.75097131729126,0
100.75100517272948,0
100.75368118286131,0
100.75370049476624,0
100.75399327278136,0
100.75406551361084,0
100.75421833992004,0
100.75952243804932,0
100.75955772399902,0
100.75975918769836,0
100.76095938682556,0
100.76184153556824,0
100.77728128433228,0
100.77730751037598,0
100.777321100235,0
100.79031443595886,0
100.80036282539368,0
100.80042028427124,0
100.80045628547668,0
100.80046534538268,0
100.80046820640564,0
100.80047798156738,0
100.80068683624268,0
100.8007791042328,0
100.80080080032349,0
100.8009021282196,0
100.8027913570404,0
100.80281686782835,0
100.80757546424866,0
100.80760383605956,0
100.81388020515442,0
100.8139157295227,0
100.81392359733582,0
100.81393027305604,0
100.81612038612366,0
100.8161392211914,0
100.81615471839903,0
100.81699895858765,0
100.81702756881714,0
100.81714177131651,0
100.82147789001463,0
100.82928538322447,0
100.82931780815125,0
100.82940363883972,0
100.8294563293457,0
100.82949304580688,0
100.82953691482544,0
100.82958912849426,0
100.83717727661131,0
100.83721733093262,0
100.85349988937378,0
100.8575005531311,0
100.85754346847534,0
100.85759043693542,0
100.87520265579224,0
100.87543177604675,0
100.87570714950562,0
100.87583589553832,0
100.87750029563904,0
100.87754011154176,0
100.8777117729187,0
100.8802843093872,0
100.88033413887024,0
100.88077521324158,0
100.89774346351624,0
100.89779233932497,0
100.89784407615662,0
100.9024658203125,0
100.90247440338136,0
100.90705847740172,0
100.90708112716676,0
100.90829086303712,0
100.91754865646362,0
100.91758370399477,0
100.91762495040894,0
100.92698431015016,0
100.92701721191406,0
100.9321722984314,0
100.932199716568,0
100.93221187591551,0
100.93222212791444,0
100.93848514556883,0
100.93848824501038,0
100.93852043151855,0
100.93880486488342,0
100.93882012367249,0
100.93884444236755,0
100.94399857521056,0
100.94401049613953,0
100.95753359794617,0
100.95756483078004,0
100.97133708000185,0
100.97691893577576,0
100.97705030441284,0
100.97709202766418,0
100.99703884124756,0
100.9970681667328,0
100.99708151817322,0
100.99794459342957,0
100.99800324440002,0
100.99806118011476,0
100.99821925163268,0
101.001779794693,0
101.00181412696838,0
101.0018961429596,0
101.01728963851927,0
101.0173273086548,0
101.01734328269958,0
101.02404546737672,0
101.02408409118652,0
101.02575659751892,0
101.0257852077484,0
101.0266261100769,0
101.0370147228241,0
101.0370523929596,0
101.0371208190918,0
101.04475736618042,0
101.04478240013124,0
101.04480147361755,0
101.0448546409607,0
101.0497908592224,0
101.05021643638612,0
101.05065703392027,0
101.0532693862915,0
101.0534439086914,0
101.05348443984984,0
101.05358266830444,0
101.05632829666138,0
101.05658078193665,0
101.05661988258362,0
101.05789756774902,0
101.05793833732604,0
101.05801653862,0
101.05882930755617,0
101.07044839859007,0
101.07052087783812,0
101.07054734230042,0
101.070618391037,0
101.0765163898468,0
101.07766222953796,0
101.07793164253236,0
101.07797646522522,0
101.07966494560242,0
101.08059215545654,0
101.08061099052428,0
101.09808087348938,0
101.09819269180298,0
101.0985550880432,0
101.110009431839,0
101.11157083511353,0
101.11157131195068,0
101.11558628082275,0
101.11564016342165,0
101.1172730922699,0
101.11730217933656,0
101.11735010147096,0
101.1184618473053,0
101.13702511787416,0
101.13705062866212,0
101.137060880661,0
101.15389585494997,0
101.15450286865234,0
101.1562705039978,0
101.1562967300415,0
101.15630888938904,0
101.15636587142944,0
101.15763664245604,0
101.15765690803528,0
101.15846681594849,0
101.15849781036376,0
101.15853095054626,0
101.15898966789246,0
101.15974855422974,0
101.16070008277892,0
101.16486358642578,0
101.17817759513856,0
101.17820763587952,0
101.1782922744751,0
101.17913889884947,0
101.17915058135986,0
101.179297208786,0
101.1793131828308,0
101.1829342842102,0
101.18377828598022,0
101.19690871238708,0
101.19693779945374,0
101.19805097579956,0
101.20510697364809,0
101.205157995224,0
101.20620965957642,0
101.20628571510316,0
101.20697951316832,0
101.20816659927368,0
101.2169587612152,0
101.21704363822936,0
101.21706104278564,0
101.2201325893402,0
101.22016310691832,0
101.22057461738586,0
101.22060465812685,0
101.22410154342651,0
101.22442317008972,0
101.2248866558075,0
101.2369430065155,0
101.23697257041933,0
101.23705506324768,0
101.2570219039917,0
101.25705862045288,0
101.25711178779602,0
101.26449918746948,0
101.27093148231506,0
101.27096891403198,0
101.27098631858826,0
101.27100920677184,0
101.27263116836548,0
101.2726664543152,0
101.27272772789,0
101.27464818954468,0
101.27501606941225,0
101.27501845359802,0
101.27510237693788,0
101.27711701393127,0
101.27715301513672,0
101.27716898918152,0
101.27866315841676,0
101.27870464324953,0
101.2788631916046,0
101.29717469215392,0
101.29721570014954,0
101.2972309589386,0
101.30041885375977,0
101.30046272277832,0
101.30388760566711,0
101.303964138031,0
101.30465936660768,0
101.3168363571167,0
101.31686639785768,0
101.31702709197998,0
101.31704378128052,0
101.3170554637909,0
101.3375120162964,0
101.33761954307556,0
101.33766341209412,0
101.34879636764526,0
101.3488130569458,0
101.34882497787476,0
101.34926509857178,0
101.35030484199524,0
101.35034823417664,0
101.3503634929657,0
101.35699272155762,0
101.357017993927,0
101.35708689689636,0
101.36172795295715,0
101.36590576171876,0
101.36594319343568,0
101.36595702171326,0
101.365984916687,0
101.36744666099548,0
101.36781239509584,0
101.36784148216248,0
101.3726053237915,0
101.37264633178712,0
101.37691974639893,0
101.37694430351256,0
101.3769555091858,0
101.39213418960573,0
101.3921754360199,0
101.39292216300964,0
101.39690589904784,0
101.3969385623932,0
101.3969521522522,0
101.4175190925598,0
101.41755700111388,0
101.41757369041444,0
101.42270398139954,0
101.42293000221252,0
101.42342019081116,0
101.42342281341551,0
101.42735481262208,0
101.4277482032776,0
101.4279763698578,0
101.42937159538268,0
101.43283200263976,0
101.4370687007904,0
101.4371087551117,0
101.43712496757507,0
101.45202350616456,0
101.45758032798769,0
101.45761799812315,0
101.45763206481934,0
101.47333574295044,0
101.47337532043456,0
101.4763650894165,0
101.47646856307983,0
101.47728848457336,0
101.47733473777772,0
101.4776895046234,0
101.4979043006897,0
101.49795460700987,0
101.49798655509947,0
101.50262570381165,0
101.50273704528809,0
101.50331163406372,0
101.50417947769164,0
101.5054841041565,0
101.50855493545532,0
101.50857377052309,0
101.51796126365662,0
101.51801657676695,0
101.51803588867188,0
101.52005505561829,0
101.5200970172882,0
101.5232446193695,0
101.5370478630066,0
101.53708148002625,0
101.53712463378906,0
101.5495901107788,0
101.54961156845091,0
101.55132961273192,0
101.55134463310242,0
101.55139112472534,0
101.55352973937988,0
101.5535364151001,0
101.55354166030884,0
101.55407691001892,0
101.55550909042358,0
101.55553770065308,0
101.5555477142334,0
101.55555844306946,0
101.55653238296507,0
101.55655646324158,0
101.55655884742735,0
101.55723929405212,0
101.55725336074828,0
101.55726480484007,0
101.557275056839,0
101.56464433670044,0
101.565181016922,0
101.56520128250122,0
101.56521201133728,0
101.56646275520325,0
101.566486120224,0
101.56680679321288,0
101.57708501815796,0
101.57712078094482,0
101.5771222114563,0
101.57948517799376,0
101.57951545715332,0
101.58085227012634,0
101.58089661598206,0
101.5816366672516,0
101.59706783294678,0
101.59709811210632,0
101.59710836410522,0
101.59756517410278,0
101.597585439682,0
101.59797525405884,0
101.597998380661,0
101.59994792938232,0
101.60006880760191,0
101.60009121894836,0
101.61765789985655,0
101.61769247055054,0
101.61772871017456,0
101.6241226196289,0
101.62596464157104,0
101.6284408569336,0
101.63695192337036,0
101.63697791099548,0
101.63724946975708,0
101.638409614563,0
101.63843083381651,0
101.6384415626526,0
101.63880324363708,0
101.64019799232484,0
101.640207529068,0
101.64024996757507,0
101.6533749103546,0
101.65693068504332,0
101.65695238113403,0
101.65696144104004,0
101.67652225494383,0
101.67655563354492,0
101.6765706539154,0
101.67658615112305,0
101.6772084236145,0
101.677344083786,0
101.67736268043518,0
101.69730138778688,0
101.6973385810852,0
101.6974229812622,0
101.70019340515135,0
101.7003939151764,0
101.70046401023863,0
101.70272564888,0
101.70272660255432,0
101.70449447631836,0
101.70452165603638,0
101.71725273132324,0
101.71727514266968,0
101.7172863483429,0
101.737060546875,0
101.7370867729187,0
101.73709726333618,0
101.74336314201356,0
101.74765872955322,0
101.74804258346558,0
101.7492287158966,0
101.74925470352171,0
101.7492663860321,0
101.74927735328674,0
101.750572681427,0
101.7505977153778,0
101.7510449886322,0
101.75727963447572,0
101.75730681419373,0
101.75731444358826,0
101.7580623626709,0
101.75808882713318,0
101.75809836387634,0
101.7583680152893,0
101.76019525527954,0
101.7602813243866,0
101.76030158996582,0
101.76103067398073,0
101.7765748500824,0
101.77691102027892,0
101.77693700790404,0
101.77699065208436,0
101.77785158157349,0
101.77787733078004,0
101.7779185771942,0
101.7791233062744,0
101.77940797805786,0
101.77943587303162,0
101.7930052280426,0
101.79302549362184,0
101.79448533058168,0
101.7944996356964,0
101.79713678359984,0
101.79752135276794,0
101.79755210876463,0
101.81820297241212,0
101.8182442188263,0
101.81834626197816,0
101.81898379325868,0
101.81977319717409,0
101.83711004257202,0
101.83716130256651,0
101.8371765613556,0
101.8414945602417,0
101.84789752960204,0
101.84791302680968,0
101.84792852401732,0
101.85031580924988,0
101.85040926933289,0
101.8505289554596,0
101.85172748565674,0
101.85287308692932,0
101.85713362693788,0
101.85716485977171,0
101.85720181465148,0
101.87723660469057,0
101.87731075286864,0
101.8779320716858,0
101.88684368133544,0
101.88687181472778,0
101.88689470291138,0
101.88734316825868,0
101.89159607887268,0
101.891619682312,0
101.89167714118958,0
101.89183950424194,0
101.89186263084412,0
101.89739298820496,0
101.89743447303772,0
101.89744806289671,0
101.90051436424255,0
101.90060329437256,0
101.9173002243042,0
101.9173321723938,0
101.9173743724823,0
101.93559670448305,0
101.93694400787354,0
101.93699645996094,0
101.94184708595276,0
101.9420449733734,0
101.95705223083496,0
101.95708775520325,0
101.95709824562071,0
101.9830482006073,0
101.9830732345581,0
101.98312211036682,0
101.98316693305968,0
101.98320126533508,0
101.983225107193,0
101.98325991630554,0
101.98327159881592,0
101.9832842350006,0
101.98331427574158,0
101.98335337638856,0
101.98337912559508,0
101.98340940475464,0
101.99693775177002,0
101.99696469306946,0
101.99697613716124,0
102.0176408290863,0
102.01767468452454,0
102.01769089698792,0
102.025000333786,0
102.02502202987672,0
102.0250837802887,0
102.02514171600342,0
102.02836990356444,0
102.02838730812071,0
102.0286591053009,0
102.0304696559906,0
102.03050494194032,0
102.032320022583,0
102.0323760509491,0
102.03410005569458,0
102.03411769866943,0
102.03416848182678,0
102.03433346748352,0
102.0369918346405,0
102.03701829910278,0
102.03703355789185,0
102.04073977470398,0
102.0408537387848,0
102.04087328910828,0
102.04093909263612,0
102.05695366859436,0
102.05697202682497,0
102.05698800086977,0
102.0570032596588,0
102.05833220481873,0
102.0583357810974,0
102.0583517551422,0
102.05878686904909,0
102.0593810081482,0
102.05940580368042,0
102.07713198661804,0
102.07717490196228,0
102.0771939754486,0
102.0930244922638,0
102.09307098388672,0
102.0942840576172,0
102.097482919693,0
102.09753727912904,0
102.09765982627869,0
102.1017680168152,0
102.10178017616272,0
102.10182332992554,0
102.10182929039,0
102.10553073883057,0
102.10555791854858,0
102.10558199882507,0
102.1066963672638,0
102.10673642158508,0
102.1102511882782,0
102.11030745506288,0
102.1113212108612,0
102.12119388580322,0
102.1220633983612,0
102.12257146835329,0
102.12313413619997,0
102.12356638908386,0
102.13689947128296,0
102.13736176490784,0
102.1373872756958,0
102.14066481590272,0
102.14068531990053,0
102.14195275306702,0
102.14209151268004,0
102.1421070098877,0
102.14221572875977,0
102.14424705505373,0
102.14426231384276,0
102.14426279067992,0
102.15729188919067,0
102.15732073783876,0
102.15733432769775,0
102.17722916603088,0
102.17724180221558,0
102.1772530078888,0
102.18936610221864,0
102.19266676902772,0
102.19290709495544,0
102.19293069839478,0
102.19311237335204,0
102.19509625434875,0
102.1951184272766,0
102.19535207748412,0
102.19584012031557,0
102.1958634853363,0
102.19724774360655,0
102.1972918510437,0
102.19732666015624,0
102.19735860824584,0
102.19739198684692,0
102.19940376281738,0
102.21700811386108,0
102.21707844734192,0
102.2171585559845,0
102.23329281806946,0
102.23711800575256,0
102.23746013641356,0
102.23748064041138,0
102.25712990760805,0
102.2571713924408,0
102.25719213485718,0
102.26587796211244,0
102.2663278579712,0
102.26635217666626,0
102.26642322540285,0
102.2687578201294,0
102.26901412010191,0
102.26908230781557,0
102.27069592475893,0
102.27088236808775,0
102.27105975151062,0
102.271080493927,0
102.2741003036499,0
102.27436184883118,0
102.27507424354552,0
102.27581453323364,0
102.27744555473328,0
102.27748203277588,0
102.27749395370483,0
102.28316330909728,0
102.28500866889954,0
102.2850399017334,0
102.2852861881256,0
102.29722309112547,0
102.2973084449768,0
102.29731893539427,0
102.3057656288147,0
102.30578565597534,0
102.3058054447174,0
102.30797290802002,0
102.30802845954896,0
102.31011867523192,0
102.3102216720581,0
102.31178712844849,0
102.31340098381042,0
102.3176417350769,0
102.31767201423644,0
102.31768822669984,0
102.33254790306091,0
102.33759999275208,0
102.3376166820526,0
102.33766794204712,0
102.35744643211363,0
102.35747838020325,0
102.35749387741087,0
102.35850071907043,0
102.35851001739502,0
102.36127662658691,0
102.3612983226776,0
102.36130261421204,0
102.36360621452332,0
102.36362051963806,0
102.36367416381836,0
102.36369109153748,0
102.37881517410278,0
102.37882208824158,0
102.3788697719574,0
102.38062810897829,0
102.38140034675598,0
102.3814251422882,0
102.38144707679749,0
102.38149213790894,0
102.39721512794496,0
102.39724254608154,0
102.39724707603456,0
102.4022092819214,0
102.40224432945251,0
102.40230894088744,0
102.40409922599792,0
102.40413403511047,0
102.40606451034546,0
102.40609836578368,0
102.41515445709229,0
102.41757726669312,0
102.41761469841003,0
102.41778564453124,0
102.41782331466676,0
102.4312481880188,0
102.43714261054993,0
102.43714737892152,0
102.4371817111969,0
102.4571614265442,0
102.45719075202942,0
102.45954179763794,0
102.45955157279968,0
102.45957565307616,0
102.45981526374815,0
102.46405863761902,0
102.464097738266,0
102.46420645713806,0
102.46678709983826,0
102.47777056694032,0
102.47777700424194,0
102.47781920433044,0
102.48139762878418,0
102.48143696784972,0
102.48145580291748,0
102.48146080970764,0
102.48228430747986,0
102.4823191165924,0
102.48237204551695,0
102.4979681968689,0
102.4980490207672,0
102.49805164337158,0
102.50504446029665,0
102.50509071350098,0
102.5064024925232,0
102.50645112991332,0
102.50739216804504,0
102.5074360370636,0
102.50745272636414,0
102.50753498077393,0
102.51825714111328,0
102.51829648017883,0
102.518315076828,0
102.5184166431427,0
102.51843571662904,0
102.51854133605956,0
102.52594017982484,0
102.53877830505373,0
102.5388081073761,0
102.53882026672365,0
102.54431891441344,0
102.54433488845824,0
102.54611587524414,0
102.54614663124084,0
102.54616045951845,0
102.5461721420288,0
102.5497350692749,0
102.54977011680604,0
102.54979991912842,0
102.54981708526611,0
102.54987120628356,0
102.55749678611755,0
102.55752396583556,0
102.55755877494812,0
102.57246923446657,0
102.57804012298584,0
102.57807517051695,0
102.5800714492798,0
102.59712553024292,0
102.59715342521667,0
102.59719824790956,0
102.60942840576172,0
102.60968255996704,0
102.61152863502502,0
102.61155080795288,0
102.61207699775696,0
102.61208939552309,0
102.6120946407318,0
102.61395454406738,0
102.61398839950562,0
102.61558532714844,0
102.61581659317017,0
102.61744594573976,0
102.61746859550476,0
102.61748266220091,0
102.62663435935974,0
102.6317377090454,0
102.63339734077454,0
102.63342571258544,0
102.63384294509888,0
102.63715147972108,0
102.6371819972992,0
102.63719749450684,0
102.657320022583,0
102.65737915039062,0
102.6574010848999,0
102.65920281410216,0
102.65926122665404,0
102.65932655334473,0
102.66263222694396,0
102.67772102355956,0
102.67775750160216,0
102.6777651309967,0
102.68236303329468,0
102.6837878227234,0
102.68383026123048,0
102.68385076522829,0
102.68394613265993,0
102.68426299095154,0
102.6845245361328,0
102.69720077514648,0
102.69736886024477,0
102.69739174842834,0
102.70783042907716,0
102.70785236358644,0
102.71047258377077,0
102.71053981781006,0
102.7114441394806,0
102.71335697174072,0
102.71732592582704,0
102.71735882759094,0
102.71737456321716,0
102.7370285987854,0
102.73704171180724,0
102.73712754249571,0
102.7371587753296,0
102.74184322357178,0
102.741858959198,0
102.75729203224182,0
102.75733399391174,0
102.75734853744508,0
102.76253509521484,0
102.76269149780272,0
102.76279473304749,0
102.76281213760376,0
102.7634346485138,0
102.7642765045166,0
102.765469789505,0
102.76795053482056,0
102.7679750919342,0
102.7682399749756,0
102.7682569026947,0
102.7688136100769,0
102.76917362213136,0
102.76919841766356,0
102.77313232421876,0
102.77688694000244,0
102.77691769599916,0
102.77699112892152,0
102.79692840576172,0
102.7969410419464,0
102.7969582080841,0
102.8010938167572,0
102.8011109828949,0
102.80112409591676,0
102.80113816261292,0
102.80341601371764,0
102.80357456207275,0
102.80359363555908,0
102.80474710464478,0
102.80491852760316,0
102.81308913230896,0
102.8131456375122,0
102.81437468528748,0
102.81697702407835,0
102.8170256614685,0
102.81704092025755,0
102.83741402626038,0
102.83753633499146,0
102.83784079551695,0
102.84121012687685,0
102.84124422073364,0
102.84129643440248,0
102.84197187423706,0
102.84266781806946,0
102.84269857406616,0
102.84331679344176,0
102.84355235099792,0
102.85701894760132,0
102.85703825950624,0
102.8571162223816,0
102.86070585250854,0
102.86146712303162,0
102.87721467018127,0
102.87725973129272,0
102.877277135849,0
102.88154315948486,0
102.88158130645752,0
102.88160014152528,0
102.88166880607604,0
102.88871908187866,0
102.88875985145567,0
102.88883328437804,0
102.89648532867432,0
102.89653515815736,0
102.90237998962402,0
102.90241742134094,0
102.90243792533876,0
102.9025580883026,0
102.9026026725769,0
102.91763591766356,0
102.91764664649963,0
102.91769099235536,0
102.93593764305116,0
102.93727445602416,0
102.93730688095091,0
102.9377076625824,0
102.94182991981506,0
102.94225311279295,0
102.95716786384584,0
102.95719885826112,0
102.95724487304688,0
102.97695660591124,0
102.97698426246644,0
102.97699546813963,0
102.98102688789368,0
102.98140931129456,0
102.98150539398192,0
102.98152041435242,0
102.98165941238403,0
102.98168301582336,0
102.98169255256651,0
102.9829330444336,0
102.98350834846497,0
102.99713063240053,0
102.99714660644533,0
102.99715948104858,0
102.99719667434692,0
103.00192523002625,0
103.0019552707672,0
103.00769972801208,0
103.00777125358582,0
103.0170512199402,0
103.01708674430849,0
103.01715970039368,0
103.04117369651794,0
103.04118847846983,0
103.0411925315857,0
103.04120469093324,0
103.04276585578918,0
103.04440927505492,0
103.04443335533142,0
103.0459475517273,0
103.04624438285828,0
103.04627585411072,0
103.04831218719482,0
103.05714297294617,0
103.05720925331116,0
103.05729675292967,0
103.06500482559204,0
103.06505966186523,0
103.06508588790894,0
103.0651557445526,0
103.0653772354126,0
103.06545209884644,0
103.06564521789552,0
103.0657193660736,0
103.07720899581908,0
103.07727313041688,0
103.07728576660156,0
103.09053492546082,0
103.09057641029358,0
103.09097623825072,0
103.09107732772829,0
103.09624075889587,0
103.09730839729308,0
103.09733772277832,0
103.09735822677612,0
103.09737539291382,0
103.09739327430724,0
103.09940648078918,0
103.0994427204132,0
103.10242748260498,0
103.10247611999512,0
103.1174771785736,0
103.11753225326538,0
103.11753296852112,0
103.13744115829468,0
103.13751769065856,0
103.13768815994264,0
103.14332580566406,0
103.14703130722046,0
103.1470341682434,0
103.14944958686829,0
103.14948296546936,0
103.1494963169098,0
103.1495590209961,0
103.1506962776184,0
103.15096426010132,0
103.1525809764862,0
103.15888953208923,0
103.15892362594604,0
103.15893530845642,0
103.16870164871216,0
103.17144894599916,0
103.17226719856262,0
103.1771399974823,0
103.17715835571288,0
103.17716240882874,0
103.1777937412262,0
103.17794990539552,0
103.1779718399048,0
103.17802119255066,0
103.19124460220335,0
103.19126081466676,0
103.19133424758913,0
103.19281578063963,0
103.19461035728456,0
103.1972303390503,0
103.19725799560548,0
103.19731402397156,0
103.1983368396759,0
103.19836664199828,0
103.1990327835083,0
103.19906497001648,0
103.2007749080658,0
103.21642303466795,0
103.2169680595398,0
103.2171618938446,0
103.21718573570251,0
103.22057390213013,0
103.22107553482056,0
103.22110533714294,0
103.22114825248718,0
103.2368814945221,0
103.23691582679749,0
103.23700380325316,0
103.24099779129028,0
103.2410786151886,0
103.24109601974487,0
103.24306774139404,0
103.2430865764618,0
103.24309086799622,0
103.24343228340148,0
103.24459505081175,0
103.2447144985199,0
103.24473118782043,0
103.24505972862244,0
103.25691246986388,0
103.25695610046388,0
103.25696396827698,0
103.2772912979126,0
103.277330160141,0
103.27736449241638,0
103.2895486354828,0
103.28955626487732,0
103.2895963191986,0
103.28970050811768,0
103.29444885253906,0
103.29451179504396,0
103.29453301429749,0
103.30064177513124,0
103.3007001876831,0
103.3007071018219,0
103.30079793930054,0
103.30106282234192,0
103.3059663772583,0
103.30819749832152,0
103.30822610855104,0
103.30833196640016,0
103.31047177314758,0
103.31050276756288,0
103.31058263778688,0
103.31511378288268,0
103.31512570381165,0
103.3151330947876,0
103.32542014122008,0
103.32544803619383,0
103.32571840286256,0
103.33141160011292,0
103.3454794883728,0
103.34547972679138,0
103.34551930427553,0
103.35899925231934,0
103.35901927947998,0
103.36113786697388,0
103.36116218566896,0
103.3612585067749,0
103.36128211021423,0
103.365296125412,0
103.3653085231781,0
103.36532473564148,0
103.36933732032776,0
103.36933851242064,0
103.36937475204468,0
103.37285017967224,0
103.3857843875885,0
103.38582181930542,0
103.38583326339722,0
103.40098094940186,0
103.4010808467865,0
103.40230560302734,0
103.40233254432678,0
103.40326762199402,0
103.40327262878418,0
103.40329885482788,0
103.40546536445618,0
103.4055004119873,0
103.406555891037,0
103.40656971931458,0
103.40658521652222,0
103.40667247772215,0
103.406756401062,0
103.41602396965028,0
103.4170515537262,0
103.41838765144348,0
103.42773413658142,0
103.42809844017027,0
103.42812752723694,0
103.4356472492218,0
103.43566012382507,0
103.43567085266112,0
103.43572688102722,0
103.44035267829896,0
103.44036436080933,0
103.4403669834137,0
103.44092106819151,0
103.4409477710724,0
103.44109272956848,0
103.44111490249634,0
103.44487929344176,0
103.44490885734558,0
103.4449212551117,0
103.45391273498537,0
103.45404434204102,0
103.45405650138856,0
103.4549503326416,0
103.46169543266296,0
103.46172595024107,0
103.46179676055908,0
103.47709894180298,0
103.47725939750671,0
103.47736382484436,0
103.489497423172,0
103.48953652381896,0
103.48972225189208,0
103.48974609375,0
103.4945511817932,0
103.49465203285216,0
103.4946768283844,0
103.50162625312804,0
103.50170755386353,0
103.50175738334656,0
103.50180459022522,0
103.50182127952576,0
103.50188159942628,0
103.50192308425903,0
103.50196981430054,0
103.5052797794342,0
103.51316356658936,0
103.51705265045166,0
103.51708722114564,0
103.5171492099762,0
103.53509378433228,0
103.53510904312134,0
103.53686189651488,0
103.53730726242064,0
103.53741645812988,0
103.54576468467712,0
103.5458357334137,0
103.54585123062134,0
103.54586291313171,0
103.55715537071228,0
103.55718231201172,0
103.5571928024292,0
103.56585741043092,0
103.56586503982544,0
103.56590938568117,0
103.56691408157349,0
103.57608652114868,0
103.5761091709137,0
103.5761206150055,0
103.57621312141418,0
103.57622742652892,0
103.57624125480652,0
103.577045917511,0
103.57707118988036,0
103.5771279335022,0
103.59376120567322,0
103.59381461143494,0
103.5950891971588,0
103.59511828422546,0
103.59684944152832,0
103.59687995910645,0
103.59688258171082,0
103.61582851409912,0
103.61941075325012,0
103.61945009231567,0
103.62159442901611,0
103.62162947654724,0
103.62166976928712,0
103.6217441558838,0
103.6372880935669,0
103.6373257637024,0
103.63740253448486,0
103.6401300430298,0
103.64017796516418,0
103.6401858329773,0
103.64455461502077,0
103.65706634521484,0
103.6570689678192,0
103.65707325935364,0
103.66521906852722,0
103.6655330657959,0
103.6658091545105,0
103.66607236862184,0
103.66769433021544,0
103.66779923439026,0
103.66955614089966,0
103.66982412338255,0
103.66986083984376,0
103.66986584663393,0
103.66987562179564,0
103.67476081848145,0
103.67476105690002,0
103.6748058795929,0
103.67730832099916,0
103.6773464679718,0
103.67736077308656,0
103.68117642402648,0
103.68119144439696,0
103.68371057510376,0
103.6837306022644,0
103.68463158607484,0
103.69763422012328,0
103.69766974449158,0
103.69768595695496,0
103.70434498786926,0
103.7043673992157,0
103.70493721961977,0
103.70497345924376,0
103.70913910865784,0
103.70915532112122,0
103.7091691493988,0
103.73043584823608,0
103.7304835319519,0
103.73052525520325,0
103.74553155899048,0
103.74556517601012,0
103.74557614326476,0
103.74755358695984,0
103.75094175338744,0
103.75095725059508,0
103.75261783599854,0
103.75297021865843,0
103.75297164916992,0
103.75298523902892,0
103.764221906662,0
103.76423335075378,0
103.76424789428712,0
103.7654836177826,0
103.76759099960329,0
103.76787972450256,0
103.76839137077332,0
103.7684097290039,0
103.76904153823853,0
103.78608107566832,0
103.78648805618286,0
103.78649735450745,0
103.78767204284668,0
103.7876946926117,0
103.78775072097778,0
103.78776574134828,0
103.7890419960022,0
103.78905367851256,0
103.78910493850708,0
103.7902331352234,0
103.7902581691742,0
103.79145073890686,0
103.79146337509157,0
103.8059515953064,0
103.80603575706482,0
103.80637717247008,0
103.82404446601868,0
103.82688570022584,0
103.82691240310668,0
103.82692193984984,0
103.83395576477052,0
103.83397722244264,0
103.83398818969728,0
103.8340630531311,0
103.8361611366272,0
103.83617377281188,0
103.83621287345886,0
103.84301161766052,0
103.844069480896,0
103.84500765800476,0
103.84503483772278,0
103.84504556655884,0
103.85180687904358,0
103.86698532104492,0
103.86717510223389,0
103.86721134185792,0
103.88745069503784,0
103.88747572898863,0
103.88752794265748,0
103.88756489753725,0
103.88881182670592,0
103.88883709907532,0
103.88885164260864,0
103.89133834838869,0
103.89136695861816,0
103.89141774177553,0
103.89277577400208,0
103.89280700683594,0
103.89308428764345,0
103.89311027526855,0
103.89489483833312,0
103.8949179649353,0
103.89492893218994,0
103.89684748649596,0
103.90260791778564,0
103.9026243686676,0
103.90263867378236,0
103.90769243240356,0
103.9077501296997,0
103.9078106880188,0
103.91382479667664,0
103.91690945625304,0
103.91693544387816,0
103.91697764396667,0
103.9368772506714,0
103.93690729141235,0
103.93722414970398,0
103.9484634399414,0
103.948472738266,0
103.95019340515135,0
103.95021772384644,0
103.95022869110107,0
103.95212507247923,0
103.95216941833496,0
103.95218420028688,0
103.9522635936737,0
103.95309734344482,0
103.95429420471191,0
103.95688199996948,0
103.95733737945557,0
103.9578607082367,0
103.95987725257874,0
103.97692251205444,0
103.97694945335388,0
103.9769515991211,0
103.98886966705322,0
103.9888825416565,0
103.9889588356018,0
103.98897337913512,0
103.99035477638245,0
103.99040651321413,0
103.99050331115724,0
103.99126982688904,0
103.9913125038147,0
103.99241948127748,0
103.99247646331789,0
103.99314022064208,0
103.99739861488342,0
103.99748873710632,0
103.99750423431396,0
103.99874114990234,0
103.9987530708313,0
103.9988658428192,0
103.99891996383668,0
104.00081086158752,0
104.00091171264648,0
104.00092768669128,0
104.00160765647888,0
104.01695275306702,0
104.01698350906372,0
104.01718974113464,0
104.0203342437744,0
104.02139186859132,0
104.03436470031738,0
104.03543400764464,0
104.03568148612976,0
104.0357151031494,0
104.03632926940918,0
104.0369713306427,0
104.03699207305908,0
104.03705286979675,0
104.0376386642456,0
104.03766083717346,0
104.05732107162476,0
104.0573661327362,0
104.05738306045532,0
104.06106638908386,0
104.07701468467712,0
104.07705092430116,0
104.07706665992735,0
104.08638119697572,0
104.08642554283142,0
104.08659076690674,0
104.0866632461548,0
104.09129810333252,0
104.09235882759094,0
104.09281778335573,0
104.09358167648315,0
104.0948405265808,0
104.09504961967468,0
104.0962688922882,0
104.09641933441162,0
104.09671330451964,0
104.09673404693604,0
104.0970311164856,0
104.09723043441772,0
104.09742379188538,0
104.10004448890686,0
104.10020446777344,0
104.10023260116576,0
104.11778020858765,0
104.11818981170654,0
104.1182737350464,0
104.11861252784728,0
104.12207770347597,0
104.122385263443,0
104.13891434669496,0
104.13893604278564,0
104.14184403419496,0
104.14189982414246,0
104.14498353004456,0
104.14499831199646,0
104.14576244354248,0
104.1463384628296,0
104.14700150489809,0
104.14701628684998,0
104.14705562591551,0
104.15610218048096,0
104.15611338615416,0
104.1561243534088,0
104.15616512298584,0
104.15962839126588,0
104.15974497795104,0
104.16021633148192,0
104.16645073890686,0
104.16650557518004,0
104.1665153503418,0
104.18993306159972,0
104.18995833396912,0
104.1899871826172,0
104.19882345199584,0
104.19924211502077,0
104.19983434677124,0
104.19984984397888,0
104.2010097503662,0
104.20728874206544,0
104.2073106765747,0
104.20732045173644,0
104.22115302085876,0
104.2249002456665,0
104.22499537467957,0
104.22508645057678,0
104.225102186203,0
104.22642040252686,0
104.22645735740662,0
104.22720527648926,0
104.22723269462584,0
104.22732210159302,0
104.2273371219635,0
104.231055021286,0
104.25373458862305,0
104.25376725196838,0
104.25380945205688,0
104.26188659667967,0
104.26266884803772,0
104.26270031929016,0
104.26271438598631,0
104.26280736923218,0
104.26584768295288,0
104.26586318016052,0
104.2658793926239,0
104.26971483230592,0
104.2697160243988,0
104.26975417137146,0
104.28836178779602,0
104.28839111328124,0
104.28840184211732,0
104.289288520813,0
104.29128074645996,0
104.29131150245668,0
104.29263734817503,0
104.29264831542967,0
104.29444241523744,0
104.30909276008606,0
104.30912351608276,0
104.30918192863464,0
104.31058406829834,0
104.31060934066772,0
104.31078314781188,0
104.31080961227416,0
104.31094264984132,0
104.31097602844238,0
104.31099057197572,0
104.3154284954071,0
104.31551027297974,0
104.31556677818298,0
104.31568360328674,0
104.31708979606628,0
104.31714367866516,0
104.31731700897215,0
104.32746863365172,0
104.32750964164734,0
104.32752633094788,0
104.3368284702301,0
104.33695530891418,0
104.33704924583436,0
104.34925198554993,0
104.35278797149658,0
104.35280442237854,0
104.3539879322052,0
104.35808038711548,0
104.35815620422365,0
104.35825181007384,0
104.35892748832704,0
104.35896587371826,0
104.35987329483032,0
104.35990619659424,0
104.36572289466858,0
104.36575722694396,0
104.36579275131226,0
104.36903047561646,0
104.3695170879364,0
104.3701057434082,0
104.37086725234984,0
104.38341736793518,0
104.38344073295592,0
104.3853476047516,0
104.38537645339966,0
104.3854033946991,0
104.3856348991394,0
104.385657787323,0
104.38643455505373,0
104.38647103309631,0
104.38649582862854,0
104.39209961891174,0
104.39212608337402,0
104.39402294158936,0
104.39404726028442,0
104.404531955719,0
104.4045639038086,0
104.4045820236206,0
104.42601585388184,0
104.4260458946228,0
104.42609691619872,0
104.42978358268738,0
104.44827270507812,0
104.44832372665404,0
104.44833707809448,0
104.46059274673462,0
104.46075916290285,0
104.46077680587769,0
104.46082520484924,0
104.4641523361206,0
104.464200258255,0
104.46422052383424,0
104.46528053283691,0
104.4688229560852,0
104.4688811302185,0
104.46892666816711,0
104.4877061843872,0
104.4877347946167,0
104.4877474308014,0
104.48776078224182,0
104.48832964897156,0
104.4883906841278,0
104.48842859268188,0
104.4897575378418,0
104.48987197875977,0
104.48989152908324,0
104.49131083488464,0
104.49135565757751,0
104.49213314056396,0
104.49219512939452,0
104.49448919296265,0
104.50609183311462,0
104.5061194896698,0
104.5061583518982,0
104.5206310749054,0
104.52065920829772,0
104.52208471298218,0
104.5221061706543,0
104.52211737632751,0
104.5221619606018,0
104.52522730827332,0
104.52524280548096,0
104.52528858184814,0
104.52570629119872,0
104.52574849128725,0
104.5258014202118,0
104.53262233734132,0
104.53265285491943,0
104.53266429901124,0
104.5326738357544,0
104.53984427452087,0
104.53987097740172,0
104.54025840759276,0
104.5470883846283,0
104.54712986946106,0
104.54713153839111,0
104.5506796836853,0
104.55693316459656,0
104.55695676803587,0
104.55696964263916,0
104.58586502075195,0
104.58618521690369,0
104.5862193107605,0
104.58756804466248,0
104.58758354187012,0
104.5875961780548,0
104.58798122406006,0
104.59062504768372,0
104.59064197540285,0
104.59069848060608,0
104.59171986579896,0
104.59174609184264,0
104.59449696540833,0
104.59456396102904,0
104.5966808795929,0
104.60594964027403,0
104.60597491264345,0
104.60601472854614,0
104.62573194503784,0
104.6257622241974,0
104.62576794624329,0
104.63048028945924,0
104.63051199913023,0
104.63052606582642,0
104.63054060935974,0
104.63095712661745,0
104.63097739219666,0
104.63109517097472,0
104.63314771652222,0
104.63524055480956,0
104.64929509162904,0
104.6493203639984,0
104.6493308544159,0
104.66447854042052,0
104.66624093055724,0
104.66678738594057,0
104.66682624816896,0
104.67846179008484,0
104.67848873138428,0
104.67852687835692,0
104.67858481407166,0
104.67979741096497,0
104.67982006072998,0
104.6798493862152,0
104.68752837181091,0
104.68754053115843,0
104.68755054473876,0
104.7101182937622,0
104.71019673347472,0
104.71030688285828,0
104.71033382415771,0
104.7105793952942,0
104.71059703826904,0
104.71105980873108,0
104.71107077598572,0
104.71870684623718,0
104.71870923042296,0
104.72150087356567,0
104.7215130329132,0
104.72364115715028,0
104.72365832328796,0
104.72367000579834,0
104.72407960891724,0
104.72408509254456,0
104.72878098487854,0
104.72880625724792,0
104.72881746292114,0
104.74515700340272,0
104.745178937912,0
104.74518418312071,0
104.74700164794922,0
104.74852657318117,0
104.74922561645508,0
104.75974893569946,0
104.7597599029541,0
104.75977039337158,0
104.75978803634644,0
104.76280784606934,0
104.76280808448792,0
104.76283121109007,0
104.76488184928894,0
104.7649085521698,0
104.7649142742157,0
104.76491904258728,0
104.7673568725586,0
104.76738214492798,0
104.78322243690492,0
104.78323864936829,0
104.78324913978577,0
104.78355073928832,0
104.7835681438446,0
104.78359985351562,0
104.7845950126648,0
104.78461194038393,0
104.78584885597228,0
104.78590893745422,0
104.78676748275755,0
104.80220985412598,0
104.80224347114564,0
104.8023166656494,0
104.8173463344574,0
104.81738018989564,0
104.81738471984865,0
104.82142615318298,0
104.82146430015564,0
104.82148361206056,0
104.8239734172821,0
104.82398986816406,0
104.8240089416504,0
104.82401061058044,0
104.8249101638794,0
104.82561874389648,0
104.83047580718994,0
104.83718609809875,0
104.83744478225708,0
104.83746671676636,0
104.85711026191711,0
104.85715103149414,0
104.85720801353456,0
104.86296200752258,0
104.86320781707764,0
104.86323642730711,0
104.86517763137816,0
104.86579847335815,0
104.86581802368164,0
104.86628746986388,0
104.86658310890198,0
104.87527656555176,0
104.87530732154846,0
104.87541651725768,0
104.87543749809264,0
104.87822103500366,0
104.87826156616212,0
104.8783037662506,0
104.88015079498292,0
104.88016271591188,0
104.88047814369202,0
104.89391946792604,0
104.89395928382874,0
104.89597582817078,0
104.89600348472597,0
104.89712119102478,0
104.89716005325316,0
104.89717864990234,0
104.91741347312929,0
104.9174554347992,0
104.91746425628662,0
104.92991900444032,0
104.93731641769408,0
104.93734693527222,0
104.93736028671265,0
104.95404243469238,0
104.95406794548036,0
104.95716214179993,0
104.95724821090698,0
104.95725965499878,0
104.97726273536682,0
104.97729396820068,0
104.97732543945312,0
104.99700808525084,0
104.99704432487488,0
104.99705791473389,0
105.0171959400177,0
105.01723909378052,0
105.01725792884828,0
105.03374361991882,0
105.03381180763245,0
105.03384304046632,0
105.03399586677553,0
105.03421068191528,0
105.03429746627808,0
105.03435945510864,0
105.03632164001463,0
105.04643511772156,0
105.04648303985596,0
105.04648971557616,0
105.04669380187988,0
105.04671883583067,0
105.0467574596405,0
105.04679894447328,0
105.04859352111816,0
105.04862928390504,0
105.04864120483398,0
105.04890632629396,0
105.05021214485168,0
105.0502336025238,0
105.05024361610413,0
105.05073857307434,0
105.057523727417,0
105.05755496025084,0
105.05762767791748,0
105.06105709075928,0
105.06108355522156,0
105.06112599372864,0
105.06117343902588,0
105.06129050254822,0
105.06134629249571,0
105.0627508163452,0
105.0771951675415,0
105.07720637321472,0
105.07725143432616,0
105.09916996955872,0
105.11314964294434,0
105.11319422721864,0
105.11320900917052,0
105.12676334381104,0
105.1267786026001,0
105.12723922729492,0
105.1323823928833,0
105.13238453865053,0
105.13404750823976,0
105.13543105125429,0
105.1354603767395,0
105.13547563552856,0
105.13696908950806,0
105.13698267936708,0
105.13701629638672,0
105.14246702194214,0
105.14248132705688,0
105.14343357086182,0
105.14344644546507,0
105.14347457885742,0
105.14773416519164,0
105.14783930778503,0
105.14785361289978,0
105.1561393737793,0
105.15718340873718,0
105.16114473342896,0
105.16195917129517,0
105.1619746685028,0
105.16197514533997,0
105.16822052001952,0
105.16823410987854,0
105.16830396652222,0
105.16972422599792,0
105.16975212097168,0
105.16981863975523,0
105.17464590072632,0
105.17758250236513,0
105.18531370162964,0
105.18985795974731,0
105.1899151802063,0
105.1903178691864,0
105.19384670257568,0
105.19454979896544,0
105.19457244873048,0
105.19457483291626,0
105.198424577713,0
105.19844722747804,0
105.19846773147584,0
105.19949316978456,0
105.19954180717468,0
105.2006893157959,0
105.20095086097716,0
105.20204281806946,0
105.20561003684998,0
105.205637216568,0
105.20583367347716,0
105.21649193763731,0
105.22110342979433,0
105.221116065979,0
105.22112727165222,0
105.22113966941832,0
105.22640013694765,0
105.2264277935028,0
105.22648763656616,0
105.24340176582336,0
105.243417263031,0
105.24343276023863,0
105.24345064163208,0
105.24346494674684,0
105.24346947669984,0
105.2465603351593,0
105.24664211273192,0
105.24665689468384,0
105.24846649169922,0
105.24856901168825,0
105.24858617782591,0
105.2495574951172,0
105.26204347610474,0
105.262535572052,0
105.26255917549132,0
105.27692556381226,0
105.2769582271576,0
105.27701473236084,0
105.28079915046692,0
105.28082466125488,0
105.28083777427672,0
105.2810115814209,0
105.2825891971588,0
105.28260350227356,0
105.28402638435364,0
105.28431749343872,0
105.28452730178832,0
105.28852987289427,0
105.28858757019044,0
105.31072521209715,0
105.31076097488403,0
105.31077933311462,0
105.31769800186156,0
105.32294154167175,0
105.32332372665404,0
105.32764506340028,0
105.3276710510254,0
105.32767224311829,0
105.34603190422058,0
105.3460521697998,0
105.34615349769592,0
105.34660696983336,0
105.3466215133667,0
105.34663248062134,0
105.34664940834044,0
105.3474326133728,0
105.3477668762207,0
105.34794998168944,0
105.35866808891296,0
105.35899496078493,0
105.35946750640868,0
105.36167311668396,0
105.36198568344116,0
105.36200761795044,0
105.36202025413512,0
105.36641883850098,0
105.36641907691956,0
105.3665361404419,0
105.37484669685364,0
105.37487363815308,0
105.3754723072052,0
105.38466715812685,0
105.38469123840332,0
105.3847360610962,0
105.38918423652648,0
105.38944244384766,0
105.39085221290588,0
105.39089608192444,0
105.3923830986023,0
105.40548515319824,0
105.40563225746156,0
105.4056932926178,0
105.42687010765076,0
105.42690324783324,0
105.42691612243652,0
105.44348192214966,0
105.44495153427124,0
105.44616460800172,0
105.44645261764526,0
105.44650554656982,0
105.44676065444946,0
105.4468514919281,0
105.44733262062071,0
105.44937014579772,0
105.45080614089966,0
105.45083045959473,0
105.4508936405182,0
105.4678201675415,0
105.46783876419067,0
105.4678556919098,0
105.48929810523988,0
105.4893307685852,0
105.4895725250244,0
105.49282217025755,0
105.49562335014345,0
105.49579358100893,0
105.49581909179688,0
105.49594163894652,0
105.49796342849731,0
105.49805617332458,0
105.49807453155518,0
105.49901127815248,0
105.499027967453,0
105.49903130531312,0
105.49903440475464,0
105.50081419944765,0
105.50086998939514,0
105.50089383125304,0
105.50397562980652,0
105.50441551208496,0
105.5055284500122,0
105.50585222244264,0
105.50863265991212,0
105.50869178771973,0
105.50870895385742,0
105.51692724227904,0
105.51695418357848,0
105.51698470115662,0
105.53582954406738,0
105.53677916526794,0
105.53680491447447,0
105.53684830665588,0
105.54037594795228,0
105.54039192199708,0
105.55702996253969,0
105.55705785751344,0
105.55707097053528,0
105.5609495639801,0
105.56096768379211,0
105.5610010623932,0
105.56101560592651,0
105.56238889694214,0
105.56240367889404,0
105.5624179840088,0
105.56318402290344,0
105.57816314697266,0
105.57819175720216,0
105.57820200920104,0
105.59719324111938,0
105.5972776412964,0
105.5973482131958,0
105.59955596923828,0
105.5996515750885,0
105.6011927127838,0
105.6012110710144,0
105.6017882823944,0
105.6173722743988,0
105.61741614341736,0
105.61742234230042,0
105.61743974685668,0
105.61750030517578,0
105.6175467967987,0
105.618248462677,0
105.6182656288147,0
105.61837220191956,0
105.63708329200745,0
105.63712358474731,0
105.63715410232544,0
105.64828634262084,0
105.65115761756896,0
105.65445351600648,0
105.6578884124756,0
105.65792202949524,0
105.65797066688538,0
105.65950632095335,0
105.65970087051392,0
105.65971684455872,0
105.65978574752808,0
105.6631429195404,0
105.66349005699158,0
105.6637887954712,0
105.67745280265808,0
105.67752575874329,0
105.67754650115968,0
105.68420100212096,0
105.68427658081056,0
105.68537282943726,0
105.68542790412904,0
105.68599581718443,0
105.69704842567444,0
105.69708704948424,0
105.69710302352904,0
105.7053894996643,0
105.70544123649596,0
105.70544290542604,0
105.70545935630798,0
105.70766878128052,0
105.7080659866333,0
105.70810055732728,0
105.71269845962524,0
105.7127366065979,0
105.71275162696838,0
105.71293020248412,0
105.7156264781952,0
105.71579718589784,0
105.71582913398744,0
105.7171688079834,0
105.71720099449158,0
105.71721529960632,0
105.73081493377686,0
105.73692536354064,0
105.73695230484007,0
105.736985206604,0
105.75355529785156,0
105.75357699394226,0
105.76460933685304,0
105.76485633850098,0
105.7650625705719,0
105.76524138450624,0
105.7654230594635,0
105.76566648483276,0
105.7656786441803,0
105.7763602733612,0
105.77658820152284,0
105.77662014961244,0
105.78325891494752,0
105.78603792190552,0
105.78606367111206,0
105.78628468513487,0
105.8057758808136,0
105.80580377578735,0
105.80581974983215,0
105.81091690063477,0
105.81213474273682,0
105.8124041557312,0
105.8124177455902,0
105.81242156028748,0
105.812438249588,0
105.81390237808228,0
105.81395721435548,0
105.81463813781738,0
105.81599521636964,0
105.81865930557252,0
105.8196816444397,0
105.8264660835266,0
105.82649898529051,0
105.82651352882384,0
105.83918809890748,0
105.8486716747284,0
105.84871006011964,0
105.84874868392944,0
105.84878492355348,0
105.84882068634032,0
105.84885597229004,0
105.84889316558838,0
105.84892392158508,0
105.84895968437196,0
105.84899616241456,0
105.85141324996948,0
105.86585974693298,0
105.86588716506958,0
105.86594891548155,0
105.87959122657776,0
105.8796238899231,0
105.87966656684875,0
105.87968349456789,0
105.8816738128662,0
105.88190126419067,0
105.88193440437315,0
105.88805651664734,0
105.88808822631836,0
105.88808917999268,0
105.90980625152588,0
105.91020464897156,0
105.91023588180542,0
105.91026854515076,0
105.91033387184144,0
105.9129922389984,0
105.9130153656006,0
105.9139757156372,0
105.9163453578949,0
105.92849493026732,0
105.92852210998537,0
105.9285328388214,0
105.93628811836244,0
105.95042371749878,0
105.95045137405396,0
105.95048260688782,0
105.96195006370544,0
105.96195602416992,0
105.96309781074524,0
105.96459412574768,0
105.96579551696776,0
105.9658064842224,0
105.96582674980164,0
105.96583819389345,0
105.96585130691528,0
105.9707691669464,0
105.97079586982728,0
105.97098302841188,0
105.98038363456726,0
105.98040986061096,0
105.98081469535828,0
105.98084115982056,0
105.98355746269226,0
105.98358392715454,0
105.98360300064088,0
105.9847538471222,0
105.98812651634216,0
105.98817372322084,0
105.98837089538574,0
106.0028383731842,0
106.00424718856812,0
106.00426530838013,0
106.00429940223694,0
106.00545859336852,0
106.00558233261108,0
106.005597114563,0
106.0056653022766,0
106.0057532787323,0
106.00641465187071,0
106.00735878944396,0
106.00737738609314,0
106.00845694541933,0
106.00869488716124,0
106.0169529914856,0
106.01698303222656,0
106.01698350906372,0
106.0370945930481,0
106.0371310710907,0
106.03714513778688,0
106.0531804561615,0
106.05736994743349,0
106.05777311325072,0
106.0578134059906,0
106.07769060134888,0
106.0777325630188,0
106.07773876190186,0
106.09195351600648,0
106.09196043014526,0
106.0922486782074,0
106.09225988388062,0
106.09448409080504,0
106.09449505805968,0
106.09484696388245,0
106.09591579437256,0
106.0973551273346,0
106.0973734855652,0
106.09744000434875,0
106.10263681411745,0
106.10266304016112,0
106.11386203765868,0
106.11393022537231,0
106.11394953727722,0
106.11828660964966,0
106.11862993240356,0
106.11865425109865,0
106.13693165779114,0
106.13696551322936,0
106.13735556602478,0
106.1538097858429,0
106.15702748298644,0
106.15725326538086,0
106.15727043151855,0
106.17694425582886,0
106.17696070671082,0
106.1769711971283,0
106.18953609466551,0
106.19439435005188,0
106.19440865516664,0
106.19569683074953,0
106.19571185112,0
106.1957230567932,0
106.1957347393036,0
106.19717073440552,0
106.1971709728241,0
106.19720578193665,0
106.19881772994997,0
106.19889283180235,0
106.19889736175536,0
106.19890880584715,0
106.19895219802856,0
106.20923590660097,0
106.20925116539,0
106.21009850502014,0
106.2121045589447,0
106.21213483810423,0
106.21241354942322,0
106.21243858337402,0
106.21320652961732,0
106.21386075019836,0
106.21402502059937,0
106.21475315093994,0
106.21476888656616,0
106.2174482345581,0
106.2174792289734,0
106.21747946739195,0
106.23091912269592,0
106.23700404167175,0
106.23703598976137,0
106.23708724975586,0
106.25784134864809,0
106.2578740119934,0
106.25792169570924,0
106.25796747207642,0
106.26226997375488,0
106.26228833198547,0
106.26230311393738,0
106.26823663711548,0
106.26830101013184,0
106.26834726333618,0
106.28672885894775,0
106.2909381389618,0
106.2914183139801,0
106.2917275428772,0
106.29175972938538,0
106.29177498817444,0
106.2920424938202,0
106.29217600822447,0
106.29563164711,0
106.29576587677002,0
106.295893907547,0
106.2965714931488,0
106.29660058021544,0
106.30046057701112,0
106.30052185058594,0
106.30873680114746,0
106.30893063545228,0
106.30895352363586,0
106.32425928115843,0
106.32552337646484,0
106.32555079460144,0
106.325590133667,0
106.32660722732544,0
106.3287227153778,0
106.33602714538574,0
106.33604884147644,0
106.33712196350098,0
106.33713960647584,0
106.33715057373048,0
106.33727598190308,0
106.3499858379364,0
106.35043382644652,0
106.35043406486513,0
106.35773301124571,0
106.35774850845335,0
106.35776281356812,0
106.36272120475768,0
106.37120842933656,0
106.37147450447084,0
106.37167358398438,0
106.3776261806488,0
106.37763810157776,0
106.3776490688324,0
106.377681016922,0
106.3856875896454,0
106.38591265678406,0
106.38594675064088,0
106.40715479850768,0
106.40731263160706,0
106.40732765197754,0
106.4074215888977,0
106.40746212005617,0
106.40750122070312,0
106.40906834602356,0
106.40909552574158,0
106.4106593132019,0
106.41071319580078,0
106.411283493042,0
106.41261672973631,0
106.42706084251404,0
106.4270749092102,0
106.42708778381348,0
106.42710304260254,0
106.448627948761,0
106.4486439228058,0
106.4486620426178,0
106.44866394996644,0
106.44869256019592,0
106.44869375228882,0
106.44870376586914,0
106.4512209892273,0
106.45164322853088,0
106.4521462917328,0
106.4529356956482,0
106.45297026634216,0
106.4530725479126,0
106.45308828353882,0
106.45390963554382,0
106.45406413078308,0
106.45407295227052,0
106.46631050109865,0
106.46635556221008,0
106.4663941860199,0
106.4719033241272,0
106.47693395614624,0
106.47696805000304,0
106.47697019577026,0
106.49701476097108,0
106.49705004692078,0
106.49706530570984,0
106.51230812072754,0
106.51232814788818,0
106.51235008239746,0
106.51472401618958,0
106.5151731967926,0
106.5152096748352,0
106.5154194831848,0
106.5157299041748,0
106.51574730873108,0
106.52131724357604,0
106.52135491371156,0
106.52137088775636,0
106.52249693870544,0
106.52249884605408,0
106.52327966690063,0
106.5238983631134,0
106.52740740776062,0
106.53529620170592,0
106.53531241416933,0
106.53668022155762,0
106.53669214248656,0
106.53678488731384,0
106.53680038452148,0
106.53764367103577,0
106.5376591682434,0
106.5384922027588,0
106.55753684043884,0
106.55756640434264,0
106.5575761795044,0
106.56861782073976,0
106.56865310668944,0
106.56913876533508,0
106.57009482383728,0
106.57165455818176,0
106.57374477386476,0
106.57712054252625,0
106.57714867591858,0
106.57716274261476,0
106.585613489151,0
106.58611035346983,0
106.58653783798218,0
106.58656311035156,0
106.5871319770813,0
106.58716750144958,0
106.59151268005373,0
106.5915265083313,0
106.59153866767883,0
106.59327697753906,0
106.59330153465272,0
106.5975742340088,0
106.59760570526124,0
106.59761691093443,0
106.61691761016846,0
106.61695528030396,0
106.61697220802309,0
106.62947702407835,0
106.63735437393188,0
106.63739109039308,0
106.6374979019165,0
106.65763187408449,0
106.6576693058014,0
106.65773892402648,0
106.65921783447266,0
106.65963649749756,0
106.65998578071594,0
106.66002488136292,0
106.67702221870422,0
106.67715644836426,0
106.67715835571288,0
106.68692588806152,0
106.6869432926178,0
106.68696093559264,0
106.68757009506226,0
106.69372987747192,0
106.69615721702576,0
106.6961750984192,0
106.69663429260254,0
106.6972677707672,0
106.69729804992676,0
106.69736003875732,0
106.69840335845949,0
106.69888234138487,0
106.6999397277832,0
106.69997048377992,0
106.71716976165771,0
106.71720385551453,0
106.71726369857788,0
106.7296998500824,0
106.72973704338074,0
106.72975063323976,0
106.7303740978241,0
106.73692917823792,0
106.73695755004884,0
106.73696804046632,0
106.75744342803956,0
106.7574713230133,0
106.7574863433838,0
106.76884341239928,0
106.76897931098938,0
106.7690052986145,0
106.77057194709778,0
106.77365708351137,0
106.77381539344788,0
106.77623796463013,0
106.77735233306883,0
106.77738332748412,0
106.77740621566772,0
106.77741813659668,0
106.77825117111206,0
106.77833247184752,0
106.77885293960573,0
106.77898073196413,0
106.77915668487547,0
106.7952663898468,0
106.795752286911,0
106.7969455718994,0
106.79709267616272,0
106.79711389541626,0
106.79790306091309,0
106.80355978012084,0
106.80363416671752,0
106.80363917350768,0
106.80561923980711,0
106.80572485923769,0
106.8057610988617,0
106.80705499649048,0
106.80749106407166,0
106.80781960487366,0
106.80814552307127,0
106.8081669807434,0
106.82635354995728,0
106.82640719413756,0
106.82641220092772,0
106.83036613464355,0
106.84908723831175,0
106.84912300109865,0
106.8491394519806,0
106.85759282112122,0
106.85974502563477,0
106.85977792739868,0
106.85982656478882,0
106.86096143722534,0
106.86097884178162,0
106.86099553108215,0
106.86931705474854,0
106.8693461418152,0
106.86938786506651,0
106.8876748085022,0
106.88774394989014,0
106.88775634765624,0
106.89142632484436,0
106.90565633773804,0
106.90983653068542,0
106.90987730026244,0
106.90989422798155,0
106.91009640693665,0
106.91011428833008,0
106.9101209640503,0
106.91058874130248,0
106.9106216430664,0
106.91070795059204,0
106.91158556938171,0
106.91187715530396,0
106.9141719341278,0
106.91581273078918,0
106.92023372650146,0
106.92739033699036,0
106.9274251461029,0
106.92743754386902,0
106.93780398368835,0
106.93781232833862,0
106.9390149116516,0
106.93903803825378,0
106.93904852867126,0
106.93905997276306,0
106.940753698349,0
106.94077968597412,0
106.94082999229433,0
106.9471800327301,0
106.9472062587738,0
106.94725370407104,0
106.95664286613464,0
106.9566729068756,0
106.95667934417725,0
106.95669078826904,0
106.95961666107178,0
106.95962929725648,0
106.95964503288268,0
106.96180295944214,0
106.96753573417664,0
106.96831345558168,0
106.96832847595216,0
106.97704243659972,0
106.97706747055054,0
106.977068901062,0
107.00491189956664,0
107.0049376487732,0
107.00495290756226,0
107.0085949897766,0
107.01030993461607,0
107.01033782958984,0
107.01038479804993,0
107.01204013824464,0
107.01205897331238,0
107.01230001449584,0
107.01380705833436,0
107.01385712623596,0
107.01596593856812,0
107.01602554321288,0
107.02541399002077,0
107.02544116973876,0
107.02548336982728,0
107.02889943122864,0
107.03116583824158,0
107.03610157966614,0
107.03612041473389,0
107.03613781929016,0
107.04581546783449,0
107.04597115516664,0
107.04598355293274,0
107.06425619125366,0
107.06428050994872,0
107.0642819404602,0
107.0642921924591,0
107.06642723083496,0
107.06645441055298,0
107.06648993492126,0
107.06789350509644,0
107.0679132938385,0
107.06793165206908,0
107.07036900520325,0
107.0720238685608,0
107.07448887825012,0
107.08612108230592,0
107.08622121810912,0
107.08623456954956,0
107.103750705719,0
107.10378098487854,0
107.10379815101624,0
107.10381507873537,0
107.10673546791077,0
107.1068377494812,0
107.10686182975768,0
107.11055493354796,0
107.11055874824524,0
107.11057543754578,0
107.11063551902772,0
107.11077952384947,0
107.11079812049866,0
107.11080765724182,0
107.12796878814696,0
107.12799835205078,0
107.1280107498169,0
107.14570045471191,0
107.1457302570343,0
107.14574408531188,0
107.15345811843872,0
107.1648452281952,0
107.16488027572632,0
107.16489386558531,0
107.185120344162,0
107.18534588813782,0
107.18543076515198,0
107.19396424293518,0
107.19399070739746,0
107.19473266601562,0
107.19484329223631,0
107.19485807418825,0
107.19486951828004,0
107.19864964485168,0
107.19911646842957,0
107.1991457939148,0
107.19947934150696,0
107.20291137695312,0
107.20292735099792,0
107.20874547958374,0
107.20876932144164,0
107.20974850654602,0
107.21022534370422,0
107.21023988723756,0
107.21029663085938,0
107.2117795944214,0
107.21179485321044,0
107.21180391311646,0
107.2118067741394,0
107.21305298805235,0
107.21308827400208,0
107.21324229240416,0
107.22441792488098,0
107.22444367408752,0
107.22489047050476,0
107.2294750213623,0
107.23701310157776,0
107.23704767227171,0
107.23706030845642,0
107.26206278800964,0
107.26566767692566,0
107.26633405685423,0
107.26638865470886,0
107.26891374588013,0
107.26898694038393,0
107.26959991455078,0
107.2697160243988,0
107.27061820030212,0
107.27071642875671,0
107.27071690559389,0
107.28669762611388,0
107.28760957717896,0
107.28805375099182,0
107.28833508491516,0
107.28994750976562,0
107.28997826576231,0
107.29004693031312,0
107.29156613349916,0
107.29202055931091,0
107.2920298576355,0
107.2923231124878,0
107.29235076904295,0
107.29368567466736,0
107.29374074935912,0
107.30845761299132,0
107.30848550796507,0
107.30849719047546,0
107.324298620224,0
107.32529640197754,0
107.3253252506256,0
107.32533502578735,0
107.3394525051117,0
107.33946776390076,0
107.3409652709961,0
107.34097957611084,0
107.340989112854,0
107.34104490280151,0
107.34390926361084,0
107.34391260147096,0
107.3439199924469,0
107.34515380859376,0
107.34517240524292,0
107.34521961212158,0
107.36738061904909,0
107.36740779876708,0
107.3674590587616,0
107.38400030136108,0
107.384929895401,0
107.38584303855896,0
107.38759231567384,0
107.3876178264618,0
107.38766312599182,0
107.40542912483215,0
107.4054663181305,0
107.40622115135191,0
107.41104507446288,0
107.41125392913818,0
107.41127347946168,0
107.4112901687622,0
107.4134726524353,0
107.41349411010742,0
107.4135081768036,0
107.41381764411926,0
107.41401886940002,0
107.41595554351808,0
107.41596722602844,0
107.4168462753296,0
107.42208623886108,0
107.42704796791077,0
107.42707848548888,0
107.42834401130676,0
107.42845010757446,0
107.43195128440856,0
107.44588446617126,0
107.44591069221497,0
107.44594502449036,0
107.46143507957458,0
107.46146368980408,0
107.4615523815155,0
107.46157002449036,0
107.46406841278076,0
107.46420121192932,0
107.46421313285828,0
107.46629452705383,0
107.46631455421448,0
107.4663245677948,0
107.46632790565492,0
107.46633625030518,0
107.46640825271606,0
107.46641683578493,0
107.46878600120544,0
107.4688115119934,0
107.46881580352785,0
107.4860053062439,0
107.4860360622406,0
107.48606848716736,0
107.48957514762878,0
107.49476766586304,0
107.49478840827942,0
107.49480319023132,0
107.4948182106018,0
107.49722146987916,0
107.49846053123474,0
107.49850368499756,0
107.49854445457458,0
107.49858617782591,0
107.49862933158876,0
107.49966073036194,0
107.4998688697815,0
107.50067234039308,0
107.50092363357544,0
107.50385022163393,0
107.51704025268556,0
107.517080783844,0
107.51709604263306,0
107.52349638938904,0
107.52351093292236,0
107.52458834648132,0
107.52484893798828,0
107.52486443519592,0
107.52489399909972,0
107.5263683795929,0
107.52647852897644,0
107.5265486240387,0
107.5306510925293,0
107.53689575195312,0
107.5369234085083,0
107.55774140357973,0
107.55789518356325,0
107.5579104423523,0
107.55792212486269,0
107.55867505073547,0
107.55870175361632,0
107.55904722213744,0
107.56095504760742,0
107.56096720695496,0
107.56125020980836,0
107.5776345729828,0
107.57766151428224,0
107.57784032821657,0
107.59395170211792,0
107.59396862983704,0
107.5940237045288,0
107.59406232833862,0
107.5967390537262,0
107.59676146507265,0
107.5971028804779,0
107.6142966747284,0
107.61700391769408,0
107.61700916290285,0
107.61704182624815,0
107.63737630844116,0
107.63740229606628,0
107.63745641708374,0
107.63750314712524,0
107.63952541351318,0
107.6395480632782,0
107.63991451263428,0
107.64221739768982,0
107.6422426700592,0
107.64286828041077,0
107.650710105896,0
107.65698337554932,0
107.65702033042908,0
107.65711116790771,0
107.67622685432434,0
107.67644953727722,0
107.67647218704224,0
107.67648029327393,0
107.6776750087738,0
107.6777093410492,0
107.67770957946776,0
107.6976728439331,0
107.697692155838,0
107.69796252250671,0
107.70714783668518,0
107.70722842216492,0
107.70753073692322,0
107.71552729606628,0
107.71555590629578,0
107.715594291687,0
107.71562719345091,0
107.7156858444214,0
107.71574091911316,0
107.7158100605011,0
107.7158501148224,0
107.71587109565736,0
107.71595907211304,0
107.716002702713,0
107.71728539466858,0
107.71730756759644,0
107.71737670898438,0
107.7186233997345,0
107.72392225265504,0
107.72440481185912,0
107.7373411655426,0
107.73738074302672,0
107.73739457130432,0
107.7486572265625,0
107.74868535995483,0
107.74876236915588,0
107.74877858161926,0
107.75189924240112,0
107.75191974639893,0
107.7526204586029,0
107.75302839279176,0
107.7624852657318,0
107.76253151893616,0
107.76530075073242,0
107.76531839370728,0
107.76588821411131,0
107.768239736557,0
107.7682683467865,0
107.76829195022584,0
107.76831340789796,0
107.76832795143127,0
107.7683413028717,0
107.76835441589355,0
107.77840828895567,0
107.77841210365295,0
107.78030467033386,0
107.78031802177428,0
107.780987739563,0
107.78813195228577,0
107.78815984725952,0
107.78817081451416,0
107.7966775894165,0
107.798241853714,0
107.798255443573,0
107.798269033432,0
107.79838275909424,0
107.79843020439148,0
107.7984607219696,0
107.80652260780334,0
107.80655002593994,0
107.80656147003174,0
107.82623243331908,0
107.82627367973328,0
107.8274130821228,0
107.8399646282196,0
107.84716176986694,0
107.8472182750702,0
107.8472352027893,0
107.84730648994446,0
107.84734654426576,0
107.84738445281982,0
107.847403049469,0
107.8495934009552,0
107.849627494812,0
107.8496413230896,0
107.8628273010254,0
107.86542630195618,0
107.86852931976318,0
107.86855912208556,0
107.8686225414276,0
107.869234085083,0
107.88508868217468,0
107.8851556777954,0
107.88519310951231,0
107.90295124053956,0
107.90297484397888,0
107.90307211875916,0
107.903094291687,0
107.90832209587096,0
107.90834188461304,0
107.90842318534852,0
107.90847206115724,0
107.90852737426758,0
107.91251063346864,0
107.91254353523254,0
107.91255760192873,0
107.91306591033936,0
107.91322088241576,0
107.92652368545532,0
107.92678594589232,0
107.92680621147156,0
107.92688465118408,0
107.9281005859375,0
107.92820644378662,0
107.92844724655151,0
107.92924332618712,0
107.92927050590517,0
107.92928528785706,0
107.93004250526428,0
107.93988609313963,0
107.94020175933838,0
107.94162631034852,0
107.94255661964417,0
107.9433708190918,0
107.9436535835266,0
107.94422006607056,0
107.9444408416748,0
107.9447898864746,0
107.94730877876282,0
107.94733309745789,0
107.94740414619446,0
107.95159554481506,0
107.9527747631073,0
107.95789051055908,0
107.95791935920715,0
107.95841073989868,0
107.97343564033508,0
107.98407030105592,0
107.9840967655182,0
107.98410773277284,0
108.00073432922365,0
108.00074815750122,0
108.00075936317444,0
108.00077080726624,0
108.00320148468018,0
108.00320506095886,0
108.0032148361206,0
108.00453996658324,0
108.00458931922913,0
108.00616216659546,0
108.00619339942932,0
108.00625467300416,0
108.00629115104675,0
108.00641560554504,0
108.02533292770386,0
108.02535843849182,0
108.0253973007202,0
108.03908801078796,0
108.04819512367249,0
108.04822444915771,0
108.0482451915741,0
108.06802773475648,0
108.0680603981018,0
108.0681083202362,0
108.06988906860352,0
108.06993317604064,0
108.07000708580016,0
108.0707654953003,0
108.0725963115692,0
108.07261276245116,0
108.07268214225768,0
108.07385516166688,0
108.07589530944824,0
108.07856154441832,0
108.08806777000429,0
108.08808255195618,0
108.0880994796753,0
108.0906720161438,0
108.0906856060028,0
108.090758562088,0
108.09077668190002,0
108.09849786758424,0
108.09852981567384,0
108.09857606887816,0
108.10031604766846,0
108.10035061836244,0
108.10161566734314,0
108.10182666778564,0
108.10741353034972,0
108.10746169090272,0
108.10747289657591,0
108.12434577941896,0
108.12437272071838,0
108.1243839263916,0
108.13036155700684,0
108.14421820640564,0
108.14424467086792,0
108.14425492286682,0
108.16452431678772,0
108.16455364227296,0
108.1645622253418,0
108.18165850639345,0
108.18168377876282,0
108.1847438812256,0
108.18477153778076,0
108.184805393219,0
108.1848645210266,0
108.18545889854433,0
108.18548321723938,0
108.18549394607544,0
108.18795371055604,0
108.18797779083252,0
108.18814897537231,0
108.19006299972534,0
108.19007778167725,0
108.19008946418762,0
108.19011664390564,0
108.19847464561462,0
108.19871020317078,0
108.19888401031494,0
108.19923448562622,0
108.20501613616943,0
108.20504236221312,0
108.20506572723389,0
108.21704244613647,0
108.21708583831789,0
108.21709942817688,0
108.21758961677553,0
108.21762037277222,0
108.21819138526917,0
108.21820759773254,0
108.21975207328796,0
108.23191714286804,0
108.24662637710573,0
108.24665927886964,0
108.24672389030457,0
108.2712812423706,0
108.27130556106567,0
108.27137231826782,0
108.27141785621644,0
108.27149510383606,0
108.27154207229614,0
108.27160835266112,0
108.2730004787445,0
108.27301669120789,0
108.2732594013214,0
108.2755651473999,0
108.27742171287537,0
108.28828835487366,0
108.28831243515016,0
108.28837323188782,0
108.29019808769226,0
108.3015296459198,0
108.30156016349792,0
108.30157613754272,0
108.30168128013612,0
108.30556011199953,0
108.30557608604433,0
108.30561757087708,0
108.30807304382324,0
108.30815887451172,0
108.30902624130248,0
108.30905413627625,0
108.30906558036804,0
108.30923342704772,0
108.30928158760072,0
108.31454849243164,0
108.33048844337463,0
108.33049941062929,0
108.33053040504456,0
108.34225869178772,0
108.34228992462158,0
108.34234404563904,0
108.3473777770996,0
108.3477075099945,0
108.34865069389345,0
108.3486738204956,0
108.34905219078064,0
108.34907913208008,0
108.3502025604248,0
108.35021448135376,0
108.35031461715698,0
108.35118556022644,0
108.3533673286438,0
108.35637593269348,0
108.35778641700745,0
108.36218976974487,0
108.36221671104433,0
108.3622341156006,0
108.38166761398315,0
108.38245940208436,0
108.38247871398926,0
108.3824896812439,0
108.3869354724884,0
108.38694667816162,0
108.38695859909058,0
108.3870403766632,0
108.38901996612547,0
108.3891007900238,0
108.3892593383789,0
108.39895296096802,0
108.39898204803468,0
108.4006085395813,0
108.40062427520752,0
108.40170049667358,0
108.40177536010742,0
108.40178799629211,0
108.40297484397888,0
108.40300250053406,0
108.40300917625429,0
108.40301370620728,0
108.40397906303406,0
108.40400290489195,0
108.40409898757936,0
108.42115998268127,0
108.42119455337524,0
108.42126083374023,0
108.43170285224916,0
108.436989068985,0
108.43735957145692,0
108.43742775917052,0
108.46529126167296,0
108.4653103351593,0
108.46532940864564,0
108.46542501449584,0
108.4727668762207,0
108.47321128845216,0
108.47324752807616,0
108.47360873222352,0
108.47379565238953,0
108.47466015815736,0
108.48651194572447,0
108.48739433288574,0
108.48740673065186,0
108.48882150650024,0
108.49342274665833,0
108.49364256858826,0
108.49365758895874,0
108.4938907623291,0
108.50446248054504,0
108.50448036193848,0
108.50449538230896,0
108.508318901062,0
108.50833463668825,0
108.50834727287292,0
108.5095067024231,0
108.50955653190611,0
108.5111939907074,0
108.5112326145172,0
108.5138189792633,0
108.51403069496156,0
108.52122712135316,0
108.52704763412476,0
108.5270745754242,0
108.52712321281432,0
108.5367341041565,0
108.5367579460144,0
108.53838777542114,0
108.538400888443,0
108.5384476184845,0
108.53846168518066,0
108.54155802726746,0
108.54209923744202,0
108.542142868042,0
108.54476261138916,0
108.5447895526886,0
108.5449104309082,0
108.55200123786926,0
108.56401801109314,0
108.5640468597412,0
108.56405758857728,0
108.57494783401488,0
108.57497072219849,0
108.57500171661376,0
108.57522869110107,0
108.57800126075745,0
108.57801294326782,0
108.58712673187256,0
108.58715963363647,0
108.58717322349548,0
108.58718466758728,0
108.59218788146973,0
108.59240794181824,0
108.59526467323305,0
108.59528017044067,0
108.60431122779846,0
108.604341506958,0
108.60435509681702,0
108.6149206161499,0
108.61648964881896,0
108.62641978263856,0
108.62645363807678,0
108.6264991760254,0
108.63477301597597,0
108.64489436149596,0
108.6449191570282,0
108.64496064186096,0
108.66313695907591,0
108.66326594352722,0
108.6632936000824,0
108.66627240180968,0
108.66627764701845,0
108.66628909111024,0
108.66629314422607,0
108.66636109352112,0
108.6665027141571,0
108.66652178764345,0
108.66653680801392,0
108.6666784286499,0
108.66673874855042,0
108.666757106781,0
108.66778516769408,0
108.66784381866456,0
108.6678957939148,0
108.68188905715942,0
108.68671107292175,0
108.68686938285828,0
108.68688344955444,0
108.68692135810852,0
108.6870129108429,0
108.6870231628418,0
108.68703722953796,0
108.68788242340088,0
108.68792724609376,0
108.6879620552063,0
108.69651007652284,0
108.69654250144958,0
108.69657707214355,0
108.69662737846376,0
108.69708228111269,0
108.69714069366456,0
108.69736695289612,0
108.71692371368408,0
108.7170045375824,0
108.71702671051024,0
108.73170018196106,0
108.73707962036131,0
108.73712348937988,0
108.73722791671752,0
108.75741195678712,0
108.75746083259584,0
108.75748229026794,0
108.76634883880617,0
108.76684832572936,0
108.77363276481628,0
108.77592825889587,0
108.77722692489624,0
108.77725887298584,0
108.77725982666016,0
108.77932214736938,0
108.7797029018402,0
108.78097581863403,0
108.78147459030151,0
108.78372597694396,0
108.78736877441406,0
108.78807091712952,0
108.78860116004944,0
108.7958641052246,0
108.79717803001404,0
108.79718017578124,0
108.7971887588501,0
108.7982850074768,0
108.79990363121031,0
108.8004071712494,0
108.801500082016,0
108.8020977973938,0
108.80249547958374,0
108.81697130203248,0
108.81700801849364,0
108.81708312034608,0
108.8185648918152,0
108.81859636306764,0
108.82033324241638,0
108.82038950920104,0
108.83516097068788,0
108.8373908996582,0
108.83742928504944,0
108.83744883537292,0
108.84092807769775,0
108.8413417339325,0
108.84136390686037,0
108.84138131141664,0
108.8558065891266,0
108.85583782196044,0
108.85636353492735,0
108.8571960926056,0
108.85763549804688,0
108.8580093383789,0
108.85977268218994,0
108.87720012664796,0
108.87723302841188,0
108.8772518634796,0
108.88449621200562,0
108.88451719284058,0
108.88515973091124,0
108.88518691062929,0
108.88996148109436,0
108.89000296592712,0
108.8900876045227,0
108.89109182357788,0
108.89110779762268,0
108.89491581916808,0
108.8969383239746,0
108.89702010154724,0
108.89736413955688,0
108.89739179611206,0
108.89914321899414,0
108.89919781684875,0
108.89920258522034,0
108.89922547340392,0
108.90076804161072,0
108.90125131607056,0
108.90251922607422,0
108.91758942604064,0
108.91761565208436,0
108.91763305664062,0
108.9311158657074,0
108.93495512008668,0
108.942852973938,0
108.9455909729004,0
108.94560933113098,0
108.94814038276672,0
108.94816279411316,0
108.94816780090332,0
108.95105743408205,0
108.9517307281494,0
108.95224523544312,0
108.9522762298584,0
108.9535481929779,0
108.95359134674072,0
108.95368123054504,0
108.95453906059264,0
108.97218370437622,0
108.97234082221983,0
108.97236275672913,0
108.98829197883606,0
108.98831844329834,0
108.99208045005798,0
108.9924943447113,0
108.99251794815063,0
108.99252820014954,0
108.9954273700714,0
108.99550795555116,0
108.99552488327026,0
108.99558901786804,0
108.99560570716858,0
109.00015807151794,0
109.00020813941956,0
109.0008466243744,0
109.00238132476808,0
109.00395345687866,0
109.00397610664368,0
109.00402545928956,0
109.02278137207033,0
109.02837204933168,0
109.02840399742126,0
109.0284640789032,0
109.03988361358644,0
109.0409140586853,0
109.04094004631042,0
109.04102993011476,0
109.04135656356812,0
109.04144597053528,0
109.0414695739746,0
109.0493710041046,0
109.04940605163574,0
109.04994893074036,0
109.06937170028688,0
109.06980037689208,0
109.06983160972597,0
109.08656644821168,0
109.08985209465028,0
109.0898802280426,0
109.08992171287537,0
109.0910186767578,0
109.09232497215272,0
109.09316730499268,0
109.09323382377625,0
109.09360074996948,0
109.09365153312685,0
109.09365510940552,0
109.09396815299988,0
109.09397387504578,0
109.09772801399232,0
109.09791588783264,0
109.09908270835876,0
109.10034918785097,0
109.10848140716551,0
109.10851168632507,0
109.1089322566986,0
109.11254596710204,0
109.12779712677002,0
109.12783479690552,0
109.12785053253174,0
109.14374041557312,0
109.14377975463869,0
109.14595985412598,0
109.1486430168152,0
109.14868068695068,0
109.14886689186096,0
109.15095114707948,0
109.15097141265868,0
109.1510329246521,0
109.15105724334715,0
109.15112733840942,0
109.15114331245422,0
109.15116620063782,0
109.1526379585266,0
109.1526734828949,0
109.15274214744568,0
109.1544280052185,0
109.15447068214417,0
109.15462374687196,0
109.15532946586607,0
109.16783595085144,0
109.16787028312685,0
109.16793632507324,0
109.17576360702516,0
109.17578053474426,0
109.17579245567322,0
109.17583107948305,0
109.17849540710448,0
109.17852783203124,0
109.17853951454164,0
109.1969780921936,0
109.19702005386353,0
109.19705152511597,0
109.21695232391356,0
109.21697664260864,0
109.21699643135072,0
109.22133708000185,0
109.22133874893188,0
109.2213785648346,0
109.2227749824524,0
109.22279691696168,0
109.22431230545044,0
109.22434449195862,0
109.23188185691832,0
109.2328360080719,0
109.23702216148376,0
109.23708033561708,0
109.23713231086732,0
109.25734996795654,0
109.25735449790956,0
109.25739622116087,0
109.26010704040527,0
109.26042485237122,0
109.26078414916992,0
109.26080751419067,0
109.2669231891632,0
109.26694941520692,0
109.26701855659483,0
109.27727818489076,0
109.27750253677368,0
109.27756810188292,0
109.27760004997252,0
109.28300595283508,0
109.28312754631042,0
109.2831449508667,0
109.28315830230711,0
109.29715418815611,0
109.297194480896,0
109.2972686290741,0
109.30221915245056,0
109.30224680900574,0
109.3034508228302,0
109.30452704429626,0
109.30459523200987,0
109.30741357803343,0
109.30775141716003,0
109.3176896572113,0
109.3177878856659,0
109.31793880462646,0
109.33156275749208,0
109.33158802986144,0
109.33514261245728,0
109.33742952346802,0
109.33747053146362,0
109.33757638931274,0
109.34496879577635,0
109.34510278701782,0
109.36074304580688,0
109.36084008216858,0
109.360919713974,0
109.36101984977722,0
109.36134052276611,0
109.36137294769289,0
109.36139631271362,0
109.36521410942078,0
109.36523962020874,0
109.3676323890686,0
109.3680510520935,0
109.3774528503418,0
109.37749338150024,0
109.37788701057434,0
109.38237476348876,0
109.38451957702635,0
109.39689207077026,0
109.39692187309264,0
109.39693522453308,0
109.40706419944765,0
109.40709924697876,0
109.40729236602785,0
109.40731596946716,0
109.4111716747284,0
109.41121459007265,0
109.41146779060364,0
109.41330909729004,0
109.4133551120758,0
109.41737413406372,0
109.41738104820251,0
109.41989088058472,0
109.41993522644044,0
109.41995668411256,0
109.42000699043274,0
109.42003393173218,0
109.42005109786987,0
109.42006707191469,0
109.42086625099182,0
109.42104148864746,0
109.42107725143433,0
109.43709874153136,0
109.43735885620116,0
109.43745017051695,0
109.44833254814148,0
109.45719957351685,0
109.45756793022156,0
109.45835399627686,0
109.4583978652954,0
109.46296548843384,0
109.46301126480104,0
109.46910667419434,0
109.46912479400636,0
109.46914291381836,0
109.4692211151123,0
109.47859358787537,0
109.479816198349,0
109.47997212409972,0
109.48038387298584,0
109.49748635292052,0
109.49756956100464,0
109.49765276908876,0
109.5018060207367,0
109.50182843208312,0
109.50190424919128,0
109.50195908546448,0
109.504944562912,0
109.50495839118958,0
109.50531911849976,0
109.50607776641846,0
109.506117105484,0
109.50921034812929,0
109.5097427368164,0
109.5127387046814,0
109.51763343811037,0
109.51771402359007,0
109.51776504516602,0
109.53730821609496,0
109.53736329078674,0
109.53776931762695,0
109.5453155040741,0
109.54532384872437,0
109.5476896762848,0
109.54834938049316,0
109.5484082698822,0
109.54843211174013,0
109.55376386642456,0
109.5538685321808,0
109.55425930023192,0
109.55723905563354,0
109.55727887153624,0
109.55743145942688,0
109.55770015716551,0
109.57944750785828,0
109.57948088645936,0
109.57950162887572,0
109.59713339805604,0
109.5971348285675,0
109.5971667766571,0
109.60229992866516,0
109.60321807861328,0
109.60327053070068,0
109.60328912734984,0
109.60523724555968,0
109.60587358474731,0
109.60589265823364,0
109.6070511341095,0
109.6070945262909,0
109.60897469520567,0
109.60901165008544,0
109.6145956516266,0
109.6172924041748,0
109.6173288822174,0
109.6174292564392,0
109.61784410476685,0
109.61856436729433,0
109.63722324371338,0
109.6372845172882,0
109.63730311393738,0
109.65094423294067,0
109.65096259117126,0
109.65097427368164,0
109.65108466148376,0
109.6561884880066,0
109.65622758865356,0
109.65699672698976,0
109.65829420089722,0
109.65833806991576,0
109.65844583511353,0
109.66310214996338,0
109.66312503814696,0
109.66314172744752,0
109.663161277771,0
109.66356658935548,0
109.66359543800354,0
109.66361403465272,0
109.67248511314392,0
109.67256140708923,0
109.6739194393158,0
109.6773715019226,0
109.67739033699036,0
109.67741012573242,0
109.67783904075624,0
109.68941736221312,0
109.69762134552002,0
109.69768714904784,0
109.69770216941832,0
109.69839239120483,0
109.69841647148132,0
109.69911789894104,0
109.69914841651917,0
109.69917464256288,0
109.6991868019104,0
109.69922065734865,0
109.70176911354064,0
109.7017891407013,0
109.7022225856781,0
109.70227217674255,0
109.71713829040527,0
109.71718001365662,0
109.71725463867188,0
109.73560571670532,0
109.73786759376526,0
109.73791551589966,0
109.7379825115204,0
109.75696921348572,0
109.75698828697205,0
109.75779032707214,0
109.75782918930054,0
109.75809359550476,0
109.75953459739684,0
109.7595829963684,0
109.75959968566896,0
109.7596173286438,0
109.76239585876463,0
109.76242184638976,0
109.76249408721924,0
109.77252507209778,0
109.7776379585266,0
109.77764129638672,0
109.77766156196594,0
109.7971544265747,0
109.797189950943,0
109.79720711708067,0
109.7972240447998,0
109.79723024368286,0
109.79998064041138,0
109.7999987602234,0
109.81189060211182,0
109.81807112693788,0
109.81808161735536,0
109.818195104599,0
109.8380036354065,0
109.83805465698242,0
109.83820223808289,0
109.84119820594788,0
109.84122705459596,0
109.84130692481996,0
109.8413712978363,0
109.8473024368286,0
109.847323179245,0
109.84748840332033,0
109.84783959388731,0
109.8572759628296,0
109.8573727607727,0
109.8573944568634,0
109.86298537254332,0
109.86303448677064,0
109.8631317615509,0
109.86319255828856,0
109.87072014808656,0
109.87088084220886,0
109.87091159820557,0
109.8709774017334,0
109.87100625038148,0
109.8710253238678,0
109.87111926078796,0
109.87326955795288,0
109.873304605484,0
109.873309135437,0
109.87750434875488,0
109.87754130363464,0
109.87754654884338,0
109.89374995231628,0
109.89391827583312,0
109.89707207679749,0
109.8971312046051,0
109.89716696739195,0
109.91640043258668,0
109.91648864746094,0
109.91745328903198,0
109.9175009727478,0
109.91768550872804,0
109.91928815841676,0
109.93885374069214,0
109.93891406059264,0
109.93904614448547,0
109.9433262348175,0
109.94370412826538,0
109.94603633880617,0
109.94690799713136,0
109.94699907302856,0
109.94702696800232,0
109.95237851142883,0
109.95286750793456,0
109.95311570167542,0
109.95758366584778,0
109.95792770385742,0
109.95837473869324,0
109.97758078575134,0
109.97763633728027,0
109.97908020019533,0
109.98543119430542,0
109.9940586090088,0
109.99550437927246,0
109.99582529067992,0
109.99633979797365,0
109.99707889556883,0
109.9971158504486,0
109.99716329574584,0
110.008234500885,0
110.00884675979614,0
110.0088722705841,0
110.0096845626831,0
110.0127730369568,0
110.01397585868835,0
110.01401972770692,0
110.01655507087708,0
110.01656579971312,0
110.01787090301514,0
110.01791334152222,0
110.017972946167,0
110.0202090740204,0
110.0370762348175,0
110.03712058067322,0
110.03713750839232,0
110.04123950004578,0
110.0414526462555,0
110.04152941703796,0
110.04158234596252,0
110.04292893409728,0
110.04300808906557,0
110.04302906990053,0
110.0443160533905,0
110.05800533294678,0
110.05806970596312,0
110.0580940246582,0
110.060204744339,0
110.06022953987122,0
110.060302734375,0
110.06081414222716,0
110.06521105766296,0
110.06525135040285,0
110.06560063362122,0
110.06617283821106,0
110.077228307724,0
110.07726979255676,0
110.07736420631409,0
110.08808588981628,0
110.0921003818512,0
110.09216403961182,0
110.09438061714172,0
110.0944082736969,0
110.09530568122864,0
110.09819889068604,0
110.09821152687071,0
110.098228931427,0
110.1105809211731,0
110.11062049865724,0
110.11064004898073,0
110.1107108592987,0
110.11146235466003,0
110.11147975921632,0
110.11180639266968,0
110.11291742324828,0
110.11295223236084,0
110.11308813095091,0
110.11339902877808,0
110.11343598365784,0
110.11360383033752,0
110.1136281490326,0
110.11669826507568,0
110.11700177192688,0
110.11703181266785,0
110.11707901954652,0
110.1189103126526,0
110.13761591911316,0
110.13766479492188,0
110.13768243789671,0
110.13849258422852,0
110.14370727539062,0
110.14398169517516,0
110.14528369903564,0
110.14532327651978,0
110.14534163475037,0
110.14539790153503,0
110.15873551368712,0
110.15875935554504,0
110.15885663032532,0
110.15885972976685,0
110.1588842868805,0
110.15888857841492,0
110.16076278686523,0
110.17839646339417,0
110.17844581604004,0
110.17846608161926,0
110.19845819473268,0
110.1984748840332,0
110.1984884738922,0
110.19851279258728,0
110.1991891860962,0
110.1992163658142,0
110.19922924041748,0
110.2017502784729,0
110.20327043533324,0
110.20330572128296,0
110.20342469215392,0
110.20344090461732,0
110.20551228523254,0
110.2055287361145,0
110.20671439170836,0
110.21704912185668,0
110.2171187400818,0
110.21714472770692,0
110.23007559776306,0
110.2371768951416,0
110.23717713356018,0
110.23721718788148,0
110.25707530975342,0
110.25712084770204,0
110.2571485042572,0
110.27976298332214,0
110.27981758117676,0
110.27989506721497,0
110.28994035720824,0
110.2899796962738,0
110.29033517837524,0
110.29040956497192,0
110.29276061058044,0
110.29285407066344,0
110.29288339614868,0
110.29460668563844,0
110.29782104492188,0
110.29785799980164,0
110.29979610443117,0
110.30639719963074,0
110.30644059181212,0
110.30653738975523,0
110.3065812587738,0
110.30691599845886,0
110.31587815284728,0
110.31710958480836,0
110.317152261734,0
110.31721210479736,0
110.33741044998168,0
110.33756947517396,0
110.33961749076845,0
110.3409378528595,0
110.34863710403442,0
110.3498158454895,0
110.3503918647766,0
110.35109353065492,0
110.35113883018494,0
110.35124278068542,0
110.3549473285675,0
110.35551738739014,0
110.35584259033205,0
110.35767912864684,0
110.35775828361513,0
110.35782861709596,0
110.3581190109253,0
110.3582067489624,0
110.35849714279176,0
110.35852193832396,0
110.38309931755066,0
110.3831832408905,0
110.3832461833954,0
110.39230060577393,0
110.39247417449953,0
110.39250946044922,0
110.39270520210266,0
110.39763379096983,0
110.39767217636108,0
110.39772868156432,0
110.40580558776855,0
110.40603470802309,0
110.40618300437929,0
110.40623068809508,0
110.4084255695343,0
110.40854239463806,0
110.40871524810792,0
110.40928077697754,0
110.40930414199828,0
110.4104654788971,0
110.41050910949708,0
110.41682243347168,0
110.4168496131897,0
110.41719794273376,0
110.43735694885254,0
110.4375581741333,0
110.43758249282835,0
110.4449155330658,0
110.44980764389038,0
110.45023822784424,0
110.45043635368349,0
110.45045638084412,0
110.45148539543152,0
110.4518928527832,0
110.4520227909088,0
110.45252537727356,0
110.45487308502196,0
110.45823884010316,0
110.45827054977416,0
110.45827269554138,0
110.47702932357788,0
110.47706961631776,0
110.47708654403688,0
110.48142147064208,0
110.48831677436829,0
110.48925495147704,0
110.4893090724945,0
110.48943090438844,0
110.48946642875671,0
110.48996305465698,0
110.49003744125366,0
110.49761128425598,0
110.49775385856628,0
110.49851059913637,0
110.49896550178528,0
110.49903464317322,0
110.4990656375885,0
110.49919414520264,0
110.51714324951172,0
110.51720190048218,0
110.517231464386,0
110.5319001674652,0
110.53712272644044,0
110.53716802597046,0
110.53727340698242,0
110.55962896347046,0
110.55968976020812,0
110.55977129936218,0
110.5645923614502,0
110.56490778923036,0
110.57003617286682,0
110.57036352157591,0
110.57271265983582,0
110.57272100448608,0
110.57317471504211,0
110.57355403900146,0
110.57377743721008,0
110.57756185531616,0
110.57760787010191,0
110.57761263847352,0
110.58915662765504,0
110.59706616401672,0
110.59707903862,0
110.59743332862854,0
110.59745860099792,0
110.59746503829956,0
110.59747409820557,0
110.59748816490172,0
110.59749484062196,0
110.59811854362488,0
110.60255312919617,0
110.602600812912,0
110.602618932724,0
110.60275077819824,0
110.6028926372528,0
110.60542917251588,0
110.6054322719574,0
110.6056787967682,0
110.6056911945343,0
110.60714221000671,0
110.60717415809631,0
110.60732293128969,0
110.61242818832396,0
110.6127417087555,0
110.61685633659364,0
110.61691164970398,0
110.61699032783508,0
110.63173508644104,0
110.63702154159546,0
110.63705682754517,0
110.63708066940308,0
110.65794730186462,0
110.65798211097716,0
110.65798687934875,0
110.6583535671234,0
110.65875935554504,0
110.6587851047516,0
110.65880465507507,0
110.67989945411682,0
110.67989993095398,0
110.6799623966217,0
110.69046783447266,0
110.69047212600708,0
110.69048929214478,0
110.69437575340272,0
110.69703435897829,0
110.69703578948976,0
110.69791102409364,0
110.69831776618958,0
110.70263481140135,0
110.70685863494872,0
110.70688676834106,0
110.70689940452576,0
110.70691204071044,0
110.71161770820618,0
110.71185278892516,0
110.71359658241272,0
110.71364188194276,0
110.71689176559448,0
110.71692419052124,0
110.71696090698242,0
110.7378315925598,0
110.73787569999696,0
110.73789620399477,0
110.74298334121704,0
110.75704431533812,0
110.75708603858948,0
110.75718474388124,0
110.76564407348631,0
110.7656557559967,0
110.76819920539856,0
110.76831865310668,0
110.76847290992735,0
110.76850175857544,0
110.77307868003844,0
110.77391624450684,0
110.77458477020264,0
110.78122878074646,0
110.78331971168518,0
110.78341507911682,0
110.78674221038818,0
110.78935742378236,0
110.7909939289093,0
110.79139471054076,0
110.7917983531952,0
110.79741668701172,0
110.79745030403136,0
110.79754734039308,0
110.80276274681091,0
110.80379867553712,0
110.80386686325072,0
110.80394554138184,0
110.8040211200714,0
110.80559015274048,0
110.80570435523988,0
110.80781841278076,0
110.80798411369324,0
110.81704306602478,0
110.81728649139404,0
110.81734442710876,0
110.83478426933289,0
110.83712673187256,0
110.83721733093262,0
110.83723783493042,0
110.84062480926514,0
110.84309816360474,0
110.84348559379578,0
110.84364819526672,0
110.8573281764984,0
110.8573670387268,0
110.8573682308197,0
110.85852646827698,0
110.8588056564331,0
110.85893177986144,0
110.86244440078735,0
110.8624620437622,0
110.86248517036438,0
110.86250114440918,0
110.86359214782716,0
110.86361789703368,0
110.86363196372986,0
110.87218713760376,0
110.8825330734253,0
110.88262057304382,0
110.88267993927002,0
110.8972909450531,0
110.89732599258424,0
110.8973834514618,0
110.90469074249268,0
110.90491890907288,0
110.90524196624756,0
110.9052677154541,0
110.90794110298155,0
110.90838313102722,0
110.90866470336914,0
110.9089047908783,0
110.90892243385316,0
110.91646242141724,0
110.9165382385254,0
110.918288230896,0
110.91832995414734,0
110.91842699050903,0
110.9201431274414,0
110.93725514411926,0
110.9372923374176,0
110.9374589920044,0
110.9408242702484,0
110.94084334373474,0
110.94560146331789,0
110.94562673568726,0
110.9457631111145,0
110.94578671455383,0
110.94601321220398,0
110.94628620147704,0
110.94630837440492,0
110.94722127914427,0
110.95729398727416,0
110.95732617378236,0
110.95788145065308,0
110.961576461792,0
110.9642596244812,0
110.97703051567078,0
110.97705721855164,0
110.97706866264345,0
110.97709369659424,0
110.9771490097046,0
110.97720074653624,0
110.977233171463,0
110.97826027870178,0
110.97828483581544,0
110.9783012866974,0
110.99204635620116,0
110.99226832389832,0
110.9949676990509,0
110.9949688911438,0
110.99689292907716,0
110.9970645904541,0
110.99706625938416,0
111.01687145233154,0
111.01689863204956,0
111.01691961288452,0
111.0369312763214,0
111.0369508266449,0
111.03717160224916,0
111.0436511039734,0
111.049311876297,0
111.0493426322937,0
111.04941153526306,0
111.04946398735046,0
111.05129718780518,0
111.05131578445436,0
111.0513355731964,0
111.05250549316406,0
111.05358457565308,0
111.05698108673096,0
111.05698657035828,0
111.05702185630798,0
111.0736129283905,0
111.07780170440674,0
111.07785296440125,0
111.07804369926453,0
111.09724712371826,0
111.09734010696413,0
111.0973846912384,0
111.10247540473938,0
111.10270261764526,0
111.10272645950316,0
111.10274696350098,0
111.10747122764587,0
111.10751032829285,0
111.10753560066225,0
111.1093246936798,0
111.10983204841614,0
111.1173324584961,0
111.11749362945557,0
111.11757731437685,0
111.11761689186096,0
111.11772012710573,0
111.1204137802124,0
111.12044215202332,0
111.12045812606812,0
111.12049555778503,0
111.12129545211792,0
111.12132382392883,0
111.12160277366638,0
111.13052272796632,0
111.13694095611572,0
111.13697552680968,0
111.13702845573424,0
111.15686416625977,0
111.15689039230348,0
111.15692210197447,0
111.16600227355956,0
111.16603016853333,0
111.16734910011292,0
111.16735935211182,0
111.1673698425293,0
111.16738033294678,0
111.1673903465271,0
111.16740250587463,0
111.1674153804779,0
111.17024397850037,0
111.17597270011902,1
111.18236994743349,1
111.18239831924438,1
111.18245315551758,1
111.1935806274414,1
111.19360733032228,1
111.19364047050476,1
111.19368076324464,1
111.19783902168274,1
111.1978530883789,1
111.19790887832642,1
111.19899725914,1
111.1991376876831,1
111.19940972328186,1
111.20059370994568,1
111.2006289958954,1
111.20479011535645,1
111.2048363685608,1
111.20670866966248,1
111.21682977676392,1
111.21685338020325,1
111.2168996334076,1
111.23427724838255,1
111.23688960075378,1
111.23689985275269,1
111.23713064193726,1
111.2381591796875,1
111.23818254470824,1
111.23851776123048,1
111.23853993415833,1
111.25708889961244,1
111.25711607933044,1
111.25712656974792,1
111.2707290649414,1
111.27074456214903,1
111.27104783058168,1
111.27132034301758,1
111.27172946929932,1
111.27248525619508,1
111.28330969810486,1
111.28333401679993,1
111.283349275589,1
111.29685044288637,1
111.29688286781312,1
111.29689478874208,1
111.30128288269044,1
111.30130529403688,1
111.3013162612915,1
111.30185317993164,1
111.30345249176024,1
111.30349397659302,1
111.30350923538208,1
111.30421185493468,1
111.3042140007019,1
111.31700921058656,1
111.31703686714172,1
111.3170473575592,1
111.33041167259216,1
111.33044672012328,1
111.33113265037537,1
111.332373380661,1
111.33293533325195,1
111.33570432662964,1
111.3357436656952,1
111.33704280853271,1
111.33706426620483,1
111.33707451820374,1
111.34056830406188,1
111.34059166908264,1
111.3406023979187,1
111.34061312675476,1
111.34342193603516,1
111.34343409538268,1
111.34344720840454,1
111.34401631355286,1
111.34403085708618,1
111.34404063224792,1
111.34404850006104,1
111.34866404533386,1
111.34868669509888,1
111.3487000465393,1
111.3569996356964,1
111.35702586174013,1
111.35705995559692,1
111.3778178691864,1
111.37782907485962,1
111.37861251831056,1
111.3838095664978,1
111.38959550857544,1
111.38961958885191,1
111.38962984085084,1
111.38963150978088,1
111.39053702354433,1
111.3905599117279,1
111.3911144733429,1
111.39347839355467,1
111.3937122821808,1
111.39511561393738,1
111.39513564109802,1
111.39856147766112,1
111.39859819412231,1
111.39861011505128,1
111.41859722137453,1
111.41861653327942,1
111.41863250732422,1
111.43051671981812,1
111.43935704231262,1
111.43937420845032,1
111.4393892288208,1
111.45400381088255,1
111.45403575897215,1
111.45405340194702,1
111.4542818069458,1
111.45666646957396,1
111.45669984817503,1
111.45744323730467,1
111.45972037315369,1
111.45978474617004,1
111.45979285240172,1
111.48047256469728,1
111.4805200099945,1
111.48052525520325,1
111.48806595802309,1
111.49430203437804,1
111.4948263168335,1
111.49485993385316,1
111.49496388435364,1
111.49948740005492,1
111.49952244758606,1
111.50008773803712,1
111.50059843063354,1
111.50063610076904,1
111.50068831443788,1
111.50261664390564,1
111.50268411636353,1
111.50270533561708,1
111.50277090072632,1
111.514386177063,1
111.5209822654724,1
111.52102756500244,1
111.52104878425598,1
111.53990697860718,1
111.539936542511,1
111.53994917869568,1
111.54517030715942,1
111.54547476768494,1
111.5470051765442,1
111.54703211784364,1
111.54704403877258,1
111.54705834388731,1
111.54790711402892,1
111.54800820350648,1
111.54869723320007,1
111.550044298172,1
111.55692839622498,1
111.5569498538971,1
111.55731344223022,1
111.55733227729796,1
111.55850577354433,1
111.55852222442628,1
111.55852270126344,1
111.56079196929932,1
111.56083345413208,1
111.56086826324464,1
111.57255697250366,1
111.57256698608398,1
111.57257032394408,1
111.57257747650146,1
111.5739996433258,1
111.5742735862732,1
111.57436227798462,1
111.5786154270172,1
111.5786633491516,1
111.57867908477785,1
111.59899282455444,1
111.59901475906372,1
111.59955430030824,1
111.60459971427916,1
111.60588312149048,1
111.60611367225648,1
111.60619354248048,1
111.60775899887084,1
111.6183466911316,1
111.6183569431305,1
111.61865854263306,1
111.61900496482848,1
111.6191680431366,1
111.61917972564696,1
111.6191828250885,1
111.6191930770874,1
111.619234085083,1
111.6193699836731,1
111.63463711738586,1
111.6354832649231,1
111.6361689567566,1
111.63902616500854,1
111.63905239105225,1
111.63906407356262,1
111.65861988067628,1
111.65865588188171,1
111.6586697101593,1
111.658704996109,1
111.66000413894652,1
111.66002011299132,1
111.6600742340088,1
111.66138195991516,1
111.6614089012146,1
111.66142225265504,1
111.67691850662231,1
111.68014240264893,1
111.68017911911012,1
111.6802830696106,1
111.68406891822816,1
111.688809633255,1
111.6915638446808,1
111.69161891937256,1
111.69519901275636,1
111.69520235061646,1
111.69929957389832,1
111.69953656196594,1
111.6995632648468,1
111.71925377845764,1
111.71967601776124,1
111.7197093963623,1
111.71972370147704,1
111.72396564483644,1
111.72400045394896,1
111.73331570625304,1
111.73335003852844,1
111.73336958885191,1
111.7333881855011,1
111.73882269859314,1
111.73887991905212,1
111.73890113830566,1
111.74010586738586,1
111.7401406764984,1
111.74021029472352,1
111.7518196105957,1
111.75858569145204,1
111.75859832763672,1
111.75864672660828,1
111.77852630615234,1
111.77852940559389,1
111.77853655815125,1
111.80099678039552,1
111.80103158950806,1
111.80106735229492,1
111.81851148605348,1
111.81855416297913,1
111.81859183311462,1
111.8396065235138,1
111.83964657783508,1
111.84055233001708,1
111.8483304977417,1
111.84833335876463,1
111.84835624694824,1
111.8483612537384,1
111.8532009124756,1
111.85322642326356,1
111.85330176353456,1
111.85493230819702,1
111.85739946365356,1
111.85976791381836,1
111.8598256111145,1
111.85988926887512,1
111.86282086372375,1
111.86284685134888,1
111.86500024795532,1
111.8650243282318,1
111.86673831939696,1
111.88096499443054,1
111.88101363182068,1
111.88104629516602,1
111.89608144760132,1
111.89612221717834,1
111.89984035491943,1
111.89987921714784,1
111.89991521835329,1
111.89996099472046,1
111.89997935295104,1
111.90127086639404,1
111.90132117271423,1
111.90134572982788,1
111.90420770645142,1
111.90768647193909,1
111.90771293640135,1
111.9077615737915,1
111.90788102149963,1
111.90789985656738,1
111.90840077400208,1
111.90911269187929,1
111.90914630889893,1
111.9127471446991,1
111.9128053188324,1
111.91990756988524,1
111.91993021965028,1
111.92003035545348,1
111.93162798881532,1
111.9387137889862,1
111.93875789642334,1
111.9402401447296,1
111.94028067588806,1
111.94029760360718,1
111.94031405448914,1
111.94176363945007,1
111.94179892539978,1
111.94180011749268,1
111.94455170631409,1
111.94456768035889,1
111.94582724571228,1
111.95848798751832,1
111.9587414264679,1
111.95876717567444,1
111.96498680114746,1
111.96997857093812,1
111.97019624710084,1
111.97021102905272,1
111.97022318840028,1
111.97851228713988,1
111.97861313819884,1
111.97872972488403,1
111.97925567626952,1
111.97926712036131,1
111.97927951812744,1
111.98686099052428,1
111.98689007759094,1
111.98860621452332,1
111.98863005638124,1
111.99956130981444,1
111.99958157539368,1
111.9996213912964,1
112.01468539237976,1
112.01842045783997,1
112.01865434646606,1
112.01866149902344,1
112.02121710777284,1
112.02344632148744,1
112.02351713180542,1
112.02351903915404,1
112.03601384162904,1
112.03603100776672,1
112.03608512878418,1
112.0369153022766,1
112.03864312171936,1
112.03933668136597,1
112.03936195373537,1
112.05362367630003,1
112.05364203453064,1
112.05616116523744,1
112.05617332458496,1
112.05748057365416,1
112.0576069355011,1
112.05774927139282,1
112.05999064445496,1
112.06002378463744,1
112.06028962135316,1
112.0799651145935,1
112.08000445365906,1
112.08008408546448,1
112.08776378631592,1
112.0877959728241,1
112.08802390098572,1
112.08806133270264,1
112.09164500236513,1
112.09168553352356,1
112.09196066856384,1
112.09225964546204,1
112.09230637550354,1
112.09593439102171,1
112.09602379798888,1
112.0961458683014,1
112.10397171974182,1
112.10400676727296,1
112.10403728485107,1
112.10593390464784,1
112.1070613861084,1
112.10745406150818,1
112.1074571609497,1
112.10854244232178,1
112.10881567001344,1
112.10927557945251,1
112.11720848083496,1
112.12034368515016,1
112.12080693244934,1
112.12081146240234,1
112.12084531784058,1
112.1299650669098,1
112.14219450950624,1
112.14223670959473,1
112.14238381385805,1
112.15955424308775,1
112.15960454940796,1
112.16002678871156,1
112.1610553264618,1
112.16112327575684,1
112.1628556251526,1
112.1628794670105,1
112.16290593147278,1
112.16293501853944,1
112.16620326042175,1
112.16716718673706,1
112.16840600967409,1
112.17789316177368,1
112.17924547195436,1
112.17924571037292,1
112.17927360534668,1
112.19112467765808,1
112.1968641281128,1
112.1968915462494,1
112.19702124595642,1
112.19703459739684,1
112.20218062400818,1
112.20219826698305,1
112.20221161842346,1
112.2025499343872,1
112.20256519317628,1
112.20707201957704,1
112.20710229873656,1
112.21077799797058,1
112.21518015861513,1
112.215190410614,1
112.21520256996156,1
112.21893334388731,1
112.22012972831726,1
112.22860407829285,1
112.22862935066225,1
112.2286787033081,1
112.23234868049622,1
112.24847674369812,1
112.24853134155272,1
112.24853444099426,1
112.26704978942873,1
112.26996731758118,1
112.26998376846312,1
112.2700183391571,1
112.27259635925292,1
112.27374505996704,1
112.27378916740416,1
112.27544927597046,1
112.27660083770752,1
112.27663731575012,1
112.27665662765504,1
112.27758049964903,1
112.27801752090454,1
112.29009509086607,1
112.29016661643982,1
112.2903208732605,1
112.2903265953064,1
112.29072284698486,1
112.2907543182373,1
112.2908022403717,1
112.30894351005554,1
112.30897331237792,1
112.30898189544678,1
112.32489681243896,1
112.32491779327393,1
112.32493782043456,1
112.32671308517456,1
112.32676148414612,1
112.32857966423036,1
112.32859325408936,1
112.3286154270172,1
112.32956218719482,1
112.33255696296692,1
112.33257818222046,1
112.33259534835815,1
112.33300375938416,1
112.33309602737428,1
112.335839509964,1
112.3362169265747,1
112.33625030517578,1
112.33706951141356,1
112.34704852104188,1
112.34707713127136,1
112.34709429740906,1
112.35393214225768,1
112.35400128364564,1
112.35564017295836,1
112.35680294036864,1
112.35683059692384,1
112.35684609413148,1
112.3576638698578,1
112.35768055915833,1
112.35769438743591,1
112.37758541107178,1
112.37761664390564,1
112.37766242027284,1
112.38161039352416,1
112.38163447380066,1
112.3824725151062,1
112.38307356834412,1
112.3938205242157,1
112.39384508132936,1
112.3938570022583,1
112.3962709903717,1
112.3979799747467,1
112.39878487586977,1
112.39880895614624,1
112.4200885295868,1
112.42011785507202,1
112.42014837265016,1
112.42172122001648,1
112.42172741889954,1
112.42247915267944,1
112.42251992225648,1
112.4229497909546,1
112.43419051170348,1
112.43421483039856,1
112.43422651290894,1
112.4342920780182,1
112.43680882453918,1
112.43687582015993,1
112.43691635131836,1
112.43924164772034,1
112.43926548957825,1
112.43927669525146,1
112.45497465133668,1
112.45712375640868,1
112.45947003364564,1
112.4595103263855,1
112.45953106880188,1
112.49816250801086,1
112.5048463344574,1
112.50487685203552,1
112.50492930412292,1
112.50675988197328,1
112.50679922103882,1
112.50681138038637,1
112.5075147151947,1
112.50787663459778,1
112.50790023803712,1
112.5081741809845,1
112.50823068618774,1
112.50850033760072,1
112.50853300094604,1
112.5088756084442,1
112.51975059509276,1
112.524178981781,1
112.52420139312744,1
112.52521395683289,1
112.52523851394652,1
112.52533411979675,1
112.5253484249115,1
112.52860164642334,1
112.528626203537,1
112.52863693237305,1
112.54380416870116,1
112.54385018348694,1
112.54386568069458,1
112.54629468917848,1
112.54672002792358,1
112.54711937904358,1
112.5471212863922,1
112.54795265197754,1
112.5479974746704,1
112.5481185913086,1
112.55110025405884,1
112.55151987075806,1
112.55181550979614,1
112.55245661735536,1
112.56485795974731,1
112.56514191627502,1
112.56532955169678,1
112.56554222106934,1
112.5684962272644,1
112.568523645401,1
112.56855273246764,1
112.57094502449036,1
112.57097339630128,1
112.57099628448486,1
112.57327270507812,1
112.57328605651855,1
112.57328987121582,1
112.5779948234558,1
112.57802200317384,1
112.5803997516632,1
112.5904107093811,1
112.59045720100404,1
112.59161257743835,1
112.59162402153017,1
112.59221196174622,1
112.59870862960815,1
112.59873628616332,1
112.59884405136108,1
112.60850214958192,1
112.60852813720705,1
112.60854244232178,1
112.61084342002869,1
112.61086750030518,1
112.6116180419922,1
112.61182188987732,1
112.61338233947754,1
112.61749720573424,1
112.61751985549928,1
112.61756896972656,1
112.6390380859375,1
112.63906693458556,1
112.63910579681396,1
112.64319396018982,1
112.65073847770692,1
112.65077376365662,1
112.65082740783691,1
112.65087890625,1
112.65100407600404,1
112.65106534957886,1
112.65110635757446,1
112.65120673179626,1
112.65184545516968,1
112.65927147865295,1
112.65933442115784,1
112.65939736366272,1
112.6724636554718,1
112.67821073532104,1
112.70314526557922,1
112.7031683921814,1
112.70316934585573,1
112.7094702720642,1
112.70955061912537,1
112.70956492424013,1
112.70957660675047,1
112.71218228340148,1
112.71220326423644,1
112.71226835250854,1
112.71428370475768,1
112.7145745754242,1
112.71660351753236,1
112.71661829948424,1
112.71729612350464,1
112.72004318237305,1
112.7208182811737,1
112.72279500961304,1
112.72290134429932,1
112.72347474098206,1
112.73769736289978,1
112.73772263526917,1
112.7390275001526,1
112.73904085159302,1
112.73905158042908,1
112.73905181884766,1
112.74145078659058,1
112.74147510528564,1
112.7414858341217,1
112.7603268623352,1
112.76032710075378,1
112.76249742507936,1
112.76329469680786,1
112.76348066329956,1
112.76506233215332,1
112.76506853103638,1
112.76508831977844,1
112.76508903503418,1
112.76510167121889,1
112.76901197433472,1
112.76903939247131,1
112.76928234100342,1
112.77069544792175,1
112.77926349639893,1
112.77928638458252,1
112.77929615974426,1
112.77929854393004,1
112.78145933151244,1
112.7814884185791,1
112.78173685073853,1
112.78233456611632,1
112.7832486629486,1
112.78327751159668,1
112.7832887172699,1
112.783433675766,1
112.78421568870544,1
112.80160427093506,1
112.80163168907166,1
112.80224990844728,1
112.81332802772522,1
112.81335186958312,1
112.8144018650055,1
112.81445670127869,1
112.81754803657532,1
112.81757402420044,1
112.81761717796326,1
112.83123993873596,1
112.83773827552795,1
112.8377788066864,1
112.83785247802734,1
112.85969829559326,1
112.8597366809845,1
112.8597376346588,1
112.86773467063904,1
112.86796832084656,1
112.86800241470335,1
112.86806869506836,1
112.87044215202332,1
112.870459318161,1
112.870512008667,1
112.87733507156372,1
112.88031721115112,1
112.88035941123962,1
112.880437374115,1
112.90950560569765,1
112.90989303588869,1
112.90991163253784,1
112.910902261734,1
112.91416311264038,1
112.91419410705566,1
112.91441869735718,1
112.91511869430542,1
112.91526794433594,1
112.91614985466003,1
112.91636276245116,1
112.91693019866943,1
112.9250168800354,1
112.92504096031188,1
112.92510509490968,1
112.94001722335815,1
112.94011044502258,1
112.94121193885805,1
112.94357872009276,1
112.94432997703552,1
112.94460272789,1
112.9446382522583,1
112.945326089859,1
112.94534850120544,1
112.94539332389832,1
112.9454562664032,1
112.94547152519226,1
112.96434688568117,1
112.9643726348877,1
112.96474480628969,1
112.96653723716736,1
112.9665515422821,1
112.97944903373718,1
112.98415517807008,1
112.9841833114624,1
112.9841947555542,1
113.0024960041046,1
113.00252532958984,1
113.0045201778412,1
113.004540681839,1
113.00491213798524,1
113.00493478775024,1
113.00494647026062,1
113.00496912002563,1
113.004980802536,1
113.00501942634584,1
113.00551795959473,1
113.00553107261658,1
113.01656794548036,1
113.01660346984865,1
113.02321529388428,1
113.02324032783508,1
113.02324891090392,1
113.02499461174013,1
113.0250186920166,1
113.02502155303956,1
113.02505373954772,1
113.02557134628296,1
113.0256290435791,1
113.02564430236816,1
113.03049182891846,1
113.0323224067688,1
113.0323452949524,1
113.03235697746275,1
113.0467085838318,1
113.0468089580536,1
113.04682564735413,1
113.05776166915894,1
113.05778074264526,1
113.0577974319458,1
113.06089758872986,1
113.0609278678894,1
113.06094217300416,1
113.06101131439208,1
113.06129336357117,1
113.0614926815033,1
113.06203413009644,1
113.06229305267334,1
113.07799220085144,1
113.07816195487976,1
113.07818341255188,1
113.09142684936523,1
113.09208941459656,1
113.0921242237091,1
113.09218192100523,1
113.09404373168944,1
113.09464383125304,1
113.09526300430298,1
113.09606337547302,1
113.09634399414062,1
113.09844160079956,1
113.09847712516785,1
113.09851264953612,1
113.09857392311096,1
113.09927678108215,1
113.0997188091278,1
113.10287857055664,1
113.10389685630798,1
113.10585379600523,1
113.1189625263214,1
113.11899781227112,1
113.11901664733888,1
113.12442207336426,1
113.12951898574828,1
113.13787865638731,1
113.1383466720581,1
113.13863134384157,1
113.139723777771,1
113.13976001739502,1
113.14142775535583,1
113.14176750183104,1
113.14199542999268,1
113.14263463020325,1
113.14400506019592,1
113.14403867721558,1
113.14423894882202,1
113.15906310081482,1
113.15907669067384,1
113.15932297706604,1
113.15934586524963,1
113.15993618965148,1
113.15994834899902,1
113.16056513786316,1
113.1605920791626,1
113.1610553264618,1
113.16148591041564,1
113.17631363868712,1
113.17868447303772,1
113.17874383926392,1
113.1791651248932,1
113.17918968200684,1
113.17923164367676,1
113.18146514892578,1
113.18149089813232,1
113.18332099914552,1
113.21535444259644,1
113.2197449207306,1
113.21978282928468,1
113.21999645233154,1
113.2237195968628,1
113.2246072292328,1
113.22463417053224,1
113.22473359107973,1
113.2385709285736,1
113.2385754585266,1
113.23894691467284,1
113.24026489257812,1
113.24030423164368,1
113.2403209209442,1
113.24167275428772,1
113.24185919761658,1
113.24209809303284,1
113.24211812019348,1
113.24292850494383,1
113.24293208122252,1
113.24294471740724,1
113.2435736656189,1
113.25159239768982,1
113.2516143321991,1
113.25164341926576,1
113.2516703605652,1
113.25788450241087,1
113.25790929794312,1
113.25793719291688,1
113.27584743499756,1
113.27586150169373,1
113.27587509155272,1
113.27763152122498,1
113.27765941619872,1
113.2776939868927,1
113.28831839561462,1
113.28833389282228,1
113.28837895393372,1
113.28941702842712,1
113.2915337085724,1
113.29408645629884,1
113.29417014122008,1
113.29837346076964,1
113.29840207099916,1
113.29845571517944,1
113.30208158493042,1
113.30211448669434,1
113.3029112815857,1
113.30958461761476,1
113.3096044063568,1
113.30965089797974,1
113.30966663360596,1
113.31759762763976,1
113.31762290000916,1
113.3176245689392,1
113.33599352836607,1
113.33608770370483,1
113.33648991584778,1
113.33738994598389,1
113.33909606933594,1
113.33913087844849,1
113.339417219162,1
113.35857367515564,1
113.35866045951845,1
113.35894751548769,1
113.36902689933775,1
113.36904311180116,1
113.371737241745,1
113.37176370620728,1
113.37333607673644,1
113.37429022789,1
113.37455320358276,1
113.37457585334778,1
113.37461471557616,1
113.37876534461977,1
113.37879252433775,1
113.37901663780212,1
113.38838696479796,1
113.38864612579346,1
113.3886697292328,1
113.38868165016174,1
113.39129638671876,1
113.39159560203552,1
113.39237809181212,1
113.3933401107788,1
113.39336800575256,1
113.39841842651369,1
113.39848923683168,1
113.39858961105348,1
113.39864897727966,1
113.40012454986572,1
113.41864824295044,1
113.41867756843568,1
113.4187195301056,1
113.44188165664671,1
113.447012424469,1
113.44704008102416,1
113.44738960266112,1
113.44795393943788,1
113.45094895362854,1
113.45127892494202,1
113.45209002494812,1
113.45314359664916,1
113.45317435264587,1
113.4532916545868,1
113.45330476760864,1
113.455650806427,1
113.4556782245636,1
113.45569396018982,1
113.4613425731659,1
113.46136736869812,1
113.4614324569702,1
113.46376872062685,1
113.4637897014618,1
113.46379399299622,1
113.47917485237122,1
113.47930312156676,1
113.47933840751648,1
113.48513317108154,1
113.48964238166808,1
113.48968029022215,1
113.48968386650084,1
113.4896912574768,1
113.49352264404295,1
113.49355816841124,1
113.49459767341614,1
113.4957630634308,1
113.49576425552368,1
113.49932408332825,1
113.4995174407959,1
113.49954462051392,1
113.49964547157288,1
113.50030398368835,1
113.5121819972992,1
113.519713640213,1
113.5197958946228,1
113.51989912986755,1
113.54228496551514,1
113.5423035621643,1
113.54514575004578,1
113.54518675804138,1
113.54679560661316,1
113.5468258857727,1
113.54684638977052,1
113.5471887588501,1
113.54721927642822,1
113.54970908164978,1
113.5499997138977,1
113.55005812644958,1
113.5543565750122,1
113.555668592453,1
113.55632019042967,1
113.55919528007507,1
113.55948853492735,1
113.55952143669128,1
113.5779013633728,1
113.57836174964903,1
113.57909297943117,1
113.58005905151369,1
113.58008217811584,1
113.58009481430054,1
113.58025455474854,1
113.58040571212769,1
113.58047699928284,1
113.58110976219176,1
113.5917603969574,1
113.599764585495,1
113.59979438781738,1
113.59980583190918,1
113.60246872901917,1
113.6108012199402,1
113.61091947555542,1
113.63622283935548,1
113.63625121116638,1
113.63628888130188,1
113.65321850776672,1
113.65570092201231,1
113.65572500228882,1
113.65575981140135,1
113.67647910118104,1
113.67650842666626,1
113.676518201828,1
113.6765639781952,1
113.688978433609,1
113.68928623199464,1
113.68930840492249,1
113.68931078910828,1
113.69287991523744,1
113.69289231300354,1
113.6929042339325,1
113.69336032867432,1
113.69610071182252,1
113.6961281299591,1
113.69614267349245,1
113.70040440559389,1
113.70961356163023,1
113.70964097976685,1
113.70965051651,1
113.71187615394592,1
113.71456027030943,1
113.71458673477171,1
113.7156059741974,1
113.7156400680542,1
113.71658778190611,1
113.71661567687988,1
113.71665811538696,1
113.71668910980225,1
113.71924805641174,1
113.71954655647278,1
113.71956992149352,1
113.72122192382812,1
113.72311663627625,1
113.72521591186523,1
113.72524189949036,1
113.72525262832642,1
113.73826336860655,1
113.74264192581175,1
113.74272418022156,1
113.74378299713136,1
113.74410581588744,1
113.74431204795836,1
113.74431824684144,1
113.74492049217224,1
113.74539732933044,1
113.7454252243042,1
113.75771307945251,1
113.75800824165344,1
113.75802612304688,1
113.7580635547638,1
113.75842809677124,1
113.75845766067503,1
113.75905704498292,1
113.7776026725769,1
113.77763223648073,1
113.77801179885864,1
113.78441166877748,1
113.78470516204834,1
113.7848572731018,1
113.78565669059752,1
113.7874104976654,1
113.78743410110474,1
113.78889179229736,1
113.78914546966551,1
113.78916954994202,1
113.79120564460754,1
113.79123091697691,1
113.7966811656952,1
113.79858446121216,1
113.79861211776732,1
113.7986228466034,1
113.8142910003662,1
113.81430864334106,1
113.81574511528017,1
113.81580877304076,1
113.8169379234314,1
113.81695199012756,1
113.81886291503906,1
113.8194658756256,1
113.81968641281128,1
113.8197422027588,1
113.83958721160889,1
113.83961963653564,1
113.8396360874176,1
113.85087537765504,1
113.85961508750916,1
113.85964798927309,1
113.85971927642822,1
113.88043642044067,1
113.8804829120636,1
113.88050174713136,1
113.90291619300842,1
113.90297675132751,1
113.90306687355042,1
113.9070007801056,1
113.90705132484436,1
113.907208442688,1
113.90733289718628,1
113.91254234313963,1
113.91395878791808,1
113.91400146484376,1
113.9147927761078,1
113.91482853889464,1
113.92257595062256,1
113.92261171340942,1
113.92267179489136,1
113.9274241924286,1
113.92752718925476,1
113.92896795272829,1
113.92899513244627,1
113.92904376983644,1
113.92906045913696,1
113.94316363334656,1
113.94318175315856,1
113.94319105148315,1
113.94323253631592,1
113.94340014457704,1
113.94469618797302,1
113.94492936134338,1
113.94493317604064,1
113.94494247436523,1
113.94497156143188,1
113.94498133659364,1
113.94500946998596,1
113.94506239891052,1
113.95969367027284,1
113.9628574848175,1
113.96435546875,1
113.96445655822754,1
113.96459770202635,1
113.96471571922302,1
113.96645379066469,1
113.96819067001344,1
113.9682035446167,1
113.96831369400024,1
113.9683289527893,1
113.9683394432068,1
113.96836853027344,1
113.96846961975098,1
113.97135400772096,1
113.97152256965636,1
113.97832894325256,1
113.97835779190063,1
113.97840476036072,1
113.99841618537904,1
113.99852871894836,1
113.99853587150574,1
114.0002987384796,1
114.0003378391266,1
114.006272315979,1
114.00632095336914,1
114.00788068771362,1
114.01841950416564,1
114.01843166351318,1
114.01844120025636,1
114.0309145450592,1
114.0309329032898,1
114.03094625473022,1
114.03324723243712,1
114.03326082229614,1
114.03368759155272,1
114.0336980819702,1
114.03371596336363,1
114.03607940673828,1
114.0368628501892,1
114.03890252113342,1
114.03893280029295,1
114.03958582878111,1
114.04129719734192,1
114.05141377449036,1
114.05892205238342,1
114.05898094177246,1
114.05902981758118,1
114.07948088645936,1
114.07951807975768,1
114.0797884464264,1
114.09181141853333,1
114.09185028076172,1
114.09225463867188,1
114.09243059158324,1
114.09457039833067,1
114.0950882434845,1
114.09543085098268,1
114.09982228279114,1
114.09985375404358,1
114.09990119934082,1
114.11064720153809,1
114.1108853816986,1
114.11237740516664,1
114.11244177818298,1
114.1179711818695,1
114.1197497844696,1
114.119784116745,1
114.11979985237122,1
114.13239908218384,1
114.13264894485474,1
114.15887999534608,1
114.15890789031982,1
114.15894103050232,1
114.1589605808258,1
114.16305494308472,1
114.1630847454071,1
114.16417503356934,1
114.16665291786194,1
114.16801190376282,1
114.16805672645567,1
114.16926193237305,1
114.17653059959412,1
114.18732404708862,1
114.1873378753662,1
114.18737936019896,1
114.18739080429076,1
114.18740057945251,1
114.18830132484436,1
114.18832731246948,1
114.19147658348083,1
114.19149112701416,1
114.19149351119997,1
114.19286799430849,1
114.19302606582642,1
114.19633388519289,1
114.19637155532835,1
114.19640064239502,1
114.19974398612976,1
114.20940017700195,1
114.20942735671996,1
114.2094385623932,1
114.211843252182,1
114.21186995506288,1
114.2120599746704,1
114.21948385238647,1
114.22272801399232,1
114.2227499485016,1
114.22375631332396,1
114.22378182411194,1
114.22479844093324,1
114.22481632232666,1
114.22490501403809,1
114.22494339942932,1
114.22495937347412,1
114.2383518218994,1
114.23836874961852,1
114.2383770942688,1
114.25889039039612,1
114.25892305374146,1
114.2589395046234,1
114.2732892036438,1
114.28007435798644,1
114.28009843826294,1
114.2801103591919,1
114.30051469802856,1
114.3005554676056,1
114.30082440376282,1
114.3117516040802,1
114.311931848526,1
114.31234908103944,1
114.3123540878296,1
114.32047247886658,1
114.32049822807312,1
114.32053351402284,1
114.3215353488922,1
114.32155418395996,1
114.32156181335448,1
114.32247018814088,1
114.32253384590148,1
114.32273840904236,1
114.32277035713196,1
114.32426762580872,1
114.3292956352234,1
114.32931804656982,1
114.33234691619872,1
114.3323609828949,1
114.33237528800964,1
114.33238863945007,1
114.340341091156,1
114.34038162231444,1
114.34040093421936,1
114.35619640350342,1
114.35621309280396,1
114.356262922287,1
114.35760641098022,1
114.35939240455627,1
114.35942196846008,1
114.35946941375732,1
114.37842774391174,1
114.37845993041992,1
114.37847375869752,1
114.40555143356325,1
114.40555477142334,1
114.40556478500366,1
114.40556812286376,1
114.40951657295228,1
114.40954637527466,1
114.41096830368042,1
114.4109857082367,1
114.41482043266296,1
114.41505241394044,1
114.4188153743744,1
114.42761874198914,1
114.42763876914978,1
114.42764353752136,1
114.44626235961914,1
114.44643902778624,1
114.44645643234252,1
114.44647264480592,1
114.44756078720091,1
114.44757199287416,1
114.44758248329164,1
114.45007252693176,1
114.4500961303711,1
114.45010542869568,1
114.45159435272215,1
114.45160818099976,1
114.45161843299866,1
114.45188426971436,1
114.45337438583374,1
114.45337986946106,1
114.4535517692566,1
114.45513129234314,1
114.45935153961182,1
114.4607274532318,1
114.4607503414154,1
114.46076440811156,1
114.46139526367188,1
114.46142601966858,1
114.46145224571228,1
114.4672429561615,1
114.46726822853088,1
114.46727013587952,1
114.46938276290894,1
114.46940779685974,1
114.46943473815918,1
114.4783833026886,1
114.47840666770936,1
114.47842001914978,1
114.48792600631714,1
114.4900062084198,1
114.49243474006651,1
114.4924657344818,1
114.49361538887024,1
114.49368691444396,1
114.49869227409364,1
114.49871802330016,1
114.49875807762146,1
114.50162029266356,1
114.50570058822632,1
114.5057303905487,1
114.50577569007874,1
114.50579237937929,1
114.50622367858888,1
114.50643157958984,1
114.50643634796144,1
114.51880145072936,1
114.51882934570312,1
114.51887917518616,1
114.5217342376709,1
114.52289271354675,1
114.52362990379332,1
114.52669882774352,1
114.52685451507568,1
114.53313851356506,1
114.53337073326112,1
114.53344082832336,1
114.53349137306212,1
114.53859663009644,1
114.53862571716309,1
114.53933882713318,1
114.53933930397034,1
114.5393726825714,1
114.54026865959167,1
114.55084943771362,1
114.56175446510316,1
114.56184267997742,1
114.56186604499815,1
114.57846856117249,1
114.579167842865,1
114.5791916847229,1
114.59090828895567,1
114.59092450141908,1
114.59240221977234,1
114.59243535995483,1
114.59294557571413,1
114.59302401542664,1
114.59303998947144,1
114.5947723388672,1
114.59478235244752,1
114.59641885757446,1
114.59643125534058,1
114.59921598434448,1
114.59924530982973,1
114.59930419921876,1
114.6158652305603,1
114.61941814422607,1
114.61966919898988,1
114.6196801662445,1
114.62264943122864,1
114.62308764457704,1
114.62310981750488,1
114.62312507629396,1
114.6358335018158,1
114.63585758209229,1
114.6358699798584,1
114.63791942596436,1
114.63795852661131,1
114.63796806335448,1
114.63797307014464,1
114.6408429145813,1
114.6408622264862,1
114.64087390899658,1
114.65792751312256,1
114.65798377990724,1
114.6579852104187,1
114.66326022148132,1
114.66779494285583,1
114.66781949996948,1
114.66785526275636,1
114.66786861419678,1
114.66885471343994,1
114.66889190673828,1
114.6701922416687,1
114.6707067489624,1
114.67605686187744,1
114.67805457115172,1
114.678081035614,1
114.67816734313963,1
114.67983746528624,1
114.67985534667967,1
114.67988276481628,1
114.68334078788756,1
114.68506455421448,1
114.6850926876068,1
114.68865990638731,1
114.68870282173155,1
114.6985855102539,1
114.69863533973694,1
114.69866180419922,1
114.71345782279968,1
114.71856570243835,1
114.71858167648315,1
114.71862149238586,1
114.73988485336304,1
114.73992109298706,1
114.73993945121764,1
114.7455403804779,1
114.74557423591614,1
114.7489423751831,1
114.7489743232727,1
114.7489893436432,1
114.74900412559508,1
114.7505235671997,1
114.75076866149902,1
114.75115299224854,1
114.7513391971588,1
114.75685596466064,1
114.7583692073822,1
114.75860333442688,1
114.75862860679626,1
114.75864148139954,1
114.75904369354248,1
114.75906825065611,1
114.77839732170104,1
114.7784276008606,1
114.7784903049469,1
114.78872728347778,1
114.78955411911012,1
114.78980112075806,1
114.78998517990112,1
114.79202270507812,1
114.79716110229492,1
114.79791808128356,1
114.80255150794984,1
114.80256342887878,1
114.80308270454408,1
114.81030106544496,1
114.81044554710388,1
114.81046104431152,1
114.81919527053832,1
114.81926131248474,1
114.82083678245544,1
114.8250126838684,1
114.82502460479736,1
114.82503485679626,1
114.8250448703766,1
114.8250539302826,1
114.8250892162323,1
114.82513785362244,1
114.83878803253174,1
114.83879709243774,1
114.838876247406,1
114.85084581375122,1
114.8590762615204,1
114.85910868644714,1
114.85912322998048,1
114.8779845237732,1
114.8782560825348,1
114.87850284576416,1
114.87853527069092,1
114.88301587104796,1
114.88338422775269,1
114.8840446472168,1
114.9015018939972,1
114.90168571472168,1
114.90180206298828,1
114.90191578865053,1
114.90339159965517,1
114.90362644195557,1
114.90382623672484,1
114.90541315078735,1
114.905455827713,1
114.90547275543211,1
114.90556955337524,1
114.9067952632904,1
114.90710258483888,1
114.9071593284607,1
114.9165976047516,1
114.91999554634094,1
114.92000341415404,1
114.92663717269896,1
114.926664352417,1
114.92667961120604,1
114.92868256568909,1
114.9287052154541,1
114.92876482009888,1
114.93378448486328,1
114.9337992668152,1
114.9338116645813,1
114.93382477760316,1
114.9362177848816,1
114.9362497329712,1
114.9362862110138,1
114.93849349021912,1
114.93852496147156,1
114.93859100341795,1
114.95833134651184,1
114.95835876464844,1
114.9583957195282,1
114.96124863624571,1
114.9675841331482,1
114.96790051460266,1
114.96792435646056,1
114.96793723106384,1
114.97020268440248,1
114.970383644104,1
114.9704098701477,1
114.97612833976746,1
114.97853469848631,1
114.97856163978577,1
114.9785726070404,1
114.97885251045228,1
114.97978830337524,1
114.97982883453368,1
114.99007201194765,1
114.99021005630492,1
114.99125289916992,1
114.9983925819397,1
114.9984805583954,1
114.99860548973083,1
115.01852774620056,1
115.01855373382568,1
115.01911115646362,1
115.02013683319092,1
115.02015972137453,1
115.020188331604,1
115.0202260017395,1
115.0203936100006,1
115.02075028419496,1
115.02077293395996,1
115.03867816925047,1
115.03868246078493,1
115.03871393203735,1
115.0392553806305,1
115.04112601280212,1
115.04193902015686,1
115.05528712272644,1
115.05529642105104,1
115.05532145500185,1
115.05533599853516,1
115.057363986969,1
115.05739307403564,1
115.05743265151978,1
115.05929589271544,1
115.05929732322691,1
115.05932450294496,1
115.0779037475586,1
115.0779230594635,1
115.08068823814392,1
115.08089566230774,1
115.0810227394104,1
115.08326721191406,1
115.08331871032716,1
115.08336210250854,1
115.10043907165527,1
115.10085821151732,1
115.10089111328124,1
115.10108947753906,1
115.10259056091309,1
115.10261178016664,1
115.10266351699828,1
115.1039788722992,1
115.10400247573853,1
115.10401797294617,1
115.121013879776,1
115.12131524086,1
115.12133598327635,1
115.12134122848512,1
115.12372279167175,1
115.12374782562256,1
115.12375259399414,1
115.12500929832458,1
115.1423978805542,1
115.14241552352904,1
115.142427444458,1
115.14246702194214,1
115.14247918128969,1
115.1425313949585,1
115.14254546165466,1
115.14262866973876,1
115.1426441669464,1
115.1426453590393,1
115.14268279075624,1
115.14295196533205,1
115.14424896240234,1
115.1442642211914,1
115.14430165290833,1
115.14961194992064,1
115.1584358215332,1
115.15845584869383,1
115.15845990180968,1
115.17552971839903,1
115.179044008255,1
115.1790668964386,1
115.17907762527466,1
115.18444871902466,1
115.1844596862793,1
115.18447065353394,1
115.18448114395142,1
115.18609237670898,1
115.18610715866087,1
115.18627214431764,1
115.18746900558472,1
115.18749117851256,1
115.19543743133544,1
115.19561791419984,1
115.19824266433716,1
115.20299243927002,1
115.203031539917,1
115.20304584503174,1
115.2184624671936,1
115.21847224235536,1
115.21848106384276,1
115.23160219192503,1
115.23869490623474,1
115.23873281478882,1
115.23877429962158,1
115.259761095047,1
115.25980281829834,1
115.25985813140868,1
115.26857542991638,1
115.268634557724,1
115.26866269111632,1
115.26870918273926,1
115.26884269714355,1
115.26888704299928,1
115.26893162727356,1
115.2702226638794,1
115.27247142791748,1
115.27992582321168,1
115.27996444702148,1
115.27998161315918,1
115.29069495201112,1
115.29587459564208,1
115.29605627059937,1
115.29607915878296,1
115.29609608650208,1
115.29960703849792,1
115.29961037635805,1
115.29964637756348,1
115.30142617225648,1
115.3014361858368,1
115.30147552490234,1
115.3031768798828,1
115.3032364845276,1
115.30704426765442,1
115.30735325813292,1
115.3322024345398,1
115.33591389656068,1
115.33592796325684,1
115.33751487731934,1
115.33752870559692,1
115.3375792503357,1
115.3379487991333,1
115.33961296081544,1
115.33964824676514,1
115.3396773338318,1
115.34419846534728,1
115.3442120552063,1
115.34548211097716,1
115.34942936897278,1
115.34946703910828,1
115.3494930267334,1
115.34949326515198,1
115.3517405986786,1
115.35175848007202,1
115.35246539115906,1
115.3570911884308,1
115.36023688316344,1
115.36071968078612,1
115.36096358299255,1
115.362806558609,1
115.3628339767456,1
115.3628671169281,1
115.3784441947937,1
115.37850046157835,1
115.37855505943298,1
115.39306473731996,1
115.39307880401611,1
115.39308500289916,1
115.39309239387512,1
115.39572763442992,1
115.39574074745178,1
115.39578413963318,1
115.398334980011,1
115.39834713935852,1
115.39836120605467,1
115.4185073375702,1
115.41851782798769,1
115.41891360282898,1
115.42837262153624,1
115.42988681793211,1
115.43086910247804,1
115.43089747428894,1
115.43202686309814,1
115.43203711509705,1
115.43312573432922,1
115.43954968452454,1
115.4395866394043,1
115.43958854675292,1
115.43964123725893,1
115.43967509269714,1
115.43971419334412,1
115.4409806728363,1
115.44340586662292,1
115.44348454475404,1
115.4440188407898,1
115.45918130874634,1
115.45921087265016,1
115.45929527282716,1
115.46456670761108,1
115.4690043926239,1
115.4691286087036,1
115.47754788398744,1
115.47772192955016,1
115.47807121276855,1
115.47849106788637,1
115.47862029075624,1
115.47876596450806,1
115.4790334701538,1
115.47907590866087,1
115.47909426689148,1
115.47946667671204,1
115.4798378944397,1
115.47996926307678,1
115.48961472511292,1
115.4896845817566,1
115.49971771240234,1
115.49975085258484,1
115.49980974197388,1
115.52016592025755,1
115.52024698257446,1
115.52026414871216,1
115.530335187912,1
115.54081273078918,1
115.54086184501648,1
115.54086899757384,1
115.5666253566742,1
115.56664180755617,1
115.56898164749146,1
115.56901049613953,1
115.56914258003236,1
115.56915855407716,1
115.5724596977234,1
115.57249474525452,1
115.57255935668944,1
115.57410168647766,1
115.5834093093872,1
115.58344292640686,1
115.58361744880676,1
115.59102058410645,1
115.59103226661682,1
115.59104180336,1
115.59104299545288,1
115.59264612197876,1
115.59266138076782,1
115.59268951416016,1
115.59270358085632,1
115.59271693229675,1
115.60271549224854,1
115.60273170471191,1
115.6035089492798,1
115.6054391860962,1
115.60711812973022,1
115.60802006721497,1
115.60846638679504,1
115.60848927497864,1
115.60867381095886,1
115.62010884284972,1
115.62048172950745,1
115.62049651145936,1
115.6205599308014,1
115.62464356422424,1
115.62484383583067,1
115.62490844726562,1
115.62635374069214,1
115.6263988018036,1
115.6264147758484,1
115.6265196800232,1
115.62829160690308,1
115.63703560829164,1
115.638774394989,1
115.63882970809937,1
115.63886213302612,1
115.64309120178224,1
115.64310932159424,1
115.6431210041046,1
115.64313530921936,1
115.65859174728394,1
115.6585931777954,1
115.65863704681396,1
115.66458368301392,1
115.6646168231964,1
115.66466307640076,1
115.66644310951231,1
115.66848516464232,1
115.66920709609984,1
115.67600584030151,1
115.6796305179596,1
115.67963528633118,1
115.67966079711914,1
115.68605852127077,1
115.6863374710083,1
115.68635630607604,1
115.68641114234924,1
115.68881130218506,1
115.6888942718506,1
115.68891525268556,1
115.6892638206482,1
115.68931818008424,1
115.69388031959534,1
115.69388103485107,1
115.6992917060852,1
115.69932103157043,1
115.69985723495483,1
115.7200722694397,1
115.72010469436646,1
115.72020435333252,1
115.73910665512084,1
115.73911809921265,1
115.73912000656128,1
115.73913192749023,1
115.75029230117798,1
115.75072383880617,1
115.75363492965698,1
115.75517559051514,1
115.75520277023315,1
115.75532507896423,1
115.75603079795836,1
115.75604486465454,1
115.75604772567748,1
115.75860857963562,1
115.75862669944765,1
115.75872206687929,1
115.78102326393127,1
115.78666281700134,1
115.78668403625488,1
115.78668785095216,1
115.78669905662537,1
115.78815364837646,1
115.78817892074584,1
115.78823280334473,1
115.79725956916808,1
115.7972846031189,1
115.7975127696991,1
115.80064606666564,1
115.80067372322084,1
115.80394315719604,1
115.80399227142334,1
115.81060266494752,1
115.81250596046448,1
115.81281113624571,1
115.81303715705872,1
115.8168249130249,1
115.81708002090454,1
115.81725859642027,1
115.8224527835846,1
115.82248592376708,1
115.82269191741943,1
115.82325196266174,1
115.82398891448976,1
115.8239893913269,1
115.83855605125429,1
115.83896565437315,1
115.83900904655457,1
115.84646344184875,1
115.85206151008606,1
115.85210824012756,1
115.8521249294281,1
115.85215735435486,1
115.85227608680724,1
115.85231494903564,1
115.85235619544984,1
115.85884356498718,1
115.85896944999696,1
115.8589849472046,1
115.861989736557,1
115.87466025352478,1
115.87661623954772,1
115.87669563293456,1
115.87670350074768,1
115.87886095046996,1
115.87902593612672,1
115.87904596328735,1
115.88015794754028,1
115.88018822669984,1
115.880202293396,1
115.89874529838562,1
115.8989200592041,1
115.89988684654236,1
115.89992427825928,1
115.8999409675598,1
115.90120911598206,1
115.90124893188477,1
115.90220642089844,1
115.90277099609376,1
115.91992592811584,1
115.91992688179016,1
115.919992685318,1
115.94028568267822,1
115.94035243988036,1
115.9422516822815,1
115.94825387001038,1
115.95848274230956,1
115.95850014686584,1
115.95850586891174,1
115.9585223197937,1
115.95869970321657,1
115.95872378349304,1
115.96070551872252,1
115.96073031425476,1
115.96073269844057,1
115.9638409614563,1
115.96425580978394,1
115.9643485546112,1
115.96436309814452,1
115.9678556919098,1
115.9687316417694,1
115.9708127975464,1
115.97844314575195,1
115.9784734249115,1
115.97869563102722,1
115.98199367523192,1
115.99151539802553,1
115.9926290512085,1
115.99554109573364,1
115.99557709693909,1
115.99561262130736,1
115.99564099311829,1
115.99569392204285,1
115.99582481384276,1
115.99836945533752,1
115.9984233379364,1
115.99845433235168,1
116.01572561264038,1
116.01574468612672,1
116.01577925682068,1
116.03415775299072,1
116.03608322143556,1
116.03752183914185,1
116.03754830360413,1
116.05024433135986,1
116.05066061019896,1
116.0506820678711,1
116.0582070350647,1
116.05844616889954,1
116.05847096443176,1
116.05848360061646,1
116.06066870689392,1
116.06068515777588,1
116.06070017814636,1
116.06120991706848,1
116.06124091148376,1
116.0612518787384,1
116.06127762794496,1
116.06494426727296,1
116.06495451927184,1
116.06498074531557,1
116.08566308021544,1
116.08571577072144,1
116.0857253074646,1
116.08995246887208,1
116.08999037742616,1
116.09015440940856,1
116.09079313278198,1
116.09494829177856,1
116.09496808052064,1
116.09498238563538,1
116.09499788284302,1
116.09750962257384,1
116.09768986701964,1
116.0978021621704,1
116.09806990623474,1
116.09810495376588,1
116.1008367538452,1
116.10090684890748,1
116.10449194908142,1
116.10452675819396,1
116.10460257530212,1
116.11824488639832,1
116.11828231811523,1
116.11829471588136,1
116.12935757637024,1
116.1376223564148,1
116.1376576423645,1
116.13834071159364,1
116.15678644180298,1
116.15729761123656,1
116.15840578079224,1
116.15871500968932,1
116.15934801101685,1
116.15941333770752,1
116.16257786750792,1
116.16261506080627,1
116.16263341903688,1
116.17869544029236,1
116.17933249473572,1
116.1793568134308,1
116.17936730384828,1
116.19003820419312,1
116.19010400772096,1
116.1901671886444,1
116.1947557926178,1
116.1951813697815,1
116.19606757164,1
116.19630575180054,1
116.19632601737976,1
116.19639325141908,1
116.1964235305786,1
116.19936847686768,1
116.19938039779665,1
116.19939041137695,1
116.20048236846924,1
116.2004861831665,1
116.20374894142152,1
116.20950889587402,1
116.21882843971252,1
116.21885228157043,1
116.21888971328735,1
116.23877787590028,1
116.2387900352478,1
116.23880243301392,1
116.23881435394289,1
116.2388424873352,1
116.23886036872864,1
116.24088168144226,1
116.24092626571657,1
116.24093985557556,1
116.24135208129884,1
116.25775694847108,1
116.2577965259552,1
116.2578468322754,1
116.27266716957092,1
116.2799746990204,1
116.28001427650452,1
116.28009057044984,1
116.30602312088013,1
116.30829668045044,1
116.30833435058594,1
116.30841636657716,1
116.31024956703186,1
116.31026554107666,1
116.31075072288512,1
116.3119773864746,1
116.3120138645172,1
116.31544589996338,1
116.31544876098631,1
116.31778383255003,1
116.31850457191469,1
116.31850910186768,1
116.31854009628296,1
116.32108449935912,1
116.3211841583252,1
116.32139444351196,1
116.32274174690248,1
116.32883739471436,1
116.32884740829468,1
116.32887601852416,1
116.3375792503357,1
116.33760809898376,1
116.33861184120178,1
116.34108090400696,1
116.34110879898073,1
116.3411226272583,1
116.3423352241516,1
116.34237456321716,1
116.34241032600404,1
116.35061120986938,1
116.36650848388672,1
116.3665964603424,1
116.36662197113036,1
116.36934280395508,1
116.3693699836731,1
116.3697760105133,1
116.376282453537,1
116.3762993812561,1
116.37634468078612,1
116.37735748291016,1
116.37739634513856,1
116.37742376327516,1
116.3778111934662,1
116.39073944091795,1
116.39076685905457,1
116.39083170890808,1
116.39292430877686,1
116.39296436309814,1
116.4091067314148,1
116.40913248062134,1
116.40914463996889,1
116.41702151298524,1
116.41727828979492,1
116.4197986125946,1
116.42199444770812,1
116.42922258377077,1
116.42924904823305,1
116.429283618927,1
116.43084740638731,1
116.44983506202698,1
116.449866771698,1
116.44987940788268,1
116.46807169914246,1
116.46809387207033,1
116.46815156936646,1
116.46820378303528,1
116.46975469589232,1
116.46977138519289,1
116.46978783607484,1
116.4718120098114,1
116.4726836681366,1
116.47271704673769,1
116.47278141975404,1
116.47462105751038,1
116.4811658859253,1
116.48785758018494,1
116.48789405822754,1
116.48819971084596,1
116.48827123641968,1
116.4895520210266,1
116.4895691871643,1
116.49027276039124,1
116.49395704269408,1
116.49399161338806,1
116.49407052993774,1
116.50141382217409,1
116.50310587882996,1
116.50566172599792,1
116.50568914413452,1
116.50574374198914,1
116.5071849822998,1
116.51645255088806,1
116.51648926734924,1
116.51650500297546,1
116.526629447937,1
116.54916763305664,1
116.54918241500854,1
116.54924964904784,1
116.54933667182922,1
116.54935264587402,1
116.549471616745,1
116.54967880249023,1
116.5496895313263,1
116.550528049469,1
116.551274061203,1
116.55136847496031,1
116.55140900611876,1
116.5543303489685,1
116.55436658859252,1
116.55438041687012,1
116.55444073677064,1
116.55545115470886,1
116.55564379692078,1
116.55566263198853,1
116.55695366859436,1
116.56936049461363,1
116.56939125061037,1
116.56941866874696,1
116.57250022888184,1
116.57256960868835,1
116.5728476047516,1
116.57937288284302,1
116.5794587135315,1
116.57947373390198,1
116.5798966884613,1
116.58120560646056,1
116.58121800422668,1
116.58123087882996,1
116.589102268219,1
116.58912992477416,1
116.58913683891296,1
116.5929183959961,1
116.5929400920868,1
116.59447026252748,1
116.59450268745422,1
116.60955810546876,1
116.6095781326294,1
116.60959076881409,1
116.61761593818665,1
116.62951397895812,1
116.62954092025755,1
116.62956476211548,1
116.63355898857117,1
116.6335747241974,1
116.63358497619627,1
116.63388395309448,1
116.63498950004578,1
116.63500928878784,1
116.63506555557252,1
116.64940285682678,1
116.64942979812622,1
116.64944744110107,1
116.67045831680298,1
116.6704957485199,1
116.670556306839,1
116.67560386657716,1
116.67829060554504,1
116.69045066833496,1
116.69046950340272,1
116.69073247909546,1
116.71144676208496,1
116.71149492263794,1
116.7115216255188,1
116.71850538253784,1
116.71850848197936,1
116.73836255073547,1
116.7383816242218,1
116.7383964061737,1
116.73864984512328,1
116.7414572238922,1
116.74145793914796,1
116.7414801120758,1
116.74624872207642,1
116.74627161026,1
116.75699424743652,1
116.75702023506165,1
116.75703144073486,1
116.76633763313292,1
116.76684045791626,1
116.766925573349,1
116.77447080612184,1
116.77530980110168,1
116.77729511260986,1
116.7773220539093,1
116.77738690376282,1
116.79007840156557,1
116.79370546340942,1
116.79370737075806,1
116.79371690750122,1
116.79372096061708,1
116.79510736465454,1
116.79513120651244,1
116.79517459869383,1
116.7960684299469,1
116.7961039543152,1
116.79611802101137,1
116.79708766937256,1
116.79709029197691,1
116.79807329177856,1
116.79808735847472,1
116.81207084655762,1
116.8120973110199,1
116.81209778785706,1
116.81215143203735,1
116.813720703125,1
116.8137457370758,1
116.81375646591188,1
116.81390976905824,1
116.81392502784728,1
116.81393766403198,1
116.8296377658844,1
116.83278322219849,1
116.83280873298644,1
116.83282208442688,1
116.83419847488403,1
116.83422040939332,1
116.83422875404358,1
116.84945321083067,1
116.84948110580444,1
116.84949254989624,1
116.85936951637268,1
116.85938763618468,1
116.85959148406982,1
116.85960936546326,1
116.86222791671752,1
116.86224269866943,1
116.86229300498962,1
116.86275267601012,1
116.86970520019533,1
116.86973190307616,1
116.86994767189026,1
116.88231086730956,1
116.88632655143738,1
116.89031100273132,1
116.89034414291382,1
116.89035677909852,1
116.90637278556824,1
116.90642929077148,1
116.90644717216492,1
116.90646314620972,1
116.90748023986816,1
116.90779852867126,1
116.90782141685486,1
116.90863347053528,1
116.90866541862488,1
116.9130928516388,1
116.91313362121582,1
116.91313433647156,1
116.91701793670654,1
116.91707229614258,1
116.92168831825256,1
116.9299247264862,1
116.93039917945862,1
116.93047547340392,1
116.9333951473236,1
116.933655500412,1
116.94983291625977,1
116.94986510276794,1
116.94988107681274,1
116.96027493476868,1
116.96069693565369,1
116.96071791648863,1
116.96073651313782,1
116.96336245536804,1
116.96340441703796,1
116.96375393867493,1
116.96595096588136,1
116.9704043865204,1
116.9704451560974,1
116.97051310539246,1
116.9861936569214,1
116.98908162117004,1
116.98910856246948,1
116.98915386199953,1
116.98940563201904,1
116.9894495010376,1
116.9898841381073,1
116.99100518226624,1
116.99171781539916,1
116.99288392066956,1
116.99296975135805,1
116.99392008781432,1
116.99753761291504,1
117.02024054527284,1
117.02026724815369,1
117.0202784538269,1
117.02773356437685,1
117.03278231620789,1
117.0330777168274,1
117.03309941291808,1
117.03312826156616,1
117.03477907180786,1
117.03496932983398,1
117.03554725646973,1
117.03686785697936,1
117.03686833381651,1
117.03688955307008,1
117.03689861297607,1
117.03816604614258,1
117.03835129737854,1
117.03835558891296,1
117.04359912872314,1
117.04362845420836,1
117.04384589195251,1
117.04566955566406,1
117.04568457603456,1
117.04569745063782,1
117.0491554737091,1
117.04917812347412,1
117.04957699775696,1
117.06653070449828,1
117.07077622413637,1
117.07078456878662,1
117.07130336761476,1
117.07295775413512,1
117.0735375881195,1
117.07354426383972,1
117.07357668876648,1
117.07480430603027,1
117.07522344589232,1
117.07550239562988,1
117.07558178901672,1
117.07957553863524,1
117.09057354927064,1
117.09059381484984,1
117.0906105041504,1
117.11100912094116,1
117.11105537414552,1
117.11111545562744,1
117.12038135528564,1
117.1206738948822,1
117.12320637702942,1
117.12338876724245,1
117.13123488426208,1
117.1312506198883,1
117.13126468658449,1
117.13598322868349,1
117.14093613624571,1
117.14111876487732,1
117.15106511116028,1
117.15108394622804,1
117.15220284461977,1
117.1608407497406,1
117.16084599494934,1
117.160897731781,1
117.1609218120575,1
117.16574120521544,1
117.1659173965454,1
117.16672706604004,1
117.1675341129303,1
117.17748641967772,1
117.19002914428712,1
117.19133448600768,1
117.19347643852234,1
117.19351077079772,1
117.19455337524414,1
117.19459319114684,1
117.19548845291138,1
117.19551301002502,1
117.1955235004425,1
117.1958510875702,1
117.214111328125,1
117.21416640281676,1
117.21417570114136,1
117.2154586315155,1
117.22126865386964,1
117.22131419181824,1
117.22140407562256,1
117.22141933441162,1
117.2333002090454,1
117.23332667350768,1
117.23335456848145,1
117.2375328540802,1
117.2375659942627,1
117.23757934570312,1
117.2403211593628,1
117.25226497650146,1
117.25228810310364,1
117.25232076644896,1
117.26250982284546,1
117.2625207901001,1
117.26253080368042,1
117.26254200935364,1
117.26419711112976,1
117.26420879364014,1
117.2643187046051,1
117.26568531990053,1
117.26571011543274,1
117.2658393383026,1
117.26585817337036,1
117.26754784584044,1
117.2677104473114,1
117.26773309707642,1
117.27099776268004,1
117.27102279663086,1
117.27146887779236,1
117.27187705039978,1
117.27190136909483,1
117.28639888763428,1
117.28641939163208,1
117.286447763443,1
117.28789067268372,1
117.28792715072632,1
117.28825902938844,1
117.28828191757202,1
117.28866291046144,1
117.30835676193236,1
117.30837965011597,1
117.30839800834656,1
117.32932090759276,1
117.32933521270752,1
117.32935571670532,1
117.33347702026369,1
117.35083627700806,1
117.35087704658508,1
117.35091161727904,1
117.36454272270204,1
117.36457347869872,1
117.36588621139526,1
117.36590480804443,1
117.36626839637756,1
117.36629915237428,1
117.36996173858644,1
117.3699758052826,1
117.36999130249023,1
117.37140917778017,1
117.3719470500946,1
117.3719801902771,1
117.38956356048584,1
117.38959074020386,1
117.3896143436432,1
117.3904299736023,1
117.3906795978546,1
117.39172649383544,1
117.3917441368103,1
117.39289379119872,1
117.39291071891785,1
117.39357709884644,1
117.40911269187929,1
117.40914154052734,1
117.40921688079834,1
117.42131233215332,1
117.42132878303528,1
117.42165541648863,1
117.4216718673706,1
117.42172169685364,1
117.4217562675476,1
117.42178297042848,1
117.42179822921752,1
117.42183089256288,1
117.43614196777344,1
117.44955253601074,1
117.4495530128479,1
117.44958877563477,1
117.45975494384766,1
117.4597659111023,1
117.4597818851471,1
117.46126294136047,1
117.46145224571228,1
117.46146392822266,1
117.4623510837555,1
117.4626522064209,1
117.4688560962677,1
117.4693021774292,1
117.46932196617126,1
117.48749542236328,1
117.48752069473268,1
117.48761415481567,1
117.50497889518738,1
117.50500106811523,1
117.50603699684144,1
117.5060579776764,1
117.50609707832336,1
117.50678539276124,1
117.50679993629456,1
117.50732040405272,1
117.50748920440674,1
117.50773096084596,1
117.50852823257446,1
117.50853204727171,1
117.50984358787537,1
117.5098683834076,1
117.5112452507019,1
117.51127171516418,1
117.51128387451172,1
117.51153826713562,1
117.513774394989,1
117.51379585266112,1
117.5138840675354,1
117.52194142341614,1
117.52196788787842,1
117.52197241783142,1
117.52879619598389,1
117.5289261341095,1
117.5289421081543,1
117.53389978408812,1
117.53683137893675,1
117.53697729110718,1
117.5483784675598,1
117.5483787059784,1
117.54842472076416,1
117.56324577331544,1
117.56326460838318,1
117.563307762146,1
117.56335735321044,1
117.56337666511536,1
117.56484723091124,1
117.56639575958252,1
117.56713819503784,1
117.56913661956789,1
117.56916189193726,1
117.569242477417,1
117.57822632789612,1
117.57848262786864,1
117.57850050926208,1
117.5786919593811,1
117.57873678207396,1
117.57875204086304,1
117.5787959098816,1
117.5891785621643,1
117.58920645713806,1
117.58964562416077,1
117.59317135810852,1
117.59318542480467,1
117.594797372818,1
117.59484958648682,1
117.609272480011,1
117.60930109024048,1
117.60931277275084,1
117.61806750297546,1
117.623291015625,1
117.62980675697328,1
117.62983226776124,1
117.63017463684082,1
117.633629322052,1
117.63900399208067,1
117.63903641700745,1
117.63906502723694,1
117.63909268379211,1
117.64943599700928,1
117.64943742752077,1
117.6494438648224,1
117.6651520729065,1
117.66539239883424,1
117.66561484336852,1
117.678466796875,1
117.680419921875,1
117.691641330719,1
117.69166541099548,1
117.69167518615724,1
117.7066957950592,1
117.70684790611269,1
117.7068691253662,1
117.70707058906557,1
117.70709180831908,1
117.70710325241087,1
117.707270860672,1
117.70790028572084,1
117.7079119682312,1
117.70810890197754,1
117.70812964439392,1
117.71064281463624,1
117.71066904067992,1
117.7106795310974,1
117.71656274795532,1
117.718416929245,1
117.72954511642456,1
117.7298686504364,1
117.7300398349762,1
117.7349259853363,1
117.73892569541933,1
117.73893690109252,1
117.74786901474,1
117.74788641929626,1
117.74812936782835,1
117.76554918289185,1
117.765625,1
117.76564979553224,1
117.76572394371031,1
117.76646280288696,1
117.76651382446288,1
117.7665913105011,1
117.76838278770448,1
117.76839828491212,1
117.76841044425964,1
117.7705020904541,1
117.7705283164978,1
117.77070736885072,1
117.7707269191742,1
117.77338337898254,1
117.77340865135191,1
117.77342343330383,1
117.77343893051147,1
117.77574610710144,1
117.77577352523804,1
117.77578639984132,1
117.78607058525084,1
117.78630518913268,1
117.78631973266602,1
117.78638529777528,1
117.78795790672302,1
117.7880036830902,1
117.78804063796996,1
117.78827476501463,1
117.788596868515,1
117.78862190246582,1
117.78865694999696,1
117.78869032859802,1
117.79022240638731,1
117.79024600982666,1
117.80841445922852,1
117.80844593048096,1
117.80849242210388,1
117.81241393089294,1
117.82847595214844,1
117.82851004600523,1
117.8288915157318,1
117.83499693870544,1
117.83543014526369,1
117.8358039855957,1
117.8363025188446,1
117.8386025428772,1
117.839031457901,1
117.83905816078186,1
117.84941744804382,1
117.8494429588318,1
117.84967374801636,1
117.8608751296997,1
117.86678433418274,1
117.86681270599364,1
117.86682868003844,1
117.86684226989746,1
117.86839151382446,1
117.86842131614684,1
117.87087726593018,1
117.8710596561432,1
117.8711621761322,1
117.8717622756958,1
117.87204360961914,1
117.87244725227356,1
117.89051842689514,1
117.8905577659607,1
117.89057397842409,1
117.90042901039124,1
117.90049052238464,1
117.90255069732666,1
117.90263509750366,1
117.90376877784728,1
117.91086721420288,1
117.91093349456789,1
117.91093587875366,1
117.924800157547,1
117.92861223220824,1
117.92863202095032,1
117.92875123023988,1
117.9287748336792,1
117.92896819114684,1
117.93781971931458,1
117.93843722343443,1
117.93947839736938,1
117.94600987434389,1
117.95583367347716,1
117.95585775375366,1
117.95616745948792,1
117.9757800102234,1
117.975811958313,1
117.9758231639862,1
117.98851919174194,1
117.99067950248718,1
117.99472951889038,1
117.99482893943788,1
117.99484062194824,1
117.99740505218506,1
117.99754929542542,1
117.99763536453248,1
117.99771904945374,1
118.01087355613708,1
118.01089358329772,1
118.01279091835022,1
118.01279187202454,1
118.01282119750977,1
118.0149359703064,1
118.01499032974245,1
118.01503086090088,1
118.01624298095705,1
118.01626968383788,1
118.01792454719543,1
118.01794481277466,1
118.01795983314514,1
118.01797413825987,1
118.01801204681396,1
118.02206301689148,1
118.02209854125977,1
118.02887725830078,1
118.03295302391052,1
118.03321313858032,1
118.03374576568604,1
118.03376460075378,1
118.0372760295868,1
118.0373044013977,1
118.03731513023376,1
118.03888750076294,1
118.03910398483276,1
118.03915429115295,1
118.03943943977356,1
118.0394639968872,1
118.03947353363036,1
118.04120540618896,1
118.04326796531676,1
118.04900026321413,1
118.04904174804688,1
118.04905533790588,1
118.06009030342102,1
118.06405591964722,1
118.06510472297668,1
118.06512093544006,1
118.0651695728302,1
118.06575965881348,1
118.065824508667,1
118.06607389450072,1
118.06947922706604,1
118.0695059299469,1
118.06953740119934,1
118.09030151367188,1
118.09033298492432,1
118.09035587310792,1
118.101167678833,1
118.10120558738708,1
118.1027581691742,1
118.10282802581789,1
118.1036777496338,1
118.11020231246948,1
118.11023998260498,1
118.11031579971312,1
118.12132668495178,1
118.1213445663452,1
118.12343382835388,1
118.12345719337463,1
118.1235203742981,1
118.12354063987732,1
118.12528538703918,1
118.12530255317688,1
118.12580466270448,1
118.13060283660889,1
118.13063478469849,1
118.13082933425903,1
118.13141131401062,1
118.1594181060791,1
118.15944766998292,1
118.1595380306244,1
118.1595470905304,1
118.16311860084534,1
118.16314363479614,1
118.16348671913148,1
118.1711287498474,1
118.17115354537964,1
118.17116451263428,1
118.1764636039734,1
118.19061040878296,1
118.1906397342682,1
118.19072246551514,1
118.19674396514893,1
118.196759223938,1
118.20007538795473,1
118.20008969306946,1
118.20012760162354,1
118.20946764945984,1
118.20949625968932,1
118.20965600013731,1
118.21421909332275,1
118.2288019657135,1
118.22883152961732,1
118.228844165802,1
118.23965501785278,1
118.23971343040466,1
118.2397255897522,1
118.2415964603424,1
118.24272322654724,1
118.24276304244997,1
118.24313354492188,1
118.24315547943117,1
118.24324584007265,1
118.24379253387453,1
118.24396800994872,1
118.2471480369568,1
118.2471752166748,1
118.24725675582886,1
118.2549102306366,1
118.25493836402892,1
118.25533390045166,1
118.2554841041565,1
118.25599956512453,1
118.25602507591248,1
118.25608658790588,1
118.26834106445312,1
118.2683699131012,1
118.26855945587158,1
118.28617644309998,1
118.28620624542236,1
118.28809213638306,1
118.28814315795898,1
118.28846311569214,1
118.28848505020142,1
118.28849744796752,1
118.28851175308228,1
118.28931093215942,1
118.2893443107605,1
118.29011821746826,1
118.29021906852722,1
118.29189777374268,1
118.29190921783449,1
118.29359030723572,1
118.29992175102234,1
118.29994940757751,1
118.30000901222228,1
118.30002903938292,1
118.30840253829956,1
118.30843758583067,1
118.30851864814758,1
118.3219838142395,1
118.32259893417358,1
118.32259941101074,1
118.32507753372192,1
118.32843446731567,1
118.33387422561646,1
118.33394145965576,1
118.33396029472352,1
118.33607530593872,1
118.3405647277832,1
118.34085583686829,1
118.3498547077179,1
118.34987044334412,1
118.34987306594849,1
118.3596613407135,1
118.35996437072754,1
118.36035060882568,1
118.36112809181212,1
118.36306476593018,1
118.3634753227234,1
118.36357307434082,1
118.36374092102052,1
118.3692741394043,1
118.3693163394928,1
118.36933135986328,1
118.38940405845642,1
118.38943076133728,1
118.38946199417114,1
118.39261150360107,1
118.3926329612732,1
118.3926441669464,1
118.39265727996826,1
118.39502763748168,1
118.3950445652008,1
118.3955283164978,1
118.39612102508544,1
118.39613819122314,1
118.3972306251526,1
118.39724969863892,1
118.39782500267027,1
118.40111684799194,1
118.43070721626282,1
118.43073344230652,1
118.43074655532835,1
118.4312002658844,1
118.44572281837463,1
118.44574499130248,1
118.44610953330994,1
118.45682311058044,1
118.45785284042358,1
118.45878195762634,1
118.4587972164154,1
118.45954370498656,1
118.45967030525208,1
118.4600944519043,1
118.46082663536072,1
118.460853099823,1
118.46086502075195,1
118.46094703674316,1
118.46599888801576,1
118.46602296829224,1
118.46603274345398,1
118.48517155647278,1
118.48519349098206,1
118.48519825935364,1
118.48563718795776,1
118.4856505393982,1
118.48566102981567,1
118.48576784133913,1
118.4890627861023,1
118.48947978019714,1
118.49052238464355,1
118.49052834510805,1
118.49832558631896,1
118.49835753440856,1
118.49946641921996,1
118.5030403137207,1
118.50333189964294,1
118.50390338897704,1
118.50392627716064,1
118.5039792060852,1
118.50849556922913,1
118.50851941108704,1
118.50853157043456,1
118.51539516448976,1
118.5154299736023,1
118.51544284820557,1
118.51548743247986,1
118.51840138435364,1
118.51842713356018,1
118.51887226104736,1
118.52834630012512,1
118.52837538719176,1
118.52887988090517,1
118.54836320877077,1
118.54839134216309,1
118.54839396476746,1
118.56950044631958,1
118.56953048706056,1
118.56954526901244,1
118.58836340904236,1
118.58922910690308,1
118.58923530578612,1
118.5892584323883,1
118.59324979782104,1
118.59349775314332,1
118.59351634979248,1
118.59352779388428,1
118.5953688621521,1
118.59538435935974,1
118.59539699554443,1
118.59679794311523,1
118.5967984199524,1
118.59873056411745,1
118.59885358810423,1
118.60230135917664,1
118.60974359512328,1
118.61001968383788,1
118.6100549697876,1
118.6195924282074,1
118.62012600898744,1
118.62014961242676,1
118.62016129493712,1
118.62018179893494,1
118.62019419670104,1
118.62020611763,1
118.63097763061523,1
118.64855861663818,1
118.64858770370483,1
118.64876461029051,1
118.65406441688538,1
118.65451693534852,1
118.65455055236816,1
118.65458583831789,1
118.66740465164185,1
118.6674463748932,1
118.667462348938,1
118.6761360168457,1
118.67733931541444,1
118.6773910522461,1
118.67739701271056,1
118.67850947380066,1
118.67853832244872,1
118.67872285842896,1
118.67898845672607,1
118.67941498756409,1
118.6795938014984,1
118.67959547042848,1
118.68656253814696,1
118.68658423423769,1
118.68673539161682,1
118.69958543777466,1
118.699853181839,1
118.70095896720886,1
118.701269865036,1
118.70160484313963,1
118.70547676086426,1
118.70547747612,1
118.70551252365112,1
118.70898580551147,1
118.70902276039124,1
118.70936441421507,1
118.71456503868104,1
118.71471619606018,1
118.7147319316864,1
118.7147433757782,1
118.71560144424438,1
118.71620750427246,1
118.71644401550292,1
118.72959399223328,1
118.7296142578125,1
118.72965216636658,1
118.74544596672058,1
118.74700212478638,1
118.74804520606996,1
118.75010180473328,1
118.75016903877258,1
118.75397396087646,1
118.75698947906494,1
118.757071018219,1
118.7594096660614,1
118.75943303108215,1
118.75944566726685,1
118.7601969242096,1
118.76095128059389,1
118.76164078712463,1
118.76195549964903,1
118.76960706710815,1
118.7696635723114,1
118.7697069644928,1
118.77386832237244,1
118.77389407157898,1
118.77519917488098,1
118.77549624443054,1
118.78952932357788,1
118.7895574569702,1
118.78956842422484,1
118.79248809814452,1
118.80914449691772,1
118.80939865112305,1
118.80952215194702,1
118.83875966072084,1
118.83877205848694,1
118.83878302574158,1
118.83879566192628,1
118.84152126312256,1
118.84179973602296,1
118.84182453155518,1
118.84298181533812,1
118.84649682044984,1
118.84654569625854,1
118.84655976295473,1
118.84656286239624,1
118.85113549232484,1
118.85534763336182,1
118.85536170005798,1
118.8553729057312,1
118.85538387298584,1
118.8586127758026,1
118.85865902900696,1
118.85870003700256,1
118.86673498153688,1
118.8667378425598,1
118.86676669120789,1
118.88374423980711,1
118.88565826416016,1
118.88568258285522,1
118.88569259643556,1
118.88705897331238,1
118.88708090782166,1
118.88709092140198,1
118.88711142539978,1
118.90558218955994,1
118.90560960769652,1
118.90563893318176,1
118.90961265563963,1
118.90972900390624,1
118.90974521636964,1
118.91131019592284,1
118.9113335609436,1
118.91328978538512,1
118.91332006454468,1
118.91535329818726,1
118.91535782814026,1
118.9153642654419,1
118.91536498069765,1
118.91800618171692,1
118.91806936264038,1
118.91808438301086,1
118.918701171875,1
118.91952848434448,1
118.92600846290588,1
118.9260323047638,1
118.92608976364136,1
118.9291808605194,1
118.92918348312378,1
118.92920708656312,1
118.93464136123656,1
118.93903470039368,1
118.93904876708984,1
118.94849109649658,1
118.94853234291077,1
118.9485445022583,1
118.95569682121275,1
118.95602655410768,1
118.95604372024536,1
118.95627117156982,1
118.9576416015625,1
118.95767641067503,1
118.95778155326845,1
118.96006321907043,1
118.9704475402832,1
118.97048354148863,1
118.97051858901978,1
118.98168182373048,1
118.98176956176758,1
118.9884877204895,1
118.98851227760316,1
118.98855257034302,1
118.99369525909424,1
118.99372053146362,1
118.99375891685486,1
118.99379444122314,1
118.99606919288637,1
118.99608492851256,1
118.99613213539124,1
119.0092704296112,1
119.009299993515,1
119.00990772247314,1
119.0133137702942,1
119.01349234580994,1
119.01465797424316,1
119.014662027359,1
119.02924466133118,1
119.02927303314208,1
119.02929759025574,1
119.0393340587616,1
119.04242491722108,1
119.04243326187134,1
119.04243636131288,1
119.04244756698608,1
119.04402995109558,1
119.04404282569884,1
119.04431986808775,1
119.05165886878969,1
119.06785893440248,1
119.06788516044617,1
119.06789708137512,1
119.08220601081848,1
119.08222913742064,1
119.084166765213,1
119.08419275283812,1
119.08478164672852,1
119.0847954750061,1
119.08552646636964,1
119.08577728271484,1
119.08579325675964,1
119.08603835105896,1
119.0860517024994,1
119.08738088607788,1
119.08740377426147,1
119.08780312538148,1
119.09947681427002,1
119.10153889656068,1
119.10717582702635,1
119.10719990730286,1
119.10725092887878,1
119.11598420143127,1
119.12641716003418,1
119.1264443397522,1
119.12650632858276,1
119.140625,1
119.14063787460329,1
119.1416630744934,1
119.14202046394348,1
119.14204382896423,1
119.1420955657959,1
119.14588451385498,1
119.14590978622437,1
119.14592242240906,1
119.14794397354126,1
119.14796900749208,1
119.1483154296875,1
119.15716433525084,1
119.15719890594482,1
119.15721368789671,1
119.1591465473175,1
119.15917563438416,1
119.15917944908142,1
119.15918564796448,1
119.16096782684326,1
119.1610095500946,1
119.16101217269896,1
119.16143131256104,1
119.17546892166138,1
119.17549633979796,1
119.17569184303284,1
119.1767919063568,1
119.1878101825714,1
119.18783164024352,1
119.1878433227539,1
119.1878547668457,1
119.18849420547484,1
119.18849802017212,1
119.1885223388672,1
119.1902837753296,1
119.19031286239624,1
119.19038581848145,1
119.1922092437744,1
119.1922252178192,1
119.19656991958618,1
119.19687032699584,1
119.19689106941225,1
119.20885610580444,1
119.20892214775084,1
119.20895576477052,1
119.2104082107544,1
119.22871947288512,1
119.2287437915802,1
119.22879815101624,1
119.25080800056458,1
119.25084161758424,1
119.2517635822296,1
119.2632942199707,1
119.26350474357604,1
119.26363134384157,1
119.263658285141,1
119.27025151252748,1
119.27028441429138,1
119.27031970024107,1
119.27075481414796,1
119.27082633972168,1
119.2708466053009,1
119.27096557617188,1
119.27743864059448,1
119.27747511863708,1
119.2774932384491,1
119.27764058113098,1
119.277676820755,1
119.2777349948883,1
119.2777543067932,1
119.27903532981873,1
119.27906537055968,1
119.29001116752625,1
119.29004764556883,1
119.29004883766174,1
119.30442643165588,1
119.30449271202087,1
119.3058831691742,1
119.31437611579896,1
119.31489157676695,1
119.3150703907013,1
119.33621644973756,1
119.33624124526978,1
119.3362443447113,1
119.33799362182616,1
119.35488033294678,1
119.35490775108336,1
119.35496377944946,1
119.36604189872742,1
119.36605620384216,1
119.3737404346466,1
119.37376618385316,1
119.37377667427064,1
119.37939476966858,1
119.3794093132019,1
119.37953066825868,1
119.37954545021056,1
119.38028359413148,1
119.3803505897522,1
119.38036346435548,1
119.38037586212158,1
119.39073944091795,1
119.39078617095949,1
119.39079999923706,1
119.39200067520142,1
119.39272713661194,1
119.3927390575409,1
119.39288067817688,1
119.39577889442444,1
119.39579129219057,1
119.39579916000366,1
119.39789843559264,1
119.3979127407074,1
119.4011526107788,1
119.40146851539612,1
119.40274333953856,1
119.40275692939758,1
119.40276217460632,1
119.40276622772215,1
119.40602350234984,1
119.4060366153717,1
119.4060697555542,1
119.41088891029358,1
119.4115824699402,1
119.4116096496582,1
119.4116234779358,1
119.42017674446106,1
119.4201910495758,1
119.42020583152772,1
119.43204021453856,1
119.43206930160522,1
119.4320707321167,1
119.44840383529665,1
119.4484040737152,1
119.44898867607117,1
119.4539303779602,1
119.45394825935364,1
119.45399355888368,1
119.4540078639984,1
119.4556965827942,1
119.45570874214172,1
119.45574378967284,1
119.4684281349182,1
119.4685287475586,1
119.46875166893004,1
119.47244358062744,1
119.4923951625824,1
119.49243116378784,1
119.49245142936708,1
119.50269556045532,1
119.5027039051056,1
119.50273394584656,1
119.50275087356567,1
119.50521111488342,1
119.50525331497192,1
119.50526094436646,1
119.5067493915558,1
119.50686049461363,1
119.50906562805176,1
119.50911855697632,1
119.51068663597108,1
119.51071763038637,1
119.51073670387268,1
119.51983952522278,1
119.52209973335266,1
119.53907585144044,1
119.544109582901,1
119.5441472530365,1
119.54778838157654,1
119.54783010482788,1
119.5478332042694,1
119.54784798622131,1
119.5495822429657,1
119.54963970184326,1
119.5496587753296,1
119.5601568222046,1
119.56027889251708,1
119.56029224395752,1
119.57840132713318,1
119.57842874526978,1
119.57848381996156,1
119.58804082870483,1
119.59219527244568,1
119.59238862991332,1
119.5924038887024,1
119.59241557121275,1
119.59688687324524,1
119.5969009399414,1
119.59749126434326,1
119.59837913513184,1
119.59840655326845,1
119.5987138748169,1
119.59875321388245,1
119.60016512870789,1
119.60018920898438,1
119.60019278526306,1
119.60240960121156,1
119.6047945022583,1
119.605886220932,1
119.61961197853088,1
119.61964201927184,1
119.61965227127077,1
119.62583541870116,1
119.62720990180968,1
119.62725853919984,1
119.62730407714844,1
119.63316893577576,1
119.63319873809814,1
119.63599514961244,1
119.6393494606018,1
119.63938212394714,1
119.63939189910889,1
119.63943910598756,1
119.63947796821594,1
119.63951563835144,1
119.64236688613892,1
119.64369034767152,1
119.64391207695007,1
119.64393782615662,1
119.64583683013916,1
119.65672945976256,1
119.6567542552948,1
119.65676689147948,1
119.65676927566528,1
119.65833568572998,1
119.65835475921632,1
119.65836477279665,1
119.6603364944458,1
119.66034150123596,1
119.66070580482484,1
119.66089129447936,1
119.66091442108154,1
119.6611351966858,1
119.6689829826355,1
119.66900873184204,1
119.66906571388245,1
119.67541337013245,1
119.68936228752136,1
119.68977856636047,1
119.68984389305116,1
119.70090985298155,1
119.7009391784668,1
119.7023060321808,1
119.70243525505066,1
119.70304846763612,1
119.710688829422,1
119.71072459220886,1
119.7107400894165,1
119.71657180786131,1
119.7165880203247,1
119.71828508377077,1
119.71842312812804,1
119.71844172477722,1
119.71851587295532,1
119.73002910614014,1
119.73006415367126,1
119.73016929626463,1
119.75000309944151,1
119.75003933906557,1
119.75005674362184,1
119.75738167762756,1
119.7574291229248,1
119.75744819641112,1
119.7582459449768,1
119.78994011878969,1
119.78996992111206,1
119.78997087478638,1
119.78997159004211,1
119.79162645339966,1
119.79173588752748,1
119.79291319847108,1
119.79295325279236,1
119.7941541671753,1
119.7941906452179,1
119.79637050628662,1
119.79639887809752,1
119.796409368515,1
119.8118932247162,1
119.81504321098328,1
119.81505417823792,1
119.81524562835692,1
119.81824660301208,1
119.81827664375304,1
119.81829190254211,1
119.81932401657104,1
119.8193542957306,1
119.82034158706664,1
119.82704830169678,1
119.8362123966217,1
119.8362410068512,1
119.83627939224245,1
119.8475341796875,1
119.84755897521973,1
119.8475911617279,1
119.8477931022644,1
119.8481307029724,1
119.8484432697296,1
119.84887290000916,1
119.84988069534302,1
119.8499026298523,1
119.84990334510805,1
119.84991335868835,1
119.85102987289427,1
119.85113024711607,1
119.85114622116087,1
119.85143852233888,1
119.85724067687988,1
119.85726618766785,1
119.85729885101318,1
119.85779857635498,1
119.875061750412,1
119.8750832080841,1
119.87509083747864,1
119.87719345092772,1
119.87725710868835,1
119.87726759910583,1
119.8890345096588,1
119.88966917991638,1
119.8897099494934,1
119.889723777771,1
119.89294838905334,1
119.89494442939758,1
119.89500689506532,1
119.89524698257446,1
119.89532446861269,1
119.89536213874815,1
119.89572811126708,1
119.89629697799684,1
119.8963222503662,1
119.8968677520752,1
119.89690136909483,1
119.89907479286194,1
119.90048122406006,1
119.90916037559508,1
119.90919208526611,1
119.90924954414368,1
119.93017625808716,1
119.93021297454834,1
119.93022680282591,1
119.9349946975708,1
119.94016361236572,1
119.94023203849792,1
119.95073318481444,1
119.95076179504396,1
119.9507987499237,1
119.95907878875732,1
119.96094489097597,1
119.96106934547424,1
119.96108746528624,1
119.96168565750122,1
119.961740732193,1
119.9620521068573,1
119.96944189071657,1
119.96962642669678,1
119.96968817710876,1
119.97321772575378,1
120.00734186172484,1
120.00737309455872,1
120.0073835849762,1
120.01694774627686,1
120.01694798469543,1
120.01698160171507,1
120.02781271934508,1
120.02783465385436,1
120.02806329727171,1
120.02808928489684,1
120.03042912483215,1
120.03086376190186,1
120.0308792591095,1
120.03261518478394,1
120.03265023231506,1
120.03584456443788,1
120.0358865261078,1
120.03593230247498,1
120.03605198860168,1
120.03608655929564,1
120.03622364997864,1
120.04057931900024,1
120.04060196876526,1
120.04063749313354,1
120.04100513458252,1
120.04353713989258,1
120.04363989830016,1
120.0436532497406,1
120.0552740097046,1
120.0553011894226,1
120.05530428886414,1
120.07557249069214,1
120.07560634613036,1
120.0760600566864,1
120.08876371383668,1
120.09335017204285,1
120.0935764312744,1
120.09359979629517,1
120.09364199638368,1
120.09528255462646,1
120.09531450271606,1
120.09533047676086,1
120.09805512428284,1
120.0980784893036,1
120.0982151031494,1
120.09964656829834,1
120.09968209266664,1
120.10137629508972,1
120.10145401954652,1
120.10517978668211,1
120.10524702072144,1
120.105370759964,1
120.1054139137268,1
120.10802984237672,1
120.10867929458618,1
120.1086928844452,1
120.10993313789368,1
120.11219382286072,1
120.1153793334961,1
120.11542582511902,1
120.1154305934906,1
120.12867856025696,1
120.1286792755127,1
120.12873816490172,1
120.14832735061646,1
120.1585340499878,1
120.15900492668152,1
120.16391086578368,1
120.16393637657166,1
120.16395664215088,1
120.16437649726868,1
120.16442656517027,1
120.16447043418884,1
120.1644880771637,1
120.16578316688538,1
120.16727614402772,1
120.16801929473876,1
120.16804957389832,1
120.17039680480956,1
120.17042207717896,1
120.17312288284302,1
120.17377209663393,1
120.17402482032776,1
120.17721152305604,1
120.18751502037048,1
120.18794989585876,1
120.18795251846312,1
120.18797492980956,1
120.18834853172302,1
120.18863654136658,1
120.18865871429443,1
120.18926787376404,1
120.18928980827332,1
120.18956637382507,1
120.19139313697816,1
120.1914210319519,1
120.19289898872375,1
120.19328737258913,1
120.19677662849426,1
120.20906805992126,1
120.20909595489502,1
120.20913815498352,1
120.21360635757446,1
120.22928929328918,1
120.2293164730072,1
120.2293291091919,1
120.23501515388487,1
120.23503923416138,1
120.23504996299744,1
120.23506569862366,1
120.2371232509613,1
120.237149477005,1
120.2400393486023,1
120.26089477539062,1
120.26273083686829,1
120.26354503631592,1
120.26583790779114,1
120.26586294174194,1
120.26592111587524,1
120.27480959892272,1
120.27516102790833,1
120.27554559707642,1
120.27598404884338,1
120.27620697021484,1
120.27641105651855,1
120.27683854103088,1
120.28823757171632,1
120.28920078277588,1
120.289222240448,1
120.30120921134947,1
120.30122470855711,1
120.30299544334412,1
120.3032729625702,1
120.3056185245514,1
120.30564045906068,1
120.30569767951964,1
120.32617282867432,1
120.32620334625244,1
120.32621479034424,1
120.33883571624756,1
120.34569573402403,1
120.34571313858032,1
120.345725774765,1
120.35125374794006,1
120.35125732421876,1
120.36565685272215,1
120.36568260192873,1
120.36572527885436,1
120.38154363632202,1
120.38157510757446,1
120.38158917427064,1
120.38920307159424,1
120.38923120498656,1
120.38932394981384,1
120.3893404006958,1
120.39135551452635,1
120.391419172287,1
120.39143872261047,1
120.39287281036376,1
120.39288306236269,1
120.39289569854736,1
120.39289617538452,1
120.39613175392152,1
120.39614605903624,1
120.396155834198,1
120.39617109298706,1
120.3961877822876,1
120.39624619483948,1
120.3963177204132,1
120.40189838409424,1
120.40192127227785,1
120.40327405929564,1
120.40332961082458,1
120.40846920013428,1
120.40847373008728,1
120.40850329399107,1
120.41201639175416,1
120.42873001098631,1
120.42875146865843,1
120.42875814437866,1
120.4335868358612,1
120.43361330032349,1
120.4336416721344,1
120.43367743492126,1
120.4362063407898,1
120.43626189231873,1
120.4368085861206,1
120.450825214386,1
120.45085287094116,1
120.4509093761444,1
120.45119786262512,1
120.469660282135,1
120.4696877002716,1
120.4697048664093,1
120.49053478240968,1
120.49057269096376,1
120.49085998535156,1
120.49862504005432,1
120.49867510795592,1
120.50052547454834,1
120.50056028366087,1
120.50071597099304,1
120.5011157989502,1
120.5039050579071,1
120.50402116775513,1
120.5040876865387,1
120.51171684265135,1
120.51174998283386,1
120.51180291175842,1
120.51993155479433,1
120.51997351646423,1
120.52186369895936,1
120.521892786026,1
120.52299165725708,1
120.53188967704772,1
120.53197741508484,1
120.53203010559082,1
120.53395557403564,1
120.53397941589355,1
120.5339994430542,1
120.53404641151428,1
120.56403398513794,1
120.56508493423462,1
120.56517934799194,1
120.57089257240295,1
120.57588934898376,1
120.575909614563,1
120.57592010498048,1
120.5762267112732,1
120.57899689674376,1
120.58708000183104,1
120.58709239959715,1
120.58710312843324,1
120.58732628822328,1
120.59000039100648,1
120.59001183509828,1
120.59002423286438,1
120.59128975868224,1
120.5913233757019,1
120.59498023986816,1
120.59499621391296,1
120.59615755081175,1
120.59616017341614,1
120.59623336791992,1
120.59623646736144,1
120.5987298488617,1
120.59875440597534,1
120.59876465797424,1
120.61382818222046,1
120.61425614356996,1
120.61472964286804,1
120.6164047718048,1
120.61707019805908,1
120.61709332466124,1
120.6171326637268,1
120.63653230667114,1
120.63656067848206,1
120.63657116889954,1
120.63753390312196,1
120.63765072822572,1
120.63768339157104,1
120.6384630203247,1
120.63851714134216,1
120.6385374069214,1
120.63986587524414,1
120.64061570167542,1
120.64062643051147,1
120.64081263542175,1
120.64920616149902,1
120.6492338180542,1
120.64924502372742,1
120.65896677970886,1
120.66052961349487,1
120.6611351966858,1
120.6693685054779,1
120.6693925857544,1
120.66940951347352,1
120.67547917366028,1
120.68991494178772,1
120.69059801101685,1
120.69060850143433,1
120.6906235218048,1
120.69146180152892,1
120.6914882659912,1
120.69150137901306,1
120.695618391037,1
120.69781589508057,1
120.6978325843811,1
120.69783878326416,1
120.69784688949584,1
120.69786047935486,1
120.69902300834656,1
120.70098376274107,1
120.7039988040924,1
120.7092308998108,1
120.70925855636597,1
120.70931100845335,1
120.73059844970705,1
120.73064255714417,1
120.73065900802612,1
120.73222875595091,1
120.75008606910706,1
120.7501060962677,1
120.75015592575072,1
120.76157474517822,1
120.76159429550172,1
120.76292538642883,1
120.7629599571228,1
120.76297640800476,1
120.76358342170715,1
120.76545596122742,1
120.76550436019896,1
120.76626920700072,1
120.77195763587952,1
120.78823399543762,1
120.78826093673706,1
120.7882924079895,1
120.80731868743896,1
120.80735039711,1
120.80736422538756,1
120.8102695941925,1
120.81030702590942,1
120.81189227104188,1
120.81193256378174,1
120.8127875328064,1
120.81336379051208,1
120.81347823143004,1
120.81687331199646,1
120.81689763069151,1
120.8189342021942,1
120.81895542144775,1
120.83081245422365,1
120.8308641910553,1
120.83089113235474,1
120.85011959075928,1
120.85017490386964,1
120.8501913547516,1
120.8535943031311,1
120.86686968803406,1
120.86689400672913,1
120.86690616607666,1
120.87529945373537,1
120.87534356117249,1
120.87538504600523,1
120.87689518928528,1
120.87689638137816,1
120.8769109249115,1
120.87691354751588,1
120.8804898262024,1
120.8804931640625,1
120.88050699234007,1
120.88244152069092,1
120.88246822357178,1
120.88278365135191,1
120.88283109664916,1
120.89503526687622,1
120.89518237113953,1
120.89530301094057,1
120.89532375335692,1
120.895427942276,1
120.89563059806824,1
120.89616799354552,1
120.90839385986328,1
120.90841460227966,1
120.90843105316162,1
120.92289161682127,1
120.92297506332396,1
120.92426133155824,1
120.92429852485655,1
120.92565512657166,1
120.92572355270386,1
120.92837047576904,1
120.9284040927887,1
120.92846250534058,1
120.94051599502563,1
120.95742535591124,1
120.95744562149048,1
120.95747828483582,1
120.95872139930724,1
120.95878887176514,1
120.95916032791138,1
120.95918202400208,1
120.9618113040924,1
120.96183109283449,1
120.9618320465088,1
120.96183896064758,1
120.96512007713318,1
120.96605849266052,1
120.97062587738036,1
120.97064447402954,1
120.97066330909728,1
120.9763023853302,1
120.97632670402528,1
120.97685313224792,1
120.97687935829164,1
120.97924828529358,1
120.97946691513062,1
120.97970867156982,1
120.98928189277648,1
120.98931002616882,1
120.9893205165863,1
120.99376153945924,1
120.9958131313324,1
120.99603652954102,1
121.0093445777893,1
121.00937294960022,1
121.0094141960144,1
121.02926325798036,1
121.02927684783936,1
121.02929139137268,1
121.06867814064026,1
121.06870794296265,1
121.0687747001648,1
121.06923079490662,1
121.07053470611572,1
121.072172164917,1
121.07603812217712,1
121.07746028900146,1
121.07751941680908,1
121.07765579223631,1
121.0785608291626,1
121.07927060127258,1
121.07929134368896,1
121.0793023109436,1
121.08563041687012,1
121.0883355140686,1
121.09050750732422,1
121.09053373336792,1
121.09057307243349,1
121.09218549728394,1
121.09219884872437,1
121.09228157997131,1
121.09229445457458,1
121.10462188720705,1
121.10463690757751,1
121.10469484329224,1
121.10673785209656,1
121.10673928260805,1
121.10743618011476,1
121.1074516773224,1
121.109206199646,1
121.10923647880554,1
121.10941481590272,1
121.1094319820404,1
121.1096920967102,1
121.10971450805664,1
121.10974335670473,1
121.11109733581544,1
121.11112332344057,1
121.11128973960876,1
121.11406016349792,1
121.12752413749696,1
121.12754845619202,1
121.12754893302916,1
121.12992596626282,1
121.1299512386322,1
121.12996172904968,1
121.13927388191225,1
121.13929653167725,1
121.14058423042296,1
121.14184212684631,1
121.14185833930968,1
121.1419072151184,1
121.14291501045228,1
121.14294123649596,1
121.1432077884674,1
121.14929151535034,1
121.14970755577087,1
121.14989471435548,1
121.14991974830627,1
121.169180393219,1
121.16922187805176,1
121.16922283172607,1
121.17548274993896,1
121.18971157073976,1
121.1899950504303,1
121.1900188922882,1
121.19549822807312,1
121.19551205635072,1
121.19555139541626,1
121.19556403160097,1
121.19800662994383,1
121.19806623458862,1
121.1980836391449,1
121.20052790641785,1
121.20054149627686,1
121.20055413246156,1
121.2005660533905,1
121.2013382911682,1
121.20512652397156,1
121.20659494400024,1
121.20916414260864,1
121.2092351913452,1
121.20986604690552,1
121.20986700057983,1
121.21359729766846,1
121.21540069580078,1
121.21551084518433,1
121.21553111076356,1
121.22943544387816,1
121.22946500778198,1
121.2299439907074,1
121.23176789283752,1
121.2317681312561,1
121.23178100585938,1
121.24942660331726,1
121.24968886375429,1
121.24971771240234,1
121.2638475894928,1
121.26822662353516,1
121.26859068870544,1
121.26864171028136,1
121.26866149902344,1
121.27107048034668,1
121.27109980583192,1
121.27117037773132,1
121.27260851860046,1
121.27283430099487,1
121.27285528182983,1
121.30109810829164,1
121.301171541214,1
121.30269813537598,1
121.30271410942078,1
121.316956281662,1
121.31716775894164,1
121.31758737564088,1
121.31764674186708,1
121.32281684875488,1
121.32283115386964,1
121.33783388137816,1
121.33785796165466,1
121.3378643989563,1
121.33918356895448,1
121.3391981124878,1
121.33920884132384,1
121.33922004699708,1
121.34046697616576,1
121.34051489830016,1
121.34079670906068,1
121.3437113761902,1
121.343736410141,1
121.345942735672,1
121.34595346450806,1
121.34616327285768,1
121.34616661071776,1
121.34637236595154,1
121.35102915763856,1
121.35754871368408,1
121.35754990577698,1
121.35757899284364,1
121.36062335968018,1
121.36064791679382,1
121.36066055297852,1
121.36964869499208,1
121.36967611312866,1
121.36971735954285,1
121.38894081115724,1
121.38975858688354,1
121.3897807598114,1
121.38980770111084,1
121.3898434638977,1
121.38986849784852,1
121.38994526863098,1
121.39158892631532,1
121.39160084724426,1
121.39161396026611,1
121.39359641075134,1
121.3936219215393,1
121.39499974250792,1
121.39501237869264,1
121.39581489562988,1
121.40185356140135,1
121.40186429023744,1
121.40187668800354,1
121.40191102027892,1
121.4035189151764,1
121.40352368354796,1
121.40372133255003,1
121.40915131568909,1
121.4091866016388,1
121.41795563697816,1
121.41944479942322,1
121.42986059188844,1
121.4298927783966,1
121.42990493774414,1
121.43085956573486,1
121.44974708557127,1
121.4497570991516,1
121.44977498054504,1
121.47016406059264,1
121.47018337249756,1
121.47018647193909,1
121.47664213180542,1
121.47680139541626,1
121.47682571411131,1
121.47683930397034,1
121.48010969161987,1
121.48032999038696,1
121.48035407066344,1
121.48158288002014,1
121.48239731788637,1
121.48975133895874,1
121.48978328704834,1
121.48982691764832,1
121.49377274513245,1
121.5105082988739,1
121.51054906845091,1
121.51056504249571,1
121.53029537200928,1
121.5302984714508,1
121.56398010253906,1
121.56398034095764,1
121.56401991844176,1
121.57250595092772,1
121.57253384590148,1
121.57405400276184,1
121.57425951957704,1
121.5746648311615,1
121.57550597190856,1
121.58141875267027,1
121.58141946792604,1
121.58144402503969,1
121.58207821846008,1
121.59668397903442,1
121.5967137813568,1
121.59672570228577,1
121.59673690795898,1
121.59767937660216,1
121.59770321846008,1
121.59771656990053,1
121.5989933013916,1
121.59901762008668,1
121.5993630886078,1
121.59936571121216,1
121.60071516036987,1
121.600741147995,1
121.60100531578064,1
121.60267090797424,1
121.60268831253052,1
121.60274267196657,1
121.6040894985199,1
121.60923910140993,1
121.61159300804138,1
121.61160850524902,1
121.61493396759032,1
121.6199221611023,1
121.62067937850952,1
121.62068390846252,1
121.6224558353424,1
121.6225085258484,1
121.62252163887024,1
121.629567861557,1
121.6295931339264,1
121.62964415550232,1
121.63317394256592,1
121.63422083854675,1
121.63422203063963,1
121.63423728942873,1
121.63603687286376,1
121.63606309890748,1
121.63625836372375,1
121.65119481086732,1
121.6512222290039,1
121.65128254890442,1
121.65304136276244,1
121.66926336288452,1
121.6692886352539,1
121.66945028305054,1
121.67527055740356,1
121.68998742103577,1
121.69000363349916,1
121.69001579284668,1
121.69165110588074,1
121.69272089004517,1
121.69279646873474,1
121.69281554222108,1
121.69345784187315,1
121.69349265098572,1
121.69376158714294,1
121.69644713401794,1
121.69647812843324,1
121.69775223731996,1
121.69778084754944,1
121.71112632751463,1
121.71115851402284,1
121.7112078666687,1
121.7176549434662,1
121.72290468215942,1
121.72304773330688,1
121.73041319847108,1
121.73044872283936,1
121.73095965385436,1
121.75144338607788,1
121.75207757949828,1
121.75304198265076,1
121.75306725502014,1
121.7531394958496,1
121.75403714179993,1
121.75446200370789,1
121.75762629508972,1
121.75768375396729,1
121.7577793598175,1
121.75970125198364,1
121.76250720024107,1
121.76848459243774,1
121.77159023284912,1
121.77162051200868,1
121.7716555595398,1
121.77594542503356,1
121.77598786354064,1
121.77602553367616,1
121.77605652809144,1
121.78380942344666,1
121.78383708000185,1
121.78449320793152,1
121.78549003601074,1
121.78606033325195,1
121.78608512878418,1
121.78634786605836,1
121.7876114845276,1
121.78763508796692,1
121.7876362800598,1
121.78903460502625,1
121.78934812545776,1
121.793306350708,1
121.7933361530304,1
121.80804967880248,1
121.8081202507019,1
121.8081350326538,1
121.81041264533997,1
121.81044149398804,1
121.81045198440552,1
121.81556034088136,1
121.81972193717957,1
121.81974577903748,1
121.8197729587555,1
121.8199896812439,1
121.82922601699828,1
121.82925033569336,1
121.82926106452942,1
121.84600615501404,1
121.8465781211853,1
121.84678840637208,1
121.84680151939392,1
121.8520896434784,1
121.8521168231964,1
121.85212755203248,1
121.85264492034912,1
121.85265731811523,1
121.85720801353456,1
121.85804533958436,1
121.85807847976685,1
121.85809135437012,1
121.86915731430054,1
121.86918425559998,1
121.86921977996826,1
121.876131772995,1
121.87644100189208,1
121.87648797035216,1
121.87781763076782,1
121.87784600257874,1
121.88810992240906,1
121.88813662528992,1
121.88967251777648,1
121.8897066116333,1
121.88979387283324,1
121.91007781028748,1
121.9101140499115,1
121.91079115867616,1
121.9176468849182,1
121.92287349700928,1
121.9229736328125,1
121.93107843399048,1
121.93111538887024,1
121.93113446235655,1
121.9384379386902,1
121.93897342681883,1
121.93899631500244,1
121.93901467323305,1
121.94260668754578,1
121.9428505897522,1
121.94299483299255,1
121.94407272338869,1
121.9509093761444,1
121.95094799995422,1
121.95096349716188,1
121.96033000946044,1
121.96109390258788,1
121.96109890937804,1
121.96114349365234,1
121.96321773529051,1
121.96323847770692,1
121.96422266960144,1
121.9648072719574,1
121.96967220306396,1
121.96971940994264,1
121.9824366569519,1
121.98595070838928,1
121.98740673065186,1
121.9877097606659,1
121.98784446716309,1
121.987877368927,1
121.99654173851012,1
121.99708485603333,1
121.99779224395752,1
121.99822545051576,1
121.99995255470276,1
122.00066256523132,1
122.00123023986816,1
122.0097153186798,1
122.00972843170166,1
122.00973987579346,1
122.01217770576476,1
122.01251983642578,1
122.01274609565736,1
122.01300406455994,1
122.01394724845886,1
122.01431131362916,1
122.01448583602904,1
122.02851009368896,1
122.02853918075562,1
122.02854943275452,1
122.03060960769652,1
122.0306327342987,1
122.03067398071288,1
122.04986715316772,1
122.04986882209778,1
122.04989695549013,1
122.06142234802246,1
122.06570982933044,1
122.06574559211732,1
122.065758228302,1
122.0657720565796,1
122.068053483963,1
122.06808042526244,1
122.06809210777284,1
122.06985759735107,1
122.06988525390624,1
122.06990122795104,1
122.0901062488556,1
122.09020757675172,1
122.09022116661072,1
122.10053253173828,1
122.110985994339,1
122.11127948760986,1
122.11230492591858,1
122.11732649803162,1
122.1173357963562,1
122.13139081001282,1
122.13144779205322,1
122.13147044181824,1
122.14176177978516,1
122.14181518554688,1
122.14188838005066,1
122.14505696296692,1
122.14586067199708,1
122.14592504501344,1
122.14601278305054,1
122.14678430557252,1
122.14689469337463,1
122.1522479057312,1
122.1522934436798,1
122.15234732627869,1
122.15708756446838,1
122.15714621543884,1
122.15876626968384,1
122.1674439907074,1
122.17105555534364,1
122.17115068435668,1
122.1711654663086,1
122.17856192588806,1
122.19471096992493,1
122.19474482536316,1
122.19478464126588,1
122.19479870796204,1
122.19484186172484,1
122.19487524032591,1
122.19490551948547,1
122.19493627548218,1
122.19498491287231,1
122.19765639305116,1
122.19768381118774,1
122.19792985916138,1
122.2008957862854,1
122.20091962814332,1
122.20457649230956,1
122.204603433609,1
122.20489525794984,1
122.2092306613922,1
122.2092638015747,1
122.20927476882936,1
122.2110357284546,1
122.24339890480042,1
122.24342894554138,1
122.2434902191162,1
122.24349856376648,1
122.2445147037506,1
122.244615316391,1
122.24470233917236,1
122.24568843841551,1
122.25091576576231,1
122.25092005729675,1
122.25093412399292,1
122.2509949207306,1
122.25101971626282,1
122.25105333328248,1
122.2555639743805,1
122.25580072402954,1
122.25582551956175,1
122.25602960586548,1
122.26739835739136,1
122.26742720603944,1
122.26751947402954,1
122.26931309700012,1
122.26983857154846,1
122.26985383033752,1
122.27927303314208,1
122.27955722808838,1
122.27976727485655,1
122.27984952926636,1
122.28268837928772,1
122.2828929424286,1
122.28336143493652,1
122.28428673744202,1
122.28441882133484,1
122.28933811187744,1
122.28933835029602,1
122.2894036769867,1
122.30160140991212,1
122.30164694786072,1
122.30261206626892,1
122.30425214767456,1
122.3097825050354,1
122.30981540679932,1
122.3098282814026,1
122.3312337398529,1
122.33145785331726,1
122.33157992362976,1
122.33159041404724,1
122.35085225105286,1
122.35087323188782,1
122.35128617286682,1
122.36290168762208,1
122.3629059791565,1
122.36896109580994,1
122.36897945404051,1
122.36902618408205,1
122.3690664768219,1
122.37005877494812,1
122.3700897693634,1
122.37095832824708,1
122.37097811698914,1
122.37099719047546,1
122.37136673927309,1
122.38850283622742,1
122.38951110839844,1
122.38953566551208,1
122.38954710960388,1
122.39284300804138,1
122.39429974555968,1
122.39431834220886,1
122.39434742927553,1
122.39532804489136,1
122.39578008651732,1
122.39579820632936,1
122.39664912223816,1
122.3966646194458,1
122.39774799346924,1
122.3977870941162,1
122.40789890289308,1
122.40915560722352,1
122.40918135643004,1
122.40935111045836,1
122.4096884727478,1
122.429354429245,1
122.42937803268433,1
122.42942428588869,1
122.43265223503111,1
122.44942712783812,1
122.44949173927309,1
122.44949412345886,1
122.46355748176576,1
122.46359705924988,1
122.46363186836244,1
122.46372032165527,1
122.4637496471405,1
122.46380376815796,1
122.46384978294373,1
122.46623420715332,1
122.48016142845154,1
122.48040080070496,1
122.48041224479675,1
122.4804232120514,1
122.48110389709473,1
122.48114323616028,1
122.481187582016,1
122.4860851764679,1
122.48610949516296,1
122.48611974716188,1
122.50585913658142,1
122.50588750839232,1
122.5062780380249,1
122.51117777824402,1
122.51120400428772,1
122.51125168800354,1
122.51128482818604,1
122.5127477645874,1
122.51275253295898,1
122.51277685165404,1
122.51278400421144,1
122.51475071907043,1
122.51478338241576,1
122.51479959487916,1
122.51514387130736,1
122.51888370513916,1
122.52902603149414,1
122.529052734375,1
122.52906513214111,1
122.5315158367157,1
122.53154015541077,1
122.53154850006104,1
122.5505027770996,1
122.55054068565369,1
122.55058240890504,1
